0.000000	26.766680	-34.149782	0.000000	
0.050000	26.773763	-34.160080	0.000000	
0.100000	26.780799	-34.170411	0.000000	
0.150000	26.787793	-34.180769	0.000000	
0.200000	26.794749	-34.191153	0.000000	
0.250000	26.801674	-34.201556	0.000000	
0.300000	26.808590	-34.211966	0.000000	
0.350000	26.815487	-34.222390	0.000000	
0.400000	26.822364	-34.232826	0.000000	
0.450000	26.829229	-34.243270	0.000000	
0.500000	26.836086	-34.253719	0.000000	
0.550000	26.849968	-34.274506	0.000000	
0.600000	26.863818	-34.295314	0.000000	
0.650000	26.877639	-34.316142	0.000000	
0.700000	26.891425	-34.336993	0.000000	
0.750000	26.905164	-34.357874	0.000000	
0.800000	26.918854	-34.378789	0.000000	
0.850000	26.932495	-34.399736	0.000000	
0.900000	26.946107	-34.420703	0.000000	
0.950000	26.959681	-34.441695	0.000000	
1.000000	26.973222	-34.462709	0.000000	
1.050000	26.986739	-34.483739	0.000000	
1.100000	27.000238	-34.504782	0.000000	
1.150000	27.013745	-34.525818	0.000000	
1.200000	27.027274	-34.546840	0.000000	
1.250000	27.040834	-34.567842	0.000000	
1.300000	27.054418	-34.588828	0.000000	
1.350000	27.068004	-34.609813	0.000000	
1.400000	27.081615	-34.630781	0.000000	
1.450000	27.095261	-34.651726	0.000000	
1.500000	27.108931	-34.672655	0.000000	
1.550000	27.122629	-34.693566	0.000000	
1.600000	27.136347	-34.714464	0.000000	
1.650000	27.150093	-34.735342	0.000000	
1.700000	27.163857	-34.756209	0.000000	
1.750000	27.177642	-34.777061	0.000000	
1.800000	27.191443	-34.797904	0.000000	
1.850000	27.205262	-34.818735	0.000000	
1.900000	27.219095	-34.839558	0.000000	
1.950000	27.232925	-34.860382	0.000000	
2.000000	27.246753	-34.881207	0.000000	
2.050000	27.260589	-34.902027	0.000000	
2.100000	27.274445	-34.922834	0.000000	
2.150000	27.288309	-34.943637	0.000000	
2.200000	27.302177	-34.964436	0.000000	
2.250000	27.316046	-34.985235	0.000000	
2.300000	27.329896	-35.006046	0.000000	
2.350000	27.343730	-35.026868	0.000000	
2.400000	27.357560	-35.047692	0.000000	
2.450000	27.371362	-35.068535	0.000000	
2.500000	27.385142	-35.089393	0.000000	
2.550000	27.398892	-35.110270	0.000000	
2.600000	27.412614	-35.131166	0.000000	
2.650000	27.426303	-35.152084	0.000000	
2.700000	27.439944	-35.173033	0.000000	
2.750000	27.453531	-35.194017	0.000000	
2.800000	27.467077	-35.215027	0.000000	
2.850000	27.480602	-35.236050	0.000000	
2.900000	27.494112	-35.257082	0.000000	
2.950000	27.507612	-35.278122	0.000000	
3.000000	27.521117	-35.299158	0.000000	
3.050000	27.534647	-35.320178	0.000000	
3.100000	27.548196	-35.341184	0.000000	
3.150000	27.561757	-35.362183	0.000000	
3.200000	27.575347	-35.383162	0.000000	
3.250000	27.588968	-35.404120	0.000000	
3.300000	27.602623	-35.425054	0.000000	
3.350000	27.616331	-35.445952	0.000000	
3.400000	27.630081	-35.466821	0.000000	
3.450000	27.643878	-35.487658	0.000000	
3.500000	27.657732	-35.508456	0.000000	
3.550000	27.671635	-35.529221	0.000000	
3.600000	27.685593	-35.549948	0.000000	
3.650000	27.699605	-35.570638	0.000000	
3.700000	27.713693	-35.591276	0.000000	
3.750000	27.727867	-35.611855	0.000000	
3.800000	27.742132	-35.632373	0.000000	
3.850000	27.756486	-35.652832	0.000000	
3.900000	27.770931	-35.673228	0.000000	
3.950000	27.785464	-35.693563	0.000000	
4.000000	27.800071	-35.713847	0.000000	
4.050000	27.814740	-35.734087	0.000000	
4.100000	27.829451	-35.754297	0.000000	
4.150000	27.844204	-35.774477	0.000000	
4.200000	27.859008	-35.794621	0.000000	
4.250000	27.873857	-35.814731	0.000000	
4.300000	27.888738	-35.834818	0.000000	
4.350000	27.903650	-35.854881	0.000000	
4.400000	27.918598	-35.874918	0.000000	
4.450000	27.933587	-35.894923	0.000000	
4.500000	27.948606	-35.914906	0.000000	
4.550000	27.963659	-35.934865	0.000000	
4.600000	27.978732	-35.954808	0.000000	
4.650000	27.993835	-35.974728	0.000000	
4.700000	28.008965	-35.994629	0.000000	
4.750000	28.024106	-36.014521	0.000000	
4.800000	28.039246	-36.034414	0.000000	
4.850000	28.054405	-36.054293	0.000000	
4.900000	28.069579	-36.074161	0.000000	
4.950000	28.084747	-36.094033	0.000000	
5.000000	28.099921	-36.113900	0.000000	
5.050000	28.115107	-36.133758	0.000000	
5.100000	28.130307	-36.153606	0.000000	
5.150000	28.145532	-36.173434	0.000000	
5.200000	28.160767	-36.193255	0.000000	
5.250000	28.176012	-36.213069	0.000000	
5.300000	28.191271	-36.232871	0.000000	
5.350000	28.206536	-36.252668	0.000000	
5.400000	28.221802	-36.272466	0.000000	
5.450000	28.237063	-36.292266	0.000000	
5.500000	28.252315	-36.312074	0.000000	
5.550000	28.267555	-36.331892	0.000000	
5.600000	28.282792	-36.351710	0.000000	
5.650000	28.298031	-36.371528	0.000000	
5.700000	28.313271	-36.391346	0.000000	
5.750000	28.328499	-36.411172	0.000000	
5.800000	28.343720	-36.431003	0.000000	
5.850000	28.358951	-36.450826	0.000000	
5.900000	28.374179	-36.470652	0.000000	
5.950000	28.389404	-36.490481	0.000000	
6.000000	28.404634	-36.510306	0.000000	
6.050000	28.419856	-36.530137	0.000000	
6.100000	28.435073	-36.549971	0.000000	
6.150000	28.450296	-36.569801	0.000000	
6.200000	28.465529	-36.589623	0.000000	
6.250000	28.480785	-36.609427	0.000000	
6.300000	28.496056	-36.629219	0.000000	
6.350000	28.511343	-36.648997	0.000000	
6.400000	28.526660	-36.668753	0.000000	
6.450000	28.542003	-36.688487	0.000000	
6.500000	28.557377	-36.708197	0.000000	
6.550000	28.572802	-36.727865	0.000000	
6.600000	28.588290	-36.747483	0.000000	
6.650000	28.603825	-36.767061	0.000000	
6.700000	28.619413	-36.786598	0.000000	
6.750000	28.635046	-36.806098	0.000000	
6.800000	28.650744	-36.825546	0.000000	
6.850000	28.666498	-36.844948	0.000000	
6.900000	28.682313	-36.864302	0.000000	
6.950000	28.698191	-36.883603	0.000000	
7.000000	28.714131	-36.902854	0.000000	
7.050000	28.730135	-36.922053	0.000000	
7.100000	28.746192	-36.941209	0.000000	
7.150000	28.762304	-36.960320	0.000000	
7.200000	28.778458	-36.979397	0.000000	
7.250000	28.794639	-36.998452	0.000000	
7.300000	28.810844	-37.017486	0.000000	
7.350000	28.827077	-37.036498	0.000000	
7.400000	28.843321	-37.055500	0.000000	
7.450000	28.859570	-37.074498	0.000000	
7.500000	28.875812	-37.093503	0.000000	
7.550000	28.892041	-37.112517	0.000000	
7.600000	28.908239	-37.131557	0.000000	
7.650000	28.924407	-37.150623	0.000000	
7.700000	28.940534	-37.169722	0.000000	
7.750000	28.956630	-37.188847	0.000000	
7.800000	28.972685	-37.208004	0.000000	
7.850000	28.988708	-37.227189	0.000000	
7.900000	29.004708	-37.246393	0.000000	
7.950000	29.020661	-37.265635	0.000000	
8.000000	29.036569	-37.284915	0.000000	
8.050000	29.052448	-37.304220	0.000000	
8.100000	29.068299	-37.323548	0.000000	
8.150000	29.084117	-37.342904	0.000000	
8.200000	29.099894	-37.362294	0.000000	
8.250000	29.115622	-37.381723	0.000000	
8.300000	29.131321	-37.401176	0.000000	
8.350000	29.146985	-37.420658	0.000000	
8.400000	29.162606	-37.440176	0.000000	
8.450000	29.178204	-37.459712	0.000000	
8.500000	29.193791	-37.479257	0.000000	
8.550000	29.209369	-37.498809	0.000000	
8.600000	29.224934	-37.518372	0.000000	
8.650000	29.240511	-37.537925	0.000000	
8.700000	29.256105	-37.557465	0.000000	
8.750000	29.271716	-37.576990	0.000000	
8.800000	29.287342	-37.596503	0.000000	
8.850000	29.302983	-37.616005	0.000000	
8.900000	29.318622	-37.635508	0.000000	
8.950000	29.334266	-37.655007	0.000000	
9.000000	29.349933	-37.674487	0.000000	
9.050000	29.365630	-37.693943	0.000000	
9.100000	29.381345	-37.713384	0.000000	
9.150000	29.397081	-37.732807	0.000000	
9.200000	29.412848	-37.752205	0.000000	
9.250000	29.428653	-37.771572	0.000000	
9.300000	29.444494	-37.790909	0.000000	
9.350000	29.460347	-37.810236	0.000000	
9.400000	29.476216	-37.829552	0.000000	
9.450000	29.492108	-37.848848	0.000000	
9.500000	29.508022	-37.868126	0.000000	
9.550000	29.523965	-37.887381	0.000000	
9.600000	29.539942	-37.906607	0.000000	
9.650000	29.555961	-37.925798	0.000000	
9.700000	29.572007	-37.944967	0.000000	
9.750000	29.588056	-37.964132	0.000000	
9.800000	29.604126	-37.983281	0.000000	
9.850000	29.620221	-38.002408	0.000000	
9.900000	29.636359	-38.021499	0.000000	
9.950000	29.652556	-38.040539	0.000000	
10.000000	29.668794	-38.059545	0.000000	
10.050000	29.685062	-38.078524	0.000000	
10.100000	29.701343	-38.097493	0.000000	
10.150000	29.717646	-38.116443	0.000000	
10.200000	29.733951	-38.135391	0.000000	
10.250000	29.750262	-38.154333	0.000000	
10.300000	29.766568	-38.173279	0.000000	
10.350000	29.782889	-38.192213	0.000000	
10.400000	29.799226	-38.211134	0.000000	
10.450000	29.815588	-38.230034	0.000000	
10.500000	29.831962	-38.248923	0.000000	
10.550000	29.848345	-38.267806	0.000000	
10.600000	29.864721	-38.286694	0.000000	
10.650000	29.881082	-38.305594	0.000000	
10.700000	29.897412	-38.324522	0.000000	
10.750000	29.913713	-38.343472	0.000000	
10.800000	29.930011	-38.362427	0.000000	
10.850000	29.946305	-38.381384	0.000000	
10.900000	29.962583	-38.400354	0.000000	
10.950000	29.978838	-38.419346	0.000000	
11.000000	29.995055	-38.438370	0.000000	
11.050000	30.011228	-38.457430	0.000000	
11.100000	30.027369	-38.476519	0.000000	
11.150000	30.043489	-38.495627	0.000000	
11.200000	30.059590	-38.514751	0.000000	
11.250000	30.075697	-38.533869	0.000000	
11.300000	30.091818	-38.552974	0.000000	
11.350000	30.107972	-38.572052	0.000000	
11.400000	30.124150	-38.591107	0.000000	
11.450000	30.140368	-38.610127	0.000000	
11.500000	30.156629	-38.629108	0.000000	
11.550000	30.172935	-38.648049	0.000000	
11.600000	30.189273	-38.666962	0.000000	
11.650000	30.205658	-38.685833	0.000000	
11.700000	30.222098	-38.704656	0.000000	
11.750000	30.238607	-38.723417	0.000000	
11.800000	30.255180	-38.742122	0.000000	
11.850000	30.271810	-38.760777	0.000000	
11.900000	30.288477	-38.779398	0.000000	
11.950000	30.305184	-38.797985	0.000000	
12.000000	30.321931	-38.816536	0.000000	
12.050000	30.338715	-38.835055	0.000000	
12.100000	30.355536	-38.853544	0.000000	
12.150000	30.372379	-38.872013	0.000000	
12.200000	30.389242	-38.890465	0.000000	
12.250000	30.406109	-38.908914	0.000000	
12.300000	30.422970	-38.927368	0.000000	
12.350000	30.439827	-38.945825	0.000000	
12.400000	30.456676	-38.964290	0.000000	
12.450000	30.473515	-38.982764	0.000000	
12.500000	30.490331	-39.001258	0.000000	
12.550000	30.507113	-39.019784	0.000000	
12.600000	30.523860	-39.038341	0.000000	
12.650000	30.540577	-39.056924	0.000000	
12.700000	30.557247	-39.075550	0.000000	
12.750000	30.573863	-39.094223	0.000000	
12.800000	30.590417	-39.112952	0.000000	
12.850000	30.606911	-39.131733	0.000000	
12.900000	30.623333	-39.150578	0.000000	
12.950000	30.639708	-39.169463	0.000000	
13.000000	30.656028	-39.188396	0.000000	
13.050000	30.672279	-39.207389	0.000000	
13.100000	30.688471	-39.226430	0.000000	
13.150000	30.704608	-39.245518	0.000000	
13.200000	30.720707	-39.264637	0.000000	
13.250000	30.736767	-39.283789	0.000000	
13.300000	30.752793	-39.302969	0.000000	
13.350000	30.768779	-39.322183	0.000000	
13.400000	30.784711	-39.341441	0.000000	
13.450000	30.800579	-39.360752	0.000000	
13.500000	30.816385	-39.380115	0.000000	
13.550000	30.832146	-39.399516	0.000000	
13.600000	30.847868	-39.418951	0.000000	
13.650000	30.863558	-39.438411	0.000000	
13.700000	30.879215	-39.457899	0.000000	
13.750000	30.894837	-39.477415	0.000000	
13.800000	30.910436	-39.496951	0.000000	
13.850000	30.926007	-39.516508	0.000000	
13.900000	30.941544	-39.536092	0.000000	
13.950000	30.957062	-39.555692	0.000000	
14.000000	30.972549	-39.575316	0.000000	
14.050000	30.988024	-39.594950	0.000000	
14.100000	31.003490	-39.614591	0.000000	
14.150000	31.018939	-39.634246	0.000000	
14.200000	31.034377	-39.653908	0.000000	
14.250000	31.049793	-39.673588	0.000000	
14.300000	31.065183	-39.693289	0.000000	
14.350000	31.080548	-39.713008	0.000000	
14.400000	31.095898	-39.732739	0.000000	
14.450000	31.111245	-39.752472	0.000000	
14.500000	31.126590	-39.772208	0.000000	
14.550000	31.141916	-39.791958	0.000000	
14.600000	31.157226	-39.811719	0.000000	
14.650000	31.172515	-39.831498	0.000000	
14.700000	31.187791	-39.851287	0.000000	
14.750000	31.203074	-39.871071	0.000000	
14.800000	31.218373	-39.890841	0.000000	
14.850000	31.233680	-39.910605	0.000000	
14.900000	31.248996	-39.930362	0.000000	
14.950000	31.264326	-39.950109	0.000000	
15.000000	31.279673	-39.969842	0.000000	
15.050000	31.295047	-39.989553	0.000000	
15.100000	31.310452	-40.009238	0.000000	
15.150000	31.325910	-40.028882	0.000000	
15.200000	31.341421	-40.048481	0.000000	
15.250000	31.356984	-40.068038	0.000000	
15.300000	31.372607	-40.087546	0.000000	
15.350000	31.388297	-40.107000	0.000000	
15.400000	31.404052	-40.126401	0.000000	
15.450000	31.419860	-40.145760	0.000000	
15.500000	31.435720	-40.165075	0.000000	
15.550000	31.451650	-40.184332	0.000000	
15.600000	31.467649	-40.203533	0.000000	
15.650000	31.483721	-40.222673	0.000000	
15.700000	31.499861	-40.241757	0.000000	
15.750000	31.516048	-40.260802	0.000000	
15.800000	31.532266	-40.279821	0.000000	
15.850000	31.548521	-40.298809	0.000000	
15.900000	31.564821	-40.317759	0.000000	
15.950000	31.581174	-40.336664	0.000000	
16.000000	31.597587	-40.355518	0.000000	
16.050000	31.614053	-40.374327	0.000000	
16.100000	31.630561	-40.393101	0.000000	
16.150000	31.647100	-40.411847	0.000000	
16.200000	31.663646	-40.430587	0.000000	
16.250000	31.680206	-40.449314	0.000000	
16.300000	31.696787	-40.468024	0.000000	
16.350000	31.713387	-40.486715	0.000000	
16.400000	31.729998	-40.505398	0.000000	
16.450000	31.746609	-40.524081	0.000000	
16.500000	31.763228	-40.542757	0.000000	
16.550000	31.779833	-40.561444	0.000000	
16.600000	31.796423	-40.580145	0.000000	
16.650000	31.812992	-40.598863	0.000000	
16.700000	31.829533	-40.617607	0.000000	
16.750000	31.846059	-40.636364	0.000000	
16.800000	31.862590	-40.655116	0.000000	
16.850000	31.879136	-40.673855	0.000000	
16.900000	31.895694	-40.692583	0.000000	
16.950000	31.912263	-40.711301	0.000000	
17.000000	31.928830	-40.730022	0.000000	
17.050000	31.945388	-40.748750	0.000000	
17.100000	31.961948	-40.767476	0.000000	
17.150000	31.978513	-40.786198	0.000000	
17.200000	31.995083	-40.804914	0.000000	
17.250000	32.011661	-40.823625	0.000000	
17.300000	32.028237	-40.842336	0.000000	
17.350000	32.044803	-40.861058	0.000000	
17.400000	32.061354	-40.879791	0.000000	
17.450000	32.077913	-40.898519	0.000000	
17.500000	32.094479	-40.917239	0.000000	
17.550000	32.111062	-40.935945	0.000000	
17.600000	32.127677	-40.954622	0.000000	
17.650000	32.144317	-40.973277	0.000000	
17.700000	32.160992	-40.991902	0.000000	
17.750000	32.177682	-41.010513	0.000000	
17.800000	32.194382	-41.029117	0.000000	
17.850000	32.211074	-41.047726	0.000000	
17.900000	32.227754	-41.066347	0.000000	
17.950000	32.244419	-41.084981	0.000000	
18.000000	32.261054	-41.103641	0.000000	
18.050000	32.277666	-41.122322	0.000000	
18.100000	32.294250	-41.141026	0.000000	
18.150000	32.310802	-41.159759	0.000000	
18.200000	32.327312	-41.178528	0.000000	
18.250000	32.343784	-41.197330	0.000000	
18.300000	32.360215	-41.216168	0.000000	
18.350000	32.376625	-41.235023	0.000000	
18.400000	32.393035	-41.253879	0.000000	
18.450000	32.409428	-41.272750	0.000000	
18.500000	32.425787	-41.291651	0.000000	
18.550000	32.442116	-41.310577	0.000000	
18.600000	32.458404	-41.329538	0.000000	
18.650000	32.474632	-41.348551	0.000000	
18.700000	32.490805	-41.367612	0.000000	
18.750000	32.506926	-41.386717	0.000000	
18.800000	32.523013	-41.405851	0.000000	
18.850000	32.539069	-41.425010	0.000000	
18.900000	32.555096	-41.444195	0.000000	
18.950000	32.571097	-41.463402	0.000000	
19.000000	32.587070	-41.482631	0.000000	
19.050000	32.603032	-41.501871	0.000000	
19.100000	32.619000	-41.521105	0.000000	
19.150000	32.634973	-41.540335	0.000000	
19.200000	32.650950	-41.559562	0.000000	
19.250000	32.666930	-41.578786	0.000000	
19.300000	32.682907	-41.598013	0.000000	
19.350000	32.698889	-41.617236	0.000000	
19.400000	32.714848	-41.636477	0.000000	
19.450000	32.730776	-41.655745	0.000000	
19.500000	32.746680	-41.675032	0.000000	
19.550000	32.762562	-41.694338	0.000000	
19.600000	32.778425	-41.713660	0.000000	
19.650000	32.794258	-41.733005	0.000000	
19.700000	32.810084	-41.752355	0.000000	
19.750000	32.825896	-41.771717	0.000000	
19.800000	32.841692	-41.791092	0.000000	
19.850000	32.857476	-41.810476	0.000000	
19.900000	32.873256	-41.829863	0.000000	
19.950000	32.889040	-41.849248	0.000000	
20.000000	32.904821	-41.868634	0.000000	
20.050000	32.920600	-41.888023	0.000000	
20.100000	32.936364	-41.907423	0.000000	
20.150000	32.952092	-41.926853	0.000000	
20.200000	32.967796	-41.946303	0.000000	
20.250000	32.983464	-41.965782	0.000000	
20.300000	32.999091	-41.985294	0.000000	
20.350000	33.014671	-42.004844	0.000000	
20.400000	33.030224	-42.024415	0.000000	
20.450000	33.045773	-42.043989	0.000000	
20.500000	33.061307	-42.063576	0.000000	
20.550000	33.076832	-42.083169	0.000000	
20.600000	33.092366	-42.102756	0.000000	
20.650000	33.107901	-42.122342	0.000000	
20.700000	33.123462	-42.141906	0.000000	
20.750000	33.139040	-42.161457	0.000000	
20.800000	33.154645	-42.180986	0.000000	
20.850000	33.170270	-42.200500	0.000000	
20.900000	33.185899	-42.220010	0.000000	
20.950000	33.201532	-42.239517	0.000000	
21.000000	33.217173	-42.259018	0.000000	
21.050000	33.232815	-42.278517	0.000000	
21.100000	33.248450	-42.298023	0.000000	
21.150000	33.264090	-42.317524	0.000000	
21.200000	33.279737	-42.337020	0.000000	
21.250000	33.295376	-42.356522	0.000000	
21.300000	33.311000	-42.376035	0.000000	
21.350000	33.326617	-42.395553	0.000000	
21.400000	33.342226	-42.415079	0.000000	
21.450000	33.357818	-42.434616	0.000000	
21.500000	33.373381	-42.454176	0.000000	
21.550000	33.388936	-42.473744	0.000000	
21.600000	33.404477	-42.493321	0.000000	
21.650000	33.420003	-42.512911	0.000000	
21.700000	33.435508	-42.532516	0.000000	
21.750000	33.450967	-42.552158	0.000000	
21.800000	33.466367	-42.571845	0.000000	
21.850000	33.481694	-42.591588	0.000000	
21.900000	33.496957	-42.611380	0.000000	
21.950000	33.512171	-42.631209	0.000000	
22.000000	33.527332	-42.651079	0.000000	
22.050000	33.542416	-42.671008	0.000000	
22.100000	33.557437	-42.690986	0.000000	
22.150000	33.572391	-42.711013	0.000000	
22.200000	33.587259	-42.731105	0.000000	
22.250000	33.602040	-42.751260	0.000000	
22.300000	33.616759	-42.771460	0.000000	
22.350000	33.631422	-42.791701	0.000000	
22.400000	33.646031	-42.811979	0.000000	
22.450000	33.660587	-42.832295	0.000000	
22.500000	33.675086	-42.852651	0.000000	
22.550000	33.689523	-42.873051	0.000000	
22.600000	33.703894	-42.893498	0.000000	
22.650000	33.718204	-42.913990	0.000000	
22.700000	33.732434	-42.934539	0.000000	
22.750000	33.746608	-42.955128	0.000000	
22.800000	33.760746	-42.975742	0.000000	
22.850000	33.774847	-42.996383	0.000000	
22.900000	33.788905	-43.017052	0.000000	
22.950000	33.802920	-43.037751	0.000000	
23.000000	33.816877	-43.058489	0.000000	
23.050000	33.830775	-43.079267	0.000000	
23.100000	33.844627	-43.100076	0.000000	
23.150000	33.858421	-43.120923	0.000000	
23.200000	33.872176	-43.141797	0.000000	
23.250000	33.885910	-43.162685	0.000000	
23.300000	33.899619	-43.183589	0.000000	
23.350000	33.913298	-43.204512	0.000000	
23.400000	33.926945	-43.225457	0.000000	
23.450000	33.940572	-43.246414	0.000000	
23.500000	33.954171	-43.267390	0.000000	
23.550000	33.967738	-43.288385	0.000000	
23.600000	33.981277	-43.309400	0.000000	
23.650000	33.994781	-43.330436	0.000000	
23.700000	34.008245	-43.351498	0.000000	
23.750000	34.021664	-43.372588	0.000000	
23.800000	34.035020	-43.393718	0.000000	
23.850000	34.048291	-43.414901	0.000000	
23.900000	34.061484	-43.436133	0.000000	
23.950000	34.074612	-43.457403	0.000000	
24.000000	34.087694	-43.478701	0.000000	
24.050000	34.100722	-43.500031	0.000000	
24.100000	34.113704	-43.521390	0.000000	
24.150000	34.126653	-43.542768	0.000000	
24.200000	34.139583	-43.564159	0.000000	
24.250000	34.152474	-43.585573	0.000000	
24.300000	34.165327	-43.607012	0.000000	
24.350000	34.178144	-43.628471	0.000000	
24.400000	34.190923	-43.649954	0.000000	
24.450000	34.203678	-43.671451	0.000000	
24.500000	34.216389	-43.692976	0.000000	
24.550000	34.229073	-43.714517	0.000000	
24.600000	34.241724	-43.736077	0.000000	
24.650000	34.254346	-43.757655	0.000000	
24.700000	34.266932	-43.779255	0.000000	
24.750000	34.279483	-43.800874	0.000000	
24.800000	34.292012	-43.822507	0.000000	
24.850000	34.304542	-43.844140	0.000000	
24.900000	34.317086	-43.865763	0.000000	
24.950000	34.329658	-43.887372	0.000000	
25.000000	34.342251	-43.908967	0.000000	
25.050000	34.354848	-43.930561	0.000000	
25.100000	34.367455	-43.952149	0.000000	
25.150000	34.380073	-43.973731	0.000000	
25.200000	34.392682	-43.995318	0.000000	
25.250000	34.405271	-44.016916	0.000000	
25.300000	34.417862	-44.038513	0.000000	
25.350000	34.430442	-44.060117	0.000000	
25.400000	34.443029	-44.081717	0.000000	
25.450000	34.455625	-44.103311	0.000000	
25.500000	34.468212	-44.124911	0.000000	
25.550000	34.480783	-44.146519	0.000000	
25.600000	34.493342	-44.168136	0.000000	
25.650000	34.505885	-44.189760	0.000000	
25.700000	34.518422	-44.211389	0.000000	
25.750000	34.530958	-44.233018	0.000000	
25.800000	34.543493	-44.254646	0.000000	
25.850000	34.556019	-44.276281	0.000000	
25.900000	34.568520	-44.297930	0.000000	
25.950000	34.580997	-44.319593	0.000000	
26.000000	34.593444	-44.341272	0.000000	
26.050000	34.605877	-44.362960	0.000000	
26.100000	34.618299	-44.384654	0.000000	
26.150000	34.630712	-44.406354	0.000000	
26.200000	34.643111	-44.428061	0.000000	
26.250000	34.655498	-44.449775	0.000000	
26.300000	34.667879	-44.471493	0.000000	
26.350000	34.680236	-44.493225	0.000000	
26.400000	34.692569	-44.514970	0.000000	
26.450000	34.704871	-44.536733	0.000000	
26.500000	34.717150	-44.558509	0.000000	
26.550000	34.729415	-44.580293	0.000000	
26.600000	34.741671	-44.602082	0.000000	
26.650000	34.753913	-44.623879	0.000000	
26.700000	34.766152	-44.645678	0.000000	
26.750000	34.778381	-44.667483	0.000000	
26.800000	34.790584	-44.689301	0.000000	
26.850000	34.802758	-44.711136	0.000000	
26.900000	34.814916	-44.732980	0.000000	
26.950000	34.827049	-44.754836	0.000000	
27.000000	34.839154	-44.776709	0.000000	
27.050000	34.851234	-44.798594	0.000000	
27.100000	34.863267	-44.820506	0.000000	
27.150000	34.875256	-44.842440	0.000000	
27.200000	34.887209	-44.864395	0.000000	
27.250000	34.899119	-44.886373	0.000000	
27.300000	34.910985	-44.908374	0.000000	
27.350000	34.922800	-44.930403	0.000000	
27.400000	34.934580	-44.952451	0.000000	
27.450000	34.946326	-44.974516	0.000000	
27.500000	34.958028	-44.996605	0.000000	
27.550000	34.969684	-45.018719	0.000000	
27.600000	34.981293	-45.040858	0.000000	
27.650000	34.992879	-45.063009	0.000000	
27.700000	35.004458	-45.085163	0.000000	
27.750000	35.016021	-45.107327	0.000000	
27.800000	35.027569	-45.129499	0.000000	
27.850000	35.039115	-45.151671	0.000000	
27.900000	35.050659	-45.173845	0.000000	
27.950000	35.062194	-45.196024	0.000000	
28.000000	35.073739	-45.218197	0.000000	
28.050000	35.085296	-45.240364	0.000000	
28.100000	35.096859	-45.262528	0.000000	
28.150000	35.108438	-45.284683	0.000000	
28.200000	35.120024	-45.306835	0.000000	
28.250000	35.131607	-45.328988	0.000000	
28.300000	35.143194	-45.351140	0.000000	
28.350000	35.154787	-45.373288	0.000000	
28.400000	35.166409	-45.395421	0.000000	
28.450000	35.178033	-45.417553	0.000000	
28.500000	35.189636	-45.439695	0.000000	
28.550000	35.201178	-45.461866	0.000000	
28.600000	35.212570	-45.484101	0.000000	
28.650000	35.223724	-45.506426	0.000000	
28.700000	35.234522	-45.528871	0.000000	
28.750000	35.244799	-45.551458	0.000000	
28.800000	35.254407	-45.574180	0.000000	
28.850000	35.263190	-45.597014	0.000000	
28.900000	35.270995	-45.619914	0.000000	
28.950000	35.277666	-45.642807	0.000000	
29.000000	35.283075	-45.665603	0.000000	
29.050000	35.287091	-45.688202	0.000000	
29.100000	35.289622	-45.710510	0.000000	
29.150000	35.290594	-45.732413	0.000000	
29.200000	35.289943	-45.753796	0.000000	
29.250000	35.287629	-45.774541	0.000000	
29.300000	35.283615	-45.794539	0.000000	
29.350000	35.277882	-45.813712	0.000000	
29.400000	35.270417	-45.831976	0.000000	
29.450000	35.261198	-45.849254	0.000000	
29.500000	35.250241	-45.865474	0.000000	
29.550000	35.237577	-45.880564	0.000000	
29.600000	35.223260	-45.894450	0.000000	
29.650000	35.207369	-45.907060	0.000000	
29.700000	35.190004	-45.918321	0.000000	
29.750000	35.171273	-45.928190	0.000000	
29.800000	35.151330	-45.936626	0.000000	
29.850000	35.130332	-45.943629	0.000000	
29.900000	35.108436	-45.949205	0.000000	
29.950000	35.085797	-45.953398	0.000000	
30.000000	35.062568	-45.956286	0.000000	
30.050000	35.038887	-45.957960	0.000000	
30.100000	35.014871	-45.958535	0.000000	
30.150000	34.990610	-45.958111	0.000000	
30.200000	34.966186	-45.956781	0.000000	
30.250000	34.941662	-45.954675	0.000000	
30.300000	34.917084	-45.951922	0.000000	
30.350000	34.892488	-45.948632	0.000000	
30.400000	34.867889	-45.944897	0.000000	
30.450000	34.843300	-45.940802	0.000000	
30.500000	34.818727	-45.936440	0.000000	
30.550000	34.794172	-45.931876	0.000000	
30.600000	34.769635	-45.927154	0.000000	
30.650000	34.745114	-45.922319	0.000000	
30.700000	34.720602	-45.917424	0.000000	
30.750000	34.696092	-45.912522	0.000000	
30.800000	34.671577	-45.907645	0.000000	
30.850000	34.647052	-45.902823	0.000000	
30.900000	34.622515	-45.898070	0.000000	
30.950000	34.597962	-45.893393	0.000000	
31.000000	34.573396	-45.888783	0.000000	
31.050000	34.548817	-45.884244	0.000000	
31.100000	34.524225	-45.879766	0.000000	
31.150000	34.499625	-45.875336	0.000000	
31.200000	34.475016	-45.870950	0.000000	
31.250000	34.450395	-45.866626	0.000000	
31.300000	34.425763	-45.862360	0.000000	
31.350000	34.401122	-45.858149	0.000000	
31.400000	34.376470	-45.854009	0.000000	
31.450000	34.351809	-45.849916	0.000000	
31.500000	34.327142	-45.845866	0.000000	
31.550000	34.302468	-45.841857	0.000000	
31.600000	34.277789	-45.837877	0.000000	
31.650000	34.253105	-45.833932	0.000000	
31.700000	34.228415	-45.830022	0.000000	
31.750000	34.203720	-45.826135	0.000000	
31.800000	34.179023	-45.822265	0.000000	
31.850000	34.154322	-45.818416	0.000000	
31.900000	34.129618	-45.814590	0.000000	
31.950000	34.104913	-45.810775	0.000000	
32.000000	34.080204	-45.806982	0.000000	
32.050000	34.055491	-45.803209	0.000000	
32.100000	34.030780	-45.799435	0.000000	
32.150000	34.006065	-45.795673	0.000000	
32.200000	33.981351	-45.791912	0.000000	
32.250000	33.956635	-45.788164	0.000000	
32.300000	33.931919	-45.784414	0.000000	
32.350000	33.907203	-45.780668	0.000000	
32.400000	33.882488	-45.776911	0.000000	
32.450000	33.857780	-45.773109	0.000000	
32.500000	33.833080	-45.769257	0.000000	
32.550000	33.808388	-45.765355	0.000000	
32.600000	33.783704	-45.761405	0.000000	
32.650000	33.759028	-45.757408	0.000000	
32.700000	33.734357	-45.753383	0.000000	
32.750000	33.709687	-45.749353	0.000000	
32.800000	33.685016	-45.745327	0.000000	
32.850000	33.660342	-45.741314	0.000000	
32.900000	33.635671	-45.737293	0.000000	
32.950000	33.611001	-45.733259	0.000000	
33.000000	33.586333	-45.729208	0.000000	
33.050000	33.561667	-45.725146	0.000000	
33.100000	33.536999	-45.721099	0.000000	
33.150000	33.512329	-45.717064	0.000000	
33.200000	33.487660	-45.713027	0.000000	
33.250000	33.462990	-45.708993	0.000000	
33.300000	33.438320	-45.704959	0.000000	
33.350000	33.413649	-45.700930	0.000000	
33.400000	33.388978	-45.696900	0.000000	
33.450000	33.364306	-45.692873	0.000000	
33.500000	33.339632	-45.688867	0.000000	
33.550000	33.314952	-45.684891	0.000000	
33.600000	33.290269	-45.680934	0.000000	
33.650000	33.265582	-45.676995	0.000000	
33.700000	33.240893	-45.673071	0.000000	
33.750000	33.216201	-45.669162	0.000000	
33.800000	33.191512	-45.665240	0.000000	
33.850000	33.166823	-45.661315	0.000000	
33.900000	33.142137	-45.657366	0.000000	
33.950000	33.117457	-45.653387	0.000000	
34.000000	33.092782	-45.649378	0.000000	
34.050000	33.068109	-45.645353	0.000000	
34.100000	33.043443	-45.641285	0.000000	
34.150000	33.018785	-45.637173	0.000000	
34.200000	32.994136	-45.633011	0.000000	
34.250000	32.969493	-45.628809	0.000000	
34.300000	32.944858	-45.624566	0.000000	
34.350000	32.920229	-45.620288	0.000000	
34.400000	32.895603	-45.615988	0.000000	
34.450000	32.870984	-45.611654	0.000000	
34.500000	32.846372	-45.607277	0.000000	
34.550000	32.821768	-45.602857	0.000000	
34.600000	32.797170	-45.598395	0.000000	
34.650000	32.772577	-45.593911	0.000000	
34.700000	32.747988	-45.589405	0.000000	
34.750000	32.723403	-45.584876	0.000000	
34.800000	32.698824	-45.580316	0.000000	
34.850000	32.674250	-45.575727	0.000000	
34.900000	32.649684	-45.571096	0.000000	
34.950000	32.625122	-45.566438	0.000000	
35.000000	32.600563	-45.561765	0.000000	
35.050000	32.576011	-45.557059	0.000000	
35.100000	32.551463	-45.552328	0.000000	
35.150000	32.526918	-45.547582	0.000000	
35.200000	32.502377	-45.542816	0.000000	
35.250000	32.477835	-45.538056	0.000000	
35.300000	32.453290	-45.533307	0.000000	
35.350000	32.428743	-45.528571	0.000000	
35.400000	32.404195	-45.523842	0.000000	
35.450000	32.379646	-45.519116	0.000000	
35.500000	32.355098	-45.514387	0.000000	
35.550000	32.330550	-45.509660	0.000000	
35.600000	32.306000	-45.504938	0.000000	
35.650000	32.281449	-45.500223	0.000000	
35.700000	32.256900	-45.495497	0.000000	
35.750000	32.232353	-45.490765	0.000000	
35.800000	32.207808	-45.486019	0.000000	
35.850000	32.183265	-45.481265	0.000000	
35.900000	32.158725	-45.476497	0.000000	
35.950000	32.134189	-45.471705	0.000000	
36.000000	32.109662	-45.466874	0.000000	
36.050000	32.085145	-45.461995	0.000000	
36.100000	32.060631	-45.457103	0.000000	
36.150000	32.036120	-45.452194	0.000000	
36.200000	32.011615	-45.447257	0.000000	
36.250000	31.987119	-45.442283	0.000000	
36.300000	31.962633	-45.437258	0.000000	
36.350000	31.938155	-45.432190	0.000000	
36.400000	31.913687	-45.427080	0.000000	
36.450000	31.889229	-45.421919	0.000000	
36.500000	31.864784	-45.416696	0.000000	
36.550000	31.840353	-45.411408	0.000000	
36.600000	31.815933	-45.406071	0.000000	
36.650000	31.791523	-45.400685	0.000000	
36.700000	31.767124	-45.395246	0.000000	
36.750000	31.742734	-45.389767	0.000000	
36.800000	31.718354	-45.384237	0.000000	
36.850000	31.693986	-45.378660	0.000000	
36.900000	31.669630	-45.373028	0.000000	
36.950000	31.645280	-45.367369	0.000000	
37.000000	31.620938	-45.361674	0.000000	
37.050000	31.596600	-45.355967	0.000000	
37.100000	31.572258	-45.350274	0.000000	
37.150000	31.547917	-45.344574	0.000000	
37.200000	31.523583	-45.338847	0.000000	
37.250000	31.499252	-45.333105	0.000000	
37.300000	31.474920	-45.327371	0.000000	
37.350000	31.450585	-45.321644	0.000000	
37.400000	31.426250	-45.315921	0.000000	
37.450000	31.401912	-45.310212	0.000000	
37.500000	31.377573	-45.304507	0.000000	
37.550000	31.353231	-45.298813	0.000000	
37.600000	31.328884	-45.293141	0.000000	
37.650000	31.304532	-45.287490	0.000000	
37.700000	31.280176	-45.281856	0.000000	
37.750000	31.255814	-45.276251	0.000000	
37.800000	31.231443	-45.270688	0.000000	
37.850000	31.207061	-45.265177	0.000000	
37.900000	31.182667	-45.259716	0.000000	
37.950000	31.158262	-45.254307	0.000000	
38.000000	31.133847	-45.248941	0.000000	
38.050000	31.109419	-45.243635	0.000000	
38.100000	31.084983	-45.238362	0.000000	
38.150000	31.060544	-45.233108	0.000000	
38.200000	31.036100	-45.227874	0.000000	
38.250000	31.011651	-45.222661	0.000000	
38.300000	30.987198	-45.217467	0.000000	
38.350000	30.962743	-45.212281	0.000000	
38.400000	30.938286	-45.207103	0.000000	
38.450000	30.913835	-45.201900	0.000000	
38.500000	30.889390	-45.196671	0.000000	
38.550000	30.864946	-45.191437	0.000000	
38.600000	30.840503	-45.186202	0.000000	
38.650000	30.816063	-45.180951	0.000000	
38.700000	30.791628	-45.175678	0.000000	
38.750000	30.767199	-45.170376	0.000000	
38.800000	30.742778	-45.165045	0.000000	
38.850000	30.718364	-45.159676	0.000000	
38.900000	30.693956	-45.154280	0.000000	
38.950000	30.669551	-45.148870	0.000000	
39.000000	30.645150	-45.143440	0.000000	
39.050000	30.620754	-45.137984	0.000000	
39.100000	30.596362	-45.132511	0.000000	
39.150000	30.571968	-45.127050	0.000000	
39.200000	30.547574	-45.121585	0.000000	
39.250000	30.523183	-45.116110	0.000000	
39.300000	30.498789	-45.110643	0.000000	
39.350000	30.474393	-45.105194	0.000000	
39.400000	30.449992	-45.099762	0.000000	
39.450000	30.425588	-45.094346	0.000000	
39.500000	30.401174	-45.088977	0.000000	
39.550000	30.376746	-45.083670	0.000000	
39.600000	30.352305	-45.078432	0.000000	
39.650000	30.327849	-45.073268	0.000000	
39.700000	30.303375	-45.068197	0.000000	
39.750000	30.278883	-45.063218	0.000000	
39.800000	30.254369	-45.058354	0.000000	
39.850000	30.229833	-45.053609	0.000000	
39.900000	30.205276	-45.048984	0.000000	
39.950000	30.180700	-45.044473	0.000000	
40.000000	30.156106	-45.040065	0.000000	
40.050000	30.131492	-45.035779	0.000000	
40.100000	30.106859	-45.031600	0.000000	
40.150000	30.082209	-45.027517	0.000000	
40.200000	30.057545	-45.023532	0.000000	
40.250000	30.032861	-45.019670	0.000000	
40.300000	30.008156	-45.015956	0.000000	
40.350000	29.983429	-45.012380	0.000000	
40.400000	29.958682	-45.008955	0.000000	
40.450000	29.933914	-45.005679	0.000000	
40.500000	29.909126	-45.002545	0.000000	
40.550000	29.884319	-44.999543	0.000000	
40.600000	29.859496	-44.996666	0.000000	
40.650000	29.834660	-44.993889	0.000000	
40.700000	29.809813	-44.991197	0.000000	
40.750000	29.784957	-44.988584	0.000000	
40.800000	29.760091	-44.986053	0.000000	
40.850000	29.735217	-44.983609	0.000000	
40.900000	29.710334	-44.981249	0.000000	
40.950000	29.685443	-44.978976	0.000000	
41.000000	29.660546	-44.976780	0.000000	
41.050000	29.635642	-44.974652	0.000000	
41.100000	29.610734	-44.972570	0.000000	
41.150000	29.585820	-44.970544	0.000000	
41.200000	29.560900	-44.968570	0.000000	
41.250000	29.535978	-44.966629	0.000000	
41.300000	29.511054	-44.964696	0.000000	
41.350000	29.486132	-44.962748	0.000000	
41.400000	29.461213	-44.960768	0.000000	
41.450000	29.436298	-44.958749	0.000000	
41.500000	29.411385	-44.956700	0.000000	
41.550000	29.386475	-44.954633	0.000000	
41.600000	29.361568	-44.952525	0.000000	
41.650000	29.336664	-44.950378	0.000000	
41.700000	29.311763	-44.948207	0.000000	
41.750000	29.286865	-44.946005	0.000000	
41.800000	29.261971	-44.943771	0.000000	
41.850000	29.237080	-44.941495	0.000000	
41.900000	29.212194	-44.939173	0.000000	
41.950000	29.187314	-44.936782	0.000000	
42.000000	29.162442	-44.934303	0.000000	
42.050000	29.137579	-44.931724	0.000000	
42.100000	29.112725	-44.929058	0.000000	
42.150000	29.087880	-44.926310	0.000000	
42.200000	29.063046	-44.923470	0.000000	
42.250000	29.038221	-44.920555	0.000000	
42.300000	29.013405	-44.917567	0.000000	
42.350000	28.988595	-44.914522	0.000000	
42.400000	28.963791	-44.911429	0.000000	
42.450000	28.938991	-44.908300	0.000000	
42.500000	28.914197	-44.905132	0.000000	
42.550000	28.889409	-44.901905	0.000000	
42.600000	28.864631	-44.898610	0.000000	
42.650000	28.839861	-44.895257	0.000000	
42.700000	28.815100	-44.891841	0.000000	
42.750000	28.790348	-44.888352	0.000000	
42.800000	28.765605	-44.884803	0.000000	
42.850000	28.740869	-44.881205	0.000000	
42.900000	28.716139	-44.877558	0.000000	
42.950000	28.691421	-44.873830	0.000000	
43.000000	28.666712	-44.870039	0.000000	
43.050000	28.642009	-44.866204	0.000000	
43.100000	28.617315	-44.862320	0.000000	
43.150000	28.592628	-44.858384	0.000000	
43.200000	28.567952	-44.854392	0.000000	
43.250000	28.543283	-44.850353	0.000000	
43.300000	28.518623	-44.846266	0.000000	
43.350000	28.493973	-44.842124	0.000000	
43.400000	28.469335	-44.837906	0.000000	
43.450000	28.444708	-44.833630	0.000000	
43.500000	28.420087	-44.829313	0.000000	
43.550000	28.395472	-44.824954	0.000000	
43.600000	28.370862	-44.820571	0.000000	
43.650000	28.346256	-44.816161	0.000000	
43.700000	28.321657	-44.811716	0.000000	
43.750000	28.297064	-44.807236	0.000000	
43.800000	28.272477	-44.802720	0.000000	
43.850000	28.247895	-44.798178	0.000000	
43.900000	28.223319	-44.793603	0.000000	
43.950000	28.198750	-44.788992	0.000000	
44.000000	28.174184	-44.784358	0.000000	
44.050000	28.149624	-44.779693	0.000000	
44.100000	28.125070	-44.774998	0.000000	
44.150000	28.100521	-44.770273	0.000000	
44.200000	28.075974	-44.765543	0.000000	
44.250000	28.051426	-44.760816	0.000000	
44.300000	28.026875	-44.756105	0.000000	
44.350000	28.002320	-44.751412	0.000000	
44.400000	27.977763	-44.746732	0.000000	
44.450000	27.953200	-44.742082	0.000000	
44.500000	27.928633	-44.737454	0.000000	
44.550000	27.904064	-44.732839	0.000000	
44.600000	27.879494	-44.728226	0.000000	
44.650000	27.854928	-44.723594	0.000000	
44.700000	27.830361	-44.718969	0.000000	
44.750000	27.805792	-44.714350	0.000000	
44.800000	27.781221	-44.709743	0.000000	
44.850000	27.756647	-44.705153	0.000000	
44.900000	27.732069	-44.700583	0.000000	
44.950000	27.707489	-44.696028	0.000000	
45.000000	27.682906	-44.691484	0.000000	
45.050000	27.658321	-44.686954	0.000000	
45.100000	27.633733	-44.682437	0.000000	
45.150000	27.609143	-44.677935	0.000000	
45.200000	27.584548	-44.673458	0.000000	
45.250000	27.559949	-44.668997	0.000000	
45.300000	27.535346	-44.664564	0.000000	
45.350000	27.510738	-44.660158	0.000000	
45.400000	27.486126	-44.655773	0.000000	
45.450000	27.461508	-44.651428	0.000000	
45.500000	27.436883	-44.647124	0.000000	
45.550000	27.412252	-44.642862	0.000000	
45.600000	27.387613	-44.638651	0.000000	
45.650000	27.362963	-44.634511	0.000000	
45.700000	27.338300	-44.630463	0.000000	
45.750000	27.313625	-44.626503	0.000000	
45.800000	27.288934	-44.622659	0.000000	
45.850000	27.264228	-44.618915	0.000000	
45.900000	27.239508	-44.615272	0.000000	
45.950000	27.214776	-44.611721	0.000000	
46.000000	27.190030	-44.608280	0.000000	
46.050000	27.165269	-44.604953	0.000000	
46.100000	27.140493	-44.601728	0.000000	
46.150000	27.115701	-44.598626	0.000000	
46.200000	27.090893	-44.595653	0.000000	
46.250000	27.066070	-44.592799	0.000000	
46.300000	27.041232	-44.590051	0.000000	
46.350000	27.016382	-44.587406	0.000000	
46.400000	26.991519	-44.584869	0.000000	
46.450000	26.966645	-44.582435	0.000000	
46.500000	26.941759	-44.580112	0.000000	
46.550000	26.916863	-44.577889	0.000000	
46.600000	26.891957	-44.575772	0.000000	
46.650000	26.867043	-44.573749	0.000000	
46.700000	26.842123	-44.571799	0.000000	
46.750000	26.817199	-44.569908	0.000000	
46.800000	26.792269	-44.568074	0.000000	
46.850000	26.767336	-44.566295	0.000000	
46.900000	26.742399	-44.564587	0.000000	
46.950000	26.717457	-44.562927	0.000000	
47.000000	26.692512	-44.561325	0.000000	
47.050000	26.667564	-44.559762	0.000000	
47.100000	26.642613	-44.558240	0.000000	
47.150000	26.617659	-44.556761	0.000000	
47.200000	26.592704	-44.555305	0.000000	
47.250000	26.567749	-44.553840	0.000000	
47.300000	26.542795	-44.552361	0.000000	
47.350000	26.517844	-44.550856	0.000000	
47.400000	26.492895	-44.549324	0.000000	
47.450000	26.467949	-44.547760	0.000000	
47.500000	26.443004	-44.546171	0.000000	
47.550000	26.418063	-44.544548	0.000000	
47.600000	26.393124	-44.542882	0.000000	
47.650000	26.368189	-44.541168	0.000000	
47.700000	26.343258	-44.539398	0.000000	
47.750000	26.318330	-44.537576	0.000000	
47.800000	26.293407	-44.535698	0.000000	
47.850000	26.268490	-44.533753	0.000000	
47.900000	26.243579	-44.531730	0.000000	
47.950000	26.218672	-44.529640	0.000000	
48.000000	26.193768	-44.527510	0.000000	
48.050000	26.168866	-44.525342	0.000000	
48.100000	26.143967	-44.523135	0.000000	
48.150000	26.119070	-44.520892	0.000000	
48.200000	26.094175	-44.518623	0.000000	
48.250000	26.069281	-44.516334	0.000000	
48.300000	26.044389	-44.514027	0.000000	
48.350000	26.019497	-44.511723	0.000000	
48.400000	25.994602	-44.509448	0.000000	
48.450000	25.969704	-44.507204	0.000000	
48.500000	25.944804	-44.504981	0.000000	
48.550000	25.919905	-44.502756	0.000000	
48.600000	25.895007	-44.500511	0.000000	
48.650000	25.870109	-44.498267	0.000000	
48.700000	25.845212	-44.496020	0.000000	
48.750000	25.820313	-44.493785	0.000000	
48.800000	25.795413	-44.491571	0.000000	
48.850000	25.770510	-44.489380	0.000000	
48.900000	25.745606	-44.487203	0.000000	
48.950000	25.720699	-44.485055	0.000000	
49.000000	25.695790	-44.482933	0.000000	
49.050000	25.670881	-44.480818	0.000000	
49.100000	25.645971	-44.478700	0.000000	
49.150000	25.621063	-44.476569	0.000000	
49.200000	25.596156	-44.474422	0.000000	
49.250000	25.571250	-44.472259	0.000000	
49.300000	25.546345	-44.470086	0.000000	
49.350000	25.521439	-44.467932	0.000000	
49.400000	25.496532	-44.465791	0.000000	
49.450000	25.471622	-44.463675	0.000000	
49.500000	25.446711	-44.461590	0.000000	
49.550000	25.421798	-44.459541	0.000000	
49.600000	25.396881	-44.457539	0.000000	
49.650000	25.371959	-44.455605	0.000000	
49.700000	25.347034	-44.453720	0.000000	
49.750000	25.322106	-44.451862	0.000000	
49.800000	25.297177	-44.450025	0.000000	
49.850000	25.272248	-44.448197	0.000000	
49.900000	25.247315	-44.446405	0.000000	
49.950000	25.222379	-44.444657	0.000000	
50.000000	25.197442	-44.442932	0.000000	
50.050000	25.172505	-44.441203	0.000000	
50.100000	25.147566	-44.439487	0.000000	
50.150000	25.122627	-44.437783	0.000000	
50.200000	25.097686	-44.436109	0.000000	
50.250000	25.072743	-44.434454	0.000000	
50.300000	25.047798	-44.432818	0.000000	
50.350000	25.022852	-44.431195	0.000000	
50.400000	24.997908	-44.429556	0.000000	
50.450000	24.972965	-44.427896	0.000000	
50.500000	24.948027	-44.426185	0.000000	
50.550000	24.923094	-44.424403	0.000000	
50.600000	24.898168	-44.422543	0.000000	
50.650000	24.873246	-44.420624	0.000000	
50.700000	24.848327	-44.418654	0.000000	
50.750000	24.823410	-44.416662	0.000000	
50.800000	24.798493	-44.414672	0.000000	
50.850000	24.773575	-44.412686	0.000000	
50.900000	24.748656	-44.410714	0.000000	
50.950000	24.723739	-44.408722	0.000000	
51.000000	24.698823	-44.406721	0.000000	
51.050000	24.673907	-44.404706	0.000000	
51.100000	24.648992	-44.402677	0.000000	
51.150000	24.624079	-44.400631	0.000000	
51.200000	24.599167	-44.398573	0.000000	
51.250000	24.574256	-44.396499	0.000000	
51.300000	24.549346	-44.394413	0.000000	
51.350000	24.524436	-44.392327	0.000000	
51.400000	24.499526	-44.390243	0.000000	
51.450000	24.474613	-44.388185	0.000000	
51.500000	24.449699	-44.386148	0.000000	
51.550000	24.424783	-44.384128	0.000000	
51.600000	24.399864	-44.382143	0.000000	
51.650000	24.374942	-44.380185	0.000000	
51.700000	24.350018	-44.378253	0.000000	
51.750000	24.325093	-44.376332	0.000000	
51.800000	24.300168	-44.374405	0.000000	
51.850000	24.275245	-44.372456	0.000000	
51.900000	24.250323	-44.370492	0.000000	
51.950000	24.225402	-44.368523	0.000000	
52.000000	24.200480	-44.366559	0.000000	
52.050000	24.175557	-44.364597	0.000000	
52.100000	24.150634	-44.362654	0.000000	
52.150000	24.125707	-44.360763	0.000000	
52.200000	24.100778	-44.358903	0.000000	
52.250000	24.075846	-44.357084	0.000000	
52.300000	24.050912	-44.355294	0.000000	
52.350000	24.025975	-44.353551	0.000000	
52.400000	24.001036	-44.351843	0.000000	
52.450000	23.976094	-44.350180	0.000000	
52.500000	23.951151	-44.348534	0.000000	
52.550000	23.926208	-44.346902	0.000000	
52.600000	23.901262	-44.345290	0.000000	
52.650000	23.876315	-44.343701	0.000000	
52.700000	23.851366	-44.342132	0.000000	
52.750000	23.826417	-44.340566	0.000000	
52.800000	23.801467	-44.339019	0.000000	
52.850000	23.776515	-44.337495	0.000000	
52.900000	23.751561	-44.336000	0.000000	
52.950000	23.726607	-44.334516	0.000000	
53.000000	23.701653	-44.333014	0.000000	
53.050000	23.676701	-44.331493	0.000000	
53.100000	23.651751	-44.329945	0.000000	
53.150000	23.626803	-44.328378	0.000000	
53.200000	23.601857	-44.326767	0.000000	
53.250000	23.576913	-44.325131	0.000000	
53.300000	23.551970	-44.323467	0.000000	
53.350000	23.527029	-44.321790	0.000000	
53.400000	23.502088	-44.320097	0.000000	
53.450000	23.477149	-44.318377	0.000000	
53.500000	23.452213	-44.316605	0.000000	
53.550000	23.427281	-44.314781	0.000000	
53.600000	23.402353	-44.312906	0.000000	
53.650000	23.377430	-44.310983	0.000000	
53.700000	23.352511	-44.309009	0.000000	
53.750000	23.327597	-44.306984	0.000000	
53.800000	23.302687	-44.304916	0.000000	
53.850000	23.277783	-44.302783	0.000000	
53.900000	23.252884	-44.300588	0.000000	
53.950000	23.227989	-44.298350	0.000000	
54.000000	23.203097	-44.296074	0.000000	
54.050000	23.178207	-44.293767	0.000000	
54.100000	23.153318	-44.291454	0.000000	
54.150000	23.128430	-44.289130	0.000000	
54.200000	23.103543	-44.286790	0.000000	
54.250000	23.078659	-44.284429	0.000000	
54.300000	23.053775	-44.282051	0.000000	
54.350000	23.028894	-44.279654	0.000000	
54.400000	23.004013	-44.277235	0.000000	
54.450000	22.979135	-44.274796	0.000000	
54.500000	22.954256	-44.272352	0.000000	
54.550000	22.929378	-44.269906	0.000000	
54.600000	22.904499	-44.267477	0.000000	
54.650000	22.879615	-44.265088	0.000000	
54.700000	22.854726	-44.262763	0.000000	
54.750000	22.829833	-44.260493	0.000000	
54.800000	22.804932	-44.258306	0.000000	
54.850000	22.780027	-44.256184	0.000000	
54.900000	22.755114	-44.254142	0.000000	
54.950000	22.730195	-44.252189	0.000000	
55.000000	22.705271	-44.250317	0.000000	
55.050000	22.680342	-44.248537	0.000000	
55.100000	22.655406	-44.246861	0.000000	
55.150000	22.630466	-44.245265	0.000000	
55.200000	22.605520	-44.243774	0.000000	
55.250000	22.580570	-44.242369	0.000000	
55.300000	22.555613	-44.241064	0.000000	
55.350000	22.530652	-44.239845	0.000000	
55.400000	22.505687	-44.238684	0.000000	
55.450000	22.480718	-44.237595	0.000000	
55.500000	22.455746	-44.236569	0.000000	
55.550000	22.430772	-44.235594	0.000000	
55.600000	22.405793	-44.234679	0.000000	
55.650000	22.380811	-44.233822	0.000000	
55.700000	22.355827	-44.233005	0.000000	
55.750000	22.330842	-44.232211	0.000000	
55.800000	22.305856	-44.231435	0.000000	
55.850000	22.280871	-44.230643	0.000000	
55.900000	22.255885	-44.229863	0.000000	
55.950000	22.230899	-44.229076	0.000000	
56.000000	22.205915	-44.228260	0.000000	
56.050000	22.180932	-44.227416	0.000000	
56.100000	22.155951	-44.226524	0.000000	
56.150000	22.130972	-44.225584	0.000000	
56.200000	22.105995	-44.224598	0.000000	
56.250000	22.081019	-44.223555	0.000000	
56.300000	22.056046	-44.222451	0.000000	
56.350000	22.031077	-44.221272	0.000000	
56.400000	22.006113	-44.220006	0.000000	
56.450000	21.981152	-44.218685	0.000000	
56.500000	21.956194	-44.217312	0.000000	
56.550000	21.931237	-44.215890	0.000000	
56.600000	21.906283	-44.214437	0.000000	
56.650000	21.881330	-44.212941	0.000000	
56.700000	21.856379	-44.211412	0.000000	
56.750000	21.831430	-44.209850	0.000000	
56.800000	21.806482	-44.208265	0.000000	
56.850000	21.781535	-44.206656	0.000000	
56.900000	21.756589	-44.205042	0.000000	
56.950000	21.731643	-44.203409	0.000000	
57.000000	21.706699	-44.201755	0.000000	
57.050000	21.681755	-44.200104	0.000000	
57.100000	21.656811	-44.198451	0.000000	
57.150000	21.631866	-44.196813	0.000000	
57.200000	21.606920	-44.195197	0.000000	
57.250000	21.581973	-44.193599	0.000000	
57.300000	21.557025	-44.192014	0.000000	
57.350000	21.532077	-44.190446	0.000000	
57.400000	21.507125	-44.188919	0.000000	
57.450000	21.482170	-44.187449	0.000000	
57.500000	21.457213	-44.186009	0.000000	
57.550000	21.432255	-44.184576	0.000000	
57.600000	21.407296	-44.183155	0.000000	
57.650000	21.382337	-44.181749	0.000000	
57.700000	21.357375	-44.180382	0.000000	
57.750000	21.332413	-44.179031	0.000000	
57.800000	21.307450	-44.177695	0.000000	
57.850000	21.282486	-44.176370	0.000000	
57.900000	21.257521	-44.175059	0.000000	
57.950000	21.232555	-44.173765	0.000000	
58.000000	21.207589	-44.172492	0.000000	
58.050000	21.182621	-44.171231	0.000000	
58.100000	21.157653	-44.169973	0.000000	
58.150000	21.132685	-44.168727	0.000000	
58.200000	21.107716	-44.167477	0.000000	
58.250000	21.082748	-44.166222	0.000000	
58.300000	21.057780	-44.164982	0.000000	
58.350000	21.032811	-44.163748	0.000000	
58.400000	21.007841	-44.162532	0.000000	
58.450000	20.982871	-44.161325	0.000000	
58.500000	20.957900	-44.160131	0.000000	
58.550000	20.932929	-44.158957	0.000000	
58.600000	20.907955	-44.157828	0.000000	
58.650000	20.882980	-44.156735	0.000000	
58.700000	20.858004	-44.155674	0.000000	
58.750000	20.833027	-44.154641	0.000000	
58.800000	20.808049	-44.153658	0.000000	
58.850000	20.783069	-44.152730	0.000000	
58.900000	20.758088	-44.151839	0.000000	
58.950000	20.733105	-44.150998	0.000000	
59.000000	20.708121	-44.150183	0.000000	
59.050000	20.683137	-44.149384	0.000000	
59.100000	20.658151	-44.148608	0.000000	
59.150000	20.633165	-44.147842	0.000000	
59.200000	20.608179	-44.147075	0.000000	
59.250000	20.583192	-44.146332	0.000000	
59.300000	20.558205	-44.145594	0.000000	
59.350000	20.533217	-44.144857	0.000000	
59.400000	20.508230	-44.144116	0.000000	
59.450000	20.483243	-44.143363	0.000000	
59.500000	20.458257	-44.142601	0.000000	
59.550000	20.433271	-44.141841	0.000000	
59.600000	20.408285	-44.141080	0.000000	
59.650000	20.383298	-44.140318	0.000000	
59.700000	20.358312	-44.139548	0.000000	
59.750000	20.333327	-44.138753	0.000000	
59.800000	20.308342	-44.137939	0.000000	
59.850000	20.283358	-44.137096	0.000000	
59.900000	20.258374	-44.136233	0.000000	
59.950000	20.233390	-44.135376	0.000000	
60.000000	20.208406	-44.134524	0.000000	
60.050000	20.183421	-44.133688	0.000000	
60.100000	20.158436	-44.132891	0.000000	
60.150000	20.133450	-44.132140	0.000000	
60.200000	20.108463	-44.131464	0.000000	
60.250000	20.083474	-44.130842	0.000000	
60.300000	20.058485	-44.130271	0.000000	
60.350000	20.033495	-44.129755	0.000000	
60.400000	20.008505	-44.129286	0.000000	
60.450000	19.983513	-44.128879	0.000000	
60.500000	19.958520	-44.128542	0.000000	
60.550000	19.933526	-44.128255	0.000000	
60.600000	19.908531	-44.128000	0.000000	
60.650000	19.883535	-44.127771	0.000000	
60.700000	19.858539	-44.127543	0.000000	
60.750000	19.833543	-44.127327	0.000000	
60.800000	19.808547	-44.127130	0.000000	
60.850000	19.783550	-44.126958	0.000000	
60.900000	19.758552	-44.126806	0.000000	
60.950000	19.733554	-44.126671	0.000000	
61.000000	19.708556	-44.126525	0.000000	
61.050000	19.683559	-44.126358	0.000000	
61.100000	19.658562	-44.126176	0.000000	
61.150000	19.633566	-44.125956	0.000000	
61.200000	19.608570	-44.125703	0.000000	
61.250000	19.583575	-44.125392	0.000000	
61.300000	19.558581	-44.125028	0.000000	
61.350000	19.533587	-44.124611	0.000000	
61.400000	19.508594	-44.124153	0.000000	
61.450000	19.483601	-44.123656	0.000000	
61.500000	19.458608	-44.123118	0.000000	
61.550000	19.433617	-44.122522	0.000000	
61.600000	19.408626	-44.121899	0.000000	
61.650000	19.383635	-44.121236	0.000000	
61.700000	19.358646	-44.120540	0.000000	
61.750000	19.333658	-44.119814	0.000000	
61.800000	19.308672	-44.119047	0.000000	
61.850000	19.283686	-44.118257	0.000000	
61.900000	19.258702	-44.117424	0.000000	
61.950000	19.233719	-44.116544	0.000000	
62.000000	19.208737	-44.115628	0.000000	
62.050000	19.183755	-44.114706	0.000000	
62.100000	19.158773	-44.113793	0.000000	
62.150000	19.133791	-44.112880	0.000000	
62.200000	19.108808	-44.111993	0.000000	
62.250000	19.083826	-44.111106	0.000000	
62.300000	19.058843	-44.110213	0.000000	
62.350000	19.033860	-44.109331	0.000000	
62.400000	19.008878	-44.108441	0.000000	
62.450000	18.983896	-44.107524	0.000000	
62.500000	18.958915	-44.106602	0.000000	
62.550000	18.933934	-44.105670	0.000000	
62.600000	18.908952	-44.104741	0.000000	
62.650000	18.883971	-44.103816	0.000000	
62.700000	18.858989	-44.102896	0.000000	
62.750000	18.834007	-44.101999	0.000000	
62.800000	18.809023	-44.101145	0.000000	
62.850000	18.784038	-44.100354	0.000000	
62.900000	18.759051	-44.099602	0.000000	
62.950000	18.734063	-44.098906	0.000000	
63.000000	18.709073	-44.098288	0.000000	
63.050000	18.684083	-44.097715	0.000000	
63.100000	18.659092	-44.097191	0.000000	
63.150000	18.634101	-44.096706	0.000000	
63.200000	18.609110	-44.096279	0.000000	
63.250000	18.584119	-44.095893	0.000000	
63.300000	18.559128	-44.095571	0.000000	
63.350000	18.534137	-44.095321	0.000000	
63.400000	18.509145	-44.095142	0.000000	
63.450000	18.484152	-44.095027	0.000000	
63.500000	18.459158	-44.094975	0.000000	
63.550000	18.434164	-44.094957	0.000000	
63.600000	18.409169	-44.094978	0.000000	
63.650000	18.384172	-44.095054	0.000000	
63.700000	18.359176	-44.095176	0.000000	
63.750000	18.334179	-44.095361	0.000000	
63.800000	18.309182	-44.095593	0.000000	
63.850000	18.284185	-44.095845	0.000000	
63.900000	18.259187	-44.096102	0.000000	
63.950000	18.234190	-44.096358	0.000000	
64.000000	18.209193	-44.096586	0.000000	
64.050000	18.184196	-44.096764	0.000000	
64.100000	18.159200	-44.096921	0.000000	
64.150000	18.134204	-44.097029	0.000000	
64.200000	18.109209	-44.097074	0.000000	
64.250000	18.084214	-44.097043	0.000000	
64.300000	18.059221	-44.096925	0.000000	
64.350000	18.034229	-44.096708	0.000000	
64.400000	18.009238	-44.096410	0.000000	
64.450000	17.984248	-44.096033	0.000000	
64.500000	17.959258	-44.095611	0.000000	
64.550000	17.934269	-44.095137	0.000000	
64.600000	17.909281	-44.094620	0.000000	
64.650000	17.884294	-44.094050	0.000000	
64.700000	17.859308	-44.093427	0.000000	
64.750000	17.834322	-44.092756	0.000000	
64.800000	17.809336	-44.092034	0.000000	
64.850000	17.784351	-44.091259	0.000000	
64.900000	17.759367	-44.090448	0.000000	
64.950000	17.734382	-44.089600	0.000000	
65.000000	17.709398	-44.088743	0.000000	
65.050000	17.684414	-44.087899	0.000000	
65.100000	17.659430	-44.087069	0.000000	
65.150000	17.634445	-44.086238	0.000000	
65.200000	17.609460	-44.085411	0.000000	
65.250000	17.584475	-44.084594	0.000000	
65.300000	17.559490	-44.083784	0.000000	
65.350000	17.534504	-44.082994	0.000000	
65.400000	17.509516	-44.082242	0.000000	
65.450000	17.484527	-44.081536	0.000000	
65.500000	17.459537	-44.080879	0.000000	
65.550000	17.434547	-44.080258	0.000000	
65.600000	17.409556	-44.079698	0.000000	
65.650000	17.384564	-44.079205	0.000000	
65.700000	17.359571	-44.078769	0.000000	
65.750000	17.334578	-44.078393	0.000000	
65.800000	17.309584	-44.078078	0.000000	
65.850000	17.284590	-44.077808	0.000000	
65.900000	17.259596	-44.077586	0.000000	
65.950000	17.234601	-44.077418	0.000000	
66.000000	17.209606	-44.077318	0.000000	
66.050000	17.184611	-44.077283	0.000000	
66.100000	17.159618	-44.077318	0.000000	
66.150000	17.134627	-44.077441	0.000000	
66.200000	17.109637	-44.077655	0.000000	
66.250000	17.084649	-44.077969	0.000000	
66.300000	17.059662	-44.078388	0.000000	
66.350000	17.034677	-44.078914	0.000000	
66.400000	17.009693	-44.079558	0.000000	
66.450000	16.984712	-44.080320	0.000000	
66.500000	16.959735	-44.081198	0.000000	
66.550000	16.934763	-44.082171	0.000000	
66.600000	16.909794	-44.083234	0.000000	
66.650000	16.884831	-44.084391	0.000000	
66.700000	16.859872	-44.085640	0.000000	
66.750000	16.834918	-44.086983	0.000000	
66.800000	16.809968	-44.088409	0.000000	
66.850000	16.785020	-44.089896	0.000000	
66.900000	16.760078	-44.091475	0.000000	
66.950000	16.735139	-44.093138	0.000000	
67.000000	16.710203	-44.094871	0.000000	
67.050000	16.685269	-44.096645	0.000000	
67.100000	16.660336	-44.098437	0.000000	
67.150000	16.635403	-44.100235	0.000000	
67.200000	16.610471	-44.102037	0.000000	
67.250000	16.585538	-44.103833	0.000000	
67.300000	16.560603	-44.105576	0.000000	
67.350000	16.535667	-44.107234	0.000000	
67.400000	16.510733	-44.108721	0.000000	
67.450000	16.485808	-44.109969	0.000000	
67.500000	16.460906	-44.110872	0.000000	
67.550000	16.436051	-44.111330	0.000000	
67.600000	16.411279	-44.111241	0.000000	
67.650000	16.386630	-44.110525	0.000000	
67.700000	16.362156	-44.109068	0.000000	
67.750000	16.337904	-44.106798	0.000000	
67.800000	16.313947	-44.103642	0.000000	
67.850000	16.290361	-44.099518	0.000000	
67.900000	16.267219	-44.094374	0.000000	
67.950000	16.244602	-44.088132	0.000000	
68.000000	16.222571	-44.080770	0.000000	
68.050000	16.201200	-44.072252	0.000000	
68.100000	16.180562	-44.062558	0.000000	
68.150000	16.160709	-44.051683	0.000000	
68.200000	16.141699	-44.039607	0.000000	
68.250000	16.123594	-44.026303	0.000000	
68.300000	16.106434	-44.011775	0.000000	
68.350000	16.090247	-43.996057	0.000000	
68.400000	16.075062	-43.979185	0.000000	
68.450000	16.060906	-43.961234	0.000000	
68.500000	16.047801	-43.942265	0.000000	
68.550000	16.035764	-43.922361	0.000000	
68.600000	16.024766	-43.901614	0.000000	
68.650000	16.014768	-43.880130	0.000000	
68.700000	16.005752	-43.857992	0.000000	
68.750000	15.997656	-43.835295	0.000000	
68.800000	15.990422	-43.812114	0.000000	
68.850000	15.983974	-43.788535	0.000000	
68.900000	15.978235	-43.764638	0.000000	
68.950000	15.973143	-43.740485	0.000000	
69.000000	15.968615	-43.716135	0.000000	
69.050000	15.964607	-43.691625	0.000000	
69.100000	15.961052	-43.666995	0.000000	
69.150000	15.957885	-43.642276	0.000000	
69.200000	15.955052	-43.617488	0.000000	
69.250000	15.952507	-43.592651	0.000000	
69.300000	15.950170	-43.567782	0.000000	
69.350000	15.948021	-43.542888	0.000000	
69.400000	15.946044	-43.517976	0.000000	
69.450000	15.944219	-43.493049	0.000000	
69.500000	15.942517	-43.468113	0.000000	
69.550000	15.940923	-43.443169	0.000000	
69.600000	15.939408	-43.418222	0.000000	
69.650000	15.937977	-43.393271	0.000000	
69.700000	15.936636	-43.368315	0.000000	
69.750000	15.935352	-43.343357	0.000000	
69.800000	15.934134	-43.318395	0.000000	
69.850000	15.932976	-43.293430	0.000000	
69.900000	15.931898	-43.268461	0.000000	
69.950000	15.930914	-43.243487	0.000000	
70.000000	15.929995	-43.218509	0.000000	
70.050000	15.929149	-43.193528	0.000000	
70.100000	15.928365	-43.168544	0.000000	
70.150000	15.927622	-43.143558	0.000000	
70.200000	15.926906	-43.118571	0.000000	
70.250000	15.926230	-43.093582	0.000000	
70.300000	15.925584	-43.068593	0.000000	
70.350000	15.925002	-43.043601	0.000000	
70.400000	15.924451	-43.018607	0.000000	
70.450000	15.923936	-42.993613	0.000000	
70.500000	15.923452	-42.968619	0.000000	
70.550000	15.923015	-42.943624	0.000000	
70.600000	15.922624	-42.918629	0.000000	
70.650000	15.922259	-42.893634	0.000000	
70.700000	15.921918	-42.868639	0.000000	
70.750000	15.921584	-42.843644	0.000000	
70.800000	15.921261	-42.818649	0.000000	
70.850000	15.920964	-42.793653	0.000000	
70.900000	15.920709	-42.768657	0.000000	
70.950000	15.920497	-42.743661	0.000000	
71.000000	15.920301	-42.718664	0.000000	
71.050000	15.920149	-42.693668	0.000000	
71.100000	15.920044	-42.668671	0.000000	
71.150000	15.919981	-42.643674	0.000000	
71.200000	15.919981	-42.618678	0.000000	
71.250000	15.920067	-42.593681	0.000000	
71.300000	15.920236	-42.568686	0.000000	
71.350000	15.920467	-42.543690	0.000000	
71.400000	15.920731	-42.518695	0.000000	
71.450000	15.921028	-42.493699	0.000000	
71.500000	15.921334	-42.468703	0.000000	
71.550000	15.921637	-42.443708	0.000000	
71.600000	15.921916	-42.418712	0.000000	
71.650000	15.922146	-42.393717	0.000000	
71.700000	15.922329	-42.368721	0.000000	
71.750000	15.922462	-42.343727	0.000000	
71.800000	15.922549	-42.318734	0.000000	
71.850000	15.922615	-42.293741	0.000000	
71.900000	15.922650	-42.268748	0.000000	
71.950000	15.922642	-42.243757	0.000000	
72.000000	15.922580	-42.218765	0.000000	
72.050000	15.922489	-42.193774	0.000000	
72.100000	15.922359	-42.168783	0.000000	
72.150000	15.922164	-42.143793	0.000000	
72.200000	15.921914	-42.118803	0.000000	
72.250000	15.921609	-42.093813	0.000000	
72.300000	15.921219	-42.068822	0.000000	
72.350000	15.920741	-42.043831	0.000000	
72.400000	15.920179	-42.018840	0.000000	
72.450000	15.919534	-41.993851	0.000000	
72.500000	15.918818	-41.968863	0.000000	
72.550000	15.918054	-41.943876	0.000000	
72.600000	15.917248	-41.918891	0.000000	
72.650000	15.916424	-41.893905	0.000000	
72.700000	15.915596	-41.868920	0.000000	
72.750000	15.914794	-41.843934	0.000000	
72.800000	15.914012	-41.818948	0.000000	
72.850000	15.913263	-41.793961	0.000000	
72.900000	15.912542	-41.768973	0.000000	
72.950000	15.911855	-41.743985	0.000000	
73.000000	15.911229	-41.718996	0.000000	
73.050000	15.910670	-41.694007	0.000000	
73.100000	15.910166	-41.669018	0.000000	
73.150000	15.909697	-41.644029	0.000000	
73.200000	15.909271	-41.619039	0.000000	
73.250000	15.908882	-41.594049	0.000000	
73.300000	15.908523	-41.569059	0.000000	
73.350000	15.908218	-41.544068	0.000000	
73.400000	15.907959	-41.519076	0.000000	
73.450000	15.907755	-41.494084	0.000000	
73.500000	15.907605	-41.469090	0.000000	
73.550000	15.907514	-41.444094	0.000000	
73.600000	15.907476	-41.419097	0.000000	
73.650000	15.907494	-41.394100	0.000000	
73.700000	15.907552	-41.369102	0.000000	
73.750000	15.907647	-41.344103	0.000000	
73.800000	15.907757	-41.319105	0.000000	
73.850000	15.907888	-41.294107	0.000000	
73.900000	15.908046	-41.269108	0.000000	
73.950000	15.908214	-41.244109	0.000000	
74.000000	15.908370	-41.219111	0.000000	
74.050000	15.908498	-41.194112	0.000000	
74.100000	15.908592	-41.169112	0.000000	
74.150000	15.908667	-41.144113	0.000000	
74.200000	15.908738	-41.119113	0.000000	
74.250000	15.908826	-41.094114	0.000000	
74.300000	15.908937	-41.069115	0.000000	
74.350000	15.909056	-41.044116	0.000000	
74.400000	15.909158	-41.019117	0.000000	
74.450000	15.909249	-40.994118	0.000000	
74.500000	15.909322	-40.969118	0.000000	
74.550000	15.909392	-40.944119	0.000000	
74.600000	15.909470	-40.919120	0.000000	
74.650000	15.909558	-40.894121	0.000000	
74.700000	15.909643	-40.869122	0.000000	
74.750000	15.909719	-40.844123	0.000000	
74.800000	15.909798	-40.819124	0.000000	
74.850000	15.909903	-40.794125	0.000000	
74.900000	15.910025	-40.769126	0.000000	
74.950000	15.910139	-40.744128	0.000000	
75.000000	15.910240	-40.719129	0.000000	
75.050000	15.910341	-40.694130	0.000000	
75.100000	15.910436	-40.669132	0.000000	
75.150000	15.910527	-40.644133	0.000000	
75.200000	15.910583	-40.619135	0.000000	
75.250000	15.910600	-40.594137	0.000000	
75.300000	15.910580	-40.569139	0.000000	
75.350000	15.910501	-40.544142	0.000000	
75.400000	15.910381	-40.519144	0.000000	
75.450000	15.910234	-40.494147	0.000000	
75.500000	15.910056	-40.469151	0.000000	
75.550000	15.909872	-40.444154	0.000000	
75.600000	15.909686	-40.419158	0.000000	
75.650000	15.909500	-40.394161	0.000000	
75.700000	15.909309	-40.369164	0.000000	
75.750000	15.909123	-40.344168	0.000000	
75.800000	15.908930	-40.319171	0.000000	
75.850000	15.908711	-40.294175	0.000000	
75.900000	15.908459	-40.269178	0.000000	
75.950000	15.908172	-40.244181	0.000000	
76.000000	15.907872	-40.219184	0.000000	
76.050000	15.907570	-40.194187	0.000000	
76.100000	15.907263	-40.169191	0.000000	
76.150000	15.906970	-40.144194	0.000000	
76.200000	15.906684	-40.119197	0.000000	
76.250000	15.906418	-40.094200	0.000000	
76.300000	15.906192	-40.069202	0.000000	
76.350000	15.905988	-40.044205	0.000000	
76.400000	15.905808	-40.019207	0.000000	
76.450000	15.905655	-39.994208	0.000000	
76.500000	15.905523	-39.969209	0.000000	
76.550000	15.905433	-39.944210	0.000000	
76.600000	15.905373	-39.919211	0.000000	
76.650000	15.905325	-39.894212	0.000000	
76.700000	15.905265	-39.869213	0.000000	
76.750000	15.905193	-39.844213	0.000000	
76.800000	15.905123	-39.819214	0.000000	
76.850000	15.905057	-39.794215	0.000000	
76.900000	15.904986	-39.769215	0.000000	
76.950000	15.904913	-39.744216	0.000000	
77.000000	15.904869	-39.719217	0.000000	
77.050000	15.904864	-39.694218	0.000000	
77.100000	15.904894	-39.669219	0.000000	
77.150000	15.904970	-39.644220	0.000000	
77.200000	15.905081	-39.619222	0.000000	
77.250000	15.905220	-39.594225	0.000000	
77.300000	15.905378	-39.569227	0.000000	
77.350000	15.905544	-39.544229	0.000000	
77.400000	15.905726	-39.519232	0.000000	
77.450000	15.905930	-39.494235	0.000000	
77.500000	15.906155	-39.469237	0.000000	
77.550000	15.906401	-39.444240	0.000000	
77.600000	15.906673	-39.419244	0.000000	
77.650000	15.906951	-39.394247	0.000000	
77.700000	15.907230	-39.369250	0.000000	
77.750000	15.907534	-39.344254	0.000000	
77.800000	15.907849	-39.319257	0.000000	
77.850000	15.908159	-39.294261	0.000000	
77.900000	15.908472	-39.269264	0.000000	
77.950000	15.908807	-39.244268	0.000000	
78.000000	15.909157	-39.219271	0.000000	
78.050000	15.909502	-39.194274	0.000000	
78.100000	15.909829	-39.169277	0.000000	
78.150000	15.910144	-39.144280	0.000000	
78.200000	15.910414	-39.119282	0.000000	
78.250000	15.910631	-39.094284	0.000000	
78.300000	15.910814	-39.069286	0.000000	
78.350000	15.910961	-39.044288	0.000000	
78.400000	15.911076	-39.019290	0.000000	
78.450000	15.911149	-38.994292	0.000000	
78.500000	15.911179	-38.969294	0.000000	
78.550000	15.911153	-38.944297	0.000000	
78.600000	15.911068	-38.919300	0.000000	
78.650000	15.910924	-38.894303	0.000000	
78.700000	15.910728	-38.869307	0.000000	
78.750000	15.910510	-38.844310	0.000000	
78.800000	15.910267	-38.819314	0.000000	
78.850000	15.910018	-38.794317	0.000000	
78.900000	15.909761	-38.769321	0.000000	
78.950000	15.909492	-38.744324	0.000000	
79.000000	15.909205	-38.719328	0.000000	
79.050000	15.908907	-38.694332	0.000000	
79.100000	15.908594	-38.669335	0.000000	
79.150000	15.908257	-38.644339	0.000000	
79.200000	15.907882	-38.619343	0.000000	
79.250000	15.907477	-38.594348	0.000000	
79.300000	15.907037	-38.569354	0.000000	
79.350000	15.906552	-38.544361	0.000000	
79.400000	15.906026	-38.519369	0.000000	
79.450000	15.905457	-38.494379	0.000000	
79.500000	15.904846	-38.469390	0.000000	
79.550000	15.904202	-38.444402	0.000000	
79.600000	15.903522	-38.419417	0.000000	
79.650000	15.902788	-38.394434	0.000000	
79.700000	15.901971	-38.369456	0.000000	
79.750000	15.901095	-38.344481	0.000000	
79.800000	15.900157	-38.319509	0.000000	
79.850000	15.899166	-38.294538	0.000000	
79.900000	15.898112	-38.269569	0.000000	
79.950000	15.897005	-38.244601	0.000000	
80.000000	15.895837	-38.219636	0.000000	
80.050000	15.894632	-38.194671	0.000000	
80.100000	15.893376	-38.169708	0.000000	
80.150000	15.892075	-38.144745	0.000000	
80.200000	15.890723	-38.119785	0.000000	
80.250000	15.889352	-38.094825	0.000000	
80.300000	15.887961	-38.069866	0.000000	
80.350000	15.886583	-38.044906	0.000000	
80.400000	15.885223	-38.019946	0.000000	
80.450000	15.883889	-37.994984	0.000000	
80.500000	15.882557	-37.970023	0.000000	
80.550000	15.881227	-37.945061	0.000000	
80.600000	15.879888	-37.920100	0.000000	
80.650000	15.878565	-37.895138	0.000000	
80.700000	15.877272	-37.870174	0.000000	
80.750000	15.876025	-37.845207	0.000000	
80.800000	15.874813	-37.820237	0.000000	
80.850000	15.873618	-37.795266	0.000000	
80.900000	15.872428	-37.770296	0.000000	
80.950000	15.871228	-37.745325	0.000000	
81.000000	15.870003	-37.720356	0.000000	
81.050000	15.868775	-37.695388	0.000000	
81.100000	15.867518	-37.670421	0.000000	
81.150000	15.866247	-37.645454	0.000000	
81.200000	15.864952	-37.620489	0.000000	
81.250000	15.863641	-37.595525	0.000000	
81.300000	15.862317	-37.570562	0.000000	
81.350000	15.860995	-37.545598	0.000000	
81.400000	15.859641	-37.520636	0.000000	
81.450000	15.858240	-37.495676	0.000000	
81.500000	15.856808	-37.470718	0.000000	
81.550000	15.855360	-37.445761	0.000000	
81.600000	15.853902	-37.420804	0.000000	
81.650000	15.852440	-37.395847	0.000000	
81.700000	15.850954	-37.370892	0.000000	
81.750000	15.849446	-37.345938	0.000000	
81.800000	15.847926	-37.320985	0.000000	
81.850000	15.846403	-37.296032	0.000000	
81.900000	15.844866	-37.271080	0.000000	
81.950000	15.843303	-37.246129	0.000000	
82.000000	15.841739	-37.221179	0.000000	
82.050000	15.840174	-37.196229	0.000000	
82.100000	15.838614	-37.171278	0.000000	
82.150000	15.837064	-37.146327	0.000000	
82.200000	15.835508	-37.121376	0.000000	
82.250000	15.833976	-37.096423	0.000000	
82.300000	15.832465	-37.071470	0.000000	
82.350000	15.830955	-37.046516	0.000000	
82.400000	15.829438	-37.021563	0.000000	
82.450000	15.827930	-36.996609	0.000000	
82.500000	15.826453	-36.971653	0.000000	
82.550000	15.824993	-36.946697	0.000000	
82.600000	15.823540	-36.921740	0.000000	
82.650000	15.822095	-36.896783	0.000000	
82.700000	15.820669	-36.871824	0.000000	
82.750000	15.819283	-36.846864	0.000000	
82.800000	15.817944	-36.821901	0.000000	
82.850000	15.816660	-36.796936	0.000000	
82.900000	15.815422	-36.771969	0.000000	
82.950000	15.814248	-36.747000	0.000000	
83.000000	15.813145	-36.722028	0.000000	
83.050000	15.812095	-36.697054	0.000000	
83.100000	15.811099	-36.672078	0.000000	
83.150000	15.810152	-36.647099	0.000000	
83.200000	15.809268	-36.622119	0.000000	
83.250000	15.808461	-36.597136	0.000000	
83.300000	15.807701	-36.572152	0.000000	
83.350000	15.806979	-36.547167	0.000000	
83.400000	15.806288	-36.522181	0.000000	
83.450000	15.805618	-36.497193	0.000000	
83.500000	15.804973	-36.472205	0.000000	
83.550000	15.804341	-36.447216	0.000000	
83.600000	15.803720	-36.422227	0.000000	
83.650000	15.803142	-36.397236	0.000000	
83.700000	15.802604	-36.372243	0.000000	
83.750000	15.802084	-36.347250	0.000000	
83.800000	15.801563	-36.322257	0.000000	
83.850000	15.801036	-36.297264	0.000000	
83.900000	15.800483	-36.272272	0.000000	
83.950000	15.799908	-36.247281	0.000000	
84.000000	15.799320	-36.222289	0.000000	
84.050000	15.798722	-36.197298	0.000000	
84.100000	15.798129	-36.172307	0.000000	
84.150000	15.797555	-36.147315	0.000000	
84.200000	15.796996	-36.122324	0.000000	
84.250000	15.796444	-36.097332	0.000000	
84.300000	15.795874	-36.072340	0.000000	
84.350000	15.795318	-36.047348	0.000000	
84.400000	15.794793	-36.022357	0.000000	
84.450000	15.794323	-35.997364	0.000000	
84.500000	15.793916	-35.972372	0.000000	
84.550000	15.793555	-35.947379	0.000000	
84.600000	15.793256	-35.922385	0.000000	
84.650000	15.793034	-35.897391	0.000000	
84.700000	15.792869	-35.872398	0.000000	
84.750000	15.792751	-35.847404	0.000000	
84.800000	15.792698	-35.822410	0.000000	
84.850000	15.792712	-35.797416	0.000000	
84.900000	15.792795	-35.772421	0.000000	
84.950000	15.792953	-35.747425	0.000000	
85.000000	15.793186	-35.722430	0.000000	
85.050000	15.793469	-35.697434	0.000000	
85.100000	15.793792	-35.672438	0.000000	
85.150000	15.794153	-35.647443	0.000000	
85.200000	15.794545	-35.622447	0.000000	
85.250000	15.794960	-35.597452	0.000000	
85.300000	15.795401	-35.572457	0.000000	
85.350000	15.795879	-35.547462	0.000000	
85.400000	15.796366	-35.522467	0.000000	
85.450000	15.796864	-35.497473	0.000000	
85.500000	15.797361	-35.472478	0.000000	
85.550000	15.797868	-35.447484	0.000000	
85.600000	15.798400	-35.422490	0.000000	
85.650000	15.798931	-35.397496	0.000000	
85.700000	15.799455	-35.372501	0.000000	
85.750000	15.799958	-35.347507	0.000000	
85.800000	15.800448	-35.322512	0.000000	
85.850000	15.800932	-35.297517	0.000000	
85.900000	15.801429	-35.272523	0.000000	
85.950000	15.801926	-35.247528	0.000000	
86.000000	15.802404	-35.222533	0.000000	
86.050000	15.802849	-35.197538	0.000000	
86.100000	15.803283	-35.172542	0.000000	
86.150000	15.803701	-35.147546	0.000000	
86.200000	15.804076	-35.122550	0.000000	
86.250000	15.804413	-35.097554	0.000000	
86.300000	15.804708	-35.072558	0.000000	
86.350000	15.804938	-35.047563	0.000000	
86.400000	15.805094	-35.022568	0.000000	
86.450000	15.805175	-34.997575	0.000000	
86.500000	15.805185	-34.972582	0.000000	
86.550000	15.805124	-34.947591	0.000000	
86.600000	15.804992	-34.922600	0.000000	
86.650000	15.804772	-34.897609	0.000000	
86.700000	15.804494	-34.872619	0.000000	
86.750000	15.804143	-34.847629	0.000000	
86.800000	15.803721	-34.822641	0.000000	
86.850000	15.803231	-34.797654	0.000000	
86.900000	15.802657	-34.772668	0.000000	
86.950000	15.801976	-34.747684	0.000000	
87.000000	15.801208	-34.722702	0.000000	
87.050000	15.800373	-34.697721	0.000000	
87.100000	15.799455	-34.672742	0.000000	
87.150000	15.798447	-34.647766	0.000000	
87.200000	15.797369	-34.622792	0.000000	
87.250000	15.796242	-34.597819	0.000000	
87.300000	15.795064	-34.572849	0.000000	
87.350000	15.793859	-34.547879	0.000000	
87.400000	15.792634	-34.522910	0.000000	
87.450000	15.791405	-34.497941	0.000000	
87.500000	15.790170	-34.472973	0.000000	
87.550000	15.788903	-34.448006	0.000000	
87.600000	15.787607	-34.423041	0.000000	
87.650000	15.786280	-34.398078	0.000000	
87.700000	15.784918	-34.373116	0.000000	
87.750000	15.783493	-34.348158	0.000000	
87.800000	15.782020	-34.323203	0.000000	
87.850000	15.780508	-34.298250	0.000000	
87.900000	15.778963	-34.273300	0.000000	
87.950000	15.777386	-34.248351	0.000000	
88.000000	15.775784	-34.223404	0.000000	
88.050000	15.774152	-34.198460	0.000000	
88.100000	15.772498	-34.173516	0.000000	
88.150000	15.770835	-34.148573	0.000000	
88.200000	15.769162	-34.123631	0.000000	
88.250000	15.767486	-34.098689	0.000000	
88.300000	15.765814	-34.073747	0.000000	
88.350000	15.764155	-34.048804	0.000000	
88.400000	15.762501	-34.023861	0.000000	
88.450000	15.760866	-33.998917	0.000000	
88.500000	15.759245	-33.973973	0.000000	
88.550000	15.757653	-33.949027	0.000000	
88.600000	15.756120	-33.924079	0.000000	
88.650000	15.754647	-33.899129	0.000000	
88.700000	15.753224	-33.874176	0.000000	
88.750000	15.751857	-33.849220	0.000000	
88.800000	15.750570	-33.824261	0.000000	
88.850000	15.749365	-33.799298	0.000000	
88.900000	15.748250	-33.774331	0.000000	
88.950000	15.747203	-33.749361	0.000000	
89.000000	15.746217	-33.724387	0.000000	
89.050000	15.745299	-33.699410	0.000000	
89.100000	15.744433	-33.674430	0.000000	
89.150000	15.743595	-33.649449	0.000000	
89.200000	15.742802	-33.624465	0.000000	
89.250000	15.742050	-33.599478	0.000000	
89.300000	15.741331	-33.574490	0.000000	
89.350000	15.740629	-33.549502	0.000000	
89.400000	15.739945	-33.524513	0.000000	
89.450000	15.739289	-33.499522	0.000000	
89.500000	15.738666	-33.474532	0.000000	
89.550000	15.738077	-33.449540	0.000000	
89.600000	15.737515	-33.424548	0.000000	
89.650000	15.736948	-33.399556	0.000000	
89.700000	15.736372	-33.374565	0.000000	
89.750000	15.735776	-33.349574	0.000000	
89.800000	15.735166	-33.324583	0.000000	
89.850000	15.734524	-33.299593	0.000000	
89.900000	15.733828	-33.274605	0.000000	
89.950000	15.733089	-33.249618	0.000000	
90.000000	15.732319	-33.224632	0.000000	
90.050000	15.731545	-33.199646	0.000000	
90.100000	15.730760	-33.174660	0.000000	
90.150000	15.729976	-33.149675	0.000000	
90.200000	15.729200	-33.124689	0.000000	
90.250000	15.728424	-33.099703	0.000000	
90.300000	15.727644	-33.074717	0.000000	
90.350000	15.726850	-33.049732	0.000000	
90.400000	15.726061	-33.024746	0.000000	
90.450000	15.725251	-32.999762	0.000000	
90.500000	15.724413	-32.974778	0.000000	
90.550000	15.723544	-32.949795	0.000000	
90.600000	15.722645	-32.924812	0.000000	
90.650000	15.721718	-32.899830	0.000000	
90.700000	15.720783	-32.874848	0.000000	
90.750000	15.719831	-32.849867	0.000000	
90.800000	15.718882	-32.824885	0.000000	
90.850000	15.717929	-32.799904	0.000000	
90.900000	15.716992	-32.774922	0.000000	
90.950000	15.716101	-32.749938	0.000000	
91.000000	15.715260	-32.724954	0.000000	
91.050000	15.714456	-32.699968	0.000000	
91.100000	15.713689	-32.674982	0.000000	
91.150000	15.712953	-32.649995	0.000000	
91.200000	15.712260	-32.625007	0.000000	
91.250000	15.711624	-32.600019	0.000000	
91.300000	15.711046	-32.575030	0.000000	
91.350000	15.710524	-32.550040	0.000000	
91.400000	15.710068	-32.525049	0.000000	
91.450000	15.709651	-32.500058	0.000000	
91.500000	15.709287	-32.475065	0.000000	
91.550000	15.708989	-32.450071	0.000000	
91.600000	15.708728	-32.425076	0.000000	
91.650000	15.708493	-32.400081	0.000000	
91.700000	15.708280	-32.375085	0.000000	
91.750000	15.708076	-32.350090	0.000000	
91.800000	15.707889	-32.325093	0.000000	
91.850000	15.707725	-32.300096	0.000000	
91.900000	15.707585	-32.275099	0.000000	
91.950000	15.707465	-32.250101	0.000000	
92.000000	15.707347	-32.225103	0.000000	
92.050000	15.707228	-32.200105	0.000000	
92.100000	15.707126	-32.175106	0.000000	
92.150000	15.707009	-32.150108	0.000000	
92.200000	15.706905	-32.125110	0.000000	
92.250000	15.706805	-32.100112	0.000000	
92.300000	15.706698	-32.075114	0.000000	
92.350000	15.706590	-32.050116	0.000000	
92.400000	15.706497	-32.025118	0.000000	
92.450000	15.706429	-32.000120	0.000000	
92.500000	15.706402	-31.975123	0.000000	
92.550000	15.706403	-31.950127	0.000000	
92.600000	15.706406	-31.925130	0.000000	
92.650000	15.706444	-31.900134	0.000000	
92.700000	15.706513	-31.875138	0.000000	
92.750000	15.706603	-31.850142	0.000000	
92.800000	15.706710	-31.825146	0.000000	
92.850000	15.706827	-31.800149	0.000000	
92.900000	15.706935	-31.775153	0.000000	
92.950000	15.707057	-31.750156	0.000000	
93.000000	15.707175	-31.725160	0.000000	
93.050000	15.707304	-31.700163	0.000000	
93.100000	15.707421	-31.675167	0.000000	
93.150000	15.707504	-31.650171	0.000000	
93.200000	15.707582	-31.625175	0.000000	
93.250000	15.707650	-31.600179	0.000000	
93.300000	15.707696	-31.575183	0.000000	
93.350000	15.707706	-31.550187	0.000000	
93.400000	15.707678	-31.525192	0.000000	
93.450000	15.707612	-31.500196	0.000000	
93.500000	15.707478	-31.475201	0.000000	
93.550000	15.707261	-31.450205	0.000000	
93.600000	15.706979	-31.425210	0.000000	
93.650000	15.706643	-31.400215	0.000000	
93.700000	15.706246	-31.375220	0.000000	
93.750000	15.705786	-31.350226	0.000000	
93.800000	15.705284	-31.325232	0.000000	
93.850000	15.704761	-31.300238	0.000000	
93.900000	15.704207	-31.275246	0.000000	
93.950000	15.703646	-31.250253	0.000000	
94.000000	15.703074	-31.225261	0.000000	
94.050000	15.702484	-31.200269	0.000000	
94.100000	15.701851	-31.175278	0.000000	
94.150000	15.701201	-31.150288	0.000000	
94.200000	15.700559	-31.125297	0.000000	
94.250000	15.699910	-31.100306	0.000000	
94.300000	15.699256	-31.075316	0.000000	
94.350000	15.698620	-31.050325	0.000000	
94.400000	15.698015	-31.025334	0.000000	
94.450000	15.697427	-31.000343	0.000000	
94.500000	15.696852	-30.975351	0.000000	
94.550000	15.696307	-30.950360	0.000000	
94.600000	15.695801	-30.925367	0.000000	
94.650000	15.695335	-30.900374	0.000000	
94.700000	15.694893	-30.875380	0.000000	
94.750000	15.694467	-30.850386	0.000000	
94.800000	15.694064	-30.825392	0.000000	
94.850000	15.693675	-30.800397	0.000000	
94.900000	15.693313	-30.775402	0.000000	
94.950000	15.692998	-30.750406	0.000000	
95.000000	15.692703	-30.725409	0.000000	
95.050000	15.692424	-30.700412	0.000000	
95.100000	15.692170	-30.675415	0.000000	
95.150000	15.691971	-30.650417	0.000000	
95.200000	15.691798	-30.625418	0.000000	
95.250000	15.691634	-30.600419	0.000000	
95.300000	15.691486	-30.575420	0.000000	
95.350000	15.691322	-30.550421	0.000000	
95.400000	15.691122	-30.525423	0.000000	
95.450000	15.690871	-30.500425	0.000000	
95.500000	15.690585	-30.475429	0.000000	
95.550000	15.690249	-30.450433	0.000000	
95.600000	15.689858	-30.425439	0.000000	
95.650000	15.689424	-30.400446	0.000000	
95.700000	15.688925	-30.375454	0.000000	
95.750000	15.688365	-30.350465	0.000000	
95.800000	15.687742	-30.325478	0.000000	
95.850000	15.687048	-30.300494	0.000000	
95.900000	15.686288	-30.275513	0.000000	
95.950000	15.685428	-30.250537	0.000000	
96.000000	15.684459	-30.225566	0.000000	
96.050000	15.683380	-30.200601	0.000000	
96.100000	15.682183	-30.175643	0.000000	
96.150000	15.680878	-30.150691	0.000000	
96.200000	15.679463	-30.125743	0.000000	
96.250000	15.677945	-30.100800	0.000000	
96.300000	15.676325	-30.075863	0.000000	
96.350000	15.674599	-30.050932	0.000000	
96.400000	15.672790	-30.026005	0.000000	
96.450000	15.670901	-30.001083	0.000000	
96.500000	15.668942	-29.976166	0.000000	
96.550000	15.666888	-29.951257	0.000000	
96.600000	15.664768	-29.926352	0.000000	
96.650000	15.662595	-29.901451	0.000000	
96.700000	15.660374	-29.876553	0.000000	
96.750000	15.658119	-29.851657	0.000000	
96.800000	15.655850	-29.826762	0.000000	
96.850000	15.653556	-29.801869	0.000000	
96.900000	15.651262	-29.776976	0.000000	
96.950000	15.648961	-29.752083	0.000000	
97.000000	15.646662	-29.727190	0.000000	
97.050000	15.644373	-29.702297	0.000000	
97.100000	15.642104	-29.677401	0.000000	
97.150000	15.639846	-29.652505	0.000000	
97.200000	15.637588	-29.627608	0.000000	
97.250000	15.635328	-29.602712	0.000000	
97.300000	15.633056	-29.577816	0.000000	
97.350000	15.630787	-29.552921	0.000000	
97.400000	15.628504	-29.528027	0.000000	
97.450000	15.626187	-29.503136	0.000000	
97.500000	15.623859	-29.478247	0.000000	
97.550000	15.621524	-29.453358	0.000000	
97.600000	15.619197	-29.428469	0.000000	
97.650000	15.616873	-29.403579	0.000000	
97.700000	15.614530	-29.378691	0.000000	
97.750000	15.612162	-29.353805	0.000000	
97.800000	15.609776	-29.328921	0.000000	
97.850000	15.607343	-29.304042	0.000000	
97.900000	15.604897	-29.279163	0.000000	
97.950000	15.602432	-29.254286	0.000000	
98.000000	15.599958	-29.229410	0.000000	
98.050000	15.597471	-29.204535	0.000000	
98.100000	15.594981	-29.179660	0.000000	
98.150000	15.592499	-29.154785	0.000000	
98.200000	15.590055	-29.129906	0.000000	
98.250000	15.587652	-29.105025	0.000000	
98.300000	15.585273	-29.080141	0.000000	
98.350000	15.582923	-29.055255	0.000000	
98.400000	15.580612	-29.030365	0.000000	
98.450000	15.578366	-29.005470	0.000000	
98.500000	15.576192	-28.980569	0.000000	
98.550000	15.574090	-28.955662	0.000000	
98.600000	15.572069	-28.930750	0.000000	
98.650000	15.570115	-28.905832	0.000000	
98.700000	15.568206	-28.880910	0.000000	
98.750000	15.566343	-28.855985	0.000000	
98.800000	15.564507	-28.831056	0.000000	
98.850000	15.562693	-28.806126	0.000000	
98.900000	15.560916	-28.781193	0.000000	
98.950000	15.559173	-28.756257	0.000000	
99.000000	15.557444	-28.731319	0.000000	
99.050000	15.555717	-28.706381	0.000000	
99.100000	15.553992	-28.681443	0.000000	
99.150000	15.552273	-28.656505	0.000000	
99.200000	15.550533	-28.631568	0.000000	
99.250000	15.548756	-28.606635	0.000000	
99.300000	15.546939	-28.581704	0.000000	
99.350000	15.545080	-28.556778	0.000000	
99.400000	15.543174	-28.531856	0.000000	
99.450000	15.541196	-28.506940	0.000000	
99.500000	15.539156	-28.482030	0.000000	
99.550000	15.537045	-28.457126	0.000000	
99.600000	15.534848	-28.432229	0.000000	
99.650000	15.532545	-28.407341	0.000000	
99.700000	15.530139	-28.382463	0.000000	
99.750000	15.527648	-28.357593	0.000000	
99.800000	15.525093	-28.332728	0.000000	
99.850000	15.522478	-28.307871	0.000000	
99.900000	15.519801	-28.283020	0.000000	
99.950000	15.517067	-28.258174	0.000000	
100.000000	15.514271	-28.233335	0.000000	
100.050000	15.511448	-28.208498	0.000000	
100.100000	15.508611	-28.183663	0.000000	
100.150000	15.505789	-28.158826	0.000000	
100.200000	15.502969	-28.133988	0.000000	
100.250000	15.500155	-28.109151	0.000000	
100.300000	15.497338	-28.084313	0.000000	
100.350000	15.494531	-28.059475	0.000000	
100.400000	15.491744	-28.034635	0.000000	
100.450000	15.488981	-28.009792	0.000000	
100.500000	15.486242	-27.984946	0.000000	
100.550000	15.483506	-27.960100	0.000000	
100.600000	15.480785	-27.935253	0.000000	
100.650000	15.478066	-27.910405	0.000000	
100.700000	15.475379	-27.885553	0.000000	
100.750000	15.472730	-27.860697	0.000000	
100.800000	15.470122	-27.835836	0.000000	
100.850000	15.467549	-27.810972	0.000000	
100.900000	15.465020	-27.786102	0.000000	
100.950000	15.462547	-27.761226	0.000000	
101.000000	15.460119	-27.736346	0.000000	
101.050000	15.457742	-27.711460	0.000000	
101.100000	15.455388	-27.686572	0.000000	
101.150000	15.453036	-27.661684	0.000000	
101.200000	15.450675	-27.636797	0.000000	
101.250000	15.448312	-27.611910	0.000000	
101.300000	15.445955	-27.587023	0.000000	
101.350000	15.443605	-27.562134	0.000000	
101.400000	15.441266	-27.537245	0.000000	
101.450000	15.438942	-27.512355	0.000000	
101.500000	15.436637	-27.487463	0.000000	
101.550000	15.434343	-27.462570	0.000000	
101.600000	15.432059	-27.437675	0.000000	
101.650000	15.429788	-27.412780	0.000000	
101.700000	15.427527	-27.387883	0.000000	
101.750000	15.425251	-27.362988	0.000000	
101.800000	15.422964	-27.338095	0.000000	
101.850000	15.420651	-27.313204	0.000000	
101.900000	15.418323	-27.288314	0.000000	
101.950000	15.415972	-27.263427	0.000000	
102.000000	15.413588	-27.238543	0.000000	
102.050000	15.411181	-27.213662	0.000000	
102.100000	15.408741	-27.188783	0.000000	
102.150000	15.406272	-27.163908	0.000000	
102.200000	15.403804	-27.139032	0.000000	
102.250000	15.401312	-27.114158	0.000000	
102.300000	15.398789	-27.089288	0.000000	
102.350000	15.396250	-27.064419	0.000000	
102.400000	15.393712	-27.039550	0.000000	
102.450000	15.391145	-27.014684	0.000000	
102.500000	15.388555	-26.989819	0.000000	
102.550000	15.385937	-26.964958	0.000000	
102.600000	15.383305	-26.940097	0.000000	
102.650000	15.380674	-26.915237	0.000000	
102.700000	15.378035	-26.890377	0.000000	
102.750000	15.375407	-26.865516	0.000000	
102.800000	15.372798	-26.840653	0.000000	
102.850000	15.370192	-26.815790	0.000000	
102.900000	15.367600	-26.790925	0.000000	
102.950000	15.365011	-26.766060	0.000000	
103.000000	15.362418	-26.741196	0.000000	
103.050000	15.359826	-26.716331	0.000000	
103.100000	15.357213	-26.691468	0.000000	
103.150000	15.354577	-26.666609	0.000000	
103.200000	15.351933	-26.641750	0.000000	
103.250000	15.349254	-26.616895	0.000000	
103.300000	15.346571	-26.592041	0.000000	
103.350000	15.343884	-26.567187	0.000000	
103.400000	15.341181	-26.542334	0.000000	
103.450000	15.338445	-26.517486	0.000000	
103.500000	15.335686	-26.492639	0.000000	
103.550000	15.332908	-26.467795	0.000000	
103.600000	15.330140	-26.442950	0.000000	
103.650000	15.327396	-26.418103	0.000000	
103.700000	15.324680	-26.393253	0.000000	
103.750000	15.321991	-26.368400	0.000000	
103.800000	15.319340	-26.343545	0.000000	
103.850000	15.316713	-26.318687	0.000000	
103.900000	15.314106	-26.293828	0.000000	
103.950000	15.311506	-26.268967	0.000000	
104.000000	15.308908	-26.244107	0.000000	
104.050000	15.306320	-26.219245	0.000000	
104.100000	15.303751	-26.194381	0.000000	
104.150000	15.301208	-26.169514	0.000000	
104.200000	15.298705	-26.144643	0.000000	
104.250000	15.296220	-26.119770	0.000000	
104.300000	15.293749	-26.094896	0.000000	
104.350000	15.291286	-26.070020	0.000000	
104.400000	15.288817	-26.045145	0.000000	
104.450000	15.286323	-26.020273	0.000000	
104.500000	15.283816	-25.995403	0.000000	
104.550000	15.281283	-25.970537	0.000000	
104.600000	15.278712	-25.945675	0.000000	
104.650000	15.276096	-25.920818	0.000000	
104.700000	15.273414	-25.895969	0.000000	
104.750000	15.270667	-25.871127	0.000000	
104.800000	15.267866	-25.846290	0.000000	
104.850000	15.264985	-25.821461	0.000000	
104.900000	15.262040	-25.796639	0.000000	
104.950000	15.259063	-25.771820	0.000000	
105.000000	15.256057	-25.747005	0.000000	
105.050000	15.253021	-25.722193	0.000000	
105.100000	15.249957	-25.697384	0.000000	
105.150000	15.246858	-25.672580	0.000000	
105.200000	15.243715	-25.647780	0.000000	
105.250000	15.240521	-25.622987	0.000000	
105.300000	15.237268	-25.598201	0.000000	
105.350000	15.233962	-25.573422	0.000000	
105.400000	15.230604	-25.548650	0.000000	
105.450000	15.227241	-25.523878	0.000000	
105.500000	15.223943	-25.499099	0.000000	
105.550000	15.220782	-25.474311	0.000000	
105.600000	15.217833	-25.449510	0.000000	
105.650000	15.215160	-25.424702	0.000000	
105.700000	15.212833	-25.399898	0.000000	
105.750000	15.210968	-25.375120	0.000000	
105.800000	15.209648	-25.350397	0.000000	
105.850000	15.208971	-25.325774	0.000000	
105.900000	15.209018	-25.301283	0.000000	
105.950000	15.209865	-25.276970	0.000000	
106.000000	15.211587	-25.252897	0.000000	
106.050000	15.214253	-25.229121	0.000000	
106.100000	15.217918	-25.205692	0.000000	
106.150000	15.222652	-25.182675	0.000000	
106.200000	15.228489	-25.160128	0.000000	
106.250000	15.235491	-25.138113	0.000000	
106.300000	15.243676	-25.116669	0.000000	
106.350000	15.253093	-25.095848	0.000000	
106.400000	15.263774	-25.075702	0.000000	
106.450000	15.275729	-25.056265	0.000000	
106.500000	15.288945	-25.037592	0.000000	
106.550000	15.303382	-25.019730	0.000000	
106.600000	15.318980	-25.002713	0.000000	
106.650000	15.335684	-24.986559	0.000000	
106.700000	15.353429	-24.971278	0.000000	
106.750000	15.372141	-24.956883	0.000000	
106.800000	15.391718	-24.943373	0.000000	
106.850000	15.412062	-24.930711	0.000000	
106.900000	15.433066	-24.918840	0.000000	
106.950000	15.454653	-24.907710	0.000000	
107.000000	15.476745	-24.897264	0.000000	
107.050000	15.499256	-24.887449	0.000000	
107.100000	15.522124	-24.878216	0.000000	
107.150000	15.545291	-24.869510	0.000000	
107.200000	15.568695	-24.861248	0.000000	
107.250000	15.592286	-24.853363	0.000000	
107.300000	15.616024	-24.845804	0.000000	
107.350000	15.639886	-24.838534	0.000000	
107.400000	15.663839	-24.831492	0.000000	
107.450000	15.687855	-24.824614	0.000000	
107.500000	15.711913	-24.817854	0.000000	
107.550000	15.735991	-24.811151	0.000000	
107.600000	15.760075	-24.804467	0.000000	
107.650000	15.784157	-24.797774	0.000000	
107.700000	15.808227	-24.791043	0.000000	
107.750000	15.832278	-24.784249	0.000000	
107.800000	15.856307	-24.777379	0.000000	
107.850000	15.880308	-24.770409	0.000000	
107.900000	15.904284	-24.763347	0.000000	
107.950000	15.928238	-24.756213	0.000000	
108.000000	15.952172	-24.749007	0.000000	
108.050000	15.976088	-24.741744	0.000000	
108.100000	15.999984	-24.734416	0.000000	
108.150000	16.023853	-24.726999	0.000000	
108.200000	16.047691	-24.719483	0.000000	
108.250000	16.071502	-24.711884	0.000000	
108.300000	16.095289	-24.704209	0.000000	
108.350000	16.119051	-24.696457	0.000000	
108.400000	16.142786	-24.688623	0.000000	
108.450000	16.166500	-24.680721	0.000000	
108.500000	16.190195	-24.672761	0.000000	
108.550000	16.213871	-24.664741	0.000000	
108.600000	16.237526	-24.656662	0.000000	
108.650000	16.261159	-24.648521	0.000000	
108.700000	16.284767	-24.640307	0.000000	
108.750000	16.308349	-24.632021	0.000000	
108.800000	16.331903	-24.623659	0.000000	
108.850000	16.355429	-24.615220	0.000000	
108.900000	16.378935	-24.606723	0.000000	
108.950000	16.402424	-24.598177	0.000000	
109.000000	16.425891	-24.589572	0.000000	
109.050000	16.449337	-24.580906	0.000000	
109.100000	16.472764	-24.572187	0.000000	
109.150000	16.496175	-24.563426	0.000000	
109.200000	16.519579	-24.554642	0.000000	
109.250000	16.542978	-24.545847	0.000000	
109.300000	16.566376	-24.537046	0.000000	
109.350000	16.589772	-24.528243	0.000000	
109.400000	16.613163	-24.519424	0.000000	
109.450000	16.636554	-24.510606	0.000000	
109.500000	16.659935	-24.501762	0.000000	
109.550000	16.683312	-24.492903	0.000000	
109.600000	16.706683	-24.484031	0.000000	
109.650000	16.730047	-24.475139	0.000000	
109.700000	16.753404	-24.466229	0.000000	
109.750000	16.776761	-24.457319	0.000000	
109.800000	16.800115	-24.448402	0.000000	
109.850000	16.823470	-24.439488	0.000000	
109.900000	16.846817	-24.430556	0.000000	
109.950000	16.870155	-24.421599	0.000000	
110.000000	16.893475	-24.412597	0.000000	
110.050000	16.916782	-24.403562	0.000000	
110.100000	16.940082	-24.394511	0.000000	
110.150000	16.963376	-24.385443	0.000000	
110.200000	16.986666	-24.376364	0.000000	
110.250000	17.009949	-24.367268	0.000000	
110.300000	17.033227	-24.358159	0.000000	
110.350000	17.056490	-24.349012	0.000000	
110.400000	17.079734	-24.339816	0.000000	
110.450000	17.102959	-24.330571	0.000000	
110.500000	17.126162	-24.321269	0.000000	
110.550000	17.149354	-24.311940	0.000000	
110.600000	17.172533	-24.302578	0.000000	
110.650000	17.195698	-24.293181	0.000000	
110.700000	17.218849	-24.283750	0.000000	
110.750000	17.241993	-24.274299	0.000000	
110.800000	17.265118	-24.264803	0.000000	
110.850000	17.288234	-24.255287	0.000000	
110.900000	17.311345	-24.245759	0.000000	
110.950000	17.334462	-24.236243	0.000000	
111.000000	17.357584	-24.226741	0.000000	
111.050000	17.380721	-24.217275	0.000000	
111.100000	17.403872	-24.207845	0.000000	
111.150000	17.427040	-24.198459	0.000000	
111.200000	17.450214	-24.189090	0.000000	
111.250000	17.473386	-24.179713	0.000000	
111.300000	17.496560	-24.170342	0.000000	
111.350000	17.519741	-24.160991	0.000000	
111.400000	17.542934	-24.151670	0.000000	
111.450000	17.566141	-24.142383	0.000000	
111.500000	17.589360	-24.133126	0.000000	
111.550000	17.612598	-24.123917	0.000000	
111.600000	17.635851	-24.114748	0.000000	
111.650000	17.659119	-24.105617	0.000000	
111.700000	17.682405	-24.096531	0.000000	
111.750000	17.705716	-24.087509	0.000000	
111.800000	17.729047	-24.078541	0.000000	
111.850000	17.752408	-24.069645	0.000000	
111.900000	17.775797	-24.060824	0.000000	
111.950000	17.799208	-24.052059	0.000000	
112.000000	17.822634	-24.043334	0.000000	
112.050000	17.846072	-24.034640	0.000000	
112.100000	17.869520	-24.025972	0.000000	
112.150000	17.892981	-24.017341	0.000000	
112.200000	17.916456	-24.008752	0.000000	
112.250000	17.939952	-24.000221	0.000000	
112.300000	17.963477	-23.991770	0.000000	
112.350000	17.987028	-23.983396	0.000000	
112.400000	18.010602	-23.975092	0.000000	
112.450000	18.034202	-23.966862	0.000000	
112.500000	18.057827	-23.958705	0.000000	
112.550000	18.081473	-23.950607	0.000000	
112.600000	18.105133	-23.942551	0.000000	
112.650000	18.128808	-23.934535	0.000000	
112.700000	18.152498	-23.926568	0.000000	
112.750000	18.176213	-23.918671	0.000000	
112.800000	18.199954	-23.910857	0.000000	
112.850000	18.223717	-23.903109	0.000000	
112.900000	18.247504	-23.895435	0.000000	
112.950000	18.271306	-23.887810	0.000000	
113.000000	18.295131	-23.880256	0.000000	
113.050000	18.318980	-23.872771	0.000000	
113.100000	18.342847	-23.865343	0.000000	
113.150000	18.366727	-23.857951	0.000000	
113.200000	18.390611	-23.850572	0.000000	
113.250000	18.414493	-23.843186	0.000000	
113.300000	18.438370	-23.835788	0.000000	
113.350000	18.462242	-23.828370	0.000000	
113.400000	18.486106	-23.820930	0.000000	
113.450000	18.509964	-23.813470	0.000000	
113.500000	18.533819	-23.806001	0.000000	
113.550000	18.557680	-23.798550	0.000000	
113.600000	18.581552	-23.791135	0.000000	
113.650000	18.605439	-23.783768	0.000000	
113.700000	18.629333	-23.776425	0.000000	
113.750000	18.653229	-23.769090	0.000000	
113.800000	18.677123	-23.761745	0.000000	
113.850000	18.701007	-23.754367	0.000000	
113.900000	18.724881	-23.746959	0.000000	
113.950000	18.748746	-23.739521	0.000000	
114.000000	18.772610	-23.732079	0.000000	
114.050000	18.796470	-23.724623	0.000000	
114.100000	18.820331	-23.717169	0.000000	
114.150000	18.844200	-23.709744	0.000000	
114.200000	18.868079	-23.702351	0.000000	
114.250000	18.891966	-23.694984	0.000000	
114.300000	18.915859	-23.687635	0.000000	
114.350000	18.939757	-23.680302	0.000000	
114.400000	18.963665	-23.673000	0.000000	
114.450000	18.987582	-23.665727	0.000000	
114.500000	19.011509	-23.658484	0.000000	
114.550000	19.035442	-23.651265	0.000000	
114.600000	19.059376	-23.644048	0.000000	
114.650000	19.083315	-23.636846	0.000000	
114.700000	19.107256	-23.629654	0.000000	
114.750000	19.131207	-23.622499	0.000000	
114.800000	19.155169	-23.615377	0.000000	
114.850000	19.179136	-23.608277	0.000000	
114.900000	19.203118	-23.601224	0.000000	
114.950000	19.227116	-23.594225	0.000000	
115.000000	19.251130	-23.587283	0.000000	
115.050000	19.275156	-23.580384	0.000000	
115.100000	19.299198	-23.573542	0.000000	
115.150000	19.323251	-23.566739	0.000000	
115.200000	19.347305	-23.559942	0.000000	
115.250000	19.371363	-23.553155	0.000000	
115.300000	19.395425	-23.546386	0.000000	
115.350000	19.419501	-23.539662	0.000000	
115.400000	19.443595	-23.533003	0.000000	
115.450000	19.467705	-23.526399	0.000000	
115.500000	19.491825	-23.519828	0.000000	
115.550000	19.515949	-23.513273	0.000000	
115.600000	19.540077	-23.506735	0.000000	
115.650000	19.564215	-23.500231	0.000000	
115.700000	19.588356	-23.493736	0.000000	
115.750000	19.612501	-23.487257	0.000000	
115.800000	19.636643	-23.480770	0.000000	
115.850000	19.660787	-23.474287	0.000000	
115.900000	19.684938	-23.467831	0.000000	
115.950000	19.709093	-23.461389	0.000000	
116.000000	19.733249	-23.454952	0.000000	
116.050000	19.757404	-23.448512	0.000000	
116.100000	19.781557	-23.442064	0.000000	
116.150000	19.805702	-23.435583	0.000000	
116.200000	19.829844	-23.429091	0.000000	
116.250000	19.853990	-23.422617	0.000000	
116.300000	19.878143	-23.416168	0.000000	
116.350000	19.902302	-23.409740	0.000000	
116.400000	19.926460	-23.403308	0.000000	
116.450000	19.950614	-23.396862	0.000000	
116.500000	19.974764	-23.390398	0.000000	
116.550000	19.998913	-23.383934	0.000000	
116.600000	20.023068	-23.377490	0.000000	
116.650000	20.047226	-23.371060	0.000000	
116.700000	20.071386	-23.364635	0.000000	
116.750000	20.095552	-23.358234	0.000000	
116.800000	20.119716	-23.351827	0.000000	
116.850000	20.143883	-23.345429	0.000000	
116.900000	20.168054	-23.339047	0.000000	
116.950000	20.192229	-23.332679	0.000000	
117.000000	20.216403	-23.326310	0.000000	
117.050000	20.240577	-23.319937	0.000000	
117.100000	20.264748	-23.313558	0.000000	
117.150000	20.288920	-23.307177	0.000000	
117.200000	20.313093	-23.300806	0.000000	
117.250000	20.337269	-23.294440	0.000000	
117.300000	20.361442	-23.288065	0.000000	
117.350000	20.385616	-23.281697	0.000000	
117.400000	20.409797	-23.275352	0.000000	
117.450000	20.433990	-23.269056	0.000000	
117.500000	20.458197	-23.262818	0.000000	
117.550000	20.482419	-23.256642	0.000000	
117.600000	20.506655	-23.250521	0.000000	
117.650000	20.530902	-23.244451	0.000000	
117.700000	20.555163	-23.238440	0.000000	
117.750000	20.579440	-23.232497	0.000000	
117.800000	20.603731	-23.226622	0.000000	
117.850000	20.628042	-23.220837	0.000000	
117.900000	20.652371	-23.215130	0.000000	
117.950000	20.676715	-23.209486	0.000000	
118.000000	20.701073	-23.203909	0.000000	
118.050000	20.725445	-23.198394	0.000000	
118.100000	20.749839	-23.192973	0.000000	
118.150000	20.774253	-23.187636	0.000000	
118.200000	20.798689	-23.182399	0.000000	
118.250000	20.823146	-23.177254	0.000000	
118.300000	20.847623	-23.172202	0.000000	
118.350000	20.872125	-23.167259	0.000000	
118.400000	20.896648	-23.162423	0.000000	
118.450000	20.921188	-23.157668	0.000000	
118.500000	20.945740	-23.152975	0.000000	
118.550000	20.970303	-23.148335	0.000000	
118.600000	20.994877	-23.143757	0.000000	
118.650000	21.019465	-23.139249	0.000000	
118.700000	21.044066	-23.134823	0.000000	
118.750000	21.068682	-23.130478	0.000000	
118.800000	21.093309	-23.126207	0.000000	
118.850000	21.117946	-23.121995	0.000000	
118.900000	21.142590	-23.117825	0.000000	
118.950000	21.167243	-23.113706	0.000000	
119.000000	21.191906	-23.109652	0.000000	
119.050000	21.216580	-23.105658	0.000000	
119.100000	21.241266	-23.101742	0.000000	
119.150000	21.265961	-23.097871	0.000000	
119.200000	21.290662	-23.094044	0.000000	
119.250000	21.315371	-23.090257	0.000000	
119.300000	21.340089	-23.086534	0.000000	
119.350000	21.364816	-23.082866	0.000000	
119.400000	21.389548	-23.079230	0.000000	
119.450000	21.414281	-23.075601	0.000000	
119.500000	21.439016	-23.071985	0.000000	
119.550000	21.463755	-23.068388	0.000000	
119.600000	21.488494	-23.064794	0.000000	
119.650000	21.513229	-23.061176	0.000000	
119.700000	21.537956	-23.057515	0.000000	
119.750000	21.562675	-23.053801	0.000000	
119.800000	21.587384	-23.050025	0.000000	
119.850000	21.612080	-23.046170	0.000000	
119.900000	21.636766	-23.042257	0.000000	
119.950000	21.661446	-23.038304	0.000000	
120.000000	21.686122	-23.034325	0.000000	
120.050000	21.710791	-23.030306	0.000000	
120.100000	21.735454	-23.026245	0.000000	
120.150000	21.760110	-23.022140	0.000000	
120.200000	21.784760	-23.017995	0.000000	
120.250000	21.809406	-23.013830	0.000000	
120.300000	21.834046	-23.009629	0.000000	
120.350000	21.858682	-23.005392	0.000000	
120.400000	21.883312	-23.001125	0.000000	
120.450000	21.907938	-22.996825	0.000000	
120.500000	21.932561	-22.992511	0.000000	
120.550000	21.957185	-22.988196	0.000000	
120.600000	21.981810	-22.983892	0.000000	
120.650000	22.006436	-22.979594	0.000000	
120.700000	22.031064	-22.975311	0.000000	
120.750000	22.055695	-22.971040	0.000000	
120.800000	22.080329	-22.966787	0.000000	
120.850000	22.104968	-22.962560	0.000000	
120.900000	22.129616	-22.958383	0.000000	
120.950000	22.154269	-22.954241	0.000000	
121.000000	22.178924	-22.950109	0.000000	
121.050000	22.203577	-22.945961	0.000000	
121.100000	22.228228	-22.941807	0.000000	
121.150000	22.252877	-22.937639	0.000000	
121.200000	22.277523	-22.933452	0.000000	
121.250000	22.302166	-22.929253	0.000000	
121.300000	22.326807	-22.925046	0.000000	
121.350000	22.351449	-22.920837	0.000000	
121.400000	22.376090	-22.916626	0.000000	
121.450000	22.400729	-22.912402	0.000000	
121.500000	22.425369	-22.908187	0.000000	
121.550000	22.450010	-22.903971	0.000000	
121.600000	22.474647	-22.899737	0.000000	
121.650000	22.499279	-22.895473	0.000000	
121.700000	22.523910	-22.891197	0.000000	
121.750000	22.548541	-22.886929	0.000000	
121.800000	22.573179	-22.882696	0.000000	
121.850000	22.597821	-22.878494	0.000000	
121.900000	22.622467	-22.874315	0.000000	
121.950000	22.647115	-22.870153	0.000000	
122.000000	22.671769	-22.866028	0.000000	
122.050000	22.696432	-22.861972	0.000000	
122.100000	22.721108	-22.857999	0.000000	
122.150000	22.745795	-22.854104	0.000000	
122.200000	22.770496	-22.850302	0.000000	
122.250000	22.795210	-22.846589	0.000000	
122.300000	22.819939	-22.842968	0.000000	
122.350000	22.844676	-22.839409	0.000000	
122.400000	22.869424	-22.835916	0.000000	
122.450000	22.894178	-22.832469	0.000000	
122.500000	22.918942	-22.829089	0.000000	
122.550000	22.943713	-22.825759	0.000000	
122.600000	22.968492	-22.822490	0.000000	
122.650000	22.993283	-22.819311	0.000000	
122.700000	23.018087	-22.816232	0.000000	
122.750000	23.042906	-22.813263	0.000000	
122.800000	23.067736	-22.810396	0.000000	
122.850000	23.092576	-22.807606	0.000000	
122.900000	23.117424	-22.804903	0.000000	
122.950000	23.142283	-22.802296	0.000000	
123.000000	23.167151	-22.799779	0.000000	
123.050000	23.192024	-22.797323	0.000000	
123.100000	23.216903	-22.794928	0.000000	
123.150000	23.241787	-22.792585	0.000000	
123.200000	23.266675	-22.790287	0.000000	
123.250000	23.291567	-22.788031	0.000000	
123.300000	23.316464	-22.785842	0.000000	
123.350000	23.341367	-22.783717	0.000000	
123.400000	23.366277	-22.781678	0.000000	
123.450000	23.391195	-22.779740	0.000000	
123.500000	23.416123	-22.777925	0.000000	
123.550000	23.441057	-22.776233	0.000000	
123.600000	23.466000	-22.774650	0.000000	
123.650000	23.490949	-22.773155	0.000000	
123.700000	23.515903	-22.771749	0.000000	
123.750000	23.540861	-22.770418	0.000000	
123.800000	23.565823	-22.769155	0.000000	
123.850000	23.590788	-22.767946	0.000000	
123.900000	23.615756	-22.766795	0.000000	
123.950000	23.640727	-22.765683	0.000000	
124.000000	23.665698	-22.764594	0.000000	
124.050000	23.690671	-22.763538	0.000000	
124.100000	23.715646	-22.762509	0.000000	
124.150000	23.740622	-22.761498	0.000000	
124.200000	23.765599	-22.760510	0.000000	
124.250000	23.790578	-22.759560	0.000000	
124.300000	23.815558	-22.758623	0.000000	
124.350000	23.840539	-22.757697	0.000000	
124.400000	23.865521	-22.756805	0.000000	
124.450000	23.890505	-22.755949	0.000000	
124.500000	23.915489	-22.755115	0.000000	
124.550000	23.940473	-22.754269	0.000000	
124.600000	23.965456	-22.753408	0.000000	
124.650000	23.990440	-22.752534	0.000000	
124.700000	24.015422	-22.751650	0.000000	
124.750000	24.040405	-22.750753	0.000000	
124.800000	24.065387	-22.749859	0.000000	
124.850000	24.090370	-22.748958	0.000000	
124.900000	24.115352	-22.748070	0.000000	
124.950000	24.140336	-22.747205	0.000000	
125.000000	24.165319	-22.746361	0.000000	
125.050000	24.190304	-22.745528	0.000000	
125.100000	24.215288	-22.744706	0.000000	
125.150000	24.240273	-22.743895	0.000000	
125.200000	24.265258	-22.743078	0.000000	
125.250000	24.290243	-22.742258	0.000000	
125.300000	24.315228	-22.741447	0.000000	
125.350000	24.340214	-22.740662	0.000000	
125.400000	24.365201	-22.739898	0.000000	
125.450000	24.390188	-22.739133	0.000000	
125.500000	24.415175	-22.738366	0.000000	
125.550000	24.440162	-22.737600	0.000000	
125.600000	24.465149	-22.736853	0.000000	
125.650000	24.490137	-22.736106	0.000000	
125.700000	24.515124	-22.735363	0.000000	
125.750000	24.540113	-22.734642	0.000000	
125.800000	24.565101	-22.733946	0.000000	
125.850000	24.590090	-22.733260	0.000000	
125.900000	24.615080	-22.732580	0.000000	
125.950000	24.640069	-22.731898	0.000000	
126.000000	24.665058	-22.731211	0.000000	
126.050000	24.690047	-22.730539	0.000000	
126.100000	24.715037	-22.729884	0.000000	
126.150000	24.740027	-22.729255	0.000000	
126.200000	24.765018	-22.728682	0.000000	
126.250000	24.790011	-22.728197	0.000000	
126.300000	24.815004	-22.727790	0.000000	
126.350000	24.839999	-22.727440	0.000000	
126.400000	24.864994	-22.727136	0.000000	
126.450000	24.889990	-22.726859	0.000000	
126.500000	24.914986	-22.726634	0.000000	
126.550000	24.939982	-22.726467	0.000000	
126.600000	24.964978	-22.726334	0.000000	
126.650000	24.989975	-22.726243	0.000000	
126.700000	25.014970	-22.726212	0.000000	
126.750000	25.039966	-22.726253	0.000000	
126.800000	25.064963	-22.726347	0.000000	
126.850000	25.089958	-22.726497	0.000000	
126.900000	25.114953	-22.726705	0.000000	
126.950000	25.139948	-22.726990	0.000000	
127.000000	25.164942	-22.727326	0.000000	
127.050000	25.189936	-22.727725	0.000000	
127.100000	25.214929	-22.728170	0.000000	
127.150000	25.239922	-22.728666	0.000000	
127.200000	25.264915	-22.729192	0.000000	
127.250000	25.289908	-22.729728	0.000000	
127.300000	25.314901	-22.730258	0.000000	
127.350000	25.339893	-22.730798	0.000000	
127.400000	25.364886	-22.731363	0.000000	
127.450000	25.389877	-22.731980	0.000000	
127.500000	25.414867	-22.732635	0.000000	
127.550000	25.439857	-22.733299	0.000000	
127.600000	25.464848	-22.733941	0.000000	
127.650000	25.489839	-22.734594	0.000000	
127.700000	25.514829	-22.735250	0.000000	
127.750000	25.539820	-22.735903	0.000000	
127.800000	25.564811	-22.736542	0.000000	
127.850000	25.589801	-22.737192	0.000000	
127.900000	25.614792	-22.737844	0.000000	
127.950000	25.639782	-22.738502	0.000000	
128.000000	25.664773	-22.739143	0.000000	
128.050000	25.689764	-22.739786	0.000000	
128.100000	25.714756	-22.740414	0.000000	
128.150000	25.739747	-22.741023	0.000000	
128.200000	25.764739	-22.741635	0.000000	
128.250000	25.789730	-22.742264	0.000000	
128.300000	25.814721	-22.742921	0.000000	
128.350000	25.839711	-22.743594	0.000000	
128.400000	25.864701	-22.744259	0.000000	
128.450000	25.889692	-22.744901	0.000000	
128.500000	25.914683	-22.745494	0.000000	
128.550000	25.939676	-22.746064	0.000000	
128.600000	25.964668	-22.746639	0.000000	
128.650000	25.989660	-22.747220	0.000000	
128.700000	26.014653	-22.747787	0.000000	
128.750000	26.039645	-22.748329	0.000000	
128.800000	26.064638	-22.748854	0.000000	
128.850000	26.089631	-22.749380	0.000000	
128.900000	26.114624	-22.749893	0.000000	
128.950000	26.139618	-22.750399	0.000000	
129.000000	26.164612	-22.750889	0.000000	
129.050000	26.189606	-22.751362	0.000000	
129.100000	26.214601	-22.751833	0.000000	
129.150000	26.239595	-22.752304	0.000000	
129.200000	26.264589	-22.752794	0.000000	
129.250000	26.289583	-22.753278	0.000000	
129.300000	26.314578	-22.753735	0.000000	
129.350000	26.339574	-22.754155	0.000000	
129.400000	26.364570	-22.754550	0.000000	
129.450000	26.389566	-22.754942	0.000000	
129.500000	26.414562	-22.755321	0.000000	
129.550000	26.439558	-22.755699	0.000000	
129.600000	26.464555	-22.756073	0.000000	
129.650000	26.489551	-22.756417	0.000000	
129.700000	26.514548	-22.756731	0.000000	
129.750000	26.539544	-22.757030	0.000000	
129.800000	26.564541	-22.757324	0.000000	
129.850000	26.589538	-22.757610	0.000000	
129.900000	26.614535	-22.757884	0.000000	
129.950000	26.639532	-22.758149	0.000000	
130.000000	26.664529	-22.758373	0.000000	
130.050000	26.689527	-22.758578	0.000000	
130.100000	26.714525	-22.758773	0.000000	
130.150000	26.739523	-22.758950	0.000000	
130.200000	26.764522	-22.759110	0.000000	
130.250000	26.789521	-22.759225	0.000000	
130.300000	26.814520	-22.759313	0.000000	
130.350000	26.839519	-22.759372	0.000000	
130.400000	26.864518	-22.759390	0.000000	
130.450000	26.889517	-22.759379	0.000000	
130.500000	26.914516	-22.759325	0.000000	
130.550000	26.939514	-22.759236	0.000000	
130.600000	26.964512	-22.759116	0.000000	
130.650000	26.989510	-22.758966	0.000000	
130.700000	27.014507	-22.758790	0.000000	
130.750000	27.039504	-22.758606	0.000000	
130.800000	27.064501	-22.758399	0.000000	
130.850000	27.089498	-22.758169	0.000000	
130.900000	27.114495	-22.757910	0.000000	
130.950000	27.139491	-22.757609	0.000000	
131.000000	27.164486	-22.757253	0.000000	
131.050000	27.189480	-22.756844	0.000000	
131.100000	27.214472	-22.756356	0.000000	
131.150000	27.239462	-22.755805	0.000000	
131.200000	27.264452	-22.755181	0.000000	
131.250000	27.289439	-22.754493	0.000000	
131.300000	27.314425	-22.753737	0.000000	
131.350000	27.339407	-22.752899	0.000000	
131.400000	27.364387	-22.752004	0.000000	
131.450000	27.389365	-22.751054	0.000000	
131.500000	27.414338	-22.750019	0.000000	
131.550000	27.439306	-22.748897	0.000000	
131.600000	27.464271	-22.747707	0.000000	
131.650000	27.489232	-22.746448	0.000000	
131.700000	27.514189	-22.745123	0.000000	
131.750000	27.539144	-22.743733	0.000000	
131.800000	27.564093	-22.742252	0.000000	
131.850000	27.589038	-22.740697	0.000000	
131.900000	27.613980	-22.739075	0.000000	
131.950000	27.638919	-22.737395	0.000000	
132.000000	27.663856	-22.735656	0.000000	
132.050000	27.688788	-22.733860	0.000000	
132.100000	27.713718	-22.732022	0.000000	
132.150000	27.738646	-22.730157	0.000000	
132.200000	27.763570	-22.728237	0.000000	
132.250000	27.788489	-22.726249	0.000000	
132.300000	27.813404	-22.724206	0.000000	
132.350000	27.838315	-22.722114	0.000000	
132.400000	27.863222	-22.719989	0.000000	
132.450000	27.888128	-22.717832	0.000000	
132.500000	27.913032	-22.715653	0.000000	
132.550000	27.937933	-22.713451	0.000000	
132.600000	27.962834	-22.711242	0.000000	
132.650000	27.987734	-22.709020	0.000000	
132.700000	28.012631	-22.706772	0.000000	
132.750000	28.037523	-22.704473	0.000000	
132.800000	28.062410	-22.702122	0.000000	
132.850000	28.087295	-22.699755	0.000000	
132.900000	28.112177	-22.697347	0.000000	
132.950000	28.137052	-22.694885	0.000000	
133.000000	28.161920	-22.692342	0.000000	
133.050000	28.186782	-22.689746	0.000000	
133.100000	28.211637	-22.687091	0.000000	
133.150000	28.236486	-22.684371	0.000000	
133.200000	28.261326	-22.681582	0.000000	
133.250000	28.286163	-22.678753	0.000000	
133.300000	28.310996	-22.675901	0.000000	
133.350000	28.335823	-22.672995	0.000000	
133.400000	28.360644	-22.670042	0.000000	
133.450000	28.385461	-22.667051	0.000000	
133.500000	28.410273	-22.664013	0.000000	
133.550000	28.435078	-22.660918	0.000000	
133.600000	28.459879	-22.657786	0.000000	
133.650000	28.484674	-22.654604	0.000000	
133.700000	28.509462	-22.651369	0.000000	
133.750000	28.534244	-22.648086	0.000000	
133.800000	28.559022	-22.644769	0.000000	
133.850000	28.583797	-22.641427	0.000000	
133.900000	28.608564	-22.638034	0.000000	
133.950000	28.633325	-22.634590	0.000000	
134.000000	28.658076	-22.631083	0.000000	
134.050000	28.682816	-22.627511	0.000000	
134.100000	28.707545	-22.623865	0.000000	
134.150000	28.732265	-22.620165	0.000000	
134.200000	28.756975	-22.616406	0.000000	
134.250000	28.781675	-22.612581	0.000000	
134.300000	28.806358	-22.608664	0.000000	
134.350000	28.831029	-22.604668	0.000000	
134.400000	28.855692	-22.600624	0.000000	
134.450000	28.880344	-22.596515	0.000000	
134.500000	28.904981	-22.592317	0.000000	
134.550000	28.929602	-22.588026	0.000000	
134.600000	28.954209	-22.583656	0.000000	
134.650000	28.978801	-22.579199	0.000000	
134.700000	29.003382	-22.574677	0.000000	
134.750000	29.027948	-22.570072	0.000000	
134.800000	29.052496	-22.565373	0.000000	
134.850000	29.077026	-22.560576	0.000000	
134.900000	29.101535	-22.555673	0.000000	
134.950000	29.126023	-22.550660	0.000000	
135.000000	29.150493	-22.545564	0.000000	
135.050000	29.174952	-22.540414	0.000000	
135.100000	29.199406	-22.535233	0.000000	
135.150000	29.223849	-22.530003	0.000000	
135.200000	29.248278	-22.524710	0.000000	
135.250000	29.272696	-22.519361	0.000000	
135.300000	29.297106	-22.513979	0.000000	
135.350000	29.321511	-22.508574	0.000000	
135.400000	29.345907	-22.503122	0.000000	
135.450000	29.370286	-22.497597	0.000000	
135.500000	29.394656	-22.492032	0.000000	
135.550000	29.419021	-22.486441	0.000000	
135.600000	29.443378	-22.480815	0.000000	
135.650000	29.467729	-22.475164	0.000000	
135.700000	29.492079	-22.469506	0.000000	
135.750000	29.516421	-22.463814	0.000000	
135.800000	29.540758	-22.458100	0.000000	
135.850000	29.565092	-22.452370	0.000000	
135.900000	29.589423	-22.446627	0.000000	
135.950000	29.613753	-22.440884	0.000000	
136.000000	29.638090	-22.435168	0.000000	
136.050000	29.662429	-22.429460	0.000000	
136.100000	29.686765	-22.423741	0.000000	
136.150000	29.711095	-22.417992	0.000000	
136.200000	29.735424	-22.412243	0.000000	
136.250000	29.759759	-22.406517	0.000000	
136.300000	29.784101	-22.400826	0.000000	
136.350000	29.808446	-22.395147	0.000000	
136.400000	29.832796	-22.389488	0.000000	
136.450000	29.857148	-22.383839	0.000000	
136.500000	29.881510	-22.378233	0.000000	
136.550000	29.905880	-22.372663	0.000000	
136.600000	29.930257	-22.367126	0.000000	
136.650000	29.954644	-22.361633	0.000000	
136.700000	29.979034	-22.356156	0.000000	
136.750000	30.003427	-22.350690	0.000000	
136.800000	30.027828	-22.345263	0.000000	
136.850000	30.052239	-22.339883	0.000000	
136.900000	30.076662	-22.334557	0.000000	
136.950000	30.101097	-22.329281	0.000000	
137.000000	30.125540	-22.324046	0.000000	
137.050000	30.149989	-22.318839	0.000000	
137.100000	30.174450	-22.313687	0.000000	
137.150000	30.198923	-22.308594	0.000000	
137.200000	30.223410	-22.303567	0.000000	
137.250000	30.247908	-22.298588	0.000000	
137.300000	30.272410	-22.293630	0.000000	
137.350000	30.296914	-22.288683	0.000000	
137.400000	30.321421	-22.283750	0.000000	
137.450000	30.345928	-22.278819	0.000000	
137.500000	30.370437	-22.273892	0.000000	
137.550000	30.394941	-22.268946	0.000000	
137.600000	30.419439	-22.263972	0.000000	
137.650000	30.443928	-22.258956	0.000000	
137.700000	30.468405	-22.253888	0.000000	
137.750000	30.492876	-22.248795	0.000000	
137.800000	30.517343	-22.243680	0.000000	
137.850000	30.541804	-22.238537	0.000000	
137.900000	30.566256	-22.233356	0.000000	
137.950000	30.590703	-22.228143	0.000000	
138.000000	30.615143	-22.222903	0.000000	
138.050000	30.639575	-22.217626	0.000000	
138.100000	30.664000	-22.212317	0.000000	
138.150000	30.688419	-22.206974	0.000000	
138.200000	30.712830	-22.201595	0.000000	
138.250000	30.737233	-22.196175	0.000000	
138.300000	30.761627	-22.190713	0.000000	
138.350000	30.786019	-22.185238	0.000000	
138.400000	30.810409	-22.179756	0.000000	
138.450000	30.834798	-22.174271	0.000000	
138.500000	30.859190	-22.168795	0.000000	
138.550000	30.883588	-22.163352	0.000000	
138.600000	30.907992	-22.157936	0.000000	
138.650000	30.932403	-22.152554	0.000000	
138.700000	30.956826	-22.147223	0.000000	
138.750000	30.981260	-22.141946	0.000000	
138.800000	31.005706	-22.136721	0.000000	
138.850000	31.030159	-22.131527	0.000000	
138.900000	31.054613	-22.126337	0.000000	
138.950000	31.079070	-22.121164	0.000000	
139.000000	31.103529	-22.116001	0.000000	
139.050000	31.127996	-22.110872	0.000000	
139.100000	31.152474	-22.105797	0.000000	
139.150000	31.176962	-22.100770	0.000000	
139.200000	31.201457	-22.095779	0.000000	
139.250000	31.225959	-22.090822	0.000000	
139.300000	31.250469	-22.085908	0.000000	
139.350000	31.274991	-22.081047	0.000000	
139.400000	31.299520	-22.076226	0.000000	
139.450000	31.324053	-22.071422	0.000000	
139.500000	31.348587	-22.066623	0.000000	
139.550000	31.373118	-22.061812	0.000000	
139.600000	31.397642	-22.056967	0.000000	
139.650000	31.422159	-22.052093	0.000000	
139.700000	31.446668	-22.047178	0.000000	
139.750000	31.471169	-22.042224	0.000000	
139.800000	31.495661	-22.037232	0.000000	
139.850000	31.520145	-22.032203	0.000000	
139.900000	31.544627	-22.027161	0.000000	
139.950000	31.569107	-22.022110	0.000000	
140.000000	31.593587	-22.017061	0.000000	
140.050000	31.618069	-22.012022	0.000000	
140.100000	31.642552	-22.006988	0.000000	
140.150000	31.667034	-22.001949	0.000000	
140.200000	31.691516	-21.996906	0.000000	
140.250000	31.715994	-21.991846	0.000000	
140.300000	31.740467	-21.986757	0.000000	
140.350000	31.764936	-21.981649	0.000000	
140.400000	31.789402	-21.976529	0.000000	
140.450000	31.813865	-21.971391	0.000000	
140.500000	31.838329	-21.966253	0.000000	
140.550000	31.862793	-21.961122	0.000000	
140.600000	31.887265	-21.956025	0.000000	
140.650000	31.911749	-21.950992	0.000000	
140.700000	31.936246	-21.946022	0.000000	
140.750000	31.960758	-21.941131	0.000000	
140.800000	31.985286	-21.936314	0.000000	
140.850000	32.009831	-21.931589	0.000000	
140.900000	32.034392	-21.926952	0.000000	
140.950000	32.058968	-21.922393	0.000000	
141.000000	32.083561	-21.917930	0.000000	
141.050000	32.108167	-21.913539	0.000000	
141.100000	32.132785	-21.909216	0.000000	
141.150000	32.157413	-21.904960	0.000000	
141.200000	32.182051	-21.900758	0.000000	
141.250000	32.206699	-21.896621	0.000000	
141.300000	32.231360	-21.892560	0.000000	
141.350000	32.256038	-21.888608	0.000000	
141.400000	32.280732	-21.884746	0.000000	
141.450000	32.305435	-21.880947	0.000000	
141.500000	32.330149	-21.877213	0.000000	
141.550000	32.354874	-21.873546	0.000000	
141.600000	32.379612	-21.869963	0.000000	
141.650000	32.404362	-21.866456	0.000000	
141.700000	32.429120	-21.863012	0.000000	
141.750000	32.453887	-21.859620	0.000000	
141.800000	32.478661	-21.856286	0.000000	
141.850000	32.503443	-21.853003	0.000000	
141.900000	32.528232	-21.849773	0.000000	
141.950000	32.553028	-21.846601	0.000000	
142.000000	32.577830	-21.843476	0.000000	
142.050000	32.602635	-21.840376	0.000000	
142.100000	32.627445	-21.837319	0.000000	
142.150000	32.652260	-21.834293	0.000000	
142.200000	32.677077	-21.831288	0.000000	
142.250000	32.701900	-21.828322	0.000000	
142.300000	32.726725	-21.825382	0.000000	
142.350000	32.751552	-21.822455	0.000000	
142.400000	32.776381	-21.819542	0.000000	
142.450000	32.801210	-21.816633	0.000000	
142.500000	32.826042	-21.813751	0.000000	
142.550000	32.850876	-21.810882	0.000000	
142.600000	32.875712	-21.808027	0.000000	
142.650000	32.900550	-21.805193	0.000000	
142.700000	32.925391	-21.802387	0.000000	
142.750000	32.950236	-21.799620	0.000000	
142.800000	32.975088	-21.796923	0.000000	
142.850000	32.999946	-21.794296	0.000000	
142.900000	33.024811	-21.791751	0.000000	
142.950000	33.049682	-21.789295	0.000000	
143.000000	33.074558	-21.786917	0.000000	
143.050000	33.099441	-21.784632	0.000000	
143.100000	33.124331	-21.782473	0.000000	
143.150000	33.149229	-21.780426	0.000000	
143.200000	33.174134	-21.778489	0.000000	
143.250000	33.199047	-21.776657	0.000000	
143.300000	33.223966	-21.774909	0.000000	
143.350000	33.248891	-21.773239	0.000000	
143.400000	33.273824	-21.771676	0.000000	
143.450000	33.298763	-21.770205	0.000000	
143.500000	33.323710	-21.768830	0.000000	
143.550000	33.348663	-21.767545	0.000000	
143.600000	33.373624	-21.766351	0.000000	
143.650000	33.398592	-21.765228	0.000000	
143.700000	33.423564	-21.764166	0.000000	
143.750000	33.448540	-21.763154	0.000000	
143.800000	33.473519	-21.762191	0.000000	
143.850000	33.498500	-21.761271	0.000000	
143.900000	33.523482	-21.760370	0.000000	
143.950000	33.548465	-21.759486	0.000000	
144.000000	33.573448	-21.758613	0.000000	
144.050000	33.598431	-21.757739	0.000000	
144.100000	33.623413	-21.756836	0.000000	
144.150000	33.648394	-21.755895	0.000000	
144.200000	33.673374	-21.754924	0.000000	
144.250000	33.698353	-21.753934	0.000000	
144.300000	33.723332	-21.752937	0.000000	
144.350000	33.748312	-21.751955	0.000000	
144.400000	33.773293	-21.751010	0.000000	
144.450000	33.798274	-21.750102	0.000000	
144.500000	33.823256	-21.749217	0.000000	
144.550000	33.848238	-21.748384	0.000000	
144.600000	33.873222	-21.747595	0.000000	
144.650000	33.898206	-21.746856	0.000000	
144.700000	33.923193	-21.746192	0.000000	
144.750000	33.948181	-21.745583	0.000000	
144.800000	33.973171	-21.745035	0.000000	
144.850000	33.998162	-21.744540	0.000000	
144.900000	34.023153	-21.744106	0.000000	
144.950000	34.048145	-21.743762	0.000000	
145.000000	34.073133	-21.743554	0.000000	
145.050000	34.098111	-21.743533	0.000000	
145.100000	34.123068	-21.743780	0.000000	
145.150000	34.147996	-21.744355	0.000000	
145.200000	34.172873	-21.745327	0.000000	
145.250000	34.197677	-21.746765	0.000000	
145.300000	34.222389	-21.748708	0.000000	
145.350000	34.246982	-21.751213	0.000000	
145.400000	34.271430	-21.754319	0.000000	
145.450000	34.295692	-21.758079	0.000000	
145.500000	34.319728	-21.762534	0.000000	
145.550000	34.343510	-21.767733	0.000000	
145.600000	34.367010	-21.773695	0.000000	
145.650000	34.390191	-21.780467	0.000000	
145.700000	34.413005	-21.788106	0.000000	
145.750000	34.435428	-21.796623	0.000000	
145.800000	34.457413	-21.806069	0.000000	
145.850000	34.478920	-21.816468	0.000000	
145.900000	34.499909	-21.827846	0.000000	
145.950000	34.520366	-21.840196	0.000000	
146.000000	34.540260	-21.853515	0.000000	
146.050000	34.559574	-21.867762	0.000000	
146.100000	34.578304	-21.882882	0.000000	
146.150000	34.596459	-21.898807	0.000000	
146.200000	34.614055	-21.915490	0.000000	
146.250000	34.631094	-21.932865	0.000000	
146.300000	34.647614	-21.950857	0.000000	
146.350000	34.663635	-21.969417	0.000000	
146.400000	34.679198	-21.988477	0.000000	
146.450000	34.694334	-22.007984	0.000000	
146.500000	34.709093	-22.027863	0.000000	
146.550000	34.723501	-22.048065	0.000000	
146.600000	34.737599	-22.068545	0.000000	
146.650000	34.751409	-22.089271	0.000000	
146.700000	34.764974	-22.110198	0.000000	
146.750000	34.778354	-22.131271	0.000000	
146.800000	34.791572	-22.152467	0.000000	
146.850000	34.804690	-22.173736	0.000000	
146.900000	34.817747	-22.195047	0.000000	
146.950000	34.830785	-22.216371	0.000000	
147.000000	34.843809	-22.237705	0.000000	
147.050000	34.856854	-22.259025	0.000000	
147.100000	34.869942	-22.280318	0.000000	
147.150000	34.883081	-22.301581	0.000000	
147.200000	34.896282	-22.322805	0.000000	
147.250000	34.909543	-22.343991	0.000000	
147.300000	34.922871	-22.365136	0.000000	
147.350000	34.936240	-22.386258	0.000000	
147.400000	34.949632	-22.407365	0.000000	
147.450000	34.963039	-22.428463	0.000000	
147.500000	34.976466	-22.449549	0.000000	
147.550000	34.989903	-22.470629	0.000000	
147.600000	35.003348	-22.491703	0.000000	
147.650000	35.016786	-22.512782	0.000000	
147.700000	35.030239	-22.533852	0.000000	
147.750000	35.043703	-22.554915	0.000000	
147.800000	35.057178	-22.575970	0.000000	
147.850000	35.070677	-22.597011	0.000000	
147.900000	35.084190	-22.618041	0.000000	
147.950000	35.097708	-22.639069	0.000000	
148.000000	35.111221	-22.660099	0.000000	
148.050000	35.124749	-22.681121	0.000000	
148.100000	35.138270	-22.702146	0.000000	
148.150000	35.151776	-22.723181	0.000000	
148.200000	35.165276	-22.744220	0.000000	
148.250000	35.178750	-22.765275	0.000000	
148.300000	35.192187	-22.786355	0.000000	
148.350000	35.205591	-22.807455	0.000000	
148.400000	35.218961	-22.828576	0.000000	
148.450000	35.232319	-22.849704	0.000000	
148.500000	35.245666	-22.870838	0.000000	
148.550000	35.258998	-22.891982	0.000000	
148.600000	35.272306	-22.913141	0.000000	
148.650000	35.285609	-22.934304	0.000000	
148.700000	35.298892	-22.955477	0.000000	
148.750000	35.312137	-22.976674	0.000000	
148.800000	35.325342	-22.997896	0.000000	
148.850000	35.338493	-23.019150	0.000000	
148.900000	35.351566	-23.040452	0.000000	
148.950000	35.364543	-23.061813	0.000000	
149.000000	35.377425	-23.083230	0.000000	
149.050000	35.390208	-23.104705	0.000000	
149.100000	35.402895	-23.126238	0.000000	
149.150000	35.415496	-23.147821	0.000000	
149.200000	35.428026	-23.169444	0.000000	
149.250000	35.440470	-23.191119	0.000000	
149.300000	35.452848	-23.212831	0.000000	
149.350000	35.465178	-23.234571	0.000000	
149.400000	35.477456	-23.256341	0.000000	
149.450000	35.489711	-23.278124	0.000000	
149.500000	35.501937	-23.299924	0.000000	
149.550000	35.514136	-23.321740	0.000000	
149.600000	35.526318	-23.343566	0.000000	
149.650000	35.538478	-23.365405	0.000000	
149.700000	35.550606	-23.387263	0.000000	
149.750000	35.562719	-23.409129	0.000000	
149.800000	35.574822	-23.431001	0.000000	
149.850000	35.586913	-23.452880	0.000000	
149.900000	35.598988	-23.474768	0.000000	
149.950000	35.611065	-23.496655	0.000000	
150.000000	35.623158	-23.518533	0.000000	
150.050000	35.635297	-23.540385	0.000000	
150.100000	35.647497	-23.562203	0.000000	
150.150000	35.659741	-23.583996	0.000000	
150.200000	35.672042	-23.605757	0.000000	
150.250000	35.684391	-23.627490	0.000000	
150.300000	35.696800	-23.649190	0.000000	
150.350000	35.709256	-23.670864	0.000000	
150.400000	35.721738	-23.692522	0.000000	
150.450000	35.734259	-23.714159	0.000000	
150.500000	35.746795	-23.735786	0.000000	
150.550000	35.759344	-23.757407	0.000000	
150.600000	35.771903	-23.779022	0.000000	
150.650000	35.784473	-23.800630	0.000000	
150.700000	35.797062	-23.822227	0.000000	
150.750000	35.809678	-23.843808	0.000000	
150.800000	35.822327	-23.865371	0.000000	
150.850000	35.835021	-23.886905	0.000000	
150.900000	35.847750	-23.908420	0.000000	
150.950000	35.860534	-23.929902	0.000000	
151.000000	35.873370	-23.951353	0.000000	
151.050000	35.886254	-23.972775	0.000000	
151.100000	35.899187	-23.994167	0.000000	
151.150000	35.912148	-24.015541	0.000000	
151.200000	35.925152	-24.036889	0.000000	
151.250000	35.938195	-24.058213	0.000000	
151.300000	35.951279	-24.079510	0.000000	
151.350000	35.964390	-24.100791	0.000000	
151.400000	35.977534	-24.122051	0.000000	
151.450000	35.990729	-24.143280	0.000000	
151.500000	36.003984	-24.164471	0.000000	
151.550000	36.017293	-24.185629	0.000000	
151.600000	36.030668	-24.206746	0.000000	
151.650000	36.044096	-24.227830	0.000000	
151.700000	36.057554	-24.248895	0.000000	
151.750000	36.071056	-24.269933	0.000000	
151.800000	36.084609	-24.290938	0.000000	
151.850000	36.098212	-24.311911	0.000000	
151.900000	36.111862	-24.332854	0.000000	
151.950000	36.125553	-24.353770	0.000000	
152.000000	36.139285	-24.374659	0.000000	
152.050000	36.153065	-24.395516	0.000000	
152.100000	36.166891	-24.416342	0.000000	
152.150000	36.180746	-24.437149	0.000000	
152.200000	36.194637	-24.457932	0.000000	
152.250000	36.208573	-24.478684	0.000000	
152.300000	36.222563	-24.499399	0.000000	
152.350000	36.236596	-24.520084	0.000000	
152.400000	36.250688	-24.540728	0.000000	
152.450000	36.264830	-24.561339	0.000000	
152.500000	36.279030	-24.581909	0.000000	
152.550000	36.293281	-24.602443	0.000000	
152.600000	36.307585	-24.622941	0.000000	
152.650000	36.321946	-24.643398	0.000000	
152.700000	36.336376	-24.663806	0.000000	
152.750000	36.350890	-24.684155	0.000000	
152.800000	36.365474	-24.704454	0.000000	
152.850000	36.380122	-24.724706	0.000000	
152.900000	36.394817	-24.744926	0.000000	
152.950000	36.409537	-24.765127	0.000000	
153.000000	36.424309	-24.785291	0.000000	
153.050000	36.439133	-24.805418	0.000000	
153.100000	36.453984	-24.825526	0.000000	
153.150000	36.468849	-24.845622	0.000000	
153.200000	36.483722	-24.865714	0.000000	
153.250000	36.498609	-24.885796	0.000000	
153.300000	36.513508	-24.905868	0.000000	
153.350000	36.528409	-24.925940	0.000000	
153.400000	36.543321	-24.946003	0.000000	
153.450000	36.558233	-24.966067	0.000000	
153.500000	36.573144	-24.986131	0.000000	
153.550000	36.588055	-25.006196	0.000000	
153.600000	36.602967	-25.026258	0.000000	
153.650000	36.617886	-25.046317	0.000000	
153.700000	36.632797	-25.066382	0.000000	
153.750000	36.647679	-25.086467	0.000000	
153.800000	36.662523	-25.106581	0.000000	
153.850000	36.677339	-25.126716	0.000000	
153.900000	36.692110	-25.146884	0.000000	
153.950000	36.706847	-25.167077	0.000000	
154.000000	36.721561	-25.187286	0.000000	
154.050000	36.736237	-25.207522	0.000000	
154.100000	36.750851	-25.227803	0.000000	
154.150000	36.765417	-25.248118	0.000000	
154.200000	36.779935	-25.268466	0.000000	
154.250000	36.794424	-25.288834	0.000000	
154.300000	36.808894	-25.309215	0.000000	
154.350000	36.823338	-25.329615	0.000000	
154.400000	36.837766	-25.350026	0.000000	
154.450000	36.852194	-25.370437	0.000000	
154.500000	36.866630	-25.390843	0.000000	
154.550000	36.881076	-25.411241	0.000000	
154.600000	36.895516	-25.431644	0.000000	
154.650000	36.909933	-25.452064	0.000000	
154.700000	36.924343	-25.472489	0.000000	
154.750000	36.938750	-25.492915	0.000000	
154.800000	36.953152	-25.513346	0.000000	
154.850000	36.967565	-25.533769	0.000000	
154.900000	36.981984	-25.554187	0.000000	
154.950000	36.996423	-25.574591	0.000000	
155.000000	37.010887	-25.594977	0.000000	
155.050000	37.025379	-25.615342	0.000000	
155.100000	37.039891	-25.635694	0.000000	
155.150000	37.054434	-25.656025	0.000000	
155.200000	37.069012	-25.676331	0.000000	
155.250000	37.083628	-25.696611	0.000000	
155.300000	37.098284	-25.716863	0.000000	
155.350000	37.112974	-25.737091	0.000000	
155.400000	37.127700	-25.757293	0.000000	
155.450000	37.142437	-25.777487	0.000000	
155.500000	37.157167	-25.797686	0.000000	
155.550000	37.171878	-25.817899	0.000000	
155.600000	37.186579	-25.838119	0.000000	
155.650000	37.201282	-25.858337	0.000000	
155.700000	37.216000	-25.878546	0.000000	
155.750000	37.230734	-25.898741	0.000000	
155.800000	37.245488	-25.918922	0.000000	
155.850000	37.260287	-25.939069	0.000000	
155.900000	37.275114	-25.959195	0.000000	
155.950000	37.289981	-25.979291	0.000000	
156.000000	37.304881	-25.999361	0.000000	
156.050000	37.319801	-26.019416	0.000000	
156.100000	37.334741	-26.039457	0.000000	
156.150000	37.349707	-26.059478	0.000000	
156.200000	37.364689	-26.079487	0.000000	
156.250000	37.379686	-26.099486	0.000000	
156.300000	37.394716	-26.119459	0.000000	
156.350000	37.409772	-26.139413	0.000000	
156.400000	37.424856	-26.159347	0.000000	
156.450000	37.439969	-26.179258	0.000000	
156.500000	37.455131	-26.199130	0.000000	
156.550000	37.470346	-26.218963	0.000000	
156.600000	37.485613	-26.238756	0.000000	
156.650000	37.500924	-26.258516	0.000000	
156.700000	37.516263	-26.278254	0.000000	
156.750000	37.531626	-26.297974	0.000000	
156.800000	37.547008	-26.317680	0.000000	
156.850000	37.562412	-26.337368	0.000000	
156.900000	37.577840	-26.357037	0.000000	
156.950000	37.593298	-26.376682	0.000000	
157.000000	37.608772	-26.396314	0.000000	
157.050000	37.624270	-26.415927	0.000000	
157.100000	37.639808	-26.435507	0.000000	
157.150000	37.655381	-26.455059	0.000000	
157.200000	37.671007	-26.474569	0.000000	
157.250000	37.686705	-26.494020	0.000000	
157.300000	37.702477	-26.513411	0.000000	
157.350000	37.718310	-26.532753	0.000000	
157.400000	37.734205	-26.552043	0.000000	
157.450000	37.750161	-26.571282	0.000000	
157.500000	37.766176	-26.590471	0.000000	
157.550000	37.782248	-26.609609	0.000000	
157.600000	37.798368	-26.628706	0.000000	
157.650000	37.814552	-26.647750	0.000000	
157.700000	37.830791	-26.666747	0.000000	
157.750000	37.847094	-26.685689	0.000000	
157.800000	37.863455	-26.704584	0.000000	
157.850000	37.879864	-26.723439	0.000000	
157.900000	37.896301	-26.742270	0.000000	
157.950000	37.912746	-26.761096	0.000000	
158.000000	37.929194	-26.779918	0.000000	
158.050000	37.945654	-26.798729	0.000000	
158.100000	37.962117	-26.817540	0.000000	
158.150000	37.978562	-26.836364	0.000000	
158.200000	37.994985	-26.855206	0.000000	
158.250000	38.011384	-26.874069	0.000000	
158.300000	38.027735	-26.892972	0.000000	
158.350000	38.044030	-26.911920	0.000000	
158.400000	38.060269	-26.930915	0.000000	
158.450000	38.076460	-26.949950	0.000000	
158.500000	38.092582	-26.969042	0.000000	
158.550000	38.108640	-26.988189	0.000000	
158.600000	38.124636	-27.007389	0.000000	
158.650000	38.140573	-27.026640	0.000000	
158.700000	38.156456	-27.045937	0.000000	
158.750000	38.172300	-27.065268	0.000000	
158.800000	38.188090	-27.084644	0.000000	
158.850000	38.203840	-27.104054	0.000000	
158.900000	38.219561	-27.123490	0.000000	
158.950000	38.235250	-27.142951	0.000000	
159.000000	38.250923	-27.162426	0.000000	
159.050000	38.266571	-27.181922	0.000000	
159.100000	38.282177	-27.201450	0.000000	
159.150000	38.297747	-27.221008	0.000000	
159.200000	38.313302	-27.240579	0.000000	
159.250000	38.328836	-27.260165	0.000000	
159.300000	38.344333	-27.279780	0.000000	
159.350000	38.359821	-27.299401	0.000000	
159.400000	38.375297	-27.319033	0.000000	
159.450000	38.390750	-27.338682	0.000000	
159.500000	38.406170	-27.358355	0.000000	
159.550000	38.421574	-27.378042	0.000000	
159.600000	38.436946	-27.397752	0.000000	
159.650000	38.452271	-27.417499	0.000000	
159.700000	38.467567	-27.437267	0.000000	
159.750000	38.482815	-27.457073	0.000000	
159.800000	38.498005	-27.476924	0.000000	
159.850000	38.513160	-27.496801	0.000000	
159.900000	38.528275	-27.516710	0.000000	
159.950000	38.543340	-27.536657	0.000000	
160.000000	38.558363	-27.556636	0.000000	
160.050000	38.573339	-27.576652	0.000000	
160.100000	38.588293	-27.596685	0.000000	
160.150000	38.603227	-27.616733	0.000000	
160.200000	38.618136	-27.636800	0.000000	
160.250000	38.633008	-27.656894	0.000000	
160.300000	38.647869	-27.676997	0.000000	
160.350000	38.662721	-27.697106	0.000000	
160.400000	38.677547	-27.717235	0.000000	
160.450000	38.692368	-27.737367	0.000000	
160.500000	38.707182	-27.757505	0.000000	
160.550000	38.722001	-27.777639	0.000000	
160.600000	38.736808	-27.797782	0.000000	
160.650000	38.751602	-27.817934	0.000000	
160.700000	38.766391	-27.838090	0.000000	
160.750000	38.781172	-27.858252	0.000000	
160.800000	38.795953	-27.878414	0.000000	
160.850000	38.810749	-27.898565	0.000000	
160.900000	38.825557	-27.918707	0.000000	
160.950000	38.840383	-27.938834	0.000000	
161.000000	38.855238	-27.958940	0.000000	
161.050000	38.870118	-27.979028	0.000000	
161.100000	38.885033	-27.999088	0.000000	
161.150000	38.899973	-28.019130	0.000000	
161.200000	38.914955	-28.039139	0.000000	
161.250000	38.929996	-28.059102	0.000000	
161.300000	38.945090	-28.079024	0.000000	
161.350000	38.960226	-28.098914	0.000000	
161.400000	38.975408	-28.118768	0.000000	
161.450000	38.990650	-28.138575	0.000000	
161.500000	39.005944	-28.158341	0.000000	
161.550000	39.021307	-28.178054	0.000000	
161.600000	39.036735	-28.197714	0.000000	
161.650000	39.052237	-28.217315	0.000000	
161.700000	39.067833	-28.236843	0.000000	
161.750000	39.083521	-28.256297	0.000000	
161.800000	39.099306	-28.275671	0.000000	
161.850000	39.115190	-28.294965	0.000000	
161.900000	39.131153	-28.314194	0.000000	
161.950000	39.147179	-28.333372	0.000000	
162.000000	39.163262	-28.352503	0.000000	
162.050000	39.179411	-28.371578	0.000000	
162.100000	39.195633	-28.390592	0.000000	
162.150000	39.211928	-28.409543	0.000000	
162.200000	39.228289	-28.428438	0.000000	
162.250000	39.244697	-28.447293	0.000000	
162.300000	39.261152	-28.466106	0.000000	
162.350000	39.277647	-28.484886	0.000000	
162.400000	39.294171	-28.503641	0.000000	
162.450000	39.310714	-28.522381	0.000000	
162.500000	39.327251	-28.541125	0.000000	
162.550000	39.343783	-28.559873	0.000000	
162.600000	39.360292	-28.578641	0.000000	
162.650000	39.376777	-28.597429	0.000000	
162.700000	39.393239	-28.616235	0.000000	
162.750000	39.409659	-28.635078	0.000000	
162.800000	39.426033	-28.653958	0.000000	
162.850000	39.442347	-28.672890	0.000000	
162.900000	39.458608	-28.691867	0.000000	
162.950000	39.474812	-28.710892	0.000000	
163.000000	39.490972	-28.729953	0.000000	
163.050000	39.507091	-28.749049	0.000000	
163.100000	39.523143	-28.768201	0.000000	
163.150000	39.539124	-28.787413	0.000000	
163.200000	39.555032	-28.806687	0.000000	
163.250000	39.570872	-28.826020	0.000000	
163.300000	39.586651	-28.845404	0.000000	
163.350000	39.602374	-28.864837	0.000000	
163.400000	39.618058	-28.884302	0.000000	
163.450000	39.633724	-28.903783	0.000000	
163.500000	39.649370	-28.923280	0.000000	
163.550000	39.665022	-28.942772	0.000000	
163.600000	39.680672	-28.962267	0.000000	
163.650000	39.696331	-28.981753	0.000000	
163.700000	39.711996	-29.001235	0.000000	
163.750000	39.727676	-29.020705	0.000000	
163.800000	39.743372	-29.040161	0.000000	
163.850000	39.759092	-29.059599	0.000000	
163.900000	39.774851	-29.079002	0.000000	
163.950000	39.790651	-29.098373	0.000000	
164.000000	39.806496	-29.117705	0.000000	
164.050000	39.822392	-29.136995	0.000000	
164.100000	39.838344	-29.156237	0.000000	
164.150000	39.854366	-29.175420	0.000000	
164.200000	39.870452	-29.194549	0.000000	
164.250000	39.886600	-29.213626	0.000000	
164.300000	39.902798	-29.232662	0.000000	
164.350000	39.919030	-29.251670	0.000000	
164.400000	39.935303	-29.270642	0.000000	
164.450000	39.951613	-29.289584	0.000000	
164.500000	39.967962	-29.308491	0.000000	
164.550000	39.984361	-29.327355	0.000000	
164.600000	40.000807	-29.346178	0.000000	
164.650000	40.017322	-29.364940	0.000000	
164.700000	40.033916	-29.383631	0.000000	
164.750000	40.050591	-29.402248	0.000000	
164.800000	40.067336	-29.420802	0.000000	
164.850000	40.084153	-29.439291	0.000000	
164.900000	40.101020	-29.457735	0.000000	
164.950000	40.117931	-29.476140	0.000000	
165.000000	40.134880	-29.494509	0.000000	
165.050000	40.151875	-29.512837	0.000000	
165.100000	40.168901	-29.531135	0.000000	
165.150000	40.185953	-29.549410	0.000000	
165.200000	40.203025	-29.567665	0.000000	
165.250000	40.220131	-29.585890	0.000000	
165.300000	40.237260	-29.604092	0.000000	
165.350000	40.254426	-29.622261	0.000000	
165.400000	40.271640	-29.640386	0.000000	
165.450000	40.288882	-29.658485	0.000000	
165.500000	40.306163	-29.676549	0.000000	
165.550000	40.323455	-29.694602	0.000000	
165.600000	40.340746	-29.712656	0.000000	
165.650000	40.358013	-29.730733	0.000000	
165.700000	40.375212	-29.748869	0.000000	
165.750000	40.392319	-29.767086	0.000000	
165.800000	40.409294	-29.785417	0.000000	
165.850000	40.426097	-29.803889	0.000000	
165.900000	40.442701	-29.822517	0.000000	
165.950000	40.459073	-29.841315	0.000000	
166.000000	40.475151	-29.860321	0.000000	
166.050000	40.490869	-29.879565	0.000000	
166.100000	40.506162	-29.899073	0.000000	
166.150000	40.521002	-29.918851	0.000000	
166.200000	40.535325	-29.938922	0.000000	
166.250000	40.549076	-29.959297	0.000000	
166.300000	40.562216	-29.979986	0.000000	
166.350000	40.574709	-30.000993	0.000000	
166.400000	40.586495	-30.022324	0.000000	
166.450000	40.597541	-30.043983	0.000000	
166.500000	40.607824	-30.065964	0.000000	
166.550000	40.617306	-30.088281	0.000000	
166.600000	40.625982	-30.110918	0.000000	
166.650000	40.633845	-30.133863	0.000000	
166.700000	40.640899	-30.157104	0.000000	
166.750000	40.647140	-30.180614	0.000000	
166.800000	40.652565	-30.204381	0.000000	
166.850000	40.657208	-30.228378	0.000000	
166.900000	40.661100	-30.252575	0.000000	
166.950000	40.664260	-30.276949	0.000000	
167.000000	40.666716	-30.301471	0.000000	
167.050000	40.668527	-30.326112	0.000000	
167.100000	40.669765	-30.350843	0.000000	
167.150000	40.670505	-30.375640	0.000000	
167.200000	40.670766	-30.400490	0.000000	
167.250000	40.670588	-30.425374	0.000000	
167.300000	40.670038	-30.450278	0.000000	
167.350000	40.669152	-30.475197	0.000000	
167.400000	40.667955	-30.500121	0.000000	
167.450000	40.666502	-30.525042	0.000000	
167.500000	40.664826	-30.549958	0.000000	
167.550000	40.662949	-30.574866	0.000000	
167.600000	40.660913	-30.599766	0.000000	
167.650000	40.658748	-30.624661	0.000000	
167.700000	40.656462	-30.649548	0.000000	
167.750000	40.654074	-30.674429	0.000000	
167.800000	40.651629	-30.699305	0.000000	
167.850000	40.649158	-30.724180	0.000000	
167.900000	40.646677	-30.749054	0.000000	
167.950000	40.644204	-30.773928	0.000000	
168.000000	40.641741	-30.798804	0.000000	
168.050000	40.639319	-30.823682	0.000000	
168.100000	40.636942	-30.848564	0.000000	
168.150000	40.634586	-30.873448	0.000000	
168.200000	40.632241	-30.898333	0.000000	
168.250000	40.629921	-30.923220	0.000000	
168.300000	40.627645	-30.948111	0.000000	
168.350000	40.625394	-30.973004	0.000000	
168.400000	40.623162	-30.997899	0.000000	
168.450000	40.620948	-31.022795	0.000000	
168.500000	40.618762	-31.047695	0.000000	
168.550000	40.616595	-31.072597	0.000000	
168.600000	40.614441	-31.097500	0.000000	
168.650000	40.612293	-31.122404	0.000000	
168.700000	40.610139	-31.147308	0.000000	
168.750000	40.608013	-31.172214	0.000000	
168.800000	40.605918	-31.197123	0.000000	
168.850000	40.603830	-31.222033	0.000000	
168.900000	40.601726	-31.246941	0.000000	
168.950000	40.599577	-31.271846	0.000000	
169.000000	40.597380	-31.296746	0.000000	
169.050000	40.595163	-31.321644	0.000000	
169.100000	40.592908	-31.346540	0.000000	
169.150000	40.590622	-31.371433	0.000000	
169.200000	40.588336	-31.396326	0.000000	
169.250000	40.586061	-31.421220	0.000000	
169.300000	40.583814	-31.446115	0.000000	
169.350000	40.581612	-31.471013	0.000000	
169.400000	40.579465	-31.495914	0.000000	
169.450000	40.577394	-31.520819	0.000000	
169.500000	40.575408	-31.545730	0.000000	
169.550000	40.573488	-31.570645	0.000000	
169.600000	40.571650	-31.595565	0.000000	
169.650000	40.569909	-31.620492	0.000000	
169.700000	40.568270	-31.645426	0.000000	
169.750000	40.566733	-31.670366	0.000000	
169.800000	40.565281	-31.695312	0.000000	
169.850000	40.563884	-31.720260	0.000000	
169.900000	40.562556	-31.745212	0.000000	
169.950000	40.561291	-31.770169	0.000000	
170.000000	40.560104	-31.795132	0.000000	
170.050000	40.558986	-31.820100	0.000000	
170.100000	40.557936	-31.845073	0.000000	
170.150000	40.556964	-31.870050	0.000000	
170.200000	40.556063	-31.895032	0.000000	
170.250000	40.555208	-31.920016	0.000000	
170.300000	40.554397	-31.945002	0.000000	
170.350000	40.553611	-31.969989	0.000000	
170.400000	40.552845	-31.994976	0.000000	
170.450000	40.552107	-32.019964	0.000000	
170.500000	40.551377	-32.044952	0.000000	
170.550000	40.550652	-32.069940	0.000000	
170.600000	40.549956	-32.094929	0.000000	
170.650000	40.549277	-32.119919	0.000000	
170.700000	40.548609	-32.144909	0.000000	
170.750000	40.547926	-32.169898	0.000000	
170.800000	40.547232	-32.194887	0.000000	
170.850000	40.546515	-32.219875	0.000000	
170.900000	40.545777	-32.244863	0.000000	
170.950000	40.545009	-32.269849	0.000000	
171.000000	40.544242	-32.294835	0.000000	
171.050000	40.543481	-32.319822	0.000000	
171.100000	40.542715	-32.344808	0.000000	
171.150000	40.541914	-32.369792	0.000000	
171.200000	40.541061	-32.394774	0.000000	
171.250000	40.540159	-32.419753	0.000000	
171.300000	40.539231	-32.444731	0.000000	
171.350000	40.538261	-32.469708	0.000000	
171.400000	40.537269	-32.494683	0.000000	
171.450000	40.536250	-32.519658	0.000000	
171.500000	40.535192	-32.544632	0.000000	
171.550000	40.534092	-32.569605	0.000000	
171.600000	40.532947	-32.594575	0.000000	
171.650000	40.531739	-32.619543	0.000000	
171.700000	40.530473	-32.644509	0.000000	
171.750000	40.529155	-32.669472	0.000000	
171.800000	40.527814	-32.694435	0.000000	
171.850000	40.526455	-32.719396	0.000000	
171.900000	40.525076	-32.744357	0.000000	
171.950000	40.523709	-32.769318	0.000000	
172.000000	40.522375	-32.794281	0.000000	
172.050000	40.521047	-32.819244	0.000000	
172.100000	40.519736	-32.844207	0.000000	
172.150000	40.518469	-32.869172	0.000000	
172.200000	40.517279	-32.894140	0.000000	
172.250000	40.516180	-32.919111	0.000000	
172.300000	40.515162	-32.944084	0.000000	
172.350000	40.514217	-32.969059	0.000000	
172.400000	40.513355	-32.994037	0.000000	
172.450000	40.512551	-33.019015	0.000000	
172.500000	40.511787	-33.043995	0.000000	
172.550000	40.511054	-33.068975	0.000000	
172.600000	40.510376	-33.093958	0.000000	
172.650000	40.509768	-33.118942	0.000000	
172.700000	40.509233	-33.143929	0.000000	
172.750000	40.508777	-33.168918	0.000000	
172.800000	40.508403	-33.193910	0.000000	
172.850000	40.508082	-33.218904	0.000000	
172.900000	40.507790	-33.243899	0.000000	
172.950000	40.507539	-33.268895	0.000000	
173.000000	40.507325	-33.293892	0.000000	
173.050000	40.507150	-33.318890	0.000000	
173.100000	40.507039	-33.343888	0.000000	
173.150000	40.506984	-33.368887	0.000000	
173.200000	40.506961	-33.393885	0.000000	
173.250000	40.506937	-33.418884	0.000000	
173.300000	40.506911	-33.443882	0.000000	
173.350000	40.506887	-33.468881	0.000000	
173.400000	40.506875	-33.493879	0.000000	
173.450000	40.506858	-33.518878	0.000000	
173.500000	40.506845	-33.543876	0.000000	
173.550000	40.506863	-33.568875	0.000000	
173.600000	40.506931	-33.593873	0.000000	
173.650000	40.507031	-33.618871	0.000000	
173.700000	40.507147	-33.643868	0.000000	
173.750000	40.507282	-33.668866	0.000000	
173.800000	40.507428	-33.693864	0.000000	
173.850000	40.507576	-33.718861	0.000000	
173.900000	40.507745	-33.743859	0.000000	
173.950000	40.507950	-33.768857	0.000000	
174.000000	40.508173	-33.793855	0.000000	
174.050000	40.508392	-33.818853	0.000000	
174.100000	40.508601	-33.843851	0.000000	
174.150000	40.508786	-33.868849	0.000000	
174.200000	40.508955	-33.893847	0.000000	
174.250000	40.509114	-33.918845	0.000000	
174.300000	40.509295	-33.943844	0.000000	
174.350000	40.509507	-33.968842	0.000000	
174.400000	40.509753	-33.993839	0.000000	
174.450000	40.510032	-34.018835	0.000000	
174.500000	40.510335	-34.043831	0.000000	
174.550000	40.510668	-34.068826	0.000000	
174.600000	40.511007	-34.093821	0.000000	
174.650000	40.511324	-34.118817	0.000000	
174.700000	40.511641	-34.143813	0.000000	
174.750000	40.511954	-34.168808	0.000000	
174.800000	40.512281	-34.193804	0.000000	
174.850000	40.512611	-34.218799	0.000000	
174.900000	40.512951	-34.243794	0.000000	
174.950000	40.513286	-34.268790	0.000000	
175.000000	40.513604	-34.293785	0.000000	
175.050000	40.513922	-34.318780	0.000000	
175.100000	40.514241	-34.343776	0.000000	
175.150000	40.514538	-34.368771	0.000000	
175.200000	40.514804	-34.393765	0.000000	
175.250000	40.515024	-34.418759	0.000000	
175.300000	40.515203	-34.443753	0.000000	
175.350000	40.515330	-34.468746	0.000000	
175.400000	40.515406	-34.493739	0.000000	
175.450000	40.515429	-34.518733	0.000000	
175.500000	40.515383	-34.543728	0.000000	
175.550000	40.515303	-34.568723	0.000000	
175.600000	40.515169	-34.593719	0.000000	
175.650000	40.514976	-34.618714	0.000000	
175.700000	40.514749	-34.643710	0.000000	
175.750000	40.514472	-34.668705	0.000000	
175.800000	40.514173	-34.693701	0.000000	
175.850000	40.513823	-34.718696	0.000000	
175.900000	40.513446	-34.743692	0.000000	
175.950000	40.513029	-34.768687	0.000000	
176.000000	40.512592	-34.793682	0.000000	
176.050000	40.512148	-34.818678	0.000000	
176.100000	40.511700	-34.843673	0.000000	
176.150000	40.511250	-34.868668	0.000000	
176.200000	40.510801	-34.893663	0.000000	
176.250000	40.510360	-34.918659	0.000000	
176.300000	40.509941	-34.943654	0.000000	
176.350000	40.509537	-34.968651	0.000000	
176.400000	40.509140	-34.993647	0.000000	
176.450000	40.508753	-35.018644	0.000000	
176.500000	40.508352	-35.043640	0.000000	
176.550000	40.507943	-35.068636	0.000000	
176.600000	40.507508	-35.093632	0.000000	
176.650000	40.507047	-35.118627	0.000000	
176.700000	40.506564	-35.143622	0.000000	
176.750000	40.506041	-35.168615	0.000000	
176.800000	40.505493	-35.193607	0.000000	
176.850000	40.504916	-35.218598	0.000000	
176.900000	40.504310	-35.243589	0.000000	
176.950000	40.503662	-35.268578	0.000000	
177.000000	40.502999	-35.293567	0.000000	
177.050000	40.502320	-35.318556	0.000000	
177.100000	40.501630	-35.343545	0.000000	
177.150000	40.500939	-35.368533	0.000000	
177.200000	40.500239	-35.393521	0.000000	
177.250000	40.499546	-35.418510	0.000000	
177.300000	40.498868	-35.443499	0.000000	
177.350000	40.498180	-35.468487	0.000000	
177.400000	40.497494	-35.493476	0.000000	
177.450000	40.496810	-35.518465	0.000000	
177.500000	40.496120	-35.543453	0.000000	
177.550000	40.495424	-35.568442	0.000000	
177.600000	40.494718	-35.593430	0.000000	
177.650000	40.494010	-35.618418	0.000000	
177.700000	40.493315	-35.643407	0.000000	
177.750000	40.492654	-35.668396	0.000000	
177.800000	40.492053	-35.693387	0.000000	
177.850000	40.491494	-35.718380	0.000000	
177.900000	40.490953	-35.743372	0.000000	
177.950000	40.490453	-35.768366	0.000000	
178.000000	40.490003	-35.793361	0.000000	
178.050000	40.489600	-35.818357	0.000000	
178.100000	40.489233	-35.843353	0.000000	
178.150000	40.488902	-35.868349	0.000000	
178.200000	40.488588	-35.893346	0.000000	
178.250000	40.488305	-35.918342	0.000000	
178.300000	40.488037	-35.943339	0.000000	
178.350000	40.487765	-35.968336	0.000000	
178.400000	40.487496	-35.993333	0.000000	
178.450000	40.487240	-36.018329	0.000000	
178.500000	40.486999	-36.043326	0.000000	
178.550000	40.486764	-36.068324	0.000000	
178.600000	40.486547	-36.093321	0.000000	
178.650000	40.486340	-36.118319	0.000000	
178.700000	40.486128	-36.143316	0.000000	
178.750000	40.485897	-36.168313	0.000000	
178.800000	40.485644	-36.193310	0.000000	
178.850000	40.485371	-36.218306	0.000000	
178.900000	40.485074	-36.243302	0.000000	
178.950000	40.484758	-36.268297	0.000000	
179.000000	40.484393	-36.293291	0.000000	
179.050000	40.483969	-36.318283	0.000000	
179.100000	40.483465	-36.343273	0.000000	
179.150000	40.482881	-36.368261	0.000000	
179.200000	40.482213	-36.393246	0.000000	
179.250000	40.481483	-36.418230	0.000000	
179.300000	40.480678	-36.443213	0.000000	
179.350000	40.479800	-36.468192	0.000000	
179.400000	40.478870	-36.493170	0.000000	
179.450000	40.477874	-36.518144	0.000000	
179.500000	40.476799	-36.543116	0.000000	
179.550000	40.475637	-36.568084	0.000000	
179.600000	40.474402	-36.593049	0.000000	
179.650000	40.473089	-36.618010	0.000000	
179.700000	40.471733	-36.642970	0.000000	
179.750000	40.470333	-36.667928	0.000000	
179.800000	40.468912	-36.692884	0.000000	
179.850000	40.467459	-36.717839	0.000000	
179.900000	40.465970	-36.742793	0.000000	
179.950000	40.464452	-36.767745	0.000000	
180.000000	40.462924	-36.792698	0.000000	
180.050000	40.461411	-36.817651	0.000000	
180.100000	40.459926	-36.842605	0.000000	
180.150000	40.458480	-36.867560	0.000000	
180.200000	40.457074	-36.892518	0.000000	
180.250000	40.455687	-36.917477	0.000000	
180.300000	40.454303	-36.942435	0.000000	
180.350000	40.452916	-36.967394	0.000000	
180.400000	40.451523	-36.992352	0.000000	
180.450000	40.450121	-37.017310	0.000000	
180.500000	40.448730	-37.042268	0.000000	
180.550000	40.447342	-37.067226	0.000000	
180.600000	40.445977	-37.092187	0.000000	
180.650000	40.444632	-37.117148	0.000000	
180.700000	40.443320	-37.142111	0.000000	
180.750000	40.442032	-37.167076	0.000000	
180.800000	40.440787	-37.192043	0.000000	
180.850000	40.439559	-37.217011	0.000000	
180.900000	40.438355	-37.241979	0.000000	
180.950000	40.437167	-37.266949	0.000000	
181.000000	40.435993	-37.291919	0.000000	
181.050000	40.434836	-37.316890	0.000000	
181.100000	40.433683	-37.341861	0.000000	
181.150000	40.432541	-37.366832	0.000000	
181.200000	40.431416	-37.391804	0.000000	
181.250000	40.430323	-37.416776	0.000000	
181.300000	40.429260	-37.441749	0.000000	
181.350000	40.428241	-37.466723	0.000000	
181.400000	40.427291	-37.491700	0.000000	
181.450000	40.426419	-37.516679	0.000000	
181.500000	40.425628	-37.541661	0.000000	
181.550000	40.424921	-37.566646	0.000000	
181.600000	40.424314	-37.591633	0.000000	
181.650000	40.423788	-37.616622	0.000000	
181.700000	40.423343	-37.641613	0.000000	
181.750000	40.422981	-37.666605	0.000000	
181.800000	40.422697	-37.691598	0.000000	
181.850000	40.422470	-37.716591	0.000000	
181.900000	40.422303	-37.741585	0.000000	
181.950000	40.422198	-37.766581	0.000000	
182.000000	40.422138	-37.791576	0.000000	
182.050000	40.422122	-37.816573	0.000000	
182.100000	40.422126	-37.841571	0.000000	
182.150000	40.422175	-37.866569	0.000000	
182.200000	40.422239	-37.891567	0.000000	
182.250000	40.422297	-37.916565	0.000000	
182.300000	40.422321	-37.941562	0.000000	
182.350000	40.422310	-37.966559	0.000000	
182.400000	40.422253	-37.991554	0.000000	
182.450000	40.422149	-38.016548	0.000000	
182.500000	40.422004	-38.041541	0.000000	
182.550000	40.421809	-38.066533	0.000000	
182.600000	40.421567	-38.091525	0.000000	
182.650000	40.421282	-38.116516	0.000000	
182.700000	40.420954	-38.141507	0.000000	
182.750000	40.420586	-38.166498	0.000000	
182.800000	40.420157	-38.191489	0.000000	
182.850000	40.419672	-38.216479	0.000000	
182.900000	40.419151	-38.241470	0.000000	
182.950000	40.418608	-38.266461	0.000000	
183.000000	40.418009	-38.291451	0.000000	
183.050000	40.417338	-38.316439	0.000000	
183.100000	40.416569	-38.341422	0.000000	
183.150000	40.415677	-38.366398	0.000000	
183.200000	40.414611	-38.391361	0.000000	
183.250000	40.413349	-38.416306	0.000000	
183.300000	40.411883	-38.441230	0.000000	
183.350000	40.410199	-38.466127	0.000000	
183.400000	40.408272	-38.490987	0.000000	
183.450000	40.406073	-38.515801	0.000000	
183.500000	40.403548	-38.540557	0.000000	
183.550000	40.400665	-38.565241	0.000000	
183.600000	40.397405	-38.589848	0.000000	
183.650000	40.393714	-38.614360	0.000000	
183.700000	40.389549	-38.638762	0.000000	
183.750000	40.384879	-38.663035	0.000000	
183.800000	40.379656	-38.687159	0.000000	
183.850000	40.373863	-38.711118	0.000000	
183.900000	40.367472	-38.734901	0.000000	
183.950000	40.360457	-38.758497	0.000000	
184.000000	40.352796	-38.781893	0.000000	
184.050000	40.344508	-38.805086	0.000000	
184.100000	40.335628	-38.828077	0.000000	
184.150000	40.326182	-38.850869	0.000000	
184.200000	40.316212	-38.873468	0.000000	
184.250000	40.305752	-38.895878	0.000000	
184.300000	40.294842	-38.918109	0.000000	
184.350000	40.283509	-38.940169	0.000000	
184.400000	40.271797	-38.962075	0.000000	
184.450000	40.259736	-38.983827	0.000000	
184.500000	40.247348	-39.005427	0.000000	
184.550000	40.234664	-39.026881	0.000000	
184.600000	40.221731	-39.048210	0.000000	
184.650000	40.208554	-39.069411	0.000000	
184.700000	40.195180	-39.090505	0.000000	
184.750000	40.181628	-39.111497	0.000000	
184.800000	40.167942	-39.132410	0.000000	
184.850000	40.154147	-39.153255	0.000000	
184.900000	40.140261	-39.174040	0.000000	
184.950000	40.126315	-39.194785	0.000000	
185.000000	40.112328	-39.215504	0.000000	
185.050000	40.098312	-39.236202	0.000000	
185.100000	40.084270	-39.256881	0.000000	
185.150000	40.070211	-39.277550	0.000000	
185.200000	40.056126	-39.298200	0.000000	
185.250000	40.042022	-39.318837	0.000000	
185.300000	40.027905	-39.339466	0.000000	
185.350000	40.013761	-39.360076	0.000000	
185.400000	39.999572	-39.380655	0.000000	
185.450000	39.985337	-39.401204	0.000000	
185.500000	39.971080	-39.421739	0.000000	
185.550000	39.956828	-39.442276	0.000000	
185.600000	39.942601	-39.462830	0.000000	
185.650000	39.928375	-39.483385	0.000000	
185.700000	39.914167	-39.503952	0.000000	
185.750000	39.899966	-39.524524	0.000000	
185.800000	39.885784	-39.545108	0.000000	
185.850000	39.871622	-39.565706	0.000000	
185.900000	39.857507	-39.586335	0.000000	
185.950000	39.843450	-39.607003	0.000000	
186.000000	39.829432	-39.627698	0.000000	
186.050000	39.815436	-39.648408	0.000000	
186.100000	39.801479	-39.669144	0.000000	
186.150000	39.787556	-39.689904	0.000000	
186.200000	39.773646	-39.710673	0.000000	
186.250000	39.759758	-39.731457	0.000000	
186.300000	39.745887	-39.752253	0.000000	
186.350000	39.732040	-39.773065	0.000000	
186.400000	39.718222	-39.793896	0.000000	
186.450000	39.704434	-39.814749	0.000000	
186.500000	39.690650	-39.835605	0.000000	
186.550000	39.676866	-39.856460	0.000000	
186.600000	39.663071	-39.877308	0.000000	
186.650000	39.649259	-39.898144	0.000000	
186.700000	39.635435	-39.918973	0.000000	
186.750000	39.621603	-39.939797	0.000000	
186.800000	39.607760	-39.960612	0.000000	
186.850000	39.593907	-39.981422	0.000000	
186.900000	39.580055	-40.002232	0.000000	
186.950000	39.566182	-40.023028	0.000000	
187.000000	39.552285	-40.043809	0.000000	
187.050000	39.538366	-40.064575	0.000000	
187.100000	39.524437	-40.085334	0.000000	
187.150000	39.510484	-40.106078	0.000000	
187.200000	39.496511	-40.126808	0.000000	
187.250000	39.482533	-40.147534	0.000000	
187.300000	39.468561	-40.168264	0.000000	
187.350000	39.454591	-40.188996	0.000000	
187.400000	39.440600	-40.209713	0.000000	
187.450000	39.426591	-40.230419	0.000000	
187.500000	39.412576	-40.251121	0.000000	
187.550000	39.398566	-40.271826	0.000000	
187.600000	39.384548	-40.292525	0.000000	
187.650000	39.370510	-40.313211	0.000000	
187.700000	39.356449	-40.333881	0.000000	
187.750000	39.342372	-40.354540	0.000000	
187.800000	39.328286	-40.375193	0.000000	
187.850000	39.314208	-40.395851	0.000000	
187.900000	39.300121	-40.416503	0.000000	
187.950000	39.286006	-40.437136	0.000000	
188.000000	39.271882	-40.457764	0.000000	
188.050000	39.257758	-40.478391	0.000000	
188.100000	39.243642	-40.499024	0.000000	
188.150000	39.229540	-40.519665	0.000000	
188.200000	39.215461	-40.540323	0.000000	
188.250000	39.201422	-40.561007	0.000000	
188.300000	39.187421	-40.581716	0.000000	
188.350000	39.173449	-40.602444	0.000000	
188.400000	39.159510	-40.623193	0.000000	
188.450000	39.145619	-40.643973	0.000000	
188.500000	39.131763	-40.664777	0.000000	
188.550000	39.117938	-40.685601	0.000000	
188.600000	39.104149	-40.706448	0.000000	
188.650000	39.090404	-40.727325	0.000000	
188.700000	39.076709	-40.748234	0.000000	
188.750000	39.063058	-40.769174	0.000000	
188.800000	39.049446	-40.790139	0.000000	
188.850000	39.035845	-40.811111	0.000000	
188.900000	39.022254	-40.832091	0.000000	
188.950000	39.008701	-40.853095	0.000000	
189.000000	38.995198	-40.874133	0.000000	
189.050000	38.981743	-40.895202	0.000000	
189.100000	38.968317	-40.916289	0.000000	
189.150000	38.954924	-40.937398	0.000000	
189.200000	38.941548	-40.958517	0.000000	
189.250000	38.928170	-40.979635	0.000000	
189.300000	38.914773	-41.000741	0.000000	
189.350000	38.901363	-41.021838	0.000000	
189.400000	38.887951	-41.042935	0.000000	
189.450000	38.874523	-41.064021	0.000000	
189.500000	38.861069	-41.085091	0.000000	
189.550000	38.847606	-41.106155	0.000000	
189.600000	38.834129	-41.127210	0.000000	
189.650000	38.820634	-41.148253	0.000000	
189.700000	38.807110	-41.169277	0.000000	
189.750000	38.793562	-41.190286	0.000000	
189.800000	38.779983	-41.211275	0.000000	
189.850000	38.766391	-41.232255	0.000000	
189.900000	38.752789	-41.253229	0.000000	
189.950000	38.739178	-41.274196	0.000000	
190.000000	38.725548	-41.295151	0.000000	
190.050000	38.711879	-41.316080	0.000000	
190.100000	38.698158	-41.336977	0.000000	
190.150000	38.684390	-41.357841	0.000000	
190.200000	38.670559	-41.378664	0.000000	
190.250000	38.656688	-41.399461	0.000000	
190.300000	38.642783	-41.420234	0.000000	
190.350000	38.628856	-41.440993	0.000000	
190.400000	38.614906	-41.461735	0.000000	
190.450000	38.600928	-41.482460	0.000000	
190.500000	38.586927	-41.503170	0.000000	
190.550000	38.572914	-41.523871	0.000000	
190.600000	38.558877	-41.544557	0.000000	
190.650000	38.544837	-41.565240	0.000000	
190.700000	38.530807	-41.585931	0.000000	
190.750000	38.516795	-41.606632	0.000000	
190.800000	38.502817	-41.627357	0.000000	
190.850000	38.488895	-41.648116	0.000000	
190.900000	38.475013	-41.668901	0.000000	
190.950000	38.461178	-41.689717	0.000000	
191.000000	38.447399	-41.710567	0.000000	
191.050000	38.433670	-41.731449	0.000000	
191.100000	38.420015	-41.752377	0.000000	
191.150000	38.406438	-41.773355	0.000000	
191.200000	38.392950	-41.794388	0.000000	
191.250000	38.379576	-41.815494	0.000000	
191.300000	38.366297	-41.836659	0.000000	
191.350000	38.353114	-41.857885	0.000000	
191.400000	38.340014	-41.879164	0.000000	
191.450000	38.326987	-41.900489	0.000000	
191.500000	38.314024	-41.921854	0.000000	
191.550000	38.301118	-41.943256	0.000000	
191.600000	38.288256	-41.964686	0.000000	
191.650000	38.275437	-41.986143	0.000000	
191.700000	38.262660	-42.007627	0.000000	
191.750000	38.249907	-42.029127	0.000000	
191.800000	38.237183	-42.050644	0.000000	
191.850000	38.224476	-42.072171	0.000000	
191.900000	38.211769	-42.093699	0.000000	
191.950000	38.199081	-42.115237	0.000000	
192.000000	38.186409	-42.136786	0.000000	
192.050000	38.173743	-42.158337	0.000000	
192.100000	38.161090	-42.179897	0.000000	
192.150000	38.148430	-42.201452	0.000000	
192.200000	38.135770	-42.223008	0.000000	
192.250000	38.123096	-42.244555	0.000000	
192.300000	38.110392	-42.266085	0.000000	
192.350000	38.097660	-42.287599	0.000000	
192.400000	38.084889	-42.309090	0.000000	
192.450000	38.072087	-42.330562	0.000000	
192.500000	38.059246	-42.352010	0.000000	
192.550000	38.046381	-42.373444	0.000000	
192.600000	38.033504	-42.394870	0.000000	
192.650000	38.020621	-42.416293	0.000000	
192.700000	38.007724	-42.437707	0.000000	
192.750000	37.994800	-42.459105	0.000000	
192.800000	37.981852	-42.480487	0.000000	
192.850000	37.968885	-42.501857	0.000000	
192.900000	37.955900	-42.523217	0.000000	
192.950000	37.942902	-42.544569	0.000000	
193.000000	37.929883	-42.565909	0.000000	
193.050000	37.916850	-42.587239	0.000000	
193.100000	37.903795	-42.608557	0.000000	
193.150000	37.890720	-42.629863	0.000000	
193.200000	37.877623	-42.651155	0.000000	
193.250000	37.864483	-42.672422	0.000000	
193.300000	37.851301	-42.693663	0.000000	
193.350000	37.838077	-42.714878	0.000000	
193.400000	37.824829	-42.736078	0.000000	
193.450000	37.811567	-42.757268	0.000000	
193.500000	37.798294	-42.778452	0.000000	
193.550000	37.785014	-42.799632	0.000000	
193.600000	37.771705	-42.820793	0.000000	
193.650000	37.758363	-42.841933	0.000000	
193.700000	37.745003	-42.863062	0.000000	
193.750000	37.731653	-42.884197	0.000000	
193.800000	37.718329	-42.905349	0.000000	
193.850000	37.705036	-42.926519	0.000000	
193.900000	37.691746	-42.947692	0.000000	
193.950000	37.678468	-42.968872	0.000000	
194.000000	37.665206	-42.990061	0.000000	
194.050000	37.651967	-43.011264	0.000000	
194.100000	37.638734	-43.032472	0.000000	
194.150000	37.625514	-43.053686	0.000000	
194.200000	37.612286	-43.074896	0.000000	
194.250000	37.599046	-43.096098	0.000000	
194.300000	37.585796	-43.117295	0.000000	
194.350000	37.572558	-43.138498	0.000000	
194.400000	37.559345	-43.159717	0.000000	
194.450000	37.546150	-43.180948	0.000000	
194.500000	37.532983	-43.202196	0.000000	
194.550000	37.519857	-43.223469	0.000000	
194.600000	37.506785	-43.244775	0.000000	
194.650000	37.493784	-43.266123	0.000000	
194.700000	37.480840	-43.287508	0.000000	
194.750000	37.467941	-43.308920	0.000000	
194.800000	37.455081	-43.330355	0.000000	
194.850000	37.442259	-43.351812	0.000000	
194.900000	37.429465	-43.373286	0.000000	
194.950000	37.416703	-43.394778	0.000000	
195.000000	37.403966	-43.416286	0.000000	
195.050000	37.391244	-43.437802	0.000000	
195.100000	37.378513	-43.459313	0.000000	
195.150000	37.365789	-43.480828	0.000000	
195.200000	37.353064	-43.502342	0.000000	
195.250000	37.340360	-43.523869	0.000000	
195.300000	37.327697	-43.545421	0.000000	
195.350000	37.315075	-43.566998	0.000000	
195.400000	37.302484	-43.588594	0.000000	
195.450000	37.289909	-43.610201	0.000000	
195.500000	37.277347	-43.631814	0.000000	
195.550000	37.264788	-43.653429	0.000000	
195.600000	37.252221	-43.675040	0.000000	
195.650000	37.239632	-43.696638	0.000000	
195.700000	37.227029	-43.718228	0.000000	
195.750000	37.214433	-43.739821	0.000000	
195.800000	37.201842	-43.761418	0.000000	
195.850000	37.189257	-43.783018	0.000000	
195.900000	37.176678	-43.804621	0.000000	
195.950000	37.164103	-43.826227	0.000000	
196.000000	37.151542	-43.847841	0.000000	
196.050000	37.138984	-43.869456	0.000000	
196.100000	37.126439	-43.891079	0.000000	
196.150000	37.113925	-43.912720	0.000000	
196.200000	37.101444	-43.934379	0.000000	
196.250000	37.088981	-43.956049	0.000000	
196.300000	37.076526	-43.977723	0.000000	
196.350000	37.064051	-43.999386	0.000000	
196.400000	37.051553	-44.021035	0.000000	
196.450000	37.039005	-44.042652	0.000000	
196.500000	37.026385	-44.064223	0.000000	
196.550000	37.013660	-44.085725	0.000000	
196.600000	37.000819	-44.107148	0.000000	
196.650000	36.987848	-44.128481	0.000000	
196.700000	36.974733	-44.149712	0.000000	
196.750000	36.961446	-44.170822	0.000000	
196.800000	36.947961	-44.191790	0.000000	
196.850000	36.934262	-44.212601	0.000000	
196.900000	36.920310	-44.233222	0.000000	
196.950000	36.906083	-44.253634	0.000000	
197.000000	36.891572	-44.273826	0.000000	
197.050000	36.876760	-44.293778	0.000000	
197.100000	36.861633	-44.313468	0.000000	
197.150000	36.846168	-44.332878	0.000000	
197.200000	36.830332	-44.351966	0.000000	
197.250000	36.814096	-44.370697	0.000000	
197.300000	36.797463	-44.389058	0.000000	
197.350000	36.780415	-44.407020	0.000000	
197.400000	36.762963	-44.424579	0.000000	
197.450000	36.745120	-44.441741	0.000000	
197.500000	36.726910	-44.458517	0.000000	
197.550000	36.708343	-44.474903	0.000000	
197.600000	36.689444	-44.490911	0.000000	
197.650000	36.670220	-44.506532	0.000000	
197.700000	36.650677	-44.521766	0.000000	
197.750000	36.630830	-44.536622	0.000000	
197.800000	36.610695	-44.551117	0.000000	
197.850000	36.590287	-44.565256	0.000000	
197.900000	36.569627	-44.579066	0.000000	
197.950000	36.548754	-44.592590	0.000000	
198.000000	36.527683	-44.605847	0.000000	
198.050000	36.506425	-44.618842	0.000000	
198.100000	36.484991	-44.631584	0.000000	
198.150000	36.463404	-44.644099	0.000000	
198.200000	36.441673	-44.656394	0.000000	
198.250000	36.419826	-44.668502	0.000000	
198.300000	36.397890	-44.680463	0.000000	
198.350000	36.375882	-44.692302	0.000000	
198.400000	36.353831	-44.704064	0.000000	
198.450000	36.331742	-44.715761	0.000000	
198.500000	36.309626	-44.727410	0.000000	
198.550000	36.287478	-44.739002	0.000000	
198.600000	36.265305	-44.750545	0.000000	
198.650000	36.243110	-44.762050	0.000000	
198.700000	36.220900	-44.773524	0.000000	
198.750000	36.198683	-44.784984	0.000000	
198.800000	36.176456	-44.796425	0.000000	
198.850000	36.154222	-44.807851	0.000000	
198.900000	36.131987	-44.819276	0.000000	
198.950000	36.109743	-44.830681	0.000000	
199.000000	36.087479	-44.842050	0.000000	
199.050000	36.065192	-44.853373	0.000000	
199.100000	36.042885	-44.864655	0.000000	
199.150000	36.020565	-44.875913	0.000000	
199.200000	35.998239	-44.887159	0.000000	
199.250000	35.975918	-44.898415	0.000000	
199.300000	35.953601	-44.909679	0.000000	
199.350000	35.931281	-44.920935	0.000000	
199.400000	35.908952	-44.932175	0.000000	
199.450000	35.886603	-44.943375	0.000000	
199.500000	35.864242	-44.954552	0.000000	
199.550000	35.841855	-44.965676	0.000000	
199.600000	35.819454	-44.976774	0.000000	
199.650000	35.797037	-44.987839	0.000000	
199.700000	35.774613	-44.998889	0.000000	
199.750000	35.752195	-45.009952	0.000000	
199.800000	35.729781	-45.021024	0.000000	
199.850000	35.707372	-45.032104	0.000000	
199.900000	35.684956	-45.043170	0.000000	
199.950000	35.662530	-45.054217	0.000000	
200.000000	35.640091	-45.065235	0.000000	
200.050000	35.617639	-45.076227	0.000000	
200.100000	35.595182	-45.087207	0.000000	
200.150000	35.572721	-45.098182	0.000000	
200.200000	35.550254	-45.109141	0.000000	
200.250000	35.527777	-45.120082	0.000000	
200.300000	35.505292	-45.131007	0.000000	
200.350000	35.482800	-45.141917	0.000000	
200.400000	35.460305	-45.152821	0.000000	
200.450000	35.437811	-45.163727	0.000000	
200.500000	35.415318	-45.174635	0.000000	
200.550000	35.392817	-45.185526	0.000000	
200.600000	35.370313	-45.196412	0.000000	
200.650000	35.347801	-45.207282	0.000000	
200.700000	35.325291	-45.218155	0.000000	
200.750000	35.302775	-45.229015	0.000000	
200.800000	35.280249	-45.239857	0.000000	
200.850000	35.257721	-45.250692	0.000000	
200.900000	35.235188	-45.261520	0.000000	
200.950000	35.212656	-45.272348	0.000000	
201.000000	35.190120	-45.283168	0.000000	
201.050000	35.167593	-45.294006	0.000000	
201.100000	35.145073	-45.304861	0.000000	
201.150000	35.122564	-45.315738	0.000000	
201.200000	35.100068	-45.326641	0.000000	
201.250000	35.077586	-45.337573	0.000000	
201.300000	35.055114	-45.348525	0.000000	
201.350000	35.032651	-45.359494	0.000000	
201.400000	35.010193	-45.370474	0.000000	
201.450000	34.987744	-45.381472	0.000000	
201.500000	34.965303	-45.392485	0.000000	
201.550000	34.942873	-45.403522	0.000000	
201.600000	34.920461	-45.414594	0.000000	
201.650000	34.898071	-45.425710	0.000000	
201.700000	34.875708	-45.436880	0.000000	
201.750000	34.853367	-45.448095	0.000000	
201.800000	34.831058	-45.459371	0.000000	
201.850000	34.808778	-45.470703	0.000000	
201.900000	34.786527	-45.482091	0.000000	
201.950000	34.764320	-45.493558	0.000000	
202.000000	34.742158	-45.505112	0.000000	
202.050000	34.720042	-45.516753	0.000000	
202.100000	34.697959	-45.528456	0.000000	
202.150000	34.675909	-45.540225	0.000000	
202.200000	34.653892	-45.552055	0.000000	
202.250000	34.631903	-45.563936	0.000000	
202.300000	34.609944	-45.575874	0.000000	
202.350000	34.588023	-45.587882	0.000000	
202.400000	34.566131	-45.599940	0.000000	
202.450000	34.544280	-45.612075	0.000000	
202.500000	34.522470	-45.624283	0.000000	
202.550000	34.500695	-45.636552	0.000000	
202.600000	34.478950	-45.648880	0.000000	
202.650000	34.457235	-45.661259	0.000000	
202.700000	34.435544	-45.673683	0.000000	
202.750000	34.413874	-45.686146	0.000000	
202.800000	34.392228	-45.698650	0.000000	
202.850000	34.370599	-45.711185	0.000000	
202.900000	34.348980	-45.723738	0.000000	
202.950000	34.327371	-45.736308	0.000000	
203.000000	34.305761	-45.748877	0.000000	
203.050000	34.284147	-45.761438	0.000000	
203.100000	34.262537	-45.774007	0.000000	
203.150000	34.240942	-45.786601	0.000000	
203.200000	34.219351	-45.799202	0.000000	
203.250000	34.197753	-45.811792	0.000000	
203.300000	34.176158	-45.824386	0.000000	
203.350000	34.154570	-45.836992	0.000000	
203.400000	34.132980	-45.849595	0.000000	
203.450000	34.111384	-45.862188	0.000000	
203.500000	34.089780	-45.874768	0.000000	
203.550000	34.068162	-45.887322	0.000000	
203.600000	34.046534	-45.899860	0.000000	
203.650000	34.024899	-45.912387	0.000000	
203.700000	34.003265	-45.924915	0.000000	
203.750000	33.981626	-45.937433	0.000000	
203.800000	33.959975	-45.949932	0.000000	
203.850000	33.938316	-45.962416	0.000000	
203.900000	33.916644	-45.974877	0.000000	
203.950000	33.894962	-45.987321	0.000000	
204.000000	33.873256	-45.999723	0.000000	
204.050000	33.851531	-46.012088	0.000000	
204.100000	33.829780	-46.024409	0.000000	
204.150000	33.808012	-46.036699	0.000000	
204.200000	33.786218	-46.048944	0.000000	
204.250000	33.764413	-46.061167	0.000000	
204.300000	33.742596	-46.073370	0.000000	
204.350000	33.720759	-46.085536	0.000000	
204.400000	33.698900	-46.097662	0.000000	
204.450000	33.677026	-46.109762	0.000000	
204.500000	33.655135	-46.121832	0.000000	
204.550000	33.633216	-46.133850	0.000000	
204.600000	33.611266	-46.145812	0.000000	
204.650000	33.589296	-46.157737	0.000000	
204.700000	33.567299	-46.169610	0.000000	
204.750000	33.545271	-46.181429	0.000000	
204.800000	33.523223	-46.193208	0.000000	
204.850000	33.501149	-46.204940	0.000000	
204.900000	33.479047	-46.216619	0.000000	
204.950000	33.456920	-46.228250	0.000000	
205.000000	33.434768	-46.239832	0.000000	
205.050000	33.412590	-46.251365	0.000000	
205.100000	33.390386	-46.262847	0.000000	
205.150000	33.368156	-46.274275	0.000000	
205.200000	33.345899	-46.285652	0.000000	
205.250000	33.323623	-46.296990	0.000000	
205.300000	33.301322	-46.308281	0.000000	
205.350000	33.278996	-46.319522	0.000000	
205.400000	33.256645	-46.330711	0.000000	
205.450000	33.234269	-46.341852	0.000000	
205.500000	33.211857	-46.352924	0.000000	
205.550000	33.189419	-46.363943	0.000000	
205.600000	33.166956	-46.374911	0.000000	
205.650000	33.144482	-46.385854	0.000000	
205.700000	33.121994	-46.396773	0.000000	
205.750000	33.099501	-46.407680	0.000000	
205.800000	33.077000	-46.418571	0.000000	
205.850000	33.054492	-46.429448	0.000000	
205.900000	33.031976	-46.440312	0.000000	
205.950000	33.009452	-46.451155	0.000000	
206.000000	32.986919	-46.461982	0.000000	
206.050000	32.964377	-46.472790	0.000000	
206.100000	32.941833	-46.483595	0.000000	
206.150000	32.919293	-46.494406	0.000000	
206.200000	32.896767	-46.505247	0.000000	
206.250000	32.874245	-46.516097	0.000000	
206.300000	32.851729	-46.526960	0.000000	
206.350000	32.829213	-46.537821	0.000000	
206.400000	32.806697	-46.548683	0.000000	
206.450000	32.784185	-46.559554	0.000000	
206.500000	32.761667	-46.570411	0.000000	
206.550000	32.739148	-46.581266	0.000000	
206.600000	32.716625	-46.592112	0.000000	
206.650000	32.694106	-46.602968	0.000000	
206.700000	32.671579	-46.613807	0.000000	
206.750000	32.649037	-46.624612	0.000000	
206.800000	32.626481	-46.635390	0.000000	
206.850000	32.603910	-46.646136	0.000000	
206.900000	32.581316	-46.656833	0.000000	
206.950000	32.558704	-46.667491	0.000000	
207.000000	32.536083	-46.678129	0.000000	
207.050000	32.513446	-46.688732	0.000000	
207.100000	32.490789	-46.699291	0.000000	
207.150000	32.468105	-46.709791	0.000000	
207.200000	32.445388	-46.720215	0.000000	
207.250000	32.422633	-46.730555	0.000000	
207.300000	32.399839	-46.740806	0.000000	
207.350000	32.376996	-46.750946	0.000000	
207.400000	32.354104	-46.760970	0.000000	
207.450000	32.331169	-46.770889	0.000000	
207.500000	32.308193	-46.780715	0.000000	
207.550000	32.285184	-46.790460	0.000000	
207.600000	32.262138	-46.800117	0.000000	
207.650000	32.239062	-46.809705	0.000000	
207.700000	32.215950	-46.819208	0.000000	
207.750000	32.192810	-46.828644	0.000000	
207.800000	32.169640	-46.838006	0.000000	
207.850000	32.146441	-46.847301	0.000000	
207.900000	32.123217	-46.856537	0.000000	
207.950000	32.099975	-46.865730	0.000000	
208.000000	32.076712	-46.874873	0.000000	
208.050000	32.053419	-46.883943	0.000000	
208.100000	32.030106	-46.892963	0.000000	
208.150000	32.006782	-46.901959	0.000000	
208.200000	31.983451	-46.910936	0.000000	
208.250000	31.960119	-46.919911	0.000000	
208.300000	31.936778	-46.928864	0.000000	
208.350000	31.913438	-46.937820	0.000000	
208.400000	31.890112	-46.946809	0.000000	
208.450000	31.866801	-46.955839	0.000000	
208.500000	31.843513	-46.964927	0.000000	
208.550000	31.820236	-46.974042	0.000000	
208.600000	31.796962	-46.983167	0.000000	
208.650000	31.773693	-46.992304	0.000000	
208.700000	31.750431	-47.001460	0.000000	
208.750000	31.727174	-47.010628	0.000000	
208.800000	31.703916	-47.019794	0.000000	
208.850000	31.680666	-47.028978	0.000000	
208.900000	31.657416	-47.038165	0.000000	
208.950000	31.634168	-47.047357	0.000000	
209.000000	31.610919	-47.056546	0.000000	
209.050000	31.587669	-47.065731	0.000000	
209.100000	31.564422	-47.074925	0.000000	
209.150000	31.541177	-47.084126	0.000000	
209.200000	31.517928	-47.093314	0.000000	
209.250000	31.494683	-47.102514	0.000000	
209.300000	31.471440	-47.111717	0.000000	
209.350000	31.448199	-47.120927	0.000000	
209.400000	31.424961	-47.130144	0.000000	
209.450000	31.401718	-47.139348	0.000000	
209.500000	31.378476	-47.148556	0.000000	
209.550000	31.355229	-47.157750	0.000000	
209.600000	31.331987	-47.166958	0.000000	
209.650000	31.308760	-47.176200	0.000000	
209.700000	31.285548	-47.185481	0.000000	
209.750000	31.262348	-47.194791	0.000000	
209.800000	31.239163	-47.204136	0.000000	
209.850000	31.215991	-47.213515	0.000000	
209.900000	31.192824	-47.222906	0.000000	
209.950000	31.169667	-47.232322	0.000000	
210.000000	31.146525	-47.241773	0.000000	
210.050000	31.123404	-47.251274	0.000000	
210.100000	31.100311	-47.260842	0.000000	
210.150000	31.077242	-47.270468	0.000000	
210.200000	31.054196	-47.280148	0.000000	
210.250000	31.031179	-47.289896	0.000000	
210.300000	31.008184	-47.299696	0.000000	
210.350000	30.985211	-47.309547	0.000000	
210.400000	30.962268	-47.319468	0.000000	
210.450000	30.939350	-47.329445	0.000000	
210.500000	30.916462	-47.339492	0.000000	
210.550000	30.893602	-47.349603	0.000000	
210.600000	30.870771	-47.359779	0.000000	
210.650000	30.847968	-47.370016	0.000000	
210.700000	30.825184	-47.380296	0.000000	
210.750000	30.802422	-47.390625	0.000000	
210.800000	30.779673	-47.400982	0.000000	
210.850000	30.756939	-47.411372	0.000000	
210.900000	30.734231	-47.421822	0.000000	
210.950000	30.711547	-47.432324	0.000000	
211.000000	30.688876	-47.442857	0.000000	
211.050000	30.666209	-47.453399	0.000000	
211.100000	30.643541	-47.463940	0.000000	
211.150000	30.620876	-47.474486	0.000000	
211.200000	30.598212	-47.485035	0.000000	
211.250000	30.575540	-47.495567	0.000000	
211.300000	30.552861	-47.506081	0.000000	
211.350000	30.530169	-47.516569	0.000000	
211.400000	30.507473	-47.527044	0.000000	
211.450000	30.484761	-47.537486	0.000000	
211.500000	30.462029	-47.547882	0.000000	
211.550000	30.439277	-47.558235	0.000000	
211.600000	30.416510	-47.568554	0.000000	
211.650000	30.393724	-47.578831	0.000000	
211.700000	30.370915	-47.589059	0.000000	
211.750000	30.348085	-47.599239	0.000000	
211.800000	30.325233	-47.609370	0.000000	
211.850000	30.302364	-47.619465	0.000000	
211.900000	30.279473	-47.629508	0.000000	
211.950000	30.256546	-47.639470	0.000000	
212.000000	30.233586	-47.649354	0.000000	
212.050000	30.210594	-47.659159	0.000000	
212.100000	30.187569	-47.668882	0.000000	
212.150000	30.164512	-47.678527	0.000000	
212.200000	30.141415	-47.688073	0.000000	
212.250000	30.118289	-47.697548	0.000000	
212.300000	30.095141	-47.706971	0.000000	
212.350000	30.071971	-47.716339	0.000000	
212.400000	30.048785	-47.725667	0.000000	
212.450000	30.025577	-47.734944	0.000000	
212.500000	30.002354	-47.744183	0.000000	
212.550000	29.979126	-47.753410	0.000000	
212.600000	29.955891	-47.762622	0.000000	
212.650000	29.932651	-47.771821	0.000000	
212.700000	29.909408	-47.781013	0.000000	
212.750000	29.886167	-47.790209	0.000000	
212.800000	29.862931	-47.799419	0.000000	
212.850000	29.839698	-47.808634	0.000000	
212.900000	29.816475	-47.817872	0.000000	
212.950000	29.793265	-47.827141	0.000000	
213.000000	29.770070	-47.836446	0.000000	
213.050000	29.746890	-47.845788	0.000000	
213.100000	29.723734	-47.855191	0.000000	
213.150000	29.700609	-47.864671	0.000000	
213.200000	29.677505	-47.874205	0.000000	
213.250000	29.654423	-47.883794	0.000000	
213.300000	29.631356	-47.893424	0.000000	
213.350000	29.608310	-47.903104	0.000000	
213.400000	29.585281	-47.912826	0.000000	
213.450000	29.562259	-47.922565	0.000000	
213.500000	29.539240	-47.932314	0.000000	
213.550000	29.516228	-47.942079	0.000000	
213.600000	29.493210	-47.951830	0.000000	
213.650000	29.470185	-47.961562	0.000000	
213.700000	29.447141	-47.971248	0.000000	
213.750000	29.424077	-47.980885	0.000000	
213.800000	29.400989	-47.990461	0.000000	
213.850000	29.377883	-47.999991	0.000000	
213.900000	29.354753	-48.009466	0.000000	
213.950000	29.331596	-48.018874	0.000000	
214.000000	29.308413	-48.028219	0.000000	
214.050000	29.285213	-48.037519	0.000000	
214.100000	29.261999	-48.046790	0.000000	
214.150000	29.238770	-48.056020	0.000000	
214.200000	29.215516	-48.065192	0.000000	
214.250000	29.192250	-48.074331	0.000000	
214.300000	29.168975	-48.083451	0.000000	
214.350000	29.145696	-48.092560	0.000000	
214.400000	29.122402	-48.101631	0.000000	
214.450000	29.099095	-48.110672	0.000000	
214.500000	29.075787	-48.119711	0.000000	
214.550000	29.052487	-48.128768	0.000000	
214.600000	29.029185	-48.137822	0.000000	
214.650000	29.005892	-48.146897	0.000000	
214.700000	28.982605	-48.155988	0.000000	
214.750000	28.959329	-48.165105	0.000000	
214.800000	28.936063	-48.174251	0.000000	
214.850000	28.912803	-48.183409	0.000000	
214.900000	28.889542	-48.192566	0.000000	
214.950000	28.866290	-48.201748	0.000000	
215.000000	28.843042	-48.210940	0.000000	
215.050000	28.819794	-48.220130	0.000000	
215.100000	28.796547	-48.229324	0.000000	
215.150000	28.773303	-48.238524	0.000000	
215.200000	28.750064	-48.247738	0.000000	
215.250000	28.726837	-48.256983	0.000000	
215.300000	28.703619	-48.266249	0.000000	
215.350000	28.680403	-48.275521	0.000000	
215.400000	28.657174	-48.284761	0.000000	
215.450000	28.633930	-48.293957	0.000000	
215.500000	28.610659	-48.303080	0.000000	
215.550000	28.587350	-48.312093	0.000000	
215.600000	28.563988	-48.320949	0.000000	
215.650000	28.540572	-48.329635	0.000000	
215.700000	28.517092	-48.338116	0.000000	
215.750000	28.493546	-48.346370	0.000000	
215.800000	28.469930	-48.354385	0.000000	
215.850000	28.446244	-48.362146	0.000000	
215.900000	28.422488	-48.369634	0.000000	
215.950000	28.398658	-48.376801	0.000000	
216.000000	28.374744	-48.383599	0.000000	
216.050000	28.350750	-48.390017	0.000000	
216.100000	28.326680	-48.396033	0.000000	
216.150000	28.302530	-48.401604	0.000000	
216.200000	28.278296	-48.406685	0.000000	
216.250000	28.253979	-48.411250	0.000000	
216.300000	28.229576	-48.415261	0.000000	
216.350000	28.205091	-48.418708	0.000000	
216.400000	28.180527	-48.421583	0.000000	
216.450000	28.155898	-48.423887	0.000000	
216.500000	28.131216	-48.425638	0.000000	
216.550000	28.106488	-48.426857	0.000000	
216.600000	28.081724	-48.427568	0.000000	
216.650000	28.056935	-48.427795	0.000000	
216.700000	28.032130	-48.427562	0.000000	
216.750000	28.007312	-48.426894	0.000000	
216.800000	27.982490	-48.425806	0.000000	
216.850000	27.957669	-48.424298	0.000000	
216.900000	27.932849	-48.422406	0.000000	
216.950000	27.908034	-48.420167	0.000000	
217.000000	27.883230	-48.417624	0.000000	
217.050000	27.858440	-48.414810	0.000000	
217.100000	27.833670	-48.411725	0.000000	
217.150000	27.808916	-48.408422	0.000000	
217.200000	27.784181	-48.404927	0.000000	
217.250000	27.759463	-48.401268	0.000000	
217.300000	27.734763	-48.397467	0.000000	
217.350000	27.710076	-48.393565	0.000000	
217.400000	27.685405	-48.389551	0.000000	
217.450000	27.660750	-48.385432	0.000000	
217.500000	27.636108	-48.381239	0.000000	
217.550000	27.611479	-48.376966	0.000000	
217.600000	27.586868	-48.372600	0.000000	
217.650000	27.562274	-48.368140	0.000000	
217.700000	27.537695	-48.363599	0.000000	
217.750000	27.513131	-48.358981	0.000000	
217.800000	27.488586	-48.354271	0.000000	
217.850000	27.464056	-48.349484	0.000000	
217.900000	27.439537	-48.344643	0.000000	
217.950000	27.415031	-48.339733	0.000000	
218.000000	27.390539	-48.334754	0.000000	
218.050000	27.366063	-48.329698	0.000000	
218.100000	27.341600	-48.324575	0.000000	
218.150000	27.317147	-48.319400	0.000000	
218.200000	27.292709	-48.314157	0.000000	
218.250000	27.268285	-48.308843	0.000000	
218.300000	27.243870	-48.303486	0.000000	
218.350000	27.219461	-48.298096	0.000000	
218.400000	27.195057	-48.292679	0.000000	
218.450000	27.170659	-48.287234	0.000000	
218.500000	27.146268	-48.281757	0.000000	
218.550000	27.121881	-48.276262	0.000000	
218.600000	27.097498	-48.270744	0.000000	
218.650000	27.073117	-48.265221	0.000000	
218.700000	27.048736	-48.259696	0.000000	
218.750000	27.024356	-48.254169	0.000000	
218.800000	26.999978	-48.248633	0.000000	
218.850000	26.975599	-48.243097	0.000000	
218.900000	26.951224	-48.237552	0.000000	
218.950000	26.926850	-48.231994	0.000000	
219.000000	26.902476	-48.226441	0.000000	
219.050000	26.878100	-48.220898	0.000000	
219.100000	26.853722	-48.215364	0.000000	
219.150000	26.829347	-48.209816	0.000000	
219.200000	26.804972	-48.204263	0.000000	
219.250000	26.780596	-48.198722	0.000000	
219.300000	26.756212	-48.193212	0.000000	
219.350000	26.731825	-48.187716	0.000000	
219.400000	26.707439	-48.182221	0.000000	
219.450000	26.683055	-48.176708	0.000000	
219.500000	26.658669	-48.171211	0.000000	
219.550000	26.634275	-48.165748	0.000000	
219.600000	26.609877	-48.160305	0.000000	
219.650000	26.585474	-48.154887	0.000000	
219.700000	26.561062	-48.149508	0.000000	
219.750000	26.536639	-48.144184	0.000000	
219.800000	26.512208	-48.138900	0.000000	
219.850000	26.487768	-48.133656	0.000000	
219.900000	26.463316	-48.128466	0.000000	
219.950000	26.438853	-48.123328	0.000000	
220.000000	26.414381	-48.118233	0.000000	
220.050000	26.389904	-48.113155	0.000000	
220.100000	26.365425	-48.108091	0.000000	
220.150000	26.340941	-48.103048	0.000000	
220.200000	26.316451	-48.098030	0.000000	
220.250000	26.291959	-48.093026	0.000000	
220.300000	26.267464	-48.088030	0.000000	
220.350000	26.242974	-48.083014	0.000000	
220.400000	26.218487	-48.077983	0.000000	
220.450000	26.194006	-48.072924	0.000000	
220.500000	26.169531	-48.067840	0.000000	
220.550000	26.145067	-48.062707	0.000000	
220.600000	26.120618	-48.057506	0.000000	
220.650000	26.096185	-48.052238	0.000000	
220.700000	26.071765	-48.046912	0.000000	
220.750000	26.047358	-48.041528	0.000000	
220.800000	26.022966	-48.036074	0.000000	
220.850000	25.998587	-48.030562	0.000000	
220.900000	25.974217	-48.025003	0.000000	
220.950000	25.949863	-48.019376	0.000000	
221.000000	25.925522	-48.013694	0.000000	
221.050000	25.901189	-48.007971	0.000000	
221.100000	25.876862	-48.002223	0.000000	
221.150000	25.852546	-47.996425	0.000000	
221.200000	25.828235	-47.990600	0.000000	
221.250000	25.803932	-47.984746	0.000000	
221.300000	25.779636	-47.978861	0.000000	
221.350000	25.755353	-47.972921	0.000000	
221.400000	25.731079	-47.966947	0.000000	
221.450000	25.706816	-47.960924	0.000000	
221.500000	25.682565	-47.954856	0.000000	
221.550000	25.658325	-47.948748	0.000000	
221.600000	25.634094	-47.942602	0.000000	
221.650000	25.609865	-47.936448	0.000000	
221.700000	25.585637	-47.930295	0.000000	
221.750000	25.561410	-47.924133	0.000000	
221.800000	25.537187	-47.917958	0.000000	
221.850000	25.512970	-47.911759	0.000000	
221.900000	25.488754	-47.905556	0.000000	
221.950000	25.464544	-47.899330	0.000000	
222.000000	25.440334	-47.893102	0.000000	
222.050000	25.416126	-47.886869	0.000000	
222.100000	25.391925	-47.880604	0.000000	
222.150000	25.367733	-47.874306	0.000000	
222.200000	25.343550	-47.867971	0.000000	
222.250000	25.319384	-47.861572	0.000000	
222.300000	25.295230	-47.855130	0.000000	
222.350000	25.271089	-47.848640	0.000000	
222.400000	25.246956	-47.842121	0.000000	
222.450000	25.222837	-47.835551	0.000000	
222.500000	25.198734	-47.828929	0.000000	
222.550000	25.174639	-47.822278	0.000000	
222.600000	25.150555	-47.815588	0.000000	
222.650000	25.126480	-47.808870	0.000000	
222.700000	25.102419	-47.802102	0.000000	
222.750000	25.078373	-47.795282	0.000000	
222.800000	25.054342	-47.788408	0.000000	
222.850000	25.030332	-47.781465	0.000000	
222.900000	25.006342	-47.774455	0.000000	
222.950000	24.982380	-47.767349	0.000000	
223.000000	24.958443	-47.760159	0.000000	
223.050000	24.934536	-47.752872	0.000000	
223.100000	24.910661	-47.745478	0.000000	
223.150000	24.886817	-47.737986	0.000000	
223.200000	24.863009	-47.730380	0.000000	
223.250000	24.839226	-47.722694	0.000000	
223.300000	24.815462	-47.714951	0.000000	
223.350000	24.791721	-47.707136	0.000000	
223.400000	24.768001	-47.699256	0.000000	
223.450000	24.744299	-47.691321	0.000000	
223.500000	24.720606	-47.683355	0.000000	
223.550000	24.696924	-47.675358	0.000000	
223.600000	24.673256	-47.667318	0.000000	
223.650000	24.649595	-47.659257	0.000000	
223.700000	24.625946	-47.651159	0.000000	
223.750000	24.602309	-47.643022	0.000000	
223.800000	24.578693	-47.634826	0.000000	
223.850000	24.555091	-47.626589	0.000000	
223.900000	24.531500	-47.618316	0.000000	
223.950000	24.507918	-47.610020	0.000000	
224.000000	24.484342	-47.601705	0.000000	
224.050000	24.460771	-47.593377	0.000000	
224.100000	24.437199	-47.585050	0.000000	
224.150000	24.413620	-47.576746	0.000000	
224.200000	24.390034	-47.568460	0.000000	
224.250000	24.366436	-47.560209	0.000000	
224.300000	24.342826	-47.551992	0.000000	
224.350000	24.319209	-47.543796	0.000000	
224.400000	24.295577	-47.535645	0.000000	
224.450000	24.271930	-47.527538	0.000000	
224.500000	24.248278	-47.519446	0.000000	
224.550000	24.224625	-47.511358	0.000000	
224.600000	24.200972	-47.503268	0.000000	
224.650000	24.177324	-47.495164	0.000000	
224.700000	24.153690	-47.487022	0.000000	
224.750000	24.130060	-47.478868	0.000000	
224.800000	24.106432	-47.470708	0.000000	
224.850000	24.082797	-47.462567	0.000000	
224.900000	24.059153	-47.454454	0.000000	
224.950000	24.035503	-47.446355	0.000000	
225.000000	24.011849	-47.438272	0.000000	
225.050000	23.988190	-47.430201	0.000000	
225.100000	23.964528	-47.422138	0.000000	
225.150000	23.940871	-47.414060	0.000000	
225.200000	23.917223	-47.405959	0.000000	
225.250000	23.893579	-47.397844	0.000000	
225.300000	23.869935	-47.389729	0.000000	
225.350000	23.846298	-47.381596	0.000000	
225.400000	23.822663	-47.373453	0.000000	
225.450000	23.799039	-47.365278	0.000000	
225.500000	23.775427	-47.357066	0.000000	
225.550000	23.751819	-47.348844	0.000000	
225.600000	23.728213	-47.340617	0.000000	
225.650000	23.704600	-47.332409	0.000000	
225.700000	23.680982	-47.324215	0.000000	
225.750000	23.657358	-47.316037	0.000000	
225.800000	23.633731	-47.307867	0.000000	
225.850000	23.610103	-47.299703	0.000000	
225.900000	23.586476	-47.291533	0.000000	
225.950000	23.562854	-47.283349	0.000000	
226.000000	23.539227	-47.275180	0.000000	
226.050000	23.515603	-47.267004	0.000000	
226.100000	23.491979	-47.258826	0.000000	
226.150000	23.468356	-47.250645	0.000000	
226.200000	23.444726	-47.242485	0.000000	
226.250000	23.421087	-47.234350	0.000000	
226.300000	23.397438	-47.226245	0.000000	
226.350000	23.373785	-47.218153	0.000000	
226.400000	23.350123	-47.210088	0.000000	
226.450000	23.326456	-47.202037	0.000000	
226.500000	23.302785	-47.193999	0.000000	
226.550000	23.279109	-47.185975	0.000000	
226.600000	23.255428	-47.177966	0.000000	
226.650000	23.231738	-47.169983	0.000000	
226.700000	23.208041	-47.162024	0.000000	
226.750000	23.184335	-47.154092	0.000000	
226.800000	23.160618	-47.146190	0.000000	
226.850000	23.136898	-47.138298	0.000000	
226.900000	23.113173	-47.130421	0.000000	
226.950000	23.089450	-47.122541	0.000000	
227.000000	23.065732	-47.114643	0.000000	
227.050000	23.042020	-47.106728	0.000000	
227.100000	23.018305	-47.098823	0.000000	
227.150000	22.994580	-47.090947	0.000000	
227.200000	22.970842	-47.083110	0.000000	
227.250000	22.947095	-47.075300	0.000000	
227.300000	22.923342	-47.067512	0.000000	
227.350000	22.899578	-47.059756	0.000000	
227.400000	22.875808	-47.052020	0.000000	
227.450000	22.852031	-47.044305	0.000000	
227.500000	22.828244	-47.036626	0.000000	
227.550000	22.804439	-47.029003	0.000000	
227.600000	22.780612	-47.021455	0.000000	
227.650000	22.756766	-47.013973	0.000000	
227.700000	22.732904	-47.006543	0.000000	
227.750000	22.709033	-46.999146	0.000000	
227.800000	22.685144	-46.991808	0.000000	
227.850000	22.661234	-46.984547	0.000000	
227.900000	22.637296	-46.977379	0.000000	
227.950000	22.613327	-46.970318	0.000000	
228.000000	22.589324	-46.963376	0.000000	
228.050000	22.565285	-46.956548	0.000000	
228.100000	22.541212	-46.949836	0.000000	
228.150000	22.517107	-46.943239	0.000000	
228.200000	22.492970	-46.936762	0.000000	
228.250000	22.468807	-46.930385	0.000000	
228.300000	22.444613	-46.924129	0.000000	
228.350000	22.420390	-46.917984	0.000000	
228.400000	22.396140	-46.911947	0.000000	
228.450000	22.371858	-46.906041	0.000000	
228.500000	22.347552	-46.900234	0.000000	
228.550000	22.323223	-46.894518	0.000000	
228.600000	22.298876	-46.888874	0.000000	
228.650000	22.274517	-46.883281	0.000000	
228.700000	22.250146	-46.877743	0.000000	
228.750000	22.225760	-46.872262	0.000000	
228.800000	22.201354	-46.866867	0.000000	
228.850000	22.176933	-46.861536	0.000000	
228.900000	22.152500	-46.856259	0.000000	
228.950000	22.128054	-46.851040	0.000000	
229.000000	22.103599	-46.845863	0.000000	
229.050000	22.079137	-46.840716	0.000000	
229.100000	22.054665	-46.835607	0.000000	
229.150000	22.030191	-46.830513	0.000000	
229.200000	22.005713	-46.825434	0.000000	
229.250000	21.981233	-46.820366	0.000000	
229.300000	21.956748	-46.815326	0.000000	
229.350000	21.932262	-46.810285	0.000000	
229.400000	21.907776	-46.805246	0.000000	
229.450000	21.883293	-46.800191	0.000000	
229.500000	21.858816	-46.795111	0.000000	
229.550000	21.834341	-46.790018	0.000000	
229.600000	21.809868	-46.784913	0.000000	
229.650000	21.785395	-46.779814	0.000000	
229.700000	21.760919	-46.774722	0.000000	
229.750000	21.736443	-46.769634	0.000000	
229.800000	21.711971	-46.764528	0.000000	
229.850000	21.687509	-46.759375	0.000000	
229.900000	21.663060	-46.754169	0.000000	
229.950000	21.638621	-46.748913	0.000000	
230.000000	21.614193	-46.743609	0.000000	
230.050000	21.589775	-46.738262	0.000000	
230.100000	21.565365	-46.732877	0.000000	
230.150000	21.540960	-46.727470	0.000000	
230.200000	21.516561	-46.722039	0.000000	
230.250000	21.492168	-46.716579	0.000000	
230.300000	21.467782	-46.711088	0.000000	
230.350000	21.443406	-46.705551	0.000000	
230.400000	21.419041	-46.699967	0.000000	
230.450000	21.394686	-46.694337	0.000000	
230.500000	21.370340	-46.688663	0.000000	
230.550000	21.346006	-46.682945	0.000000	
230.600000	21.321681	-46.677185	0.000000	
230.650000	21.297363	-46.671391	0.000000	
230.700000	21.273059	-46.665543	0.000000	
230.750000	21.248766	-46.659644	0.000000	
230.800000	21.224485	-46.653694	0.000000	
230.850000	21.200215	-46.647699	0.000000	
230.900000	21.175952	-46.641679	0.000000	
230.950000	21.151692	-46.635648	0.000000	
231.000000	21.127436	-46.629600	0.000000	
231.050000	21.103186	-46.623528	0.000000	
231.100000	21.078945	-46.617417	0.000000	
231.150000	21.054708	-46.611298	0.000000	
231.200000	21.030477	-46.605149	0.000000	
231.250000	21.006255	-46.598965	0.000000	
231.300000	20.982045	-46.592740	0.000000	
231.350000	20.957844	-46.586475	0.000000	
231.400000	20.933650	-46.580180	0.000000	
231.450000	20.909458	-46.573879	0.000000	
231.500000	20.885264	-46.567585	0.000000	
231.550000	20.861066	-46.561309	0.000000	
231.600000	20.836862	-46.555060	0.000000	
231.650000	20.812650	-46.548840	0.000000	
231.700000	20.788431	-46.542652	0.000000	
231.750000	20.764203	-46.536503	0.000000	
231.800000	20.739966	-46.530392	0.000000	
231.850000	20.715719	-46.524320	0.000000	
231.900000	20.691459	-46.518303	0.000000	
231.950000	20.667189	-46.512326	0.000000	
232.000000	20.642912	-46.506376	0.000000	
232.050000	20.618628	-46.500458	0.000000	
232.100000	20.594335	-46.494572	0.000000	
232.150000	20.570035	-46.488717	0.000000	
232.200000	20.545735	-46.482859	0.000000	
232.250000	20.521434	-46.477006	0.000000	
232.300000	20.497125	-46.471184	0.000000	
232.350000	20.472806	-46.465398	0.000000	
232.400000	20.448481	-46.459635	0.000000	
232.450000	20.424153	-46.453889	0.000000	
232.500000	20.399822	-46.448150	0.000000	
232.550000	20.375497	-46.442391	0.000000	
232.600000	20.351175	-46.436615	0.000000	
232.650000	20.326863	-46.430799	0.000000	
232.700000	20.302562	-46.424941	0.000000	
232.750000	20.278276	-46.419020	0.000000	
232.800000	20.254005	-46.413041	0.000000	
232.850000	20.229745	-46.407011	0.000000	
232.900000	20.205496	-46.400943	0.000000	
232.950000	20.181255	-46.394837	0.000000	
233.000000	20.157021	-46.388701	0.000000	
233.050000	20.132795	-46.382533	0.000000	
233.100000	20.108577	-46.376335	0.000000	
233.150000	20.084371	-46.370090	0.000000	
233.200000	20.060168	-46.363830	0.000000	
233.250000	20.035966	-46.357569	0.000000	
233.300000	20.011761	-46.351319	0.000000	
233.350000	19.987557	-46.345064	0.000000	
233.400000	19.963360	-46.338781	0.000000	
233.450000	19.939175	-46.332457	0.000000	
233.500000	19.915001	-46.326087	0.000000	
233.550000	19.890842	-46.319662	0.000000	
233.600000	19.866692	-46.313206	0.000000	
233.650000	19.842552	-46.306714	0.000000	
233.700000	19.818420	-46.300189	0.000000	
233.750000	19.794299	-46.293627	0.000000	
233.800000	19.770184	-46.287045	0.000000	
233.850000	19.746070	-46.280458	0.000000	
233.900000	19.721961	-46.273855	0.000000	
233.950000	19.697862	-46.267213	0.000000	
234.000000	19.673778	-46.260517	0.000000	
234.050000	19.649705	-46.253782	0.000000	
234.100000	19.625644	-46.247005	0.000000	
234.150000	19.601598	-46.240177	0.000000	
234.200000	19.577562	-46.233314	0.000000	
234.250000	19.553541	-46.226397	0.000000	
234.300000	19.529540	-46.219412	0.000000	
234.350000	19.505567	-46.212334	0.000000	
234.400000	19.481614	-46.205184	0.000000	
234.450000	19.457683	-46.197963	0.000000	
234.500000	19.433774	-46.190669	0.000000	
234.550000	19.409888	-46.183308	0.000000	
234.600000	19.386016	-46.175901	0.000000	
234.650000	19.362161	-46.168439	0.000000	
234.700000	19.338326	-46.160914	0.000000	
234.750000	19.314507	-46.153339	0.000000	
234.800000	19.290701	-46.145722	0.000000	
234.850000	19.266914	-46.138048	0.000000	
234.900000	19.243154	-46.130288	0.000000	
234.950000	19.219425	-46.122436	0.000000	
235.000000	19.195728	-46.114488	0.000000	
235.050000	19.172066	-46.106442	0.000000	
235.100000	19.148440	-46.098291	0.000000	
235.150000	19.124844	-46.090053	0.000000	
235.200000	19.101275	-46.081739	0.000000	
235.250000	19.077732	-46.073349	0.000000	
235.300000	19.054211	-46.064893	0.000000	
235.350000	19.030705	-46.056395	0.000000	
235.400000	19.007204	-46.047884	0.000000	
235.450000	18.983714	-46.039339	0.000000	
235.500000	18.960235	-46.030764	0.000000	
235.550000	18.936762	-46.022169	0.000000	
235.600000	18.913294	-46.013564	0.000000	
235.650000	18.889830	-46.004946	0.000000	
235.700000	18.866370	-45.996316	0.000000	
235.750000	18.842917	-45.987667	0.000000	
235.800000	18.819476	-45.978984	0.000000	
235.850000	18.796047	-45.970269	0.000000	
235.900000	18.772626	-45.961530	0.000000	
235.950000	18.749216	-45.952764	0.000000	
236.000000	18.725804	-45.943999	0.000000	
236.050000	18.702382	-45.935263	0.000000	
236.100000	18.678944	-45.926570	0.000000	
236.150000	18.655494	-45.917908	0.000000	
236.200000	18.632037	-45.909266	0.000000	
236.250000	18.608573	-45.900639	0.000000	
236.300000	18.585103	-45.892029	0.000000	
236.350000	18.561633	-45.883420	0.000000	
236.400000	18.538176	-45.874777	0.000000	
236.450000	18.514751	-45.866053	0.000000	
236.500000	18.491365	-45.857233	0.000000	
236.550000	18.468028	-45.848298	0.000000	
236.600000	18.444741	-45.839248	0.000000	
236.650000	18.421514	-45.830060	0.000000	
236.700000	18.398361	-45.820706	0.000000	
236.750000	18.375307	-45.811140	0.000000	
236.800000	18.352370	-45.801339	0.000000	
236.850000	18.329569	-45.791278	0.000000	
236.900000	18.306922	-45.780931	0.000000	
236.950000	18.284441	-45.770282	0.000000	
237.000000	18.262137	-45.759323	0.000000	
237.050000	18.240031	-45.748023	0.000000	
237.100000	18.218147	-45.736346	0.000000	
237.150000	18.196509	-45.724262	0.000000	
237.200000	18.175132	-45.711760	0.000000	
237.250000	18.154033	-45.698827	0.000000	
237.300000	18.133238	-45.685439	0.000000	
237.350000	18.112752	-45.671586	0.000000	
237.400000	18.092585	-45.657266	0.000000	
237.450000	18.072748	-45.642485	0.000000	
237.500000	18.053239	-45.627266	0.000000	
237.550000	18.034062	-45.611620	0.000000	
237.600000	18.015210	-45.595568	0.000000	
237.650000	17.996697	-45.579105	0.000000	
237.700000	17.978505	-45.562251	0.000000	
237.750000	17.960639	-45.545016	0.000000	
237.800000	17.943086	-45.527434	0.000000	
237.850000	17.925815	-45.509546	0.000000	
237.900000	17.908804	-45.491388	0.000000	
237.950000	17.892031	-45.472986	0.000000	
238.000000	17.875495	-45.454348	0.000000	
238.050000	17.859185	-45.435493	0.000000	
238.100000	17.843097	-45.416430	0.000000	
238.150000	17.827211	-45.397183	0.000000	
238.200000	17.811492	-45.377786	0.000000	
238.250000	17.795914	-45.358264	0.000000	
238.300000	17.780447	-45.338645	0.000000	
238.350000	17.765073	-45.318948	0.000000	
238.400000	17.749799	-45.299168	0.000000	
238.450000	17.734625	-45.279307	0.000000	
238.500000	17.719515	-45.259395	0.000000	
238.550000	17.704447	-45.239450	0.000000	
238.600000	17.689398	-45.219489	0.000000	
238.650000	17.674354	-45.199525	0.000000	
238.700000	17.659297	-45.179571	0.000000	
238.750000	17.644245	-45.159612	0.000000	
238.800000	17.629199	-45.139650	0.000000	
238.850000	17.614147	-45.119691	0.000000	
238.900000	17.599103	-45.099727	0.000000	
238.950000	17.584055	-45.079766	0.000000	
239.000000	17.569004	-45.059808	0.000000	
239.050000	17.553945	-45.039854	0.000000	
239.100000	17.538861	-45.019920	0.000000	
239.150000	17.523741	-45.000014	0.000000	
239.200000	17.508592	-44.980128	0.000000	
239.250000	17.493438	-44.960246	0.000000	
239.300000	17.478273	-44.940374	0.000000	
239.350000	17.463101	-44.920506	0.000000	
239.400000	17.447903	-44.900658	0.000000	
239.450000	17.432676	-44.880832	0.000000	
239.500000	17.417394	-44.861049	0.000000	
239.550000	17.402062	-44.841305	0.000000	
239.600000	17.386704	-44.821581	0.000000	
239.650000	17.371333	-44.801868	0.000000	
239.700000	17.355967	-44.782151	0.000000	
239.750000	17.340594	-44.762439	0.000000	
239.800000	17.325200	-44.742744	0.000000	
239.850000	17.309777	-44.723072	0.000000	
239.900000	17.294316	-44.703430	0.000000	
239.950000	17.278817	-44.683816	0.000000	
240.000000	17.263287	-44.664228	0.000000	
240.050000	17.247727	-44.644663	0.000000	
240.100000	17.232125	-44.625132	0.000000	
240.150000	17.216505	-44.605615	0.000000	
240.200000	17.200861	-44.586117	0.000000	
240.250000	17.185180	-44.566649	0.000000	
240.300000	17.169462	-44.547210	0.000000	
240.350000	17.153714	-44.527795	0.000000	
240.400000	17.137952	-44.508390	0.000000	
240.450000	17.122179	-44.488995	0.000000	
240.500000	17.106382	-44.469619	0.000000	
240.550000	17.090587	-44.450242	0.000000	
240.600000	17.074794	-44.430862	0.000000	
240.650000	17.059000	-44.411484	0.000000	
240.700000	17.043205	-44.392107	0.000000	
240.750000	17.027394	-44.372742	0.000000	
240.800000	17.011585	-44.353375	0.000000	
240.850000	16.995771	-44.334013	0.000000	
240.900000	16.979938	-44.314666	0.000000	
240.950000	16.964092	-44.295330	0.000000	
241.000000	16.948221	-44.276016	0.000000	
241.050000	16.932321	-44.256725	0.000000	
241.100000	16.916408	-44.237445	0.000000	
241.150000	16.900501	-44.218161	0.000000	
241.200000	16.884595	-44.198875	0.000000	
241.250000	16.868693	-44.179587	0.000000	
241.300000	16.852800	-44.160291	0.000000	
241.350000	16.836897	-44.141003	0.000000	
241.400000	16.820987	-44.121721	0.000000	
241.450000	16.805065	-44.102448	0.000000	
241.500000	16.789146	-44.083174	0.000000	
241.550000	16.773243	-44.063886	0.000000	
241.600000	16.757333	-44.044604	0.000000	
241.650000	16.741417	-44.025326	0.000000	
241.700000	16.725474	-44.006072	0.000000	
241.750000	16.709499	-43.986844	0.000000	
241.800000	16.693501	-43.967635	0.000000	
241.850000	16.677468	-43.948456	0.000000	
241.900000	16.661425	-43.929284	0.000000	
241.950000	16.645394	-43.910103	0.000000	
242.000000	16.629370	-43.890915	0.000000	
242.050000	16.613365	-43.871712	0.000000	
242.100000	16.597396	-43.852479	0.000000	
242.150000	16.581465	-43.833215	0.000000	
242.200000	16.565555	-43.813934	0.000000	
242.250000	16.549668	-43.794635	0.000000	
242.300000	16.533807	-43.775315	0.000000	
242.350000	16.517977	-43.755971	0.000000	
242.400000	16.502196	-43.736588	0.000000	
242.450000	16.486467	-43.717165	0.000000	
242.500000	16.470788	-43.697701	0.000000	
242.550000	16.455155	-43.678203	0.000000	
242.600000	16.439561	-43.658674	0.000000	
242.650000	16.424012	-43.639110	0.000000	
242.700000	16.408504	-43.619513	0.000000	
242.750000	16.393033	-43.599886	0.000000	
242.800000	16.377598	-43.580229	0.000000	
242.850000	16.362194	-43.560546	0.000000	
242.900000	16.346833	-43.540828	0.000000	
242.950000	16.331508	-43.521080	0.000000	
243.000000	16.316212	-43.501310	0.000000	
243.050000	16.300951	-43.481511	0.000000	
243.100000	16.285724	-43.461686	0.000000	
243.150000	16.270529	-43.441837	0.000000	
243.200000	16.255349	-43.421975	0.000000	
243.250000	16.240179	-43.402106	0.000000	
243.300000	16.225001	-43.382242	0.000000	
243.350000	16.209808	-43.362392	0.000000	
243.400000	16.194592	-43.342558	0.000000	
243.450000	16.179340	-43.322752	0.000000	
243.500000	16.164048	-43.302978	0.000000	
243.550000	16.148722	-43.283230	0.000000	
243.600000	16.133376	-43.263497	0.000000	
243.650000	16.118002	-43.243785	0.000000	
243.700000	16.102616	-43.224083	0.000000	
243.750000	16.087245	-43.204369	0.000000	
243.800000	16.071905	-43.184631	0.000000	
243.850000	16.056601	-43.164866	0.000000	
243.900000	16.041335	-43.145071	0.000000	
243.950000	16.026092	-43.125260	0.000000	
244.000000	16.010862	-43.105438	0.000000	
244.050000	15.995656	-43.085598	0.000000	
244.100000	15.980480	-43.065736	0.000000	
244.150000	15.965333	-43.045852	0.000000	
244.200000	15.950209	-43.025952	0.000000	
244.250000	15.935099	-43.006041	0.000000	
244.300000	15.920013	-42.986112	0.000000	
244.350000	15.904952	-42.966165	0.000000	
244.400000	15.889920	-42.946195	0.000000	
244.450000	15.874924	-42.926197	0.000000	
244.500000	15.859978	-42.906161	0.000000	
244.550000	15.845074	-42.886092	0.000000	
244.600000	15.830212	-42.865991	0.000000	
244.650000	15.815389	-42.845862	0.000000	
244.700000	15.800618	-42.825694	0.000000	
244.750000	15.785899	-42.805487	0.000000	
244.800000	15.771224	-42.785251	0.000000	
244.850000	15.756589	-42.764986	0.000000	
244.900000	15.741990	-42.744695	0.000000	
244.950000	15.727418	-42.724385	0.000000	
245.000000	15.712894	-42.704041	0.000000	
245.050000	15.698427	-42.683657	0.000000	
245.100000	15.683993	-42.663250	0.000000	
245.150000	15.669573	-42.642832	0.000000	
245.200000	15.655176	-42.622399	0.000000	
245.250000	15.640800	-42.601951	0.000000	
245.300000	15.626443	-42.581489	0.000000	
245.350000	15.612095	-42.561020	0.000000	
245.400000	15.597754	-42.540547	0.000000	
245.450000	15.583424	-42.520065	0.000000	
245.500000	15.569091	-42.499586	0.000000	
245.550000	15.554744	-42.479117	0.000000	
245.600000	15.540391	-42.458652	0.000000	
245.650000	15.526014	-42.438206	0.000000	
245.700000	15.511609	-42.417779	0.000000	
245.750000	15.497172	-42.397376	0.000000	
245.800000	15.482696	-42.377001	0.000000	
245.850000	15.468166	-42.356665	0.000000	
245.900000	15.453586	-42.336363	0.000000	
245.950000	15.438972	-42.316087	0.000000	
246.000000	15.424315	-42.295841	0.000000	
246.050000	15.409604	-42.275634	0.000000	
246.100000	15.394828	-42.255473	0.000000	
246.150000	15.380001	-42.235350	0.000000	
246.200000	15.365129	-42.215259	0.000000	
246.250000	15.350219	-42.195194	0.000000	
246.300000	15.335280	-42.175150	0.000000	
246.350000	15.320320	-42.155122	0.000000	
246.400000	15.305346	-42.135103	0.000000	
246.450000	15.290380	-42.115079	0.000000	
246.500000	15.275427	-42.095046	0.000000	
246.550000	15.260488	-42.075002	0.000000	
246.600000	15.245563	-42.054948	0.000000	
246.650000	15.230662	-42.034876	0.000000	
246.700000	15.215804	-42.014773	0.000000	
246.750000	15.200990	-41.994639	0.000000	
246.800000	15.186220	-41.974472	0.000000	
246.850000	15.171474	-41.954288	0.000000	
246.900000	15.156753	-41.934086	0.000000	
246.950000	15.142046	-41.913874	0.000000	
247.000000	15.127346	-41.893656	0.000000	
247.050000	15.112660	-41.873428	0.000000	
247.100000	15.097989	-41.853189	0.000000	
247.150000	15.083338	-41.832934	0.000000	
247.200000	15.068702	-41.812669	0.000000	
247.250000	15.054082	-41.792391	0.000000	
247.300000	15.039473	-41.772106	0.000000	
247.350000	15.024864	-41.751820	0.000000	
247.400000	15.010261	-41.731530	0.000000	
247.450000	14.995673	-41.711229	0.000000	
247.500000	14.981093	-41.690923	0.000000	
247.550000	14.966526	-41.670607	0.000000	
247.600000	14.951979	-41.650277	0.000000	
247.650000	14.937470	-41.629921	0.000000	
247.700000	14.922996	-41.609541	0.000000	
247.750000	14.908540	-41.589148	0.000000	
247.800000	14.894083	-41.568756	0.000000	
247.850000	14.879636	-41.548358	0.000000	
247.900000	14.865219	-41.527939	0.000000	
247.950000	14.850842	-41.507493	0.000000	
248.000000	14.836508	-41.487016	0.000000	
248.050000	14.822224	-41.466505	0.000000	
248.100000	14.807978	-41.445967	0.000000	
248.150000	14.793777	-41.425398	0.000000	
248.200000	14.779617	-41.404801	0.000000	
248.250000	14.765494	-41.384176	0.000000	
248.300000	14.751421	-41.363517	0.000000	
248.350000	14.737406	-41.342819	0.000000	
248.400000	14.723435	-41.322089	0.000000	
248.450000	14.709506	-41.301331	0.000000	
248.500000	14.695597	-41.280559	0.000000	
248.550000	14.681703	-41.259777	0.000000	
248.600000	14.667805	-41.238997	0.000000	
248.650000	14.653906	-41.218218	0.000000	
248.700000	14.640000	-41.197445	0.000000	
248.750000	14.626078	-41.176681	0.000000	
248.800000	14.612150	-41.155922	0.000000	
248.850000	14.598234	-41.135154	0.000000	
248.900000	14.584314	-41.114389	0.000000	
248.950000	14.570387	-41.093629	0.000000	
249.000000	14.556460	-41.072868	0.000000	
249.050000	14.542546	-41.052099	0.000000	
249.100000	14.528634	-41.031330	0.000000	
249.150000	14.514724	-41.010559	0.000000	
249.200000	14.500809	-40.989790	0.000000	
249.250000	14.486906	-40.969014	0.000000	
249.300000	14.473035	-40.948217	0.000000	
249.350000	14.459167	-40.927419	0.000000	
249.400000	14.445278	-40.906633	0.000000	
249.450000	14.431373	-40.885858	0.000000	
249.500000	14.417469	-40.865084	0.000000	
249.550000	14.403567	-40.844306	0.000000	
249.600000	14.389659	-40.823535	0.000000	
249.650000	14.375753	-40.802761	0.000000	
249.700000	14.361844	-40.781989	0.000000	
249.750000	14.347933	-40.761219	0.000000	
249.800000	14.334019	-40.740450	0.000000	
249.850000	14.320108	-40.719679	0.000000	
249.900000	14.306191	-40.698913	0.000000	
249.950000	14.292267	-40.678152	0.000000	
250.000000	14.278332	-40.657398	0.000000	
250.050000	14.264367	-40.636664	0.000000	
250.100000	14.250362	-40.615957	0.000000	
250.150000	14.236321	-40.595274	0.000000	
250.200000	14.222267	-40.574601	0.000000	
250.250000	14.208201	-40.553936	0.000000	
250.300000	14.194103	-40.533292	0.000000	
250.350000	14.179950	-40.512685	0.000000	
250.400000	14.165766	-40.492099	0.000000	
250.450000	14.151555	-40.471533	0.000000	
250.500000	14.137321	-40.450982	0.000000	
250.550000	14.123064	-40.430447	0.000000	
250.600000	14.108792	-40.409922	0.000000	
250.650000	14.094527	-40.389392	0.000000	
250.700000	14.080278	-40.368851	0.000000	
250.750000	14.066031	-40.348309	0.000000	
250.800000	14.051769	-40.327778	0.000000	
250.850000	14.037509	-40.307244	0.000000	
250.900000	14.023233	-40.286723	0.000000	
250.950000	14.008956	-40.266201	0.000000	
251.000000	13.994689	-40.245673	0.000000	
251.050000	13.980431	-40.225138	0.000000	
251.100000	13.966202	-40.204584	0.000000	
251.150000	13.952011	-40.184005	0.000000	
251.200000	13.937855	-40.163401	0.000000	
251.250000	13.923737	-40.142772	0.000000	
251.300000	13.909653	-40.122121	0.000000	
251.350000	13.895620	-40.101437	0.000000	
251.400000	13.881657	-40.080705	0.000000	
251.450000	13.867763	-40.059929	0.000000	
251.500000	13.853949	-40.039100	0.000000	
251.550000	13.840219	-40.018216	0.000000	
251.600000	13.826560	-39.997287	0.000000	
251.650000	13.812970	-39.976313	0.000000	
251.700000	13.799450	-39.955295	0.000000	
251.750000	13.786000	-39.934233	0.000000	
251.800000	13.772619	-39.913127	0.000000	
251.850000	13.759303	-39.891978	0.000000	
251.900000	13.746034	-39.870799	0.000000	
251.950000	13.732834	-39.849575	0.000000	
252.000000	13.719681	-39.828321	0.000000	
252.050000	13.706556	-39.807048	0.000000	
252.100000	13.693452	-39.785762	0.000000	
252.150000	13.680376	-39.764457	0.000000	
252.200000	13.667324	-39.743139	0.000000	
252.250000	13.654284	-39.721811	0.000000	
252.300000	13.641252	-39.700479	0.000000	
252.350000	13.628241	-39.679133	0.000000	
252.400000	13.615228	-39.657789	0.000000	
252.450000	13.602219	-39.636443	0.000000	
252.500000	13.589194	-39.615106	0.000000	
252.550000	13.576160	-39.593775	0.000000	
252.600000	13.563115	-39.572450	0.000000	
252.650000	13.550075	-39.551122	0.000000	
252.700000	13.537045	-39.529788	0.000000	
252.750000	13.524018	-39.508453	0.000000	
252.800000	13.510973	-39.487128	0.000000	
252.850000	13.497930	-39.465803	0.000000	
252.900000	13.484898	-39.444470	0.000000	
252.950000	13.471874	-39.423132	0.000000	
253.000000	13.458857	-39.401791	0.000000	
253.050000	13.445843	-39.380447	0.000000	
253.100000	13.432837	-39.359098	0.000000	
253.150000	13.419856	-39.337735	0.000000	
253.200000	13.406877	-39.316369	0.000000	
253.250000	13.393882	-39.295014	0.000000	
253.300000	13.380891	-39.273656	0.000000	
253.350000	13.367881	-39.252310	0.000000	
253.400000	13.354842	-39.230983	0.000000	
253.450000	13.341780	-39.209670	0.000000	
253.500000	13.328690	-39.188375	0.000000	
253.550000	13.315589	-39.167087	0.000000	
253.600000	13.302473	-39.145809	0.000000	
253.650000	13.289335	-39.124544	0.000000	
253.700000	13.276165	-39.103298	0.000000	
253.750000	13.262954	-39.082078	0.000000	
253.800000	13.249703	-39.060882	0.000000	
253.850000	13.236444	-39.039691	0.000000	
253.900000	13.223189	-39.018498	0.000000	
253.950000	13.209951	-38.997294	0.000000	
254.000000	13.196765	-38.976061	0.000000	
254.050000	13.183625	-38.954802	0.000000	
254.100000	13.170553	-38.933505	0.000000	
254.150000	13.157559	-38.912163	0.000000	
254.200000	13.144664	-38.890767	0.000000	
254.250000	13.131889	-38.869307	0.000000	
254.300000	13.119256	-38.847769	0.000000	
254.350000	13.106789	-38.826144	0.000000	
254.400000	13.094528	-38.804413	0.000000	
254.450000	13.082500	-38.782562	0.000000	
254.500000	13.070723	-38.760586	0.000000	
254.550000	13.059223	-38.738477	0.000000	
254.600000	13.048009	-38.716236	0.000000	
254.650000	13.037101	-38.693856	0.000000	
254.700000	13.026518	-38.671333	0.000000	
254.750000	13.016286	-38.648660	0.000000	
254.800000	13.006438	-38.625827	0.000000	
254.850000	12.996977	-38.602835	0.000000	
254.900000	12.987892	-38.579694	0.000000	
254.950000	12.979170	-38.556415	0.000000	
255.000000	12.970810	-38.533000	0.000000	
255.050000	12.962816	-38.509458	0.000000	
255.100000	12.955186	-38.485794	0.000000	
255.150000	12.947912	-38.462010	0.000000	
255.200000	12.941005	-38.438106	0.000000	
255.250000	12.934441	-38.414096	0.000000	
255.300000	12.928221	-38.389985	0.000000	
255.350000	12.922354	-38.365773	0.000000	
255.400000	12.916810	-38.341475	0.000000	
255.450000	12.911569	-38.317100	0.000000	
255.500000	12.906621	-38.292655	0.000000	
255.550000	12.901948	-38.268146	0.000000	
255.600000	12.897517	-38.243584	0.000000	
255.650000	12.893301	-38.218977	0.000000	
255.700000	12.889278	-38.194331	0.000000	
255.750000	12.885435	-38.169651	0.000000	
255.800000	12.881756	-38.144942	0.000000	
255.850000	12.878208	-38.120211	0.000000	
255.900000	12.874776	-38.095461	0.000000	
255.950000	12.871448	-38.070695	0.000000	
256.000000	12.868217	-38.045912	0.000000	
256.050000	12.865078	-38.021115	0.000000	
256.100000	12.861989	-37.996311	0.000000	
256.150000	12.858950	-37.971499	0.000000	
256.200000	12.855943	-37.946683	0.000000	
256.250000	12.852944	-37.921865	0.000000	
256.300000	12.849960	-37.897046	0.000000	
256.350000	12.846976	-37.872226	0.000000	
256.400000	12.843970	-37.847409	0.000000	
256.450000	12.840928	-37.822597	0.000000	
256.500000	12.837855	-37.797789	0.000000	
256.550000	12.834740	-37.772987	0.000000	
256.600000	12.831577	-37.748190	0.000000	
256.650000	12.828385	-37.723398	0.000000	
256.700000	12.825184	-37.698606	0.000000	
256.750000	12.821962	-37.673817	0.000000	
256.800000	12.818711	-37.649032	0.000000	
256.850000	12.815406	-37.624253	0.000000	
256.900000	12.812053	-37.599481	0.000000	
256.950000	12.808641	-37.574716	0.000000	
257.000000	12.805186	-37.549958	0.000000	
257.050000	12.801674	-37.525208	0.000000	
257.100000	12.798115	-37.500464	0.000000	
257.150000	12.794516	-37.475727	0.000000	
257.200000	12.790863	-37.450997	0.000000	
257.250000	12.787164	-37.426274	0.000000	
257.300000	12.783435	-37.401556	0.000000	
257.350000	12.779664	-37.376845	0.000000	
257.400000	12.775853	-37.352140	0.000000	
257.450000	12.772002	-37.327441	0.000000	
257.500000	12.768133	-37.302745	0.000000	
257.550000	12.764225	-37.278055	0.000000	
257.600000	12.760282	-37.253371	0.000000	
257.650000	12.756317	-37.228690	0.000000	
257.700000	12.752321	-37.204014	0.000000	
257.750000	12.748296	-37.179343	0.000000	
257.800000	12.744241	-37.154675	0.000000	
257.850000	12.740147	-37.130013	0.000000	
257.900000	12.736016	-37.105358	0.000000	
257.950000	12.731859	-37.080707	0.000000	
258.000000	12.727688	-37.056058	0.000000	
258.050000	12.723506	-37.031411	0.000000	
258.100000	12.719331	-37.006763	0.000000	
258.150000	12.715141	-36.982117	0.000000	
258.200000	12.710936	-36.957474	0.000000	
258.250000	12.706716	-36.932833	0.000000	
258.300000	12.702484	-36.908195	0.000000	
258.350000	12.698235	-36.883560	0.000000	
258.400000	12.693968	-36.858928	0.000000	
258.450000	12.689664	-36.834303	0.000000	
258.500000	12.685349	-36.809679	0.000000	
258.550000	12.681016	-36.785059	0.000000	
258.600000	12.676688	-36.760439	0.000000	
258.650000	12.672361	-36.735818	0.000000	
258.700000	12.668024	-36.711198	0.000000	
258.750000	12.663678	-36.686581	0.000000	
258.800000	12.659318	-36.661965	0.000000	
258.850000	12.654937	-36.637353	0.000000	
258.900000	12.650571	-36.612739	0.000000	
258.950000	12.646220	-36.588121	0.000000	
259.000000	12.641870	-36.563504	0.000000	
259.050000	12.637529	-36.538885	0.000000	
259.100000	12.633195	-36.514265	0.000000	
259.150000	12.628871	-36.489643	0.000000	
259.200000	12.624560	-36.465020	0.000000	
259.250000	12.620269	-36.440393	0.000000	
259.300000	12.616011	-36.415760	0.000000	
259.350000	12.611792	-36.391121	0.000000	
259.400000	12.607627	-36.366472	0.000000	
259.450000	12.603507	-36.341816	0.000000	
259.500000	12.599464	-36.317148	0.000000	
259.550000	12.595489	-36.292468	0.000000	
259.600000	12.591569	-36.267780	0.000000	
259.650000	12.587698	-36.243084	0.000000	
259.700000	12.583898	-36.218378	0.000000	
259.750000	12.580155	-36.193663	0.000000	
259.800000	12.576446	-36.168943	0.000000	
259.850000	12.572750	-36.144220	0.000000	
259.900000	12.569085	-36.119493	0.000000	
259.950000	12.565431	-36.094764	0.000000	
260.000000	12.561780	-36.070035	0.000000	
260.050000	12.558129	-36.045305	0.000000	
260.100000	12.554463	-36.020578	0.000000	
260.150000	12.550772	-35.995856	0.000000	
260.200000	12.547030	-35.971142	0.000000	
260.250000	12.543226	-35.946440	0.000000	
260.300000	12.539361	-35.921750	0.000000	
260.350000	12.535417	-35.897074	0.000000	
260.400000	12.531404	-35.872411	0.000000	
260.450000	12.527295	-35.847765	0.000000	
260.500000	12.523100	-35.823136	0.000000	
260.550000	12.518812	-35.798523	0.000000	
260.600000	12.514413	-35.773930	0.000000	
260.650000	12.509924	-35.749352	0.000000	
260.700000	12.505330	-35.724793	0.000000	
260.750000	12.500615	-35.700254	0.000000	
260.800000	12.495775	-35.675738	0.000000	
260.850000	12.490816	-35.651245	0.000000	
260.900000	12.485756	-35.626772	0.000000	
260.950000	12.480595	-35.602318	0.000000	
261.000000	12.475323	-35.577886	0.000000	
261.050000	12.469961	-35.553474	0.000000	
261.100000	12.464502	-35.529081	0.000000	
261.150000	12.458959	-35.504708	0.000000	
261.200000	12.453321	-35.480355	0.000000	
261.250000	12.447614	-35.456019	0.000000	
261.300000	12.441851	-35.431696	0.000000	
261.350000	12.436033	-35.407385	0.000000	
261.400000	12.430185	-35.383082	0.000000	
261.450000	12.424300	-35.358788	0.000000	
261.500000	12.418380	-35.334502	0.000000	
261.550000	12.412418	-35.310227	0.000000	
261.600000	12.406412	-35.285962	0.000000	
261.650000	12.400370	-35.261705	0.000000	
261.700000	12.394266	-35.237464	0.000000	
261.750000	12.388115	-35.213234	0.000000	
261.800000	12.381918	-35.189015	0.000000	
261.850000	12.375677	-35.164807	0.000000	
261.900000	12.369414	-35.140606	0.000000	
261.950000	12.363134	-35.116408	0.000000	
262.000000	12.356837	-35.092215	0.000000	
262.050000	12.350558	-35.068017	0.000000	
262.100000	12.344292	-35.043816	0.000000	
262.150000	12.338061	-35.019607	0.000000	
262.200000	12.331876	-34.995387	0.000000	
262.250000	12.325766	-34.971149	0.000000	
262.300000	12.319763	-34.946889	0.000000	
262.350000	12.313904	-34.922599	0.000000	
262.400000	12.308222	-34.898278	0.000000	
262.450000	12.302736	-34.873924	0.000000	
262.500000	12.297460	-34.849538	0.000000	
262.550000	12.292422	-34.825114	0.000000	
262.600000	12.287655	-34.800653	0.000000	
262.650000	12.283166	-34.776153	0.000000	
262.700000	12.278996	-34.751616	0.000000	
262.750000	12.275190	-34.727038	0.000000	
262.800000	12.271763	-34.702423	0.000000	
262.850000	12.268742	-34.677773	0.000000	
262.900000	12.266161	-34.653085	0.000000	
262.950000	12.264032	-34.628367	0.000000	
263.000000	12.262352	-34.603620	0.000000	
263.050000	12.261124	-34.578847	0.000000	
263.100000	12.260333	-34.554054	0.000000	
263.150000	12.260008	-34.529246	0.000000	
263.200000	12.260145	-34.504425	0.000000	
263.250000	12.260753	-34.479599	0.000000	
263.300000	12.261809	-34.454768	0.000000	
263.350000	12.263260	-34.429939	0.000000	
263.400000	12.265060	-34.405114	0.000000	
263.450000	12.267163	-34.380296	0.000000	
263.500000	12.269546	-34.355488	0.000000	
263.550000	12.272209	-34.330695	0.000000	
263.600000	12.275132	-34.305918	0.000000	
263.650000	12.278271	-34.281155	0.000000	
263.700000	12.281605	-34.256404	0.000000	
263.750000	12.285105	-34.231668	0.000000	
263.800000	12.288725	-34.206943	0.000000	
263.850000	12.292454	-34.182230	0.000000	
263.900000	12.296266	-34.157527	0.000000	
263.950000	12.300139	-34.132832	0.000000	
264.000000	12.304043	-34.108141	0.000000	
264.050000	12.307985	-34.083456	0.000000	
264.100000	12.311972	-34.058778	0.000000	
264.150000	12.315999	-34.034106	0.000000	
264.200000	12.320053	-34.009439	0.000000	
264.250000	12.324128	-33.984775	0.000000	
264.300000	12.328196	-33.960110	0.000000	
264.350000	12.332263	-33.935445	0.000000	
264.400000	12.336339	-33.910782	0.000000	
264.450000	12.340424	-33.886120	0.000000	
264.500000	12.344538	-33.861463	0.000000	
264.550000	12.348678	-33.836810	0.000000	
264.600000	12.352841	-33.812161	0.000000	
264.650000	12.357041	-33.787520	0.000000	
264.700000	12.361296	-33.762888	0.000000	
264.750000	12.365629	-33.738270	0.000000	
264.800000	12.370032	-33.713666	0.000000	
264.850000	12.374517	-33.689077	0.000000	
264.900000	12.379067	-33.664500	0.000000	
264.950000	12.383695	-33.639937	0.000000	
265.000000	12.388399	-33.615389	0.000000	
265.050000	12.393189	-33.590858	0.000000	
265.100000	12.398045	-33.566338	0.000000	
265.150000	12.402954	-33.541829	0.000000	
265.200000	12.407910	-33.517330	0.000000	
265.250000	12.412881	-33.492833	0.000000	
265.300000	12.417881	-33.468342	0.000000	
265.350000	12.422926	-33.443861	0.000000	
265.400000	12.428029	-33.419391	0.000000	
265.450000	12.433201	-33.394936	0.000000	
265.500000	12.438450	-33.370496	0.000000	
265.550000	12.443754	-33.346067	0.000000	
265.600000	12.449104	-33.321648	0.000000	
265.650000	12.454486	-33.297235	0.000000	
265.700000	12.459895	-33.272828	0.000000	
265.750000	12.465317	-33.248424	0.000000	
265.800000	12.470745	-33.224021	0.000000	
265.850000	12.476176	-33.199619	0.000000	
265.900000	12.481605	-33.175217	0.000000	
265.950000	12.487049	-33.150817	0.000000	
266.000000	12.492499	-33.126419	0.000000	
266.050000	12.497965	-33.102025	0.000000	
266.100000	12.503442	-33.077633	0.000000	
266.150000	12.508933	-33.053245	0.000000	
266.200000	12.514437	-33.028859	0.000000	
266.250000	12.519961	-33.004478	0.000000	
266.300000	12.525525	-32.980106	0.000000	
266.350000	12.531109	-32.955738	0.000000	
266.400000	12.536704	-32.931373	0.000000	
266.450000	12.542294	-32.907006	0.000000	
266.500000	12.547871	-32.882637	0.000000	
266.550000	12.553452	-32.858268	0.000000	
266.600000	12.559040	-32.833901	0.000000	
266.650000	12.564642	-32.809538	0.000000	
266.700000	12.570279	-32.785182	0.000000	
266.750000	12.575928	-32.760829	0.000000	
266.800000	12.581607	-32.736484	0.000000	
266.850000	12.587297	-32.712140	0.000000	
266.900000	12.592983	-32.687796	0.000000	
266.950000	12.598652	-32.663449	0.000000	
267.000000	12.604293	-32.639095	0.000000	
267.050000	12.609906	-32.614735	0.000000	
267.100000	12.615501	-32.590371	0.000000	
267.150000	12.621068	-32.566001	0.000000	
267.200000	12.626604	-32.541624	0.000000	
267.250000	12.632121	-32.517243	0.000000	
267.300000	12.637616	-32.492856	0.000000	
267.350000	12.643071	-32.468461	0.000000	
267.400000	12.648482	-32.444057	0.000000	
267.450000	12.653841	-32.419642	0.000000	
267.500000	12.659139	-32.395214	0.000000	
267.550000	12.664373	-32.370774	0.000000	
267.600000	12.669523	-32.346316	0.000000	
267.650000	12.674604	-32.321845	0.000000	
267.700000	12.679602	-32.297357	0.000000	
267.750000	12.684509	-32.272851	0.000000	
267.800000	12.689332	-32.248327	0.000000	
267.850000	12.694066	-32.223785	0.000000	
267.900000	12.698733	-32.199229	0.000000	
267.950000	12.703347	-32.174663	0.000000	
268.000000	12.707911	-32.150088	0.000000	
268.050000	12.712435	-32.125506	0.000000	
268.100000	12.716897	-32.100913	0.000000	
268.150000	12.721269	-32.076303	0.000000	
268.200000	12.725560	-32.051679	0.000000	
268.250000	12.729764	-32.027041	0.000000	
268.300000	12.733883	-32.002388	0.000000	
268.350000	12.737929	-31.977721	0.000000	
268.400000	12.741914	-31.953044	0.000000	
268.450000	12.745850	-31.928358	0.000000	
268.500000	12.749724	-31.903662	0.000000	
268.550000	12.753569	-31.878961	0.000000	
268.600000	12.757394	-31.854258	0.000000	
268.650000	12.761196	-31.829550	0.000000	
268.700000	12.764965	-31.804838	0.000000	
268.750000	12.768723	-31.780124	0.000000	
268.800000	12.772463	-31.755407	0.000000	
268.850000	12.776205	-31.730690	0.000000	
268.900000	12.779959	-31.705976	0.000000	
268.950000	12.783722	-31.681263	0.000000	
269.000000	12.787503	-31.656553	0.000000	
269.050000	12.791309	-31.631847	0.000000	
269.100000	12.795125	-31.607143	0.000000	
269.150000	12.798976	-31.582445	0.000000	
269.200000	12.802858	-31.557752	0.000000	
269.250000	12.806781	-31.533065	0.000000	
269.300000	12.810738	-31.508384	0.000000	
269.350000	12.814704	-31.483703	0.000000	
269.400000	12.818677	-31.459023	0.000000	
269.450000	12.822666	-31.434347	0.000000	
269.500000	12.826671	-31.409672	0.000000	
269.550000	12.830703	-31.385001	0.000000	
269.600000	12.834764	-31.360335	0.000000	
269.650000	12.838856	-31.335675	0.000000	
269.700000	12.843000	-31.311023	0.000000	
269.750000	12.847219	-31.286384	0.000000	
269.800000	12.851505	-31.261757	0.000000	
269.850000	12.855845	-31.237140	0.000000	
269.900000	12.860220	-31.212529	0.000000	
269.950000	12.864616	-31.187922	0.000000	
270.000000	12.869028	-31.163318	0.000000	
270.050000	12.873467	-31.138720	0.000000	
270.100000	12.877931	-31.114126	0.000000	
270.150000	12.882445	-31.089542	0.000000	
270.200000	12.886998	-31.064966	0.000000	
270.250000	12.891611	-31.040401	0.000000	
270.300000	12.896294	-31.015851	0.000000	
270.350000	12.901047	-30.991314	0.000000	
270.400000	12.905897	-30.966796	0.000000	
270.450000	12.910818	-30.942291	0.000000	
270.500000	12.915817	-30.917801	0.000000	
270.550000	12.920891	-30.893326	0.000000	
270.600000	12.926042	-30.868866	0.000000	
270.650000	12.931264	-30.844420	0.000000	
270.700000	12.936552	-30.819989	0.000000	
270.750000	12.941913	-30.795574	0.000000	
270.800000	12.947346	-30.771175	0.000000	
270.850000	12.952857	-30.746796	0.000000	
270.900000	12.958455	-30.722438	0.000000	
270.950000	12.964140	-30.698101	0.000000	
271.000000	12.969923	-30.673787	0.000000	
271.050000	12.975789	-30.649493	0.000000	
271.100000	12.981727	-30.625216	0.000000	
271.150000	12.987740	-30.600956	0.000000	
271.200000	12.993811	-30.576711	0.000000	
271.250000	12.999951	-30.552483	0.000000	
271.300000	13.006152	-30.528271	0.000000	
271.350000	13.012412	-30.504073	0.000000	
271.400000	13.018744	-30.479895	0.000000	
271.450000	13.025142	-30.455733	0.000000	
271.500000	13.031606	-30.431588	0.000000	
271.550000	13.038123	-30.407457	0.000000	
271.600000	13.044698	-30.383341	0.000000	
271.650000	13.051326	-30.359237	0.000000	
271.700000	13.058002	-30.335147	0.000000	
271.750000	13.064698	-30.311061	0.000000	
271.800000	13.071414	-30.286981	0.000000	
271.850000	13.078125	-30.262899	0.000000	
271.900000	13.084815	-30.238811	0.000000	
271.950000	13.091472	-30.214715	0.000000	
272.000000	13.098088	-30.190608	0.000000	
272.050000	13.104675	-30.166493	0.000000	
272.100000	13.111241	-30.142373	0.000000	
272.150000	13.117781	-30.118246	0.000000	
272.200000	13.124304	-30.094115	0.000000	
272.250000	13.130805	-30.069977	0.000000	
272.300000	13.137268	-30.045830	0.000000	
272.350000	13.143713	-30.021677	0.000000	
272.400000	13.150127	-29.997517	0.000000	
272.450000	13.156500	-29.973345	0.000000	
272.500000	13.162828	-29.949161	0.000000	
272.550000	13.169114	-29.924966	0.000000	
272.600000	13.175353	-29.900759	0.000000	
272.650000	13.181558	-29.876542	0.000000	
272.700000	13.187735	-29.852319	0.000000	
272.750000	13.193882	-29.828087	0.000000	
272.800000	13.200001	-29.803848	0.000000	
272.850000	13.206085	-29.779601	0.000000	
272.900000	13.212143	-29.755346	0.000000	
272.950000	13.218193	-29.731090	0.000000	
273.000000	13.224240	-29.706833	0.000000	
273.050000	13.230292	-29.682577	0.000000	
273.100000	13.236325	-29.658316	0.000000	
273.150000	13.242328	-29.634048	0.000000	
273.200000	13.248316	-29.609777	0.000000	
273.250000	13.254276	-29.585499	0.000000	
273.300000	13.260227	-29.561218	0.000000	
273.350000	13.266160	-29.536933	0.000000	
273.400000	13.272053	-29.512639	0.000000	
273.450000	13.277907	-29.488335	0.000000	
273.500000	13.283725	-29.464023	0.000000	
273.550000	13.289495	-29.439699	0.000000	
273.600000	13.295215	-29.415365	0.000000	
273.650000	13.300897	-29.391022	0.000000	
273.700000	13.306519	-29.366666	0.000000	
273.750000	13.312089	-29.342298	0.000000	
273.800000	13.317611	-29.317919	0.000000	
273.850000	13.323079	-29.293528	0.000000	
273.900000	13.328488	-29.269125	0.000000	
273.950000	13.333853	-29.244712	0.000000	
274.000000	13.339175	-29.220289	0.000000	
274.050000	13.344442	-29.195853	0.000000	
274.100000	13.349654	-29.171406	0.000000	
274.150000	13.354800	-29.146944	0.000000	
274.200000	13.359903	-29.122474	0.000000	
274.250000	13.364943	-29.097991	0.000000	
274.300000	13.369940	-29.073499	0.000000	
274.350000	13.374874	-29.048993	0.000000	
274.400000	13.379747	-29.024475	0.000000	
274.450000	13.384561	-28.999944	0.000000	
274.500000	13.389298	-28.975400	0.000000	
274.550000	13.393977	-28.950844	0.000000	
274.600000	13.398618	-28.926281	0.000000	
274.650000	13.403224	-28.901712	0.000000	
274.700000	13.407795	-28.877136	0.000000	
274.750000	13.412338	-28.852554	0.000000	
274.800000	13.416864	-28.827970	0.000000	
274.850000	13.421375	-28.803382	0.000000	
274.900000	13.425897	-28.778797	0.000000	
274.950000	13.430433	-28.754215	0.000000	
275.000000	13.434967	-28.729631	0.000000	
275.050000	13.439479	-28.705044	0.000000	
275.100000	13.443971	-28.680453	0.000000	
275.150000	13.448450	-28.655859	0.000000	
275.200000	13.452938	-28.631267	0.000000	
275.250000	13.457428	-28.606675	0.000000	
275.300000	13.461925	-28.582084	0.000000	
275.350000	13.466423	-28.557494	0.000000	
275.400000	13.470948	-28.532909	0.000000	
275.450000	13.475506	-28.508330	0.000000	
275.500000	13.480095	-28.483758	0.000000	
275.550000	13.484738	-28.459194	0.000000	
275.600000	13.489436	-28.434642	0.000000	
275.650000	13.494184	-28.410099	0.000000	
275.700000	13.499001	-28.385570	0.000000	
275.750000	13.503879	-28.361053	0.000000	
275.800000	13.508845	-28.336554	0.000000	
275.850000	13.513881	-28.312071	0.000000	
275.900000	13.518978	-28.287601	0.000000	
275.950000	13.524150	-28.263149	0.000000	
276.000000	13.529398	-28.238715	0.000000	
276.050000	13.534738	-28.214303	0.000000	
276.100000	13.540187	-28.189918	0.000000	
276.150000	13.545796	-28.165574	0.000000	
276.200000	13.551593	-28.141279	0.000000	
276.250000	13.557583	-28.117039	0.000000	
276.300000	13.563797	-28.092863	0.000000	
276.350000	13.570262	-28.068765	0.000000	
276.400000	13.577003	-28.044755	0.000000	
276.450000	13.584037	-28.020848	0.000000	
276.500000	13.591403	-27.997063	0.000000	
276.550000	13.599135	-27.973417	0.000000	
276.600000	13.607245	-27.949919	0.000000	
276.650000	13.615749	-27.926584	0.000000	
276.700000	13.624662	-27.903422	0.000000	
276.750000	13.633987	-27.880442	0.000000	
276.800000	13.643728	-27.857646	0.000000	
276.850000	13.653885	-27.835046	0.000000	
276.900000	13.664475	-27.812654	0.000000	
276.950000	13.675499	-27.790470	0.000000	
277.000000	13.686934	-27.768487	0.000000	
277.050000	13.698782	-27.746709	0.000000	
277.100000	13.711031	-27.725133	0.000000	
277.150000	13.723664	-27.703751	0.000000	
277.200000	13.736651	-27.682559	0.000000	
277.250000	13.749963	-27.661543	0.000000	
277.300000	13.763583	-27.640697	0.000000	
277.350000	13.777495	-27.620019	0.000000	
277.400000	13.791658	-27.599488	0.000000	
277.450000	13.806044	-27.579092	0.000000	
277.500000	13.820622	-27.558817	0.000000	
277.550000	13.835343	-27.538635	0.000000	
277.600000	13.850176	-27.518526	0.000000	
277.650000	13.865094	-27.498474	0.000000	
277.700000	13.880070	-27.478462	0.000000	
277.750000	13.895094	-27.458483	0.000000	
277.800000	13.910139	-27.438519	0.000000	
277.850000	13.925206	-27.418572	0.000000	
277.900000	13.940273	-27.398624	0.000000	
277.950000	13.955324	-27.378664	0.000000	
278.000000	13.970351	-27.358687	0.000000	
278.050000	13.985358	-27.338694	0.000000	
278.100000	14.000342	-27.318685	0.000000	
278.150000	14.015300	-27.298655	0.000000	
278.200000	14.030239	-27.278613	0.000000	
278.250000	14.045153	-27.258550	0.000000	
278.300000	14.060044	-27.238471	0.000000	
278.350000	14.074920	-27.218380	0.000000	
278.400000	14.089761	-27.198263	0.000000	
278.450000	14.104584	-27.178133	0.000000	
278.500000	14.119380	-27.157982	0.000000	
278.550000	14.134160	-27.137820	0.000000	
278.600000	14.148941	-27.117658	0.000000	
278.650000	14.163746	-27.097514	0.000000	
278.700000	14.178587	-27.077398	0.000000	
278.750000	14.193472	-27.057315	0.000000	
278.800000	14.208378	-27.037249	0.000000	
278.850000	14.223311	-27.017202	0.000000	
278.900000	14.238274	-26.997178	0.000000	
278.950000	14.253270	-26.977180	0.000000	
279.000000	14.268309	-26.957214	0.000000	
279.050000	14.283387	-26.937279	0.000000	
279.100000	14.298511	-26.917378	0.000000	
279.150000	14.313675	-26.897507	0.000000	
279.200000	14.328884	-26.877671	0.000000	
279.250000	14.344134	-26.857866	0.000000	
279.300000	14.359413	-26.838084	0.000000	
279.350000	14.374709	-26.818314	0.000000	
279.400000	14.390019	-26.798554	0.000000	
279.450000	14.405354	-26.778813	0.000000	
279.500000	14.420703	-26.759083	0.000000	
279.550000	14.436068	-26.739365	0.000000	
279.600000	14.451438	-26.719649	0.000000	
279.650000	14.466808	-26.699934	0.000000	
279.700000	14.482172	-26.680215	0.000000	
279.750000	14.497517	-26.660481	0.000000	
279.800000	14.512839	-26.640729	0.000000	
279.850000	14.528156	-26.620972	0.000000	
279.900000	14.543484	-26.601225	0.000000	
279.950000	14.558804	-26.581471	0.000000	
280.000000	14.574098	-26.561697	0.000000	
280.050000	14.589370	-26.541906	0.000000	
280.100000	14.604624	-26.522101	0.000000	
280.150000	14.619861	-26.502282	0.000000	
280.200000	14.635076	-26.482447	0.000000	
280.250000	14.650278	-26.462601	0.000000	
280.300000	14.665472	-26.442749	0.000000	
280.350000	14.680659	-26.422891	0.000000	
280.400000	14.695848	-26.403035	0.000000	
280.450000	14.711040	-26.383181	0.000000	
280.500000	14.726236	-26.363331	0.000000	
280.550000	14.741452	-26.343495	0.000000	
280.600000	14.756683	-26.323671	0.000000	
280.650000	14.771935	-26.303863	0.000000	
280.700000	14.787213	-26.284076	0.000000	
280.750000	14.802512	-26.264305	0.000000	
280.800000	14.817852	-26.244567	0.000000	
280.850000	14.833226	-26.224856	0.000000	
280.900000	14.848623	-26.205162	0.000000	
280.950000	14.864040	-26.185485	0.000000	
281.000000	14.879488	-26.165833	0.000000	
281.050000	14.894976	-26.146212	0.000000	
281.100000	14.910498	-26.126618	0.000000	
281.150000	14.926061	-26.107056	0.000000	
281.200000	14.941662	-26.087525	0.000000	
281.250000	14.957320	-26.068040	0.000000	
281.300000	14.973022	-26.048592	0.000000	
281.350000	14.988772	-26.029183	0.000000	
281.400000	15.004575	-26.009817	0.000000	
281.450000	15.020447	-25.990508	0.000000	
281.500000	15.036392	-25.971260	0.000000	
281.550000	15.052412	-25.952075	0.000000	
281.600000	15.068490	-25.932938	0.000000	
281.650000	15.084638	-25.913861	0.000000	
281.700000	15.100848	-25.894837	0.000000	
281.750000	15.117121	-25.875865	0.000000	
281.800000	15.133459	-25.856951	0.000000	
281.850000	15.149860	-25.838092	0.000000	
281.900000	15.166330	-25.819296	0.000000	
281.950000	15.182868	-25.800559	0.000000	
282.000000	15.199458	-25.781867	0.000000	
282.050000	15.216101	-25.763222	0.000000	
282.100000	15.232810	-25.744634	0.000000	
282.150000	15.249575	-25.726096	0.000000	
282.200000	15.266395	-25.707606	0.000000	
282.250000	15.283262	-25.689159	0.000000	
282.300000	15.300178	-25.670755	0.000000	
282.350000	15.317132	-25.652386	0.000000	
282.400000	15.334121	-25.634049	0.000000	
282.450000	15.351145	-25.615743	0.000000	
282.500000	15.368186	-25.597452	0.000000	
282.550000	15.385241	-25.579175	0.000000	
282.600000	15.402301	-25.560902	0.000000	
282.650000	15.419374	-25.542641	0.000000	
282.700000	15.436452	-25.524385	0.000000	
282.750000	15.453533	-25.506131	0.000000	
282.800000	15.470608	-25.487871	0.000000	
282.850000	15.487667	-25.469598	0.000000	
282.900000	15.504691	-25.451291	0.000000	
282.950000	15.521671	-25.432944	0.000000	
283.000000	15.538606	-25.414558	0.000000	
283.050000	15.555505	-25.396138	0.000000	
283.100000	15.572360	-25.377681	0.000000	
283.150000	15.589153	-25.359169	0.000000	
283.200000	15.605877	-25.340596	0.000000	
283.250000	15.622540	-25.321970	0.000000	
283.300000	15.639135	-25.303285	0.000000	
283.350000	15.655653	-25.284532	0.000000	
283.400000	15.672090	-25.265710	0.000000	
283.450000	15.688439	-25.246812	0.000000	
283.500000	15.704703	-25.227841	0.000000	
283.550000	15.720876	-25.208795	0.000000	
283.600000	15.736966	-25.189678	0.000000	
283.650000	15.752963	-25.170484	0.000000	
283.700000	15.768867	-25.151212	0.000000	
283.750000	15.784676	-25.131861	0.000000	
283.800000	15.800407	-25.112446	0.000000	
283.850000	15.816066	-25.092969	0.000000	
283.900000	15.831656	-25.073436	0.000000	
283.950000	15.847188	-25.053853	0.000000	
284.000000	15.862678	-25.034236	0.000000	
284.050000	15.878130	-25.014588	0.000000	
284.100000	15.893553	-24.994916	0.000000	
284.150000	15.908952	-24.975225	0.000000	
284.200000	15.924338	-24.955522	0.000000	
284.250000	15.939727	-24.935823	0.000000	
284.300000	15.955109	-24.916118	0.000000	
284.350000	15.970475	-24.896400	0.000000	
284.400000	15.985810	-24.876658	0.000000	
284.450000	16.001137	-24.856909	0.000000	
284.500000	16.016465	-24.837161	0.000000	
284.550000	16.031799	-24.817418	0.000000	
284.600000	16.047140	-24.797681	0.000000	
284.650000	16.062482	-24.777943	0.000000	
284.700000	16.077821	-24.758204	0.000000	
284.750000	16.093173	-24.738475	0.000000	
284.800000	16.108541	-24.718758	0.000000	
284.850000	16.123913	-24.699044	0.000000	
284.900000	16.139278	-24.679324	0.000000	
284.950000	16.154625	-24.659591	0.000000	
285.000000	16.169963	-24.639850	0.000000	
285.050000	16.185284	-24.620097	0.000000	
285.100000	16.200600	-24.600340	0.000000	
285.150000	16.215901	-24.580571	0.000000	
285.200000	16.231193	-24.560795	0.000000	
285.250000	16.246482	-24.541016	0.000000	
285.300000	16.261760	-24.521228	0.000000	
285.350000	16.277040	-24.501443	0.000000	
285.400000	16.292337	-24.481670	0.000000	
285.450000	16.307673	-24.461930	0.000000	
285.500000	16.323033	-24.442206	0.000000	
285.550000	16.338410	-24.422497	0.000000	
285.600000	16.353803	-24.402802	0.000000	
285.650000	16.369230	-24.383132	0.000000	
285.700000	16.384688	-24.363488	0.000000	
285.750000	16.400183	-24.343872	0.000000	
285.800000	16.415704	-24.324278	0.000000	
285.850000	16.431241	-24.304695	0.000000	
285.900000	16.446792	-24.285124	0.000000	
285.950000	16.462362	-24.265567	0.000000	
286.000000	16.477963	-24.246035	0.000000	
286.050000	16.493597	-24.226528	0.000000	
286.100000	16.509259	-24.207043	0.000000	
286.150000	16.524951	-24.187583	0.000000	
286.200000	16.540665	-24.168140	0.000000	
286.250000	16.556397	-24.148711	0.000000	
286.300000	16.572148	-24.129298	0.000000	
286.350000	16.587912	-24.109895	0.000000	
286.400000	16.603684	-24.090499	0.000000	
286.450000	16.619454	-24.071101	0.000000	
286.500000	16.635214	-24.051695	0.000000	
286.550000	16.650959	-24.032276	0.000000	
286.600000	16.666688	-24.012845	0.000000	
286.650000	16.682400	-23.993401	0.000000	
286.700000	16.698072	-23.973925	0.000000	
286.750000	16.713702	-23.954416	0.000000	
286.800000	16.729308	-23.934887	0.000000	
286.850000	16.744897	-23.915345	0.000000	
286.900000	16.760474	-23.895795	0.000000	
286.950000	16.776039	-23.876234	0.000000	
287.000000	16.791588	-23.856661	0.000000	
287.050000	16.807118	-23.837073	0.000000	
287.100000	16.822625	-23.817466	0.000000	
287.150000	16.838110	-23.797843	0.000000	
287.200000	16.853555	-23.778187	0.000000	
287.250000	16.868975	-23.758512	0.000000	
287.300000	16.884367	-23.738814	0.000000	
287.350000	16.899734	-23.719097	0.000000	
287.400000	16.915072	-23.699357	0.000000	
287.450000	16.930371	-23.679586	0.000000	
287.500000	16.945636	-23.659788	0.000000	
287.550000	16.960875	-23.639971	0.000000	
287.600000	16.976095	-23.620139	0.000000	
287.650000	16.991295	-23.600291	0.000000	
287.700000	17.006472	-23.580426	0.000000	
287.750000	17.021626	-23.560544	0.000000	
287.800000	17.036759	-23.540647	0.000000	
287.850000	17.051863	-23.520727	0.000000	
287.900000	17.066930	-23.500780	0.000000	
287.950000	17.081954	-23.480801	0.000000	
288.000000	17.096942	-23.460795	0.000000	
288.050000	17.111891	-23.440761	0.000000	
288.100000	17.126797	-23.420695	0.000000	
288.150000	17.141645	-23.400587	0.000000	
288.200000	17.156417	-23.380424	0.000000	
288.250000	17.171130	-23.360220	0.000000	
288.300000	17.185785	-23.339973	0.000000	
288.350000	17.200394	-23.319694	0.000000	
288.400000	17.214951	-23.299375	0.000000	
288.450000	17.229478	-23.279035	0.000000	
288.500000	17.243976	-23.258673	0.000000	
288.550000	17.258444	-23.238290	0.000000	
288.600000	17.272877	-23.217881	0.000000	
288.650000	17.287294	-23.197460	0.000000	
288.700000	17.301700	-23.177031	0.000000	
288.750000	17.316100	-23.156598	0.000000	
288.800000	17.330532	-23.136189	0.000000	
288.850000	17.345018	-23.115820	0.000000	
288.900000	17.359577	-23.095510	0.000000	
288.950000	17.374226	-23.075270	0.000000	
289.000000	17.388994	-23.055128	0.000000	
289.050000	17.403895	-23.035096	0.000000	
289.100000	17.418954	-23.015198	0.000000	
289.150000	17.434207	-22.995470	0.000000	
289.200000	17.449702	-22.975960	0.000000	
289.250000	17.465465	-22.956692	0.000000	
289.300000	17.481506	-22.937682	0.000000	
289.350000	17.497840	-22.918954	0.000000	
289.400000	17.514480	-22.900532	0.000000	
289.450000	17.531439	-22.882444	0.000000	
289.500000	17.548727	-22.864713	0.000000	
289.550000	17.566367	-22.847374	0.000000	
289.600000	17.584380	-22.830454	0.000000	
289.650000	17.602775	-22.813983	0.000000	
289.700000	17.621553	-22.797982	0.000000	
289.750000	17.640723	-22.782473	0.000000	
289.800000	17.660291	-22.767471	0.000000	
289.850000	17.680232	-22.752959	0.000000	
289.900000	17.700530	-22.738931	0.000000	
289.950000	17.721165	-22.725374	0.000000	
290.000000	17.742121	-22.712279	0.000000	
290.050000	17.763373	-22.699614	0.000000	
290.100000	17.784907	-22.687370	0.000000	
290.150000	17.806699	-22.675513	0.000000	
290.200000	17.828717	-22.664013	0.000000	
290.250000	17.850927	-22.652832	0.000000	
290.300000	17.873309	-22.641937	0.000000	
290.350000	17.895843	-22.631295	0.000000	
290.400000	17.918502	-22.620868	0.000000	
290.450000	17.941263	-22.610620	0.000000	
290.500000	17.964101	-22.600515	0.000000	
290.550000	17.986999	-22.590522	0.000000	
290.600000	18.009938	-22.580609	0.000000	
290.650000	18.032901	-22.570746	0.000000	
290.700000	18.055866	-22.560884	0.000000	
290.750000	18.078812	-22.550985	0.000000	
290.800000	18.101740	-22.541043	0.000000	
290.850000	18.124635	-22.531031	0.000000	
290.900000	18.147498	-22.520948	0.000000	
290.950000	18.170320	-22.510772	0.000000	
291.000000	18.193093	-22.500486	0.000000	
291.050000	18.215816	-22.490092	0.000000	
291.100000	18.238497	-22.479603	0.000000	
291.150000	18.261126	-22.469001	0.000000	
291.200000	18.283703	-22.458289	0.000000	
291.250000	18.306227	-22.447463	0.000000	
291.300000	18.328703	-22.436534	0.000000	
291.350000	18.351139	-22.425519	0.000000	
291.400000	18.373545	-22.414442	0.000000	
291.450000	18.395922	-22.403306	0.000000	
291.500000	18.418272	-22.392114	0.000000	
291.550000	18.440602	-22.380879	0.000000	
291.600000	18.462907	-22.369596	0.000000	
291.650000	18.485196	-22.358279	0.000000	
291.700000	18.507479	-22.346948	0.000000	
291.750000	18.529756	-22.335607	0.000000	
291.800000	18.552036	-22.324270	0.000000	
291.850000	18.574316	-22.312934	0.000000	
291.900000	18.596605	-22.301617	0.000000	
291.950000	18.618898	-22.290307	0.000000	
292.000000	18.641205	-22.279027	0.000000	
292.050000	18.663527	-22.267777	0.000000	
292.100000	18.685858	-22.256546	0.000000	
292.150000	18.708192	-22.245321	0.000000	
292.200000	18.730535	-22.234112	0.000000	
292.250000	18.752890	-22.222927	0.000000	
292.300000	18.775255	-22.211761	0.000000	
292.350000	18.797618	-22.200591	0.000000	
292.400000	18.819980	-22.189418	0.000000	
292.450000	18.842328	-22.178220	0.000000	
292.500000	18.864666	-22.167002	0.000000	
292.550000	18.887000	-22.155778	0.000000	
292.600000	18.909329	-22.144543	0.000000	
292.650000	18.931651	-22.133295	0.000000	
292.700000	18.953954	-22.122011	0.000000	
292.750000	18.976239	-22.110691	0.000000	
292.800000	18.998506	-22.099337	0.000000	
292.850000	19.020745	-22.087930	0.000000	
292.900000	19.042956	-22.076467	0.000000	
292.950000	19.065126	-22.064924	0.000000	
293.000000	19.087260	-22.053314	0.000000	
293.050000	19.109350	-22.041617	0.000000	
293.100000	19.131395	-22.029835	0.000000	
293.150000	19.153395	-22.017970	0.000000	
293.200000	19.175347	-22.006019	0.000000	
293.250000	19.197258	-21.993991	0.000000	
293.300000	19.219124	-21.981884	0.000000	
293.350000	19.240948	-21.969702	0.000000	
293.400000	19.262741	-21.957464	0.000000	
293.450000	19.284504	-21.945172	0.000000	
293.500000	19.306249	-21.932849	0.000000	
293.550000	19.327988	-21.920513	0.000000	
293.600000	19.349710	-21.908149	0.000000	
293.650000	19.371412	-21.895746	0.000000	
293.700000	19.393101	-21.883320	0.000000	
293.750000	19.414780	-21.870876	0.000000	
293.800000	19.436437	-21.858394	0.000000	
293.850000	19.458072	-21.845871	0.000000	
293.900000	19.479682	-21.833305	0.000000	
293.950000	19.501268	-21.820698	0.000000	
294.000000	19.522847	-21.808079	0.000000	
294.050000	19.544423	-21.795454	0.000000	
294.100000	19.565997	-21.782824	0.000000	
294.150000	19.587567	-21.770190	0.000000	
294.200000	19.609132	-21.757546	0.000000	
294.250000	19.630691	-21.744892	0.000000	
294.300000	19.652244	-21.732229	0.000000	
294.350000	19.673788	-21.719551	0.000000	
294.400000	19.695313	-21.706843	0.000000	
294.450000	19.716821	-21.694107	0.000000	
294.500000	19.738318	-21.681353	0.000000	
294.550000	19.759804	-21.668580	0.000000	
294.600000	19.781266	-21.655768	0.000000	
294.650000	19.802707	-21.642918	0.000000	
294.700000	19.824133	-21.630044	0.000000	
294.750000	19.845537	-21.617131	0.000000	
294.800000	19.866922	-21.604187	0.000000	
294.850000	19.888292	-21.591218	0.000000	
294.900000	19.909660	-21.578244	0.000000	
294.950000	19.931040	-21.565292	0.000000	
295.000000	19.952432	-21.552359	0.000000	
295.050000	19.973819	-21.539418	0.000000	
295.100000	19.995200	-21.526468	0.000000	
295.150000	20.016577	-21.513510	0.000000	
295.200000	20.037950	-21.500545	0.000000	
295.250000	20.059320	-21.487575	0.000000	
295.300000	20.080690	-21.474605	0.000000	
295.350000	20.102059	-21.461634	0.000000	
295.400000	20.123436	-21.448675	0.000000	
295.450000	20.144833	-21.435748	0.000000	
295.500000	20.166240	-21.422839	0.000000	
295.550000	20.187650	-21.409933	0.000000	
295.600000	20.209049	-21.397009	0.000000	
295.650000	20.230447	-21.384085	0.000000	
295.700000	20.251837	-21.371145	0.000000	
295.750000	20.273209	-21.358179	0.000000	
295.800000	20.294569	-21.345193	0.000000	
295.850000	20.315919	-21.332191	0.000000	
295.900000	20.337265	-21.319183	0.000000	
295.950000	20.358606	-21.306165	0.000000	
296.000000	20.379940	-21.293137	0.000000	
296.050000	20.401260	-21.280084	0.000000	
296.100000	20.422574	-21.267021	0.000000	
296.150000	20.443886	-21.253955	0.000000	
296.200000	20.465198	-21.240888	0.000000	
296.250000	20.486514	-21.227830	0.000000	
296.300000	20.507847	-21.214799	0.000000	
296.350000	20.529201	-21.201803	0.000000	
296.400000	20.550575	-21.188843	0.000000	
296.450000	20.571965	-21.175907	0.000000	
296.500000	20.593363	-21.162986	0.000000	
296.550000	20.614777	-21.150093	0.000000	
296.600000	20.636200	-21.137213	0.000000	
296.650000	20.657646	-21.124371	0.000000	
296.700000	20.679099	-21.111542	0.000000	
296.750000	20.700563	-21.098730	0.000000	
296.800000	20.722048	-21.085953	0.000000	
296.850000	20.743561	-21.073222	0.000000	
296.900000	20.765101	-21.060533	0.000000	
296.950000	20.786667	-21.047891	0.000000	
297.000000	20.808254	-21.035285	0.000000	
297.050000	20.829856	-21.022702	0.000000	
297.100000	20.851470	-21.010140	0.000000	
297.150000	20.873094	-20.997598	0.000000	
297.200000	20.894724	-20.985063	0.000000	
297.250000	20.916352	-20.972526	0.000000	
297.300000	20.937985	-20.959997	0.000000	
297.350000	20.959611	-20.947456	0.000000	
297.400000	20.981222	-20.934890	0.000000	
297.450000	21.002818	-20.922300	0.000000	
297.500000	21.024403	-20.909689	0.000000	
297.550000	21.045986	-20.897074	0.000000	
297.600000	21.067555	-20.884437	0.000000	
297.650000	21.089126	-20.871804	0.000000	
297.700000	21.110701	-20.859176	0.000000	
297.750000	21.132278	-20.846552	0.000000	
297.800000	21.153860	-20.833937	0.000000	
297.850000	21.175444	-20.821324	0.000000	
297.900000	21.197020	-20.808699	0.000000	
297.950000	21.218581	-20.796047	0.000000	
298.000000	21.240124	-20.783365	0.000000	
298.050000	21.261657	-20.770666	0.000000	
298.100000	21.283180	-20.757949	0.000000	
298.150000	21.304705	-20.745236	0.000000	
298.200000	21.326233	-20.732528	0.000000	
298.250000	21.347756	-20.719811	0.000000	
298.300000	21.369285	-20.707105	0.000000	
298.350000	21.390815	-20.694399	0.000000	
298.400000	21.412344	-20.681692	0.000000	
298.450000	21.433885	-20.669006	0.000000	
298.500000	21.455432	-20.656329	0.000000	
298.550000	21.476993	-20.643678	0.000000	
298.600000	21.498564	-20.631043	0.000000	
298.650000	21.520164	-20.618459	0.000000	
298.700000	21.541793	-20.605926	0.000000	
298.750000	21.563451	-20.593447	0.000000	
298.800000	21.585156	-20.581056	0.000000	
298.850000	21.606924	-20.568785	0.000000	
298.900000	21.628765	-20.556660	0.000000	
298.950000	21.650694	-20.544718	0.000000	
299.000000	21.672720	-20.532975	0.000000	
299.050000	21.694850	-20.521453	0.000000	
299.100000	21.717085	-20.510166	0.000000	
299.150000	21.739439	-20.499154	0.000000	
299.200000	21.761912	-20.488439	0.000000	
299.250000	21.784510	-20.478040	0.000000	
299.300000	21.807242	-20.467978	0.000000	
299.350000	21.830110	-20.458273	0.000000	
299.400000	21.853117	-20.448950	0.000000	
299.450000	21.876275	-20.440047	0.000000	
299.500000	21.899579	-20.431560	0.000000	
299.550000	21.923031	-20.423488	0.000000	
299.600000	21.946628	-20.415831	0.000000	
299.650000	21.970368	-20.408591	0.000000	
299.700000	21.994237	-20.401735	0.000000	
299.750000	22.018229	-20.395253	0.000000	
299.800000	22.042336	-20.389137	0.000000	
299.850000	22.066551	-20.383368	0.000000	
299.900000	22.090858	-20.377920	0.000000	
299.950000	22.115246	-20.372767	0.000000	
300.000000	22.139701	-20.367867	0.000000	
300.050000	22.164217	-20.363206	0.000000	
300.100000	22.188790	-20.358774	0.000000	
300.150000	22.213409	-20.354551	0.000000	
300.200000	22.238064	-20.350497	0.000000	
300.250000	22.262744	-20.346573	0.000000	
300.300000	22.287446	-20.342764	0.000000	
300.350000	22.312166	-20.339052	0.000000	
300.400000	22.336897	-20.335402	0.000000	
300.450000	22.361635	-20.331797	0.000000	
300.500000	22.386374	-20.328197	0.000000	
300.550000	22.411114	-20.324604	0.000000	
300.600000	22.435856	-20.321026	0.000000	
300.650000	22.460600	-20.317461	0.000000	
300.700000	22.485346	-20.313909	0.000000	
300.750000	22.510094	-20.310375	0.000000	
300.800000	22.534847	-20.306871	0.000000	
300.850000	22.559601	-20.303376	0.000000	
300.900000	22.584357	-20.299898	0.000000	
300.950000	22.609118	-20.296451	0.000000	
301.000000	22.633881	-20.293026	0.000000	
301.050000	22.658649	-20.289638	0.000000	
301.100000	22.683425	-20.286310	0.000000	
301.150000	22.708206	-20.283027	0.000000	
301.200000	22.732992	-20.279796	0.000000	
301.250000	22.757785	-20.276619	0.000000	
301.300000	22.782583	-20.273479	0.000000	
301.350000	22.807383	-20.270366	0.000000	
301.400000	22.832186	-20.267266	0.000000	
301.450000	22.856994	-20.264208	0.000000	
301.500000	22.881804	-20.261162	0.000000	
301.550000	22.906620	-20.258161	0.000000	
301.600000	22.931441	-20.255203	0.000000	
301.650000	22.956270	-20.252305	0.000000	
301.700000	22.981105	-20.249468	0.000000	
301.750000	23.005946	-20.246682	0.000000	
301.800000	23.030792	-20.243938	0.000000	
301.850000	23.055642	-20.241223	0.000000	
301.900000	23.080494	-20.238534	0.000000	
301.950000	23.105349	-20.235863	0.000000	
302.000000	23.130207	-20.233212	0.000000	
302.050000	23.155065	-20.230571	0.000000	
302.100000	23.179924	-20.227940	0.000000	
302.150000	23.204784	-20.225315	0.000000	
302.200000	23.229646	-20.222712	0.000000	
302.250000	23.254508	-20.220111	0.000000	
302.300000	23.279370	-20.217505	0.000000	
302.350000	23.304235	-20.214927	0.000000	
302.400000	23.329103	-20.212397	0.000000	
302.450000	23.353979	-20.209930	0.000000	
302.500000	23.378859	-20.207519	0.000000	
302.550000	23.403747	-20.205182	0.000000	
302.600000	23.428640	-20.202909	0.000000	
302.650000	23.453539	-20.200701	0.000000	
302.700000	23.478440	-20.198527	0.000000	
302.750000	23.503344	-20.196379	0.000000	
302.800000	23.528250	-20.194269	0.000000	
302.850000	23.553160	-20.192208	0.000000	
302.900000	23.578073	-20.190180	0.000000	
302.950000	23.602992	-20.188215	0.000000	
303.000000	23.627916	-20.186320	0.000000	
303.050000	23.652845	-20.184480	0.000000	
303.100000	23.677779	-20.182691	0.000000	
303.150000	23.702717	-20.180963	0.000000	
303.200000	23.727658	-20.179274	0.000000	
303.250000	23.752601	-20.177600	0.000000	
303.300000	23.777546	-20.175966	0.000000	
303.350000	23.802495	-20.174376	0.000000	
303.400000	23.827445	-20.172806	0.000000	
303.450000	23.852396	-20.171246	0.000000	
303.500000	23.877348	-20.169711	0.000000	
303.550000	23.902301	-20.168177	0.000000	
303.600000	23.927253	-20.166637	0.000000	
303.650000	23.952203	-20.165071	0.000000	
303.700000	23.977151	-20.163470	0.000000	
303.750000	24.002096	-20.161837	0.000000	
303.800000	24.027038	-20.160159	0.000000	
303.850000	24.051975	-20.158423	0.000000	
303.900000	24.076908	-20.156645	0.000000	
303.950000	24.101839	-20.154839	0.000000	
304.000000	24.126768	-20.153007	0.000000	
304.050000	24.151695	-20.151141	0.000000	
304.100000	24.176620	-20.149247	0.000000	
304.150000	24.201545	-20.147350	0.000000	
304.200000	24.226467	-20.145421	0.000000	
304.250000	24.251387	-20.143464	0.000000	
304.300000	24.276308	-20.141503	0.000000	
304.350000	24.301227	-20.139536	0.000000	
304.400000	24.326146	-20.137557	0.000000	
304.450000	24.351065	-20.135573	0.000000	
304.500000	24.375984	-20.133597	0.000000	
304.550000	24.400904	-20.131633	0.000000	
304.600000	24.425826	-20.129701	0.000000	
304.650000	24.450749	-20.127797	0.000000	
304.700000	24.475674	-20.125926	0.000000	
304.750000	24.500603	-20.124101	0.000000	
304.800000	24.525535	-20.122334	0.000000	
304.850000	24.550473	-20.120649	0.000000	
304.900000	24.575417	-20.119054	0.000000	
304.950000	24.600367	-20.117552	0.000000	
305.000000	24.625321	-20.116127	0.000000	
305.050000	24.650279	-20.114777	0.000000	
305.100000	24.675242	-20.113521	0.000000	
305.150000	24.700208	-20.112349	0.000000	
305.200000	24.725177	-20.111251	0.000000	
305.250000	24.750150	-20.110241	0.000000	
305.300000	24.775128	-20.109332	0.000000	
305.350000	24.800108	-20.108497	0.000000	
305.400000	24.825090	-20.107703	0.000000	
305.450000	24.850075	-20.106954	0.000000	
305.500000	24.875061	-20.106236	0.000000	
305.550000	24.900048	-20.105547	0.000000	
305.600000	24.925036	-20.104885	0.000000	
305.650000	24.950025	-20.104235	0.000000	
305.700000	24.975015	-20.103620	0.000000	
305.750000	25.000006	-20.103060	0.000000	
305.800000	25.024999	-20.102553	0.000000	
305.850000	25.049993	-20.102109	0.000000	
305.900000	25.074987	-20.101702	0.000000	
305.950000	25.099982	-20.101344	0.000000	
306.000000	25.124977	-20.101027	0.000000	
306.050000	25.149973	-20.100763	0.000000	
306.100000	25.174969	-20.100522	0.000000	
306.150000	25.199965	-20.100302	0.000000	
306.200000	25.224960	-20.100118	0.000000	
306.250000	25.249956	-20.099957	0.000000	
306.300000	25.274951	-20.099827	0.000000	
306.350000	25.299946	-20.099716	0.000000	
306.400000	25.324941	-20.099646	0.000000	
306.450000	25.349935	-20.099649	0.000000	
306.500000	25.374929	-20.099744	0.000000	
306.550000	25.399922	-20.099940	0.000000	
306.600000	25.424916	-20.100212	0.000000	
306.650000	25.449909	-20.100548	0.000000	
306.700000	25.474903	-20.100941	0.000000	
306.750000	25.499896	-20.101387	0.000000	
306.800000	25.524889	-20.101867	0.000000	
306.850000	25.549883	-20.102357	0.000000	
306.900000	25.574876	-20.102833	0.000000	
306.950000	25.599869	-20.103297	0.000000	
307.000000	25.624862	-20.103737	0.000000	
307.050000	25.649855	-20.104142	0.000000	
307.100000	25.674848	-20.104516	0.000000	
307.150000	25.699841	-20.104861	0.000000	
307.200000	25.724833	-20.105149	0.000000	
307.250000	25.749825	-20.105380	0.000000	
307.300000	25.774817	-20.105562	0.000000	
307.350000	25.799808	-20.105671	0.000000	
307.400000	25.824797	-20.105708	0.000000	
307.450000	25.849787	-20.105679	0.000000	
307.500000	25.874777	-20.105586	0.000000	
307.550000	25.899768	-20.105411	0.000000	
307.600000	25.924760	-20.105159	0.000000	
307.650000	25.949753	-20.104851	0.000000	
307.700000	25.974745	-20.104477	0.000000	
307.750000	25.999737	-20.104038	0.000000	
307.800000	26.024728	-20.103517	0.000000	
307.850000	26.049718	-20.102908	0.000000	
307.900000	26.074706	-20.102226	0.000000	
307.950000	26.099692	-20.101466	0.000000	
308.000000	26.124676	-20.100659	0.000000	
308.050000	26.149659	-20.099806	0.000000	
308.100000	26.174640	-20.098917	0.000000	
308.150000	26.199621	-20.097995	0.000000	
308.200000	26.224601	-20.097049	0.000000	
308.250000	26.249579	-20.096075	0.000000	
308.300000	26.274555	-20.095053	0.000000	
308.350000	26.299530	-20.093998	0.000000	
308.400000	26.324504	-20.092924	0.000000	
308.450000	26.349477	-20.091835	0.000000	
308.500000	26.374449	-20.090719	0.000000	
308.550000	26.399420	-20.089573	0.000000	
308.600000	26.424391	-20.088415	0.000000	
308.650000	26.449362	-20.087266	0.000000	
308.700000	26.474333	-20.086133	0.000000	
308.750000	26.499304	-20.085008	0.000000	
308.800000	26.524276	-20.083905	0.000000	
308.850000	26.549249	-20.082830	0.000000	
308.900000	26.574223	-20.081785	0.000000	
308.950000	26.599198	-20.080768	0.000000	
309.000000	26.624175	-20.079804	0.000000	
309.050000	26.649154	-20.078879	0.000000	
309.100000	26.674134	-20.077988	0.000000	
309.150000	26.699115	-20.077113	0.000000	
309.200000	26.724096	-20.076243	0.000000	
309.250000	26.749078	-20.075393	0.000000	
309.300000	26.774060	-20.074566	0.000000	
309.350000	26.799045	-20.073777	0.000000	
309.400000	26.824031	-20.073015	0.000000	
309.450000	26.849018	-20.072279	0.000000	
309.500000	26.874007	-20.071569	0.000000	
309.550000	26.898996	-20.070895	0.000000	
309.600000	26.923987	-20.070262	0.000000	
309.650000	26.948979	-20.069665	0.000000	
309.700000	26.973970	-20.069095	0.000000	
309.750000	26.998961	-20.068539	0.000000	
309.800000	27.023953	-20.068032	0.000000	
309.850000	27.048944	-20.067583	0.000000	
309.900000	27.073934	-20.067185	0.000000	
309.950000	27.098926	-20.066840	0.000000	
310.000000	27.123917	-20.066566	0.000000	
310.050000	27.148907	-20.066372	0.000000	
310.100000	27.173896	-20.066260	0.000000	
310.150000	27.198883	-20.066236	0.000000	
310.200000	27.223870	-20.066306	0.000000	
310.250000	27.248856	-20.066492	0.000000	
310.300000	27.273839	-20.066787	0.000000	
310.350000	27.298821	-20.067201	0.000000	
310.400000	27.323802	-20.067726	0.000000	
310.450000	27.348782	-20.068360	0.000000	
310.500000	27.373760	-20.069106	0.000000	
310.550000	27.398737	-20.069968	0.000000	
310.600000	27.423713	-20.070912	0.000000	
310.650000	27.448688	-20.071926	0.000000	
310.700000	27.473661	-20.072995	0.000000	
310.750000	27.498633	-20.074113	0.000000	
310.800000	27.523603	-20.075279	0.000000	
310.850000	27.548572	-20.076492	0.000000	
310.900000	27.573539	-20.077730	0.000000	
310.950000	27.598505	-20.079013	0.000000	
311.000000	27.623469	-20.080334	0.000000	
311.050000	27.648432	-20.081682	0.000000	
311.100000	27.673395	-20.083027	0.000000	
311.150000	27.698360	-20.084349	0.000000	
311.200000	27.723325	-20.085639	0.000000	
311.250000	27.748291	-20.086917	0.000000	
311.300000	27.773259	-20.088152	0.000000	
311.350000	27.798229	-20.089332	0.000000	
311.400000	27.823201	-20.090447	0.000000	
311.450000	27.848175	-20.091495	0.000000	
311.500000	27.873152	-20.092471	0.000000	
311.550000	27.898130	-20.093375	0.000000	
311.600000	27.923110	-20.094203	0.000000	
311.650000	27.948092	-20.094958	0.000000	
311.700000	27.973074	-20.095618	0.000000	
311.750000	27.998057	-20.096185	0.000000	
311.800000	28.023041	-20.096640	0.000000	
311.850000	28.048024	-20.096982	0.000000	
311.900000	28.073010	-20.097205	0.000000	
311.950000	28.097996	-20.097337	0.000000	
312.000000	28.122984	-20.097364	0.000000	
312.050000	28.147973	-20.097308	0.000000	
312.100000	28.172964	-20.097161	0.000000	
312.150000	28.197955	-20.096942	0.000000	
312.200000	28.222947	-20.096673	0.000000	
312.250000	28.247940	-20.096378	0.000000	
312.300000	28.272933	-20.096049	0.000000	
312.350000	28.297926	-20.095694	0.000000	
312.400000	28.322920	-20.095319	0.000000	
312.450000	28.347914	-20.094947	0.000000	
312.500000	28.372907	-20.094598	0.000000	
312.550000	28.397900	-20.094284	0.000000	
312.600000	28.422892	-20.094010	0.000000	
312.650000	28.447885	-20.093764	0.000000	
312.700000	28.472877	-20.093550	0.000000	
312.750000	28.497869	-20.093396	0.000000	
312.800000	28.522862	-20.093287	0.000000	
312.850000	28.547856	-20.093225	0.000000	
312.900000	28.572852	-20.093219	0.000000	
312.950000	28.597848	-20.093241	0.000000	
313.000000	28.622845	-20.093277	0.000000	
313.050000	28.647841	-20.093348	0.000000	
313.100000	28.672839	-20.093437	0.000000	
313.150000	28.697836	-20.093542	0.000000	
313.200000	28.722833	-20.093652	0.000000	
313.250000	28.747831	-20.093757	0.000000	
313.300000	28.772828	-20.093829	0.000000	
313.350000	28.797825	-20.093868	0.000000	
313.400000	28.822821	-20.093870	0.000000	
313.450000	28.847818	-20.093845	0.000000	
313.500000	28.872813	-20.093769	0.000000	
313.550000	28.897808	-20.093622	0.000000	
313.600000	28.922803	-20.093403	0.000000	
313.650000	28.947797	-20.093096	0.000000	
313.700000	28.972790	-20.092725	0.000000	
313.750000	28.997783	-20.092296	0.000000	
313.800000	29.022776	-20.091806	0.000000	
313.850000	29.047768	-20.091264	0.000000	
313.900000	29.072759	-20.090674	0.000000	
313.950000	29.097748	-20.090032	0.000000	
314.000000	29.122736	-20.089351	0.000000	
314.050000	29.147724	-20.088630	0.000000	
314.100000	29.172710	-20.087869	0.000000	
314.150000	29.197697	-20.087092	0.000000	
314.200000	29.222683	-20.086293	0.000000	
314.250000	29.247668	-20.085475	0.000000	
314.300000	29.272652	-20.084618	0.000000	
314.350000	29.297636	-20.083732	0.000000	
314.400000	29.322617	-20.082802	0.000000	
314.450000	29.347598	-20.081844	0.000000	
314.500000	29.372578	-20.080863	0.000000	
314.550000	29.397558	-20.079885	0.000000	
314.600000	29.422537	-20.078897	0.000000	
314.650000	29.447515	-20.077872	0.000000	
314.700000	29.472492	-20.076844	0.000000	
314.750000	29.497469	-20.075791	0.000000	
314.800000	29.522444	-20.074717	0.000000	
314.850000	29.547418	-20.073605	0.000000	
314.900000	29.572389	-20.072447	0.000000	
314.950000	29.597358	-20.071247	0.000000	
315.000000	29.622324	-20.070004	0.000000	
315.050000	29.647288	-20.068732	0.000000	
315.100000	29.672250	-20.067423	0.000000	
315.150000	29.697209	-20.066063	0.000000	
315.200000	29.722164	-20.064619	0.000000	
315.250000	29.747113	-20.063085	0.000000	
315.300000	29.772054	-20.061455	0.000000	
315.350000	29.796991	-20.059756	0.000000	
315.400000	29.821922	-20.057986	0.000000	
315.450000	29.846849	-20.056171	0.000000	
315.500000	29.871773	-20.054308	0.000000	
315.550000	29.896695	-20.052411	0.000000	
315.600000	29.921617	-20.050490	0.000000	
315.650000	29.946539	-20.048605	0.000000	
315.700000	29.971463	-20.046811	0.000000	
315.750000	29.996388	-20.045112	0.000000	
315.800000	30.021313	-20.043553	0.000000	
315.850000	30.046235	-20.042159	0.000000	
315.900000	30.071151	-20.040983	0.000000	
315.950000	30.096054	-20.040091	0.000000	
316.000000	30.120935	-20.039541	0.000000	
316.050000	30.145789	-20.039357	0.000000	
316.100000	30.170604	-20.039569	0.000000	
316.150000	30.195372	-20.040219	0.000000	
316.200000	30.220085	-20.041325	0.000000	
316.250000	30.244734	-20.042935	0.000000	
316.300000	30.269308	-20.045102	0.000000	
316.350000	30.293797	-20.047862	0.000000	
316.400000	30.318181	-20.051252	0.000000	
316.450000	30.342450	-20.055296	0.000000	
316.500000	30.366594	-20.059993	0.000000	
316.550000	30.390604	-20.065353	0.000000	
316.600000	30.414476	-20.071361	0.000000	
316.650000	30.438199	-20.078012	0.000000	
316.700000	30.461773	-20.085261	0.000000	
316.750000	30.485197	-20.093070	0.000000	
316.800000	30.508460	-20.101440	0.000000	
316.850000	30.531559	-20.110342	0.000000	
316.900000	30.554496	-20.119752	0.000000	
316.950000	30.577267	-20.129636	0.000000	
317.000000	30.599874	-20.139958	0.000000	
317.050000	30.622332	-20.150653	0.000000	
317.100000	30.644639	-20.161711	0.000000	
317.150000	30.666805	-20.173089	0.000000	
317.200000	30.688844	-20.184749	0.000000	
317.250000	30.710766	-20.196663	0.000000	
317.300000	30.732585	-20.208796	0.000000	
317.350000	30.754321	-20.221099	0.000000	
317.400000	30.775977	-20.233558	0.000000	
317.450000	30.797583	-20.246115	0.000000	
317.500000	30.819141	-20.258758	0.000000	
317.550000	30.840653	-20.271484	0.000000	
317.600000	30.862129	-20.284274	0.000000	
317.650000	30.883579	-20.297108	0.000000	
317.700000	30.905014	-20.309969	0.000000	
317.750000	30.926426	-20.322870	0.000000	
317.800000	30.947810	-20.335818	0.000000	
317.850000	30.969183	-20.348786	0.000000	
317.900000	30.990550	-20.361763	0.000000	
317.950000	31.011913	-20.374745	0.000000	
318.000000	31.033278	-20.387726	0.000000	
318.050000	31.054651	-20.400693	0.000000	
318.100000	31.076018	-20.413670	0.000000	
318.150000	31.097379	-20.426657	0.000000	
318.200000	31.118743	-20.439639	0.000000	
318.250000	31.140102	-20.452628	0.000000	
318.300000	31.161455	-20.465628	0.000000	
318.350000	31.182795	-20.478649	0.000000	
318.400000	31.204122	-20.491690	0.000000	
318.450000	31.225437	-20.504752	0.000000	
318.500000	31.246735	-20.517841	0.000000	
318.550000	31.268028	-20.530940	0.000000	
318.600000	31.289324	-20.544033	0.000000	
318.650000	31.310623	-20.557120	0.000000	
318.700000	31.331922	-20.570208	0.000000	
318.750000	31.353220	-20.583299	0.000000	
318.800000	31.374525	-20.596377	0.000000	
318.850000	31.395842	-20.609435	0.000000	
318.900000	31.417171	-20.622473	0.000000	
318.950000	31.438513	-20.635488	0.000000	
319.000000	31.459862	-20.648492	0.000000	
319.050000	31.481223	-20.661476	0.000000	
319.100000	31.502598	-20.674436	0.000000	
319.150000	31.523991	-20.687367	0.000000	
319.200000	31.545406	-20.700263	0.000000	
319.250000	31.566825	-20.713150	0.000000	
319.300000	31.588249	-20.726030	0.000000	
319.350000	31.609677	-20.738904	0.000000	
319.400000	31.631108	-20.751773	0.000000	
319.450000	31.652539	-20.764643	0.000000	
319.500000	31.673982	-20.777492	0.000000	
319.550000	31.695441	-20.790316	0.000000	
319.600000	31.716902	-20.803136	0.000000	
319.650000	31.738362	-20.815957	0.000000	
319.700000	31.759823	-20.828776	0.000000	
319.750000	31.781278	-20.841607	0.000000	
319.800000	31.802734	-20.854435	0.000000	
319.850000	31.824189	-20.867265	0.000000	
319.900000	31.845643	-20.880096	0.000000	
319.950000	31.867098	-20.892927	0.000000	
320.000000	31.888552	-20.905758	0.000000	
320.050000	31.910016	-20.918572	0.000000	
320.100000	31.931495	-20.931360	0.000000	
320.150000	31.952982	-20.944132	0.000000	
320.200000	31.974483	-20.956881	0.000000	
320.250000	31.996001	-20.969601	0.000000	
320.300000	32.017545	-20.982275	0.000000	
320.350000	32.039128	-20.994881	0.000000	
320.400000	32.060749	-21.007422	0.000000	
320.450000	32.082414	-21.019886	0.000000	
320.500000	32.104114	-21.032289	0.000000	
320.550000	32.125842	-21.044643	0.000000	
320.600000	32.147589	-21.056964	0.000000	
320.650000	32.169356	-21.069250	0.000000	
320.700000	32.191147	-21.081496	0.000000	
320.750000	32.212951	-21.093719	0.000000	
320.800000	32.234768	-21.105921	0.000000	
320.850000	32.256586	-21.118121	0.000000	
320.900000	32.278404	-21.130321	0.000000	
320.950000	32.300218	-21.142527	0.000000	
321.000000	32.322032	-21.154734	0.000000	
321.050000	32.343836	-21.166957	0.000000	
321.100000	32.365619	-21.179217	0.000000	
321.150000	32.387364	-21.191540	0.000000	
321.200000	32.409080	-21.203914	0.000000	
321.250000	32.430760	-21.216347	0.000000	
321.300000	32.452413	-21.228827	0.000000	
321.350000	32.474028	-21.241372	0.000000	
321.400000	32.495595	-21.253998	0.000000	
321.450000	32.517122	-21.266694	0.000000	
321.500000	32.538605	-21.279466	0.000000	
321.550000	32.560051	-21.292303	0.000000	
321.600000	32.581450	-21.305218	0.000000	
321.650000	32.602809	-21.318200	0.000000	
321.700000	32.624141	-21.331231	0.000000	
321.750000	32.645440	-21.344315	0.000000	
321.800000	32.666706	-21.357453	0.000000	
321.850000	32.687937	-21.370648	0.000000	
321.900000	32.709132	-21.383901	0.000000	
321.950000	32.730298	-21.397201	0.000000	
322.000000	32.751437	-21.410543	0.000000	
322.050000	32.772543	-21.423938	0.000000	
322.100000	32.793621	-21.437380	0.000000	
322.150000	32.814670	-21.450865	0.000000	
322.200000	32.835692	-21.464390	0.000000	
322.250000	32.856692	-21.477951	0.000000	
322.300000	32.877680	-21.491530	0.000000	
322.350000	32.898645	-21.505144	0.000000	
322.400000	32.919598	-21.518777	0.000000	
322.450000	32.940535	-21.532435	0.000000	
322.500000	32.961447	-21.546131	0.000000	
322.550000	32.982338	-21.559860	0.000000	
322.600000	33.003213	-21.573613	0.000000	
322.650000	33.024079	-21.587382	0.000000	
322.700000	33.044925	-21.601179	0.000000	
322.750000	33.065744	-21.615018	0.000000	
322.800000	33.086543	-21.628888	0.000000	
322.850000	33.107328	-21.642779	0.000000	
322.900000	33.128108	-21.656678	0.000000	
322.950000	33.148880	-21.670588	0.000000	
323.000000	33.169638	-21.684518	0.000000	
323.050000	33.190383	-21.698469	0.000000	
323.100000	33.211116	-21.712437	0.000000	
323.150000	33.231848	-21.726408	0.000000	
323.200000	33.252579	-21.740379	0.000000	
323.250000	33.273316	-21.754341	0.000000	
323.300000	33.294062	-21.768291	0.000000	
323.350000	33.314802	-21.782249	0.000000	
323.400000	33.335541	-21.796209	0.000000	
323.450000	33.356277	-21.810173	0.000000	
323.500000	33.377015	-21.824134	0.000000	
323.550000	33.397755	-21.838092	0.000000	
323.600000	33.418492	-21.852054	0.000000	
323.650000	33.439226	-21.866021	0.000000	
323.700000	33.459967	-21.879978	0.000000	
323.750000	33.480710	-21.893931	0.000000	
323.800000	33.501461	-21.907873	0.000000	
323.850000	33.522219	-21.921804	0.000000	
323.900000	33.542977	-21.935735	0.000000	
323.950000	33.563738	-21.949662	0.000000	
324.000000	33.584515	-21.963565	0.000000	
324.050000	33.605310	-21.977441	0.000000	
324.100000	33.626127	-21.991283	0.000000	
324.150000	33.646963	-22.005097	0.000000	
324.200000	33.667809	-22.018895	0.000000	
324.250000	33.688669	-22.032673	0.000000	
324.300000	33.709544	-22.046428	0.000000	
324.350000	33.730419	-22.060182	0.000000	
324.400000	33.751294	-22.073936	0.000000	
324.450000	33.772161	-22.087702	0.000000	
324.500000	33.793024	-22.101474	0.000000	
324.550000	33.813878	-22.115259	0.000000	
324.600000	33.834715	-22.129070	0.000000	
324.650000	33.855537	-22.142902	0.000000	
324.700000	33.876347	-22.156751	0.000000	
324.750000	33.897128	-22.170642	0.000000	
324.800000	33.917883	-22.184572	0.000000	
324.850000	33.938610	-22.198541	0.000000	
324.900000	33.959302	-22.212560	0.000000	
324.950000	33.979968	-22.226617	0.000000	
325.000000	34.000608	-22.240711	0.000000	
325.050000	34.021221	-22.254845	0.000000	
325.100000	34.041802	-22.269025	0.000000	
325.150000	34.062333	-22.283279	0.000000	
325.200000	34.082819	-22.297597	0.000000	
325.250000	34.103255	-22.311987	0.000000	
325.300000	34.123641	-22.326449	0.000000	
325.350000	34.143968	-22.340995	0.000000	
325.400000	34.164254	-22.355601	0.000000	
325.450000	34.184505	-22.370254	0.000000	
325.500000	34.204724	-22.384952	0.000000	
325.550000	34.224903	-22.399707	0.000000	
325.600000	34.245053	-22.414501	0.000000	
325.650000	34.265186	-22.429318	0.000000	
325.700000	34.285296	-22.444167	0.000000	
325.750000	34.305373	-22.459061	0.000000	
325.800000	34.325416	-22.474000	0.000000	
325.850000	34.345428	-22.488981	0.000000	
325.900000	34.365400	-22.504013	0.000000	
325.950000	34.385335	-22.519093	0.000000	
326.000000	34.405230	-22.534225	0.000000	
326.050000	34.425092	-22.549400	0.000000	
326.100000	34.444917	-22.564625	0.000000	
326.150000	34.464710	-22.579891	0.000000	
326.200000	34.484488	-22.595178	0.000000	
326.250000	34.504249	-22.610488	0.000000	
326.300000	34.523990	-22.625823	0.000000	
326.350000	34.543719	-22.641173	0.000000	
326.400000	34.563446	-22.656527	0.000000	
326.450000	34.583155	-22.671904	0.000000	
326.500000	34.602842	-22.687309	0.000000	
326.550000	34.622503	-22.702748	0.000000	
326.600000	34.642151	-22.718202	0.000000	
326.650000	34.661790	-22.733670	0.000000	
326.700000	34.681404	-22.749169	0.000000	
326.750000	34.700997	-22.764695	0.000000	
326.800000	34.720572	-22.780244	0.000000	
326.850000	34.740136	-22.795808	0.000000	
326.900000	34.759686	-22.811387	0.000000	
326.950000	34.779229	-22.826977	0.000000	
327.000000	34.798764	-22.842575	0.000000	
327.050000	34.818296	-22.858177	0.000000	
327.100000	34.837815	-22.873795	0.000000	
327.150000	34.857324	-22.889426	0.000000	
327.200000	34.876831	-22.905059	0.000000	
327.250000	34.896316	-22.920719	0.000000	
327.300000	34.915776	-22.936411	0.000000	
327.350000	34.935225	-22.952116	0.000000	
327.400000	34.954656	-22.967844	0.000000	
327.450000	34.974056	-22.983610	0.000000	
327.500000	34.993420	-22.999419	0.000000	
327.550000	35.012763	-23.015256	0.000000	
327.600000	35.032091	-23.031108	0.000000	
327.650000	35.051408	-23.046976	0.000000	
327.700000	35.070713	-23.062858	0.000000	
327.750000	35.090020	-23.078739	0.000000	
327.800000	35.109336	-23.094607	0.000000	
327.850000	35.128658	-23.110468	0.000000	
327.900000	35.147984	-23.126325	0.000000	
327.950000	35.167315	-23.142175	0.000000	
328.000000	35.186665	-23.158001	0.000000	
328.050000	35.206042	-23.173795	0.000000	
328.100000	35.225439	-23.189563	0.000000	
328.150000	35.244850	-23.205313	0.000000	
328.200000	35.264265	-23.221060	0.000000	
328.250000	35.283682	-23.236803	0.000000	
328.300000	35.303124	-23.252515	0.000000	
328.350000	35.322586	-23.268202	0.000000	
328.400000	35.342055	-23.283881	0.000000	
328.450000	35.361542	-23.299537	0.000000	
328.500000	35.381046	-23.315173	0.000000	
328.550000	35.400565	-23.330791	0.000000	
328.600000	35.420098	-23.346392	0.000000	
328.650000	35.439653	-23.361966	0.000000	
328.700000	35.459221	-23.377524	0.000000	
328.750000	35.478782	-23.393091	0.000000	
328.800000	35.498330	-23.408674	0.000000	
328.850000	35.517853	-23.424287	0.000000	
328.900000	35.537349	-23.439934	0.000000	
328.950000	35.556820	-23.455610	0.000000	
329.000000	35.576260	-23.471324	0.000000	
329.050000	35.595650	-23.487095	0.000000	
329.100000	35.614976	-23.502943	0.000000	
329.150000	35.634230	-23.518876	0.000000	
329.200000	35.653421	-23.534882	0.000000	
329.250000	35.672542	-23.550966	0.000000	
329.300000	35.691579	-23.567146	0.000000	
329.350000	35.710522	-23.583435	0.000000	
329.400000	35.729380	-23.599820	0.000000	
329.450000	35.748162	-23.616290	0.000000	
329.500000	35.766851	-23.632866	0.000000	
329.550000	35.785456	-23.649536	0.000000	
329.600000	35.803978	-23.666296	0.000000	
329.650000	35.822414	-23.683151	0.000000	
329.700000	35.840751	-23.700116	0.000000	
329.750000	35.858974	-23.717204	0.000000	
329.800000	35.877081	-23.734417	0.000000	
329.850000	35.895066	-23.751757	0.000000	
329.900000	35.912935	-23.769217	0.000000	
329.950000	35.930690	-23.786793	0.000000	
330.000000	35.948335	-23.804482	0.000000	
330.050000	35.965873	-23.822276	0.000000	
330.100000	35.983310	-23.840171	0.000000	
330.150000	36.000651	-23.858159	0.000000	
330.200000	36.017903	-23.876232	0.000000	
330.250000	36.035060	-23.894396	0.000000	
330.300000	36.052136	-23.912638	0.000000	
330.350000	36.069142	-23.930945	0.000000	
330.400000	36.086066	-23.949327	0.000000	
330.450000	36.102902	-23.967791	0.000000	
330.500000	36.119637	-23.986348	0.000000	
330.550000	36.136278	-24.004989	0.000000	
330.600000	36.152815	-24.023723	0.000000	
330.650000	36.169248	-24.042548	0.000000	
330.700000	36.185583	-24.061460	0.000000	
330.750000	36.201825	-24.080454	0.000000	
330.800000	36.217991	-24.099514	0.000000	
330.850000	36.234098	-24.118625	0.000000	
330.900000	36.250166	-24.137769	0.000000	
330.950000	36.266194	-24.156949	0.000000	
331.000000	36.282178	-24.176165	0.000000	
331.050000	36.298123	-24.195414	0.000000	
331.100000	36.314037	-24.214690	0.000000	
331.150000	36.329924	-24.233989	0.000000	
331.200000	36.345787	-24.253308	0.000000	
331.250000	36.361633	-24.272641	0.000000	
331.300000	36.377470	-24.291982	0.000000	
331.350000	36.393297	-24.311332	0.000000	
331.400000	36.409102	-24.330700	0.000000	
331.450000	36.424896	-24.350077	0.000000	
331.500000	36.440694	-24.369452	0.000000	
331.550000	36.456510	-24.388811	0.000000	
331.600000	36.472350	-24.408150	0.000000	
331.650000	36.488239	-24.427448	0.000000	
331.700000	36.504183	-24.446701	0.000000	
331.750000	36.520174	-24.465914	0.000000	
331.800000	36.536210	-24.485090	0.000000	
331.850000	36.552290	-24.504229	0.000000	
331.900000	36.568417	-24.523328	0.000000	
331.950000	36.584571	-24.542404	0.000000	
332.000000	36.600766	-24.561445	0.000000	
332.050000	36.617007	-24.580447	0.000000	
332.100000	36.633275	-24.599425	0.000000	
332.150000	36.649565	-24.618386	0.000000	
332.200000	36.665866	-24.637338	0.000000	
332.250000	36.682189	-24.656271	0.000000	
332.300000	36.698517	-24.675199	0.000000	
332.350000	36.714861	-24.694114	0.000000	
332.400000	36.731206	-24.713028	0.000000	
332.450000	36.747556	-24.731938	0.000000	
332.500000	36.763911	-24.750844	0.000000	
332.550000	36.780269	-24.769747	0.000000	
332.600000	36.796607	-24.788668	0.000000	
332.650000	36.812924	-24.807605	0.000000	
332.700000	36.829196	-24.826580	0.000000	
332.750000	36.845426	-24.845590	0.000000	
332.800000	36.861607	-24.864642	0.000000	
332.850000	36.877748	-24.883727	0.000000	
332.900000	36.893853	-24.902843	0.000000	
332.950000	36.909903	-24.922004	0.000000	
333.000000	36.925904	-24.941207	0.000000	
333.050000	36.941836	-24.960466	0.000000	
333.100000	36.957698	-24.979785	0.000000	
333.150000	36.973511	-24.999143	0.000000	
333.200000	36.989292	-25.018528	0.000000	
333.250000	37.005048	-25.037933	0.000000	
333.300000	37.020756	-25.057377	0.000000	
333.350000	37.036428	-25.076851	0.000000	
333.400000	37.052047	-25.096369	0.000000	
333.450000	37.067627	-25.115917	0.000000	
333.500000	37.083170	-25.135496	0.000000	
333.550000	37.098665	-25.155112	0.000000	
333.600000	37.114114	-25.174766	0.000000	
333.650000	37.129533	-25.194442	0.000000	
333.700000	37.144907	-25.214154	0.000000	
333.750000	37.160255	-25.233886	0.000000	
333.800000	37.175578	-25.253638	0.000000	
333.850000	37.190867	-25.273415	0.000000	
333.900000	37.206123	-25.293218	0.000000	
333.950000	37.221338	-25.313053	0.000000	
334.000000	37.236519	-25.332913	0.000000	
334.050000	37.251678	-25.352791	0.000000	
334.100000	37.266817	-25.372684	0.000000	
334.150000	37.281928	-25.392597	0.000000	
334.200000	37.296996	-25.412543	0.000000	
334.250000	37.312011	-25.432528	0.000000	
334.300000	37.326964	-25.452560	0.000000	
334.350000	37.341868	-25.472628	0.000000	
334.400000	37.356719	-25.492735	0.000000	
334.450000	37.371513	-25.512883	0.000000	
334.500000	37.386250	-25.533073	0.000000	
334.550000	37.400945	-25.553294	0.000000	
334.600000	37.415598	-25.573545	0.000000	
334.650000	37.430215	-25.593822	0.000000	
334.700000	37.444799	-25.614123	0.000000	
334.750000	37.459363	-25.634439	0.000000	
334.800000	37.473892	-25.654781	0.000000	
334.850000	37.488393	-25.675142	0.000000	
334.900000	37.502869	-25.695522	0.000000	
334.950000	37.517299	-25.715934	0.000000	
335.000000	37.531698	-25.736369	0.000000	
335.050000	37.546072	-25.756821	0.000000	
335.100000	37.560416	-25.777295	0.000000	
335.150000	37.574729	-25.797792	0.000000	
335.200000	37.589010	-25.818310	0.000000	
335.250000	37.603259	-25.838851	0.000000	
335.300000	37.617476	-25.859414	0.000000	
335.350000	37.631671	-25.879991	0.000000	
335.400000	37.645838	-25.900588	0.000000	
335.450000	37.659973	-25.921206	0.000000	
335.500000	37.674099	-25.941830	0.000000	
335.550000	37.688213	-25.962462	0.000000	
335.600000	37.702295	-25.983116	0.000000	
335.650000	37.716364	-26.003779	0.000000	
335.700000	37.730407	-26.024459	0.000000	
335.750000	37.744420	-26.045160	0.000000	
335.800000	37.758416	-26.065873	0.000000	
335.850000	37.772411	-26.086586	0.000000	
335.900000	37.786403	-26.107302	0.000000	
335.950000	37.800391	-26.128021	0.000000	
336.000000	37.814395	-26.148728	0.000000	
336.050000	37.828401	-26.169434	0.000000	
336.100000	37.842420	-26.190131	0.000000	
336.150000	37.856433	-26.210832	0.000000	
336.200000	37.870440	-26.231537	0.000000	
336.250000	37.884460	-26.252233	0.000000	
336.300000	37.898493	-26.272921	0.000000	
336.350000	37.912537	-26.293602	0.000000	
336.400000	37.926587	-26.314278	0.000000	
336.450000	37.940654	-26.334942	0.000000	
336.500000	37.954755	-26.355584	0.000000	
336.550000	37.968870	-26.376217	0.000000	
336.600000	37.982983	-26.396850	0.000000	
336.650000	37.997105	-26.417479	0.000000	
336.700000	38.011240	-26.438098	0.000000	
336.750000	38.025387	-26.458709	0.000000	
336.800000	38.039548	-26.479310	0.000000	
336.850000	38.053720	-26.499904	0.000000	
336.900000	38.067908	-26.520487	0.000000	
336.950000	38.082118	-26.541054	0.000000	
337.000000	38.096356	-26.561600	0.000000	
337.050000	38.110622	-26.582127	0.000000	
337.100000	38.124904	-26.602643	0.000000	
337.150000	38.139184	-26.623159	0.000000	
337.200000	38.153473	-26.643670	0.000000	
337.250000	38.167768	-26.664176	0.000000	
337.300000	38.182069	-26.684678	0.000000	
337.350000	38.196374	-26.705177	0.000000	
337.400000	38.210688	-26.725671	0.000000	
337.450000	38.225025	-26.746148	0.000000	
337.500000	38.239373	-26.766618	0.000000	
337.550000	38.253717	-26.787091	0.000000	
337.600000	38.268057	-26.807566	0.000000	
337.650000	38.282386	-26.828049	0.000000	
337.700000	38.296695	-26.848544	0.000000	
337.750000	38.310962	-26.869067	0.000000	
337.800000	38.325191	-26.889615	0.000000	
337.850000	38.339367	-26.910197	0.000000	
337.900000	38.353489	-26.930815	0.000000	
337.950000	38.367534	-26.951484	0.000000	
338.000000	38.381493	-26.972211	0.000000	
338.050000	38.395365	-26.992996	0.000000	
338.100000	38.409153	-27.013838	0.000000	
338.150000	38.422856	-27.034736	0.000000	
338.200000	38.436485	-27.055683	0.000000	
338.250000	38.450044	-27.076675	0.000000	
338.300000	38.463533	-27.097713	0.000000	
338.350000	38.476950	-27.118797	0.000000	
338.400000	38.490297	-27.139925	0.000000	
338.450000	38.503581	-27.161095	0.000000	
338.500000	38.516786	-27.182316	0.000000	
338.550000	38.529932	-27.203575	0.000000	
338.600000	38.543019	-27.224873	0.000000	
338.650000	38.556059	-27.246201	0.000000	
338.700000	38.569065	-27.267551	0.000000	
338.750000	38.582043	-27.288917	0.000000	
338.800000	38.594990	-27.310303	0.000000	
338.850000	38.607911	-27.331704	0.000000	
338.900000	38.620803	-27.353123	0.000000	
338.950000	38.633650	-27.374568	0.000000	
339.000000	38.646462	-27.396033	0.000000	
339.050000	38.659224	-27.417528	0.000000	
339.100000	38.671953	-27.439042	0.000000	
339.150000	38.684641	-27.460580	0.000000	
339.200000	38.697299	-27.482135	0.000000	
339.250000	38.709915	-27.503715	0.000000	
339.300000	38.722475	-27.525327	0.000000	
339.350000	38.734985	-27.546966	0.000000	
339.400000	38.747438	-27.568638	0.000000	
339.450000	38.759832	-27.590342	0.000000	
339.500000	38.772168	-27.612079	0.000000	
339.550000	38.784464	-27.633839	0.000000	
339.600000	38.796714	-27.655626	0.000000	
339.650000	38.808915	-27.677440	0.000000	
339.700000	38.821073	-27.699280	0.000000	
339.750000	38.833179	-27.721150	0.000000	
339.800000	38.845244	-27.743043	0.000000	
339.850000	38.857277	-27.764954	0.000000	
339.900000	38.869281	-27.786882	0.000000	
339.950000	38.881270	-27.808818	0.000000	
340.000000	38.893270	-27.830748	0.000000	
340.050000	38.905289	-27.852667	0.000000	
340.100000	38.917339	-27.874569	0.000000	
340.150000	38.929402	-27.896463	0.000000	
340.200000	38.941472	-27.918353	0.000000	
340.250000	38.953558	-27.940234	0.000000	
340.300000	38.965655	-27.962108	0.000000	
340.350000	38.977772	-27.983972	0.000000	
340.400000	38.989919	-28.005820	0.000000	
340.450000	39.002109	-28.027643	0.000000	
340.500000	39.014359	-28.049433	0.000000	
340.550000	39.026671	-28.071189	0.000000	
340.600000	39.039026	-28.092919	0.000000	
340.650000	39.051414	-28.114631	0.000000	
340.700000	39.063824	-28.136331	0.000000	
340.750000	39.076245	-28.158024	0.000000	
340.800000	39.088698	-28.179699	0.000000	
340.850000	39.101173	-28.201362	0.000000	
340.900000	39.113679	-28.223008	0.000000	
340.950000	39.126222	-28.244632	0.000000	
341.000000	39.138796	-28.266239	0.000000	
341.050000	39.151387	-28.287835	0.000000	
341.100000	39.163984	-28.309428	0.000000	
341.150000	39.176601	-28.331009	0.000000	
341.200000	39.189254	-28.352568	0.000000	
341.250000	39.201953	-28.374100	0.000000	
341.300000	39.214677	-28.395616	0.000000	
341.350000	39.227454	-28.417101	0.000000	
341.400000	39.240276	-28.438559	0.000000	
341.450000	39.253133	-28.459997	0.000000	
341.500000	39.266012	-28.481421	0.000000	
341.550000	39.278902	-28.502839	0.000000	
341.600000	39.291778	-28.524266	0.000000	
341.650000	39.304658	-28.545689	0.000000	
341.700000	39.317535	-28.567115	0.000000	
341.750000	39.330406	-28.588544	0.000000	
341.800000	39.343286	-28.609968	0.000000	
341.850000	39.356148	-28.631403	0.000000	
341.900000	39.368989	-28.652849	0.000000	
341.950000	39.381805	-28.674309	0.000000	
342.000000	39.394594	-28.695785	0.000000	
342.050000	39.407360	-28.717274	0.000000	
342.100000	39.420097	-28.738780	0.000000	
342.150000	39.432795	-28.760308	0.000000	
342.200000	39.445430	-28.781873	0.000000	
342.250000	39.457976	-28.803488	0.000000	
342.300000	39.470441	-28.825149	0.000000	
342.350000	39.482827	-28.846856	0.000000	
342.400000	39.495109	-28.868621	0.000000	
342.450000	39.507313	-28.890432	0.000000	
342.500000	39.519442	-28.912283	0.000000	
342.550000	39.531510	-28.934170	0.000000	
342.600000	39.543513	-28.956093	0.000000	
342.650000	39.555459	-28.978048	0.000000	
342.700000	39.567330	-29.000045	0.000000	
342.750000	39.579150	-29.022070	0.000000	
342.800000	39.590949	-29.044107	0.000000	
342.850000	39.602719	-29.066160	0.000000	
342.900000	39.614474	-29.088221	0.000000	
342.950000	39.626224	-29.110285	0.000000	
343.000000	39.637952	-29.132361	0.000000	
343.050000	39.649646	-29.154455	0.000000	
343.100000	39.661291	-29.176576	0.000000	
343.150000	39.672882	-29.198725	0.000000	
343.200000	39.684434	-29.220894	0.000000	
343.250000	39.695955	-29.243079	0.000000	
343.300000	39.707445	-29.265280	0.000000	
343.350000	39.718911	-29.287493	0.000000	
343.400000	39.730351	-29.309719	0.000000	
343.450000	39.741781	-29.331950	0.000000	
343.500000	39.753187	-29.354193	0.000000	
343.550000	39.764583	-29.376442	0.000000	
343.600000	39.775937	-29.398711	0.000000	
343.650000	39.787263	-29.420995	0.000000	
343.700000	39.798558	-29.443294	0.000000	
343.750000	39.809816	-29.465611	0.000000	
343.800000	39.821041	-29.487945	0.000000	
343.850000	39.832216	-29.510304	0.000000	
343.900000	39.843338	-29.532691	0.000000	
343.950000	39.854410	-29.555103	0.000000	
344.000000	39.865419	-29.577547	0.000000	
344.050000	39.876365	-29.600021	0.000000	
344.100000	39.887234	-29.622532	0.000000	
344.150000	39.898052	-29.645068	0.000000	
344.200000	39.908828	-29.667623	0.000000	
344.250000	39.919573	-29.690193	0.000000	
344.300000	39.930302	-29.712770	0.000000	
344.350000	39.941019	-29.735354	0.000000	
344.400000	39.951720	-29.757946	0.000000	
344.450000	39.962408	-29.780543	0.000000	
344.500000	39.973070	-29.803153	0.000000	
344.550000	39.983710	-29.825773	0.000000	
344.600000	39.994314	-29.848411	0.000000	
344.650000	40.004911	-29.871052	0.000000	
344.700000	40.015496	-29.893699	0.000000	
344.750000	40.026073	-29.916350	0.000000	
344.800000	40.036644	-29.939003	0.000000	
344.850000	40.047195	-29.961666	0.000000	
344.900000	40.057719	-29.984341	0.000000	
344.950000	40.068216	-30.007029	0.000000	
345.000000	40.078671	-30.029737	0.000000	
345.050000	40.089088	-30.052461	0.000000	
345.100000	40.099483	-30.075195	0.000000	
345.150000	40.109855	-30.097938	0.000000	
345.200000	40.120207	-30.120691	0.000000	
345.250000	40.130533	-30.143454	0.000000	
345.300000	40.140805	-30.166241	0.000000	
345.350000	40.151025	-30.189052	0.000000	
345.400000	40.161201	-30.211881	0.000000	
345.450000	40.171304	-30.234743	0.000000	
345.500000	40.181351	-30.257629	0.000000	
345.550000	40.191336	-30.280542	0.000000	
345.600000	40.201267	-30.303478	0.000000	
345.650000	40.211140	-30.326440	0.000000	
345.700000	40.220954	-30.349427	0.000000	
345.750000	40.230719	-30.372436	0.000000	
345.800000	40.240442	-30.395464	0.000000	
345.850000	40.250115	-30.418514	0.000000	
345.900000	40.259750	-30.441580	0.000000	
345.950000	40.269346	-30.464664	0.000000	
346.000000	40.278900	-30.487765	0.000000	
346.050000	40.288428	-30.510878	0.000000	
346.100000	40.297924	-30.534003	0.000000	
346.150000	40.307386	-30.557142	0.000000	
346.200000	40.316843	-30.580283	0.000000	
346.250000	40.326279	-30.603433	0.000000	
346.300000	40.335704	-30.626587	0.000000	
346.350000	40.345133	-30.649740	0.000000	
346.400000	40.354538	-30.672903	0.000000	
346.450000	40.363935	-30.696068	0.000000	
346.500000	40.373328	-30.719236	0.000000	
346.550000	40.382693	-30.742414	0.000000	
346.600000	40.392052	-30.765595	0.000000	
346.650000	40.401383	-30.788787	0.000000	
346.700000	40.410687	-30.811989	0.000000	
346.750000	40.419965	-30.835202	0.000000	
346.800000	40.429212	-30.858426	0.000000	
346.850000	40.438426	-30.881665	0.000000	
346.900000	40.447623	-30.904910	0.000000	
346.950000	40.456789	-30.928168	0.000000	
347.000000	40.465929	-30.951436	0.000000	
347.050000	40.475039	-30.974716	0.000000	
347.100000	40.484110	-30.998010	0.000000	
347.150000	40.493169	-31.021310	0.000000	
347.200000	40.502214	-31.044614	0.000000	
347.250000	40.511217	-31.067935	0.000000	
347.300000	40.520194	-31.091266	0.000000	
347.350000	40.529135	-31.114611	0.000000	
347.400000	40.538034	-31.137972	0.000000	
347.450000	40.546922	-31.161337	0.000000	
347.500000	40.555770	-31.184718	0.000000	
347.550000	40.564598	-31.208107	0.000000	
347.600000	40.573431	-31.231493	0.000000	
347.650000	40.582255	-31.254883	0.000000	
347.700000	40.591077	-31.278275	0.000000	
347.750000	40.599901	-31.301665	0.000000	
347.800000	40.608712	-31.325060	0.000000	
347.850000	40.617507	-31.348461	0.000000	
347.900000	40.626291	-31.371866	0.000000	
347.950000	40.635048	-31.395282	0.000000	
348.000000	40.643771	-31.418710	0.000000	
348.050000	40.652461	-31.442150	0.000000	
348.100000	40.661143	-31.465593	0.000000	
348.150000	40.669834	-31.489033	0.000000	
348.200000	40.678519	-31.512476	0.000000	
348.250000	40.687209	-31.535916	0.000000	
348.300000	40.695923	-31.559347	0.000000	
348.350000	40.704645	-31.582775	0.000000	
348.400000	40.713370	-31.606203	0.000000	
348.450000	40.722097	-31.629629	0.000000	
348.500000	40.730797	-31.653065	0.000000	
348.550000	40.739483	-31.676507	0.000000	
348.600000	40.748153	-31.699954	0.000000	
348.650000	40.756782	-31.723416	0.000000	
348.700000	40.765390	-31.746886	0.000000	
348.750000	40.773975	-31.770364	0.000000	
348.800000	40.782540	-31.793850	0.000000	
348.850000	40.791081	-31.817344	0.000000	
348.900000	40.799587	-31.840851	0.000000	
348.950000	40.808057	-31.864370	0.000000	
349.000000	40.816496	-31.887901	0.000000	
349.050000	40.824907	-31.911441	0.000000	
349.100000	40.833285	-31.934991	0.000000	
349.150000	40.841620	-31.958557	0.000000	
349.200000	40.849896	-31.982143	0.000000	
349.250000	40.858117	-32.005748	0.000000	
349.300000	40.866258	-32.029380	0.000000	
349.350000	40.874315	-32.053041	0.000000	
349.400000	40.882279	-32.076733	0.000000	
349.450000	40.890153	-32.100455	0.000000	
349.500000	40.897931	-32.124208	0.000000	
349.550000	40.905607	-32.147991	0.000000	
349.600000	40.913168	-32.171809	0.000000	
349.650000	40.920617	-32.195661	0.000000	
349.700000	40.927970	-32.219541	0.000000	
349.750000	40.935218	-32.243454	0.000000	
349.800000	40.942372	-32.267396	0.000000	
349.850000	40.949424	-32.291368	0.000000	
349.900000	40.956375	-32.315370	0.000000	
349.950000	40.963242	-32.339397	0.000000	
350.000000	40.970019	-32.363451	0.000000	
350.050000	40.976719	-32.387528	0.000000	
350.100000	40.983344	-32.411626	0.000000	
350.150000	40.989884	-32.435748	0.000000	
350.200000	40.996335	-32.459895	0.000000	
350.250000	41.002676	-32.484071	0.000000	
350.300000	41.008893	-32.508279	0.000000	
350.350000	41.014997	-32.532515	0.000000	
350.400000	41.020985	-32.556779	0.000000	
350.450000	41.026848	-32.581073	0.000000	
350.500000	41.032556	-32.605401	0.000000	
350.550000	41.038086	-32.629763	0.000000	
350.600000	41.043432	-32.654157	0.000000	
350.650000	41.048581	-32.678581	0.000000	
350.700000	41.053503	-32.703040	0.000000	
350.750000	41.058164	-32.727534	0.000000	
350.800000	41.062535	-32.752066	0.000000	
350.850000	41.066575	-32.776636	0.000000	
350.900000	41.070291	-32.801243	0.000000	
350.950000	41.073660	-32.825883	0.000000	
351.000000	41.076662	-32.850559	0.000000	
351.050000	41.079282	-32.875269	0.000000	
351.100000	41.081499	-32.900012	0.000000	
351.150000	41.083325	-32.924788	0.000000	
351.200000	41.084756	-32.949591	0.000000	
351.250000	41.085784	-32.974417	0.000000	
351.300000	41.086422	-32.999263	0.000000	
351.350000	41.086682	-33.024124	0.000000	
351.400000	41.086567	-33.048998	0.000000	
351.450000	41.086067	-33.073883	0.000000	
351.500000	41.085194	-33.098776	0.000000	
351.550000	41.083989	-33.123671	0.000000	
351.600000	41.082482	-33.148562	0.000000	
351.650000	41.080684	-33.173444	0.000000	
351.700000	41.078608	-33.198314	0.000000	
351.750000	41.076285	-33.223170	0.000000	
351.800000	41.073740	-33.248012	0.000000	
351.850000	41.070993	-33.272837	0.000000	
351.900000	41.068087	-33.297648	0.000000	
351.950000	41.065016	-33.322443	0.000000	
352.000000	41.061820	-33.347225	0.000000	
352.050000	41.058520	-33.371996	0.000000	
352.100000	41.055150	-33.396760	0.000000	
352.150000	41.051721	-33.421518	0.000000	
352.200000	41.048245	-33.446270	0.000000	
352.250000	41.044752	-33.471021	0.000000	
352.300000	41.041262	-33.495772	0.000000	
352.350000	41.037796	-33.520526	0.000000	
352.400000	41.034343	-33.545281	0.000000	
352.450000	41.030896	-33.570037	0.000000	
352.500000	41.027476	-33.594796	0.000000	
352.550000	41.024068	-33.619557	0.000000	
352.600000	41.020653	-33.644317	0.000000	
352.650000	41.017253	-33.669079	0.000000	
352.700000	41.013896	-33.693846	0.000000	
352.750000	41.010610	-33.718624	0.000000	
352.800000	41.007397	-33.743410	0.000000	
352.850000	41.004246	-33.768205	0.000000	
352.900000	41.001176	-33.793010	0.000000	
352.950000	40.998166	-33.817824	0.000000	
353.000000	40.995222	-33.842647	0.000000	
353.050000	40.992323	-33.867476	0.000000	
353.100000	40.989458	-33.892309	0.000000	
353.150000	40.986629	-33.917147	0.000000	
353.200000	40.983847	-33.941990	0.000000	
353.250000	40.981110	-33.966838	0.000000	
353.300000	40.978421	-33.991690	0.000000	
353.350000	40.975771	-34.016546	0.000000	
353.400000	40.973133	-34.041403	0.000000	
353.450000	40.970531	-34.066263	0.000000	
353.500000	40.967959	-34.091127	0.000000	
353.550000	40.965424	-34.115994	0.000000	
353.600000	40.962942	-34.140867	0.000000	
353.650000	40.960522	-34.165746	0.000000	
353.700000	40.958142	-34.190631	0.000000	
353.750000	40.955782	-34.215517	0.000000	
353.800000	40.953425	-34.240404	0.000000	
353.850000	40.951069	-34.265290	0.000000	
353.900000	40.948739	-34.290180	0.000000	
353.950000	40.946412	-34.315069	0.000000	
354.000000	40.944104	-34.339961	0.000000	
354.050000	40.941812	-34.364854	0.000000	
354.100000	40.939546	-34.389750	0.000000	
354.150000	40.937302	-34.414648	0.000000	
354.200000	40.935088	-34.439549	0.000000	
354.250000	40.932886	-34.464451	0.000000	
354.300000	40.930673	-34.489352	0.000000	
354.350000	40.928452	-34.514253	0.000000	
354.400000	40.926225	-34.539153	0.000000	
354.450000	40.924018	-34.564054	0.000000	
354.500000	40.921827	-34.588957	0.000000	
354.550000	40.919670	-34.613862	0.000000	
354.600000	40.917529	-34.638769	0.000000	
354.650000	40.915390	-34.663676	0.000000	
354.700000	40.913259	-34.688583	0.000000	
354.750000	40.911146	-34.713492	0.000000	
354.800000	40.909062	-34.738403	0.000000	
354.850000	40.906999	-34.763317	0.000000	
354.900000	40.904934	-34.788230	0.000000	
354.950000	40.902854	-34.813142	0.000000	
355.000000	40.900753	-34.838051	0.000000	
355.050000	40.898618	-34.862957	0.000000	
355.100000	40.896453	-34.887860	0.000000	
355.150000	40.894262	-34.912760	0.000000	
355.200000	40.892055	-34.937658	0.000000	
355.250000	40.889822	-34.962554	0.000000	
355.300000	40.887575	-34.987448	0.000000	
355.350000	40.885315	-35.012342	0.000000	
355.400000	40.883009	-35.037230	0.000000	
355.450000	40.880657	-35.062114	0.000000	
355.500000	40.878231	-35.086991	0.000000	
355.550000	40.875712	-35.111858	0.000000	
355.600000	40.873095	-35.136714	0.000000	
355.650000	40.870368	-35.161559	0.000000	
355.700000	40.867536	-35.186389	0.000000	
355.750000	40.864580	-35.211204	0.000000	
355.800000	40.861491	-35.236000	0.000000	
355.850000	40.858252	-35.260776	0.000000	
355.900000	40.854882	-35.285533	0.000000	
355.950000	40.851401	-35.310275	0.000000	
356.000000	40.847796	-35.334997	0.000000	
356.050000	40.844085	-35.359702	0.000000	
356.100000	40.840268	-35.384390	0.000000	
356.150000	40.836338	-35.409059	0.000000	
356.200000	40.832286	-35.433706	0.000000	
356.250000	40.828116	-35.458335	0.000000	
356.300000	40.823821	-35.482943	0.000000	
356.350000	40.819396	-35.507532	0.000000	
356.400000	40.814836	-35.532099	0.000000	
356.450000	40.810169	-35.556648	0.000000	
356.500000	40.805394	-35.581179	0.000000	
356.550000	40.800545	-35.605698	0.000000	
356.600000	40.795620	-35.630203	0.000000	
356.650000	40.790624	-35.654696	0.000000	
356.700000	40.785577	-35.679179	0.000000	
356.750000	40.780492	-35.703656	0.000000	
356.800000	40.775377	-35.728126	0.000000	
356.850000	40.770244	-35.752593	0.000000	
356.900000	40.765101	-35.777057	0.000000	
356.950000	40.759939	-35.801518	0.000000	
357.000000	40.754762	-35.825975	0.000000	
357.050000	40.749586	-35.850433	0.000000	
357.100000	40.744414	-35.874892	0.000000	
357.150000	40.739256	-35.899353	0.000000	
357.200000	40.734108	-35.923817	0.000000	
357.250000	40.728969	-35.948283	0.000000	
357.300000	40.723812	-35.972745	0.000000	
357.350000	40.718626	-35.997200	0.000000	
357.400000	40.713409	-36.021648	0.000000	
357.450000	40.708184	-36.046095	0.000000	
357.500000	40.702929	-36.070534	0.000000	
357.550000	40.697624	-36.094962	0.000000	
357.600000	40.692247	-36.119373	0.000000	
357.650000	40.686800	-36.143767	0.000000	
357.700000	40.681296	-36.168148	0.000000	
357.750000	40.675743	-36.192518	0.000000	
357.800000	40.670127	-36.216873	0.000000	
357.850000	40.664444	-36.241212	0.000000	
357.900000	40.658712	-36.265539	0.000000	
357.950000	40.652942	-36.289858	0.000000	
358.000000	40.647143	-36.314169	0.000000	
358.050000	40.641299	-36.338471	0.000000	
358.100000	40.635422	-36.362766	0.000000	
358.150000	40.629488	-36.387047	0.000000	
358.200000	40.623483	-36.411312	0.000000	
358.250000	40.617426	-36.435565	0.000000	
358.300000	40.611301	-36.459800	0.000000	
358.350000	40.605123	-36.484023	0.000000	
358.400000	40.598899	-36.508233	0.000000	
358.450000	40.592627	-36.532431	0.000000	
358.500000	40.586313	-36.556618	0.000000	
358.550000	40.579959	-36.580795	0.000000	
358.600000	40.573570	-36.604963	0.000000	
358.650000	40.567162	-36.629125	0.000000	
358.700000	40.560756	-36.653287	0.000000	
358.750000	40.554338	-36.677447	0.000000	
358.800000	40.547905	-36.701603	0.000000	
358.850000	40.541476	-36.725760	0.000000	
358.900000	40.535063	-36.749920	0.000000	
358.950000	40.528664	-36.774085	0.000000	
359.000000	40.522270	-36.798251	0.000000	
359.050000	40.515857	-36.822411	0.000000	
359.100000	40.509443	-36.846572	0.000000	
359.150000	40.503026	-36.870732	0.000000	
359.200000	40.496639	-36.894900	0.000000	
359.250000	40.490309	-36.919080	0.000000	
359.300000	40.484044	-36.943276	0.000000	
359.350000	40.477859	-36.967492	0.000000	
359.400000	40.471744	-36.991724	0.000000	
359.450000	40.465711	-37.015976	0.000000	
359.500000	40.459762	-37.040249	0.000000	
359.550000	40.453885	-37.064539	0.000000	
359.600000	40.448074	-37.088846	0.000000	
359.650000	40.442351	-37.113174	0.000000	
359.700000	40.436692	-37.137519	0.000000	
359.750000	40.431099	-37.161879	0.000000	
359.800000	40.425571	-37.186255	0.000000	
359.850000	40.420091	-37.210643	0.000000	
359.900000	40.414635	-37.235037	0.000000	
359.950000	40.409205	-37.259437	0.000000	
360.000000	40.403769	-37.283835	0.000000	
360.050000	40.398333	-37.308234	0.000000	
360.100000	40.392913	-37.332637	0.000000	
360.150000	40.387493	-37.357039	0.000000	
360.200000	40.382047	-37.381436	0.000000	
360.250000	40.376544	-37.405817	0.000000	
360.300000	40.370972	-37.430182	0.000000	
360.350000	40.365328	-37.454530	0.000000	
360.400000	40.359631	-37.478866	0.000000	
360.450000	40.353886	-37.503190	0.000000	
360.500000	40.348070	-37.527498	0.000000	
360.550000	40.342175	-37.551787	0.000000	
360.600000	40.336211	-37.576059	0.000000	
360.650000	40.330200	-37.600320	0.000000	
360.700000	40.324122	-37.624565	0.000000	
360.750000	40.317997	-37.648798	0.000000	
360.800000	40.311823	-37.673020	0.000000	
360.850000	40.305611	-37.697233	0.000000	
360.900000	40.299381	-37.721442	0.000000	
360.950000	40.293140	-37.745649	0.000000	
361.000000	40.286885	-37.769852	0.000000	
361.050000	40.280647	-37.794059	0.000000	
361.100000	40.274423	-37.818270	0.000000	
361.150000	40.268207	-37.842482	0.000000	
361.200000	40.261992	-37.866695	0.000000	
361.250000	40.255778	-37.890908	0.000000	
361.300000	40.249573	-37.915123	0.000000	
361.350000	40.243376	-37.939340	0.000000	
361.400000	40.237167	-37.963554	0.000000	
361.450000	40.230927	-37.987761	0.000000	
361.500000	40.224678	-38.011964	0.000000	
361.550000	40.218433	-38.036169	0.000000	
361.600000	40.212189	-38.060374	0.000000	
361.650000	40.205926	-38.084573	0.000000	
361.700000	40.199649	-38.108769	0.000000	
361.750000	40.193370	-38.132965	0.000000	
361.800000	40.187089	-38.157160	0.000000	
361.850000	40.180809	-38.181355	0.000000	
361.900000	40.174511	-38.205545	0.000000	
361.950000	40.168203	-38.229734	0.000000	
362.000000	40.161893	-38.253921	0.000000	
362.050000	40.155596	-38.278112	0.000000	
362.100000	40.149301	-38.302303	0.000000	
362.150000	40.142994	-38.326492	0.000000	
362.200000	40.136690	-38.350681	0.000000	
362.250000	40.130398	-38.374873	0.000000	
362.300000	40.124139	-38.399073	0.000000	
362.350000	40.117936	-38.423287	0.000000	
362.400000	40.111800	-38.447517	0.000000	
362.450000	40.105741	-38.471766	0.000000	
362.500000	40.099758	-38.496033	0.000000	
362.550000	40.093847	-38.520318	0.000000	
362.600000	40.088016	-38.544620	0.000000	
362.650000	40.082281	-38.568945	0.000000	
362.700000	40.076647	-38.593294	0.000000	
362.750000	40.071106	-38.617665	0.000000	
362.800000	40.065655	-38.642056	0.000000	
362.850000	40.060274	-38.666464	0.000000	
362.900000	40.054963	-38.690888	0.000000	
362.950000	40.049726	-38.715329	0.000000	
363.000000	40.044531	-38.739779	0.000000	
363.050000	40.039364	-38.764235	0.000000	
363.100000	40.034203	-38.788693	0.000000	
363.150000	40.029063	-38.813156	0.000000	
363.200000	40.023934	-38.837622	0.000000	
363.250000	40.018805	-38.862087	0.000000	
363.300000	40.013675	-38.886552	0.000000	
363.350000	40.008539	-38.911016	0.000000	
363.400000	40.003374	-38.935473	0.000000	
363.450000	39.998154	-38.959917	0.000000	
363.500000	39.992892	-38.984352	0.000000	
363.550000	39.987599	-39.008779	0.000000	
363.600000	39.982252	-39.033195	0.000000	
363.650000	39.976852	-39.057599	0.000000	
363.700000	39.971393	-39.081990	0.000000	
363.750000	39.965885	-39.106370	0.000000	
363.800000	39.960316	-39.130738	0.000000	
363.850000	39.954682	-39.155091	0.000000	
363.900000	39.949014	-39.179436	0.000000	
363.950000	39.943284	-39.203768	0.000000	
364.000000	39.937491	-39.228086	0.000000	
364.050000	39.931659	-39.252395	0.000000	
364.100000	39.925816	-39.276702	0.000000	
364.150000	39.919965	-39.301006	0.000000	
364.200000	39.914101	-39.325308	0.000000	
364.250000	39.908237	-39.349610	0.000000	
364.300000	39.902364	-39.373910	0.000000	
364.350000	39.896499	-39.398211	0.000000	
364.400000	39.890625	-39.422511	0.000000	
364.450000	39.884734	-39.446806	0.000000	
364.500000	39.878850	-39.471103	0.000000	
364.550000	39.872969	-39.495401	0.000000	
364.600000	39.867085	-39.519697	0.000000	
364.650000	39.861193	-39.543992	0.000000	
364.700000	39.855285	-39.568283	0.000000	
364.750000	39.849377	-39.592574	0.000000	
364.800000	39.843471	-39.616865	0.000000	
364.850000	39.837587	-39.641162	0.000000	
364.900000	39.831727	-39.665464	0.000000	
364.950000	39.825861	-39.689765	0.000000	
365.000000	39.819992	-39.714065	0.000000	
365.050000	39.814122	-39.738365	0.000000	
365.100000	39.808228	-39.762659	0.000000	
365.150000	39.802294	-39.786942	0.000000	
365.200000	39.796312	-39.811214	0.000000	
365.250000	39.790284	-39.835473	0.000000	
365.300000	39.784209	-39.859721	0.000000	
365.350000	39.778084	-39.883956	0.000000	
365.400000	39.771904	-39.908177	0.000000	
365.450000	39.765694	-39.932390	0.000000	
365.500000	39.759484	-39.956603	0.000000	
365.550000	39.753279	-39.980817	0.000000	
365.600000	39.747056	-40.005027	0.000000	
365.650000	39.740825	-40.029235	0.000000	
365.700000	39.734606	-40.053446	0.000000	
365.750000	39.728386	-40.077657	0.000000	
365.800000	39.722140	-40.101861	0.000000	
365.850000	39.715856	-40.126055	0.000000	
365.900000	39.709502	-40.150232	0.000000	
365.950000	39.703063	-40.174385	0.000000	
366.000000	39.696547	-40.198517	0.000000	
366.050000	39.689955	-40.222628	0.000000	
366.100000	39.683257	-40.246707	0.000000	
366.150000	39.676440	-40.270747	0.000000	
366.200000	39.669497	-40.294745	0.000000	
366.250000	39.662416	-40.318696	0.000000	
366.300000	39.655154	-40.342581	0.000000	
366.350000	39.647685	-40.366388	0.000000	
366.400000	39.640006	-40.390114	0.000000	
366.450000	39.632089	-40.413744	0.000000	
366.500000	39.623892	-40.437257	0.000000	
366.550000	39.615392	-40.460646	0.000000	
366.600000	39.606549	-40.483888	0.000000	
366.650000	39.597367	-40.506984	0.000000	
366.700000	39.587831	-40.529926	0.000000	
366.750000	39.577919	-40.552702	0.000000	
366.800000	39.567641	-40.575315	0.000000	
366.850000	39.556990	-40.597754	0.000000	
366.900000	39.545963	-40.620017	0.000000	
366.950000	39.534565	-40.642098	0.000000	
367.000000	39.522805	-40.663995	0.000000	
367.050000	39.510675	-40.685700	0.000000	
367.100000	39.498176	-40.707209	0.000000	
367.150000	39.485329	-40.728524	0.000000	
367.200000	39.472162	-40.749655	0.000000	
367.250000	39.458700	-40.770618	0.000000	
367.300000	39.444968	-40.791423	0.000000	
367.350000	39.431002	-40.812088	0.000000	
367.400000	39.416825	-40.832622	0.000000	
367.450000	39.402466	-40.853042	0.000000	
367.500000	39.387941	-40.873355	0.000000	
367.550000	39.373277	-40.893575	0.000000	
367.600000	39.358492	-40.913712	0.000000	
367.650000	39.343615	-40.933787	0.000000	
367.700000	39.328655	-40.953804	0.000000	
367.750000	39.313626	-40.973772	0.000000	
367.800000	39.298552	-40.993710	0.000000	
367.850000	39.283450	-41.013628	0.000000	
367.900000	39.268342	-41.033541	0.000000	
367.950000	39.253235	-41.053456	0.000000	
368.000000	39.238134	-41.073374	0.000000	
368.050000	39.223039	-41.093297	0.000000	
368.100000	39.207974	-41.113243	0.000000	
368.150000	39.192944	-41.133215	0.000000	
368.200000	39.177964	-41.153225	0.000000	
368.250000	39.163041	-41.173278	0.000000	
368.300000	39.148175	-41.193373	0.000000	
368.350000	39.133353	-41.213500	0.000000	
368.400000	39.118559	-41.233648	0.000000	
368.450000	39.103802	-41.253824	0.000000	
368.500000	39.089062	-41.274012	0.000000	
368.550000	39.074349	-41.294221	0.000000	
368.600000	39.059676	-41.314459	0.000000	
368.650000	39.045028	-41.334717	0.000000	
368.700000	39.030405	-41.354992	0.000000	
368.750000	39.015797	-41.375279	0.000000	
368.800000	39.001191	-41.395567	0.000000	
368.850000	38.986589	-41.415859	0.000000	
368.900000	38.971964	-41.436133	0.000000	
368.950000	38.957320	-41.456394	0.000000	
369.000000	38.942645	-41.476632	0.000000	
369.050000	38.927942	-41.496850	0.000000	
369.100000	38.913220	-41.517053	0.000000	
369.150000	38.898458	-41.537226	0.000000	
369.200000	38.883650	-41.557363	0.000000	
369.250000	38.868790	-41.577462	0.000000	
369.300000	38.853875	-41.597519	0.000000	
369.350000	38.838884	-41.617519	0.000000	
369.400000	38.823829	-41.637470	0.000000	
369.450000	38.808712	-41.657374	0.000000	
369.500000	38.793524	-41.677222	0.000000	
369.550000	38.778277	-41.697024	0.000000	
369.600000	38.762982	-41.716790	0.000000	
369.650000	38.747628	-41.736511	0.000000	
369.700000	38.732216	-41.756187	0.000000	
369.750000	38.716735	-41.775809	0.000000	
369.800000	38.701203	-41.795391	0.000000	
369.850000	38.685624	-41.814937	0.000000	
369.900000	38.669986	-41.834436	0.000000	
369.950000	38.654304	-41.853901	0.000000	
370.000000	38.638562	-41.873319	0.000000	
370.050000	38.622773	-41.892699	0.000000	
370.100000	38.606939	-41.912043	0.000000	
370.150000	38.591047	-41.931340	0.000000	
370.200000	38.575117	-41.950605	0.000000	
370.250000	38.559150	-41.969840	0.000000	
370.300000	38.543157	-41.989053	0.000000	
370.350000	38.527143	-42.008249	0.000000	
370.400000	38.511136	-42.027451	0.000000	
370.450000	38.495135	-42.046657	0.000000	
370.500000	38.479137	-42.065866	0.000000	
370.550000	38.463158	-42.085091	0.000000	
370.600000	38.447187	-42.104322	0.000000	
370.650000	38.431200	-42.123540	0.000000	
370.700000	38.415214	-42.142759	0.000000	
370.750000	38.399226	-42.161976	0.000000	
370.800000	38.383258	-42.181209	0.000000	
370.850000	38.367296	-42.200448	0.000000	
370.900000	38.351344	-42.219695	0.000000	
370.950000	38.335389	-42.238939	0.000000	
371.000000	38.319420	-42.258171	0.000000	
371.050000	38.303452	-42.277405	0.000000	
371.100000	38.287476	-42.296632	0.000000	
371.150000	38.271493	-42.315853	0.000000	
371.200000	38.255518	-42.335080	0.000000	
371.250000	38.239550	-42.354313	0.000000	
371.300000	38.223592	-42.373555	0.000000	
371.350000	38.207637	-42.392800	0.000000	
371.400000	38.191665	-42.412031	0.000000	
371.450000	38.175674	-42.431245	0.000000	
371.500000	38.159651	-42.450433	0.000000	
371.550000	38.143606	-42.469603	0.000000	
371.600000	38.127518	-42.488736	0.000000	
371.650000	38.111391	-42.507837	0.000000	
371.700000	38.095233	-42.526910	0.000000	
371.750000	38.079021	-42.545936	0.000000	
371.800000	38.062755	-42.564916	0.000000	
371.850000	38.046427	-42.583841	0.000000	
371.900000	38.030045	-42.602720	0.000000	
371.950000	38.013601	-42.621545	0.000000	
372.000000	37.997104	-42.640323	0.000000	
372.050000	37.980556	-42.659056	0.000000	
372.100000	37.963957	-42.677743	0.000000	
372.150000	37.947316	-42.696392	0.000000	
372.200000	37.930646	-42.715016	0.000000	
372.250000	37.913958	-42.733624	0.000000	
372.300000	37.897246	-42.752211	0.000000	
372.350000	37.880504	-42.770772	0.000000	
372.400000	37.863739	-42.789313	0.000000	
372.450000	37.846945	-42.807827	0.000000	
372.500000	37.830101	-42.826298	0.000000	
372.550000	37.813230	-42.844744	0.000000	
372.600000	37.796338	-42.863172	0.000000	
372.650000	37.779429	-42.881584	0.000000	
372.700000	37.762518	-42.899995	0.000000	
372.750000	37.745598	-42.918398	0.000000	
372.800000	37.728672	-42.936795	0.000000	
372.850000	37.711740	-42.955186	0.000000	
372.900000	37.694792	-42.973562	0.000000	
372.950000	37.677817	-42.991913	0.000000	
373.000000	37.660827	-43.010250	0.000000	
373.050000	37.643815	-43.028565	0.000000	
373.100000	37.626800	-43.046877	0.000000	
373.150000	37.609776	-43.065182	0.000000	
373.200000	37.592733	-43.083467	0.000000	
373.250000	37.575670	-43.101734	0.000000	
373.300000	37.558581	-43.119977	0.000000	
373.350000	37.541453	-43.138184	0.000000	
373.400000	37.524294	-43.156361	0.000000	
373.450000	37.507088	-43.174494	0.000000	
373.500000	37.489835	-43.192582	0.000000	
373.550000	37.472556	-43.210644	0.000000	
373.600000	37.455231	-43.228662	0.000000	
373.650000	37.437845	-43.246620	0.000000	
373.700000	37.420407	-43.264528	0.000000	
373.750000	37.402911	-43.282379	0.000000	
373.800000	37.385354	-43.300171	0.000000	
373.850000	37.367755	-43.317923	0.000000	
373.900000	37.350123	-43.335642	0.000000	
373.950000	37.332456	-43.353325	0.000000	
374.000000	37.314747	-43.370966	0.000000	
374.050000	37.296987	-43.388554	0.000000	
374.100000	37.279186	-43.406100	0.000000	
374.150000	37.261342	-43.423602	0.000000	
374.200000	37.243460	-43.441066	0.000000	
374.250000	37.225550	-43.458501	0.000000	
374.300000	37.207606	-43.475903	0.000000	
374.350000	37.189622	-43.493265	0.000000	
374.400000	37.171619	-43.510609	0.000000	
374.450000	37.153603	-43.527938	0.000000	
374.500000	37.135574	-43.545255	0.000000	
374.550000	37.117552	-43.562579	0.000000	
374.600000	37.099536	-43.579909	0.000000	
374.650000	37.081531	-43.597251	0.000000	
374.700000	37.063557	-43.614622	0.000000	
374.750000	37.045624	-43.632035	0.000000	
374.800000	37.027716	-43.649473	0.000000	
374.850000	37.009835	-43.666937	0.000000	
374.900000	36.991963	-43.684412	0.000000	
374.950000	36.974106	-43.701902	0.000000	
375.000000	36.956265	-43.719408	0.000000	
375.050000	36.938447	-43.736937	0.000000	
375.100000	36.920660	-43.754499	0.000000	
375.150000	36.902901	-43.772091	0.000000	
375.200000	36.885159	-43.789701	0.000000	
375.250000	36.867427	-43.807322	0.000000	
375.300000	36.849702	-43.824949	0.000000	
375.350000	36.831979	-43.842578	0.000000	
375.400000	36.814250	-43.860202	0.000000	
375.450000	36.796498	-43.877801	0.000000	
375.500000	36.778716	-43.895369	0.000000	
375.550000	36.760909	-43.912910	0.000000	
375.600000	36.743078	-43.930426	0.000000	
375.650000	36.725206	-43.947900	0.000000	
375.700000	36.707302	-43.965340	0.000000	
375.750000	36.689342	-43.982723	0.000000	
375.800000	36.671320	-44.000043	0.000000	
375.850000	36.653238	-44.017300	0.000000	
375.900000	36.635098	-44.034496	0.000000	
375.950000	36.616914	-44.051644	0.000000	
376.000000	36.598679	-44.068740	0.000000	
376.050000	36.580412	-44.085803	0.000000	
376.100000	36.562109	-44.102826	0.000000	
376.150000	36.543767	-44.119809	0.000000	
376.200000	36.525402	-44.136767	0.000000	
376.250000	36.507012	-44.153698	0.000000	
376.300000	36.488602	-44.170609	0.000000	
376.350000	36.470187	-44.187516	0.000000	
376.400000	36.451767	-44.204416	0.000000	
376.450000	36.433346	-44.221316	0.000000	
376.500000	36.414932	-44.238222	0.000000	
376.550000	36.396522	-44.255133	0.000000	
376.600000	36.378106	-44.272038	0.000000	
376.650000	36.359665	-44.288916	0.000000	
376.700000	36.341204	-44.305771	0.000000	
376.750000	36.322726	-44.322607	0.000000	
376.800000	36.304232	-44.339425	0.000000	
376.850000	36.285720	-44.356222	0.000000	
376.900000	36.267201	-44.373012	0.000000	
376.950000	36.248692	-44.389813	0.000000	
377.000000	36.230197	-44.406630	0.000000	
377.050000	36.211712	-44.423458	0.000000	
377.100000	36.193240	-44.440299	0.000000	
377.150000	36.174777	-44.457151	0.000000	
377.200000	36.156328	-44.474018	0.000000	
377.250000	36.137888	-44.490893	0.000000	
377.300000	36.119465	-44.507789	0.000000	
377.350000	36.101050	-44.524691	0.000000	
377.400000	36.082640	-44.541600	0.000000	
377.450000	36.064233	-44.558511	0.000000	
377.500000	36.045839	-44.575435	0.000000	
377.550000	36.027463	-44.592379	0.000000	
377.600000	36.009114	-44.609351	0.000000	
377.650000	35.990790	-44.626350	0.000000	
377.700000	35.972491	-44.643375	0.000000	
377.750000	35.954210	-44.660422	0.000000	
377.800000	35.935951	-44.677493	0.000000	
377.850000	35.917730	-44.694604	0.000000	
377.900000	35.899543	-44.711754	0.000000	
377.950000	35.881378	-44.728927	0.000000	
378.000000	35.863228	-44.746118	0.000000	
378.050000	35.845093	-44.763324	0.000000	
378.100000	35.826973	-44.780546	0.000000	
378.150000	35.808861	-44.797777	0.000000	
378.200000	35.790770	-44.815029	0.000000	
378.250000	35.772691	-44.832295	0.000000	
378.300000	35.754615	-44.849563	0.000000	
378.350000	35.736532	-44.866825	0.000000	
378.400000	35.718452	-44.884089	0.000000	
378.450000	35.700377	-44.901358	0.000000	
378.500000	35.682311	-44.918637	0.000000	
378.550000	35.664255	-44.935926	0.000000	
378.600000	35.646196	-44.953212	0.000000	
378.650000	35.628127	-44.970487	0.000000	
378.700000	35.610054	-44.987760	0.000000	
378.750000	35.591985	-45.005035	0.000000	
378.800000	35.573916	-45.022311	0.000000	
378.850000	35.555833	-45.039571	0.000000	
378.900000	35.537735	-45.056816	0.000000	
378.950000	35.519624	-45.074047	0.000000	
379.000000	35.501519	-45.091284	0.000000	
379.050000	35.483424	-45.108532	0.000000	
379.100000	35.465320	-45.125770	0.000000	
379.150000	35.447198	-45.142989	0.000000	
379.200000	35.429062	-45.160192	0.000000	
379.250000	35.410909	-45.177379	0.000000	
379.300000	35.392744	-45.194553	0.000000	
379.350000	35.374566	-45.211711	0.000000	
379.400000	35.356382	-45.228865	0.000000	
379.450000	35.338187	-45.246007	0.000000	
379.500000	35.319978	-45.263134	0.000000	
379.550000	35.301750	-45.280240	0.000000	
379.600000	35.283505	-45.297331	0.000000	
379.650000	35.265263	-45.314423	0.000000	
379.700000	35.247030	-45.331525	0.000000	
379.750000	35.228800	-45.348630	0.000000	
379.800000	35.210575	-45.365741	0.000000	
379.850000	35.192365	-45.382867	0.000000	
379.900000	35.174163	-45.400003	0.000000	
379.950000	35.155975	-45.417152	0.000000	
380.000000	35.137807	-45.434324	0.000000	
380.050000	35.119657	-45.451515	0.000000	
380.100000	35.101516	-45.468714	0.000000	
380.150000	35.083395	-45.485934	0.000000	
380.200000	35.065317	-45.503199	0.000000	
380.250000	35.047276	-45.520502	0.000000	
380.300000	35.029276	-45.537847	0.000000	
380.350000	35.011322	-45.555239	0.000000	
380.400000	34.993420	-45.572684	0.000000	
380.450000	34.975570	-45.590181	0.000000	
380.500000	34.957766	-45.607725	0.000000	
380.550000	34.939990	-45.625297	0.000000	
380.600000	34.922236	-45.642893	0.000000	
380.650000	34.904503	-45.660509	0.000000	
380.700000	34.886788	-45.678144	0.000000	
380.750000	34.869090	-45.695796	0.000000	
380.800000	34.851426	-45.713481	0.000000	
380.850000	34.833811	-45.731215	0.000000	
380.900000	34.816236	-45.748989	0.000000	
380.950000	34.798713	-45.766816	0.000000	
381.000000	34.781233	-45.784686	0.000000	
381.050000	34.763777	-45.802580	0.000000	
381.100000	34.746337	-45.820490	0.000000	
381.150000	34.728927	-45.838429	0.000000	
381.200000	34.711530	-45.856382	0.000000	
381.250000	34.694128	-45.874329	0.000000	
381.300000	34.676719	-45.892270	0.000000	
381.350000	34.659302	-45.910203	0.000000	
381.400000	34.641863	-45.928114	0.000000	
381.450000	34.624409	-45.946010	0.000000	
381.500000	34.606918	-45.963870	0.000000	
381.550000	34.589389	-45.981691	0.000000	
381.600000	34.571836	-45.999488	0.000000	
381.650000	34.554272	-46.017274	0.000000	
381.700000	34.536698	-46.035050	0.000000	
381.750000	34.519097	-46.052799	0.000000	
381.800000	34.501478	-46.070530	0.000000	
381.850000	34.483847	-46.088249	0.000000	
381.900000	34.466194	-46.105947	0.000000	
381.950000	34.448524	-46.123629	0.000000	
382.000000	34.430838	-46.141294	0.000000	
382.050000	34.413134	-46.158943	0.000000	
382.100000	34.395418	-46.176580	0.000000	
382.150000	34.377677	-46.194191	0.000000	
382.200000	34.359890	-46.211756	0.000000	
382.250000	34.342061	-46.229278	0.000000	
382.300000	34.324196	-46.246762	0.000000	
382.350000	34.306284	-46.264197	0.000000	
382.400000	34.288309	-46.281564	0.000000	
382.450000	34.270256	-46.298843	0.000000	
382.500000	34.252098	-46.316002	0.000000	
382.550000	34.233834	-46.333038	0.000000	
382.600000	34.215465	-46.349945	0.000000	
382.650000	34.196974	-46.366701	0.000000	
382.700000	34.178335	-46.383270	0.000000	
382.750000	34.159516	-46.399603	0.000000	
382.800000	34.140512	-46.415687	0.000000	
382.850000	34.121300	-46.431484	0.000000	
382.900000	34.101848	-46.446941	0.000000	
382.950000	34.082139	-46.462022	0.000000	
383.000000	34.062171	-46.476718	0.000000	
383.050000	34.041926	-46.490989	0.000000	
383.100000	34.021401	-46.504822	0.000000	
383.150000	34.000594	-46.518204	0.000000	
383.200000	33.979511	-46.531122	0.000000	
383.250000	33.958152	-46.543558	0.000000	
383.300000	33.936526	-46.555524	0.000000	
383.350000	33.914632	-46.567004	0.000000	
383.400000	33.892478	-46.578013	0.000000	
383.450000	33.870078	-46.588560	0.000000	
383.500000	33.847454	-46.598663	0.000000	
383.550000	33.824620	-46.608327	0.000000	
383.600000	33.801586	-46.617562	0.000000	
383.650000	33.778360	-46.626368	0.000000	
383.700000	33.754955	-46.634759	0.000000	
383.750000	33.731390	-46.642757	0.000000	
383.800000	33.707691	-46.650415	0.000000	
383.850000	33.683872	-46.657757	0.000000	
383.900000	33.659951	-46.664826	0.000000	
383.950000	33.635950	-46.671667	0.000000	
384.000000	33.611887	-46.678323	0.000000	
384.050000	33.587765	-46.684799	0.000000	
384.100000	33.563599	-46.691135	0.000000	
384.150000	33.539400	-46.697364	0.000000	
384.200000	33.515173	-46.703496	0.000000	
384.250000	33.490926	-46.709565	0.000000	
384.300000	33.466674	-46.715610	0.000000	
384.350000	33.442411	-46.721618	0.000000	
384.400000	33.418139	-46.727595	0.000000	
384.450000	33.393859	-46.733539	0.000000	
384.500000	33.369573	-46.739457	0.000000	
384.550000	33.345283	-46.745366	0.000000	
384.600000	33.320998	-46.751289	0.000000	
384.650000	33.296716	-46.757228	0.000000	
384.700000	33.272440	-46.763188	0.000000	
384.750000	33.248168	-46.769172	0.000000	
384.800000	33.223905	-46.775190	0.000000	
384.850000	33.199648	-46.781236	0.000000	
384.900000	33.175393	-46.787291	0.000000	
384.950000	33.151141	-46.793357	0.000000	
385.000000	33.126891	-46.799429	0.000000	
385.050000	33.102642	-46.805511	0.000000	
385.100000	33.078395	-46.811595	0.000000	
385.150000	33.054146	-46.817674	0.000000	
385.200000	33.029893	-46.823739	0.000000	
385.250000	33.005636	-46.829785	0.000000	
385.300000	32.981377	-46.835821	0.000000	
385.350000	32.957115	-46.841849	0.000000	
385.400000	32.932853	-46.847876	0.000000	
385.450000	32.908596	-46.853923	0.000000	
385.500000	32.884341	-46.859976	0.000000	
385.550000	32.860088	-46.866038	0.000000	
385.600000	32.835834	-46.872095	0.000000	
385.650000	32.811577	-46.878142	0.000000	
385.700000	32.787320	-46.884187	0.000000	
385.750000	32.763062	-46.890230	0.000000	
385.800000	32.738801	-46.896261	0.000000	
385.850000	32.714538	-46.902281	0.000000	
385.900000	32.690269	-46.908277	0.000000	
385.950000	32.666001	-46.914279	0.000000	
386.000000	32.641731	-46.920271	0.000000	
386.050000	32.617459	-46.926253	0.000000	
386.100000	32.593177	-46.932195	0.000000	
386.150000	32.568886	-46.938098	0.000000	
386.200000	32.544586	-46.943958	0.000000	
386.250000	32.520277	-46.949778	0.000000	
386.300000	32.495959	-46.955559	0.000000	
386.350000	32.471630	-46.961293	0.000000	
386.400000	32.447286	-46.966959	0.000000	
386.450000	32.422926	-46.972555	0.000000	
386.500000	32.398548	-46.978076	0.000000	
386.550000	32.374157	-46.983536	0.000000	
386.600000	32.349751	-46.988938	0.000000	
386.650000	32.325338	-46.994303	0.000000	
386.700000	32.300917	-46.999639	0.000000	
386.750000	32.276492	-47.004958	0.000000	
386.800000	32.252064	-47.010260	0.000000	
386.850000	32.227633	-47.015552	0.000000	
386.900000	32.203197	-47.020824	0.000000	
386.950000	32.178757	-47.026077	0.000000	
387.000000	32.154306	-47.031277	0.000000	
387.050000	32.129845	-47.036431	0.000000	
387.100000	32.105374	-47.041539	0.000000	
387.150000	32.080898	-47.046623	0.000000	
387.200000	32.056423	-47.051714	0.000000	
387.250000	32.031951	-47.056815	0.000000	
387.300000	32.007479	-47.061918	0.000000	
387.350000	31.983010	-47.067039	0.000000	
387.400000	31.958548	-47.072186	0.000000	
387.450000	31.934095	-47.077379	0.000000	
387.500000	31.909650	-47.082605	0.000000	
387.550000	31.885207	-47.087847	0.000000	
387.600000	31.860769	-47.093109	0.000000	
387.650000	31.836332	-47.098377	0.000000	
387.700000	31.811893	-47.103632	0.000000	
387.750000	31.787446	-47.108852	0.000000	
387.800000	31.762990	-47.114030	0.000000	
387.850000	31.738524	-47.119159	0.000000	
387.900000	31.714053	-47.124266	0.000000	
387.950000	31.689580	-47.129361	0.000000	
388.000000	31.665109	-47.134466	0.000000	
388.050000	31.640647	-47.139615	0.000000	
388.100000	31.616191	-47.144790	0.000000	
388.150000	31.591738	-47.149982	0.000000	
388.200000	31.567285	-47.155175	0.000000	
388.250000	31.542829	-47.160352	0.000000	
388.300000	31.518368	-47.165505	0.000000	
388.350000	31.493904	-47.170641	0.000000	
388.400000	31.469432	-47.175741	0.000000	
388.450000	31.444949	-47.180784	0.000000	
388.500000	31.420453	-47.185765	0.000000	
388.550000	31.395945	-47.190690	0.000000	
388.600000	31.371426	-47.195555	0.000000	
388.650000	31.346898	-47.200370	0.000000	
388.700000	31.322362	-47.205148	0.000000	
388.750000	31.297822	-47.209907	0.000000	
388.800000	31.273280	-47.214651	0.000000	
388.850000	31.248736	-47.219387	0.000000	
388.900000	31.224195	-47.224143	0.000000	
388.950000	31.199654	-47.228891	0.000000	
389.000000	31.175112	-47.233639	0.000000	
389.050000	31.150565	-47.238363	0.000000	
389.100000	31.126010	-47.243048	0.000000	
389.150000	31.101449	-47.247705	0.000000	
389.200000	31.076884	-47.252336	0.000000	
389.250000	31.052313	-47.256945	0.000000	
389.300000	31.027740	-47.261538	0.000000	
389.350000	31.003164	-47.266116	0.000000	
389.400000	30.978582	-47.270660	0.000000	
389.450000	30.953997	-47.275187	0.000000	
389.500000	30.929407	-47.279687	0.000000	
389.550000	30.904810	-47.284148	0.000000	
389.600000	30.880209	-47.288579	0.000000	
389.650000	30.855607	-47.293006	0.000000	
389.700000	30.831005	-47.297428	0.000000	
389.750000	30.806402	-47.301848	0.000000	
389.800000	30.781799	-47.306269	0.000000	
389.850000	30.757197	-47.310693	0.000000	
389.900000	30.732597	-47.315129	0.000000	
389.950000	30.707996	-47.319560	0.000000	
390.000000	30.683393	-47.323981	0.000000	
390.050000	30.658784	-47.328373	0.000000	
390.100000	30.634173	-47.332749	0.000000	
390.150000	30.609557	-47.337104	0.000000	
390.200000	30.584941	-47.341451	0.000000	
390.250000	30.560323	-47.345795	0.000000	
390.300000	30.535707	-47.350148	0.000000	
390.350000	30.511093	-47.354510	0.000000	
390.400000	30.486481	-47.358881	0.000000	
390.450000	30.461872	-47.363274	0.000000	
390.500000	30.437263	-47.367665	0.000000	
390.550000	30.412659	-47.372086	0.000000	
390.600000	30.388063	-47.376553	0.000000	
390.650000	30.363473	-47.381056	0.000000	
390.700000	30.338887	-47.385585	0.000000	
390.750000	30.314304	-47.390126	0.000000	
390.800000	30.289721	-47.394669	0.000000	
390.850000	30.265137	-47.399211	0.000000	
390.900000	30.240556	-47.403767	0.000000	
390.950000	30.215976	-47.408325	0.000000	
391.000000	30.191394	-47.412875	0.000000	
391.050000	30.166816	-47.417444	0.000000	
391.100000	30.142242	-47.422033	0.000000	
391.150000	30.117670	-47.426638	0.000000	
391.200000	30.093103	-47.431265	0.000000	
391.250000	30.068541	-47.435918	0.000000	
391.300000	30.043984	-47.440597	0.000000	
391.350000	30.019429	-47.445285	0.000000	
391.400000	29.994877	-47.449990	0.000000	
391.450000	29.970326	-47.454702	0.000000	
391.500000	29.945779	-47.459433	0.000000	
391.550000	29.921239	-47.464200	0.000000	
391.600000	29.896706	-47.469003	0.000000	
391.650000	29.872174	-47.473813	0.000000	
391.700000	29.847644	-47.478632	0.000000	
391.750000	29.823116	-47.483465	0.000000	
391.800000	29.798591	-47.488312	0.000000	
391.850000	29.774070	-47.493176	0.000000	
391.900000	29.749553	-47.498063	0.000000	
391.950000	29.725041	-47.502978	0.000000	
392.000000	29.700532	-47.507901	0.000000	
392.050000	29.676026	-47.512846	0.000000	
392.100000	29.651519	-47.517782	0.000000	
392.150000	29.627012	-47.522718	0.000000	
392.200000	29.602505	-47.527653	0.000000	
392.250000	29.577996	-47.532579	0.000000	
392.300000	29.553483	-47.537484	0.000000	
392.350000	29.528965	-47.542369	0.000000	
392.400000	29.504446	-47.547242	0.000000	
392.450000	29.479925	-47.552108	0.000000	
392.500000	29.455408	-47.556994	0.000000	
392.550000	29.430895	-47.561899	0.000000	
392.600000	29.406387	-47.566826	0.000000	
392.650000	29.381879	-47.571757	0.000000	
392.700000	29.357375	-47.576703	0.000000	
392.750000	29.332875	-47.581670	0.000000	
392.800000	29.308380	-47.586660	0.000000	
392.850000	29.283888	-47.591669	0.000000	
392.900000	29.259397	-47.596681	0.000000	
392.950000	29.234905	-47.601689	0.000000	
393.000000	29.210406	-47.606665	0.000000	
393.050000	29.185906	-47.611634	0.000000	
393.100000	29.161404	-47.616592	0.000000	
393.150000	29.136904	-47.621559	0.000000	
393.200000	29.112409	-47.626554	0.000000	
393.250000	29.087920	-47.631575	0.000000	
393.300000	29.063440	-47.636641	0.000000	
393.350000	29.038972	-47.641760	0.000000	
393.400000	29.014513	-47.646923	0.000000	
393.450000	28.990062	-47.652127	0.000000	
393.500000	28.965617	-47.657355	0.000000	
393.550000	28.941172	-47.662588	0.000000	
393.600000	28.916726	-47.667814	0.000000	
393.650000	28.892279	-47.673037	0.000000	
393.700000	28.867830	-47.678250	0.000000	
393.750000	28.843383	-47.683471	0.000000	
393.800000	28.818936	-47.688690	0.000000	
393.850000	28.794487	-47.693906	0.000000	
393.900000	28.770037	-47.699111	0.000000	
393.950000	28.745585	-47.704307	0.000000	
394.000000	28.721127	-47.709474	0.000000	
394.050000	28.696666	-47.714622	0.000000	
394.100000	28.672197	-47.719727	0.000000	
394.150000	28.647721	-47.724796	0.000000	
394.200000	28.623238	-47.729826	0.000000	
394.250000	28.598742	-47.734789	0.000000	
394.300000	28.574234	-47.739686	0.000000	
394.350000	28.549711	-47.744508	0.000000	
394.400000	28.525170	-47.749240	0.000000	
394.450000	28.500611	-47.753878	0.000000	
394.500000	28.476035	-47.758420	0.000000	
394.550000	28.451440	-47.762853	0.000000	
394.600000	28.426830	-47.767198	0.000000	
394.650000	28.402207	-47.771473	0.000000	
394.700000	28.377569	-47.775665	0.000000	
394.750000	28.352919	-47.779794	0.000000	
394.800000	28.328259	-47.783867	0.000000	
394.850000	28.303593	-47.787910	0.000000	
394.900000	28.278918	-47.791904	0.000000	
394.950000	28.254235	-47.795860	0.000000	
395.000000	28.229550	-47.799798	0.000000	
395.050000	28.204863	-47.803729	0.000000	
395.100000	28.180178	-47.807666	0.000000	
395.150000	28.155492	-47.811604	0.000000	
395.200000	28.130809	-47.815556	0.000000	
395.250000	28.106128	-47.819522	0.000000	
395.300000	28.081452	-47.823511	0.000000	
395.350000	28.056777	-47.827510	0.000000	
395.400000	28.032103	-47.831516	0.000000	
395.450000	28.007433	-47.835548	0.000000	
395.500000	27.982773	-47.839635	0.000000	
395.550000	27.958126	-47.843795	0.000000	
395.600000	27.933496	-47.848059	0.000000	
395.650000	27.908885	-47.852429	0.000000	
395.700000	27.884293	-47.856893	0.000000	
395.750000	27.859723	-47.861471	0.000000	
395.800000	27.835178	-47.866170	0.000000	
395.850000	27.810658	-47.870986	0.000000	
395.900000	27.786162	-47.875903	0.000000	
395.950000	27.761686	-47.880919	0.000000	
396.000000	27.737236	-47.886050	0.000000	
396.050000	27.712811	-47.891297	0.000000	
396.100000	27.688413	-47.896663	0.000000	
396.150000	27.664043	-47.902148	0.000000	
396.200000	27.639708	-47.907783	0.000000	
396.250000	27.615410	-47.913565	0.000000	
396.300000	27.591143	-47.919481	0.000000	
396.350000	27.566910	-47.925534	0.000000	
396.400000	27.542711	-47.931729	0.000000	
396.450000	27.518541	-47.938057	0.000000	
396.500000	27.494403	-47.944513	0.000000	
396.550000	27.470290	-47.951075	0.000000	
396.600000	27.446198	-47.957723	0.000000	
396.650000	27.422119	-47.964425	0.000000	
396.700000	27.398050	-47.971167	0.000000	
396.750000	27.373989	-47.977942	0.000000	
396.800000	27.349936	-47.984748	0.000000	
396.850000	27.325884	-47.991555	0.000000	
396.900000	27.301828	-47.998350	0.000000	
396.950000	27.277767	-48.005125	0.000000	
397.000000	27.253703	-48.011887	0.000000	
397.050000	27.229631	-48.018620	0.000000	
397.100000	27.205551	-48.025320	0.000000	
397.150000	27.181465	-48.031997	0.000000	
397.200000	27.157368	-48.038636	0.000000	
397.250000	27.133261	-48.045238	0.000000	
397.300000	27.109136	-48.051779	0.000000	
397.350000	27.084996	-48.058265	0.000000	
397.400000	27.060843	-48.064705	0.000000	
397.450000	27.036680	-48.071112	0.000000	
397.500000	27.012508	-48.077482	0.000000	
397.550000	26.988319	-48.083793	0.000000	
397.600000	26.964114	-48.090043	0.000000	
397.650000	26.939897	-48.096242	0.000000	
397.700000	26.915668	-48.102398	0.000000	
397.750000	26.891430	-48.108513	0.000000	
397.800000	26.867179	-48.114575	0.000000	
397.850000	26.842909	-48.120561	0.000000	
397.900000	26.818629	-48.126503	0.000000	
397.950000	26.794341	-48.132415	0.000000	
398.000000	26.770049	-48.138310	0.000000	
398.050000	26.745755	-48.144193	0.000000	
398.100000	26.721456	-48.150059	0.000000	
398.150000	26.697152	-48.155903	0.000000	
398.200000	26.672837	-48.161698	0.000000	
398.250000	26.648510	-48.167447	0.000000	
398.300000	26.624166	-48.173119	0.000000	
398.350000	26.599809	-48.178733	0.000000	
398.400000	26.575441	-48.184302	0.000000	
398.450000	26.551056	-48.189799	0.000000	
398.500000	26.526656	-48.195232	0.000000	
398.550000	26.502248	-48.200631	0.000000	
398.600000	26.477837	-48.206014	0.000000	
398.650000	26.453428	-48.211412	0.000000	
398.700000	26.429026	-48.216833	0.000000	
398.750000	26.404628	-48.222276	0.000000	
398.800000	26.380231	-48.227721	0.000000	
398.850000	26.355841	-48.233194	0.000000	
398.900000	26.331462	-48.238718	0.000000	
398.950000	26.307092	-48.244278	0.000000	
399.000000	26.282729	-48.249869	0.000000	
399.050000	26.258378	-48.255503	0.000000	
399.100000	26.234035	-48.261171	0.000000	
399.150000	26.209700	-48.266870	0.000000	
399.200000	26.185375	-48.272613	0.000000	
399.250000	26.161061	-48.278400	0.000000	
399.300000	26.136760	-48.284244	0.000000	
399.350000	26.112475	-48.290160	0.000000	
399.400000	26.088205	-48.296136	0.000000	
399.450000	26.063945	-48.302155	0.000000	
399.500000	26.039696	-48.308227	0.000000	
399.550000	26.015461	-48.314353	0.000000	
399.600000	25.991230	-48.320504	0.000000	
399.650000	25.967005	-48.326674	0.000000	
399.700000	25.942782	-48.332853	0.000000	
399.750000	25.918554	-48.339015	0.000000	
399.800000	25.894327	-48.345179	0.000000	
399.850000	25.870107	-48.351368	0.000000	
399.900000	25.845890	-48.357574	0.000000	
399.950000	25.821669	-48.363764	0.000000	
400.000000	25.797442	-48.369926	0.000000	
400.050000	25.773199	-48.376018	0.000000	
400.100000	25.748931	-48.382006	0.000000	
400.150000	25.724639	-48.387877	0.000000	
400.200000	25.700323	-48.393629	0.000000	
400.250000	25.675975	-48.399215	0.000000	
400.300000	25.651595	-48.404621	0.000000	
400.350000	25.627179	-48.409792	0.000000	
400.400000	25.602723	-48.414688	0.000000	
400.450000	25.578229	-48.419284	0.000000	
400.500000	25.553700	-48.423553	0.000000	
400.550000	25.529140	-48.427459	0.000000	
400.600000	25.504548	-48.430937	0.000000	
400.650000	25.479931	-48.433971	0.000000	
400.700000	25.455296	-48.436521	0.000000	
400.750000	25.430649	-48.438540	0.000000	
400.800000	25.406002	-48.439998	0.000000	
400.850000	25.381360	-48.440864	0.000000	
400.900000	25.356727	-48.441108	0.000000	
400.950000	25.332116	-48.440685	0.000000	
401.000000	25.307544	-48.439581	0.000000	
401.050000	25.283021	-48.437783	0.000000	
401.100000	25.258561	-48.435311	0.000000	
401.150000	25.234167	-48.432179	0.000000	
401.200000	25.209841	-48.428421	0.000000	
401.250000	25.185594	-48.424032	0.000000	
401.300000	25.161436	-48.419032	0.000000	
401.350000	25.137375	-48.413432	0.000000	
401.400000	25.113424	-48.407261	0.000000	
401.450000	25.089586	-48.400552	0.000000	
401.500000	25.065868	-48.393325	0.000000	
401.550000	25.042268	-48.385619	0.000000	
401.600000	25.018779	-48.377487	0.000000	
401.650000	24.995394	-48.368977	0.000000	
401.700000	24.972116	-48.360112	0.000000	
401.750000	24.948942	-48.350921	0.000000	
401.800000	24.925867	-48.341441	0.000000	
401.850000	24.902886	-48.331706	0.000000	
401.900000	24.879996	-48.321734	0.000000	
401.950000	24.857187	-48.311556	0.000000	
402.000000	24.834443	-48.301218	0.000000	
402.050000	24.811755	-48.290749	0.000000	
402.100000	24.789119	-48.280167	0.000000	
402.150000	24.766532	-48.269477	0.000000	
402.200000	24.743987	-48.258694	0.000000	
402.250000	24.721489	-48.247806	0.000000	
402.300000	24.699031	-48.236831	0.000000	
402.350000	24.676602	-48.225797	0.000000	
402.400000	24.654184	-48.214736	0.000000	
402.450000	24.631775	-48.203658	0.000000	
402.500000	24.609366	-48.192580	0.000000	
402.550000	24.586944	-48.181528	0.000000	
402.600000	24.564507	-48.170508	0.000000	
402.650000	24.542061	-48.159510	0.000000	
402.700000	24.519607	-48.148526	0.000000	
402.750000	24.497147	-48.137559	0.000000	
402.800000	24.474669	-48.126628	0.000000	
402.850000	24.452167	-48.115748	0.000000	
402.900000	24.429635	-48.104934	0.000000	
402.950000	24.407068	-48.094192	0.000000	
403.000000	24.384472	-48.083515	0.000000	
403.050000	24.361850	-48.072893	0.000000	
403.100000	24.339201	-48.062329	0.000000	
403.150000	24.316519	-48.051833	0.000000	
403.200000	24.293806	-48.041403	0.000000	
403.250000	24.271072	-48.031015	0.000000	
403.300000	24.248309	-48.020689	0.000000	
403.350000	24.225521	-48.010414	0.000000	
403.400000	24.202715	-48.000178	0.000000	
403.450000	24.179893	-47.989976	0.000000	
403.500000	24.157047	-47.979827	0.000000	
403.550000	24.134178	-47.969728	0.000000	
403.600000	24.111300	-47.959653	0.000000	
403.650000	24.088411	-47.949601	0.000000	
403.700000	24.065518	-47.939558	0.000000	
403.750000	24.042622	-47.929521	0.000000	
403.800000	24.019716	-47.919508	0.000000	
403.850000	23.996805	-47.909506	0.000000	
403.900000	23.973895	-47.899502	0.000000	
403.950000	23.950992	-47.889481	0.000000	
404.000000	23.928091	-47.879456	0.000000	
404.050000	23.905186	-47.869441	0.000000	
404.100000	23.882277	-47.859435	0.000000	
404.150000	23.859369	-47.849427	0.000000	
404.200000	23.836458	-47.839424	0.000000	
404.250000	23.813545	-47.829426	0.000000	
404.300000	23.790621	-47.819455	0.000000	
404.350000	23.767691	-47.809496	0.000000	
404.400000	23.744750	-47.799563	0.000000	
404.450000	23.721796	-47.789659	0.000000	
404.500000	23.698840	-47.779760	0.000000	
404.550000	23.675882	-47.769865	0.000000	
404.600000	23.652929	-47.759960	0.000000	
404.650000	23.629981	-47.750041	0.000000	
404.700000	23.607039	-47.740110	0.000000	
404.750000	23.584100	-47.730172	0.000000	
404.800000	23.561156	-47.720245	0.000000	
404.850000	23.538210	-47.710321	0.000000	
404.900000	23.515267	-47.700393	0.000000	
404.950000	23.492316	-47.690481	0.000000	
405.000000	23.469363	-47.680575	0.000000	
405.050000	23.446415	-47.670659	0.000000	
405.100000	23.423473	-47.660727	0.000000	
405.150000	23.400536	-47.650782	0.000000	
405.200000	23.377593	-47.640852	0.000000	
405.250000	23.354645	-47.630935	0.000000	
405.300000	23.331695	-47.621023	0.000000	
405.350000	23.308748	-47.611101	0.000000	
405.400000	23.285803	-47.601178	0.000000	
405.450000	23.262867	-47.591233	0.000000	
405.500000	23.239934	-47.581279	0.000000	
405.550000	23.217001	-47.571328	0.000000	
405.600000	23.194065	-47.561383	0.000000	
405.650000	23.171128	-47.551441	0.000000	
405.700000	23.148182	-47.541518	0.000000	
405.750000	23.125230	-47.531611	0.000000	
405.800000	23.102262	-47.521739	0.000000	
405.850000	23.079285	-47.511892	0.000000	
405.900000	23.056300	-47.502062	0.000000	
405.950000	23.033301	-47.492265	0.000000	
406.000000	23.010297	-47.482480	0.000000	
406.050000	22.987287	-47.472709	0.000000	
406.100000	22.964268	-47.462960	0.000000	
406.150000	22.941240	-47.453232	0.000000	
406.200000	22.918204	-47.443520	0.000000	
406.250000	22.895167	-47.433812	0.000000	
406.300000	22.872132	-47.424101	0.000000	
406.350000	22.849093	-47.414398	0.000000	
406.400000	22.826051	-47.404701	0.000000	
406.450000	22.803008	-47.395006	0.000000	
406.500000	22.779964	-47.385316	0.000000	
406.550000	22.756917	-47.375631	0.000000	
406.600000	22.733868	-47.365950	0.000000	
406.650000	22.710827	-47.356250	0.000000	
406.700000	22.687784	-47.346557	0.000000	
406.750000	22.664741	-47.336864	0.000000	
406.800000	22.641703	-47.327157	0.000000	
406.850000	22.618675	-47.317427	0.000000	
406.900000	22.595658	-47.307670	0.000000	
406.950000	22.572651	-47.297891	0.000000	
407.000000	22.549659	-47.288076	0.000000	
407.050000	22.526684	-47.278223	0.000000	
407.100000	22.503721	-47.268340	0.000000	
407.150000	22.480773	-47.258426	0.000000	
407.200000	22.457845	-47.248463	0.000000	
407.250000	22.434931	-47.238471	0.000000	
407.300000	22.412023	-47.228463	0.000000	
407.350000	22.389126	-47.218430	0.000000	
407.400000	22.366238	-47.208376	0.000000	
407.450000	22.343361	-47.198299	0.000000	
407.500000	22.320493	-47.188200	0.000000	
407.550000	22.297629	-47.178093	0.000000	
407.600000	22.274777	-47.167957	0.000000	
407.650000	22.251932	-47.157806	0.000000	
407.700000	22.229087	-47.147657	0.000000	
407.750000	22.206249	-47.137490	0.000000	
407.800000	22.183410	-47.127323	0.000000	
407.850000	22.160572	-47.117156	0.000000	
407.900000	22.137738	-47.106981	0.000000	
407.950000	22.114909	-47.096792	0.000000	
408.000000	22.092086	-47.086592	0.000000	
408.050000	22.069266	-47.076383	0.000000	
408.100000	22.046452	-47.066162	0.000000	
408.150000	22.023649	-47.055918	0.000000	
408.200000	22.000862	-47.045640	0.000000	
408.250000	21.978082	-47.035348	0.000000	
408.300000	21.955311	-47.025035	0.000000	
408.350000	21.932552	-47.014697	0.000000	
408.400000	21.909799	-47.004344	0.000000	
408.450000	21.887059	-46.993964	0.000000	
408.500000	21.864332	-46.983557	0.000000	
408.550000	21.841621	-46.973115	0.000000	
408.600000	21.818932	-46.962628	0.000000	
408.650000	21.796263	-46.952098	0.000000	
408.700000	21.773620	-46.941515	0.000000	
408.750000	21.751000	-46.930881	0.000000	
408.800000	21.728395	-46.920215	0.000000	
408.850000	21.705817	-46.909488	0.000000	
408.900000	21.683266	-46.898704	0.000000	
408.950000	21.660742	-46.887864	0.000000	
409.000000	21.638241	-46.876974	0.000000	
409.050000	21.615772	-46.866019	0.000000	
409.100000	21.593332	-46.855003	0.000000	
409.150000	21.570922	-46.843928	0.000000	
409.200000	21.548540	-46.832799	0.000000	
409.250000	21.526175	-46.821636	0.000000	
409.300000	21.503831	-46.810432	0.000000	
409.350000	21.481517	-46.799170	0.000000	
409.400000	21.459237	-46.787842	0.000000	
409.450000	21.436999	-46.776429	0.000000	
409.500000	21.414806	-46.764931	0.000000	
409.550000	21.392654	-46.753358	0.000000	
409.600000	21.370544	-46.741706	0.000000	
409.650000	21.348478	-46.729974	0.000000	
409.700000	21.326455	-46.718165	0.000000	
409.750000	21.304481	-46.706269	0.000000	
409.800000	21.282559	-46.694277	0.000000	
409.850000	21.260702	-46.682165	0.000000	
409.900000	21.238903	-46.669950	0.000000	
409.950000	21.217163	-46.657630	0.000000	
410.000000	21.195482	-46.645205	0.000000	
410.050000	21.173860	-46.632678	0.000000	
410.100000	21.152295	-46.620053	0.000000	
410.150000	21.130780	-46.607341	0.000000	
410.200000	21.109310	-46.594552	0.000000	
410.250000	21.087887	-46.581685	0.000000	
410.300000	21.066510	-46.568739	0.000000	
410.350000	21.045187	-46.555702	0.000000	
410.400000	21.023917	-46.542577	0.000000	
410.450000	21.002705	-46.529356	0.000000	
410.500000	20.981541	-46.516058	0.000000	
410.550000	20.960423	-46.502687	0.000000	
410.600000	20.939353	-46.489238	0.000000	
410.650000	20.918336	-46.475709	0.000000	
410.700000	20.897359	-46.462118	0.000000	
410.750000	20.876431	-46.448451	0.000000	
410.800000	20.855549	-46.434715	0.000000	
410.850000	20.834718	-46.420903	0.000000	
410.900000	20.813930	-46.407027	0.000000	
410.950000	20.793186	-46.393084	0.000000	
411.000000	20.772482	-46.379082	0.000000	
411.050000	20.751824	-46.365013	0.000000	
411.100000	20.731217	-46.350871	0.000000	
411.150000	20.710661	-46.336655	0.000000	
411.200000	20.690163	-46.322357	0.000000	
411.250000	20.669726	-46.307972	0.000000	
411.300000	20.649356	-46.293494	0.000000	
411.350000	20.629059	-46.278914	0.000000	
411.400000	20.608823	-46.264250	0.000000	
411.450000	20.588648	-46.249501	0.000000	
411.500000	20.568538	-46.234665	0.000000	
411.550000	20.548490	-46.219744	0.000000	
411.600000	20.528487	-46.204761	0.000000	
411.650000	20.508523	-46.189725	0.000000	
411.700000	20.488596	-46.174640	0.000000	
411.750000	20.468722	-46.159483	0.000000	
411.800000	20.448883	-46.144280	0.000000	
411.850000	20.429077	-46.129033	0.000000	
411.900000	20.409303	-46.113743	0.000000	
411.950000	20.389568	-46.098402	0.000000	
412.000000	20.369873	-46.083009	0.000000	
412.050000	20.350212	-46.067570	0.000000	
412.100000	20.330588	-46.052084	0.000000	
412.150000	20.311003	-46.036550	0.000000	
412.200000	20.291451	-46.020972	0.000000	
412.250000	20.271944	-46.005340	0.000000	
412.300000	20.252471	-45.989666	0.000000	
412.350000	20.233011	-45.973975	0.000000	
412.400000	20.213560	-45.958274	0.000000	
412.450000	20.194121	-45.942556	0.000000	
412.500000	20.174681	-45.926841	0.000000	
412.550000	20.155228	-45.911141	0.000000	
412.600000	20.135760	-45.895462	0.000000	
412.650000	20.116291	-45.879783	0.000000	
412.700000	20.096826	-45.864099	0.000000	
412.750000	20.077362	-45.848414	0.000000	
412.800000	20.057881	-45.832750	0.000000	
412.850000	20.038399	-45.817087	0.000000	
412.900000	20.018911	-45.801433	0.000000	
412.950000	19.999413	-45.785791	0.000000	
413.000000	19.979904	-45.770163	0.000000	
413.050000	19.960374	-45.754561	0.000000	
413.100000	19.940837	-45.738969	0.000000	
413.150000	19.921288	-45.723392	0.000000	
413.200000	19.901720	-45.707838	0.000000	
413.250000	19.882131	-45.692310	0.000000	
413.300000	19.862525	-45.676802	0.000000	
413.350000	19.842906	-45.661310	0.000000	
413.400000	19.823281	-45.645825	0.000000	
413.450000	19.803647	-45.630351	0.000000	
413.500000	19.784017	-45.614873	0.000000	
413.550000	19.764402	-45.599375	0.000000	
413.600000	19.744803	-45.583858	0.000000	
413.650000	19.725227	-45.568311	0.000000	
413.700000	19.705676	-45.552734	0.000000	
413.750000	19.686155	-45.537121	0.000000	
413.800000	19.666657	-45.521479	0.000000	
413.850000	19.647184	-45.505804	0.000000	
413.900000	19.627722	-45.490117	0.000000	
413.950000	19.608278	-45.474407	0.000000	
414.000000	19.588853	-45.458673	0.000000	
414.050000	19.569432	-45.442933	0.000000	
414.100000	19.550023	-45.427179	0.000000	
414.150000	19.530626	-45.411409	0.000000	
414.200000	19.511236	-45.395630	0.000000	
414.250000	19.491847	-45.379850	0.000000	
414.300000	19.472450	-45.364080	0.000000	
414.350000	19.453038	-45.348329	0.000000	
414.400000	19.433618	-45.332588	0.000000	
414.450000	19.414183	-45.316865	0.000000	
414.500000	19.394734	-45.301161	0.000000	
414.550000	19.375264	-45.285482	0.000000	
414.600000	19.355771	-45.269833	0.000000	
414.650000	19.336251	-45.254218	0.000000	
414.700000	19.316703	-45.238637	0.000000	
414.750000	19.297118	-45.223105	0.000000	
414.800000	19.277484	-45.207633	0.000000	
414.850000	19.257797	-45.192230	0.000000	
414.900000	19.238071	-45.176876	0.000000	
414.950000	19.218309	-45.161568	0.000000	
415.000000	19.198508	-45.146312	0.000000	
415.050000	19.178658	-45.131121	0.000000	
415.100000	19.158769	-45.115982	0.000000	
415.150000	19.138848	-45.100887	0.000000	
415.200000	19.118879	-45.085855	0.000000	
415.250000	19.098855	-45.070896	0.000000	
415.300000	19.078783	-45.056002	0.000000	
415.350000	19.058672	-45.041162	0.000000	
415.400000	19.038522	-45.026375	0.000000	
415.450000	19.018319	-45.011658	0.000000	
415.500000	18.998062	-44.997017	0.000000	
415.550000	18.977756	-44.982445	0.000000	
415.600000	18.957405	-44.967934	0.000000	
415.650000	18.937010	-44.953485	0.000000	
415.700000	18.916566	-44.939103	0.000000	
415.750000	18.896084	-44.924776	0.000000	
415.800000	18.875566	-44.910498	0.000000	
415.850000	18.855023	-44.896255	0.000000	
415.900000	18.834469	-44.882029	0.000000	
415.950000	18.813892	-44.867835	0.000000	
416.000000	18.793286	-44.853682	0.000000	
416.050000	18.772656	-44.839563	0.000000	
416.100000	18.752019	-44.825453	0.000000	
416.150000	18.731380	-44.811348	0.000000	
416.200000	18.710724	-44.797266	0.000000	
416.250000	18.690061	-44.783195	0.000000	
416.300000	18.669396	-44.769126	0.000000	
416.350000	18.648734	-44.755053	0.000000	
416.400000	18.628071	-44.740982	0.000000	
416.450000	18.607402	-44.726919	0.000000	
416.500000	18.586734	-44.712855	0.000000	
416.550000	18.566076	-44.698776	0.000000	
416.600000	18.545429	-44.684681	0.000000	
416.650000	18.524792	-44.670571	0.000000	
416.700000	18.504164	-44.656447	0.000000	
416.750000	18.483551	-44.642302	0.000000	
416.800000	18.462951	-44.628138	0.000000	
416.850000	18.442367	-44.613951	0.000000	
416.900000	18.421801	-44.599738	0.000000	
416.950000	18.401254	-44.585499	0.000000	
417.000000	18.380728	-44.571231	0.000000	
417.050000	18.360219	-44.556937	0.000000	
417.100000	18.339733	-44.542611	0.000000	
417.150000	18.319250	-44.528280	0.000000	
417.200000	18.298770	-44.513946	0.000000	
417.250000	18.278290	-44.499610	0.000000	
417.300000	18.257809	-44.485276	0.000000	
417.350000	18.237334	-44.470934	0.000000	
417.400000	18.216872	-44.456574	0.000000	
417.450000	18.196428	-44.442188	0.000000	
417.500000	18.176014	-44.427761	0.000000	
417.550000	18.155630	-44.413291	0.000000	
417.600000	18.135278	-44.398777	0.000000	
417.650000	18.114947	-44.384234	0.000000	
417.700000	18.094625	-44.369676	0.000000	
417.750000	18.074309	-44.355112	0.000000	
417.800000	18.053994	-44.340546	0.000000	
417.850000	18.033669	-44.325994	0.000000	
417.900000	18.013341	-44.311446	0.000000	
417.950000	17.993006	-44.296908	0.000000	
418.000000	17.972650	-44.282400	0.000000	
418.050000	17.952271	-44.267924	0.000000	
418.100000	17.931873	-44.253476	0.000000	
418.150000	17.911445	-44.239071	0.000000	
418.200000	17.891004	-44.224685	0.000000	
418.250000	17.870549	-44.210319	0.000000	
418.300000	17.850098	-44.195949	0.000000	
418.350000	17.829642	-44.181585	0.000000	
418.400000	17.809176	-44.167235	0.000000	
418.450000	17.788683	-44.152926	0.000000	
418.500000	17.768164	-44.138652	0.000000	
418.550000	17.747619	-44.124415	0.000000	
418.600000	17.727046	-44.110217	0.000000	
418.650000	17.706443	-44.096061	0.000000	
418.700000	17.685817	-44.081937	0.000000	
418.750000	17.665180	-44.067827	0.000000	
418.800000	17.644536	-44.053730	0.000000	
418.850000	17.623880	-44.039648	0.000000	
418.900000	17.603211	-44.025586	0.000000	
418.950000	17.582514	-44.011567	0.000000	
419.000000	17.561784	-43.997597	0.000000	
419.050000	17.541033	-43.983657	0.000000	
419.100000	17.520270	-43.969735	0.000000	
419.150000	17.499501	-43.955823	0.000000	
419.200000	17.478726	-43.941920	0.000000	
419.250000	17.457938	-43.928037	0.000000	
419.300000	17.437146	-43.914160	0.000000	
419.350000	17.416347	-43.900292	0.000000	
419.400000	17.395554	-43.886416	0.000000	
419.450000	17.374755	-43.872550	0.000000	
419.500000	17.353960	-43.858677	0.000000	
419.550000	17.333166	-43.844803	0.000000	
419.600000	17.312358	-43.830950	0.000000	
419.650000	17.291528	-43.817128	0.000000	
419.700000	17.270685	-43.803326	0.000000	
419.750000	17.249828	-43.789546	0.000000	
419.800000	17.228949	-43.775799	0.000000	
419.850000	17.208048	-43.762084	0.000000	
419.900000	17.187136	-43.748385	0.000000	
419.950000	17.166217	-43.734698	0.000000	
420.000000	17.145294	-43.721017	0.000000	
420.050000	17.124376	-43.707328	0.000000	
420.100000	17.103455	-43.693645	0.000000	
420.150000	17.082522	-43.679979	0.000000	
420.200000	17.061574	-43.666338	0.000000	
420.250000	17.040619	-43.652706	0.000000	
420.300000	17.019667	-43.639070	0.000000	
420.350000	16.998713	-43.625438	0.000000	
420.400000	16.977743	-43.611830	0.000000	
420.450000	16.956746	-43.598263	0.000000	
420.500000	16.935735	-43.584716	0.000000	
420.550000	16.914717	-43.571183	0.000000	
420.600000	16.893693	-43.557657	0.000000	
420.650000	16.872677	-43.544118	0.000000	
420.700000	16.851678	-43.530555	0.000000	
420.750000	16.830684	-43.516985	0.000000	
420.800000	16.809691	-43.503412	0.000000	
420.850000	16.788694	-43.489846	0.000000	
420.900000	16.767702	-43.476273	0.000000	
420.950000	16.746717	-43.462687	0.000000	
421.000000	16.725739	-43.449092	0.000000	
421.050000	16.704773	-43.435478	0.000000	
421.100000	16.683802	-43.421872	0.000000	
421.150000	16.662828	-43.408270	0.000000	
421.200000	16.641854	-43.394668	0.000000	
421.250000	16.620888	-43.381054	0.000000	
421.300000	16.599932	-43.367425	0.000000	
421.350000	16.578968	-43.353807	0.000000	
421.400000	16.557990	-43.340212	0.000000	
421.450000	16.537008	-43.326623	0.000000	
421.500000	16.516034	-43.313020	0.000000	
421.550000	16.495065	-43.299411	0.000000	
421.600000	16.474097	-43.285799	0.000000	
421.650000	16.453117	-43.272206	0.000000	
421.700000	16.432116	-43.258646	0.000000	
421.750000	16.411086	-43.245130	0.000000	
421.800000	16.390038	-43.231641	0.000000	
421.850000	16.368984	-43.218162	0.000000	
421.900000	16.347942	-43.204664	0.000000	
421.950000	16.326911	-43.191150	0.000000	
422.000000	16.305891	-43.177619	0.000000	
422.050000	16.284889	-43.164062	0.000000	
422.100000	16.263908	-43.150474	0.000000	
422.150000	16.242959	-43.136838	0.000000	
422.200000	16.222047	-43.123147	0.000000	
422.250000	16.201181	-43.109389	0.000000	
422.300000	16.180352	-43.095577	0.000000	
422.350000	16.159564	-43.081705	0.000000	
422.400000	16.138830	-43.067754	0.000000	
422.450000	16.118146	-43.053730	0.000000	
422.500000	16.097514	-43.039630	0.000000	
422.550000	16.076941	-43.025447	0.000000	
422.600000	16.056433	-43.011172	0.000000	
422.650000	16.035996	-42.996799	0.000000	
422.700000	16.015649	-42.982305	0.000000	
422.750000	15.995382	-42.967697	0.000000	
422.800000	15.975198	-42.952974	0.000000	
422.850000	15.955093	-42.938139	0.000000	
422.900000	15.935058	-42.923205	0.000000	
422.950000	15.915077	-42.908198	0.000000	
423.000000	15.895148	-42.893119	0.000000	
423.050000	15.875271	-42.877970	0.000000	
423.100000	15.855458	-42.862739	0.000000	
423.150000	15.835696	-42.847437	0.000000	
423.200000	15.815976	-42.832082	0.000000	
423.250000	15.796291	-42.816679	0.000000	
423.300000	15.776626	-42.801250	0.000000	
423.350000	15.756998	-42.785772	0.000000	
423.400000	15.737396	-42.770260	0.000000	
423.450000	15.717813	-42.754724	0.000000	
423.500000	15.698261	-42.739147	0.000000	
423.550000	15.678740	-42.723531	0.000000	
423.600000	15.659245	-42.707881	0.000000	
423.650000	15.639771	-42.692206	0.000000	
423.700000	15.620297	-42.676531	0.000000	
423.750000	15.600811	-42.660870	0.000000	
423.800000	15.581326	-42.645209	0.000000	
423.850000	15.561849	-42.629538	0.000000	
423.900000	15.542367	-42.613872	0.000000	
423.950000	15.522888	-42.598203	0.000000	
424.000000	15.503410	-42.582532	0.000000	
424.050000	15.483936	-42.566857	0.000000	
424.100000	15.464466	-42.551177	0.000000	
424.150000	15.444982	-42.535514	0.000000	
424.200000	15.425498	-42.519851	0.000000	
424.250000	15.406013	-42.504189	0.000000	
424.300000	15.386525	-42.488532	0.000000	
424.350000	15.367045	-42.472864	0.000000	
424.400000	15.347568	-42.457192	0.000000	
424.450000	15.328106	-42.441501	0.000000	
424.500000	15.308671	-42.425778	0.000000	
424.550000	15.289269	-42.410015	0.000000	
424.600000	15.269885	-42.394231	0.000000	
424.650000	15.250511	-42.378434	0.000000	
424.700000	15.231154	-42.362618	0.000000	
424.750000	15.211820	-42.346775	0.000000	
424.800000	15.192513	-42.330898	0.000000	
424.850000	15.173228	-42.314996	0.000000	
424.900000	15.153952	-42.299083	0.000000	
424.950000	15.134697	-42.283144	0.000000	
425.000000	15.115460	-42.267183	0.000000	
425.050000	15.096251	-42.251187	0.000000	
425.100000	15.077076	-42.235151	0.000000	
425.150000	15.057917	-42.219097	0.000000	
425.200000	15.038773	-42.203023	0.000000	
425.250000	15.019634	-42.186942	0.000000	
425.300000	15.000505	-42.170851	0.000000	
425.350000	14.981395	-42.154735	0.000000	
425.400000	14.962290	-42.138612	0.000000	
425.450000	14.943196	-42.122477	0.000000	
425.500000	14.924107	-42.106337	0.000000	
425.550000	14.905001	-42.090215	0.000000	
425.600000	14.885861	-42.074136	0.000000	
425.650000	14.866696	-42.058085	0.000000	
425.700000	14.847503	-42.042070	0.000000	
425.750000	14.828267	-42.026106	0.000000	
425.800000	14.809003	-42.010176	0.000000	
425.850000	14.789711	-41.994280	0.000000	
425.900000	14.770404	-41.978402	0.000000	
425.950000	14.751087	-41.962535	0.000000	
426.000000	14.731767	-41.946673	0.000000	
426.050000	14.712448	-41.930809	0.000000	
426.100000	14.693138	-41.914935	0.000000	
426.150000	14.673826	-41.899061	0.000000	
426.200000	14.654547	-41.883152	0.000000	
426.250000	14.635335	-41.867169	0.000000	
426.300000	14.616198	-41.851103	0.000000	
426.350000	14.597155	-41.834935	0.000000	
426.400000	14.578213	-41.818659	0.000000	
426.450000	14.559404	-41.802244	0.000000	
426.500000	14.540736	-41.785685	0.000000	
426.550000	14.522254	-41.768948	0.000000	
426.600000	14.504008	-41.751990	0.000000	
426.650000	14.486050	-41.734772	0.000000	
426.700000	14.468411	-41.717276	0.000000	
426.750000	14.451145	-41.699468	0.000000	
426.800000	14.434294	-41.681321	0.000000	
426.850000	14.417867	-41.662839	0.000000	
426.900000	14.401887	-41.644015	0.000000	
426.950000	14.386370	-41.624848	0.000000	
427.000000	14.371347	-41.605325	0.000000	
427.050000	14.356843	-41.585440	0.000000	
427.100000	14.342866	-41.565196	0.000000	
427.150000	14.329443	-41.544592	0.000000	
427.200000	14.316587	-41.523626	0.000000	
427.250000	14.304291	-41.502320	0.000000	
427.300000	14.292560	-41.480692	0.000000	
427.350000	14.281402	-41.458747	0.000000	
427.400000	14.270795	-41.436498	0.000000	
427.450000	14.260726	-41.413960	0.000000	
427.500000	14.251169	-41.391152	0.000000	
427.550000	14.242113	-41.368090	0.000000	
427.600000	14.233504	-41.344814	0.000000	
427.650000	14.225294	-41.321355	0.000000	
427.700000	14.217430	-41.297744	0.000000	
427.750000	14.209874	-41.274005	0.000000	
427.800000	14.202596	-41.250159	0.000000	
427.850000	14.195570	-41.226222	0.000000	
427.900000	14.188787	-41.202202	0.000000	
427.950000	14.182239	-41.178106	0.000000	
428.000000	14.175890	-41.153947	0.000000	
428.050000	14.169719	-41.129736	0.000000	
428.100000	14.163698	-41.105482	0.000000	
428.150000	14.157799	-41.081195	0.000000	
428.200000	14.151972	-41.056888	0.000000	
428.250000	14.146196	-41.032567	0.000000	
428.300000	14.140450	-41.008238	0.000000	
428.350000	14.134712	-40.983908	0.000000	
428.400000	14.128970	-40.959579	0.000000	
428.450000	14.123239	-40.935247	0.000000	
428.500000	14.117531	-40.910909	0.000000	
428.550000	14.111841	-40.886568	0.000000	
428.600000	14.106144	-40.862227	0.000000	
428.650000	14.100437	-40.837890	0.000000	
428.700000	14.094718	-40.813556	0.000000	
428.750000	14.088988	-40.789224	0.000000	
428.800000	14.083254	-40.764894	0.000000	
428.850000	14.077503	-40.740568	0.000000	
428.900000	14.071711	-40.716252	0.000000	
428.950000	14.065871	-40.691948	0.000000	
429.000000	14.059983	-40.667656	0.000000	
429.050000	14.054062	-40.643371	0.000000	
429.100000	14.048089	-40.619099	0.000000	
429.150000	14.042045	-40.594844	0.000000	
429.200000	14.035945	-40.570602	0.000000	
429.250000	14.029818	-40.546368	0.000000	
429.300000	14.023675	-40.522137	0.000000	
429.350000	14.017503	-40.497914	0.000000	
429.400000	14.011297	-40.473700	0.000000	
429.450000	14.005064	-40.449493	0.000000	
429.500000	13.998792	-40.425295	0.000000	
429.550000	13.992484	-40.401105	0.000000	
429.600000	13.986162	-40.376919	0.000000	
429.650000	13.979834	-40.352734	0.000000	
429.700000	13.973520	-40.328546	0.000000	
429.750000	13.967239	-40.304350	0.000000	
429.800000	13.960990	-40.280145	0.000000	
429.850000	13.954775	-40.255932	0.000000	
429.900000	13.948598	-40.231710	0.000000	
429.950000	13.942473	-40.207475	0.000000	
430.000000	13.936410	-40.183224	0.000000	
430.050000	13.930410	-40.158960	0.000000	
430.100000	13.924475	-40.134681	0.000000	
430.150000	13.918616	-40.110385	0.000000	
430.200000	13.912852	-40.086067	0.000000	
430.250000	13.907182	-40.061727	0.000000	
430.300000	13.901587	-40.037370	0.000000	
430.350000	13.896060	-40.012998	0.000000	
430.400000	13.890621	-39.988605	0.000000	
430.450000	13.885261	-39.964194	0.000000	
430.500000	13.879962	-39.939768	0.000000	
430.550000	13.874720	-39.915329	0.000000	
430.600000	13.869536	-39.890877	0.000000	
430.650000	13.864400	-39.866414	0.000000	
430.700000	13.859332	-39.841937	0.000000	
430.750000	13.854309	-39.817450	0.000000	
430.800000	13.849325	-39.792954	0.000000	
430.850000	13.844375	-39.768452	0.000000	
430.900000	13.839468	-39.743939	0.000000	
430.950000	13.834606	-39.719418	0.000000	
431.000000	13.829792	-39.694887	0.000000	
431.050000	13.825009	-39.670349	0.000000	
431.100000	13.820248	-39.645807	0.000000	
431.150000	13.815485	-39.621266	0.000000	
431.200000	13.810727	-39.596724	0.000000	
431.250000	13.805965	-39.572182	0.000000	
431.300000	13.801201	-39.547641	0.000000	
431.350000	13.796430	-39.523102	0.000000	
431.400000	13.791656	-39.498562	0.000000	
431.450000	13.786893	-39.474021	0.000000	
431.500000	13.782160	-39.449474	0.000000	
431.550000	13.777474	-39.424919	0.000000	
431.600000	13.772827	-39.400356	0.000000	
431.650000	13.768203	-39.375789	0.000000	
431.700000	13.763600	-39.351217	0.000000	
431.750000	13.759023	-39.326641	0.000000	
431.800000	13.754500	-39.302056	0.000000	
431.850000	13.750041	-39.277460	0.000000	
431.900000	13.745657	-39.252851	0.000000	
431.950000	13.741323	-39.228233	0.000000	
432.000000	13.737026	-39.203609	0.000000	
432.050000	13.732760	-39.178980	0.000000	
432.100000	13.728522	-39.154345	0.000000	
432.150000	13.724294	-39.129710	0.000000	
432.200000	13.720097	-39.105068	0.000000	
432.250000	13.715916	-39.080423	0.000000	
432.300000	13.711754	-39.055776	0.000000	
432.350000	13.707608	-39.031125	0.000000	
432.400000	13.703498	-39.006467	0.000000	
432.450000	13.699406	-38.981806	0.000000	
432.500000	13.695308	-38.957146	0.000000	
432.550000	13.691201	-38.932488	0.000000	
432.600000	13.687077	-38.907833	0.000000	
432.650000	13.682964	-38.883176	0.000000	
432.700000	13.678857	-38.858517	0.000000	
432.750000	13.674740	-38.833861	0.000000	
432.800000	13.670590	-38.809210	0.000000	
432.850000	13.666410	-38.784565	0.000000	
432.900000	13.662183	-38.759926	0.000000	
432.950000	13.657900	-38.735298	0.000000	
433.000000	13.653575	-38.710676	0.000000	
433.050000	13.649217	-38.686060	0.000000	
433.100000	13.644813	-38.661452	0.000000	
433.150000	13.640356	-38.636853	0.000000	
433.200000	13.635866	-38.612261	0.000000	
433.250000	13.631318	-38.587680	0.000000	
433.300000	13.626739	-38.563105	0.000000	
433.350000	13.622146	-38.538532	0.000000	
433.400000	13.617553	-38.513959	0.000000	
433.450000	13.612955	-38.489388	0.000000	
433.500000	13.608352	-38.464816	0.000000	
433.550000	13.603739	-38.440247	0.000000	
433.600000	13.599112	-38.415681	0.000000	
433.650000	13.594460	-38.391119	0.000000	
433.700000	13.589760	-38.366567	0.000000	
433.750000	13.585014	-38.342023	0.000000	
433.800000	13.580242	-38.317485	0.000000	
433.850000	13.575459	-38.292948	0.000000	
433.900000	13.570652	-38.268416	0.000000	
433.950000	13.565831	-38.243887	0.000000	
434.000000	13.561029	-38.219354	0.000000	
434.050000	13.556249	-38.194818	0.000000	
434.100000	13.551474	-38.170280	0.000000	
434.150000	13.546713	-38.145740	0.000000	
434.200000	13.541995	-38.121191	0.000000	
434.250000	13.537301	-38.096639	0.000000	
434.300000	13.532655	-38.072076	0.000000	
434.350000	13.528039	-38.047508	0.000000	
434.400000	13.523450	-38.022936	0.000000	
434.450000	13.518889	-37.998358	0.000000	
434.500000	13.514341	-37.973779	0.000000	
434.550000	13.509831	-37.949193	0.000000	
434.600000	13.505371	-37.924598	0.000000	
434.650000	13.500967	-37.899994	0.000000	
434.700000	13.496612	-37.875382	0.000000	
434.750000	13.492325	-37.850756	0.000000	
434.800000	13.488098	-37.826120	0.000000	
434.850000	13.483914	-37.801476	0.000000	
434.900000	13.479745	-37.776828	0.000000	
434.950000	13.475595	-37.752177	0.000000	
435.000000	13.471457	-37.727524	0.000000	
435.050000	13.467323	-37.702870	0.000000	
435.100000	13.463170	-37.678219	0.000000	
435.150000	13.458998	-37.653572	0.000000	
435.200000	13.454810	-37.628928	0.000000	
435.250000	13.450592	-37.604290	0.000000	
435.300000	13.446351	-37.579655	0.000000	
435.350000	13.442071	-37.555029	0.000000	
435.400000	13.437750	-37.530410	0.000000	
435.450000	13.433365	-37.505803	0.000000	
435.500000	13.428883	-37.481216	0.000000	
435.550000	13.424314	-37.456646	0.000000	
435.600000	13.419648	-37.432095	0.000000	
435.650000	13.414885	-37.407563	0.000000	
435.700000	13.410014	-37.383051	0.000000	
435.750000	13.405061	-37.358555	0.000000	
435.800000	13.400026	-37.334075	0.000000	
435.850000	13.394923	-37.309608	0.000000	
435.900000	13.389779	-37.285148	0.000000	
435.950000	13.384617	-37.260692	0.000000	
436.000000	13.379431	-37.236241	0.000000	
436.050000	13.374231	-37.211792	0.000000	
436.100000	13.368996	-37.187350	0.000000	
436.150000	13.363731	-37.162913	0.000000	
436.200000	13.358450	-37.138480	0.000000	
436.250000	13.353138	-37.114054	0.000000	
436.300000	13.347797	-37.089634	0.000000	
436.350000	13.342422	-37.065221	0.000000	
436.400000	13.337012	-37.040815	0.000000	
436.450000	13.331583	-37.016414	0.000000	
436.500000	13.326160	-36.992012	0.000000	
436.550000	13.320745	-36.967607	0.000000	
436.600000	13.315347	-36.943199	0.000000	
436.650000	13.309968	-36.918787	0.000000	
436.700000	13.304598	-36.894372	0.000000	
436.750000	13.299241	-36.869954	0.000000	
436.800000	13.293881	-36.845537	0.000000	
436.850000	13.288517	-36.821121	0.000000	
436.900000	13.283136	-36.796709	0.000000	
436.950000	13.277717	-36.772305	0.000000	
437.000000	13.272242	-36.747914	0.000000	
437.050000	13.266713	-36.723535	0.000000	
437.100000	13.261108	-36.699174	0.000000	
437.150000	13.255444	-36.674826	0.000000	
437.200000	13.249742	-36.650487	0.000000	
437.250000	13.244011	-36.626155	0.000000	
437.300000	13.238251	-36.601829	0.000000	
437.350000	13.232479	-36.577506	0.000000	
437.400000	13.226692	-36.553187	0.000000	
437.450000	13.220910	-36.528866	0.000000	
437.500000	13.215137	-36.504544	0.000000	
437.550000	13.209356	-36.480223	0.000000	
437.600000	13.203576	-36.455902	0.000000	
437.650000	13.197805	-36.431579	0.000000	
437.700000	13.192054	-36.407252	0.000000	
437.750000	13.186340	-36.382917	0.000000	
437.800000	13.180670	-36.358572	0.000000	
437.850000	13.175054	-36.334217	0.000000	
437.900000	13.169487	-36.309851	0.000000	
437.950000	13.163963	-36.285476	0.000000	
438.000000	13.158500	-36.261088	0.000000	
438.050000	13.153101	-36.236686	0.000000	
438.100000	13.147770	-36.212268	0.000000	
438.150000	13.142518	-36.187833	0.000000	
438.200000	13.137330	-36.163383	0.000000	
438.250000	13.132177	-36.138925	0.000000	
438.300000	13.127036	-36.114464	0.000000	
438.350000	13.121939	-36.089993	0.000000	
438.400000	13.116867	-36.065516	0.000000	
438.450000	13.111842	-36.041029	0.000000	
438.500000	13.106852	-36.016535	0.000000	
438.550000	13.101889	-35.992034	0.000000	
438.600000	13.096968	-35.967525	0.000000	
438.650000	13.092102	-35.943005	0.000000	
438.700000	13.087274	-35.918477	0.000000	
438.750000	13.082466	-35.893945	0.000000	
438.800000	13.077688	-35.869408	0.000000	
438.850000	13.072911	-35.844871	0.000000	
438.900000	13.068119	-35.820336	0.000000	
438.950000	13.063296	-35.795808	0.000000	
439.000000	13.058470	-35.771280	0.000000	
439.050000	13.053617	-35.746757	0.000000	
439.100000	13.048734	-35.722241	0.000000	
439.150000	13.043832	-35.697729	0.000000	
439.200000	13.038918	-35.673219	0.000000	
439.250000	13.034014	-35.648706	0.000000	
439.300000	13.029144	-35.624188	0.000000	
439.350000	13.024313	-35.599661	0.000000	
439.400000	13.019505	-35.575129	0.000000	
439.450000	13.014716	-35.550594	0.000000	
439.500000	13.009945	-35.526055	0.000000	
439.550000	13.005188	-35.501514	0.000000	
439.600000	13.000429	-35.476972	0.000000	
439.650000	12.995678	-35.452430	0.000000	
439.700000	12.990922	-35.427888	0.000000	
439.750000	12.986159	-35.403348	0.000000	
439.800000	12.981380	-35.378810	0.000000	
439.850000	12.976584	-35.354276	0.000000	
439.900000	12.971773	-35.329745	0.000000	
439.950000	12.966962	-35.305213	0.000000	
440.000000	12.962170	-35.280678	0.000000	
440.050000	12.957385	-35.256141	0.000000	
440.100000	12.952616	-35.231601	0.000000	
440.150000	12.947888	-35.207053	0.000000	
440.200000	12.943170	-35.182502	0.000000	
440.250000	12.938460	-35.157951	0.000000	
440.300000	12.933735	-35.133402	0.000000	
440.350000	12.928975	-35.108859	0.000000	
440.400000	12.924184	-35.084324	0.000000	
440.450000	12.919371	-35.059793	0.000000	
440.500000	12.914541	-35.035265	0.000000	
440.550000	12.909669	-35.010746	0.000000	
440.600000	12.904764	-34.986233	0.000000	
440.650000	12.899840	-34.961724	0.000000	
440.700000	12.894893	-34.937220	0.000000	
440.750000	12.889939	-34.912717	0.000000	
440.800000	12.884970	-34.888217	0.000000	
440.850000	12.879978	-34.863722	0.000000	
440.900000	12.874949	-34.839235	0.000000	
440.950000	12.869902	-34.814751	0.000000	
441.000000	12.864851	-34.790268	0.000000	
441.050000	12.859798	-34.765785	0.000000	
441.100000	12.854734	-34.741305	0.000000	
441.150000	12.849661	-34.716826	0.000000	
441.200000	12.844554	-34.692354	0.000000	
441.250000	12.839419	-34.667889	0.000000	
441.300000	12.834238	-34.643433	0.000000	
441.350000	12.829020	-34.618985	0.000000	
441.400000	12.823780	-34.594542	0.000000	
441.450000	12.818521	-34.570103	0.000000	
441.500000	12.813222	-34.545674	0.000000	
441.550000	12.807878	-34.521255	0.000000	
441.600000	12.802504	-34.496843	0.000000	
441.650000	12.797102	-34.472437	0.000000	
441.700000	12.791665	-34.448040	0.000000	
441.750000	12.786172	-34.423655	0.000000	
441.800000	12.780598	-34.399289	0.000000	
441.850000	12.774951	-34.374940	0.000000	
441.900000	12.769261	-34.350601	0.000000	
441.950000	12.763534	-34.326271	0.000000	
442.000000	12.757748	-34.301956	0.000000	
442.050000	12.751902	-34.277654	0.000000	
442.100000	12.745992	-34.253366	0.000000	
442.150000	12.740032	-34.229090	0.000000	
442.200000	12.734024	-34.204824	0.000000	
442.250000	12.727985	-34.180566	0.000000	
442.300000	12.721942	-34.156309	0.000000	
442.350000	12.715917	-34.132047	0.000000	
442.400000	12.709909	-34.107782	0.000000	
442.450000	12.703917	-34.083513	0.000000	
442.500000	12.697958	-34.059237	0.000000	
442.550000	12.692036	-34.034952	0.000000	
442.600000	12.686164	-34.010656	0.000000	
442.650000	12.680330	-33.986351	0.000000	
442.700000	12.674535	-33.962037	0.000000	
442.750000	12.668790	-33.937712	0.000000	
442.800000	12.663107	-33.913373	0.000000	
442.850000	12.657484	-33.889020	0.000000	
442.900000	12.651941	-33.864648	0.000000	
442.950000	12.646478	-33.840258	0.000000	
443.000000	12.641083	-33.815854	0.000000	
443.050000	12.635771	-33.791430	0.000000	
443.100000	12.630524	-33.766991	0.000000	
443.150000	12.625337	-33.742539	0.000000	
443.200000	12.620192	-33.718077	0.000000	
443.250000	12.615095	-33.693604	0.000000	
443.300000	12.610052	-33.669119	0.000000	
443.350000	12.605035	-33.644629	0.000000	
443.400000	12.600030	-33.620136	0.000000	
443.450000	12.595049	-33.595638	0.000000	
443.500000	12.590086	-33.571136	0.000000	
443.550000	12.585119	-33.546635	0.000000	
443.600000	12.580149	-33.522135	0.000000	
443.650000	12.575183	-33.497634	0.000000	
443.700000	12.570218	-33.473132	0.000000	
443.750000	12.565258	-33.448630	0.000000	
443.800000	12.560308	-33.424125	0.000000	
443.850000	12.555381	-33.399617	0.000000	
443.900000	12.550491	-33.375101	0.000000	
443.950000	12.545618	-33.350582	0.000000	
444.000000	12.540734	-33.326065	0.000000	
444.050000	12.535860	-33.301546	0.000000	
444.100000	12.530979	-33.277029	0.000000	
444.150000	12.526091	-33.252513	0.000000	
444.200000	12.521183	-33.228001	0.000000	
444.250000	12.516284	-33.203487	0.000000	
444.300000	12.511397	-33.178971	0.000000	
444.350000	12.506506	-33.154456	0.000000	
444.400000	12.501630	-33.129937	0.000000	
444.450000	12.496763	-33.105417	0.000000	
444.500000	12.491908	-33.080895	0.000000	
444.550000	12.487078	-33.056367	0.000000	
444.600000	12.482282	-33.031833	0.000000	
444.650000	12.477534	-33.007290	0.000000	
444.700000	12.472818	-32.982740	0.000000	
444.750000	12.468139	-32.958184	0.000000	
444.800000	12.463500	-32.933620	0.000000	
444.850000	12.458872	-32.909053	0.000000	
444.900000	12.454251	-32.884486	0.000000	
444.950000	12.449647	-32.859916	0.000000	
445.000000	12.445054	-32.835343	0.000000	
445.050000	12.440502	-32.810764	0.000000	
445.100000	12.435964	-32.786182	0.000000	
445.150000	12.431455	-32.761595	0.000000	
445.200000	12.426980	-32.737001	0.000000	
445.250000	12.422554	-32.712397	0.000000	
445.300000	12.418160	-32.687788	0.000000	
445.350000	12.413779	-32.663176	0.000000	
445.400000	12.409424	-32.638559	0.000000	
445.450000	12.405122	-32.613933	0.000000	
445.500000	12.400898	-32.589295	0.000000	
445.550000	12.396763	-32.564643	0.000000	
445.600000	12.392724	-32.539977	0.000000	
445.650000	12.388797	-32.515297	0.000000	
445.700000	12.385008	-32.490601	0.000000	
445.750000	12.381383	-32.465888	0.000000	
445.800000	12.377961	-32.441156	0.000000	
445.850000	12.374765	-32.416408	0.000000	
445.900000	12.371851	-32.391642	0.000000	
445.950000	12.369244	-32.366864	0.000000	
446.000000	12.366964	-32.342079	0.000000	
446.050000	12.365065	-32.317291	0.000000	
446.100000	12.363568	-32.292507	0.000000	
446.150000	12.362516	-32.267730	0.000000	
446.200000	12.361937	-32.242967	0.000000	
446.250000	12.361858	-32.218223	0.000000	
446.300000	12.362298	-32.193505	0.000000	
446.350000	12.363276	-32.168816	0.000000	
446.400000	12.364833	-32.144165	0.000000	
446.450000	12.366975	-32.119558	0.000000	
446.500000	12.369682	-32.095004	0.000000	
446.550000	12.372962	-32.070517	0.000000	
446.600000	12.376801	-32.046101	0.000000	
446.650000	12.381203	-32.021766	0.000000	
446.700000	12.386175	-31.997524	0.000000	
446.750000	12.391681	-31.973376	0.000000	
446.800000	12.397698	-31.949325	0.000000	
446.850000	12.404207	-31.925376	0.000000	
446.900000	12.411175	-31.901530	0.000000	
446.950000	12.418566	-31.877790	0.000000	
447.000000	12.426336	-31.854147	0.000000	
447.050000	12.434453	-31.830600	0.000000	
447.100000	12.442866	-31.807138	0.000000	
447.150000	12.451536	-31.783754	0.000000	
447.200000	12.460435	-31.760443	0.000000	
447.250000	12.469550	-31.737203	0.000000	
447.300000	12.478837	-31.714023	0.000000	
447.350000	12.488289	-31.690901	0.000000	
447.400000	12.497893	-31.667835	0.000000	
447.450000	12.507620	-31.644815	0.000000	
447.500000	12.517436	-31.621830	0.000000	
447.550000	12.527331	-31.598876	0.000000	
447.600000	12.537269	-31.575939	0.000000	
447.650000	12.547262	-31.553024	0.000000	
447.700000	12.557274	-31.530117	0.000000	
447.750000	12.567296	-31.507215	0.000000	
447.800000	12.577334	-31.484319	0.000000	
447.850000	12.587393	-31.461433	0.000000	
447.900000	12.597474	-31.438557	0.000000	
447.950000	12.607565	-31.415685	0.000000	
448.000000	12.617663	-31.392817	0.000000	
448.050000	12.627767	-31.369951	0.000000	
448.100000	12.637883	-31.347091	0.000000	
448.150000	12.648031	-31.324245	0.000000	
448.200000	12.658226	-31.301421	0.000000	
448.250000	12.668461	-31.278615	0.000000	
448.300000	12.678710	-31.255815	0.000000	
448.350000	12.688998	-31.233032	0.000000	
448.400000	12.699309	-31.210261	0.000000	
448.450000	12.709635	-31.187495	0.000000	
448.500000	12.719963	-31.164732	0.000000	
448.550000	12.730310	-31.141976	0.000000	
448.600000	12.740689	-31.119234	0.000000	
448.650000	12.751095	-31.096504	0.000000	
448.700000	12.761506	-31.073777	0.000000	
448.750000	12.771935	-31.051058	0.000000	
448.800000	12.782363	-31.028337	0.000000	
448.850000	12.792772	-31.005609	0.000000	
448.900000	12.803158	-30.982870	0.000000	
448.950000	12.813517	-30.960120	0.000000	
449.000000	12.823848	-30.937357	0.000000	
449.050000	12.834141	-30.914577	0.000000	
449.100000	12.844398	-30.891781	0.000000	
449.150000	12.854594	-30.868960	0.000000	
449.200000	12.864707	-30.846103	0.000000	
449.250000	12.874737	-30.823210	0.000000	
449.300000	12.884691	-30.800284	0.000000	
449.350000	12.894575	-30.777328	0.000000	
449.400000	12.904389	-30.754342	0.000000	
449.450000	12.914148	-30.731332	0.000000	
449.500000	12.923859	-30.708301	0.000000	
449.550000	12.933543	-30.685258	0.000000	
449.600000	12.943204	-30.662206	0.000000	
449.650000	12.952830	-30.639137	0.000000	
449.700000	12.962430	-30.616058	0.000000	
449.750000	12.972019	-30.592973	0.000000	
449.800000	12.981611	-30.569890	0.000000	
449.850000	12.991225	-30.546817	0.000000	
449.900000	13.000887	-30.523766	0.000000	
449.950000	13.010603	-30.500739	0.000000	
450.000000	13.020365	-30.477733	0.000000	
450.050000	13.030185	-30.454754	0.000000	
450.100000	13.040075	-30.431808	0.000000	
450.150000	13.050044	-30.408897	0.000000	
450.200000	13.060091	-30.386021	0.000000	
450.250000	13.070226	-30.363182	0.000000	
450.300000	13.080443	-30.340378	0.000000	
450.350000	13.090739	-30.317610	0.000000	
450.400000	13.101121	-30.294878	0.000000	
450.450000	13.111568	-30.272174	0.000000	
450.500000	13.122077	-30.249498	0.000000	
450.550000	13.132641	-30.226846	0.000000	
450.600000	13.143246	-30.204212	0.000000	
450.650000	13.153873	-30.181587	0.000000	
450.700000	13.164526	-30.158974	0.000000	
450.750000	13.175192	-30.136367	0.000000	
450.800000	13.185858	-30.113760	0.000000	
450.850000	13.196521	-30.091151	0.000000	
450.900000	13.207174	-30.068538	0.000000	
450.950000	13.217802	-30.045913	0.000000	
451.000000	13.228415	-30.023281	0.000000	
451.050000	13.239014	-30.000642	0.000000	
451.100000	13.249598	-29.977996	0.000000	
451.150000	13.260167	-29.955342	0.000000	
451.200000	13.270730	-29.932686	0.000000	
451.250000	13.281297	-29.910031	0.000000	
451.300000	13.291883	-29.887386	0.000000	
451.350000	13.302485	-29.864748	0.000000	
451.400000	13.313091	-29.842113	0.000000	
451.450000	13.323720	-29.819489	0.000000	
451.500000	13.334367	-29.796873	0.000000	
451.550000	13.345033	-29.774267	0.000000	
451.600000	13.355712	-29.751666	0.000000	
451.650000	13.366396	-29.729069	0.000000	
451.700000	13.377101	-29.706480	0.000000	
451.750000	13.387816	-29.683897	0.000000	
451.800000	13.398566	-29.661329	0.000000	
451.850000	13.409356	-29.638780	0.000000	
451.900000	13.420175	-29.616244	0.000000	
451.950000	13.431019	-29.593720	0.000000	
452.000000	13.441885	-29.571205	0.000000	
452.050000	13.452748	-29.548690	0.000000	
452.100000	13.463603	-29.526170	0.000000	
452.150000	13.474441	-29.503643	0.000000	
452.200000	13.485259	-29.481107	0.000000	
452.250000	13.496061	-29.458562	0.000000	
452.300000	13.506864	-29.436018	0.000000	
452.350000	13.517670	-29.413476	0.000000	
452.400000	13.528467	-29.390929	0.000000	
452.450000	13.539252	-29.368377	0.000000	
452.500000	13.550004	-29.345808	0.000000	
452.550000	13.560745	-29.323234	0.000000	
452.600000	13.571480	-29.300658	0.000000	
452.650000	13.582212	-29.278079	0.000000	
452.700000	13.592958	-29.255508	0.000000	
452.750000	13.603701	-29.232935	0.000000	
452.800000	13.614461	-29.210370	0.000000	
452.850000	13.625237	-29.187813	0.000000	
452.900000	13.636031	-29.165265	0.000000	
452.950000	13.646825	-29.142716	0.000000	
453.000000	13.657609	-29.120164	0.000000	
453.050000	13.668382	-29.097605	0.000000	
453.100000	13.679155	-29.075047	0.000000	
453.150000	13.689918	-29.052484	0.000000	
453.200000	13.700686	-29.029924	0.000000	
453.250000	13.711454	-29.007363	0.000000	
453.300000	13.722205	-28.984795	0.000000	
453.350000	13.732926	-28.962212	0.000000	
453.400000	13.743596	-28.939605	0.000000	
453.450000	13.754236	-28.916985	0.000000	
453.500000	13.764863	-28.894358	0.000000	
453.550000	13.775477	-28.871725	0.000000	
453.600000	13.786074	-28.849085	0.000000	
453.650000	13.796642	-28.826430	0.000000	
453.700000	13.807179	-28.803762	0.000000	
453.750000	13.817672	-28.781072	0.000000	
453.800000	13.828140	-28.758372	0.000000	
453.850000	13.838577	-28.735657	0.000000	
453.900000	13.848960	-28.712917	0.000000	
453.950000	13.859273	-28.690145	0.000000	
454.000000	13.869517	-28.667342	0.000000	
454.050000	13.879706	-28.644515	0.000000	
454.100000	13.889842	-28.621666	0.000000	
454.150000	13.899915	-28.598789	0.000000	
454.200000	13.909926	-28.575886	0.000000	
454.250000	13.919875	-28.552957	0.000000	
454.300000	13.929762	-28.530001	0.000000	
454.350000	13.939600	-28.507023	0.000000	
454.400000	13.949381	-28.484023	0.000000	
454.450000	13.959112	-28.461001	0.000000	
454.500000	13.968784	-28.437954	0.000000	
454.550000	13.978407	-28.414886	0.000000	
454.600000	13.987993	-28.391802	0.000000	
454.650000	13.997549	-28.368706	0.000000	
454.700000	14.007072	-28.345594	0.000000	
454.750000	14.016569	-28.322471	0.000000	
454.800000	14.026060	-28.299346	0.000000	
454.850000	14.035530	-28.276211	0.000000	
454.900000	14.044977	-28.253067	0.000000	
454.950000	14.054417	-28.229919	0.000000	
455.000000	14.063860	-28.206773	0.000000	
455.050000	14.073332	-28.183639	0.000000	
455.100000	14.082821	-28.160512	0.000000	
455.150000	14.092315	-28.137387	0.000000	
455.200000	14.101810	-28.114263	0.000000	
455.250000	14.111314	-28.091142	0.000000	
455.300000	14.120807	-28.068017	0.000000	
455.350000	14.130268	-28.044880	0.000000	
455.400000	14.139690	-28.021727	0.000000	
455.450000	14.149086	-27.998566	0.000000	
455.500000	14.158445	-27.975390	0.000000	
455.550000	14.167769	-27.952201	0.000000	
455.600000	14.177044	-27.928994	0.000000	
455.650000	14.186263	-27.905765	0.000000	
455.700000	14.195423	-27.882513	0.000000	
455.750000	14.204531	-27.859241	0.000000	
455.800000	14.213578	-27.835945	0.000000	
455.850000	14.222544	-27.812618	0.000000	
455.900000	14.231425	-27.789259	0.000000	
455.950000	14.240222	-27.765867	0.000000	
456.000000	14.248914	-27.742437	0.000000	
456.050000	14.257501	-27.718968	0.000000	
456.100000	14.265953	-27.695450	0.000000	
456.150000	14.274279	-27.671886	0.000000	
456.200000	14.282496	-27.648284	0.000000	
456.250000	14.290604	-27.624643	0.000000	
456.300000	14.298596	-27.600964	0.000000	
456.350000	14.306504	-27.577256	0.000000	
456.400000	14.314344	-27.553526	0.000000	
456.450000	14.322136	-27.529779	0.000000	
456.500000	14.329864	-27.506011	0.000000	
456.550000	14.337554	-27.482231	0.000000	
456.600000	14.345217	-27.458441	0.000000	
456.650000	14.352840	-27.434638	0.000000	
456.700000	14.360427	-27.410823	0.000000	
456.750000	14.367963	-27.386991	0.000000	
456.800000	14.375434	-27.363137	0.000000	
456.850000	14.382862	-27.339268	0.000000	
456.900000	14.390248	-27.315386	0.000000	
456.950000	14.397614	-27.291497	0.000000	
457.000000	14.404961	-27.267603	0.000000	
457.050000	14.412289	-27.243702	0.000000	
457.100000	14.419590	-27.219793	0.000000	
457.150000	14.426893	-27.195885	0.000000	
457.200000	14.434191	-27.171975	0.000000	
457.250000	14.441471	-27.148060	0.000000	
457.300000	14.448738	-27.124141	0.000000	
457.350000	14.456009	-27.100224	0.000000	
457.400000	14.463253	-27.076298	0.000000	
457.450000	14.470480	-27.052368	0.000000	
457.500000	14.477692	-27.028433	0.000000	
457.550000	14.484908	-27.004500	0.000000	
457.600000	14.492120	-26.980565	0.000000	
457.650000	14.499326	-26.956628	0.000000	
457.700000	14.506545	-26.932696	0.000000	
457.750000	14.513778	-26.908768	0.000000	
457.800000	14.521011	-26.884840	0.000000	
457.850000	14.528267	-26.860919	0.000000	
457.900000	14.535525	-26.836999	0.000000	
457.950000	14.542788	-26.813080	0.000000	
458.000000	14.550060	-26.789164	0.000000	
458.050000	14.557330	-26.765248	0.000000	
458.100000	14.564620	-26.741338	0.000000	
458.150000	14.571940	-26.717437	0.000000	
458.200000	14.579261	-26.693536	0.000000	
458.250000	14.586587	-26.669637	0.000000	
458.300000	14.593919	-26.645739	0.000000	
458.350000	14.601267	-26.621846	0.000000	
458.400000	14.608611	-26.597952	0.000000	
458.450000	14.615969	-26.574062	0.000000	
458.500000	14.623343	-26.550176	0.000000	
458.550000	14.630720	-26.526292	0.000000	
458.600000	14.638071	-26.502399	0.000000	
458.650000	14.645394	-26.478498	0.000000	
458.700000	14.652672	-26.454584	0.000000	
458.750000	14.659900	-26.430655	0.000000	
458.800000	14.667060	-26.406705	0.000000	
458.850000	14.674166	-26.382740	0.000000	
458.900000	14.681216	-26.358758	0.000000	
458.950000	14.688232	-26.334766	0.000000	
459.000000	14.695227	-26.310768	0.000000	
459.050000	14.702173	-26.286755	0.000000	
459.100000	14.709088	-26.262733	0.000000	
459.150000	14.715959	-26.238697	0.000000	
459.200000	14.722792	-26.214650	0.000000	
459.250000	14.729598	-26.190596	0.000000	
459.300000	14.736391	-26.166537	0.000000	
459.350000	14.743163	-26.142473	0.000000	
459.400000	14.749909	-26.118401	0.000000	
459.450000	14.756672	-26.094334	0.000000	
459.500000	14.763459	-26.070274	0.000000	
459.550000	14.770269	-26.046222	0.000000	
459.600000	14.777119	-26.022182	0.000000	
459.650000	14.784041	-25.998165	0.000000	
459.700000	14.791068	-25.974183	0.000000	
459.750000	14.798230	-25.950248	0.000000	
459.800000	14.805574	-25.926380	0.000000	
459.850000	14.813155	-25.902603	0.000000	
459.900000	14.821010	-25.878935	0.000000	
459.950000	14.829176	-25.855402	0.000000	
460.000000	14.837675	-25.832022	0.000000	
460.050000	14.846525	-25.808809	0.000000	
460.100000	14.855759	-25.785781	0.000000	
460.150000	14.865402	-25.762963	0.000000	
460.200000	14.875496	-25.740383	0.000000	
460.250000	14.886069	-25.718070	0.000000	
460.300000	14.897151	-25.696049	0.000000	
460.350000	14.908751	-25.674333	0.000000	
460.400000	14.920901	-25.652943	0.000000	
460.450000	14.933618	-25.631899	0.000000	
460.500000	14.946892	-25.611214	0.000000	
460.550000	14.960732	-25.590905	0.000000	
460.600000	14.975142	-25.570990	0.000000	
460.650000	14.990103	-25.551462	0.000000	
460.700000	15.005599	-25.532315	0.000000	
460.750000	15.021593	-25.513533	0.000000	
460.800000	15.038060	-25.495105	0.000000	
460.850000	15.054951	-25.477010	0.000000	
460.900000	15.072230	-25.459231	0.000000	
460.950000	15.089855	-25.441740	0.000000	
461.000000	15.107778	-25.424510	0.000000	
461.050000	15.125957	-25.407508	0.000000	
461.100000	15.144380	-25.390734	0.000000	
461.150000	15.163034	-25.374180	0.000000	
461.200000	15.181886	-25.357826	0.000000	
461.250000	15.200899	-25.341637	0.000000	
461.300000	15.220043	-25.325588	0.000000	
461.350000	15.239291	-25.309654	0.000000	
461.400000	15.258637	-25.293832	0.000000	
461.450000	15.278064	-25.278104	0.000000	
461.500000	15.297554	-25.262451	0.000000	
461.550000	15.317081	-25.246841	0.000000	
461.600000	15.336617	-25.231244	0.000000	
461.650000	15.356144	-25.215634	0.000000	
461.700000	15.375658	-25.200010	0.000000	
461.750000	15.395151	-25.184359	0.000000	
461.800000	15.414630	-25.168692	0.000000	
461.850000	15.434098	-25.153011	0.000000	
461.900000	15.453557	-25.137318	0.000000	
461.950000	15.473006	-25.121613	0.000000	
462.000000	15.492448	-25.105900	0.000000	
462.050000	15.511893	-25.090191	0.000000	
462.100000	15.531344	-25.074488	0.000000	
462.150000	15.550796	-25.058788	0.000000	
462.200000	15.570243	-25.043080	0.000000	
462.250000	15.589687	-25.027369	0.000000	
462.300000	15.609141	-25.011670	0.000000	
462.350000	15.628610	-24.995991	0.000000	
462.400000	15.648100	-24.980341	0.000000	
462.450000	15.667601	-24.964703	0.000000	
462.500000	15.687110	-24.949076	0.000000	
462.550000	15.706631	-24.933465	0.000000	
462.600000	15.726170	-24.917877	0.000000	
462.650000	15.745737	-24.902325	0.000000	
462.700000	15.765339	-24.886819	0.000000	
462.750000	15.784970	-24.871350	0.000000	
462.800000	15.804637	-24.855924	0.000000	
462.850000	15.824343	-24.840548	0.000000	
462.900000	15.844074	-24.825203	0.000000	
462.950000	15.863833	-24.809895	0.000000	
463.000000	15.883612	-24.794611	0.000000	
463.050000	15.903426	-24.779370	0.000000	
463.100000	15.923262	-24.764158	0.000000	
463.150000	15.943133	-24.748991	0.000000	
463.200000	15.963025	-24.733850	0.000000	
463.250000	15.982935	-24.718732	0.000000	
463.300000	16.002851	-24.703621	0.000000	
463.350000	16.022778	-24.688526	0.000000	
463.400000	16.042710	-24.673437	0.000000	
463.450000	16.062652	-24.658360	0.000000	
463.500000	16.082603	-24.643297	0.000000	
463.550000	16.102562	-24.628245	0.000000	
463.600000	16.122516	-24.613185	0.000000	
463.650000	16.142463	-24.598117	0.000000	
463.700000	16.162392	-24.583025	0.000000	
463.750000	16.182290	-24.567892	0.000000	
463.800000	16.202165	-24.552731	0.000000	
463.850000	16.222014	-24.537536	0.000000	
463.900000	16.241827	-24.522296	0.000000	
463.950000	16.261607	-24.507015	0.000000	
464.000000	16.281362	-24.491702	0.000000	
464.050000	16.301097	-24.476365	0.000000	
464.100000	16.320797	-24.460983	0.000000	
464.150000	16.340463	-24.445558	0.000000	
464.200000	16.360079	-24.430071	0.000000	
464.250000	16.379654	-24.414535	0.000000	
464.300000	16.399192	-24.398951	0.000000	
464.350000	16.418703	-24.383334	0.000000	
464.400000	16.438168	-24.367659	0.000000	
464.450000	16.457589	-24.351930	0.000000	
464.500000	16.476950	-24.336125	0.000000	
464.550000	16.496246	-24.320238	0.000000	
464.600000	16.515482	-24.304277	0.000000	
464.650000	16.534665	-24.288250	0.000000	
464.700000	16.553792	-24.272156	0.000000	
464.750000	16.572868	-24.256001	0.000000	
464.800000	16.591909	-24.239806	0.000000	
464.850000	16.610924	-24.223578	0.000000	
464.900000	16.629923	-24.207333	0.000000	
464.950000	16.648897	-24.191057	0.000000	
465.000000	16.667864	-24.174774	0.000000	
465.050000	16.686807	-24.158462	0.000000	
465.100000	16.705729	-24.142124	0.000000	
465.150000	16.724627	-24.125759	0.000000	
465.200000	16.743505	-24.109372	0.000000	
465.250000	16.762378	-24.092979	0.000000	
465.300000	16.781240	-24.076572	0.000000	
465.350000	16.800087	-24.060148	0.000000	
465.400000	16.818919	-24.043706	0.000000	
465.450000	16.837746	-24.027260	0.000000	
465.500000	16.856551	-24.010787	0.000000	
465.550000	16.875334	-23.994289	0.000000	
465.600000	16.894112	-23.977786	0.000000	
465.650000	16.912870	-23.961261	0.000000	
465.700000	16.931609	-23.944714	0.000000	
465.750000	16.950328	-23.928145	0.000000	
465.800000	16.969039	-23.911568	0.000000	
465.850000	16.987735	-23.894975	0.000000	
465.900000	17.006416	-23.878363	0.000000	
465.950000	17.025072	-23.861724	0.000000	
466.000000	17.043709	-23.845064	0.000000	
466.050000	17.062326	-23.828381	0.000000	
466.100000	17.080939	-23.811694	0.000000	
466.150000	17.099535	-23.794986	0.000000	
466.200000	17.118129	-23.778278	0.000000	
466.250000	17.136712	-23.761556	0.000000	
466.300000	17.155274	-23.744811	0.000000	
466.350000	17.173813	-23.728041	0.000000	
466.400000	17.192329	-23.711246	0.000000	
466.450000	17.210819	-23.694422	0.000000	
466.500000	17.229292	-23.677577	0.000000	
466.550000	17.247769	-23.660739	0.000000	
466.600000	17.266250	-23.643904	0.000000	
466.650000	17.284719	-23.627055	0.000000	
466.700000	17.303177	-23.610196	0.000000	
466.750000	17.321624	-23.593325	0.000000	
466.800000	17.340072	-23.576454	0.000000	
466.850000	17.358513	-23.559576	0.000000	
466.900000	17.376941	-23.542684	0.000000	
466.950000	17.395355	-23.525776	0.000000	
467.000000	17.413758	-23.508857	0.000000	
467.050000	17.432154	-23.491930	0.000000	
467.100000	17.450546	-23.474999	0.000000	
467.150000	17.468927	-23.458055	0.000000	
467.200000	17.487308	-23.441113	0.000000	
467.250000	17.505690	-23.424170	0.000000	
467.300000	17.524089	-23.407247	0.000000	
467.350000	17.542515	-23.390355	0.000000	
467.400000	17.560978	-23.373503	0.000000	
467.450000	17.579467	-23.356682	0.000000	
467.500000	17.597978	-23.339884	0.000000	
467.550000	17.616491	-23.323088	0.000000	
467.600000	17.635000	-23.306287	0.000000	
467.650000	17.653507	-23.289486	0.000000	
467.700000	17.672011	-23.272680	0.000000	
467.750000	17.690521	-23.255881	0.000000	
467.800000	17.709055	-23.239107	0.000000	
467.850000	17.727608	-23.222355	0.000000	
467.900000	17.746191	-23.205636	0.000000	
467.950000	17.764808	-23.188955	0.000000	
468.000000	17.783458	-23.172310	0.000000	
468.050000	17.802137	-23.155697	0.000000	
468.100000	17.820843	-23.139114	0.000000	
468.150000	17.839565	-23.122549	0.000000	
468.200000	17.858295	-23.105992	0.000000	
468.250000	17.877027	-23.089439	0.000000	
468.300000	17.895768	-23.072895	0.000000	
468.350000	17.914518	-23.056361	0.000000	
468.400000	17.933275	-23.039835	0.000000	
468.450000	17.952042	-23.023322	0.000000	
468.500000	17.970831	-23.006835	0.000000	
468.550000	17.989656	-22.990391	0.000000	
468.600000	18.008525	-22.973998	0.000000	
468.650000	18.027427	-22.957644	0.000000	
468.700000	18.046370	-22.941337	0.000000	
468.750000	18.065373	-22.925101	0.000000	
468.800000	18.084444	-22.908947	0.000000	
468.850000	18.103579	-22.892869	0.000000	
468.900000	18.122778	-22.876870	0.000000	
468.950000	18.142037	-22.860946	0.000000	
469.000000	18.161350	-22.845088	0.000000	
469.050000	18.180704	-22.829282	0.000000	
469.100000	18.200107	-22.813536	0.000000	
469.150000	18.219573	-22.797867	0.000000	
469.200000	18.239096	-22.782268	0.000000	
469.250000	18.258677	-22.766739	0.000000	
469.300000	18.278319	-22.751286	0.000000	
469.350000	18.298023	-22.735907	0.000000	
469.400000	18.317770	-22.720583	0.000000	
469.450000	18.337546	-22.705297	0.000000	
469.500000	18.357340	-22.690031	0.000000	
469.550000	18.377150	-22.674786	0.000000	
469.600000	18.396969	-22.659552	0.000000	
469.650000	18.416808	-22.644343	0.000000	
469.700000	18.436680	-22.629177	0.000000	
469.750000	18.456583	-22.614050	0.000000	
469.800000	18.476511	-22.598956	0.000000	
469.850000	18.496449	-22.583876	0.000000	
469.900000	18.516389	-22.568800	0.000000	
469.950000	18.536322	-22.553713	0.000000	
470.000000	18.556242	-22.538608	0.000000	
470.050000	18.576163	-22.523506	0.000000	
470.100000	18.596105	-22.508430	0.000000	
470.150000	18.616052	-22.493363	0.000000	
470.200000	18.636001	-22.478296	0.000000	
470.250000	18.655956	-22.463239	0.000000	
470.300000	18.675926	-22.448202	0.000000	
470.350000	18.695912	-22.433186	0.000000	
470.400000	18.715915	-22.418194	0.000000	
470.450000	18.735938	-22.403229	0.000000	
470.500000	18.755993	-22.388307	0.000000	
470.550000	18.776091	-22.373444	0.000000	
470.600000	18.796238	-22.358649	0.000000	
470.650000	18.816435	-22.343921	0.000000	
470.700000	18.836669	-22.329244	0.000000	
470.750000	18.856927	-22.314601	0.000000	
470.800000	18.877202	-22.299982	0.000000	
470.850000	18.897486	-22.285376	0.000000	
470.900000	18.917793	-22.270801	0.000000	
470.950000	18.938118	-22.256250	0.000000	
471.000000	18.958458	-22.241719	0.000000	
471.050000	18.978807	-22.227202	0.000000	
471.100000	18.999160	-22.212689	0.000000	
471.150000	19.019514	-22.198177	0.000000	
471.200000	19.039883	-22.183687	0.000000	
471.250000	19.060260	-22.169206	0.000000	
471.300000	19.080634	-22.154723	0.000000	
471.350000	19.100996	-22.140222	0.000000	
471.400000	19.121351	-22.125712	0.000000	
471.450000	19.141691	-22.111181	0.000000	
471.500000	19.162016	-22.096629	0.000000	
471.550000	19.182312	-22.082040	0.000000	
471.600000	19.202585	-22.067416	0.000000	
471.650000	19.222836	-22.052761	0.000000	
471.700000	19.243063	-22.038073	0.000000	
471.750000	19.263269	-22.023355	0.000000	
471.800000	19.283459	-22.008613	0.000000	
471.850000	19.303647	-21.993869	0.000000	
471.900000	19.323838	-21.979131	0.000000	
471.950000	19.344032	-21.964395	0.000000	
472.000000	19.364229	-21.949665	0.000000	
472.050000	19.384435	-21.934946	0.000000	
472.100000	19.404665	-21.920261	0.000000	
472.150000	19.424925	-21.905619	0.000000	
472.200000	19.445204	-21.891003	0.000000	
472.250000	19.465502	-21.876416	0.000000	
472.300000	19.485827	-21.861867	0.000000	
472.350000	19.506185	-21.847363	0.000000	
472.400000	19.526574	-21.832904	0.000000	
472.450000	19.546986	-21.818476	0.000000	
472.500000	19.567425	-21.804087	0.000000	
472.550000	19.587902	-21.789753	0.000000	
472.600000	19.608429	-21.775489	0.000000	
472.650000	19.628991	-21.761275	0.000000	
472.700000	19.649587	-21.747108	0.000000	
472.750000	19.670221	-21.732999	0.000000	
472.800000	19.690887	-21.718936	0.000000	
472.850000	19.711593	-21.704931	0.000000	
472.900000	19.732323	-21.690962	0.000000	
472.950000	19.753081	-21.677033	0.000000	
473.000000	19.773872	-21.663156	0.000000	
473.050000	19.794696	-21.649326	0.000000	
473.100000	19.815547	-21.635539	0.000000	
473.150000	19.836420	-21.621782	0.000000	
473.200000	19.857306	-21.608048	0.000000	
473.250000	19.878216	-21.594347	0.000000	
473.300000	19.899140	-21.580669	0.000000	
473.350000	19.920085	-21.567024	0.000000	
473.400000	19.941062	-21.553429	0.000000	
473.450000	19.962078	-21.539894	0.000000	
473.500000	19.983131	-21.526416	0.000000	
473.550000	20.004211	-21.512980	0.000000	
473.600000	20.025315	-21.499582	0.000000	
473.650000	20.046442	-21.486221	0.000000	
473.700000	20.067597	-21.472905	0.000000	
473.750000	20.088766	-21.459609	0.000000	
473.800000	20.109944	-21.446327	0.000000	
473.850000	20.131135	-21.433067	0.000000	
473.900000	20.152330	-21.419812	0.000000	
473.950000	20.173532	-21.406568	0.000000	
474.000000	20.194732	-21.393320	0.000000	
474.050000	20.215917	-21.380050	0.000000	
474.100000	20.237097	-21.366772	0.000000	
474.150000	20.258279	-21.353496	0.000000	
474.200000	20.279466	-21.340228	0.000000	
474.250000	20.300647	-21.326951	0.000000	
474.300000	20.321818	-21.313660	0.000000	
474.350000	20.342987	-21.300364	0.000000	
474.400000	20.364144	-21.287051	0.000000	
474.450000	20.385276	-21.273695	0.000000	
474.500000	20.406369	-21.260282	0.000000	
474.550000	20.427436	-21.246826	0.000000	
474.600000	20.448476	-21.233329	0.000000	
474.650000	20.469491	-21.219793	0.000000	
474.700000	20.490489	-21.206228	0.000000	
474.750000	20.511480	-21.192653	0.000000	
474.800000	20.532476	-21.179084	0.000000	
474.850000	20.553481	-21.165532	0.000000	
474.900000	20.574503	-21.152007	0.000000	
474.950000	20.595537	-21.138503	0.000000	
475.000000	20.616585	-21.125020	0.000000	
475.050000	20.637640	-21.111548	0.000000	
475.100000	20.658705	-21.098091	0.000000	
475.150000	20.679780	-21.084651	0.000000	
475.200000	20.700874	-21.071240	0.000000	
475.250000	20.721982	-21.057853	0.000000	
475.300000	20.743113	-21.044501	0.000000	
475.350000	20.764265	-21.031184	0.000000	
475.400000	20.785425	-21.017878	0.000000	
475.450000	20.806595	-21.004590	0.000000	
475.500000	20.827792	-20.991342	0.000000	
475.550000	20.849031	-20.978162	0.000000	
475.600000	20.870310	-20.965045	0.000000	
475.650000	20.891627	-20.951989	0.000000	
475.700000	20.912969	-20.938972	0.000000	
475.750000	20.934331	-20.925988	0.000000	
475.800000	20.955710	-20.913031	0.000000	
475.850000	20.977107	-20.900104	0.000000	
475.900000	20.998513	-20.887194	0.000000	
475.950000	21.019926	-20.874295	0.000000	
476.000000	21.041353	-20.861419	0.000000	
476.050000	21.062789	-20.848559	0.000000	
476.100000	21.084240	-20.835723	0.000000	
476.150000	21.105715	-20.822927	0.000000	
476.200000	21.127207	-20.810159	0.000000	
476.250000	21.148704	-20.797400	0.000000	
476.300000	21.170198	-20.784635	0.000000	
476.350000	21.191685	-20.771859	0.000000	
476.400000	21.213165	-20.759072	0.000000	
476.450000	21.234645	-20.746285	0.000000	
476.500000	21.256134	-20.733512	0.000000	
476.550000	21.277633	-20.720756	0.000000	
476.600000	21.299147	-20.708026	0.000000	
476.650000	21.320682	-20.695334	0.000000	
476.700000	21.342246	-20.682695	0.000000	
476.750000	21.363851	-20.670129	0.000000	
476.800000	21.385494	-20.657631	0.000000	
476.850000	21.407185	-20.645224	0.000000	
476.900000	21.428922	-20.632905	0.000000	
476.950000	21.450718	-20.620703	0.000000	
477.000000	21.472585	-20.608647	0.000000	
477.050000	21.494535	-20.596766	0.000000	
477.100000	21.516584	-20.585097	0.000000	
477.150000	21.538737	-20.573654	0.000000	
477.200000	21.560998	-20.562455	0.000000	
477.250000	21.583376	-20.551538	0.000000	
477.300000	21.605884	-20.540928	0.000000	
477.350000	21.628531	-20.530660	0.000000	
477.400000	21.651326	-20.520746	0.000000	
477.450000	21.674273	-20.511205	0.000000	
477.500000	21.697380	-20.502064	0.000000	
477.550000	21.720636	-20.493313	0.000000	
477.600000	21.744033	-20.484943	0.000000	
477.650000	21.767561	-20.476941	0.000000	
477.700000	21.791213	-20.469301	0.000000	
477.750000	21.814986	-20.462024	0.000000	
477.800000	21.838875	-20.455104	0.000000	
477.850000	21.862880	-20.448538	0.000000	
477.900000	21.886987	-20.442303	0.000000	
477.950000	21.911193	-20.436402	0.000000	
478.000000	21.935489	-20.430810	0.000000	
478.050000	21.959859	-20.425495	0.000000	
478.100000	21.984291	-20.420415	0.000000	
478.150000	22.008776	-20.415546	0.000000	
478.200000	22.033307	-20.410860	0.000000	
478.250000	22.057874	-20.406319	0.000000	
478.300000	22.082466	-20.401892	0.000000	
478.350000	22.107080	-20.397561	0.000000	
478.400000	22.131708	-20.393304	0.000000	
478.450000	22.156350	-20.389116	0.000000	
478.500000	22.181005	-20.384988	0.000000	
478.550000	22.205668	-20.380911	0.000000	
478.600000	22.230335	-20.376856	0.000000	
478.650000	22.255005	-20.372812	0.000000	
478.700000	22.279676	-20.368783	0.000000	
478.750000	22.304347	-20.364745	0.000000	
478.800000	22.329013	-20.360682	0.000000	
478.850000	22.353672	-20.356580	0.000000	
478.900000	22.378324	-20.352438	0.000000	
478.950000	22.402967	-20.348244	0.000000	
479.000000	22.427598	-20.343986	0.000000	
479.050000	22.452216	-20.339649	0.000000	
479.100000	22.476822	-20.335247	0.000000	
479.150000	22.501421	-20.330799	0.000000	
479.200000	22.526012	-20.326311	0.000000	
479.250000	22.550597	-20.321790	0.000000	
479.300000	22.575177	-20.317240	0.000000	
479.350000	22.599751	-20.312662	0.000000	
479.400000	22.624320	-20.308055	0.000000	
479.450000	22.648884	-20.303420	0.000000	
479.500000	22.673444	-20.298760	0.000000	
479.550000	22.697998	-20.294074	0.000000	
479.600000	22.722548	-20.289361	0.000000	
479.650000	22.747097	-20.284638	0.000000	
479.700000	22.771647	-20.279929	0.000000	
479.750000	22.796200	-20.275230	0.000000	
479.800000	22.820758	-20.270566	0.000000	
479.850000	22.845323	-20.265949	0.000000	
479.900000	22.869897	-20.261378	0.000000	
479.950000	22.894479	-20.256853	0.000000	
480.000000	22.919067	-20.252363	0.000000	
480.050000	22.943663	-20.247916	0.000000	
480.100000	22.968269	-20.243526	0.000000	
480.150000	22.992885	-20.239184	0.000000	
480.200000	23.017510	-20.234901	0.000000	
480.250000	23.042145	-20.230677	0.000000	
480.300000	23.066792	-20.226517	0.000000	
480.350000	23.091449	-20.222424	0.000000	
480.400000	23.116119	-20.218404	0.000000	
480.450000	23.140802	-20.214463	0.000000	
480.500000	23.165495	-20.210577	0.000000	
480.550000	23.190199	-20.206763	0.000000	
480.600000	23.214916	-20.203026	0.000000	
480.650000	23.239641	-20.199341	0.000000	
480.700000	23.264374	-20.195715	0.000000	
480.750000	23.289116	-20.192148	0.000000	
480.800000	23.313863	-20.188613	0.000000	
480.850000	23.338613	-20.185103	0.000000	
480.900000	23.363367	-20.181624	0.000000	
480.950000	23.388126	-20.178189	0.000000	
481.000000	23.412891	-20.174786	0.000000	
481.050000	23.437660	-20.171416	0.000000	
481.100000	23.462435	-20.168083	0.000000	
481.150000	23.487217	-20.164797	0.000000	
481.200000	23.512003	-20.161546	0.000000	
481.250000	23.536790	-20.158299	0.000000	
481.300000	23.561577	-20.155045	0.000000	
481.350000	23.586360	-20.151776	0.000000	
481.400000	23.611139	-20.148474	0.000000	
481.450000	23.635909	-20.145116	0.000000	
481.500000	23.660667	-20.141687	0.000000	
481.550000	23.685418	-20.138216	0.000000	
481.600000	23.710163	-20.134699	0.000000	
481.650000	23.734898	-20.131123	0.000000	
481.700000	23.759626	-20.127498	0.000000	
481.750000	23.784345	-20.123819	0.000000	
481.800000	23.809054	-20.120068	0.000000	
481.850000	23.833757	-20.116272	0.000000	
481.900000	23.858452	-20.112429	0.000000	
481.950000	23.883142	-20.108541	0.000000	
482.000000	23.907826	-20.104611	0.000000	
482.050000	23.932507	-20.100660	0.000000	
482.100000	23.957189	-20.096714	0.000000	
482.150000	23.981869	-20.092758	0.000000	
482.200000	24.006546	-20.088779	0.000000	
482.250000	24.031222	-20.084786	0.000000	
482.300000	24.055895	-20.080778	0.000000	
482.350000	24.080568	-20.076769	0.000000	
482.400000	24.105245	-20.072787	0.000000	
482.450000	24.129929	-20.068852	0.000000	
482.500000	24.154625	-20.064991	0.000000	
482.550000	24.179332	-20.061203	0.000000	
482.600000	24.204047	-20.057462	0.000000	
482.650000	24.228768	-20.053760	0.000000	
482.700000	24.253497	-20.050109	0.000000	
482.750000	24.278233	-20.046506	0.000000	
482.800000	24.302974	-20.042934	0.000000	
482.850000	24.327719	-20.039381	0.000000	
482.900000	24.352463	-20.035825	0.000000	
482.950000	24.377206	-20.032266	0.000000	
483.000000	24.401945	-20.028677	0.000000	
483.050000	24.426678	-20.025060	0.000000	
483.100000	24.451408	-20.021415	0.000000	
483.150000	24.476133	-20.017739	0.000000	
483.200000	24.500855	-20.014044	0.000000	
483.250000	24.525575	-20.010338	0.000000	
483.300000	24.550295	-20.006629	0.000000	
483.350000	24.575018	-20.002944	0.000000	
483.400000	24.599746	-19.999289	0.000000	
483.450000	24.624475	-19.995650	0.000000	
483.500000	24.649208	-19.992039	0.000000	
483.550000	24.673943	-19.988447	0.000000	
483.600000	24.698680	-19.984875	0.000000	
483.650000	24.723421	-19.981330	0.000000	
483.700000	24.748167	-19.977824	0.000000	
483.750000	24.772915	-19.974339	0.000000	
483.800000	24.797665	-19.970868	0.000000	
483.850000	24.822418	-19.967415	0.000000	
483.900000	24.847176	-19.964002	0.000000	
483.950000	24.871942	-19.960642	0.000000	
484.000000	24.896717	-19.957343	0.000000	
484.050000	24.921503	-19.954122	0.000000	
484.100000	24.946298	-19.950959	0.000000	
484.150000	24.971099	-19.947830	0.000000	
484.200000	24.995904	-19.944739	0.000000	
484.250000	25.020716	-19.941691	0.000000	
484.300000	25.045533	-19.938678	0.000000	
484.350000	25.070354	-19.935705	0.000000	
484.400000	25.095178	-19.932746	0.000000	
484.450000	25.120003	-19.929802	0.000000	
484.500000	25.144830	-19.926873	0.000000	
484.550000	25.169655	-19.923929	0.000000	
484.600000	25.194476	-19.920954	0.000000	
484.650000	25.219294	-19.917947	0.000000	
484.700000	25.244109	-19.914922	0.000000	
484.750000	25.268919	-19.911857	0.000000	
484.800000	25.293726	-19.908768	0.000000	
484.850000	25.318531	-19.905661	0.000000	
484.900000	25.343332	-19.902526	0.000000	
484.950000	25.368129	-19.899367	0.000000	
485.000000	25.392921	-19.896167	0.000000	
485.050000	25.417707	-19.892925	0.000000	
485.100000	25.442485	-19.889622	0.000000	
485.150000	25.467259	-19.886292	0.000000	
485.200000	25.492030	-19.882940	0.000000	
485.250000	25.516796	-19.879558	0.000000	
485.300000	25.541554	-19.876120	0.000000	
485.350000	25.566306	-19.872634	0.000000	
485.400000	25.591046	-19.869068	0.000000	
485.450000	25.615776	-19.865439	0.000000	
485.500000	25.640495	-19.861727	0.000000	
485.550000	25.665204	-19.857944	0.000000	
485.600000	25.689904	-19.854102	0.000000	
485.650000	25.714596	-19.850207	0.000000	
485.700000	25.739280	-19.846259	0.000000	
485.750000	25.763950	-19.842231	0.000000	
485.800000	25.788609	-19.838142	0.000000	
485.850000	25.813259	-19.833991	0.000000	
485.900000	25.837900	-19.829784	0.000000	
485.950000	25.862534	-19.825537	0.000000	
486.000000	25.887162	-19.821255	0.000000	
486.050000	25.911786	-19.816949	0.000000	
486.100000	25.936401	-19.812594	0.000000	
486.150000	25.961013	-19.808216	0.000000	
486.200000	25.985618	-19.803800	0.000000	
486.250000	26.010218	-19.799358	0.000000	
486.300000	26.034818	-19.794908	0.000000	
486.350000	26.059417	-19.790454	0.000000	
486.400000	26.084013	-19.785986	0.000000	
486.450000	26.108610	-19.781519	0.000000	
486.500000	26.133207	-19.777055	0.000000	
486.550000	26.157804	-19.772594	0.000000	
486.600000	26.182399	-19.768119	0.000000	
486.650000	26.206994	-19.763639	0.000000	
486.700000	26.231589	-19.759164	0.000000	
486.750000	26.256186	-19.754700	0.000000	
486.800000	26.280791	-19.750278	0.000000	
486.850000	26.305402	-19.745891	0.000000	
486.900000	26.330017	-19.741524	0.000000	
486.950000	26.354634	-19.737170	0.000000	
487.000000	26.379253	-19.732825	0.000000	
487.050000	26.403870	-19.728469	0.000000	
487.100000	26.428484	-19.724097	0.000000	
487.150000	26.453096	-19.719718	0.000000	
487.200000	26.477706	-19.715323	0.000000	
487.250000	26.502310	-19.710903	0.000000	
487.300000	26.526910	-19.706459	0.000000	
487.350000	26.551504	-19.701981	0.000000	
487.400000	26.576090	-19.697461	0.000000	
487.450000	26.600673	-19.692924	0.000000	
487.500000	26.625255	-19.688381	0.000000	
487.550000	26.649837	-19.683844	0.000000	
487.600000	26.674425	-19.679338	0.000000	
487.650000	26.699019	-19.674869	0.000000	
487.700000	26.723619	-19.670435	0.000000	
487.750000	26.748226	-19.666053	0.000000	
487.800000	26.772846	-19.661765	0.000000	
487.850000	26.797480	-19.657591	0.000000	
487.900000	26.822127	-19.653533	0.000000	
487.950000	26.846789	-19.649613	0.000000	
488.000000	26.871468	-19.645842	0.000000	
488.050000	26.896165	-19.642236	0.000000	
488.100000	26.920882	-19.638816	0.000000	
488.150000	26.945621	-19.635611	0.000000	
488.200000	26.970383	-19.632642	0.000000	
488.250000	26.995169	-19.629930	0.000000	
488.300000	27.019977	-19.627505	0.000000	
488.350000	27.044808	-19.625380	0.000000	
488.400000	27.069655	-19.623586	0.000000	
488.450000	27.094521	-19.622150	0.000000	
488.500000	27.119399	-19.621095	0.000000	
488.550000	27.144283	-19.620422	0.000000	
488.600000	27.169171	-19.620126	0.000000	
488.650000	27.194053	-19.620217	0.000000	
488.700000	27.218928	-19.620698	0.000000	
488.750000	27.243792	-19.621589	0.000000	
488.800000	27.268642	-19.622863	0.000000	
488.850000	27.293473	-19.624488	0.000000	
488.900000	27.318282	-19.626444	0.000000	
488.950000	27.343069	-19.628712	0.000000	
489.000000	27.367832	-19.631289	0.000000	
489.050000	27.392567	-19.634182	0.000000	
489.100000	27.417274	-19.637389	0.000000	
489.150000	27.441950	-19.640899	0.000000	
489.200000	27.466591	-19.644708	0.000000	
489.250000	27.491201	-19.648791	0.000000	
489.300000	27.515781	-19.653113	0.000000	
489.350000	27.540335	-19.657638	0.000000	
489.400000	27.564865	-19.662349	0.000000	
489.450000	27.589373	-19.667202	0.000000	
489.500000	27.613863	-19.672176	0.000000	
489.550000	27.638339	-19.677232	0.000000	
489.600000	27.662803	-19.682359	0.000000	
489.650000	27.687258	-19.687536	0.000000	
489.700000	27.711709	-19.692731	0.000000	
489.750000	27.736158	-19.697944	0.000000	
489.800000	27.760609	-19.703139	0.000000	
489.850000	27.785065	-19.708313	0.000000	
489.900000	27.809523	-19.713474	0.000000	
489.950000	27.833988	-19.718601	0.000000	
490.000000	27.858461	-19.723688	0.000000	
490.050000	27.882944	-19.728715	0.000000	
490.100000	27.907444	-19.733652	0.000000	
490.150000	27.931962	-19.738498	0.000000	
490.200000	27.956496	-19.743253	0.000000	
490.250000	27.981052	-19.747902	0.000000	
490.300000	28.005626	-19.752459	0.000000	
490.350000	28.030213	-19.756944	0.000000	
490.400000	28.054813	-19.761364	0.000000	
490.450000	28.079423	-19.765731	0.000000	
490.500000	28.104045	-19.770036	0.000000	
490.550000	28.128677	-19.774279	0.000000	
490.600000	28.153321	-19.778457	0.000000	
490.650000	28.177975	-19.782579	0.000000	
490.700000	28.202638	-19.786652	0.000000	
490.750000	28.227309	-19.790674	0.000000	
490.800000	28.251991	-19.794631	0.000000	
490.850000	28.276684	-19.798523	0.000000	
490.900000	28.301384	-19.802371	0.000000	
490.950000	28.326093	-19.806163	0.000000	
491.000000	28.350810	-19.809914	0.000000	
491.050000	28.375531	-19.813626	0.000000	
491.100000	28.400255	-19.817325	0.000000	
491.150000	28.424978	-19.821033	0.000000	
491.200000	28.449698	-19.824758	0.000000	
491.250000	28.474415	-19.828497	0.000000	
491.300000	28.499129	-19.832261	0.000000	
491.350000	28.523839	-19.836044	0.000000	
491.400000	28.548547	-19.839844	0.000000	
491.450000	28.573252	-19.843663	0.000000	
491.500000	28.597955	-19.847487	0.000000	
491.550000	28.622656	-19.851330	0.000000	
491.600000	28.647349	-19.855216	0.000000	
491.650000	28.672031	-19.859164	0.000000	
491.700000	28.696705	-19.863161	0.000000	
491.750000	28.721373	-19.867193	0.000000	
491.800000	28.746032	-19.871279	0.000000	
491.850000	28.770683	-19.875409	0.000000	
491.900000	28.795328	-19.879581	0.000000	
491.950000	28.819972	-19.883765	0.000000	
492.000000	28.844615	-19.887951	0.000000	
492.050000	28.869258	-19.892132	0.000000	
492.100000	28.893898	-19.896341	0.000000	
492.150000	28.918534	-19.900575	0.000000	
492.200000	28.943168	-19.904821	0.000000	
492.250000	28.967802	-19.909062	0.000000	
492.300000	28.992437	-19.913302	0.000000	
492.350000	29.017074	-19.917531	0.000000	
492.400000	29.041713	-19.921743	0.000000	
492.450000	29.066358	-19.925919	0.000000	
492.500000	29.091010	-19.930058	0.000000	
492.550000	29.115665	-19.934167	0.000000	
492.600000	29.140326	-19.938248	0.000000	
492.650000	29.164991	-19.942301	0.000000	
492.700000	29.189661	-19.946332	0.000000	
492.750000	29.214336	-19.950335	0.000000	
492.800000	29.239012	-19.954328	0.000000	
492.850000	29.263695	-19.958285	0.000000	
492.900000	29.288381	-19.962230	0.000000	
492.950000	29.313063	-19.966190	0.000000	
493.000000	29.337740	-19.970184	0.000000	
493.050000	29.362407	-19.974236	0.000000	
493.100000	29.387065	-19.978343	0.000000	
493.150000	29.411718	-19.982479	0.000000	
493.200000	29.436371	-19.986616	0.000000	
493.250000	29.461021	-19.990765	0.000000	
493.300000	29.485668	-19.994937	0.000000	
493.350000	29.510313	-19.999121	0.000000	
493.400000	29.534954	-20.003329	0.000000	
493.450000	29.559590	-20.007564	0.000000	
493.500000	29.584224	-20.011815	0.000000	
493.550000	29.608853	-20.016099	0.000000	
493.600000	29.633477	-20.020411	0.000000	
493.650000	29.658094	-20.024764	0.000000	
493.700000	29.682709	-20.029129	0.000000	
493.750000	29.707328	-20.033475	0.000000	
493.800000	29.731947	-20.037817	0.000000	
493.850000	29.756567	-20.042156	0.000000	
493.900000	29.781187	-20.046492	0.000000	
493.950000	29.805806	-20.050832	0.000000	
494.000000	29.830426	-20.055170	0.000000	
494.050000	29.855049	-20.059490	0.000000	
494.100000	29.879676	-20.063791	0.000000	
494.150000	29.904302	-20.068093	0.000000	
494.200000	29.928924	-20.072422	0.000000	
494.250000	29.953535	-20.076799	0.000000	
494.300000	29.978142	-20.081206	0.000000	
494.350000	30.002745	-20.085627	0.000000	
494.400000	30.027344	-20.090073	0.000000	
494.450000	30.051941	-20.094532	0.000000	
494.500000	30.076534	-20.099010	0.000000	
494.550000	30.101119	-20.103533	0.000000	
494.600000	30.125697	-20.108090	0.000000	
494.650000	30.150273	-20.112662	0.000000	
494.700000	30.174849	-20.117233	0.000000	
494.750000	30.199425	-20.121803	0.000000	
494.800000	30.223997	-20.126398	0.000000	
494.850000	30.248567	-20.131006	0.000000	
494.900000	30.273137	-20.135611	0.000000	
494.950000	30.297703	-20.140242	0.000000	
495.000000	30.322263	-20.144904	0.000000	
495.050000	30.346817	-20.149596	0.000000	
495.100000	30.371361	-20.154337	0.000000	
495.150000	30.395899	-20.159116	0.000000	
495.200000	30.420429	-20.163930	0.000000	
495.250000	30.444955	-20.168764	0.000000	
495.300000	30.469480	-20.173600	0.000000	
495.350000	30.493998	-20.178470	0.000000	
495.400000	30.518510	-20.183373	0.000000	
495.450000	30.543019	-20.188287	0.000000	
495.500000	30.567527	-20.193207	0.000000	
495.550000	30.592032	-20.198141	0.000000	
495.600000	30.616536	-20.203080	0.000000	
495.650000	30.641040	-20.208019	0.000000	
495.700000	30.665540	-20.212980	0.000000	
495.750000	30.690037	-20.217956	0.000000	
495.800000	30.714525	-20.222977	0.000000	
495.850000	30.739003	-20.228047	0.000000	
495.900000	30.763467	-20.233181	0.000000	
495.950000	30.787911	-20.238412	0.000000	
496.000000	30.812333	-20.243739	0.000000	
496.050000	30.836729	-20.249169	0.000000	
496.100000	30.861098	-20.254707	0.000000	
496.150000	30.885431	-20.260375	0.000000	
496.200000	30.909728	-20.266176	0.000000	
496.250000	30.933993	-20.272094	0.000000	
496.300000	30.958217	-20.278151	0.000000	
496.350000	30.982389	-20.284384	0.000000	
496.400000	31.006513	-20.290774	0.000000	
496.450000	31.030578	-20.297356	0.000000	
496.500000	31.054570	-20.304167	0.000000	
496.550000	31.078493	-20.311204	0.000000	
496.600000	31.102342	-20.318474	0.000000	
496.650000	31.126108	-20.325998	0.000000	
496.700000	31.149785	-20.333793	0.000000	
496.750000	31.173371	-20.341859	0.000000	
496.800000	31.196864	-20.350207	0.000000	
496.850000	31.220266	-20.358822	0.000000	
496.900000	31.243579	-20.367690	0.000000	
496.950000	31.266807	-20.376796	0.000000	
497.000000	31.289962	-20.386105	0.000000	
497.050000	31.313052	-20.395595	0.000000	
497.100000	31.336084	-20.405241	0.000000	
497.150000	31.359059	-20.415034	0.000000	
497.200000	31.381987	-20.424948	0.000000	
497.250000	31.404870	-20.434976	0.000000	
497.300000	31.427700	-20.445136	0.000000	
497.350000	31.450487	-20.455401	0.000000	
497.400000	31.473239	-20.465747	0.000000	
497.450000	31.495951	-20.476187	0.000000	
497.500000	31.518635	-20.486690	0.000000	
497.550000	31.541295	-20.497246	0.000000	
497.600000	31.563923	-20.507869	0.000000	
497.650000	31.586525	-20.518551	0.000000	
497.700000	31.609108	-20.529271	0.000000	
497.750000	31.631670	-20.540035	0.000000	
497.800000	31.654209	-20.550843	0.000000	
497.850000	31.676735	-20.561679	0.000000	
497.900000	31.699254	-20.572529	0.000000	
497.950000	31.721761	-20.583403	0.000000	
498.000000	31.744258	-20.594297	0.000000	
498.050000	31.766739	-20.605223	0.000000	
498.100000	31.789208	-20.616177	0.000000	
498.150000	31.811664	-20.627157	0.000000	
498.200000	31.834108	-20.638163	0.000000	
498.250000	31.856540	-20.649195	0.000000	
498.300000	31.878956	-20.660259	0.000000	
498.350000	31.901367	-20.671335	0.000000	
498.400000	31.923766	-20.682435	0.000000	
498.450000	31.946154	-20.693557	0.000000	
498.500000	31.968543	-20.704680	0.000000	
498.550000	31.990929	-20.715806	0.000000	
498.600000	32.013315	-20.726934	0.000000	
498.650000	32.035699	-20.738066	0.000000	
498.700000	32.058076	-20.749210	0.000000	
498.750000	32.080451	-20.760358	0.000000	
498.800000	32.102830	-20.771501	0.000000	
498.850000	32.125216	-20.782627	0.000000	
498.900000	32.147612	-20.793735	0.000000	
498.950000	32.170011	-20.804837	0.000000	
499.000000	32.192410	-20.815938	0.000000	
499.050000	32.214812	-20.827033	0.000000	
499.100000	32.237212	-20.838133	0.000000	
499.150000	32.259601	-20.849255	0.000000	
499.200000	32.281986	-20.860384	0.000000	
499.250000	32.304376	-20.871503	0.000000	
499.300000	32.326770	-20.882616	0.000000	
499.350000	32.349175	-20.893703	0.000000	
499.400000	32.371585	-20.904781	0.000000	
499.450000	32.394010	-20.915828	0.000000	
499.500000	32.416443	-20.926858	0.000000	
499.550000	32.438879	-20.937880	0.000000	
499.600000	32.461318	-20.948899	0.000000	
499.650000	32.483766	-20.959896	0.000000	
499.700000	32.506231	-20.970860	0.000000	
499.750000	32.528723	-20.981767	0.000000	
499.800000	32.551239	-20.992625	0.000000	
499.850000	32.573781	-21.003427	0.000000	
499.900000	32.596342	-21.014190	0.000000	
499.950000	32.618914	-21.024932	0.000000	
500.000000	32.641491	-21.035661	0.000000	
500.050000	32.664079	-21.046369	0.000000	
500.100000	32.686677	-21.057055	0.000000	
500.150000	32.709288	-21.067718	0.000000	
500.200000	32.731914	-21.078348	0.000000	
500.250000	32.754542	-21.088974	0.000000	
500.300000	32.777167	-21.099605	0.000000	
500.350000	32.799794	-21.110234	0.000000	
500.400000	32.822415	-21.120876	0.000000	
500.450000	32.845027	-21.131536	0.000000	
500.500000	32.867630	-21.142214	0.000000	
500.550000	32.890239	-21.152879	0.000000	
500.600000	32.912856	-21.163528	0.000000	
500.650000	32.935486	-21.174149	0.000000	
500.700000	32.958133	-21.184733	0.000000	
500.750000	32.980797	-21.195276	0.000000	
500.800000	33.003480	-21.205775	0.000000	
500.850000	33.026187	-21.216219	0.000000	
500.900000	33.048910	-21.226624	0.000000	
500.950000	33.071657	-21.236972	0.000000	
501.000000	33.094436	-21.247244	0.000000	
501.050000	33.117250	-21.257437	0.000000	
501.100000	33.140101	-21.267545	0.000000	
501.150000	33.162987	-21.277570	0.000000	
501.200000	33.185907	-21.287518	0.000000	
501.250000	33.208854	-21.297405	0.000000	
501.300000	33.231835	-21.307216	0.000000	
501.350000	33.254845	-21.316962	0.000000	
501.400000	33.277882	-21.326647	0.000000	
501.450000	33.300945	-21.336274	0.000000	
501.500000	33.324044	-21.345820	0.000000	
501.550000	33.347170	-21.355307	0.000000	
501.600000	33.370314	-21.364752	0.000000	
501.650000	33.393480	-21.374145	0.000000	
501.700000	33.416662	-21.383503	0.000000	
501.750000	33.439857	-21.392828	0.000000	
501.800000	33.463061	-21.402128	0.000000	
501.850000	33.486275	-21.411405	0.000000	
501.900000	33.509493	-21.420671	0.000000	
501.950000	33.532717	-21.429924	0.000000	
502.000000	33.555947	-21.439158	0.000000	
502.050000	33.579184	-21.448375	0.000000	
502.100000	33.602427	-21.457577	0.000000	
502.150000	33.625675	-21.466765	0.000000	
502.200000	33.648932	-21.475929	0.000000	
502.250000	33.672205	-21.485051	0.000000	
502.300000	33.695491	-21.494138	0.000000	
502.350000	33.718792	-21.503189	0.000000	
502.400000	33.742101	-21.512217	0.000000	
502.450000	33.765417	-21.521230	0.000000	
502.500000	33.788735	-21.530237	0.000000	
502.550000	33.812042	-21.539270	0.000000	
502.600000	33.835331	-21.548343	0.000000	
502.650000	33.858603	-21.557457	0.000000	
502.700000	33.881845	-21.566638	0.000000	
502.750000	33.905053	-21.575896	0.000000	
502.800000	33.928212	-21.585263	0.000000	
502.850000	33.951319	-21.594743	0.000000	
502.900000	33.974367	-21.604356	0.000000	
502.950000	33.997351	-21.614109	0.000000	
503.000000	34.020256	-21.624025	0.000000	
503.050000	34.043064	-21.634141	0.000000	
503.100000	34.065751	-21.644497	0.000000	
503.150000	34.088319	-21.655088	0.000000	
503.200000	34.110751	-21.665939	0.000000	
503.250000	34.133038	-21.677069	0.000000	
503.300000	34.155162	-21.688507	0.000000	
503.350000	34.177109	-21.700263	0.000000	
503.400000	34.198858	-21.712365	0.000000	
503.450000	34.220401	-21.724811	0.000000	
503.500000	34.241739	-21.737596	0.000000	
503.550000	34.262861	-21.750726	0.000000	
503.600000	34.283763	-21.764192	0.000000	
503.650000	34.304448	-21.777982	0.000000	
503.700000	34.324914	-21.792093	0.000000	
503.750000	34.345158	-21.806523	0.000000	
503.800000	34.365186	-21.821260	0.000000	
503.850000	34.385017	-21.836275	0.000000	
503.900000	34.404654	-21.851562	0.000000	
503.950000	34.424103	-21.867113	0.000000	
504.000000	34.443368	-21.882917	0.000000	
504.050000	34.462455	-21.898958	0.000000	
504.100000	34.481382	-21.915203	0.000000	
504.150000	34.500165	-21.931630	0.000000	
504.200000	34.518806	-21.948234	0.000000	
504.250000	34.537325	-21.964986	0.000000	
504.300000	34.555735	-21.981872	0.000000	
504.350000	34.574041	-21.998882	0.000000	
504.400000	34.592253	-22.015998	0.000000	
504.450000	34.610398	-22.033190	0.000000	
504.500000	34.628482	-22.050446	0.000000	
504.550000	34.646497	-22.067777	0.000000	
504.600000	34.664446	-22.085176	0.000000	
504.650000	34.682356	-22.102614	0.000000	
504.700000	34.700238	-22.120081	0.000000	
504.750000	34.718091	-22.137578	0.000000	
504.800000	34.735929	-22.155091	0.000000	
504.850000	34.753745	-22.172625	0.000000	
504.900000	34.771543	-22.190177	0.000000	
504.950000	34.789329	-22.207742	0.000000	
505.000000	34.807103	-22.225319	0.000000	
505.050000	34.824856	-22.242919	0.000000	
505.100000	34.842588	-22.260539	0.000000	
505.150000	34.860285	-22.278194	0.000000	
505.200000	34.877947	-22.295883	0.000000	
505.250000	34.895563	-22.313618	0.000000	
505.300000	34.913126	-22.331403	0.000000	
505.350000	34.930631	-22.349246	0.000000	
505.400000	34.948079	-22.367144	0.000000	
505.450000	34.965480	-22.385088	0.000000	
505.500000	34.982814	-22.403094	0.000000	
505.550000	35.000080	-22.421164	0.000000	
505.600000	35.017295	-22.439281	0.000000	
505.650000	35.034482	-22.457423	0.000000	
505.700000	35.051639	-22.475595	0.000000	
505.750000	35.068749	-22.493810	0.000000	
505.800000	35.085803	-22.512076	0.000000	
505.850000	35.102785	-22.530408	0.000000	
505.900000	35.119709	-22.548794	0.000000	
505.950000	35.136558	-22.567249	0.000000	
506.000000	35.153317	-22.585787	0.000000	
506.050000	35.169973	-22.604418	0.000000	
506.100000	35.186552	-22.623120	0.000000	
506.150000	35.203066	-22.641882	0.000000	
506.200000	35.219521	-22.660696	0.000000	
506.250000	35.235927	-22.679554	0.000000	
506.300000	35.252291	-22.698449	0.000000	
506.350000	35.268614	-22.717380	0.000000	
506.400000	35.284876	-22.736363	0.000000	
506.450000	35.301089	-22.755389	0.000000	
506.500000	35.317241	-22.774466	0.000000	
506.550000	35.333353	-22.793576	0.000000	
506.600000	35.349434	-22.812712	0.000000	
506.650000	35.365486	-22.831873	0.000000	
506.700000	35.381507	-22.851060	0.000000	
506.750000	35.397494	-22.870277	0.000000	
506.800000	35.413461	-22.889512	0.000000	
506.850000	35.429426	-22.908748	0.000000	
506.900000	35.445392	-22.927984	0.000000	
506.950000	35.461354	-22.947223	0.000000	
507.000000	35.477315	-22.966462	0.000000	
507.050000	35.493297	-22.985684	0.000000	
507.100000	35.509322	-23.004870	0.000000	
507.150000	35.525372	-23.024033	0.000000	
507.200000	35.541446	-23.043176	0.000000	
507.250000	35.557559	-23.062285	0.000000	
507.300000	35.573699	-23.081369	0.000000	
507.350000	35.589876	-23.100423	0.000000	
507.400000	35.606094	-23.119440	0.000000	
507.450000	35.622377	-23.138401	0.000000	
507.500000	35.638726	-23.157303	0.000000	
507.550000	35.655146	-23.176146	0.000000	
507.600000	35.671621	-23.194941	0.000000	
507.650000	35.688160	-23.213681	0.000000	
507.700000	35.704753	-23.232375	0.000000	
507.750000	35.721381	-23.251038	0.000000	
507.800000	35.738028	-23.269685	0.000000	
507.850000	35.754691	-23.288318	0.000000	
507.900000	35.771359	-23.306947	0.000000	
507.950000	35.788044	-23.325560	0.000000	
508.000000	35.804754	-23.344153	0.000000	
508.050000	35.821476	-23.362735	0.000000	
508.100000	35.838189	-23.381325	0.000000	
508.150000	35.854876	-23.399937	0.000000	
508.200000	35.871551	-23.418560	0.000000	
508.250000	35.888201	-23.437204	0.000000	
508.300000	35.904815	-23.455880	0.000000	
508.350000	35.921398	-23.474583	0.000000	
508.400000	35.937952	-23.493312	0.000000	
508.450000	35.954482	-23.512061	0.000000	
508.500000	35.970980	-23.530840	0.000000	
508.550000	35.987441	-23.549652	0.000000	
508.600000	36.003884	-23.568480	0.000000	
508.650000	36.020327	-23.587308	0.000000	
508.700000	36.036752	-23.606153	0.000000	
508.750000	36.053163	-23.625010	0.000000	
508.800000	36.069573	-23.643868	0.000000	
508.850000	36.085997	-23.662714	0.000000	
508.900000	36.102430	-23.681552	0.000000	
508.950000	36.118869	-23.700384	0.000000	
509.000000	36.135311	-23.719214	0.000000	
509.050000	36.151749	-23.738048	0.000000	
509.100000	36.168200	-23.756869	0.000000	
509.150000	36.184666	-23.775678	0.000000	
509.200000	36.201143	-23.794478	0.000000	
509.250000	36.217631	-23.813267	0.000000	
509.300000	36.234146	-23.832034	0.000000	
509.350000	36.250690	-23.850775	0.000000	
509.400000	36.267266	-23.869488	0.000000	
509.450000	36.283868	-23.888179	0.000000	
509.500000	36.300475	-23.906866	0.000000	
509.550000	36.317081	-23.925552	0.000000	
509.600000	36.333689	-23.944238	0.000000	
509.650000	36.350295	-23.962925	0.000000	
509.700000	36.366881	-23.981630	0.000000	
509.750000	36.383461	-24.000340	0.000000	
509.800000	36.400026	-24.019063	0.000000	
509.850000	36.416567	-24.037808	0.000000	
509.900000	36.433070	-24.056586	0.000000	
509.950000	36.449554	-24.075380	0.000000	
510.000000	36.466022	-24.094187	0.000000	
510.050000	36.482488	-24.112998	0.000000	
510.100000	36.498947	-24.131814	0.000000	
510.150000	36.515392	-24.150642	0.000000	
510.200000	36.531837	-24.169470	0.000000	
510.250000	36.548303	-24.188279	0.000000	
510.300000	36.564790	-24.207070	0.000000	
510.350000	36.581300	-24.225840	0.000000	
510.400000	36.597839	-24.244583	0.000000	
510.450000	36.614390	-24.263315	0.000000	
510.500000	36.630957	-24.282032	0.000000	
510.550000	36.647553	-24.300722	0.000000	
510.600000	36.664187	-24.319379	0.000000	
510.650000	36.680860	-24.338000	0.000000	
510.700000	36.697551	-24.356605	0.000000	
510.750000	36.714276	-24.375179	0.000000	
510.800000	36.731022	-24.393734	0.000000	
510.850000	36.747787	-24.412272	0.000000	
510.900000	36.764583	-24.430783	0.000000	
510.950000	36.781418	-24.449261	0.000000	
511.000000	36.798273	-24.467720	0.000000	
511.050000	36.815139	-24.486170	0.000000	
511.100000	36.832007	-24.504618	0.000000	
511.150000	36.848875	-24.523067	0.000000	
511.200000	36.865757	-24.541502	0.000000	
511.250000	36.882644	-24.559933	0.000000	
511.300000	36.899535	-24.578361	0.000000	
511.350000	36.916433	-24.596783	0.000000	
511.400000	36.933337	-24.615198	0.000000	
511.450000	36.950246	-24.633609	0.000000	
511.500000	36.967183	-24.651993	0.000000	
511.550000	36.984155	-24.670343	0.000000	
511.600000	37.001167	-24.688653	0.000000	
511.650000	37.018210	-24.706933	0.000000	
511.700000	37.035285	-24.725182	0.000000	
511.750000	37.052391	-24.743401	0.000000	
511.800000	37.069526	-24.761591	0.000000	
511.850000	37.086710	-24.779734	0.000000	
511.900000	37.103948	-24.797826	0.000000	
511.950000	37.121220	-24.815885	0.000000	
512.000000	37.138522	-24.833915	0.000000	
512.050000	37.155864	-24.851908	0.000000	
512.100000	37.173263	-24.869848	0.000000	
512.150000	37.190725	-24.887729	0.000000	
512.200000	37.208261	-24.905539	0.000000	
512.250000	37.225845	-24.923303	0.000000	
512.300000	37.243473	-24.941027	0.000000	
512.350000	37.261141	-24.958712	0.000000	
512.400000	37.278847	-24.976358	0.000000	
512.450000	37.296597	-24.993961	0.000000	
512.500000	37.314396	-25.011515	0.000000	
512.550000	37.332231	-25.029029	0.000000	
512.600000	37.350094	-25.046515	0.000000	
512.650000	37.367973	-25.063985	0.000000	
512.700000	37.385868	-25.081437	0.000000	
512.750000	37.403770	-25.098882	0.000000	
512.800000	37.421690	-25.116309	0.000000	
512.850000	37.439629	-25.133717	0.000000	
512.900000	37.457580	-25.151112	0.000000	
512.950000	37.475537	-25.168501	0.000000	
513.000000	37.493502	-25.185882	0.000000	
513.050000	37.511494	-25.203236	0.000000	
513.100000	37.529517	-25.220557	0.000000	
513.150000	37.547571	-25.237847	0.000000	
513.200000	37.565635	-25.255126	0.000000	
513.250000	37.583701	-25.272404	0.000000	
513.300000	37.601774	-25.289675	0.000000	
513.350000	37.619867	-25.306924	0.000000	
513.400000	37.637980	-25.324154	0.000000	
513.450000	37.656101	-25.341375	0.000000	
513.500000	37.674229	-25.358590	0.000000	
513.550000	37.692364	-25.375796	0.000000	
513.600000	37.710514	-25.392985	0.000000	
513.650000	37.728670	-25.410169	0.000000	
513.700000	37.746834	-25.427342	0.000000	
513.750000	37.765001	-25.444514	0.000000	
513.800000	37.783168	-25.461685	0.000000	
513.850000	37.801342	-25.478849	0.000000	
513.900000	37.819516	-25.496013	0.000000	
513.950000	37.837692	-25.513175	0.000000	
514.000000	37.855880	-25.530324	0.000000	
514.050000	37.874094	-25.547446	0.000000	
514.100000	37.892333	-25.564541	0.000000	
514.150000	37.910601	-25.581604	0.000000	
514.200000	37.928904	-25.598627	0.000000	
514.250000	37.947247	-25.615608	0.000000	
514.300000	37.965635	-25.632539	0.000000	
514.350000	37.984074	-25.649413	0.000000	
514.400000	38.002566	-25.666229	0.000000	
514.450000	38.021098	-25.683002	0.000000	
514.500000	38.039676	-25.699722	0.000000	
514.550000	38.058294	-25.716398	0.000000	
514.600000	38.076948	-25.733031	0.000000	
514.650000	38.095635	-25.749626	0.000000	
514.700000	38.114370	-25.766165	0.000000	
514.750000	38.133163	-25.782634	0.000000	
514.800000	38.152030	-25.799017	0.000000	
514.850000	38.170979	-25.815306	0.000000	
514.900000	38.190015	-25.831491	0.000000	
514.950000	38.209136	-25.847578	0.000000	
515.000000	38.228341	-25.863564	0.000000	
515.050000	38.247625	-25.879458	0.000000	
515.100000	38.266978	-25.895268	0.000000	
515.150000	38.286386	-25.911015	0.000000	
515.200000	38.305844	-25.926699	0.000000	
515.250000	38.325336	-25.942343	0.000000	
515.300000	38.344878	-25.957924	0.000000	
515.350000	38.364456	-25.973462	0.000000	
515.400000	38.384079	-25.988943	0.000000	
515.450000	38.403753	-26.004360	0.000000	
515.500000	38.423475	-26.019717	0.000000	
515.550000	38.443248	-26.035010	0.000000	
515.600000	38.463070	-26.050241	0.000000	
515.650000	38.482927	-26.065426	0.000000	
515.700000	38.502810	-26.080578	0.000000	
515.750000	38.522717	-26.095698	0.000000	
515.800000	38.542642	-26.110796	0.000000	
515.850000	38.562577	-26.125880	0.000000	
515.900000	38.582525	-26.140948	0.000000	
515.950000	38.602478	-26.156009	0.000000	
516.000000	38.622445	-26.171050	0.000000	
516.050000	38.642414	-26.186090	0.000000	
516.100000	38.662387	-26.201125	0.000000	
516.150000	38.682374	-26.216140	0.000000	
516.200000	38.702379	-26.231131	0.000000	
516.250000	38.722392	-26.246113	0.000000	
516.300000	38.742404	-26.261096	0.000000	
516.350000	38.762401	-26.276098	0.000000	
516.400000	38.782371	-26.291133	0.000000	
516.450000	38.802277	-26.306246	0.000000	
516.500000	38.822084	-26.321476	0.000000	
516.550000	38.841780	-26.336834	0.000000	
516.600000	38.861322	-26.352364	0.000000	
516.650000	38.880669	-26.368104	0.000000	
516.700000	38.899792	-26.384073	0.000000	
516.750000	38.918671	-26.400283	0.000000	
516.800000	38.937281	-26.416753	0.000000	
516.850000	38.955580	-26.433513	0.000000	
516.900000	38.973527	-26.450587	0.000000	
516.950000	38.991079	-26.467999	0.000000	
517.000000	39.008183	-26.485777	0.000000	
517.050000	39.024802	-26.503943	0.000000	
517.100000	39.040916	-26.522500	0.000000	
517.150000	39.056508	-26.541450	0.000000	
517.200000	39.071549	-26.560812	0.000000	
517.250000	39.086015	-26.580592	0.000000	
517.300000	39.099894	-26.600793	0.000000	
517.350000	39.113177	-26.621401	0.000000	
517.400000	39.125862	-26.642413	0.000000	
517.450000	39.137937	-26.663810	0.000000	
517.500000	39.149408	-26.685569	0.000000	
517.550000	39.160301	-26.707661	0.000000	
517.600000	39.170640	-26.730066	0.000000	
517.650000	39.180440	-26.752755	0.000000	
517.700000	39.189731	-26.775695	0.000000	
517.750000	39.198530	-26.798862	0.000000	
517.800000	39.206863	-26.822237	0.000000	
517.850000	39.214762	-26.845800	0.000000	
517.900000	39.222259	-26.869529	0.000000	
517.950000	39.229383	-26.893397	0.000000	
518.000000	39.236173	-26.917383	0.000000	
518.050000	39.242692	-26.941459	0.000000	
518.100000	39.248967	-26.965612	0.000000	
518.150000	39.255026	-26.989829	0.000000	
518.200000	39.260887	-27.014103	0.000000	
518.250000	39.266585	-27.038423	0.000000	
518.300000	39.272138	-27.062783	0.000000	
518.350000	39.277555	-27.087178	0.000000	
518.400000	39.282845	-27.111604	0.000000	
518.450000	39.288005	-27.136060	0.000000	
518.500000	39.293061	-27.160538	0.000000	
518.550000	39.298029	-27.185035	0.000000	
518.600000	39.302922	-27.209547	0.000000	
518.650000	39.307739	-27.234075	0.000000	
518.700000	39.312496	-27.258616	0.000000	
518.750000	39.317188	-27.283169	0.000000	
518.800000	39.321844	-27.307728	0.000000	
518.850000	39.326480	-27.332292	0.000000	
518.900000	39.331092	-27.356861	0.000000	
518.950000	39.335698	-27.381431	0.000000	
519.000000	39.340316	-27.405998	0.000000	
519.050000	39.344940	-27.430564	0.000000	
519.100000	39.349565	-27.455131	0.000000	
519.150000	39.354186	-27.479697	0.000000	
519.200000	39.358819	-27.504262	0.000000	
519.250000	39.363460	-27.528825	0.000000	
519.300000	39.368100	-27.553388	0.000000	
519.350000	39.372742	-27.577951	0.000000	
519.400000	39.377387	-27.602513	0.000000	
519.450000	39.382032	-27.627075	0.000000	
519.500000	39.386684	-27.651636	0.000000	
519.550000	39.391335	-27.676197	0.000000	
519.600000	39.395998	-27.700756	0.000000	
519.650000	39.400648	-27.725317	0.000000	
519.700000	39.405265	-27.749884	0.000000	
519.750000	39.409868	-27.774453	0.000000	
519.800000	39.414476	-27.799021	0.000000	
519.850000	39.419080	-27.823590	0.000000	
519.900000	39.423671	-27.848161	0.000000	
519.950000	39.428253	-27.872734	0.000000	
520.000000	39.432805	-27.897313	0.000000	
520.050000	39.437316	-27.921899	0.000000	
520.100000	39.441797	-27.946491	0.000000	
520.150000	39.446249	-27.971088	0.000000	
520.200000	39.450686	-27.995688	0.000000	
520.250000	39.455097	-28.020294	0.000000	
520.300000	39.459491	-28.044902	0.000000	
520.350000	39.463858	-28.069516	0.000000	
520.400000	39.468212	-28.094133	0.000000	
520.450000	39.472542	-28.118754	0.000000	
520.500000	39.476877	-28.143374	0.000000	
520.550000	39.481220	-28.167992	0.000000	
520.600000	39.485593	-28.192605	0.000000	
520.650000	39.489984	-28.217215	0.000000	
520.700000	39.494391	-28.241823	0.000000	
520.750000	39.498820	-28.266426	0.000000	
520.800000	39.503244	-28.291031	0.000000	
520.850000	39.507653	-28.315637	0.000000	
520.900000	39.512039	-28.340248	0.000000	
520.950000	39.516407	-28.364861	0.000000	
521.000000	39.520731	-28.389482	0.000000	
521.050000	39.525021	-28.414108	0.000000	
521.100000	39.529302	-28.438736	0.000000	
521.150000	39.533557	-28.463368	0.000000	
521.200000	39.537793	-28.488004	0.000000	
521.250000	39.542012	-28.512642	0.000000	
521.300000	39.546219	-28.537282	0.000000	
521.350000	39.550419	-28.561924	0.000000	
521.400000	39.554623	-28.586565	0.000000	
521.450000	39.558832	-28.611204	0.000000	
521.500000	39.563071	-28.635839	0.000000	
521.550000	39.567327	-28.660469	0.000000	
521.600000	39.571606	-28.685096	0.000000	
521.650000	39.575918	-28.709715	0.000000	
521.700000	39.580249	-28.734331	0.000000	
521.750000	39.584611	-28.758940	0.000000	
521.800000	39.588995	-28.783546	0.000000	
521.850000	39.593415	-28.808145	0.000000	
521.900000	39.597860	-28.832740	0.000000	
521.950000	39.602340	-28.857330	0.000000	
522.000000	39.606836	-28.881917	0.000000	
522.050000	39.611354	-28.906500	0.000000	
522.100000	39.615878	-28.931082	0.000000	
522.150000	39.620397	-28.955665	0.000000	
522.200000	39.624923	-28.980248	0.000000	
522.250000	39.629437	-29.004831	0.000000	
522.300000	39.633920	-29.029420	0.000000	
522.350000	39.638360	-29.054016	0.000000	
522.400000	39.642751	-29.078619	0.000000	
522.450000	39.647070	-29.103234	0.000000	
522.500000	39.651311	-29.127861	0.000000	
522.550000	39.655475	-29.152502	0.000000	
522.600000	39.659580	-29.177153	0.000000	
522.650000	39.663623	-29.201815	0.000000	
522.700000	39.667597	-29.226491	0.000000	
522.750000	39.671506	-29.251178	0.000000	
522.800000	39.675355	-29.275876	0.000000	
522.850000	39.679172	-29.300579	0.000000	
522.900000	39.682950	-29.325290	0.000000	
522.950000	39.686694	-29.350006	0.000000	
523.000000	39.690394	-29.374729	0.000000	
523.050000	39.694048	-29.399459	0.000000	
523.100000	39.697668	-29.424194	0.000000	
523.150000	39.701262	-29.448933	0.000000	
523.200000	39.704840	-29.473675	0.000000	
523.250000	39.708394	-29.498419	0.000000	
523.300000	39.711933	-29.523166	0.000000	
523.350000	39.715461	-29.547915	0.000000	
523.400000	39.718975	-29.572665	0.000000	
523.450000	39.722476	-29.597417	0.000000	
523.500000	39.725981	-29.622169	0.000000	
523.550000	39.729488	-29.646920	0.000000	
523.600000	39.732978	-29.671673	0.000000	
523.650000	39.736442	-29.696430	0.000000	
523.700000	39.739870	-29.721193	0.000000	
523.750000	39.743251	-29.745961	0.000000	
523.800000	39.746582	-29.770737	0.000000	
523.850000	39.749876	-29.795517	0.000000	
523.900000	39.753113	-29.820305	0.000000	
523.950000	39.756306	-29.845099	0.000000	
524.000000	39.759458	-29.869899	0.000000	
524.050000	39.762557	-29.894705	0.000000	
524.100000	39.765623	-29.919514	0.000000	
524.150000	39.768658	-29.944328	0.000000	
524.200000	39.771667	-29.969145	0.000000	
524.250000	39.774629	-29.993967	0.000000	
524.300000	39.777554	-30.018794	0.000000	
524.350000	39.780434	-30.043626	0.000000	
524.400000	39.783273	-30.068463	0.000000	
524.450000	39.786084	-30.093303	0.000000	
524.500000	39.788880	-30.118144	0.000000	
524.550000	39.791663	-30.142987	0.000000	
524.600000	39.794439	-30.167832	0.000000	
524.650000	39.797216	-30.192676	0.000000	
524.700000	39.799985	-30.217521	0.000000	
524.750000	39.802755	-30.242366	0.000000	
524.800000	39.805542	-30.267209	0.000000	
524.850000	39.808345	-30.292050	0.000000	
524.900000	39.811133	-30.316892	0.000000	
524.950000	39.813928	-30.341734	0.000000	
525.000000	39.816727	-30.366576	0.000000	
525.050000	39.819531	-30.391416	0.000000	
525.100000	39.822372	-30.416253	0.000000	
525.150000	39.825224	-30.441088	0.000000	
525.200000	39.828085	-30.465923	0.000000	
525.250000	39.830954	-30.490756	0.000000	
525.300000	39.833833	-30.515589	0.000000	
525.350000	39.836732	-30.540419	0.000000	
525.400000	39.839642	-30.565248	0.000000	
525.450000	39.842568	-30.590075	0.000000	
525.500000	39.845517	-30.614900	0.000000	
525.550000	39.848475	-30.639724	0.000000	
525.600000	39.851433	-30.664548	0.000000	
525.650000	39.854388	-30.689372	0.000000	
525.700000	39.857343	-30.714196	0.000000	
525.750000	39.860303	-30.739020	0.000000	
525.800000	39.863253	-30.763845	0.000000	
525.850000	39.866196	-30.788670	0.000000	
525.900000	39.869165	-30.813493	0.000000	
525.950000	39.872186	-30.838308	0.000000	
526.000000	39.875259	-30.863116	0.000000	
526.050000	39.878375	-30.887918	0.000000	
526.100000	39.881542	-30.912713	0.000000	
526.150000	39.884761	-30.937500	0.000000	
526.200000	39.888063	-30.962275	0.000000	
526.250000	39.891451	-30.987036	0.000000	
526.300000	39.894932	-31.011783	0.000000	
526.350000	39.898506	-31.036516	0.000000	
526.400000	39.902176	-31.061234	0.000000	
526.450000	39.905940	-31.085937	0.000000	
526.500000	39.909810	-31.110624	0.000000	
526.550000	39.913781	-31.135295	0.000000	
526.600000	39.917843	-31.159950	0.000000	
526.650000	39.922017	-31.184587	0.000000	
526.700000	39.926308	-31.209204	0.000000	
526.750000	39.930696	-31.233805	0.000000	
526.800000	39.935190	-31.258387	0.000000	
526.850000	39.939809	-31.282948	0.000000	
526.900000	39.944529	-31.307491	0.000000	
526.950000	39.949342	-31.332018	0.000000	
527.000000	39.954255	-31.356524	0.000000	
527.050000	39.959260	-31.381012	0.000000	
527.100000	39.964349	-31.405483	0.000000	
527.150000	39.969520	-31.429938	0.000000	
527.200000	39.974743	-31.454383	0.000000	
527.250000	39.980018	-31.478817	0.000000	
527.300000	39.985335	-31.503242	0.000000	
527.350000	39.990682	-31.527661	0.000000	
527.400000	39.996075	-31.552070	0.000000	
527.450000	40.001500	-31.576472	0.000000	
527.500000	40.006960	-31.600867	0.000000	
527.550000	40.012433	-31.625259	0.000000	
527.600000	40.017909	-31.649651	0.000000	
527.650000	40.023407	-31.674038	0.000000	
527.700000	40.028913	-31.698423	0.000000	
527.750000	40.034405	-31.722811	0.000000	
527.800000	40.039900	-31.747199	0.000000	
527.850000	40.045387	-31.771588	0.000000	
527.900000	40.050841	-31.795984	0.000000	
527.950000	40.056256	-31.820388	0.000000	
528.000000	40.061609	-31.844805	0.000000	
528.050000	40.066873	-31.869239	0.000000	
528.100000	40.072032	-31.893695	0.000000	
528.150000	40.077093	-31.918169	0.000000	
528.200000	40.082042	-31.942663	0.000000	
528.250000	40.086876	-31.967177	0.000000	
528.300000	40.091578	-31.991714	0.000000	
528.350000	40.096164	-32.016272	0.000000	
528.400000	40.100647	-32.040848	0.000000	
528.450000	40.105007	-32.065446	0.000000	
528.500000	40.109257	-32.090063	0.000000	
528.550000	40.113403	-32.114700	0.000000	
528.600000	40.117454	-32.139352	0.000000	
528.650000	40.121427	-32.164018	0.000000	
528.700000	40.125329	-32.188698	0.000000	
528.750000	40.129156	-32.213392	0.000000	
528.800000	40.132934	-32.238095	0.000000	
528.850000	40.136672	-32.262806	0.000000	
528.900000	40.140359	-32.287527	0.000000	
528.950000	40.144024	-32.312252	0.000000	
529.000000	40.147677	-32.336979	0.000000	
529.050000	40.151342	-32.361704	0.000000	
529.100000	40.155035	-32.386423	0.000000	
529.150000	40.158779	-32.411135	0.000000	
529.200000	40.162587	-32.435834	0.000000	
529.250000	40.166479	-32.460520	0.000000	
529.300000	40.170476	-32.485188	0.000000	
529.350000	40.174588	-32.509837	0.000000	
529.400000	40.178817	-32.534464	0.000000	
529.450000	40.183147	-32.559075	0.000000	
529.500000	40.187592	-32.583665	0.000000	
529.550000	40.192140	-32.608237	0.000000	
529.600000	40.196783	-32.632792	0.000000	
529.650000	40.201527	-32.657330	0.000000	
529.700000	40.206360	-32.681852	0.000000	
529.750000	40.211261	-32.706361	0.000000	
529.800000	40.216212	-32.730861	0.000000	
529.850000	40.221206	-32.755353	0.000000	
529.900000	40.226243	-32.779836	0.000000	
529.950000	40.231354	-32.804305	0.000000	
530.000000	40.236514	-32.828764	0.000000	
530.050000	40.241736	-32.853210	0.000000	
530.100000	40.246999	-32.877648	0.000000	
530.150000	40.252316	-32.902075	0.000000	
530.200000	40.257663	-32.926496	0.000000	
530.250000	40.263050	-32.950908	0.000000	
530.300000	40.268455	-32.975315	0.000000	
530.350000	40.273881	-32.999719	0.000000	
530.400000	40.279314	-33.024120	0.000000	
530.450000	40.284729	-33.048526	0.000000	
530.500000	40.290129	-33.072935	0.000000	
530.550000	40.295505	-33.097349	0.000000	
530.600000	40.300845	-33.121770	0.000000	
530.650000	40.306183	-33.146192	0.000000	
530.700000	40.311526	-33.170613	0.000000	
530.750000	40.316874	-33.195032	0.000000	
530.800000	40.322229	-33.219451	0.000000	
530.850000	40.327614	-33.243862	0.000000	
530.900000	40.333017	-33.268270	0.000000	
530.950000	40.338414	-33.292679	0.000000	
531.000000	40.343801	-33.317091	0.000000	
531.050000	40.349172	-33.341505	0.000000	
531.100000	40.354521	-33.365925	0.000000	
531.150000	40.359852	-33.390348	0.000000	
531.200000	40.365161	-33.414777	0.000000	
531.250000	40.370448	-33.439210	0.000000	
531.300000	40.375692	-33.463652	0.000000	
531.350000	40.380904	-33.488101	0.000000	
531.400000	40.386075	-33.512559	0.000000	
531.450000	40.391217	-33.537023	0.000000	
531.500000	40.396355	-33.561488	0.000000	
531.550000	40.401506	-33.585951	0.000000	
531.600000	40.406659	-33.610412	0.000000	
531.650000	40.411830	-33.634870	0.000000	
531.700000	40.417003	-33.659328	0.000000	
531.750000	40.422159	-33.683790	0.000000	
531.800000	40.427305	-33.708253	0.000000	
531.850000	40.432433	-33.732721	0.000000	
531.900000	40.437538	-33.757193	0.000000	
531.950000	40.442613	-33.781672	0.000000	
532.000000	40.447680	-33.806153	0.000000	
532.050000	40.452715	-33.830640	0.000000	
532.100000	40.457745	-33.855128	0.000000	
532.150000	40.462769	-33.879617	0.000000	
532.200000	40.467789	-33.904108	0.000000	
532.250000	40.472784	-33.928603	0.000000	
532.300000	40.477775	-33.953099	0.000000	
532.350000	40.482776	-33.977593	0.000000	
532.400000	40.487785	-34.002086	0.000000	
532.450000	40.492790	-34.026579	0.000000	
532.500000	40.497801	-34.051071	0.000000	
532.550000	40.502796	-34.075566	0.000000	
532.600000	40.507781	-34.100064	0.000000	
532.650000	40.512755	-34.124563	0.000000	
532.700000	40.517714	-34.149066	0.000000	
532.750000	40.522666	-34.173570	0.000000	
532.800000	40.527607	-34.198077	0.000000	
532.850000	40.532534	-34.222586	0.000000	
532.900000	40.537453	-34.247097	0.000000	
532.950000	40.542374	-34.271607	0.000000	
533.000000	40.547299	-34.296117	0.000000	
533.050000	40.552223	-34.320627	0.000000	
533.100000	40.557163	-34.345134	0.000000	
533.150000	40.562122	-34.369637	0.000000	
533.200000	40.567105	-34.394134	0.000000	
533.250000	40.572127	-34.418623	0.000000	
533.300000	40.577188	-34.443104	0.000000	
533.350000	40.582285	-34.467578	0.000000	
533.400000	40.587399	-34.492047	0.000000	
533.450000	40.592541	-34.516511	0.000000	
533.500000	40.597738	-34.540962	0.000000	
533.550000	40.602981	-34.565403	0.000000	
533.600000	40.608280	-34.589832	0.000000	
533.650000	40.613604	-34.614255	0.000000	
533.700000	40.618985	-34.638666	0.000000	
533.750000	40.624407	-34.663068	0.000000	
533.800000	40.629869	-34.687461	0.000000	
533.850000	40.635386	-34.711842	0.000000	
533.900000	40.640954	-34.736211	0.000000	
533.950000	40.646561	-34.760571	0.000000	
534.000000	40.652211	-34.784922	0.000000	
534.050000	40.657902	-34.809264	0.000000	
534.100000	40.663640	-34.833595	0.000000	
534.150000	40.669432	-34.857914	0.000000	
534.200000	40.675261	-34.882224	0.000000	
534.250000	40.681118	-34.906527	0.000000	
534.300000	40.687010	-34.930822	0.000000	
534.350000	40.692922	-34.955111	0.000000	
534.400000	40.698842	-34.979399	0.000000	
534.450000	40.704778	-35.003684	0.000000	
534.500000	40.710743	-35.027961	0.000000	
534.550000	40.716726	-35.052234	0.000000	
534.600000	40.722722	-35.076503	0.000000	
534.650000	40.728741	-35.100767	0.000000	
534.700000	40.734811	-35.125017	0.000000	
534.750000	40.740920	-35.149258	0.000000	
534.800000	40.747066	-35.173489	0.000000	
534.850000	40.753252	-35.197709	0.000000	
534.900000	40.759458	-35.221925	0.000000	
534.950000	40.765694	-35.246132	0.000000	
535.000000	40.771960	-35.270332	0.000000	
535.050000	40.778249	-35.294526	0.000000	
535.100000	40.784593	-35.318706	0.000000	
535.150000	40.790980	-35.342874	0.000000	
535.200000	40.797411	-35.367030	0.000000	
535.250000	40.803902	-35.391169	0.000000	
535.300000	40.810443	-35.415295	0.000000	
535.350000	40.817020	-35.439410	0.000000	
535.400000	40.823660	-35.463508	0.000000	
535.450000	40.830384	-35.487582	0.000000	
535.500000	40.837208	-35.511628	0.000000	
535.550000	40.844125	-35.535646	0.000000	
535.600000	40.851128	-35.559639	0.000000	
535.650000	40.858231	-35.583600	0.000000	
535.700000	40.865439	-35.607529	0.000000	
535.750000	40.872737	-35.631429	0.000000	
535.800000	40.880110	-35.655305	0.000000	
535.850000	40.887558	-35.679157	0.000000	
535.900000	40.895065	-35.702992	0.000000	
535.950000	40.902649	-35.726804	0.000000	
536.000000	40.910300	-35.750595	0.000000	
536.050000	40.918015	-35.774366	0.000000	
536.100000	40.925767	-35.798127	0.000000	
536.150000	40.933509	-35.821891	0.000000	
536.200000	40.941194	-35.845670	0.000000	
536.250000	40.948761	-35.869477	0.000000	
536.300000	40.956144	-35.893326	0.000000	
536.350000	40.963291	-35.917219	0.000000	
536.400000	40.970158	-35.941161	0.000000	
536.450000	40.976688	-35.965155	0.000000	
536.500000	40.982821	-35.989206	0.000000	
536.550000	40.988498	-36.013314	0.000000	
536.600000	40.993656	-36.037480	0.000000	
536.650000	40.998256	-36.061696	0.000000	
536.700000	41.002229	-36.085958	0.000000	
536.750000	41.005519	-36.110263	0.000000	
536.800000	41.008080	-36.134596	0.000000	
536.850000	41.009876	-36.158940	0.000000	
536.900000	41.010868	-36.183270	0.000000	
536.950000	41.011036	-36.207576	0.000000	
537.000000	41.010328	-36.231840	0.000000	
537.050000	41.008710	-36.256046	0.000000	
537.100000	41.006184	-36.280183	0.000000	
537.150000	41.002758	-36.304236	0.000000	
537.200000	40.998451	-36.328191	0.000000	
537.250000	40.993304	-36.352032	0.000000	
537.300000	40.987360	-36.375744	0.000000	
537.350000	40.980654	-36.399310	0.000000	
537.400000	40.973246	-36.422719	0.000000	
537.450000	40.965172	-36.445964	0.000000	
537.500000	40.956490	-36.469050	0.000000	
537.550000	40.947233	-36.491968	0.000000	
537.600000	40.937438	-36.514717	0.000000	
537.650000	40.927169	-36.537306	0.000000	
537.700000	40.916454	-36.559733	0.000000	
537.750000	40.905353	-36.582012	0.000000	
537.800000	40.893918	-36.604156	0.000000	
537.850000	40.882180	-36.626169	0.000000	
537.900000	40.870181	-36.648061	0.000000	
537.950000	40.857990	-36.669859	0.000000	
538.000000	40.845641	-36.691580	0.000000	
538.050000	40.833182	-36.713244	0.000000	
538.100000	40.820649	-36.734868	0.000000	
538.150000	40.808045	-36.756453	0.000000	
538.200000	40.795367	-36.777996	0.000000	
538.250000	40.782641	-36.799512	0.000000	
538.300000	40.769870	-36.821002	0.000000	
538.350000	40.757047	-36.842462	0.000000	
538.400000	40.744181	-36.863895	0.000000	
538.450000	40.731287	-36.885312	0.000000	
538.500000	40.718382	-36.906722	0.000000	
538.550000	40.705470	-36.928128	0.000000	
538.600000	40.692555	-36.949532	0.000000	
538.650000	40.679633	-36.970932	0.000000	
538.700000	40.666686	-36.992317	0.000000	
538.750000	40.653712	-37.013685	0.000000	
538.800000	40.640699	-37.035028	0.000000	
538.850000	40.627631	-37.056336	0.000000	
538.900000	40.614508	-37.077609	0.000000	
538.950000	40.601342	-37.098854	0.000000	
539.000000	40.588111	-37.120056	0.000000	
539.050000	40.574794	-37.141203	0.000000	
539.100000	40.561380	-37.162288	0.000000	
539.150000	40.547854	-37.183298	0.000000	
539.200000	40.534241	-37.204251	0.000000	
539.250000	40.520567	-37.225163	0.000000	
539.300000	40.506832	-37.246037	0.000000	
539.350000	40.493033	-37.266869	0.000000	
539.400000	40.479193	-37.287675	0.000000	
539.450000	40.465318	-37.308457	0.000000	
539.500000	40.451400	-37.329211	0.000000	
539.550000	40.437445	-37.349942	0.000000	
539.600000	40.423447	-37.370647	0.000000	
539.650000	40.409420	-37.391334	0.000000	
539.700000	40.395363	-37.412002	0.000000	
539.750000	40.381276	-37.432650	0.000000	
539.800000	40.367171	-37.453287	0.000000	
539.850000	40.353070	-37.473926	0.000000	
539.900000	40.338976	-37.494569	0.000000	
539.950000	40.324886	-37.515215	0.000000	
540.000000	40.310783	-37.535853	0.000000	
540.050000	40.296681	-37.556491	0.000000	
540.100000	40.282587	-37.577135	0.000000	
540.150000	40.268527	-37.597802	0.000000	
540.200000	40.254505	-37.618497	0.000000	
540.250000	40.240522	-37.639218	0.000000	
540.300000	40.226560	-37.659954	0.000000	
540.350000	40.212594	-37.680687	0.000000	
540.400000	40.198614	-37.701411	0.000000	
540.450000	40.184609	-37.722117	0.000000	
540.500000	40.170593	-37.742815	0.000000	
540.550000	40.156553	-37.763497	0.000000	
540.600000	40.142490	-37.784163	0.000000	
540.650000	40.128409	-37.804818	0.000000	
540.700000	40.114307	-37.825458	0.000000	
540.750000	40.100186	-37.846086	0.000000	
540.800000	40.086047	-37.866701	0.000000	
540.850000	40.071899	-37.887311	0.000000	
540.900000	40.057719	-37.907899	0.000000	
540.950000	40.043528	-37.928479	0.000000	
541.000000	40.029342	-37.949063	0.000000	
541.050000	40.015173	-37.969658	0.000000	
541.100000	40.001025	-37.990268	0.000000	
541.150000	39.986912	-38.010901	0.000000	
541.200000	39.972828	-38.031554	0.000000	
541.250000	39.958788	-38.052234	0.000000	
541.300000	39.944779	-38.072935	0.000000	
541.350000	39.930796	-38.093653	0.000000	
541.400000	39.916849	-38.114394	0.000000	
541.450000	39.902946	-38.135165	0.000000	
541.500000	39.889076	-38.155960	0.000000	
541.550000	39.875218	-38.176763	0.000000	
541.600000	39.861370	-38.197572	0.000000	
541.650000	39.847506	-38.218371	0.000000	
541.700000	39.833623	-38.239156	0.000000	
541.750000	39.819712	-38.259922	0.000000	
541.800000	39.805795	-38.280684	0.000000	
541.850000	39.791884	-38.301450	0.000000	
541.900000	39.777960	-38.322208	0.000000	
541.950000	39.764029	-38.342960	0.000000	
542.000000	39.750091	-38.363707	0.000000	
542.050000	39.736151	-38.384453	0.000000	
542.100000	39.722210	-38.405199	0.000000	
542.150000	39.708267	-38.425943	0.000000	
542.200000	39.694322	-38.446685	0.000000	
542.250000	39.680350	-38.467411	0.000000	
542.300000	39.666344	-38.488114	0.000000	
542.350000	39.652304	-38.508795	0.000000	
542.400000	39.638251	-38.529468	0.000000	
542.450000	39.624193	-38.550138	0.000000	
542.500000	39.610142	-38.570812	0.000000	
542.550000	39.596111	-38.591499	0.000000	
542.600000	39.582100	-38.612201	0.000000	
542.650000	39.568120	-38.632922	0.000000	
542.700000	39.554192	-38.653679	0.000000	
542.750000	39.540307	-38.674464	0.000000	
542.800000	39.526470	-38.695282	0.000000	
542.850000	39.512661	-38.716119	0.000000	
542.900000	39.498866	-38.736965	0.000000	
542.950000	39.485106	-38.757836	0.000000	
543.000000	39.471382	-38.778730	0.000000	
543.050000	39.457675	-38.799637	0.000000	
543.100000	39.443974	-38.820547	0.000000	
543.150000	39.430288	-38.841467	0.000000	
543.200000	39.416620	-38.862399	0.000000	
543.250000	39.402959	-38.883336	0.000000	
543.300000	39.389328	-38.904292	0.000000	
543.350000	39.375738	-38.925273	0.000000	
543.400000	39.362192	-38.946284	0.000000	
543.450000	39.348687	-38.967320	0.000000	
543.500000	39.335207	-38.988371	0.000000	
543.550000	39.321745	-39.009434	0.000000	
543.600000	39.308290	-39.030501	0.000000	
543.650000	39.294842	-39.051573	0.000000	
543.700000	39.281391	-39.072642	0.000000	
543.750000	39.267918	-39.093698	0.000000	
543.800000	39.254435	-39.114747	0.000000	
543.850000	39.240939	-39.135788	0.000000	
543.900000	39.227435	-39.156823	0.000000	
543.950000	39.213923	-39.177852	0.000000	
544.000000	39.200404	-39.198878	0.000000	
544.050000	39.186892	-39.219908	0.000000	
544.100000	39.173382	-39.240939	0.000000	
544.150000	39.159884	-39.261978	0.000000	
544.200000	39.146391	-39.283020	0.000000	
544.250000	39.132889	-39.304057	0.000000	
544.300000	39.119389	-39.325094	0.000000	
544.350000	39.105866	-39.346118	0.000000	
544.400000	39.092309	-39.367119	0.000000	
544.450000	39.078723	-39.388102	0.000000	
544.500000	39.065111	-39.409069	0.000000	
544.550000	39.051486	-39.430029	0.000000	
544.600000	39.037843	-39.450976	0.000000	
544.650000	39.024184	-39.471914	0.000000	
544.700000	39.010520	-39.492849	0.000000	
544.750000	38.996855	-39.513783	0.000000	
544.800000	38.983191	-39.534717	0.000000	
544.850000	38.969514	-39.555643	0.000000	
544.900000	38.955837	-39.576569	0.000000	
544.950000	38.942158	-39.597493	0.000000	
545.000000	38.928479	-39.618418	0.000000	
545.050000	38.914774	-39.639324	0.000000	
545.100000	38.901038	-39.660210	0.000000	
545.150000	38.887263	-39.681070	0.000000	
545.200000	38.873438	-39.701895	0.000000	
545.250000	38.859540	-39.722669	0.000000	
545.300000	38.845582	-39.743400	0.000000	
545.350000	38.831551	-39.764082	0.000000	
545.400000	38.817450	-39.784713	0.000000	
545.450000	38.803289	-39.805303	0.000000	
545.500000	38.789056	-39.825842	0.000000	
545.550000	38.774725	-39.846312	0.000000	
545.600000	38.760302	-39.866718	0.000000	
545.650000	38.745803	-39.887070	0.000000	
545.700000	38.731237	-39.907377	0.000000	
545.750000	38.716610	-39.927640	0.000000	
545.800000	38.701918	-39.947857	0.000000	
545.850000	38.687151	-39.968020	0.000000	
545.900000	38.672299	-39.988120	0.000000	
545.950000	38.657347	-40.008147	0.000000	
546.000000	38.642299	-40.028102	0.000000	
546.050000	38.627171	-40.047998	0.000000	
546.100000	38.611990	-40.067853	0.000000	
546.150000	38.596753	-40.087669	0.000000	
546.200000	38.581485	-40.107461	0.000000	
546.250000	38.566195	-40.127236	0.000000	
546.300000	38.550899	-40.147008	0.000000	
546.350000	38.535588	-40.166767	0.000000	
546.400000	38.520255	-40.186510	0.000000	
546.450000	38.504917	-40.206249	0.000000	
546.500000	38.489563	-40.225976	0.000000	
546.550000	38.474203	-40.245698	0.000000	
546.600000	38.458848	-40.265424	0.000000	
546.650000	38.443496	-40.285152	0.000000	
546.700000	38.428152	-40.304887	0.000000	
546.750000	38.412800	-40.324615	0.000000	
546.800000	38.397441	-40.344338	0.000000	
546.850000	38.382074	-40.364055	0.000000	
546.900000	38.366706	-40.383771	0.000000	
546.950000	38.351361	-40.403505	0.000000	
547.000000	38.336039	-40.423258	0.000000	
547.050000	38.320736	-40.443026	0.000000	
547.100000	38.305447	-40.462805	0.000000	
547.150000	38.290151	-40.482579	0.000000	
547.200000	38.274857	-40.502354	0.000000	
547.250000	38.259571	-40.522135	0.000000	
547.300000	38.244288	-40.541919	0.000000	
547.350000	38.228995	-40.561694	0.000000	
547.400000	38.213709	-40.581476	0.000000	
547.450000	38.198425	-40.601258	0.000000	
547.500000	38.183139	-40.621039	0.000000	
547.550000	38.167857	-40.640823	0.000000	
547.600000	38.152571	-40.660605	0.000000	
547.650000	38.137280	-40.680383	0.000000	
547.700000	38.121964	-40.700140	0.000000	
547.750000	38.106606	-40.719865	0.000000	
547.800000	38.091228	-40.739574	0.000000	
547.850000	38.075833	-40.759271	0.000000	
547.900000	38.060437	-40.778965	0.000000	
547.950000	38.045037	-40.798658	0.000000	
548.000000	38.029624	-40.818341	0.000000	
548.050000	38.014198	-40.838012	0.000000	
548.100000	37.998766	-40.857679	0.000000	
548.150000	37.983320	-40.877335	0.000000	
548.200000	37.967862	-40.896982	0.000000	
548.250000	37.952370	-40.916600	0.000000	
548.300000	37.936829	-40.936179	0.000000	
548.350000	37.921227	-40.955709	0.000000	
548.400000	37.905573	-40.975196	0.000000	
548.450000	37.889858	-40.994634	0.000000	
548.500000	37.874105	-41.014040	0.000000	
548.550000	37.858318	-41.033419	0.000000	
548.600000	37.842507	-41.052779	0.000000	
548.650000	37.826665	-41.072114	0.000000	
548.700000	37.810797	-41.091428	0.000000	
548.750000	37.794914	-41.110730	0.000000	
548.800000	37.779023	-41.130025	0.000000	
548.850000	37.763117	-41.149308	0.000000	
548.900000	37.747174	-41.168561	0.000000	
548.950000	37.731195	-41.187784	0.000000	
549.000000	37.715187	-41.206984	0.000000	
549.050000	37.699133	-41.226146	0.000000	
549.100000	37.683053	-41.245286	0.000000	
549.150000	37.666949	-41.264406	0.000000	
549.200000	37.650817	-41.283503	0.000000	
549.250000	37.634661	-41.302581	0.000000	
549.300000	37.618488	-41.321643	0.000000	
549.350000	37.602302	-41.340694	0.000000	
549.400000	37.586126	-41.359753	0.000000	
549.450000	37.569968	-41.378829	0.000000	
549.500000	37.553828	-41.397919	0.000000	
549.550000	37.537687	-41.417009	0.000000	
549.600000	37.521526	-41.436081	0.000000	
549.650000	37.505344	-41.455136	0.000000	
549.700000	37.489161	-41.474191	0.000000	
549.750000	37.472978	-41.493245	0.000000	
549.800000	37.456801	-41.512305	0.000000	
549.850000	37.440637	-41.531374	0.000000	
549.900000	37.424473	-41.550444	0.000000	
549.950000	37.408329	-41.569530	0.000000	
550.000000	37.392192	-41.588623	0.000000	
550.050000	37.376055	-41.607716	0.000000	
550.100000	37.359922	-41.626812	0.000000	
550.150000	37.343799	-41.645915	0.000000	
550.200000	37.327683	-41.665026	0.000000	
550.250000	37.311585	-41.684151	0.000000	
550.300000	37.295508	-41.703294	0.000000	
550.350000	37.279443	-41.722448	0.000000	
550.400000	37.263384	-41.741606	0.000000	
550.450000	37.247318	-41.760759	0.000000	
550.500000	37.231244	-41.779904	0.000000	
550.550000	37.215156	-41.799038	0.000000	
550.600000	37.199057	-41.818163	0.000000	
550.650000	37.182965	-41.837294	0.000000	
550.700000	37.166872	-41.856423	0.000000	
550.750000	37.150775	-41.875550	0.000000	
550.800000	37.134669	-41.894668	0.000000	
550.850000	37.118541	-41.913769	0.000000	
550.900000	37.102395	-41.932854	0.000000	
550.950000	37.086236	-41.951929	0.000000	
551.000000	37.070048	-41.970978	0.000000	
551.050000	37.053834	-41.990006	0.000000	
551.100000	37.037591	-42.009009	0.000000	
551.150000	37.021317	-42.027984	0.000000	
551.200000	37.005010	-42.046930	0.000000	
551.250000	36.988663	-42.065841	0.000000	
551.300000	36.972279	-42.084721	0.000000	
551.350000	36.955849	-42.103560	0.000000	
551.400000	36.939377	-42.122362	0.000000	
551.450000	36.922870	-42.141133	0.000000	
551.500000	36.906336	-42.159880	0.000000	
551.550000	36.889778	-42.178606	0.000000	
551.600000	36.873191	-42.197305	0.000000	
551.650000	36.856575	-42.215980	0.000000	
551.700000	36.839933	-42.234630	0.000000	
551.750000	36.823253	-42.253246	0.000000	
551.800000	36.806529	-42.271824	0.000000	
551.850000	36.789778	-42.290379	0.000000	
551.900000	36.773000	-42.308909	0.000000	
551.950000	36.756199	-42.327420	0.000000	
552.000000	36.739385	-42.345918	0.000000	
552.050000	36.722573	-42.364420	0.000000	
552.100000	36.705780	-42.382937	0.000000	
552.150000	36.689012	-42.401476	0.000000	
552.200000	36.672266	-42.420036	0.000000	
552.250000	36.655541	-42.438613	0.000000	
552.300000	36.638847	-42.457218	0.000000	
552.350000	36.622184	-42.475850	0.000000	
552.400000	36.605552	-42.494510	0.000000	
552.450000	36.588968	-42.513211	0.000000	
552.500000	36.572416	-42.531941	0.000000	
552.550000	36.555888	-42.550693	0.000000	
552.600000	36.539368	-42.569452	0.000000	
552.650000	36.522875	-42.588235	0.000000	
552.700000	36.506420	-42.607052	0.000000	
552.750000	36.489996	-42.625896	0.000000	
552.800000	36.473604	-42.644769	0.000000	
552.850000	36.457247	-42.663674	0.000000	
552.900000	36.440915	-42.682600	0.000000	
552.950000	36.424625	-42.701562	0.000000	
553.000000	36.408373	-42.720558	0.000000	
553.050000	36.392166	-42.739590	0.000000	
553.100000	36.375998	-42.758656	0.000000	
553.150000	36.359846	-42.777733	0.000000	
553.200000	36.343728	-42.796840	0.000000	
553.250000	36.327666	-42.815992	0.000000	
553.300000	36.311651	-42.835183	0.000000	
553.350000	36.295660	-42.854393	0.000000	
553.400000	36.279691	-42.873622	0.000000	
553.450000	36.263754	-42.892877	0.000000	
553.500000	36.247826	-42.912140	0.000000	
553.550000	36.231925	-42.931425	0.000000	
553.600000	36.216068	-42.950747	0.000000	
553.650000	36.200268	-42.970116	0.000000	
553.700000	36.184504	-42.989515	0.000000	
553.750000	36.168762	-43.008933	0.000000	
553.800000	36.153037	-43.028364	0.000000	
553.850000	36.137326	-43.047807	0.000000	
553.900000	36.121610	-43.067247	0.000000	
553.950000	36.105881	-43.086675	0.000000	
554.000000	36.090134	-43.106088	0.000000	
554.050000	36.074363	-43.125481	0.000000	
554.100000	36.058548	-43.144836	0.000000	
554.150000	36.042697	-43.164163	0.000000	
554.200000	36.026837	-43.183482	0.000000	
554.250000	36.010955	-43.202783	0.000000	
554.300000	35.995035	-43.222054	0.000000	
554.350000	35.979092	-43.241306	0.000000	
554.400000	35.963132	-43.260544	0.000000	
554.450000	35.947168	-43.279779	0.000000	
554.500000	35.931191	-43.299003	0.000000	
554.550000	35.915203	-43.318219	0.000000	
554.600000	35.899198	-43.337420	0.000000	
554.650000	35.883160	-43.356594	0.000000	
554.700000	35.867072	-43.375727	0.000000	
554.750000	35.850948	-43.394830	0.000000	
554.800000	35.834807	-43.413919	0.000000	
554.850000	35.818649	-43.432993	0.000000	
554.900000	35.802487	-43.452065	0.000000	
554.950000	35.786333	-43.471142	0.000000	
555.000000	35.770192	-43.490232	0.000000	
555.050000	35.754055	-43.509325	0.000000	
555.100000	35.737922	-43.528421	0.000000	
555.150000	35.721797	-43.547524	0.000000	
555.200000	35.705668	-43.566624	0.000000	
555.250000	35.689520	-43.585707	0.000000	
555.300000	35.673345	-43.604768	0.000000	
555.350000	35.657145	-43.623806	0.000000	
555.400000	35.640895	-43.642801	0.000000	
555.450000	35.624603	-43.661760	0.000000	
555.500000	35.608255	-43.680671	0.000000	
555.550000	35.591854	-43.699535	0.000000	
555.600000	35.575421	-43.718372	0.000000	
555.650000	35.558947	-43.737172	0.000000	
555.700000	35.542432	-43.755937	0.000000	
555.750000	35.525896	-43.774681	0.000000	
555.800000	35.509332	-43.793402	0.000000	
555.850000	35.492722	-43.812081	0.000000	
555.900000	35.476064	-43.830717	0.000000	
555.950000	35.459365	-43.849316	0.000000	
556.000000	35.442633	-43.867887	0.000000	
556.050000	35.425872	-43.886432	0.000000	
556.100000	35.409098	-43.904965	0.000000	
556.150000	35.392311	-43.923488	0.000000	
556.200000	35.375504	-43.941993	0.000000	
556.250000	35.358684	-43.960486	0.000000	
556.300000	35.341844	-43.978961	0.000000	
556.350000	35.324991	-43.997426	0.000000	
556.400000	35.308132	-44.015884	0.000000	
556.450000	35.291282	-44.034351	0.000000	
556.500000	35.274443	-44.052828	0.000000	
556.550000	35.257618	-44.071317	0.000000	
556.600000	35.240800	-44.089813	0.000000	
556.650000	35.223970	-44.108297	0.000000	
556.700000	35.207128	-44.126771	0.000000	
556.750000	35.190289	-44.145247	0.000000	
556.800000	35.173444	-44.163718	0.000000	
556.850000	35.156586	-44.182176	0.000000	
556.900000	35.139722	-44.200629	0.000000	
556.950000	35.122865	-44.219089	0.000000	
557.000000	35.106017	-44.237557	0.000000	
557.050000	35.089166	-44.256021	0.000000	
557.100000	35.072306	-44.274478	0.000000	
557.150000	35.055425	-44.292916	0.000000	
557.200000	35.038532	-44.311343	0.000000	
557.250000	35.021634	-44.329766	0.000000	
557.300000	35.004715	-44.348169	0.000000	
557.350000	34.987779	-44.366556	0.000000	
557.400000	34.970835	-44.384937	0.000000	
557.450000	34.953878	-44.403305	0.000000	
557.500000	34.936910	-44.421663	0.000000	
557.550000	34.919936	-44.440016	0.000000	
557.600000	34.902938	-44.458348	0.000000	
557.650000	34.885936	-44.476675	0.000000	
557.700000	34.868938	-44.495006	0.000000	
557.750000	34.851964	-44.513359	0.000000	
557.800000	34.834995	-44.531717	0.000000	
557.850000	34.818043	-44.550091	0.000000	
557.900000	34.801113	-44.568485	0.000000	
557.950000	34.784200	-44.586894	0.000000	
558.000000	34.767307	-44.605322	0.000000	
558.050000	34.750423	-44.623759	0.000000	
558.100000	34.733553	-44.642207	0.000000	
558.150000	34.716686	-44.660659	0.000000	
558.200000	34.699814	-44.679105	0.000000	
558.250000	34.682912	-44.697524	0.000000	
558.300000	34.665993	-44.715928	0.000000	
558.350000	34.649074	-44.734331	0.000000	
558.400000	34.632157	-44.752735	0.000000	
558.450000	34.615244	-44.771144	0.000000	
558.500000	34.598333	-44.789554	0.000000	
558.550000	34.581419	-44.807963	0.000000	
558.600000	34.564512	-44.826376	0.000000	
558.650000	34.547610	-44.844796	0.000000	
558.700000	34.530703	-44.863209	0.000000	
558.750000	34.513794	-44.881621	0.000000	
558.800000	34.496878	-44.900027	0.000000	
558.850000	34.479970	-44.918441	0.000000	
558.900000	34.463075	-44.936865	0.000000	
558.950000	34.446206	-44.955313	0.000000	
559.000000	34.429367	-44.973787	0.000000	
559.050000	34.412553	-44.992283	0.000000	
559.100000	34.395755	-45.010792	0.000000	
559.150000	34.378974	-45.029317	0.000000	
559.200000	34.362210	-45.047857	0.000000	
559.250000	34.345469	-45.066418	0.000000	
559.300000	34.328771	-45.085019	0.000000	
559.350000	34.312113	-45.103655	0.000000	
559.400000	34.295496	-45.122329	0.000000	
559.450000	34.278910	-45.141030	0.000000	
559.500000	34.262348	-45.159753	0.000000	
559.550000	34.245821	-45.178508	0.000000	
559.600000	34.229318	-45.197283	0.000000	
559.650000	34.212823	-45.216065	0.000000	
559.700000	34.196357	-45.234874	0.000000	
559.750000	34.179918	-45.253707	0.000000	
559.800000	34.163511	-45.272569	0.000000	
559.850000	34.147124	-45.291448	0.000000	
559.900000	34.130754	-45.310343	0.000000	
559.950000	34.114393	-45.329244	0.000000	
560.000000	34.098027	-45.348142	0.000000	
560.050000	34.081645	-45.367026	0.000000	
560.100000	34.065252	-45.385900	0.000000	
560.150000	34.048868	-45.404783	0.000000	
560.200000	34.032498	-45.423676	0.000000	
560.250000	34.016167	-45.442604	0.000000	
560.300000	33.999893	-45.461578	0.000000	
560.350000	33.983653	-45.480581	0.000000	
560.400000	33.967438	-45.499606	0.000000	
560.450000	33.951242	-45.518646	0.000000	
560.500000	33.935082	-45.537716	0.000000	
560.550000	33.918953	-45.556813	0.000000	
560.600000	33.902853	-45.575934	0.000000	
560.650000	33.886786	-45.595082	0.000000	
560.700000	33.870745	-45.614253	0.000000	
560.750000	33.854711	-45.633429	0.000000	
560.800000	33.838693	-45.652620	0.000000	
560.850000	33.822673	-45.671809	0.000000	
560.900000	33.806648	-45.690993	0.000000	
560.950000	33.790624	-45.710178	0.000000	
561.000000	33.774606	-45.729368	0.000000	
561.050000	33.758598	-45.748567	0.000000	
561.100000	33.742618	-45.767790	0.000000	
561.150000	33.726648	-45.787022	0.000000	
561.200000	33.710680	-45.806255	0.000000	
561.250000	33.694713	-45.825488	0.000000	
561.300000	33.678725	-45.844705	0.000000	
561.350000	33.662695	-45.863887	0.000000	
561.400000	33.646628	-45.883038	0.000000	
561.450000	33.630517	-45.902150	0.000000	
561.500000	33.614373	-45.921235	0.000000	
561.550000	33.598199	-45.940296	0.000000	
561.600000	33.581989	-45.959325	0.000000	
561.650000	33.565733	-45.978315	0.000000	
561.700000	33.549431	-45.997266	0.000000	
561.750000	33.533103	-46.016195	0.000000	
561.800000	33.516745	-46.035098	0.000000	
561.850000	33.500359	-46.053976	0.000000	
561.900000	33.483962	-46.072845	0.000000	
561.950000	33.467565	-46.091713	0.000000	
562.000000	33.451158	-46.110574	0.000000	
562.050000	33.434738	-46.129422	0.000000	
562.100000	33.418304	-46.148259	0.000000	
562.150000	33.401847	-46.167076	0.000000	
562.200000	33.385372	-46.185878	0.000000	
562.250000	33.368868	-46.204654	0.000000	
562.300000	33.352314	-46.223386	0.000000	
562.350000	33.335712	-46.242076	0.000000	
562.400000	33.319072	-46.260732	0.000000	
562.450000	33.302414	-46.279371	0.000000	
562.500000	33.285749	-46.298003	0.000000	
562.550000	33.269076	-46.316628	0.000000	
562.600000	33.252390	-46.335243	0.000000	
562.650000	33.235686	-46.353841	0.000000	
562.700000	33.218965	-46.372424	0.000000	
562.750000	33.202224	-46.390988	0.000000	
562.800000	33.185442	-46.409514	0.000000	
562.850000	33.168637	-46.428019	0.000000	
562.900000	33.151807	-46.446500	0.000000	
562.950000	33.134935	-46.464943	0.000000	
563.000000	33.118032	-46.483358	0.000000	
563.050000	33.101087	-46.501734	0.000000	
563.100000	33.084091	-46.520063	0.000000	
563.150000	33.067040	-46.538341	0.000000	
563.200000	33.049935	-46.556568	0.000000	
563.250000	33.032772	-46.574740	0.000000	
563.300000	33.015551	-46.592858	0.000000	
563.350000	32.998285	-46.610931	0.000000	
563.400000	32.980968	-46.628953	0.000000	
563.450000	32.963612	-46.646936	0.000000	
563.500000	32.946207	-46.664871	0.000000	
563.550000	32.928740	-46.682745	0.000000	
563.600000	32.911210	-46.700560	0.000000	
563.650000	32.893611	-46.718307	0.000000	
563.700000	32.875958	-46.736002	0.000000	
563.750000	32.858271	-46.753664	0.000000	
563.800000	32.840549	-46.771291	0.000000	
563.850000	32.822814	-46.788907	0.000000	
563.900000	32.805055	-46.806498	0.000000	
563.950000	32.787265	-46.824059	0.000000	
564.000000	32.769458	-46.841603	0.000000	
564.050000	32.751626	-46.859121	0.000000	
564.100000	32.733780	-46.876627	0.000000	
564.150000	32.715919	-46.894118	0.000000	
564.200000	32.698050	-46.911600	0.000000	
564.250000	32.680183	-46.929085	0.000000	
564.300000	32.662323	-46.946577	0.000000	
564.350000	32.644488	-46.964094	0.000000	
564.400000	32.626689	-46.981646	0.000000	
564.450000	32.608949	-46.999256	0.000000	
564.500000	32.591250	-47.016907	0.000000	
564.550000	32.573583	-47.034590	0.000000	
564.600000	32.555961	-47.052319	0.000000	
564.650000	32.538372	-47.070080	0.000000	
564.700000	32.520816	-47.087873	0.000000	
564.750000	32.503284	-47.105691	0.000000	
564.800000	32.485765	-47.123523	0.000000	
564.850000	32.468270	-47.141378	0.000000	
564.900000	32.450787	-47.159245	0.000000	
564.950000	32.433311	-47.177119	0.000000	
565.000000	32.415840	-47.194997	0.000000	
565.050000	32.398339	-47.212845	0.000000	
565.100000	32.380789	-47.230640	0.000000	
565.150000	32.363168	-47.248357	0.000000	
565.200000	32.345455	-47.265972	0.000000	
565.250000	32.327616	-47.283435	0.000000	
565.300000	32.309622	-47.300709	0.000000	
565.350000	32.291453	-47.317764	0.000000	
565.400000	32.273084	-47.334564	0.000000	
565.450000	32.254475	-47.351042	0.000000	
565.500000	32.235591	-47.367141	0.000000	
565.550000	32.216428	-47.382838	0.000000	
565.600000	32.196975	-47.398101	0.000000	
565.650000	32.177217	-47.412888	0.000000	
565.700000	32.157146	-47.427173	0.000000	
565.750000	32.136754	-47.440914	0.000000	
565.800000	32.116033	-47.454068	0.000000	
565.850000	32.094979	-47.466610	0.000000	
565.900000	32.073580	-47.478499	0.000000	
565.950000	32.051828	-47.489693	0.000000	
566.000000	32.029733	-47.500190	0.000000	
566.050000	32.007303	-47.509978	0.000000	
566.100000	31.984564	-47.519047	0.000000	
566.150000	31.961530	-47.527406	0.000000	
566.200000	31.938218	-47.535057	0.000000	
566.250000	31.914654	-47.542007	0.000000	
566.300000	31.890871	-47.548276	0.000000	
566.350000	31.866889	-47.553902	0.000000	
566.400000	31.842730	-47.558912	0.000000	
566.450000	31.818409	-47.563344	0.000000	
566.500000	31.793958	-47.567243	0.000000	
566.550000	31.769398	-47.570649	0.000000	
566.600000	31.744745	-47.573597	0.000000	
566.650000	31.720012	-47.576121	0.000000	
566.700000	31.695215	-47.578247	0.000000	
566.750000	31.670362	-47.579989	0.000000	
566.800000	31.645469	-47.581404	0.000000	
566.850000	31.620546	-47.582523	0.000000	
566.900000	31.595599	-47.583378	0.000000	
566.950000	31.570636	-47.583990	0.000000	
567.000000	31.545662	-47.584399	0.000000	
567.050000	31.520679	-47.584636	0.000000	
567.100000	31.495690	-47.584723	0.000000	
567.150000	31.470698	-47.584701	0.000000	
567.200000	31.445703	-47.584594	0.000000	
567.250000	31.420707	-47.584413	0.000000	
567.300000	31.395711	-47.584193	0.000000	
567.350000	31.370715	-47.583973	0.000000	
567.400000	31.345719	-47.583747	0.000000	
567.450000	31.320722	-47.583505	0.000000	
567.500000	31.295726	-47.583235	0.000000	
567.550000	31.270729	-47.582956	0.000000	
567.600000	31.245733	-47.582671	0.000000	
567.650000	31.220736	-47.582368	0.000000	
567.700000	31.195740	-47.582065	0.000000	
567.750000	31.170744	-47.581784	0.000000	
567.800000	31.145747	-47.581547	0.000000	
567.850000	31.120751	-47.581361	0.000000	
567.900000	31.095755	-47.581235	0.000000	
567.950000	31.070758	-47.581148	0.000000	
568.000000	31.045761	-47.581101	0.000000	
568.050000	31.020763	-47.581085	0.000000	
568.100000	30.995765	-47.581092	0.000000	
568.150000	30.970767	-47.581139	0.000000	
568.200000	30.945768	-47.581208	0.000000	
568.250000	30.920770	-47.581281	0.000000	
568.300000	30.895771	-47.581381	0.000000	
568.350000	30.870773	-47.581486	0.000000	
568.400000	30.845774	-47.581566	0.000000	
568.450000	30.820776	-47.581625	0.000000	
568.500000	30.795778	-47.581681	0.000000	
568.550000	30.770779	-47.581727	0.000000	
568.600000	30.745781	-47.581744	0.000000	
568.650000	30.720784	-47.581732	0.000000	
568.700000	30.695787	-47.581691	0.000000	
568.750000	30.670791	-47.581594	0.000000	
568.800000	30.645796	-47.581436	0.000000	
568.850000	30.620804	-47.581190	0.000000	
568.900000	30.595812	-47.580835	0.000000	
568.950000	30.570823	-47.580387	0.000000	
569.000000	30.545835	-47.579859	0.000000	
569.050000	30.520849	-47.579258	0.000000	
569.100000	30.495866	-47.578603	0.000000	
569.150000	30.470884	-47.577875	0.000000	
569.200000	30.445904	-47.577071	0.000000	
569.250000	30.420926	-47.576193	0.000000	
569.300000	30.395951	-47.575235	0.000000	
569.350000	30.370978	-47.574199	0.000000	
569.400000	30.346008	-47.573084	0.000000	
569.450000	30.321042	-47.571890	0.000000	
569.500000	30.296079	-47.570609	0.000000	
569.550000	30.271121	-47.569237	0.000000	
569.600000	30.246167	-47.567786	0.000000	
569.650000	30.221215	-47.566276	0.000000	
569.700000	30.196267	-47.564713	0.000000	
569.750000	30.171320	-47.563107	0.000000	
569.800000	30.146374	-47.561486	0.000000	
569.850000	30.121429	-47.559857	0.000000	
569.900000	30.096482	-47.558246	0.000000	
569.950000	30.071534	-47.556671	0.000000	
570.000000	30.046585	-47.555137	0.000000	
570.050000	30.021634	-47.553627	0.000000	
570.100000	29.996682	-47.552154	0.000000	
570.150000	29.971728	-47.550706	0.000000	
570.200000	29.946773	-47.549297	0.000000	
570.250000	29.921816	-47.547918	0.000000	
570.300000	29.896859	-47.546565	0.000000	
570.350000	29.871899	-47.545236	0.000000	
570.400000	29.846940	-47.543907	0.000000	
570.450000	29.821981	-47.542581	0.000000	
570.500000	29.797019	-47.541281	0.000000	
570.550000	29.772056	-47.540019	0.000000	
570.600000	29.747090	-47.538785	0.000000	
570.650000	29.722122	-47.537581	0.000000	
570.700000	29.697153	-47.536385	0.000000	
570.750000	29.672184	-47.535198	0.000000	
570.800000	29.647215	-47.534019	0.000000	
570.850000	29.622246	-47.532824	0.000000	
570.900000	29.597278	-47.531612	0.000000	
570.950000	29.572313	-47.530360	0.000000	
571.000000	29.547350	-47.529063	0.000000	
571.050000	29.522390	-47.527700	0.000000	
571.100000	29.497433	-47.526292	0.000000	
571.150000	29.472477	-47.524851	0.000000	
571.200000	29.447523	-47.523380	0.000000	
571.250000	29.422570	-47.521862	0.000000	
571.300000	29.397619	-47.520312	0.000000	
571.350000	29.372670	-47.518739	0.000000	
571.400000	29.347720	-47.517158	0.000000	
571.450000	29.322771	-47.515573	0.000000	
571.500000	29.297821	-47.514000	0.000000	
571.550000	29.272872	-47.512416	0.000000	
571.600000	29.247925	-47.510803	0.000000	
571.650000	29.222978	-47.509180	0.000000	
571.700000	29.198031	-47.507559	0.000000	
571.750000	29.173085	-47.505934	0.000000	
571.800000	29.148137	-47.504322	0.000000	
571.850000	29.123190	-47.502707	0.000000	
571.900000	29.098242	-47.501103	0.000000	
571.950000	29.073294	-47.499505	0.000000	
572.000000	29.048345	-47.497926	0.000000	
572.050000	29.023394	-47.496364	0.000000	
572.100000	28.998441	-47.494837	0.000000	
572.150000	28.973487	-47.493333	0.000000	
572.200000	28.948533	-47.491819	0.000000	
572.250000	28.923580	-47.490299	0.000000	
572.300000	28.898627	-47.488777	0.000000	
572.350000	28.873675	-47.487236	0.000000	
572.400000	28.848725	-47.485666	0.000000	
572.450000	28.823778	-47.484058	0.000000	
572.500000	28.798832	-47.482432	0.000000	
572.550000	28.773887	-47.480794	0.000000	
572.600000	28.748943	-47.479142	0.000000	
572.650000	28.724001	-47.477472	0.000000	
572.700000	28.699061	-47.475769	0.000000	
572.750000	28.674124	-47.474026	0.000000	
572.800000	28.649189	-47.472264	0.000000	
572.850000	28.624254	-47.470481	0.000000	
572.900000	28.599321	-47.468692	0.000000	
572.950000	28.574386	-47.466915	0.000000	
573.000000	28.549453	-47.465127	0.000000	
573.050000	28.524520	-47.463326	0.000000	
573.100000	28.499587	-47.461521	0.000000	
573.150000	28.474655	-47.459706	0.000000	
573.200000	28.449723	-47.457890	0.000000	
573.250000	28.424789	-47.456107	0.000000	
573.300000	28.399854	-47.454342	0.000000	
573.350000	28.374919	-47.452587	0.000000	
573.400000	28.349983	-47.450833	0.000000	
573.450000	28.325046	-47.449100	0.000000	
573.500000	28.300107	-47.447392	0.000000	
573.550000	28.275166	-47.445709	0.000000	
573.600000	28.250224	-47.444046	0.000000	
573.650000	28.225280	-47.442428	0.000000	
573.700000	28.200332	-47.440853	0.000000	
573.750000	28.175381	-47.439327	0.000000	
573.800000	28.150427	-47.437823	0.000000	
573.850000	28.125473	-47.436335	0.000000	
573.900000	28.100518	-47.434849	0.000000	
573.950000	28.075565	-47.433349	0.000000	
574.000000	28.050614	-47.431810	0.000000	
574.050000	28.025666	-47.430235	0.000000	
574.100000	28.000719	-47.428643	0.000000	
574.150000	27.975774	-47.427032	0.000000	
574.200000	27.950829	-47.425408	0.000000	
574.250000	27.925886	-47.423762	0.000000	
574.300000	27.900945	-47.422092	0.000000	
574.350000	27.876005	-47.420388	0.000000	
574.400000	27.851066	-47.418665	0.000000	
574.450000	27.826129	-47.416931	0.000000	
574.500000	27.801193	-47.415173	0.000000	
574.550000	27.776259	-47.413388	0.000000	
574.600000	27.751328	-47.411570	0.000000	
574.650000	27.726399	-47.409712	0.000000	
574.700000	27.701473	-47.407809	0.000000	
574.750000	27.676551	-47.405855	0.000000	
574.800000	27.651631	-47.403861	0.000000	
574.850000	27.626715	-47.401835	0.000000	
574.900000	27.601803	-47.399761	0.000000	
574.950000	27.576893	-47.397662	0.000000	
575.000000	27.551983	-47.395550	0.000000	
575.050000	27.527074	-47.393448	0.000000	
575.100000	27.502161	-47.391382	0.000000	
575.150000	27.477245	-47.389355	0.000000	
575.200000	27.452329	-47.387343	0.000000	
575.250000	27.427413	-47.385323	0.000000	
575.300000	27.402497	-47.383305	0.000000	
575.350000	27.377581	-47.381284	0.000000	
575.400000	27.352663	-47.379294	0.000000	
575.450000	27.327742	-47.377344	0.000000	
575.500000	27.302820	-47.375418	0.000000	
575.550000	27.277895	-47.373539	0.000000	
575.600000	27.252967	-47.371696	0.000000	
575.650000	27.228038	-47.369871	0.000000	
575.700000	27.203107	-47.368069	0.000000	
575.750000	27.178175	-47.366286	0.000000	
575.800000	27.153241	-47.364527	0.000000	
575.850000	27.128304	-47.362804	0.000000	
575.900000	27.103363	-47.361129	0.000000	
575.950000	27.078417	-47.359518	0.000000	
576.000000	27.053467	-47.357954	0.000000	
576.050000	27.028515	-47.356421	0.000000	
576.100000	27.003563	-47.354894	0.000000	
576.150000	26.978610	-47.353373	0.000000	
576.200000	26.953657	-47.351849	0.000000	
576.250000	26.928703	-47.350348	0.000000	
576.300000	26.903748	-47.348867	0.000000	
576.350000	26.878791	-47.347410	0.000000	
576.400000	26.853834	-47.345975	0.000000	
576.450000	26.828875	-47.344562	0.000000	
576.500000	26.803916	-47.343158	0.000000	
576.550000	26.778955	-47.341780	0.000000	
576.600000	26.753994	-47.340426	0.000000	
576.650000	26.729031	-47.339108	0.000000	
576.700000	26.704067	-47.337819	0.000000	
576.750000	26.679101	-47.336558	0.000000	
576.800000	26.654135	-47.335304	0.000000	
576.850000	26.629168	-47.334055	0.000000	
576.900000	26.604202	-47.332793	0.000000	
576.950000	26.579237	-47.331530	0.000000	
577.000000	26.554271	-47.330258	0.000000	
577.050000	26.529306	-47.328981	0.000000	
577.100000	26.504342	-47.327694	0.000000	
577.150000	26.479378	-47.326403	0.000000	
577.200000	26.454416	-47.325084	0.000000	
577.250000	26.429456	-47.323734	0.000000	
577.300000	26.404499	-47.322349	0.000000	
577.350000	26.379541	-47.320954	0.000000	
577.400000	26.354585	-47.319544	0.000000	
577.450000	26.329629	-47.318130	0.000000	
577.500000	26.304673	-47.316702	0.000000	
577.550000	26.279717	-47.315279	0.000000	
577.600000	26.254761	-47.313876	0.000000	
577.650000	26.229805	-47.312478	0.000000	
577.700000	26.204848	-47.311085	0.000000	
577.750000	26.179891	-47.309718	0.000000	
577.800000	26.154932	-47.308389	0.000000	
577.850000	26.129972	-47.307126	0.000000	
577.900000	26.105009	-47.305942	0.000000	
577.950000	26.080042	-47.304831	0.000000	
578.000000	26.055074	-47.303781	0.000000	
578.050000	26.030103	-47.302812	0.000000	
578.100000	26.005131	-47.301922	0.000000	
578.150000	25.980155	-47.301119	0.000000	
578.200000	25.955175	-47.300422	0.000000	
578.250000	25.930192	-47.299827	0.000000	
578.300000	25.905205	-47.299309	0.000000	
578.350000	25.880214	-47.298868	0.000000	
578.400000	25.855221	-47.298478	0.000000	
578.450000	25.830227	-47.298128	0.000000	
578.500000	25.805232	-47.297789	0.000000	
578.550000	25.780236	-47.297471	0.000000	
578.600000	25.755240	-47.297157	0.000000	
578.650000	25.730245	-47.296847	0.000000	
578.700000	25.705249	-47.296535	0.000000	
578.750000	25.680253	-47.296237	0.000000	
578.800000	25.655256	-47.295956	0.000000	
578.850000	25.630260	-47.295694	0.000000	
578.900000	25.605264	-47.295433	0.000000	
578.950000	25.580267	-47.295178	0.000000	
579.000000	25.555271	-47.294952	0.000000	
579.050000	25.530275	-47.294753	0.000000	
579.100000	25.505279	-47.294581	0.000000	
579.150000	25.480284	-47.294453	0.000000	
579.200000	25.455290	-47.294363	0.000000	
579.250000	25.430297	-47.294298	0.000000	
579.300000	25.405305	-47.294289	0.000000	
579.350000	25.380313	-47.294334	0.000000	
579.400000	25.355322	-47.294420	0.000000	
579.450000	25.330331	-47.294573	0.000000	
579.500000	25.305340	-47.294804	0.000000	
579.550000	25.280350	-47.295141	0.000000	
579.600000	25.255361	-47.295570	0.000000	
579.650000	25.230373	-47.296086	0.000000	
579.700000	25.205386	-47.296660	0.000000	
579.750000	25.180399	-47.297320	0.000000	
579.800000	25.155412	-47.298033	0.000000	
579.850000	25.130427	-47.298805	0.000000	
579.900000	25.105444	-47.299630	0.000000	
579.950000	25.080461	-47.300504	0.000000	
580.000000	25.055480	-47.301434	0.000000	
580.050000	25.030500	-47.302411	0.000000	
580.100000	25.005521	-47.303417	0.000000	
580.150000	24.980542	-47.304430	0.000000	
580.200000	24.955564	-47.305450	0.000000	
580.250000	24.930586	-47.306489	0.000000	
580.300000	24.905609	-47.307545	0.000000	
580.350000	24.880633	-47.308622	0.000000	
580.400000	24.855659	-47.309728	0.000000	
580.450000	24.830686	-47.310878	0.000000	
580.500000	24.805716	-47.312074	0.000000	
580.550000	24.780748	-47.313298	0.000000	
580.600000	24.755779	-47.314536	0.000000	
580.650000	24.730813	-47.315793	0.000000	
580.700000	24.705847	-47.317074	0.000000	
580.750000	24.680883	-47.318391	0.000000	
580.800000	24.655921	-47.319727	0.000000	
580.850000	24.630960	-47.321107	0.000000	
580.900000	24.606000	-47.322502	0.000000	
580.950000	24.581041	-47.323894	0.000000	
581.000000	24.556081	-47.325293	0.000000	
581.050000	24.531121	-47.326686	0.000000	
581.100000	24.506161	-47.328079	0.000000	
581.150000	24.481202	-47.329487	0.000000	
581.200000	24.456244	-47.330921	0.000000	
581.250000	24.431286	-47.332350	0.000000	
581.300000	24.406328	-47.333781	0.000000	
581.350000	24.381371	-47.335229	0.000000	
581.400000	24.356413	-47.336672	0.000000	
581.450000	24.331456	-47.338121	0.000000	
581.500000	24.306500	-47.339587	0.000000	
581.550000	24.281545	-47.341063	0.000000	
581.600000	24.256592	-47.342563	0.000000	
581.650000	24.231639	-47.344080	0.000000	
581.700000	24.206687	-47.345595	0.000000	
581.750000	24.181734	-47.347104	0.000000	
581.800000	24.156781	-47.348602	0.000000	
581.850000	24.131827	-47.350098	0.000000	
581.900000	24.106872	-47.351573	0.000000	
581.950000	24.081917	-47.353039	0.000000	
582.000000	24.056962	-47.354519	0.000000	
582.050000	24.032008	-47.356012	0.000000	
582.100000	24.007055	-47.357512	0.000000	
582.150000	23.982100	-47.358997	0.000000	
582.200000	23.957145	-47.360452	0.000000	
582.250000	23.932187	-47.361856	0.000000	
582.300000	23.907229	-47.363211	0.000000	
582.350000	23.882269	-47.364526	0.000000	
582.400000	23.857307	-47.365773	0.000000	
582.450000	23.832343	-47.366970	0.000000	
582.500000	23.807377	-47.368113	0.000000	
582.550000	23.782407	-47.369180	0.000000	
582.600000	23.757434	-47.370177	0.000000	
582.650000	23.732457	-47.371094	0.000000	
582.700000	23.707477	-47.371942	0.000000	
582.750000	23.682495	-47.372743	0.000000	
582.800000	23.657511	-47.373523	0.000000	
582.850000	23.632526	-47.374269	0.000000	
582.900000	23.607540	-47.374974	0.000000	
582.950000	23.582552	-47.375626	0.000000	
583.000000	23.557562	-47.376237	0.000000	
583.050000	23.532571	-47.376789	0.000000	
583.100000	23.507577	-47.377280	0.000000	
583.150000	23.482583	-47.377727	0.000000	
583.200000	23.457587	-47.378145	0.000000	
583.250000	23.432591	-47.378551	0.000000	
583.300000	23.407595	-47.378946	0.000000	
583.350000	23.382600	-47.379336	0.000000	
583.400000	23.357604	-47.379694	0.000000	
583.450000	23.332608	-47.380037	0.000000	
583.500000	23.307611	-47.380368	0.000000	
583.550000	23.282615	-47.380701	0.000000	
583.600000	23.257620	-47.381050	0.000000	
583.650000	23.232624	-47.381392	0.000000	
583.700000	23.207628	-47.381731	0.000000	
583.750000	23.182632	-47.382076	0.000000	
583.800000	23.157635	-47.382408	0.000000	
583.850000	23.132639	-47.382718	0.000000	
583.900000	23.107642	-47.383034	0.000000	
583.950000	23.082646	-47.383377	0.000000	
584.000000	23.057652	-47.383774	0.000000	
584.050000	23.032659	-47.384206	0.000000	
584.100000	23.007668	-47.384690	0.000000	
584.150000	22.982677	-47.385213	0.000000	
584.200000	22.957687	-47.385767	0.000000	
584.250000	22.932698	-47.386334	0.000000	
584.300000	22.907709	-47.386921	0.000000	
584.350000	22.882721	-47.387559	0.000000	
584.400000	22.857735	-47.388255	0.000000	
584.450000	22.832750	-47.389021	0.000000	
584.500000	22.807766	-47.389843	0.000000	
584.550000	22.782783	-47.390705	0.000000	
584.600000	22.757801	-47.391609	0.000000	
584.650000	22.732820	-47.392527	0.000000	
584.700000	22.707839	-47.393463	0.000000	
584.750000	22.682859	-47.394410	0.000000	
584.800000	22.657878	-47.395358	0.000000	
584.850000	22.632898	-47.396325	0.000000	
584.900000	22.607918	-47.397301	0.000000	
584.950000	22.582938	-47.398268	0.000000	
585.000000	22.557957	-47.399210	0.000000	
585.050000	22.532975	-47.400108	0.000000	
585.100000	22.507992	-47.400987	0.000000	
585.150000	22.483008	-47.401856	0.000000	
585.200000	22.458024	-47.402728	0.000000	
585.250000	22.433041	-47.403589	0.000000	
585.300000	22.408057	-47.404468	0.000000	
585.350000	22.383074	-47.405358	0.000000	
585.400000	22.358092	-47.406252	0.000000	
585.450000	22.333110	-47.407161	0.000000	
585.500000	22.308130	-47.408099	0.000000	
585.550000	22.283151	-47.409071	0.000000	
585.600000	22.258174	-47.410069	0.000000	
585.650000	22.233199	-47.411085	0.000000	
585.700000	22.208225	-47.412141	0.000000	
585.750000	22.183254	-47.413246	0.000000	
585.800000	22.158286	-47.414411	0.000000	
585.850000	22.133321	-47.415649	0.000000	
585.900000	22.108360	-47.416942	0.000000	
585.950000	22.083401	-47.418284	0.000000	
586.000000	22.058445	-47.419690	0.000000	
586.050000	22.033494	-47.421172	0.000000	
586.100000	22.008548	-47.422747	0.000000	
586.150000	21.983609	-47.424418	0.000000	
586.200000	21.958677	-47.426182	0.000000	
586.250000	21.933755	-47.428054	0.000000	
586.300000	21.908844	-47.430061	0.000000	
586.350000	21.883945	-47.432191	0.000000	
586.400000	21.859058	-47.434442	0.000000	
586.450000	21.834181	-47.436803	0.000000	
586.500000	21.809316	-47.439277	0.000000	
586.550000	21.784461	-47.441839	0.000000	
586.600000	21.759617	-47.444495	0.000000	
586.650000	21.734785	-47.447265	0.000000	
586.700000	21.709963	-47.450129	0.000000	
586.750000	21.685148	-47.453058	0.000000	
586.800000	21.660336	-47.456024	0.000000	
586.850000	21.635524	-47.458996	0.000000	
586.900000	21.610710	-47.461920	0.000000	
586.950000	21.585892	-47.464769	0.000000	
587.000000	21.561071	-47.467507	0.000000	
587.050000	21.536248	-47.470079	0.000000	
587.100000	21.511428	-47.472415	0.000000	
587.150000	21.486619	-47.474446	0.000000	
587.200000	21.461829	-47.476091	0.000000	
587.250000	21.437069	-47.477293	0.000000	
587.300000	21.412351	-47.477991	0.000000	
587.350000	21.387694	-47.478104	0.000000	
587.400000	21.363121	-47.477579	0.000000	
587.450000	21.338658	-47.476351	0.000000	
587.500000	21.314339	-47.474368	0.000000	
587.550000	21.290184	-47.471570	0.000000	
587.600000	21.266217	-47.467935	0.000000	
587.650000	21.242457	-47.463436	0.000000	
587.700000	21.218936	-47.458011	0.000000	
587.750000	21.195677	-47.451651	0.000000	
587.800000	21.172706	-47.444356	0.000000	
587.850000	21.150047	-47.436125	0.000000	
587.900000	21.127730	-47.426965	0.000000	
587.950000	21.105771	-47.416902	0.000000	
588.000000	21.084177	-47.405961	0.000000	
588.050000	21.062970	-47.394168	0.000000	
588.100000	21.042161	-47.381556	0.000000	
588.150000	21.021741	-47.368189	0.000000	
588.200000	21.001698	-47.354130	0.000000	
588.250000	20.982025	-47.339438	0.000000	
588.300000	20.962721	-47.324147	0.000000	
588.350000	20.943785	-47.308298	0.000000	
588.400000	20.925187	-47.291960	0.000000	
588.450000	20.906909	-47.275188	0.000000	
588.500000	20.888926	-47.258036	0.000000	
588.550000	20.871208	-47.240565	0.000000	
588.600000	20.853734	-47.222812	0.000000	
588.650000	20.836470	-47.204821	0.000000	
588.700000	20.819391	-47.186624	0.000000	
588.750000	20.802467	-47.168265	0.000000	
588.800000	20.785693	-47.149755	0.000000	
588.850000	20.769050	-47.131116	0.000000	
588.900000	20.752519	-47.112373	0.000000	
588.950000	20.736069	-47.093556	0.000000	
589.000000	20.719688	-47.074675	0.000000	
589.050000	20.703374	-47.055735	0.000000	
589.100000	20.687104	-47.036757	0.000000	
589.150000	20.670859	-47.017757	0.000000	
589.200000	20.654656	-46.998722	0.000000	
589.250000	20.638501	-46.979644	0.000000	
589.300000	20.622392	-46.960529	0.000000	
589.350000	20.606324	-46.941378	0.000000	
589.400000	20.590294	-46.922198	0.000000	
589.450000	20.574300	-46.902986	0.000000	
589.500000	20.558341	-46.883746	0.000000	
589.550000	20.542410	-46.864484	0.000000	
589.600000	20.526498	-46.845205	0.000000	
589.650000	20.510595	-46.825919	0.000000	
589.700000	20.494718	-46.806611	0.000000	
589.750000	20.478880	-46.787269	0.000000	
589.800000	20.463082	-46.767896	0.000000	
589.850000	20.447318	-46.748494	0.000000	
589.900000	20.431594	-46.729060	0.000000	
589.950000	20.415912	-46.709594	0.000000	
590.000000	20.400285	-46.690083	0.000000	
590.050000	20.384722	-46.670523	0.000000	
590.100000	20.369236	-46.650905	0.000000	
590.150000	20.353821	-46.631232	0.000000	
590.200000	20.338469	-46.611509	0.000000	
590.250000	20.323179	-46.591740	0.000000	
590.300000	20.307948	-46.571925	0.000000	
590.350000	20.292782	-46.552062	0.000000	
590.400000	20.277662	-46.532164	0.000000	
590.450000	20.262594	-46.512227	0.000000	
590.500000	20.247593	-46.492241	0.000000	
590.550000	20.232648	-46.472214	0.000000	
590.600000	20.217751	-46.452149	0.000000	
590.650000	20.202924	-46.432031	0.000000	
590.700000	20.188162	-46.411864	0.000000	
590.750000	20.173447	-46.391660	0.000000	
590.800000	20.158782	-46.371418	0.000000	
590.850000	20.144168	-46.351138	0.000000	
590.900000	20.129592	-46.330829	0.000000	
590.950000	20.115040	-46.310503	0.000000	
591.000000	20.100522	-46.290151	0.000000	
591.050000	20.086034	-46.269778	0.000000	
591.100000	20.071553	-46.249400	0.000000	
591.150000	20.057064	-46.229028	0.000000	
591.200000	20.042576	-46.208655	0.000000	
591.250000	20.028114	-46.188264	0.000000	
591.300000	20.013674	-46.167857	0.000000	
591.350000	19.999259	-46.147433	0.000000	
591.400000	19.984870	-46.126991	0.000000	
591.450000	19.970515	-46.106526	0.000000	
591.500000	19.956188	-46.086041	0.000000	
591.550000	19.941895	-46.065534	0.000000	
591.600000	19.927649	-46.044996	0.000000	
591.650000	19.913451	-46.024425	0.000000	
591.700000	19.899304	-46.003821	0.000000	
591.750000	19.885222	-45.983172	0.000000	
591.800000	19.871223	-45.962468	0.000000	
591.850000	19.857297	-45.941715	0.000000	
591.900000	19.843445	-45.920914	0.000000	
591.950000	19.829666	-45.900064	0.000000	
592.000000	19.815953	-45.879170	0.000000	
592.050000	19.802302	-45.858235	0.000000	
592.100000	19.788698	-45.837269	0.000000	
592.150000	19.775148	-45.816267	0.000000	
592.200000	19.761646	-45.795232	0.000000	
592.250000	19.748175	-45.774176	0.000000	
592.300000	19.734712	-45.753115	0.000000	
592.350000	19.721254	-45.732050	0.000000	
592.400000	19.707790	-45.710989	0.000000	
592.450000	19.694302	-45.689945	0.000000	
592.500000	19.680791	-45.668916	0.000000	
592.550000	19.667235	-45.647918	0.000000	
592.600000	19.653622	-45.626959	0.000000	
592.650000	19.639943	-45.606045	0.000000	
592.700000	19.626212	-45.585167	0.000000	
592.750000	19.612404	-45.564342	0.000000	
592.800000	19.598502	-45.543581	0.000000	
592.850000	19.584501	-45.522888	0.000000	
592.900000	19.570407	-45.502259	0.000000	
592.950000	19.556202	-45.481705	0.000000	
593.000000	19.541891	-45.461225	0.000000	
593.050000	19.527488	-45.440808	0.000000	
593.100000	19.512992	-45.420455	0.000000	
593.150000	19.498424	-45.400150	0.000000	
593.200000	19.483781	-45.379897	0.000000	
593.250000	19.469076	-45.359687	0.000000	
593.300000	19.454321	-45.339511	0.000000	
593.350000	19.439545	-45.319351	0.000000	
593.400000	19.424732	-45.299216	0.000000	
593.450000	19.409899	-45.279094	0.000000	
593.500000	19.395058	-45.258979	0.000000	
593.550000	19.380218	-45.238862	0.000000	
593.600000	19.365391	-45.218737	0.000000	
593.650000	19.350570	-45.198607	0.000000	
593.700000	19.335773	-45.178460	0.000000	
593.750000	19.320990	-45.158304	0.000000	
593.800000	19.306222	-45.138135	0.000000	
593.850000	19.291491	-45.117940	0.000000	
593.900000	19.276802	-45.097715	0.000000	
593.950000	19.262140	-45.077469	0.000000	
594.000000	19.247514	-45.057198	0.000000	
594.050000	19.232911	-45.036908	0.000000	
594.100000	19.218323	-45.016608	0.000000	
594.150000	19.203730	-44.996310	0.000000	
594.200000	19.189120	-44.976026	0.000000	
594.250000	19.174492	-44.955755	0.000000	
594.300000	19.159850	-44.935496	0.000000	
594.350000	19.145183	-44.915255	0.000000	
594.400000	19.130476	-44.895043	0.000000	
594.450000	19.115748	-44.874848	0.000000	
594.500000	19.100991	-44.854673	0.000000	
594.550000	19.086203	-44.834521	0.000000	
594.600000	19.071373	-44.814400	0.000000	
594.650000	19.056510	-44.794303	0.000000	
594.700000	19.041619	-44.774227	0.000000	
594.750000	19.026697	-44.754173	0.000000	
594.800000	19.011747	-44.734139	0.000000	
594.850000	18.996791	-44.714111	0.000000	
594.900000	18.981829	-44.694086	0.000000	
594.950000	18.966858	-44.674066	0.000000	
595.000000	18.951892	-44.654044	0.000000	
595.050000	18.936924	-44.634023	0.000000	
595.100000	18.921976	-44.613988	0.000000	
595.150000	18.907057	-44.593932	0.000000	
595.200000	18.892170	-44.573853	0.000000	
595.250000	18.877310	-44.553754	0.000000	
595.300000	18.862473	-44.533637	0.000000	
595.350000	18.847641	-44.513516	0.000000	
595.400000	18.832826	-44.493383	0.000000	
595.450000	18.818036	-44.473230	0.000000	
595.500000	18.803264	-44.453064	0.000000	
595.550000	18.788518	-44.432879	0.000000	
595.600000	18.773789	-44.412682	0.000000	
595.650000	18.759078	-44.392471	0.000000	
595.700000	18.744365	-44.372261	0.000000	
595.750000	18.729642	-44.352059	0.000000	
595.800000	18.714901	-44.331871	0.000000	
595.850000	18.700151	-44.311689	0.000000	
595.900000	18.685383	-44.291520	0.000000	
595.950000	18.670598	-44.271365	0.000000	
596.000000	18.655795	-44.251222	0.000000	
596.050000	18.640971	-44.231095	0.000000	
596.100000	18.626138	-44.210973	0.000000	
596.150000	18.611296	-44.190858	0.000000	
596.200000	18.596428	-44.170762	0.000000	
596.250000	18.581533	-44.150685	0.000000	
596.300000	18.566607	-44.130632	0.000000	
596.350000	18.551654	-44.110599	0.000000	
596.400000	18.536685	-44.090578	0.000000	
596.450000	18.521686	-44.070581	0.000000	
596.500000	18.506645	-44.050615	0.000000	
596.550000	18.491572	-44.030674	0.000000	
596.600000	18.476454	-44.010767	0.000000	
596.650000	18.461300	-43.990887	0.000000	
596.700000	18.446122	-43.971026	0.000000	
596.750000	18.430932	-43.951173	0.000000	
596.800000	18.415740	-43.931323	0.000000	
596.850000	18.400547	-43.911473	0.000000	
596.900000	18.385345	-43.891630	0.000000	
596.950000	18.370129	-43.871797	0.000000	
597.000000	18.354897	-43.851977	0.000000	
597.050000	18.339647	-43.832170	0.000000	
597.100000	18.324390	-43.812369	0.000000	
597.150000	18.309129	-43.792570	0.000000	
597.200000	18.293857	-43.772780	0.000000	
597.250000	18.278598	-43.752980	0.000000	
597.300000	18.263371	-43.733157	0.000000	
597.350000	18.248172	-43.713312	0.000000	
597.400000	18.233004	-43.693445	0.000000	
597.450000	18.217863	-43.673557	0.000000	
597.500000	18.202756	-43.653643	0.000000	
597.550000	18.187697	-43.633692	0.000000	
597.600000	18.172665	-43.613721	0.000000	
597.650000	18.157651	-43.593735	0.000000	
597.700000	18.142677	-43.573720	0.000000	
597.750000	18.127737	-43.553678	0.000000	
597.800000	18.112840	-43.533605	0.000000	
597.850000	18.097987	-43.513499	0.000000	
597.900000	18.083189	-43.493353	0.000000	
597.950000	18.068450	-43.473164	0.000000	
598.000000	18.053761	-43.452938	0.000000	
598.050000	18.039108	-43.432685	0.000000	
598.100000	18.024477	-43.412416	0.000000	
598.150000	18.009854	-43.392141	0.000000	
598.200000	17.995221	-43.371873	0.000000	
598.250000	17.980565	-43.351623	0.000000	
598.300000	17.965861	-43.331409	0.000000	
598.350000	17.951107	-43.311232	0.000000	
598.400000	17.936311	-43.291086	0.000000	
598.450000	17.921494	-43.270957	0.000000	
598.500000	17.906643	-43.250854	0.000000	
598.550000	17.891749	-43.230783	0.000000	
598.600000	17.876790	-43.210763	0.000000	
598.650000	17.861789	-43.190776	0.000000	
598.700000	17.846740	-43.170827	0.000000	
598.750000	17.831630	-43.150926	0.000000	
598.800000	17.816462	-43.131070	0.000000	
598.850000	17.801214	-43.111275	0.000000	
598.900000	17.785901	-43.091530	0.000000	
598.950000	17.770523	-43.071833	0.000000	
599.000000	17.755081	-43.052183	0.000000	
599.050000	17.739586	-43.032572	0.000000	
599.100000	17.724049	-43.012992	0.000000	
599.150000	17.708481	-42.993436	0.000000	
599.200000	17.692896	-42.973892	0.000000	
599.250000	17.677293	-42.954363	0.000000	
599.300000	17.661689	-42.934833	0.000000	
599.350000	17.646101	-42.915292	0.000000	
599.400000	17.630511	-42.895753	0.000000	
599.450000	17.614932	-42.876204	0.000000	
599.500000	17.599350	-42.856658	0.000000	
599.550000	17.583791	-42.837094	0.000000	
599.600000	17.568257	-42.817510	0.000000	
599.650000	17.552752	-42.797903	0.000000	
599.700000	17.537262	-42.778284	0.000000	
599.750000	17.521809	-42.758635	0.000000	
599.800000	17.506401	-42.738950	0.000000	
599.850000	17.491017	-42.719246	0.000000	
599.900000	17.475667	-42.699515	0.000000	
599.950000	17.460336	-42.679768	0.000000	
600.000000	17.445010	-42.660017	0.000000	
600.050000	17.429694	-42.640259	0.000000	
600.100000	17.414381	-42.620498	0.000000	
600.150000	17.399054	-42.600748	0.000000	
600.200000	17.383719	-42.581005	0.000000	
600.250000	17.368365	-42.561277	0.000000	
600.300000	17.352988	-42.541566	0.000000	
600.350000	17.337588	-42.521874	0.000000	
600.400000	17.322149	-42.502214	0.000000	
600.450000	17.306675	-42.482581	0.000000	
600.500000	17.291145	-42.462995	0.000000	
600.550000	17.275548	-42.443465	0.000000	
600.600000	17.259880	-42.423992	0.000000	
600.650000	17.244140	-42.404580	0.000000	
600.700000	17.228334	-42.385223	0.000000	
600.750000	17.212476	-42.365909	0.000000	
600.800000	17.196556	-42.346647	0.000000	
600.850000	17.180573	-42.327437	0.000000	
600.900000	17.164527	-42.308278	0.000000	
600.950000	17.148428	-42.289163	0.000000	
601.000000	17.132289	-42.270082	0.000000	
601.050000	17.116112	-42.251031	0.000000	
601.100000	17.099879	-42.232026	0.000000	
601.150000	17.083609	-42.213052	0.000000	
601.200000	17.067318	-42.194095	0.000000	
601.250000	17.050991	-42.175167	0.000000	
601.300000	17.034618	-42.156278	0.000000	
601.350000	17.018201	-42.137427	0.000000	
601.400000	17.001725	-42.118627	0.000000	
601.450000	16.985205	-42.099867	0.000000	
601.500000	16.968638	-42.081148	0.000000	
601.550000	16.952049	-42.062448	0.000000	
601.600000	16.935459	-42.043750	0.000000	
601.650000	16.918870	-42.025051	0.000000	
601.700000	16.902299	-42.006336	0.000000	
601.750000	16.885746	-41.987605	0.000000	
601.800000	16.869196	-41.968871	0.000000	
601.850000	16.852646	-41.950137	0.000000	
601.900000	16.836088	-41.931411	0.000000	
601.950000	16.819535	-41.912680	0.000000	
602.000000	16.802968	-41.893961	0.000000	
602.050000	16.786390	-41.875252	0.000000	
602.100000	16.769792	-41.856560	0.000000	
602.150000	16.753185	-41.837877	0.000000	
602.200000	16.736566	-41.819203	0.000000	
602.250000	16.719942	-41.800534	0.000000	
602.300000	16.703326	-41.781858	0.000000	
602.350000	16.686730	-41.763165	0.000000	
602.400000	16.670162	-41.744447	0.000000	
602.450000	16.653620	-41.725706	0.000000	
602.500000	16.637099	-41.706945	0.000000	
602.550000	16.620597	-41.688168	0.000000	
602.600000	16.604094	-41.669390	0.000000	
602.650000	16.587571	-41.650632	0.000000	
602.700000	16.571025	-41.631894	0.000000	
602.750000	16.554465	-41.613169	0.000000	
602.800000	16.537881	-41.594465	0.000000	
602.850000	16.521288	-41.575769	0.000000	
602.900000	16.504692	-41.557075	0.000000	
602.950000	16.488107	-41.538372	0.000000	
603.000000	16.471528	-41.519664	0.000000	
603.050000	16.454967	-41.500940	0.000000	
603.100000	16.438419	-41.482204	0.000000	
603.150000	16.421901	-41.463442	0.000000	
603.200000	16.405403	-41.444663	0.000000	
603.250000	16.388917	-41.425875	0.000000	
603.300000	16.372437	-41.407081	0.000000	
603.350000	16.355955	-41.388288	0.000000	
603.400000	16.339461	-41.369506	0.000000	
603.450000	16.322955	-41.350734	0.000000	
603.500000	16.306443	-41.331968	0.000000	
603.550000	16.289938	-41.313195	0.000000	
603.600000	16.273460	-41.294398	0.000000	
603.650000	16.257027	-41.275563	0.000000	
603.700000	16.240659	-41.256670	0.000000	
603.750000	16.224344	-41.237731	0.000000	
603.800000	16.208066	-41.218761	0.000000	
603.850000	16.191849	-41.199738	0.000000	
603.900000	16.175680	-41.180674	0.000000	
603.950000	16.159551	-41.161576	0.000000	
604.000000	16.143445	-41.142459	0.000000	
604.050000	16.127352	-41.123331	0.000000	
604.100000	16.111280	-41.104184	0.000000	
604.150000	16.095211	-41.085035	0.000000	
604.200000	16.079127	-41.065899	0.000000	
604.250000	16.063028	-41.046776	0.000000	
604.300000	16.046904	-41.027674	0.000000	
604.350000	16.030758	-41.008592	0.000000	
604.400000	16.014585	-40.989533	0.000000	
604.450000	15.998405	-40.970480	0.000000	
604.500000	15.982218	-40.951433	0.000000	
604.550000	15.966022	-40.932395	0.000000	
604.600000	15.949807	-40.913373	0.000000	
604.650000	15.933549	-40.894390	0.000000	
604.700000	15.917240	-40.875451	0.000000	
604.750000	15.900868	-40.856568	0.000000	
604.800000	15.884443	-40.837731	0.000000	
604.850000	15.867966	-40.818939	0.000000	
604.900000	15.851418	-40.800209	0.000000	
604.950000	15.834807	-40.781533	0.000000	
605.000000	15.818140	-40.762905	0.000000	
605.050000	15.801430	-40.744316	0.000000	
605.100000	15.784693	-40.725750	0.000000	
605.150000	15.767925	-40.707210	0.000000	
605.200000	15.751133	-40.688692	0.000000	
605.250000	15.734315	-40.670196	0.000000	
605.300000	15.717489	-40.651707	0.000000	
605.350000	15.700662	-40.633220	0.000000	
605.400000	15.683838	-40.614730	0.000000	
605.450000	15.667038	-40.596219	0.000000	
605.500000	15.650258	-40.577690	0.000000	
605.550000	15.633500	-40.559143	0.000000	
605.600000	15.616783	-40.540560	0.000000	
605.650000	15.600098	-40.521949	0.000000	
605.700000	15.583461	-40.503296	0.000000	
605.750000	15.566867	-40.484604	0.000000	
605.800000	15.550328	-40.465864	0.000000	
605.850000	15.533823	-40.447094	0.000000	
605.900000	15.517342	-40.428301	0.000000	
605.950000	15.500903	-40.409472	0.000000	
606.000000	15.484489	-40.390619	0.000000	
606.050000	15.468102	-40.371743	0.000000	
606.100000	15.451726	-40.352856	0.000000	
606.150000	15.435363	-40.333959	0.000000	
606.200000	15.419001	-40.315059	0.000000	
606.250000	15.402631	-40.296168	0.000000	
606.300000	15.386250	-40.277287	0.000000	
606.350000	15.369845	-40.258428	0.000000	
606.400000	15.353421	-40.239586	0.000000	
606.450000	15.336958	-40.220779	0.000000	
606.500000	15.320442	-40.202021	0.000000	
606.550000	15.303862	-40.183321	0.000000	
606.600000	15.287229	-40.164669	0.000000	
606.650000	15.270538	-40.146067	0.000000	
606.700000	15.253803	-40.127506	0.000000	
606.750000	15.237026	-40.108980	0.000000	
606.800000	15.220216	-40.090484	0.000000	
606.850000	15.203350	-40.072037	0.000000	
606.900000	15.186432	-40.053637	0.000000	
606.950000	15.169476	-40.035272	0.000000	
607.000000	15.152474	-40.016949	0.000000	
607.050000	15.135445	-39.998650	0.000000	
607.100000	15.118377	-39.980387	0.000000	
607.150000	15.101291	-39.962140	0.000000	
607.200000	15.084177	-39.943918	0.000000	
607.250000	15.067043	-39.925714	0.000000	
607.300000	15.049896	-39.907523	0.000000	
607.350000	15.032750	-39.889330	0.000000	
607.400000	15.015619	-39.871123	0.000000	
607.450000	14.998504	-39.852902	0.000000	
607.500000	14.981407	-39.834664	0.000000	
607.550000	14.964344	-39.816394	0.000000	
607.600000	14.947331	-39.798079	0.000000	
607.650000	14.930348	-39.779735	0.000000	
607.700000	14.913380	-39.761378	0.000000	
607.750000	14.896432	-39.743002	0.000000	
607.800000	14.879490	-39.724621	0.000000	
607.850000	14.862539	-39.706248	0.000000	
607.900000	14.845589	-39.687874	0.000000	
607.950000	14.828657	-39.669483	0.000000	
608.000000	14.811745	-39.651074	0.000000	
608.050000	14.794851	-39.632647	0.000000	
608.100000	14.777973	-39.614207	0.000000	
608.150000	14.761109	-39.595753	0.000000	
608.200000	14.744238	-39.577306	0.000000	
608.250000	14.727356	-39.558868	0.000000	
608.300000	14.710459	-39.540445	0.000000	
608.350000	14.693555	-39.522029	0.000000	
608.400000	14.676649	-39.503615	0.000000	
608.450000	14.659744	-39.485199	0.000000	
608.500000	14.642851	-39.466773	0.000000	
608.550000	14.625985	-39.448323	0.000000	
608.600000	14.609142	-39.429854	0.000000	
608.650000	14.592304	-39.411380	0.000000	
608.700000	14.575482	-39.392891	0.000000	
608.750000	14.558677	-39.374388	0.000000	
608.800000	14.541876	-39.355881	0.000000	
608.850000	14.525093	-39.337359	0.000000	
608.900000	14.508343	-39.318806	0.000000	
608.950000	14.491622	-39.300227	0.000000	
609.000000	14.474911	-39.281639	0.000000	
609.050000	14.458208	-39.263044	0.000000	
609.100000	14.441509	-39.244445	0.000000	
609.150000	14.424818	-39.225839	0.000000	
609.200000	14.408154	-39.207209	0.000000	
609.250000	14.391540	-39.188534	0.000000	
609.300000	14.374971	-39.169819	0.000000	
609.350000	14.358456	-39.151055	0.000000	
609.400000	14.341991	-39.132246	0.000000	
609.450000	14.325576	-39.113392	0.000000	
609.500000	14.309196	-39.094508	0.000000	
609.550000	14.292849	-39.075595	0.000000	
609.600000	14.276512	-39.056674	0.000000	
609.650000	14.260183	-39.037747	0.000000	
609.700000	14.243867	-39.018808	0.000000	
609.750000	14.227560	-38.999861	0.000000	
609.800000	14.211269	-38.980901	0.000000	
609.850000	14.195006	-38.961917	0.000000	
609.900000	14.178769	-38.942910	0.000000	
609.950000	14.162549	-38.923890	0.000000	
610.000000	14.146347	-38.904854	0.000000	
610.050000	14.130179	-38.885788	0.000000	
610.100000	14.114032	-38.866704	0.000000	
610.150000	14.097912	-38.847597	0.000000	
610.200000	14.081808	-38.828475	0.000000	
610.250000	14.065720	-38.809340	0.000000	
610.300000	14.049627	-38.790209	0.000000	
610.350000	14.033532	-38.771080	0.000000	
610.400000	14.017442	-38.751947	0.000000	
610.450000	14.001350	-38.732814	0.000000	
610.500000	13.985239	-38.713699	0.000000	
610.550000	13.969119	-38.694591	0.000000	
610.600000	13.952968	-38.675509	0.000000	
610.650000	13.936803	-38.656440	0.000000	
610.700000	13.920618	-38.637387	0.000000	
610.750000	13.904418	-38.618348	0.000000	
610.800000	13.888209	-38.599316	0.000000	
610.850000	13.871982	-38.580299	0.000000	
610.900000	13.855745	-38.561290	0.000000	
610.950000	13.839494	-38.542294	0.000000	
611.000000	13.823218	-38.523318	0.000000	
611.050000	13.806928	-38.504355	0.000000	
611.100000	13.790607	-38.485419	0.000000	
611.150000	13.774272	-38.466495	0.000000	
611.200000	13.757909	-38.447595	0.000000	
611.250000	13.741514	-38.428723	0.000000	
611.300000	13.725070	-38.409895	0.000000	
611.350000	13.708572	-38.391116	0.000000	
611.400000	13.692027	-38.372379	0.000000	
611.450000	13.675433	-38.353687	0.000000	
611.500000	13.658795	-38.335033	0.000000	
611.550000	13.642131	-38.316403	0.000000	
611.600000	13.625433	-38.297804	0.000000	
611.650000	13.608702	-38.279235	0.000000	
611.700000	13.591944	-38.260690	0.000000	
611.750000	13.575154	-38.242173	0.000000	
611.800000	13.558322	-38.223695	0.000000	
611.850000	13.541448	-38.205255	0.000000	
611.900000	13.524541	-38.186845	0.000000	
611.950000	13.507575	-38.168489	0.000000	
612.000000	13.490543	-38.150193	0.000000	
612.050000	13.473458	-38.131946	0.000000	
612.100000	13.456312	-38.113757	0.000000	
612.150000	13.439102	-38.095628	0.000000	
612.200000	13.421829	-38.077560	0.000000	
612.250000	13.404508	-38.059539	0.000000	
612.300000	13.387142	-38.041561	0.000000	
612.350000	13.369746	-38.023611	0.000000	
612.400000	13.352334	-38.005677	0.000000	
612.450000	13.334908	-37.987757	0.000000	
612.500000	13.317469	-37.969850	0.000000	
612.550000	13.300020	-37.951951	0.000000	
612.600000	13.282555	-37.934068	0.000000	
612.650000	13.265076	-37.916198	0.000000	
612.700000	13.247592	-37.898334	0.000000	
612.750000	13.230083	-37.880492	0.000000	
612.800000	13.212560	-37.862665	0.000000	
612.850000	13.195023	-37.844849	0.000000	
612.900000	13.177458	-37.827063	0.000000	
612.950000	13.159867	-37.809301	0.000000	
613.000000	13.142258	-37.791557	0.000000	
613.050000	13.124636	-37.773826	0.000000	
613.100000	13.106995	-37.756115	0.000000	
613.150000	13.089336	-37.738422	0.000000	
613.200000	13.071662	-37.720744	0.000000	
613.250000	13.053956	-37.703102	0.000000	
613.300000	13.036222	-37.685488	0.000000	
613.350000	13.018463	-37.667900	0.000000	
613.400000	13.000665	-37.650353	0.000000	
613.450000	12.982832	-37.632843	0.000000	
613.500000	12.964951	-37.615383	0.000000	
613.550000	12.947007	-37.597990	0.000000	
613.600000	12.928995	-37.580668	0.000000	
613.650000	12.910908	-37.563425	0.000000	
613.700000	12.892736	-37.546273	0.000000	
613.750000	12.874489	-37.529199	0.000000	
613.800000	12.856171	-37.512202	0.000000	
613.850000	12.837787	-37.495273	0.000000	
613.900000	12.819352	-37.478397	0.000000	
613.950000	12.800899	-37.461540	0.000000	
614.000000	12.782450	-37.444680	0.000000	
614.050000	12.764033	-37.427787	0.000000	
614.100000	12.745705	-37.410814	0.000000	
614.150000	12.727520	-37.393714	0.000000	
614.200000	12.709530	-37.376448	0.000000	
614.250000	12.691795	-37.358975	0.000000	
614.300000	12.674379	-37.341252	0.000000	
614.350000	12.657339	-37.323254	0.000000	
614.400000	12.640750	-37.304953	0.000000	
614.450000	12.624679	-37.286319	0.000000	
614.500000	12.609190	-37.267335	0.000000	
614.550000	12.594348	-37.247983	0.000000	
614.600000	12.580229	-37.228238	0.000000	
614.650000	12.566914	-37.208090	0.000000	
614.700000	12.554460	-37.187531	0.000000	
614.750000	12.542919	-37.166550	0.000000	
614.800000	12.532340	-37.145161	0.000000	
614.850000	12.522774	-37.123362	0.000000	
614.900000	12.514247	-37.101171	0.000000	
614.950000	12.506802	-37.078598	0.000000	
615.000000	12.500456	-37.055677	0.000000	
615.050000	12.495202	-37.032436	0.000000	
615.100000	12.491030	-37.008904	0.000000	
615.150000	12.487903	-36.985128	0.000000	
615.200000	12.485779	-36.961152	0.000000	
615.250000	12.484611	-36.937007	0.000000	
615.300000	12.484378	-36.912732	0.000000	
615.350000	12.485028	-36.888358	0.000000	
615.400000	12.486510	-36.863922	0.000000	
615.450000	12.488754	-36.839458	0.000000	
615.500000	12.491717	-36.814991	0.000000	
615.550000	12.495331	-36.790542	0.000000	
615.600000	12.499527	-36.766120	0.000000	
615.650000	12.504230	-36.741734	0.000000	
615.700000	12.509365	-36.717394	0.000000	
615.750000	12.514864	-36.693098	0.000000	
615.800000	12.520666	-36.668843	0.000000	
615.850000	12.526724	-36.644629	0.000000	
615.900000	12.532994	-36.620455	0.000000	
615.950000	12.539426	-36.596312	0.000000	
616.000000	12.545971	-36.572194	0.000000	
616.050000	12.552604	-36.548097	0.000000	
616.100000	12.559308	-36.524018	0.000000	
616.150000	12.566064	-36.499952	0.000000	
616.200000	12.572867	-36.475898	0.000000	
616.250000	12.579725	-36.451860	0.000000	
616.300000	12.586633	-36.427835	0.000000	
616.350000	12.593561	-36.403816	0.000000	
616.400000	12.600520	-36.379807	0.000000	
616.450000	12.607495	-36.355801	0.000000	
616.500000	12.614486	-36.331801	0.000000	
616.550000	12.621475	-36.307800	0.000000	
616.600000	12.628469	-36.283801	0.000000	
616.650000	12.635474	-36.259805	0.000000	
616.700000	12.642484	-36.235811	0.000000	
616.750000	12.649485	-36.211814	0.000000	
616.800000	12.656488	-36.187817	0.000000	
616.850000	12.663506	-36.163825	0.000000	
616.900000	12.670518	-36.139831	0.000000	
616.950000	12.677533	-36.115838	0.000000	
617.000000	12.684554	-36.091847	0.000000	
617.050000	12.691582	-36.067857	0.000000	
617.100000	12.698599	-36.043864	0.000000	
617.150000	12.705618	-36.019872	0.000000	
617.200000	12.712651	-35.995884	0.000000	
617.250000	12.719672	-35.971893	0.000000	
617.300000	12.726662	-35.947892	0.000000	
617.350000	12.733609	-35.923880	0.000000	
617.400000	12.740528	-35.899860	0.000000	
617.450000	12.747402	-35.875827	0.000000	
617.500000	12.754229	-35.851780	0.000000	
617.550000	12.761015	-35.827722	0.000000	
617.600000	12.767750	-35.803649	0.000000	
617.650000	12.774423	-35.779558	0.000000	
617.700000	12.781041	-35.755451	0.000000	
617.750000	12.787601	-35.731329	0.000000	
617.800000	12.794100	-35.707190	0.000000	
617.850000	12.800555	-35.683040	0.000000	
617.900000	12.806962	-35.658878	0.000000	
617.950000	12.813347	-35.634709	0.000000	
618.000000	12.819711	-35.610535	0.000000	
618.050000	12.826061	-35.586357	0.000000	
618.100000	12.832409	-35.562179	0.000000	
618.150000	12.838777	-35.538007	0.000000	
618.200000	12.845147	-35.513834	0.000000	
618.250000	12.851513	-35.489661	0.000000	
618.300000	12.857876	-35.465487	0.000000	
618.350000	12.864224	-35.441309	0.000000	
618.400000	12.870566	-35.417129	0.000000	
618.450000	12.876880	-35.392942	0.000000	
618.500000	12.883160	-35.368747	0.000000	
618.550000	12.889420	-35.344547	0.000000	
618.600000	12.895654	-35.320339	0.000000	
618.650000	12.901887	-35.296132	0.000000	
618.700000	12.908119	-35.271924	0.000000	
618.750000	12.914350	-35.247717	0.000000	
618.800000	12.920602	-35.223514	0.000000	
618.850000	12.926901	-35.199323	0.000000	
618.900000	12.933218	-35.175137	0.000000	
618.950000	12.939570	-35.150960	0.000000	
619.000000	12.945934	-35.126786	0.000000	
619.050000	12.952303	-35.102613	0.000000	
619.100000	12.958675	-35.078441	0.000000	
619.150000	12.965027	-35.054264	0.000000	
619.200000	12.971334	-35.030074	0.000000	
619.250000	12.977603	-35.005875	0.000000	
619.300000	12.983841	-34.981667	0.000000	
619.350000	12.990061	-34.957454	0.000000	
619.400000	12.996280	-34.933241	0.000000	
619.450000	13.002513	-34.909032	0.000000	
619.500000	13.008769	-34.884828	0.000000	
619.550000	13.015067	-34.860635	0.000000	
619.600000	13.021406	-34.836453	0.000000	
619.650000	13.027778	-34.812279	0.000000	
619.700000	13.034164	-34.788110	0.000000	
619.750000	13.040557	-34.763942	0.000000	
619.800000	13.046951	-34.739774	0.000000	
619.850000	13.053339	-34.715605	0.000000	
619.900000	13.059709	-34.691431	0.000000	
619.950000	13.066064	-34.667253	0.000000	
620.000000	13.072388	-34.643068	0.000000	
620.050000	13.078688	-34.618876	0.000000	
620.100000	13.084969	-34.594679	0.000000	
620.150000	13.091241	-34.570480	0.000000	
620.200000	13.097499	-34.546278	0.000000	
620.250000	13.103763	-34.522077	0.000000	
620.300000	13.110047	-34.497881	0.000000	
620.350000	13.116334	-34.473686	0.000000	
620.400000	13.122633	-34.449494	0.000000	
620.450000	13.128960	-34.425310	0.000000	
620.500000	13.135309	-34.401131	0.000000	
620.550000	13.141676	-34.376958	0.000000	
620.600000	13.148055	-34.352788	0.000000	
620.650000	13.154453	-34.328623	0.000000	
620.700000	13.160878	-34.304467	0.000000	
620.750000	13.167332	-34.280318	0.000000	
620.800000	13.173837	-34.256185	0.000000	
620.850000	13.180405	-34.232070	0.000000	
620.900000	13.187031	-34.207971	0.000000	
620.950000	13.193722	-34.183891	0.000000	
621.000000	13.200486	-34.159832	0.000000	
621.050000	13.207338	-34.135798	0.000000	
621.100000	13.214300	-34.111795	0.000000	
621.150000	13.221362	-34.087823	0.000000	
621.200000	13.228519	-34.063879	0.000000	
621.250000	13.235775	-34.039963	0.000000	
621.300000	13.243107	-34.016070	0.000000	
621.350000	13.250512	-33.992198	0.000000	
621.400000	13.257980	-33.968345	0.000000	
621.450000	13.265502	-33.944508	0.000000	
621.500000	13.273056	-33.920681	0.000000	
621.550000	13.280651	-33.896866	0.000000	
621.600000	13.288283	-33.873062	0.000000	
621.650000	13.295935	-33.849264	0.000000	
621.700000	13.303579	-33.825463	0.000000	
621.750000	13.311190	-33.801653	0.000000	
621.800000	13.318780	-33.777837	0.000000	
621.850000	13.326321	-33.754007	0.000000	
621.900000	13.333798	-33.730158	0.000000	
621.950000	13.341216	-33.706292	0.000000	
622.000000	13.348570	-33.682407	0.000000	
622.050000	13.355878	-33.658510	0.000000	
622.100000	13.363131	-33.634595	0.000000	
622.150000	13.370307	-33.610657	0.000000	
622.200000	13.377391	-33.586692	0.000000	
622.250000	13.384389	-33.562700	0.000000	
622.300000	13.391303	-33.538683	0.000000	
622.350000	13.398133	-33.514642	0.000000	
622.400000	13.404870	-33.490574	0.000000	
622.450000	13.411531	-33.466485	0.000000	
622.500000	13.418128	-33.442377	0.000000	
622.550000	13.424667	-33.418252	0.000000	
622.600000	13.431149	-33.394110	0.000000	
622.650000	13.437573	-33.369952	0.000000	
622.700000	13.443961	-33.345783	0.000000	
622.750000	13.450315	-33.321605	0.000000	
622.800000	13.456665	-33.297425	0.000000	
622.850000	13.462986	-33.273239	0.000000	
622.900000	13.469311	-33.249053	0.000000	
622.950000	13.475649	-33.224870	0.000000	
623.000000	13.481991	-33.200689	0.000000	
623.050000	13.488320	-33.176504	0.000000	
623.100000	13.494622	-33.152312	0.000000	
623.150000	13.500878	-33.128109	0.000000	
623.200000	13.507105	-33.103898	0.000000	
623.250000	13.513300	-33.079679	0.000000	
623.300000	13.519462	-33.055453	0.000000	
623.350000	13.525598	-33.031220	0.000000	
623.400000	13.531716	-33.006982	0.000000	
623.450000	13.537823	-32.982742	0.000000	
623.500000	13.543917	-32.958499	0.000000	
623.550000	13.550004	-32.934254	0.000000	
623.600000	13.556087	-32.910008	0.000000	
623.650000	13.562161	-32.885759	0.000000	
623.700000	13.568227	-32.861508	0.000000	
623.750000	13.574269	-32.837252	0.000000	
623.800000	13.580281	-32.812988	0.000000	
623.850000	13.586248	-32.788712	0.000000	
623.900000	13.592199	-32.764433	0.000000	
623.950000	13.598137	-32.740150	0.000000	
624.000000	13.604045	-32.715859	0.000000	
624.050000	13.609944	-32.691567	0.000000	
624.100000	13.615850	-32.667275	0.000000	
624.150000	13.621761	-32.642985	0.000000	
624.200000	13.627695	-32.618701	0.000000	
624.250000	13.633651	-32.594422	0.000000	
624.300000	13.639630	-32.570149	0.000000	
624.350000	13.645612	-32.545877	0.000000	
624.400000	13.651598	-32.521605	0.000000	
624.450000	13.657605	-32.497339	0.000000	
624.500000	13.663620	-32.473074	0.000000	
624.550000	13.669645	-32.448812	0.000000	
624.600000	13.675667	-32.424549	0.000000	
624.650000	13.681675	-32.400282	0.000000	
624.700000	13.687675	-32.376014	0.000000	
624.750000	13.693667	-32.351743	0.000000	
624.800000	13.699654	-32.327472	0.000000	
624.850000	13.705634	-32.303198	0.000000	
624.900000	13.711623	-32.278927	0.000000	
624.950000	13.717595	-32.254652	0.000000	
625.000000	13.723546	-32.230372	0.000000	
625.050000	13.729500	-32.206092	0.000000	
625.100000	13.735436	-32.181808	0.000000	
625.150000	13.741346	-32.157517	0.000000	
625.200000	13.747228	-32.133220	0.000000	
625.250000	13.753074	-32.108915	0.000000	
625.300000	13.758862	-32.084595	0.000000	
625.350000	13.764619	-32.060269	0.000000	
625.400000	13.770365	-32.035940	0.000000	
625.450000	13.776115	-32.011611	0.000000	
625.500000	13.781870	-31.987284	0.000000	
625.550000	13.787626	-31.962958	0.000000	
625.600000	13.793380	-31.938630	0.000000	
625.650000	13.799130	-31.914302	0.000000	
625.700000	13.804875	-31.889973	0.000000	
625.750000	13.810599	-31.865638	0.000000	
625.800000	13.816318	-31.841302	0.000000	
625.850000	13.822047	-31.816969	0.000000	
625.900000	13.827787	-31.792638	0.000000	
625.950000	13.833510	-31.768304	0.000000	
626.000000	13.839216	-31.743965	0.000000	
626.050000	13.844880	-31.719618	0.000000	
626.100000	13.850480	-31.695256	0.000000	
626.150000	13.856038	-31.670885	0.000000	
626.200000	13.861572	-31.646509	0.000000	
626.250000	13.867108	-31.622134	0.000000	
626.300000	13.872661	-31.597762	0.000000	
626.350000	13.878255	-31.573400	0.000000	
626.400000	13.883887	-31.549047	0.000000	
626.450000	13.889564	-31.524705	0.000000	
626.500000	13.895265	-31.500369	0.000000	
626.550000	13.900970	-31.476034	0.000000	
626.600000	13.906705	-31.451706	0.000000	
626.650000	13.912448	-31.427381	0.000000	
626.700000	13.918198	-31.403058	0.000000	
626.750000	13.923980	-31.378742	0.000000	
626.800000	13.929802	-31.354437	0.000000	
626.850000	13.935668	-31.330143	0.000000	
626.900000	13.941576	-31.305861	0.000000	
626.950000	13.947547	-31.281595	0.000000	
627.000000	13.953593	-31.257348	0.000000	
627.050000	13.959724	-31.233123	0.000000	
627.100000	13.965955	-31.208923	0.000000	
627.150000	13.972293	-31.184747	0.000000	
627.200000	13.978715	-31.160592	0.000000	
627.250000	13.985206	-31.136454	0.000000	
627.300000	13.991740	-31.112325	0.000000	
627.350000	13.998287	-31.088200	0.000000	
627.400000	14.004825	-31.064073	0.000000	
627.450000	14.011337	-31.039940	0.000000	
627.500000	14.017824	-31.015800	0.000000	
627.550000	14.024308	-30.991659	0.000000	
627.600000	14.030800	-30.967520	0.000000	
627.650000	14.037300	-30.943384	0.000000	
627.700000	14.043810	-30.919250	0.000000	
627.750000	14.050332	-30.895119	0.000000	
627.800000	14.056840	-30.870985	0.000000	
627.850000	14.063311	-30.846841	0.000000	
627.900000	14.069750	-30.822688	0.000000	
627.950000	14.076146	-30.798524	0.000000	
628.000000	14.082483	-30.774345	0.000000	
628.050000	14.088776	-30.750153	0.000000	
628.100000	14.095016	-30.725947	0.000000	
628.150000	14.101204	-30.701728	0.000000	
628.200000	14.107332	-30.677492	0.000000	
628.250000	14.113410	-30.653244	0.000000	
628.300000	14.119432	-30.628983	0.000000	
628.350000	14.125394	-30.604707	0.000000	
628.400000	14.131299	-30.580419	0.000000	
628.450000	14.137160	-30.556121	0.000000	
628.500000	14.142971	-30.531812	0.000000	
628.550000	14.148716	-30.507489	0.000000	
628.600000	14.154375	-30.483147	0.000000	
628.650000	14.159946	-30.458785	0.000000	
628.700000	14.165411	-30.434400	0.000000	
628.750000	14.170778	-30.409992	0.000000	
628.800000	14.176032	-30.385560	0.000000	
628.850000	14.181184	-30.361107	0.000000	
628.900000	14.186257	-30.336639	0.000000	
628.950000	14.191221	-30.312147	0.000000	
629.000000	14.196086	-30.287636	0.000000	
629.050000	14.200856	-30.263106	0.000000	
629.100000	14.205536	-30.238557	0.000000	
629.150000	14.210148	-30.213994	0.000000	
629.200000	14.214692	-30.189416	0.000000	
629.250000	14.219195	-30.164829	0.000000	
629.300000	14.223667	-30.140236	0.000000	
629.350000	14.228114	-30.115638	0.000000	
629.400000	14.232565	-30.091040	0.000000	
629.450000	14.237039	-30.066447	0.000000	
629.500000	14.241552	-30.041863	0.000000	
629.550000	14.246118	-30.017290	0.000000	
629.600000	14.250738	-29.992728	0.000000	
629.650000	14.255434	-29.968183	0.000000	
629.700000	14.260218	-29.943657	0.000000	
629.750000	14.265099	-29.919153	0.000000	
629.800000	14.270078	-29.894671	0.000000	
629.850000	14.275165	-29.870212	0.000000	
629.900000	14.280348	-29.845772	0.000000	
629.950000	14.285608	-29.821348	0.000000	
630.000000	14.290947	-29.796939	0.000000	
630.050000	14.296366	-29.772545	0.000000	
630.100000	14.301876	-29.748170	0.000000	
630.150000	14.307447	-29.723806	0.000000	
630.200000	14.313052	-29.699449	0.000000	
630.250000	14.318671	-29.675095	0.000000	
630.300000	14.324290	-29.650741	0.000000	
630.350000	14.329902	-29.626385	0.000000	
630.400000	14.335517	-29.602030	0.000000	
630.450000	14.341122	-29.577673	0.000000	
630.500000	14.346710	-29.553312	0.000000	
630.550000	14.352270	-29.528945	0.000000	
630.600000	14.357802	-29.504572	0.000000	
630.650000	14.363304	-29.480192	0.000000	
630.700000	14.368774	-29.455805	0.000000	
630.750000	14.374201	-29.431407	0.000000	
630.800000	14.379567	-29.406994	0.000000	
630.850000	14.384865	-29.382566	0.000000	
630.900000	14.390103	-29.358123	0.000000	
630.950000	14.395294	-29.333670	0.000000	
631.000000	14.400446	-29.309208	0.000000	
631.050000	14.405569	-29.284740	0.000000	
631.100000	14.410661	-29.260266	0.000000	
631.150000	14.415728	-29.235786	0.000000	
631.200000	14.420779	-29.211302	0.000000	
631.250000	14.425841	-29.186820	0.000000	
631.300000	14.430930	-29.162345	0.000000	
631.350000	14.436044	-29.137874	0.000000	
631.400000	14.441176	-29.113407	0.000000	
631.450000	14.446319	-29.088942	0.000000	
631.500000	14.451463	-29.064478	0.000000	
631.550000	14.456607	-29.040013	0.000000	
631.600000	14.461745	-29.015548	0.000000	
631.650000	14.466856	-28.991076	0.000000	
631.700000	14.471927	-28.966598	0.000000	
631.750000	14.476938	-28.942107	0.000000	
631.800000	14.481885	-28.917604	0.000000	
631.850000	14.486761	-28.893089	0.000000	
631.900000	14.491585	-28.868563	0.000000	
631.950000	14.496360	-28.844029	0.000000	
632.000000	14.501090	-28.819487	0.000000	
632.050000	14.505783	-28.794937	0.000000	
632.100000	14.510425	-28.770379	0.000000	
632.150000	14.515004	-28.745809	0.000000	
632.200000	14.519510	-28.721226	0.000000	
632.250000	14.523944	-28.696631	0.000000	
632.300000	14.528285	-28.672018	0.000000	
632.350000	14.532541	-28.647391	0.000000	
632.400000	14.536714	-28.622748	0.000000	
632.450000	14.540824	-28.598094	0.000000	
632.500000	14.544886	-28.573430	0.000000	
632.550000	14.548926	-28.548763	0.000000	
632.600000	14.552936	-28.524089	0.000000	
632.650000	14.556923	-28.499412	0.000000	
632.700000	14.560924	-28.474737	0.000000	
632.750000	14.564938	-28.450064	0.000000	
632.800000	14.568973	-28.425395	0.000000	
632.850000	14.573025	-28.400729	0.000000	
632.900000	14.577106	-28.376067	0.000000	
632.950000	14.581200	-28.351408	0.000000	
633.000000	14.585284	-28.326747	0.000000	
633.050000	14.589357	-28.302085	0.000000	
633.100000	14.593412	-28.277420	0.000000	
633.150000	14.597460	-28.252753	0.000000	
633.200000	14.601512	-28.228087	0.000000	
633.250000	14.605563	-28.203421	0.000000	
633.300000	14.609606	-28.178754	0.000000	
633.350000	14.613666	-28.154089	0.000000	
633.400000	14.617734	-28.129426	0.000000	
633.450000	14.621823	-28.104766	0.000000	
633.500000	14.625912	-28.080105	0.000000	
633.550000	14.630000	-28.055445	0.000000	
633.600000	14.634063	-28.030780	0.000000	
633.650000	14.638101	-28.006111	0.000000	
633.700000	14.642113	-27.981438	0.000000	
633.750000	14.646093	-27.956758	0.000000	
633.800000	14.650047	-27.932075	0.000000	
633.850000	14.653988	-27.907389	0.000000	
633.900000	14.657905	-27.882699	0.000000	
633.950000	14.661814	-27.858007	0.000000	
634.000000	14.665735	-27.833317	0.000000	
634.050000	14.669671	-27.808630	0.000000	
634.100000	14.673613	-27.783944	0.000000	
634.150000	14.677579	-27.759262	0.000000	
634.200000	14.681571	-27.734584	0.000000	
634.250000	14.685576	-27.709908	0.000000	
634.300000	14.689607	-27.685236	0.000000	
634.350000	14.693686	-27.660572	0.000000	
634.400000	14.697803	-27.635914	0.000000	
634.450000	14.701973	-27.611265	0.000000	
634.500000	14.706186	-27.586625	0.000000	
634.550000	14.710462	-27.561996	0.000000	
634.600000	14.714787	-27.537376	0.000000	
634.650000	14.719170	-27.512767	0.000000	
634.700000	14.723622	-27.488170	0.000000	
634.750000	14.728128	-27.463584	0.000000	
634.800000	14.732679	-27.439006	0.000000	
634.850000	14.737295	-27.414441	0.000000	
634.900000	14.741950	-27.389883	0.000000	
634.950000	14.746649	-27.365333	0.000000	
635.000000	14.751395	-27.340792	0.000000	
635.050000	14.756182	-27.316259	0.000000	
635.100000	14.761013	-27.291735	0.000000	
635.150000	14.765891	-27.267218	0.000000	
635.200000	14.770786	-27.242706	0.000000	
635.250000	14.775704	-27.218197	0.000000	
635.300000	14.780647	-27.193692	0.000000	
635.350000	14.785623	-27.169194	0.000000	
635.400000	14.790633	-27.144702	0.000000	
635.450000	14.795653	-27.120212	0.000000	
635.500000	14.800683	-27.095725	0.000000	
635.550000	14.805719	-27.071238	0.000000	
635.600000	14.810763	-27.046753	0.000000	
635.650000	14.815812	-27.022269	0.000000	
635.700000	14.820868	-26.997787	0.000000	
635.750000	14.825922	-26.973305	0.000000	
635.800000	14.830981	-26.948823	0.000000	
635.850000	14.836031	-26.924340	0.000000	
635.900000	14.841075	-26.899855	0.000000	
635.950000	14.846139	-26.875374	0.000000	
636.000000	14.851227	-26.850899	0.000000	
636.050000	14.856319	-26.826424	0.000000	
636.100000	14.861423	-26.801953	0.000000	
636.150000	14.866540	-26.777484	0.000000	
636.200000	14.871660	-26.753015	0.000000	
636.250000	14.876786	-26.728548	0.000000	
636.300000	14.881933	-26.704084	0.000000	
636.350000	14.887107	-26.679627	0.000000	
636.400000	14.892304	-26.655174	0.000000	
636.450000	14.897504	-26.630721	0.000000	
636.500000	14.902717	-26.606272	0.000000	
636.550000	14.907915	-26.581819	0.000000	
636.600000	14.913105	-26.557365	0.000000	
636.650000	14.918265	-26.532904	0.000000	
636.700000	14.923416	-26.508442	0.000000	
636.750000	14.928547	-26.483975	0.000000	
636.800000	14.933651	-26.459503	0.000000	
636.850000	14.938715	-26.435023	0.000000	
636.900000	14.943745	-26.410537	0.000000	
636.950000	14.948711	-26.386039	0.000000	
637.000000	14.953611	-26.361528	0.000000	
637.050000	14.958451	-26.337005	0.000000	
637.100000	14.963236	-26.312472	0.000000	
637.150000	14.967937	-26.287923	0.000000	
637.200000	14.972574	-26.263361	0.000000	
637.250000	14.977144	-26.238788	0.000000	
637.300000	14.981671	-26.214207	0.000000	
637.350000	14.986134	-26.189615	0.000000	
637.400000	14.990522	-26.165010	0.000000	
637.450000	14.994827	-26.140389	0.000000	
637.500000	14.999055	-26.115754	0.000000	
637.550000	15.003214	-26.091108	0.000000	
637.600000	15.007301	-26.066449	0.000000	
637.650000	15.011306	-26.041777	0.000000	
637.700000	15.015233	-26.017093	0.000000	
637.750000	15.019049	-25.992392	0.000000	
637.800000	15.022765	-25.967674	0.000000	
637.850000	15.026389	-25.942943	0.000000	
637.900000	15.029942	-25.918201	0.000000	
637.950000	15.033445	-25.893452	0.000000	
638.000000	15.036899	-25.868697	0.000000	
638.050000	15.040299	-25.843933	0.000000	
638.100000	15.043659	-25.819163	0.000000	
638.150000	15.046985	-25.794389	0.000000	
638.200000	15.050291	-25.769611	0.000000	
638.250000	15.053561	-25.744828	0.000000	
638.300000	15.056812	-25.720043	0.000000	
638.350000	15.060036	-25.695253	0.000000	
638.400000	15.063272	-25.670466	0.000000	
638.450000	15.066548	-25.645685	0.000000	
638.500000	15.069903	-25.620918	0.000000	
638.550000	15.073402	-25.596182	0.000000	
638.600000	15.077104	-25.571493	0.000000	
638.650000	15.081094	-25.546881	0.000000	
638.700000	15.085428	-25.522365	0.000000	
638.750000	15.090158	-25.497971	0.000000	
638.800000	15.095356	-25.473731	0.000000	
638.850000	15.101077	-25.449683	0.000000	
638.900000	15.107389	-25.425871	0.000000	
638.950000	15.114337	-25.402336	0.000000	
639.000000	15.121954	-25.379118	0.000000	
639.050000	15.130293	-25.356259	0.000000	
639.100000	15.139389	-25.333803	0.000000	
639.150000	15.149263	-25.311787	0.000000	
639.200000	15.159938	-25.290251	0.000000	
639.250000	15.171442	-25.269236	0.000000	
639.300000	15.183811	-25.248782	0.000000	
639.350000	15.197057	-25.228913	0.000000	
639.400000	15.211179	-25.209635	0.000000	
639.450000	15.226156	-25.190961	0.000000	
639.500000	15.241968	-25.172891	0.000000	
639.550000	15.258587	-25.155439	0.000000	
639.600000	15.275956	-25.138606	0.000000	
639.650000	15.294014	-25.122369	0.000000	
639.700000	15.312688	-25.106693	0.000000	
639.750000	15.331933	-25.091564	0.000000	
639.800000	15.351692	-25.076949	0.000000	
639.850000	15.371907	-25.062809	0.000000	
639.900000	15.392516	-25.049106	0.000000	
639.950000	15.413450	-25.035782	0.000000	
640.000000	15.434660	-25.022800	0.000000	
640.050000	15.456105	-25.010130	0.000000	
640.100000	15.477741	-24.997723	0.000000	
640.150000	15.499520	-24.985521	0.000000	
640.200000	15.521410	-24.973485	0.000000	
640.250000	15.543370	-24.961559	0.000000	
640.300000	15.565381	-24.949718	0.000000	
640.350000	15.587427	-24.937937	0.000000	
640.400000	15.609498	-24.926200	0.000000	
640.450000	15.631596	-24.914516	0.000000	
640.500000	15.653712	-24.902864	0.000000	
640.550000	15.675849	-24.891255	0.000000	
640.600000	15.697992	-24.879657	0.000000	
640.650000	15.720139	-24.868066	0.000000	
640.700000	15.742288	-24.856479	0.000000	
640.750000	15.764451	-24.844922	0.000000	
640.800000	15.786626	-24.833387	0.000000	
640.850000	15.808819	-24.821890	0.000000	
640.900000	15.831036	-24.810440	0.000000	
640.950000	15.853274	-24.799034	0.000000	
641.000000	15.875544	-24.787689	0.000000	
641.050000	15.897839	-24.776395	0.000000	
641.100000	15.920152	-24.765136	0.000000	
641.150000	15.942492	-24.753930	0.000000	
641.200000	15.964862	-24.742784	0.000000	
641.250000	15.987267	-24.731706	0.000000	
641.300000	16.009710	-24.720701	0.000000	
641.350000	16.032180	-24.709747	0.000000	
641.400000	16.054674	-24.698841	0.000000	
641.450000	16.077184	-24.687966	0.000000	
641.500000	16.099697	-24.677098	0.000000	
641.550000	16.122222	-24.666254	0.000000	
641.600000	16.144754	-24.655424	0.000000	
641.650000	16.167292	-24.644607	0.000000	
641.700000	16.189837	-24.633804	0.000000	
641.750000	16.212388	-24.623014	0.000000	
641.800000	16.234937	-24.612220	0.000000	
641.850000	16.257487	-24.601426	0.000000	
641.900000	16.280038	-24.590636	0.000000	
641.950000	16.302592	-24.579853	0.000000	
642.000000	16.325153	-24.569084	0.000000	
642.050000	16.347713	-24.558312	0.000000	
642.100000	16.370273	-24.547542	0.000000	
642.150000	16.392835	-24.536775	0.000000	
642.200000	16.415387	-24.525986	0.000000	
642.250000	16.437940	-24.515201	0.000000	
642.300000	16.460490	-24.504410	0.000000	
642.350000	16.483047	-24.493632	0.000000	
642.400000	16.505618	-24.482885	0.000000	
642.450000	16.528205	-24.472171	0.000000	
642.500000	16.550816	-24.461511	0.000000	
642.550000	16.573455	-24.450913	0.000000	
642.600000	16.596117	-24.440365	0.000000	
642.650000	16.618796	-24.429855	0.000000	
642.700000	16.641494	-24.419386	0.000000	
642.750000	16.664214	-24.408964	0.000000	
642.800000	16.686957	-24.398596	0.000000	
642.850000	16.709729	-24.388291	0.000000	
642.900000	16.732532	-24.378057	0.000000	
642.950000	16.755366	-24.367895	0.000000	
643.000000	16.778228	-24.357799	0.000000	
643.050000	16.801123	-24.347783	0.000000	
643.100000	16.824053	-24.337847	0.000000	
643.150000	16.847022	-24.328003	0.000000	
643.200000	16.870035	-24.318266	0.000000	
643.250000	16.893105	-24.308660	0.000000	
643.300000	16.916220	-24.299165	0.000000	
643.350000	16.939385	-24.289794	0.000000	
643.400000	16.962594	-24.280527	0.000000	
643.450000	16.985835	-24.271340	0.000000	
643.500000	17.009100	-24.262211	0.000000	
643.550000	17.032381	-24.253120	0.000000	
643.600000	17.055674	-24.244061	0.000000	
643.650000	17.078973	-24.235016	0.000000	
643.700000	17.102281	-24.225990	0.000000	
643.750000	17.125596	-24.216983	0.000000	
643.800000	17.148910	-24.207971	0.000000	
643.850000	17.172222	-24.198957	0.000000	
643.900000	17.195538	-24.189950	0.000000	
643.950000	17.218848	-24.180931	0.000000	
644.000000	17.242151	-24.171891	0.000000	
644.050000	17.265450	-24.162844	0.000000	
644.100000	17.288745	-24.153787	0.000000	
644.150000	17.312040	-24.144727	0.000000	
644.200000	17.335330	-24.135657	0.000000	
644.250000	17.358613	-24.126565	0.000000	
644.300000	17.381886	-24.117449	0.000000	
644.350000	17.405153	-24.108314	0.000000	
644.400000	17.428404	-24.099136	0.000000	
644.450000	17.451637	-24.089912	0.000000	
644.500000	17.474851	-24.080638	0.000000	
644.550000	17.498046	-24.071316	0.000000	
644.600000	17.521218	-24.061942	0.000000	
644.650000	17.544377	-24.052532	0.000000	
644.700000	17.567532	-24.043115	0.000000	
644.750000	17.590689	-24.033703	0.000000	
644.800000	17.613844	-24.024286	0.000000	
644.850000	17.637004	-24.014881	0.000000	
644.900000	17.660163	-24.005472	0.000000	
644.950000	17.683316	-23.996050	0.000000	
645.000000	17.706471	-23.986633	0.000000	
645.050000	17.729623	-23.977210	0.000000	
645.100000	17.752772	-23.967778	0.000000	
645.150000	17.775915	-23.958330	0.000000	
645.200000	17.799056	-23.948878	0.000000	
645.250000	17.822192	-23.939412	0.000000	
645.300000	17.845325	-23.929939	0.000000	
645.350000	17.868449	-23.920444	0.000000	
645.400000	17.891566	-23.910930	0.000000	
645.450000	17.914685	-23.901421	0.000000	
645.500000	17.937808	-23.891922	0.000000	
645.550000	17.960947	-23.882464	0.000000	
645.600000	17.984099	-23.873038	0.000000	
645.650000	18.007273	-23.863664	0.000000	
645.700000	18.030464	-23.854332	0.000000	
645.750000	18.053670	-23.845037	0.000000	
645.800000	18.076884	-23.835762	0.000000	
645.850000	18.100111	-23.826520	0.000000	
645.900000	18.123353	-23.817316	0.000000	
645.950000	18.146620	-23.808175	0.000000	
646.000000	18.169914	-23.799105	0.000000	
646.050000	18.193224	-23.790078	0.000000	
646.100000	18.216553	-23.781097	0.000000	
646.150000	18.239894	-23.772146	0.000000	
646.200000	18.263248	-23.763231	0.000000	
646.250000	18.286607	-23.754327	0.000000	
646.300000	18.309978	-23.745454	0.000000	
646.350000	18.333358	-23.736605	0.000000	
646.400000	18.356750	-23.727790	0.000000	
646.450000	18.380152	-23.718997	0.000000	
646.500000	18.403558	-23.710218	0.000000	
646.550000	18.426970	-23.701452	0.000000	
646.600000	18.450380	-23.692680	0.000000	
646.650000	18.473792	-23.683918	0.000000	
646.700000	18.497203	-23.675149	0.000000	
646.750000	18.520611	-23.666373	0.000000	
646.800000	18.544014	-23.657584	0.000000	
646.850000	18.567414	-23.648788	0.000000	
646.900000	18.590808	-23.639977	0.000000	
646.950000	18.614196	-23.631150	0.000000	
647.000000	18.637566	-23.622278	0.000000	
647.050000	18.660921	-23.613363	0.000000	
647.100000	18.684267	-23.604425	0.000000	
647.150000	18.707610	-23.595479	0.000000	
647.200000	18.730955	-23.586538	0.000000	
647.250000	18.754297	-23.577589	0.000000	
647.300000	18.777647	-23.568661	0.000000	
647.350000	18.801008	-23.559764	0.000000	
647.400000	18.824374	-23.550881	0.000000	
647.450000	18.847747	-23.542018	0.000000	
647.500000	18.871135	-23.533199	0.000000	
647.550000	18.894543	-23.524435	0.000000	
647.600000	18.917972	-23.515736	0.000000	
647.650000	18.941422	-23.507093	0.000000	
647.700000	18.964892	-23.498509	0.000000	
647.750000	18.988384	-23.489981	0.000000	
647.800000	19.011896	-23.481513	0.000000	
647.850000	19.035431	-23.473106	0.000000	
647.900000	19.058986	-23.464754	0.000000	
647.950000	19.082565	-23.456466	0.000000	
648.000000	19.106158	-23.448218	0.000000	
648.050000	19.129767	-23.440012	0.000000	
648.100000	19.153384	-23.431823	0.000000	
648.150000	19.176998	-23.423630	0.000000	
648.200000	19.200613	-23.415438	0.000000	
648.250000	19.224221	-23.407226	0.000000	
648.300000	19.247818	-23.398988	0.000000	
648.350000	19.271406	-23.390723	0.000000	
648.400000	19.294974	-23.382406	0.000000	
648.450000	19.318523	-23.374039	0.000000	
648.500000	19.342049	-23.365611	0.000000	
648.550000	19.365547	-23.357105	0.000000	
648.600000	19.389010	-23.348503	0.000000	
648.650000	19.412431	-23.339791	0.000000	
648.700000	19.435816	-23.330979	0.000000	
648.750000	19.459158	-23.322056	0.000000	
648.800000	19.482460	-23.313030	0.000000	
648.850000	19.505729	-23.303917	0.000000	
648.900000	19.528968	-23.294724	0.000000	
648.950000	19.552179	-23.285454	0.000000	
649.000000	19.575356	-23.276097	0.000000	
649.050000	19.598500	-23.266656	0.000000	
649.100000	19.621611	-23.257135	0.000000	
649.150000	19.644692	-23.247538	0.000000	
649.200000	19.667741	-23.237871	0.000000	
649.250000	19.690761	-23.228130	0.000000	
649.300000	19.713750	-23.218320	0.000000	
649.350000	19.736717	-23.208455	0.000000	
649.400000	19.759650	-23.198513	0.000000	
649.450000	19.782553	-23.188501	0.000000	
649.500000	19.805425	-23.178419	0.000000	
649.550000	19.828260	-23.168256	0.000000	
649.600000	19.851051	-23.157997	0.000000	
649.650000	19.873793	-23.147634	0.000000	
649.700000	19.896495	-23.137185	0.000000	
649.750000	19.919154	-23.126648	0.000000	
649.800000	19.941775	-23.116032	0.000000	
649.850000	19.964363	-23.105347	0.000000	
649.900000	19.986903	-23.094564	0.000000	
649.950000	20.009397	-23.083680	0.000000	
650.000000	20.031844	-23.072696	0.000000	
650.050000	20.054243	-23.061616	0.000000	
650.100000	20.076600	-23.050448	0.000000	
650.150000	20.098927	-23.039218	0.000000	
650.200000	20.121218	-23.027915	0.000000	
650.250000	20.143470	-23.016536	0.000000	
650.300000	20.165678	-23.005071	0.000000	
650.350000	20.187842	-22.993520	0.000000	
650.400000	20.209964	-22.981886	0.000000	
650.450000	20.232045	-22.970174	0.000000	
650.500000	20.254085	-22.958382	0.000000	
650.550000	20.276086	-22.946514	0.000000	
650.600000	20.298047	-22.934574	0.000000	
650.650000	20.319972	-22.922569	0.000000	
650.700000	20.341860	-22.910499	0.000000	
650.750000	20.363699	-22.898346	0.000000	
650.800000	20.385500	-22.886125	0.000000	
650.850000	20.407266	-22.873842	0.000000	
650.900000	20.428999	-22.861501	0.000000	
650.950000	20.450707	-22.849116	0.000000	
651.000000	20.472391	-22.836685	0.000000	
651.050000	20.494057	-22.824223	0.000000	
651.100000	20.515717	-22.811751	0.000000	
651.150000	20.537366	-22.799257	0.000000	
651.200000	20.558991	-22.786722	0.000000	
651.250000	20.580611	-22.774175	0.000000	
651.300000	20.602234	-22.761635	0.000000	
651.350000	20.623863	-22.749106	0.000000	
651.400000	20.645500	-22.736591	0.000000	
651.450000	20.667135	-22.724072	0.000000	
651.500000	20.688765	-22.711543	0.000000	
651.550000	20.710394	-22.699015	0.000000	
651.600000	20.732034	-22.686506	0.000000	
651.650000	20.753686	-22.674017	0.000000	
651.700000	20.775350	-22.661548	0.000000	
651.750000	20.797023	-22.649095	0.000000	
651.800000	20.818718	-22.636677	0.000000	
651.850000	20.840427	-22.624284	0.000000	
651.900000	20.862142	-22.611899	0.000000	
651.950000	20.883854	-22.599510	0.000000	
652.000000	20.905566	-22.587122	0.000000	
652.050000	20.927269	-22.574718	0.000000	
652.100000	20.948960	-22.562292	0.000000	
652.150000	20.970626	-22.549824	0.000000	
652.200000	20.992277	-22.537331	0.000000	
652.250000	21.013914	-22.524814	0.000000	
652.300000	21.035522	-22.512247	0.000000	
652.350000	21.057101	-22.499630	0.000000	
652.400000	21.078650	-22.486962	0.000000	
652.450000	21.100184	-22.474267	0.000000	
652.500000	21.121703	-22.461546	0.000000	
652.550000	21.143221	-22.448822	0.000000	
652.600000	21.164739	-22.436100	0.000000	
652.650000	21.186259	-22.423382	0.000000	
652.700000	21.207778	-22.410660	0.000000	
652.750000	21.229307	-22.397957	0.000000	
652.800000	21.250848	-22.385275	0.000000	
652.850000	21.272399	-22.372611	0.000000	
652.900000	21.293953	-22.359950	0.000000	
652.950000	21.315508	-22.347294	0.000000	
653.000000	21.337069	-22.334645	0.000000	
653.050000	21.358641	-22.322016	0.000000	
653.100000	21.380223	-22.309404	0.000000	
653.150000	21.401821	-22.296819	0.000000	
653.200000	21.423442	-22.284275	0.000000	
653.250000	21.445071	-22.271744	0.000000	
653.300000	21.466719	-22.259244	0.000000	
653.350000	21.488394	-22.246791	0.000000	
653.400000	21.510100	-22.234392	0.000000	
653.450000	21.531834	-22.222041	0.000000	
653.500000	21.553594	-22.209735	0.000000	
653.550000	21.575377	-22.197472	0.000000	
653.600000	21.597185	-22.185253	0.000000	
653.650000	21.619009	-22.173063	0.000000	
653.700000	21.640839	-22.160885	0.000000	
653.750000	21.662686	-22.148737	0.000000	
653.800000	21.684544	-22.136611	0.000000	
653.850000	21.706419	-22.124514	0.000000	
653.900000	21.728301	-22.112433	0.000000	
653.950000	21.750204	-22.100386	0.000000	
654.000000	21.772129	-22.088381	0.000000	
654.050000	21.794081	-22.076423	0.000000	
654.100000	21.816046	-22.064488	0.000000	
654.150000	21.838029	-22.052585	0.000000	
654.200000	21.860025	-22.040707	0.000000	
654.250000	21.882039	-22.028861	0.000000	
654.300000	21.904085	-22.017075	0.000000	
654.350000	21.926154	-22.005331	0.000000	
654.400000	21.948234	-21.993609	0.000000	
654.450000	21.970314	-21.981886	0.000000	
654.500000	21.992395	-21.970165	0.000000	
654.550000	22.014471	-21.958434	0.000000	
654.600000	22.036550	-21.946709	0.000000	
654.650000	22.058623	-21.934973	0.000000	
654.700000	22.080690	-21.923225	0.000000	
654.750000	22.102749	-21.911464	0.000000	
654.800000	22.124804	-21.899694	0.000000	
654.850000	22.146852	-21.887911	0.000000	
654.900000	22.168889	-21.876107	0.000000	
654.950000	22.190929	-21.864310	0.000000	
655.000000	22.212965	-21.852504	0.000000	
655.050000	22.235006	-21.840708	0.000000	
655.100000	22.257053	-21.828925	0.000000	
655.150000	22.279115	-21.817168	0.000000	
655.200000	22.301186	-21.805431	0.000000	
655.250000	22.323276	-21.793729	0.000000	
655.300000	22.345372	-21.782039	0.000000	
655.350000	22.367474	-21.770361	0.000000	
655.400000	22.389590	-21.758712	0.000000	
655.450000	22.411729	-21.747108	0.000000	
655.500000	22.433891	-21.735547	0.000000	
655.550000	22.456066	-21.724012	0.000000	
655.600000	22.478256	-21.712506	0.000000	
655.650000	22.500466	-21.701038	0.000000	
655.700000	22.522694	-21.689607	0.000000	
655.750000	22.544949	-21.678226	0.000000	
655.800000	22.567235	-21.666908	0.000000	
655.850000	22.589545	-21.655635	0.000000	
655.900000	22.611869	-21.644390	0.000000	
655.950000	22.634214	-21.633184	0.000000	
656.000000	22.656578	-21.622017	0.000000	
656.050000	22.678968	-21.610898	0.000000	
656.100000	22.701373	-21.599810	0.000000	
656.150000	22.723793	-21.588751	0.000000	
656.200000	22.746231	-21.577729	0.000000	
656.250000	22.768681	-21.566733	0.000000	
656.300000	22.791139	-21.555751	0.000000	
656.350000	22.813603	-21.544782	0.000000	
656.400000	22.836065	-21.533810	0.000000	
656.450000	22.858523	-21.522828	0.000000	
656.500000	22.880968	-21.511820	0.000000	
656.550000	22.903406	-21.500799	0.000000	
656.600000	22.925838	-21.489765	0.000000	
656.650000	22.948254	-21.478702	0.000000	
656.700000	22.970651	-21.467602	0.000000	
656.750000	22.993034	-21.456474	0.000000	
656.800000	23.015396	-21.445305	0.000000	
656.850000	23.037739	-21.434096	0.000000	
656.900000	23.060073	-21.422870	0.000000	
656.950000	23.082409	-21.411647	0.000000	
657.000000	23.104742	-21.400420	0.000000	
657.050000	23.127072	-21.389185	0.000000	
657.100000	23.149394	-21.377935	0.000000	
657.150000	23.171708	-21.366670	0.000000	
657.200000	23.194013	-21.355385	0.000000	
657.250000	23.216299	-21.344062	0.000000	
657.300000	23.238575	-21.332719	0.000000	
657.350000	23.260842	-21.321357	0.000000	
657.400000	23.283106	-21.309988	0.000000	
657.450000	23.305368	-21.298615	0.000000	
657.500000	23.327632	-21.287246	0.000000	
657.550000	23.349905	-21.275897	0.000000	
657.600000	23.372182	-21.264555	0.000000	
657.650000	23.394463	-21.253219	0.000000	
657.700000	23.416754	-21.241905	0.000000	
657.750000	23.439052	-21.230602	0.000000	
657.800000	23.461356	-21.219310	0.000000	
657.850000	23.483663	-21.208026	0.000000	
657.900000	23.505975	-21.196751	0.000000	
657.950000	23.528291	-21.185483	0.000000	
658.000000	23.550602	-21.174205	0.000000	
658.050000	23.572909	-21.162919	0.000000	
658.100000	23.595213	-21.151630	0.000000	
658.150000	23.617524	-21.140352	0.000000	
658.200000	23.639846	-21.129096	0.000000	
658.250000	23.662182	-21.117870	0.000000	
658.300000	23.684530	-21.106668	0.000000	
658.350000	23.706895	-21.095501	0.000000	
658.400000	23.729275	-21.084366	0.000000	
658.450000	23.751666	-21.073253	0.000000	
658.500000	23.774068	-21.062164	0.000000	
658.550000	23.796479	-21.051093	0.000000	
658.600000	23.818891	-21.040022	0.000000	
658.650000	23.841314	-21.028976	0.000000	
658.700000	23.863757	-21.017971	0.000000	
658.750000	23.886218	-21.006999	0.000000	
658.800000	23.908689	-20.996051	0.000000	
658.850000	23.931177	-20.985135	0.000000	
658.900000	23.953683	-20.974255	0.000000	
658.950000	23.976208	-20.963413	0.000000	
659.000000	23.998749	-20.952607	0.000000	
659.050000	24.021307	-20.941834	0.000000	
659.100000	24.043890	-20.931113	0.000000	
659.150000	24.066487	-20.920420	0.000000	
659.200000	24.089095	-20.909750	0.000000	
659.250000	24.111712	-20.899098	0.000000	
659.300000	24.134324	-20.888436	0.000000	
659.350000	24.156944	-20.877793	0.000000	
659.400000	24.179564	-20.867148	0.000000	
659.450000	24.202185	-20.856507	0.000000	
659.500000	24.224810	-20.845872	0.000000	
659.550000	24.247437	-20.835243	0.000000	
659.600000	24.270071	-20.824628	0.000000	
659.650000	24.292712	-20.814030	0.000000	
659.700000	24.315357	-20.803438	0.000000	
659.750000	24.338000	-20.792842	0.000000	
659.800000	24.360642	-20.782246	0.000000	
659.850000	24.383291	-20.771663	0.000000	
659.900000	24.405944	-20.761088	0.000000	
659.950000	24.428595	-20.750510	0.000000	
660.000000	24.451238	-20.739913	0.000000	
660.050000	24.473864	-20.729282	0.000000	
660.100000	24.496488	-20.718647	0.000000	
660.150000	24.519103	-20.707993	0.000000	
660.200000	24.541715	-20.697331	0.000000	
660.250000	24.564323	-20.686663	0.000000	
660.300000	24.586936	-20.676003	0.000000	
660.350000	24.609555	-20.665358	0.000000	
660.400000	24.632179	-20.654724	0.000000	
660.450000	24.654805	-20.644092	0.000000	
660.500000	24.677422	-20.633443	0.000000	
660.550000	24.700031	-20.622777	0.000000	
660.600000	24.722637	-20.612104	0.000000	
660.650000	24.745230	-20.601403	0.000000	
660.700000	24.767818	-20.590692	0.000000	
660.750000	24.790404	-20.579976	0.000000	
660.800000	24.812994	-20.569269	0.000000	
660.850000	24.835597	-20.558590	0.000000	
660.900000	24.858219	-20.547952	0.000000	
660.950000	24.880855	-20.537346	0.000000	
661.000000	24.903510	-20.526782	0.000000	
661.050000	24.926188	-20.516266	0.000000	
661.100000	24.948888	-20.505800	0.000000	
661.150000	24.971604	-20.495367	0.000000	
661.200000	24.994332	-20.484961	0.000000	
661.250000	25.017074	-20.474583	0.000000	
661.300000	25.039818	-20.464211	0.000000	
661.350000	25.062559	-20.453833	0.000000	
661.400000	25.085294	-20.443440	0.000000	
661.450000	25.108012	-20.433013	0.000000	
661.500000	25.130721	-20.422566	0.000000	
661.550000	25.153420	-20.412099	0.000000	
661.600000	25.176106	-20.401605	0.000000	
661.650000	25.198773	-20.391075	0.000000	
661.700000	25.221423	-20.380509	0.000000	
661.750000	25.244056	-20.369909	0.000000	
661.800000	25.266667	-20.359264	0.000000	
661.850000	25.289255	-20.348573	0.000000	
661.900000	25.311818	-20.337829	0.000000	
661.950000	25.334351	-20.327022	0.000000	
662.000000	25.356849	-20.316140	0.000000	
662.050000	25.379317	-20.305195	0.000000	
662.100000	25.401757	-20.294189	0.000000	
662.150000	25.424163	-20.283112	0.000000	
662.200000	25.446532	-20.271960	0.000000	
662.250000	25.468874	-20.260750	0.000000	
662.300000	25.491186	-20.249479	0.000000	
662.350000	25.513474	-20.238160	0.000000	
662.400000	25.535745	-20.226805	0.000000	
662.450000	25.558007	-20.215433	0.000000	
662.500000	25.580270	-20.204061	0.000000	
662.550000	25.602534	-20.192692	0.000000	
662.600000	25.624805	-20.181338	0.000000	
662.650000	25.647095	-20.170021	0.000000	
662.700000	25.669399	-20.158732	0.000000	
662.750000	25.691723	-20.147484	0.000000	
662.800000	25.714063	-20.136269	0.000000	
662.850000	25.736421	-20.125088	0.000000	
662.900000	25.758792	-20.113933	0.000000	
662.950000	25.781163	-20.102778	0.000000	
663.000000	25.803533	-20.091623	0.000000	
663.050000	25.825915	-20.080490	0.000000	
663.100000	25.848305	-20.069372	0.000000	
663.150000	25.870701	-20.058268	0.000000	
663.200000	25.893107	-20.047183	0.000000	
663.250000	25.915532	-20.036136	0.000000	
663.300000	25.937964	-20.025104	0.000000	
663.350000	25.960407	-20.014092	0.000000	
663.400000	25.982868	-20.003115	0.000000	
663.450000	26.005339	-19.992160	0.000000	
663.500000	26.027826	-19.981238	0.000000	
663.550000	26.050329	-19.970351	0.000000	
663.600000	26.072854	-19.959512	0.000000	
663.650000	26.095403	-19.948724	0.000000	
663.700000	26.117976	-19.937992	0.000000	
663.750000	26.140572	-19.927310	0.000000	
663.800000	26.163191	-19.916682	0.000000	
663.850000	26.185842	-19.906124	0.000000	
663.900000	26.208523	-19.895633	0.000000	
663.950000	26.231236	-19.885215	0.000000	
664.000000	26.253995	-19.874900	0.000000	
664.050000	26.276799	-19.864685	0.000000	
664.100000	26.299643	-19.854560	0.000000	
664.150000	26.322519	-19.844508	0.000000	
664.200000	26.345430	-19.834533	0.000000	
664.250000	26.368378	-19.824642	0.000000	
664.300000	26.391357	-19.814822	0.000000	
664.350000	26.414378	-19.805093	0.000000	
664.400000	26.437433	-19.795442	0.000000	
664.450000	26.460516	-19.785853	0.000000	
664.500000	26.483633	-19.776341	0.000000	
664.550000	26.506779	-19.766897	0.000000	
664.600000	26.529942	-19.757495	0.000000	
664.650000	26.553120	-19.748129	0.000000	
664.700000	26.576317	-19.738810	0.000000	
664.750000	26.599527	-19.729522	0.000000	
664.800000	26.622752	-19.720273	0.000000	
664.850000	26.645989	-19.711054	0.000000	
664.900000	26.669234	-19.701856	0.000000	
664.950000	26.692498	-19.692707	0.000000	
665.000000	26.715792	-19.683641	0.000000	
665.050000	26.739119	-19.674669	0.000000	
665.100000	26.762490	-19.665831	0.000000	
665.150000	26.785917	-19.657182	0.000000	
665.200000	26.809415	-19.648780	0.000000	
665.250000	26.832988	-19.640662	0.000000	
665.300000	26.856641	-19.632877	0.000000	
665.350000	26.880380	-19.625468	0.000000	
665.400000	26.904202	-19.618479	0.000000	
665.450000	26.928114	-19.611971	0.000000	
665.500000	26.952113	-19.605981	0.000000	
665.550000	26.976191	-19.600530	0.000000	
665.600000	27.000341	-19.595652	0.000000	
665.650000	27.024563	-19.591399	0.000000	
665.700000	27.048847	-19.587795	0.000000	
665.750000	27.073182	-19.584857	0.000000	
665.800000	27.097559	-19.582621	0.000000	
665.850000	27.121977	-19.581116	0.000000	
665.900000	27.146422	-19.580385	0.000000	
665.950000	27.170883	-19.580461	0.000000	
666.000000	27.195346	-19.581329	0.000000	
666.050000	27.219797	-19.582971	0.000000	
666.100000	27.244214	-19.585390	0.000000	
666.150000	27.268589	-19.588541	0.000000	
666.200000	27.292907	-19.592373	0.000000	
666.250000	27.317163	-19.596836	0.000000	
666.300000	27.341355	-19.601875	0.000000	
666.350000	27.365480	-19.607430	0.000000	
666.400000	27.389537	-19.613461	0.000000	
666.450000	27.413529	-19.619901	0.000000	
666.500000	27.437455	-19.626704	0.000000	
666.550000	27.461318	-19.633828	0.000000	
666.600000	27.485120	-19.641240	0.000000	
666.650000	27.508870	-19.648883	0.000000	
666.700000	27.532571	-19.656728	0.000000	
666.750000	27.556229	-19.664739	0.000000	
666.800000	27.579848	-19.672891	0.000000	
666.850000	27.603439	-19.681138	0.000000	
666.900000	27.627007	-19.689463	0.000000	
666.950000	27.650565	-19.697818	0.000000	
667.000000	27.674126	-19.706166	0.000000	
667.050000	27.697691	-19.714500	0.000000	
667.100000	27.721269	-19.722800	0.000000	
667.150000	27.744870	-19.731033	0.000000	
667.200000	27.768493	-19.739206	0.000000	
667.250000	27.792142	-19.747305	0.000000	
667.300000	27.815815	-19.755337	0.000000	
667.350000	27.839504	-19.763321	0.000000	
667.400000	27.863206	-19.771269	0.000000	
667.450000	27.886922	-19.779173	0.000000	
667.500000	27.910649	-19.787048	0.000000	
667.550000	27.934385	-19.794894	0.000000	
667.600000	27.958131	-19.802708	0.000000	
667.650000	27.981892	-19.810477	0.000000	
667.700000	28.005667	-19.818201	0.000000	
667.750000	28.029462	-19.825862	0.000000	
667.800000	28.053281	-19.833443	0.000000	
667.850000	28.077120	-19.840955	0.000000	
667.900000	28.100981	-19.848398	0.000000	
667.950000	28.124867	-19.855755	0.000000	
668.000000	28.148779	-19.863021	0.000000	
668.050000	28.172715	-19.870208	0.000000	
668.100000	28.196678	-19.877303	0.000000	
668.150000	28.220665	-19.884312	0.000000	
668.200000	28.244676	-19.891238	0.000000	
668.250000	28.268713	-19.898074	0.000000	
668.300000	28.292768	-19.904847	0.000000	
668.350000	28.316845	-19.911541	0.000000	
668.400000	28.340948	-19.918142	0.000000	
668.450000	28.365079	-19.924643	0.000000	
668.500000	28.389238	-19.931040	0.000000	
668.550000	28.413426	-19.937331	0.000000	
668.600000	28.437643	-19.943509	0.000000	
668.650000	28.461884	-19.949602	0.000000	
668.700000	28.486147	-19.955607	0.000000	
668.750000	28.510429	-19.961539	0.000000	
668.800000	28.534730	-19.967397	0.000000	
668.850000	28.559045	-19.973188	0.000000	
668.900000	28.583384	-19.978881	0.000000	
668.950000	28.607745	-19.984470	0.000000	
669.000000	28.632128	-19.989957	0.000000	
669.050000	28.656529	-19.995355	0.000000	
669.100000	28.680950	-20.000665	0.000000	
669.150000	28.705387	-20.005897	0.000000	
669.200000	28.729840	-20.011054	0.000000	
669.250000	28.754308	-20.016137	0.000000	
669.300000	28.778793	-20.021143	0.000000	
669.350000	28.803300	-20.026044	0.000000	
669.400000	28.827825	-20.030854	0.000000	
669.450000	28.852364	-20.035600	0.000000	
669.500000	28.876918	-20.040273	0.000000	
669.550000	28.901481	-20.044895	0.000000	
669.600000	28.926056	-20.049458	0.000000	
669.650000	28.950640	-20.053972	0.000000	
669.700000	28.975240	-20.058405	0.000000	
669.750000	28.999854	-20.062767	0.000000	
669.800000	29.024482	-20.067052	0.000000	
669.850000	29.049120	-20.071280	0.000000	
669.900000	29.073767	-20.075461	0.000000	
669.950000	29.098420	-20.079610	0.000000	
670.000000	29.123072	-20.083758	0.000000	
670.050000	29.147721	-20.087927	0.000000	
670.100000	29.172368	-20.092108	0.000000	
670.150000	29.197014	-20.096297	0.000000	
670.200000	29.221656	-20.100506	0.000000	
670.250000	29.246296	-20.104725	0.000000	
670.300000	29.270932	-20.108965	0.000000	
670.350000	29.295563	-20.113232	0.000000	
670.400000	29.320186	-20.117538	0.000000	
670.450000	29.344800	-20.121897	0.000000	
670.500000	29.369408	-20.126286	0.000000	
670.550000	29.394009	-20.130714	0.000000	
670.600000	29.418600	-20.135193	0.000000	
670.650000	29.443176	-20.139748	0.000000	
670.700000	29.467737	-20.144374	0.000000	
670.750000	29.492279	-20.149097	0.000000	
670.800000	29.516798	-20.153930	0.000000	
670.850000	29.541289	-20.158892	0.000000	
670.900000	29.565760	-20.163958	0.000000	
670.950000	29.590206	-20.169137	0.000000	
671.000000	29.614629	-20.174430	0.000000	
671.050000	29.639034	-20.179808	0.000000	
671.100000	29.663422	-20.185263	0.000000	
671.150000	29.687789	-20.190813	0.000000	
671.200000	29.712132	-20.196466	0.000000	
671.250000	29.736452	-20.202216	0.000000	
671.300000	29.760747	-20.208072	0.000000	
671.350000	29.785015	-20.214037	0.000000	
671.400000	29.809256	-20.220107	0.000000	
671.450000	29.833469	-20.226294	0.000000	
671.500000	29.857653	-20.232591	0.000000	
671.550000	29.881805	-20.239007	0.000000	
671.600000	29.905929	-20.245539	0.000000	
671.650000	29.930028	-20.252160	0.000000	
671.700000	29.954105	-20.258867	0.000000	
671.750000	29.978156	-20.265665	0.000000	
671.800000	30.002184	-20.272544	0.000000	
671.850000	30.026187	-20.279507	0.000000	
671.900000	30.050173	-20.286527	0.000000	
671.950000	30.074142	-20.293610	0.000000	
672.000000	30.098091	-20.300760	0.000000	
672.050000	30.122017	-20.307987	0.000000	
672.100000	30.145915	-20.315309	0.000000	
672.150000	30.169788	-20.322718	0.000000	
672.200000	30.193635	-20.330211	0.000000	
672.250000	30.217457	-20.337780	0.000000	
672.300000	30.241252	-20.345437	0.000000	
672.350000	30.265016	-20.353185	0.000000	
672.400000	30.288750	-20.361022	0.000000	
672.450000	30.312455	-20.368944	0.000000	
672.500000	30.336139	-20.376929	0.000000	
672.550000	30.359798	-20.384984	0.000000	
672.600000	30.383430	-20.393118	0.000000	
672.650000	30.407025	-20.401353	0.000000	
672.700000	30.430587	-20.409683	0.000000	
672.750000	30.454123	-20.418088	0.000000	
672.800000	30.477636	-20.426555	0.000000	
672.850000	30.501129	-20.435082	0.000000	
672.900000	30.524606	-20.443654	0.000000	
672.950000	30.548067	-20.452270	0.000000	
673.000000	30.571513	-20.460931	0.000000	
673.050000	30.594947	-20.469629	0.000000	
673.100000	30.618368	-20.478363	0.000000	
673.150000	30.641782	-20.487115	0.000000	
673.200000	30.665185	-20.495899	0.000000	
673.250000	30.688577	-20.504715	0.000000	
673.300000	30.711960	-20.513554	0.000000	
673.350000	30.735340	-20.522404	0.000000	
673.400000	30.758720	-20.531252	0.000000	
673.450000	30.782104	-20.540090	0.000000	
673.500000	30.805495	-20.548910	0.000000	
673.550000	30.828887	-20.557725	0.000000	
673.600000	30.852287	-20.566518	0.000000	
673.650000	30.875705	-20.575266	0.000000	
673.700000	30.899144	-20.583956	0.000000	
673.750000	30.922602	-20.592598	0.000000	
673.800000	30.946071	-20.601209	0.000000	
673.850000	30.969555	-20.609779	0.000000	
673.900000	30.993055	-20.618304	0.000000	
673.950000	31.016573	-20.626778	0.000000	
674.000000	31.040101	-20.635223	0.000000	
674.050000	31.063642	-20.643633	0.000000	
674.100000	31.087201	-20.651986	0.000000	
674.150000	31.110779	-20.660283	0.000000	
674.200000	31.134372	-20.668537	0.000000	
674.250000	31.157980	-20.676749	0.000000	
674.300000	31.181602	-20.684921	0.000000	
674.350000	31.205239	-20.693051	0.000000	
674.400000	31.228893	-20.701130	0.000000	
674.450000	31.252559	-20.709177	0.000000	
674.500000	31.276232	-20.717208	0.000000	
674.550000	31.299904	-20.725237	0.000000	
674.600000	31.323580	-20.733257	0.000000	
674.650000	31.347258	-20.741273	0.000000	
674.700000	31.370937	-20.749284	0.000000	
674.750000	31.394617	-20.757295	0.000000	
674.800000	31.418293	-20.765314	0.000000	
674.850000	31.441967	-20.773339	0.000000	
674.900000	31.465640	-20.781367	0.000000	
674.950000	31.489313	-20.789396	0.000000	
675.000000	31.512981	-20.797439	0.000000	
675.050000	31.536649	-20.805482	0.000000	
675.100000	31.560310	-20.813548	0.000000	
675.150000	31.583957	-20.821655	0.000000	
675.200000	31.607591	-20.829801	0.000000	
675.250000	31.631211	-20.837988	0.000000	
675.300000	31.654815	-20.846222	0.000000	
675.350000	31.678405	-20.854496	0.000000	
675.400000	31.701975	-20.862824	0.000000	
675.450000	31.725518	-20.871227	0.000000	
675.500000	31.749034	-20.879700	0.000000	
675.550000	31.772532	-20.888220	0.000000	
675.600000	31.796017	-20.896775	0.000000	
675.650000	31.819492	-20.905358	0.000000	
675.700000	31.842962	-20.913953	0.000000	
675.750000	31.866420	-20.922581	0.000000	
675.800000	31.889865	-20.931246	0.000000	
675.850000	31.913305	-20.939924	0.000000	
675.900000	31.936747	-20.948597	0.000000	
675.950000	31.960181	-20.957292	0.000000	
676.000000	31.983599	-20.966030	0.000000	
676.050000	32.007004	-20.974805	0.000000	
676.100000	32.030387	-20.983641	0.000000	
676.150000	32.053754	-20.992519	0.000000	
676.200000	32.077103	-21.001446	0.000000	
676.250000	32.100439	-21.010408	0.000000	
676.300000	32.123761	-21.019407	0.000000	
676.350000	32.147079	-21.028418	0.000000	
676.400000	32.170390	-21.037446	0.000000	
676.450000	32.193698	-21.046483	0.000000	
676.500000	32.217010	-21.055507	0.000000	
676.550000	32.240330	-21.064513	0.000000	
676.600000	32.263660	-21.073493	0.000000	
676.650000	32.286998	-21.082455	0.000000	
676.700000	32.310340	-21.091405	0.000000	
676.750000	32.333681	-21.100355	0.000000	
676.800000	32.357026	-21.109297	0.000000	
676.850000	32.380383	-21.118205	0.000000	
676.900000	32.403751	-21.127084	0.000000	
676.950000	32.427127	-21.135939	0.000000	
677.000000	32.450517	-21.144752	0.000000	
677.050000	32.473924	-21.153520	0.000000	
677.100000	32.497346	-21.162246	0.000000	
677.150000	32.520790	-21.170912	0.000000	
677.200000	32.544254	-21.179520	0.000000	
677.250000	32.567739	-21.188073	0.000000	
677.300000	32.591245	-21.196568	0.000000	
677.350000	32.614773	-21.205002	0.000000	
677.400000	32.638324	-21.213369	0.000000	
677.450000	32.661899	-21.221671	0.000000	
677.500000	32.685503	-21.229892	0.000000	
677.550000	32.709136	-21.238027	0.000000	
677.600000	32.732798	-21.246081	0.000000	
677.650000	32.756481	-21.254077	0.000000	
677.700000	32.780187	-21.262007	0.000000	
677.750000	32.803917	-21.269861	0.000000	
677.800000	32.827676	-21.277630	0.000000	
677.850000	32.851466	-21.285302	0.000000	
677.900000	32.875277	-21.292907	0.000000	
677.950000	32.899101	-21.300471	0.000000	
678.000000	32.922934	-21.308007	0.000000	
678.050000	32.946772	-21.315528	0.000000	
678.100000	32.970616	-21.323032	0.000000	
678.150000	32.994465	-21.330520	0.000000	
678.200000	33.018322	-21.337983	0.000000	
678.250000	33.042185	-21.345429	0.000000	
678.300000	33.066062	-21.352829	0.000000	
678.350000	33.089954	-21.360180	0.000000	
678.400000	33.113865	-21.367469	0.000000	
678.450000	33.137794	-21.374698	0.000000	
678.500000	33.161744	-21.381850	0.000000	
678.550000	33.185713	-21.388942	0.000000	
678.600000	33.209692	-21.395995	0.000000	
678.650000	33.233689	-21.402984	0.000000	
678.700000	33.257706	-21.409906	0.000000	
678.750000	33.281741	-21.416767	0.000000	
678.800000	33.305785	-21.423592	0.000000	
678.850000	33.329833	-21.430403	0.000000	
678.900000	33.353879	-21.437221	0.000000	
678.950000	33.377923	-21.444046	0.000000	
679.000000	33.401974	-21.450849	0.000000	
679.050000	33.426031	-21.457628	0.000000	
679.100000	33.450101	-21.464366	0.000000	
679.150000	33.474186	-21.471052	0.000000	
679.200000	33.498287	-21.477682	0.000000	
679.250000	33.522406	-21.484251	0.000000	
679.300000	33.546543	-21.490758	0.000000	
679.350000	33.570687	-21.497234	0.000000	
679.400000	33.594836	-21.503696	0.000000	
679.450000	33.618982	-21.510170	0.000000	
679.500000	33.643125	-21.516657	0.000000	
679.550000	33.667261	-21.523166	0.000000	
679.600000	33.691390	-21.529700	0.000000	
679.650000	33.715511	-21.536266	0.000000	
679.700000	33.739621	-21.542870	0.000000	
679.750000	33.763718	-21.549519	0.000000	
679.800000	33.787799	-21.556228	0.000000	
679.850000	33.811864	-21.562993	0.000000	
679.900000	33.835905	-21.569832	0.000000	
679.950000	33.859921	-21.576753	0.000000	
680.000000	33.883909	-21.583754	0.000000	
680.050000	33.907854	-21.590884	0.000000	
680.100000	33.931747	-21.598158	0.000000	
680.150000	33.955575	-21.605613	0.000000	
680.200000	33.979321	-21.613284	0.000000	
680.250000	34.002977	-21.621188	0.000000	
680.300000	34.026521	-21.629374	0.000000	
680.350000	34.049927	-21.637888	0.000000	
680.400000	34.073179	-21.646748	0.000000	
680.450000	34.096262	-21.655970	0.000000	
680.500000	34.119157	-21.665577	0.000000	
680.550000	34.141847	-21.675596	0.000000	
680.600000	34.164307	-21.686056	0.000000	
680.650000	34.186515	-21.696978	0.000000	
680.700000	34.208454	-21.708371	0.000000	
680.750000	34.230102	-21.720265	0.000000	
680.800000	34.251453	-21.732655	0.000000	
680.850000	34.272498	-21.745545	0.000000	
680.900000	34.293230	-21.758939	0.000000	
680.950000	34.313647	-21.772816	0.000000	
681.000000	34.333749	-21.787166	0.000000	
681.050000	34.353538	-21.801979	0.000000	
681.100000	34.373031	-21.817217	0.000000	
681.150000	34.392227	-21.832870	0.000000	
681.200000	34.411136	-21.848915	0.000000	
681.250000	34.429780	-21.865313	0.000000	
681.300000	34.448157	-21.882055	0.000000	
681.350000	34.466282	-21.899111	0.000000	
681.400000	34.484166	-21.916450	0.000000	
681.450000	34.501825	-21.934045	0.000000	
681.500000	34.519268	-21.951877	0.000000	
681.550000	34.536519	-21.969913	0.000000	
681.600000	34.553598	-21.988129	0.000000	
681.650000	34.570530	-22.006495	0.000000	
681.700000	34.587324	-22.024993	0.000000	
681.750000	34.603992	-22.043609	0.000000	
681.800000	34.620549	-22.062325	0.000000	
681.850000	34.637007	-22.081131	0.000000	
681.900000	34.653377	-22.100014	0.000000	
681.950000	34.669682	-22.118955	0.000000	
682.000000	34.685940	-22.137936	0.000000	
682.050000	34.702154	-22.156957	0.000000	
682.100000	34.718331	-22.176010	0.000000	
682.150000	34.734458	-22.195106	0.000000	
682.200000	34.750553	-22.214231	0.000000	
682.250000	34.766615	-22.233383	0.000000	
682.300000	34.782631	-22.252576	0.000000	
682.350000	34.798621	-22.271792	0.000000	
682.400000	34.814576	-22.291036	0.000000	
682.450000	34.830507	-22.310302	0.000000	
682.500000	34.846414	-22.329586	0.000000	
682.550000	34.862305	-22.348885	0.000000	
682.600000	34.878168	-22.368205	0.000000	
682.650000	34.894005	-22.387548	0.000000	
682.700000	34.909828	-22.406902	0.000000	
682.750000	34.925649	-22.426258	0.000000	
682.800000	34.941479	-22.445606	0.000000	
682.850000	34.957329	-22.464938	0.000000	
682.900000	34.973210	-22.484245	0.000000	
682.950000	34.989108	-22.503538	0.000000	
683.000000	35.005021	-22.522817	0.000000	
683.050000	35.020946	-22.542087	0.000000	
683.100000	35.036875	-22.561354	0.000000	
683.150000	35.052803	-22.580622	0.000000	
683.200000	35.068742	-22.599880	0.000000	
683.250000	35.084698	-22.619124	0.000000	
683.300000	35.100684	-22.638342	0.000000	
683.350000	35.116707	-22.657528	0.000000	
683.400000	35.132765	-22.676683	0.000000	
683.450000	35.148856	-22.695810	0.000000	
683.500000	35.164983	-22.714907	0.000000	
683.550000	35.181141	-22.733979	0.000000	
683.600000	35.197332	-22.753022	0.000000	
683.650000	35.213566	-22.772031	0.000000	
683.700000	35.229843	-22.791002	0.000000	
683.750000	35.246152	-22.809946	0.000000	
683.800000	35.262499	-22.828858	0.000000	
683.850000	35.278888	-22.847734	0.000000	
683.900000	35.295326	-22.866566	0.000000	
683.950000	35.311799	-22.885368	0.000000	
684.000000	35.328326	-22.904122	0.000000	
684.050000	35.344887	-22.922845	0.000000	
684.100000	35.361478	-22.941542	0.000000	
684.150000	35.378119	-22.960194	0.000000	
684.200000	35.394816	-22.978797	0.000000	
684.250000	35.411571	-22.997348	0.000000	
684.300000	35.428362	-23.015865	0.000000	
684.350000	35.445164	-23.034373	0.000000	
684.400000	35.461986	-23.052862	0.000000	
684.450000	35.478817	-23.071344	0.000000	
684.500000	35.495678	-23.089797	0.000000	
684.550000	35.512575	-23.108218	0.000000	
684.600000	35.529508	-23.126606	0.000000	
684.650000	35.546483	-23.144956	0.000000	
684.700000	35.563490	-23.163278	0.000000	
684.750000	35.580526	-23.181572	0.000000	
684.800000	35.597583	-23.199848	0.000000	
684.850000	35.614658	-23.218108	0.000000	
684.900000	35.631735	-23.236365	0.000000	
684.950000	35.648799	-23.254634	0.000000	
685.000000	35.665865	-23.272902	0.000000	
685.050000	35.682923	-23.291177	0.000000	
685.100000	35.699993	-23.309441	0.000000	
685.150000	35.717076	-23.327692	0.000000	
685.200000	35.734162	-23.345941	0.000000	
685.250000	35.751253	-23.364185	0.000000	
685.300000	35.768353	-23.382421	0.000000	
685.350000	35.785464	-23.400646	0.000000	
685.400000	35.802592	-23.418855	0.000000	
685.450000	35.819736	-23.437048	0.000000	
685.500000	35.836891	-23.455232	0.000000	
685.550000	35.854049	-23.473412	0.000000	
685.600000	35.871197	-23.491602	0.000000	
685.650000	35.888345	-23.509792	0.000000	
685.700000	35.905472	-23.528002	0.000000	
685.750000	35.922587	-23.546222	0.000000	
685.800000	35.939693	-23.564451	0.000000	
685.850000	35.956792	-23.582687	0.000000	
685.900000	35.973874	-23.600938	0.000000	
685.950000	35.990941	-23.619202	0.000000	
686.000000	36.007980	-23.637491	0.000000	
686.050000	36.024970	-23.655822	0.000000	
686.100000	36.041897	-23.674209	0.000000	
686.150000	36.058742	-23.692666	0.000000	
686.200000	36.075495	-23.711202	0.000000	
686.250000	36.092157	-23.729814	0.000000	
686.300000	36.108718	-23.748515	0.000000	
686.350000	36.125156	-23.767320	0.000000	
686.400000	36.141481	-23.786222	0.000000	
686.450000	36.157690	-23.805222	0.000000	
686.500000	36.173767	-23.824332	0.000000	
686.550000	36.189736	-23.843533	0.000000	
686.600000	36.205600	-23.862824	0.000000	
686.650000	36.221377	-23.882188	0.000000	
686.700000	36.237071	-23.901623	0.000000	
686.750000	36.252693	-23.921119	0.000000	
686.800000	36.268254	-23.940666	0.000000	
686.850000	36.283747	-23.960272	0.000000	
686.900000	36.299180	-23.979929	0.000000	
686.950000	36.314570	-23.999623	0.000000	
687.000000	36.329923	-24.019348	0.000000	
687.050000	36.345238	-24.039103	0.000000	
687.100000	36.360529	-24.058878	0.000000	
687.150000	36.375819	-24.078654	0.000000	
687.200000	36.391120	-24.098421	0.000000	
687.250000	36.406438	-24.118174	0.000000	
687.300000	36.421783	-24.137907	0.000000	
687.350000	36.437147	-24.157624	0.000000	
687.400000	36.452547	-24.177314	0.000000	
687.450000	36.467986	-24.196973	0.000000	
687.500000	36.483473	-24.216594	0.000000	
687.550000	36.499003	-24.236183	0.000000	
687.600000	36.514573	-24.255741	0.000000	
687.650000	36.530168	-24.275280	0.000000	
687.700000	36.545774	-24.294809	0.000000	
687.750000	36.561386	-24.314334	0.000000	
687.800000	36.577013	-24.333848	0.000000	
687.850000	36.592655	-24.353349	0.000000	
687.900000	36.608310	-24.372840	0.000000	
687.950000	36.623967	-24.392329	0.000000	
688.000000	36.639609	-24.411830	0.000000	
688.050000	36.655234	-24.431345	0.000000	
688.100000	36.670858	-24.450860	0.000000	
688.150000	36.686480	-24.470377	0.000000	
688.200000	36.702085	-24.489907	0.000000	
688.250000	36.717654	-24.509466	0.000000	
688.300000	36.733188	-24.529051	0.000000	
688.350000	36.748667	-24.548679	0.000000	
688.400000	36.764098	-24.568343	0.000000	
688.450000	36.779476	-24.588047	0.000000	
688.500000	36.794790	-24.607800	0.000000	
688.550000	36.810034	-24.627606	0.000000	
688.600000	36.825232	-24.647447	0.000000	
688.650000	36.840372	-24.667332	0.000000	
688.700000	36.855453	-24.687261	0.000000	
688.750000	36.870471	-24.707237	0.000000	
688.800000	36.885430	-24.727257	0.000000	
688.850000	36.900324	-24.747325	0.000000	
688.900000	36.915140	-24.767451	0.000000	
688.950000	36.929868	-24.787643	0.000000	
689.000000	36.944531	-24.807885	0.000000	
689.050000	36.959139	-24.828165	0.000000	
689.100000	36.973712	-24.848473	0.000000	
689.150000	36.988243	-24.868812	0.000000	
689.200000	37.002730	-24.889184	0.000000	
689.250000	37.017188	-24.909577	0.000000	
689.300000	37.031627	-24.929984	0.000000	
689.350000	37.046064	-24.950392	0.000000	
689.400000	37.060505	-24.970798	0.000000	
689.450000	37.074964	-24.991191	0.000000	
689.500000	37.089427	-25.011580	0.000000	
689.550000	37.103892	-25.031969	0.000000	
689.600000	37.118349	-25.052362	0.000000	
689.650000	37.132798	-25.072762	0.000000	
689.700000	37.147235	-25.093170	0.000000	
689.750000	37.161661	-25.113585	0.000000	
689.800000	37.176081	-25.134005	0.000000	
689.850000	37.190493	-25.154431	0.000000	
689.900000	37.204891	-25.174865	0.000000	
689.950000	37.219289	-25.195300	0.000000	
690.000000	37.233708	-25.215721	0.000000	
690.050000	37.248123	-25.236143	0.000000	
690.100000	37.262532	-25.256570	0.000000	
690.150000	37.276925	-25.277009	0.000000	
690.200000	37.291293	-25.297465	0.000000	
690.250000	37.305643	-25.317933	0.000000	
690.300000	37.319969	-25.338418	0.000000	
690.350000	37.334267	-25.358923	0.000000	
690.400000	37.348513	-25.379463	0.000000	
690.450000	37.362703	-25.400043	0.000000	
690.500000	37.376823	-25.420671	0.000000	
690.550000	37.390885	-25.441338	0.000000	
690.600000	37.404887	-25.462046	0.000000	
690.650000	37.418854	-25.482776	0.000000	
690.700000	37.432786	-25.503531	0.000000	
690.750000	37.446696	-25.524300	0.000000	
690.800000	37.460589	-25.545082	0.000000	
690.850000	37.474476	-25.565867	0.000000	
690.900000	37.488372	-25.586646	0.000000	
690.950000	37.502277	-25.607418	0.000000	
691.000000	37.516184	-25.628189	0.000000	
691.050000	37.530073	-25.648974	0.000000	
691.100000	37.543965	-25.669755	0.000000	
691.150000	37.557871	-25.690527	0.000000	
691.200000	37.571790	-25.711290	0.000000	
691.250000	37.585742	-25.732030	0.000000	
691.300000	37.599733	-25.752742	0.000000	
691.350000	37.613749	-25.773436	0.000000	
691.400000	37.627807	-25.794100	0.000000	
691.450000	37.641909	-25.814735	0.000000	
691.500000	37.656062	-25.835335	0.000000	
691.550000	37.670259	-25.855905	0.000000	
691.600000	37.684497	-25.876447	0.000000	
691.650000	37.698802	-25.896944	0.000000	
691.700000	37.713170	-25.917399	0.000000	
691.750000	37.727573	-25.937829	0.000000	
691.800000	37.742022	-25.958227	0.000000	
691.850000	37.756527	-25.978586	0.000000	
691.900000	37.771086	-25.998906	0.000000	
691.950000	37.785691	-26.019194	0.000000	
692.000000	37.800341	-26.039448	0.000000	
692.050000	37.815027	-26.059677	0.000000	
692.100000	37.829764	-26.079869	0.000000	
692.150000	37.844553	-26.100023	0.000000	
692.200000	37.859379	-26.120149	0.000000	
692.250000	37.874231	-26.140256	0.000000	
692.300000	37.889104	-26.160349	0.000000	
692.350000	37.904001	-26.180422	0.000000	
692.400000	37.918931	-26.200470	0.000000	
692.450000	37.933899	-26.220489	0.000000	
692.500000	37.948914	-26.240473	0.000000	
692.550000	37.963966	-26.260429	0.000000	
692.600000	37.979055	-26.280358	0.000000	
692.650000	37.994179	-26.300261	0.000000	
692.700000	38.009317	-26.320154	0.000000	
692.750000	38.024463	-26.340040	0.000000	
692.800000	38.039629	-26.359913	0.000000	
692.850000	38.054807	-26.379776	0.000000	
692.900000	38.070003	-26.399626	0.000000	
692.950000	38.085205	-26.419471	0.000000	
693.000000	38.100421	-26.439305	0.000000	
693.050000	38.115640	-26.459137	0.000000	
693.100000	38.130870	-26.478961	0.000000	
693.150000	38.146113	-26.498775	0.000000	
693.200000	38.161366	-26.518581	0.000000	
693.250000	38.176629	-26.538379	0.000000	
693.300000	38.191904	-26.558167	0.000000	
693.350000	38.207175	-26.577959	0.000000	
693.400000	38.222444	-26.597753	0.000000	
693.450000	38.237699	-26.617557	0.000000	
693.500000	38.252919	-26.637388	0.000000	
693.550000	38.268105	-26.657246	0.000000	
693.600000	38.283273	-26.677117	0.000000	
693.650000	38.298433	-26.696995	0.000000	
693.700000	38.313581	-26.716882	0.000000	
693.750000	38.328732	-26.736765	0.000000	
693.800000	38.343889	-26.756645	0.000000	
693.850000	38.359050	-26.776522	0.000000	
693.900000	38.374219	-26.796392	0.000000	
693.950000	38.389372	-26.816275	0.000000	
694.000000	38.404502	-26.836175	0.000000	
694.050000	38.419597	-26.856102	0.000000	
694.100000	38.434675	-26.876041	0.000000	
694.150000	38.449743	-26.895988	0.000000	
694.200000	38.464775	-26.915961	0.000000	
694.250000	38.479782	-26.935955	0.000000	
694.300000	38.494759	-26.955970	0.000000	
694.350000	38.509709	-26.976007	0.000000	
694.400000	38.524650	-26.996050	0.000000	
694.450000	38.539582	-27.016100	0.000000	
694.500000	38.554508	-27.036155	0.000000	
694.550000	38.569435	-27.056209	0.000000	
694.600000	38.584369	-27.076257	0.000000	
694.650000	38.599293	-27.096313	0.000000	
694.700000	38.614207	-27.116376	0.000000	
694.750000	38.629113	-27.136446	0.000000	
694.800000	38.643992	-27.156535	0.000000	
694.850000	38.658844	-27.176644	0.000000	
694.900000	38.673662	-27.196777	0.000000	
694.950000	38.688421	-27.216952	0.000000	
695.000000	38.703134	-27.237161	0.000000	
695.050000	38.717804	-27.257399	0.000000	
695.100000	38.732415	-27.277678	0.000000	
695.150000	38.746955	-27.298005	0.000000	
695.200000	38.761430	-27.318377	0.000000	
695.250000	38.775865	-27.338778	0.000000	
695.300000	38.790234	-27.359224	0.000000	
695.350000	38.804543	-27.379712	0.000000	
695.400000	38.818788	-27.400244	0.000000	
695.450000	38.832969	-27.420819	0.000000	
695.500000	38.847065	-27.441454	0.000000	
695.550000	38.861083	-27.462142	0.000000	
695.600000	38.875031	-27.482879	0.000000	
695.650000	38.888904	-27.503667	0.000000	
695.700000	38.902721	-27.524495	0.000000	
695.750000	38.916486	-27.545359	0.000000	
695.800000	38.930196	-27.566260	0.000000	
695.850000	38.943875	-27.587183	0.000000	
695.900000	38.957530	-27.608122	0.000000	
695.950000	38.971187	-27.629060	0.000000	
696.000000	38.984869	-27.649980	0.000000	
696.050000	38.998572	-27.670886	0.000000	
696.100000	39.012306	-27.691771	0.000000	
696.150000	39.026076	-27.712632	0.000000	
696.200000	39.039903	-27.733455	0.000000	
696.250000	39.053767	-27.754252	0.000000	
696.300000	39.067669	-27.775023	0.000000	
696.350000	39.081616	-27.795763	0.000000	
696.400000	39.095613	-27.816469	0.000000	
696.450000	39.109670	-27.837135	0.000000	
696.500000	39.123767	-27.857773	0.000000	
696.550000	39.137908	-27.878383	0.000000	
696.600000	39.152106	-27.898954	0.000000	
696.650000	39.166349	-27.919496	0.000000	
696.700000	39.180635	-27.940007	0.000000	
696.750000	39.194952	-27.960499	0.000000	
696.800000	39.209279	-27.980983	0.000000	
696.850000	39.223616	-28.001461	0.000000	
696.900000	39.237956	-28.021937	0.000000	
696.950000	39.252291	-28.042417	0.000000	
697.000000	39.266607	-28.062909	0.000000	
697.050000	39.280886	-28.083427	0.000000	
697.100000	39.295119	-28.103976	0.000000	
697.150000	39.309301	-28.124558	0.000000	
697.200000	39.323449	-28.145164	0.000000	
697.250000	39.337539	-28.165808	0.000000	
697.300000	39.351568	-28.186493	0.000000	
697.350000	39.365514	-28.207233	0.000000	
697.400000	39.379382	-28.228024	0.000000	
697.450000	39.393169	-28.248868	0.000000	
697.500000	39.406865	-28.269772	0.000000	
697.550000	39.420496	-28.290719	0.000000	
697.600000	39.434067	-28.311705	0.000000	
697.650000	39.447580	-28.332729	0.000000	
697.700000	39.461050	-28.353783	0.000000	
697.750000	39.474465	-28.374873	0.000000	
697.800000	39.487821	-28.396001	0.000000	
697.850000	39.501138	-28.417156	0.000000	
697.900000	39.514419	-28.438332	0.000000	
697.950000	39.527647	-28.459542	0.000000	
698.000000	39.540814	-28.480790	0.000000	
698.050000	39.553918	-28.502077	0.000000	
698.100000	39.566975	-28.523394	0.000000	
698.150000	39.579989	-28.544737	0.000000	
698.200000	39.592951	-28.566111	0.000000	
698.250000	39.605848	-28.587524	0.000000	
698.300000	39.618681	-28.608975	0.000000	
698.350000	39.631457	-28.630458	0.000000	
698.400000	39.644201	-28.651960	0.000000	
698.450000	39.656903	-28.673487	0.000000	
698.500000	39.669546	-28.695047	0.000000	
698.550000	39.682133	-28.716638	0.000000	
698.600000	39.694647	-28.738270	0.000000	
698.650000	39.707088	-28.759943	0.000000	
698.700000	39.719449	-28.781662	0.000000	
698.750000	39.731727	-28.803430	0.000000	
698.800000	39.743921	-28.825246	0.000000	
698.850000	39.756038	-28.847105	0.000000	
698.900000	39.768078	-28.869007	0.000000	
698.950000	39.780038	-28.890954	0.000000	
699.000000	39.791920	-28.912944	0.000000	
699.050000	39.803724	-28.934975	0.000000	
699.100000	39.815449	-28.957048	0.000000	
699.150000	39.827079	-28.979172	0.000000	
699.200000	39.838631	-29.001337	0.000000	
699.250000	39.850109	-29.023541	0.000000	
699.300000	39.861535	-29.045772	0.000000	
699.350000	39.872905	-29.068032	0.000000	
699.400000	39.884240	-29.090310	0.000000	
699.450000	39.895538	-29.112608	0.000000	
699.500000	39.906806	-29.134922	0.000000	
699.550000	39.918070	-29.157238	0.000000	
699.600000	39.929351	-29.179545	0.000000	
699.650000	39.940648	-29.201843	0.000000	
699.700000	39.951946	-29.224142	0.000000	
699.750000	39.963247	-29.246438	0.000000	
699.800000	39.974553	-29.268732	0.000000	
699.850000	39.985880	-29.291015	0.000000	
699.900000	39.997220	-29.313290	0.000000	
699.950000	40.008568	-29.335562	0.000000	
700.000000	40.019937	-29.357823	0.000000	
700.050000	40.031336	-29.380069	0.000000	
700.100000	40.042778	-29.402291	0.000000	
700.150000	40.054274	-29.424487	0.000000	
700.200000	40.065815	-29.446660	0.000000	
700.250000	40.077391	-29.468815	0.000000	
700.300000	40.088993	-29.490957	0.000000	
700.350000	40.100608	-29.513093	0.000000	
700.400000	40.112257	-29.535212	0.000000	
700.450000	40.123914	-29.557326	0.000000	
700.500000	40.135567	-29.579443	0.000000	
700.550000	40.147220	-29.601560	0.000000	
700.600000	40.158849	-29.623689	0.000000	
700.650000	40.170435	-29.645840	0.000000	
700.700000	40.181976	-29.668014	0.000000	
700.750000	40.193496	-29.690199	0.000000	
700.800000	40.205002	-29.712391	0.000000	
700.850000	40.216495	-29.734590	0.000000	
700.900000	40.227963	-29.756801	0.000000	
700.950000	40.239427	-29.779016	0.000000	
701.000000	40.250877	-29.801237	0.000000	
701.050000	40.262301	-29.823472	0.000000	
701.100000	40.273692	-29.845724	0.000000	
701.150000	40.285046	-29.867994	0.000000	
701.200000	40.296360	-29.890286	0.000000	
701.250000	40.307661	-29.912585	0.000000	
701.300000	40.318941	-29.934894	0.000000	
701.350000	40.330200	-29.957214	0.000000	
701.400000	40.341431	-29.979548	0.000000	
701.450000	40.352622	-30.001902	0.000000	
701.500000	40.363797	-30.024263	0.000000	
701.550000	40.374955	-30.046633	0.000000	
701.600000	40.386084	-30.069017	0.000000	
701.650000	40.397206	-30.091405	0.000000	
701.700000	40.408342	-30.113786	0.000000	
701.750000	40.419496	-30.136158	0.000000	
701.800000	40.430643	-30.158533	0.000000	
701.850000	40.441761	-30.180923	0.000000	
701.900000	40.452836	-30.203334	0.000000	
701.950000	40.463891	-30.225756	0.000000	
702.000000	40.474911	-30.248194	0.000000	
702.050000	40.485919	-30.270640	0.000000	
702.100000	40.496910	-30.293093	0.000000	
702.150000	40.507906	-30.315544	0.000000	
702.200000	40.518878	-30.338006	0.000000	
702.250000	40.529835	-30.360476	0.000000	
702.300000	40.540775	-30.382955	0.000000	
702.350000	40.551724	-30.405429	0.000000	
702.400000	40.562692	-30.427893	0.000000	
702.450000	40.573691	-30.450342	0.000000	
702.500000	40.584710	-30.472782	0.000000	
702.550000	40.595737	-30.495218	0.000000	
702.600000	40.606769	-30.517651	0.000000	
702.650000	40.617815	-30.540077	0.000000	
702.700000	40.628866	-30.562501	0.000000	
702.750000	40.639887	-30.584939	0.000000	
702.800000	40.650850	-30.607405	0.000000	
702.850000	40.661754	-30.629897	0.000000	
702.900000	40.672591	-30.652419	0.000000	
702.950000	40.683355	-30.674973	0.000000	
703.000000	40.694001	-30.697576	0.000000	
703.050000	40.704498	-30.720240	0.000000	
703.100000	40.714801	-30.742979	0.000000	
703.150000	40.724903	-30.765794	0.000000	
703.200000	40.734763	-30.788698	0.000000	
703.250000	40.744380	-30.811685	0.000000	
703.300000	40.753731	-30.834764	0.000000	
703.350000	40.762774	-30.857946	0.000000	
703.400000	40.771469	-30.881243	0.000000	
703.450000	40.779813	-30.904651	0.000000	
703.500000	40.787779	-30.928180	0.000000	
703.550000	40.795355	-30.951825	0.000000	
703.600000	40.802524	-30.975589	0.000000	
703.650000	40.809268	-30.999472	0.000000	
703.700000	40.815573	-31.023476	0.000000	
703.750000	40.821419	-31.047601	0.000000	
703.800000	40.826818	-31.071838	0.000000	
703.850000	40.831794	-31.096173	0.000000	
703.900000	40.836345	-31.120601	0.000000	
703.950000	40.840490	-31.145115	0.000000	
704.000000	40.844225	-31.169712	0.000000	
704.050000	40.847570	-31.194379	0.000000	
704.100000	40.850541	-31.219106	0.000000	
704.150000	40.853177	-31.243880	0.000000	
704.200000	40.855488	-31.268697	0.000000	
704.250000	40.857501	-31.293549	0.000000	
704.300000	40.859229	-31.318431	0.000000	
704.350000	40.860676	-31.343339	0.000000	
704.400000	40.861865	-31.368267	0.000000	
704.450000	40.862814	-31.393210	0.000000	
704.500000	40.863532	-31.418166	0.000000	
704.550000	40.864026	-31.443133	0.000000	
704.600000	40.864307	-31.468105	0.000000	
704.650000	40.864397	-31.493082	0.000000	
704.700000	40.864300	-31.518061	0.000000	
704.750000	40.864026	-31.543040	0.000000	
704.800000	40.863589	-31.568017	0.000000	
704.850000	40.863007	-31.592993	0.000000	
704.900000	40.862270	-31.617965	0.000000	
704.950000	40.861384	-31.642933	0.000000	
705.000000	40.860363	-31.667898	0.000000	
705.050000	40.859222	-31.692859	0.000000	
705.100000	40.857965	-31.717816	0.000000	
705.150000	40.856597	-31.742768	0.000000	
705.200000	40.855130	-31.767715	0.000000	
705.250000	40.853587	-31.792659	0.000000	
705.300000	40.851975	-31.817601	0.000000	
705.350000	40.850290	-31.842539	0.000000	
705.400000	40.848534	-31.867474	0.000000	
705.450000	40.846707	-31.892404	0.000000	
705.500000	40.844829	-31.917331	0.000000	
705.550000	40.842908	-31.942255	0.000000	
705.600000	40.840952	-31.967177	0.000000	
705.650000	40.838980	-31.992098	0.000000	
705.700000	40.836984	-32.017018	0.000000	
705.750000	40.834970	-32.041936	0.000000	
705.800000	40.832958	-32.066854	0.000000	
705.850000	40.830958	-32.091773	0.000000	
705.900000	40.828972	-32.116693	0.000000	
705.950000	40.827014	-32.141615	0.000000	
706.000000	40.825102	-32.166541	0.000000	
706.050000	40.823211	-32.191468	0.000000	
706.100000	40.821332	-32.216396	0.000000	
706.150000	40.819474	-32.241325	0.000000	
706.200000	40.817659	-32.266258	0.000000	
706.250000	40.815853	-32.291192	0.000000	
706.300000	40.814057	-32.316126	0.000000	
706.350000	40.812253	-32.341060	0.000000	
706.400000	40.810437	-32.365993	0.000000	
706.450000	40.808610	-32.390924	0.000000	
706.500000	40.806788	-32.415856	0.000000	
706.550000	40.804949	-32.440787	0.000000	
706.600000	40.803070	-32.465714	0.000000	
706.650000	40.801143	-32.490636	0.000000	
706.700000	40.799162	-32.515553	0.000000	
706.750000	40.797116	-32.540463	0.000000	
706.800000	40.795033	-32.565370	0.000000	
706.850000	40.792893	-32.590271	0.000000	
706.900000	40.790696	-32.615166	0.000000	
706.950000	40.788446	-32.640058	0.000000	
707.000000	40.786153	-32.664946	0.000000	
707.050000	40.783819	-32.689830	0.000000	
707.100000	40.781440	-32.714712	0.000000	
707.150000	40.779020	-32.739589	0.000000	
707.200000	40.776571	-32.764465	0.000000	
707.250000	40.774070	-32.789336	0.000000	
707.300000	40.771546	-32.814205	0.000000	
707.350000	40.768982	-32.839071	0.000000	
707.400000	40.766396	-32.863935	0.000000	
707.450000	40.763781	-32.888796	0.000000	
707.500000	40.761149	-32.913655	0.000000	
707.550000	40.758481	-32.938511	0.000000	
707.600000	40.755788	-32.963364	0.000000	
707.650000	40.753072	-32.988214	0.000000	
707.700000	40.750343	-33.013063	0.000000	
707.750000	40.747594	-33.037909	0.000000	
707.800000	40.744826	-33.062752	0.000000	
707.850000	40.742040	-33.087594	0.000000	
707.900000	40.739229	-33.112432	0.000000	
707.950000	40.736385	-33.137265	0.000000	
708.000000	40.733497	-33.162093	0.000000	
708.050000	40.730557	-33.186915	0.000000	
708.100000	40.727566	-33.211731	0.000000	
708.150000	40.724548	-33.236544	0.000000	
708.200000	40.721509	-33.261355	0.000000	
708.250000	40.718443	-33.286163	0.000000	
708.300000	40.715358	-33.310969	0.000000	
708.350000	40.712225	-33.335769	0.000000	
708.400000	40.709037	-33.360562	0.000000	
708.450000	40.705784	-33.385348	0.000000	
708.500000	40.702480	-33.410127	0.000000	
708.550000	40.699144	-33.434902	0.000000	
708.600000	40.695770	-33.459671	0.000000	
708.650000	40.692354	-33.484436	0.000000	
708.700000	40.688898	-33.509194	0.000000	
708.750000	40.685408	-33.533947	0.000000	
708.800000	40.681888	-33.558696	0.000000	
708.850000	40.678328	-33.583438	0.000000	
708.900000	40.674697	-33.608168	0.000000	
708.950000	40.670999	-33.632887	0.000000	
709.000000	40.667231	-33.657594	0.000000	
709.050000	40.663379	-33.682286	0.000000	
709.100000	40.659427	-33.706958	0.000000	
709.150000	40.655368	-33.731612	0.000000	
709.200000	40.651189	-33.756244	0.000000	
709.250000	40.646880	-33.780854	0.000000	
709.300000	40.642441	-33.805441	0.000000	
709.350000	40.637880	-33.830006	0.000000	
709.400000	40.633202	-33.854550	0.000000	
709.450000	40.628407	-33.879071	0.000000	
709.500000	40.623507	-33.903571	0.000000	
709.550000	40.618507	-33.928051	0.000000	
709.600000	40.613379	-33.952506	0.000000	
709.650000	40.608138	-33.976939	0.000000	
709.700000	40.602776	-34.001346	0.000000	
709.750000	40.597298	-34.025729	0.000000	
709.800000	40.591690	-34.050083	0.000000	
709.850000	40.585950	-34.074407	0.000000	
709.900000	40.580087	-34.098702	0.000000	
709.950000	40.574120	-34.122972	0.000000	
710.000000	40.568068	-34.147222	0.000000	
710.050000	40.561956	-34.171458	0.000000	
710.100000	40.555799	-34.195683	0.000000	
710.150000	40.549614	-34.219901	0.000000	
710.200000	40.543409	-34.244114	0.000000	
710.250000	40.537204	-34.268328	0.000000	
710.300000	40.530986	-34.292538	0.000000	
710.350000	40.524741	-34.316742	0.000000	
710.400000	40.518471	-34.340940	0.000000	
710.450000	40.512194	-34.365135	0.000000	
710.500000	40.505928	-34.389334	0.000000	
710.550000	40.499664	-34.413533	0.000000	
710.600000	40.493402	-34.437733	0.000000	
710.650000	40.487164	-34.461939	0.000000	
710.700000	40.480956	-34.486151	0.000000	
710.750000	40.474804	-34.510377	0.000000	
710.800000	40.468720	-34.534619	0.000000	
710.850000	40.462720	-34.558881	0.000000	
710.900000	40.456814	-34.583166	0.000000	
710.950000	40.451006	-34.607475	0.000000	
711.000000	40.445288	-34.631807	0.000000	
711.050000	40.439650	-34.656158	0.000000	
711.100000	40.434070	-34.680522	0.000000	
711.150000	40.428528	-34.704896	0.000000	
711.200000	40.423025	-34.729279	0.000000	
711.250000	40.417536	-34.753665	0.000000	
711.300000	40.412053	-34.778053	0.000000	
711.350000	40.406576	-34.802442	0.000000	
711.400000	40.401136	-34.826840	0.000000	
711.450000	40.395723	-34.851245	0.000000	
711.500000	40.390342	-34.875657	0.000000	
711.550000	40.384982	-34.900073	0.000000	
711.600000	40.379646	-34.924496	0.000000	
711.650000	40.374313	-34.948919	0.000000	
711.700000	40.368973	-34.973340	0.000000	
711.750000	40.363597	-34.997753	0.000000	
711.800000	40.358164	-35.022152	0.000000	
711.850000	40.352662	-35.046535	0.000000	
711.900000	40.347087	-35.070900	0.000000	
711.950000	40.341447	-35.095251	0.000000	
712.000000	40.335742	-35.119587	0.000000	
712.050000	40.329968	-35.143906	0.000000	
712.100000	40.324114	-35.168206	0.000000	
712.150000	40.318171	-35.192484	0.000000	
712.200000	40.312161	-35.216744	0.000000	
712.250000	40.306094	-35.240991	0.000000	
712.300000	40.299998	-35.265230	0.000000	
712.350000	40.293870	-35.289462	0.000000	
712.400000	40.287712	-35.313686	0.000000	
712.450000	40.281512	-35.337900	0.000000	
712.500000	40.275277	-35.362105	0.000000	
712.550000	40.269008	-35.386303	0.000000	
712.600000	40.262728	-35.410498	0.000000	
712.650000	40.256435	-35.434690	0.000000	
712.700000	40.250142	-35.458883	0.000000	
712.750000	40.243837	-35.483072	0.000000	
712.800000	40.237550	-35.507265	0.000000	
712.850000	40.231300	-35.531468	0.000000	
712.900000	40.225091	-35.555681	0.000000	
712.950000	40.218918	-35.579903	0.000000	
713.000000	40.212770	-35.604132	0.000000	
713.050000	40.206656	-35.628368	0.000000	
713.100000	40.200571	-35.652612	0.000000	
713.150000	40.194534	-35.676869	0.000000	
713.200000	40.188560	-35.701142	0.000000	
713.250000	40.182631	-35.725427	0.000000	
713.300000	40.176719	-35.749716	0.000000	
713.350000	40.170798	-35.774003	0.000000	
713.400000	40.164849	-35.798282	0.000000	
713.450000	40.158900	-35.822562	0.000000	
713.500000	40.152948	-35.846840	0.000000	
713.550000	40.146973	-35.871113	0.000000	
713.600000	40.140955	-35.895374	0.000000	
713.650000	40.134896	-35.919625	0.000000	
713.700000	40.128799	-35.943866	0.000000	
713.750000	40.122656	-35.968096	0.000000	
713.800000	40.116490	-35.992319	0.000000	
713.850000	40.110298	-36.016536	0.000000	
713.900000	40.104074	-36.040745	0.000000	
713.950000	40.097839	-36.064952	0.000000	
714.000000	40.091586	-36.089154	0.000000	
714.050000	40.085306	-36.113349	0.000000	
714.100000	40.078980	-36.137533	0.000000	
714.150000	40.072635	-36.161712	0.000000	
714.200000	40.066261	-36.185884	0.000000	
714.250000	40.059872	-36.210052	0.000000	
714.300000	40.053496	-36.234224	0.000000	
714.350000	40.047156	-36.258404	0.000000	
714.400000	40.040871	-36.282597	0.000000	
714.450000	40.034671	-36.306811	0.000000	
714.500000	40.028537	-36.331041	0.000000	
714.550000	40.022463	-36.355285	0.000000	
714.600000	40.016478	-36.379550	0.000000	
714.650000	40.010576	-36.403835	0.000000	
714.700000	40.004733	-36.428135	0.000000	
714.750000	39.998961	-36.452452	0.000000	
714.800000	39.993277	-36.476789	0.000000	
714.850000	39.987666	-36.501144	0.000000	
714.900000	39.982131	-36.525516	0.000000	
714.950000	39.976671	-36.549905	0.000000	
715.000000	39.971263	-36.574306	0.000000	
715.050000	39.965900	-36.598716	0.000000	
715.100000	39.960584	-36.623139	0.000000	
715.150000	39.955329	-36.647575	0.000000	
715.200000	39.950135	-36.672027	0.000000	
715.250000	39.945021	-36.696496	0.000000	
715.300000	39.939967	-36.720978	0.000000	
715.350000	39.934958	-36.745470	0.000000	
715.400000	39.929985	-36.769969	0.000000	
715.450000	39.925055	-36.794477	0.000000	
715.500000	39.920145	-36.818989	0.000000	
715.550000	39.915244	-36.843502	0.000000	
715.600000	39.910343	-36.868016	0.000000	
715.650000	39.905423	-36.892526	0.000000	
715.700000	39.900497	-36.917034	0.000000	
715.750000	39.895561	-36.941540	0.000000	
715.800000	39.890595	-36.966040	0.000000	
715.850000	39.885577	-36.990528	0.000000	
715.900000	39.880534	-37.015011	0.000000	
715.950000	39.875458	-37.039486	0.000000	
716.000000	39.870338	-37.063953	0.000000	
716.050000	39.865197	-37.088416	0.000000	
716.100000	39.860048	-37.112876	0.000000	
716.150000	39.854886	-37.137334	0.000000	
716.200000	39.849693	-37.161784	0.000000	
716.250000	39.844463	-37.186227	0.000000	
716.300000	39.839186	-37.210659	0.000000	
716.350000	39.833847	-37.235078	0.000000	
716.400000	39.828461	-37.259487	0.000000	
716.450000	39.823035	-37.283887	0.000000	
716.500000	39.817557	-37.308277	0.000000	
716.550000	39.812026	-37.332656	0.000000	
716.600000	39.806440	-37.357023	0.000000	
716.650000	39.800820	-37.381382	0.000000	
716.700000	39.795180	-37.405736	0.000000	
716.750000	39.789511	-37.430084	0.000000	
716.800000	39.783828	-37.454429	0.000000	
716.850000	39.778133	-37.478770	0.000000	
716.900000	39.772448	-37.503114	0.000000	
716.950000	39.766759	-37.527458	0.000000	
717.000000	39.761065	-37.551800	0.000000	
717.050000	39.755377	-37.576143	0.000000	
717.100000	39.749679	-37.600485	0.000000	
717.150000	39.743975	-37.624824	0.000000	
717.200000	39.738263	-37.649162	0.000000	
717.250000	39.732554	-37.673501	0.000000	
717.300000	39.726842	-37.697839	0.000000	
717.350000	39.721110	-37.722173	0.000000	
717.400000	39.715367	-37.746503	0.000000	
717.450000	39.709593	-37.770826	0.000000	
717.500000	39.703788	-37.795141	0.000000	
717.550000	39.697938	-37.819445	0.000000	
717.600000	39.692045	-37.843738	0.000000	
717.650000	39.686126	-37.868025	0.000000	
717.700000	39.680172	-37.892303	0.000000	
717.750000	39.674188	-37.916573	0.000000	
717.800000	39.668193	-37.940840	0.000000	
717.850000	39.662168	-37.965100	0.000000	
717.900000	39.656104	-37.989350	0.000000	
717.950000	39.650001	-38.013590	0.000000	
718.000000	39.643866	-38.037821	0.000000	
718.050000	39.637702	-38.062046	0.000000	
718.100000	39.631520	-38.086267	0.000000	
718.150000	39.625336	-38.110487	0.000000	
718.200000	39.619141	-38.134705	0.000000	
718.250000	39.612951	-38.158924	0.000000	
718.300000	39.606764	-38.183144	0.000000	
718.350000	39.600563	-38.207360	0.000000	
718.400000	39.594369	-38.231578	0.000000	
718.450000	39.588183	-38.255798	0.000000	
718.500000	39.582008	-38.280021	0.000000	
718.550000	39.575849	-38.304248	0.000000	
718.600000	39.569722	-38.328483	0.000000	
718.650000	39.563641	-38.352729	0.000000	
718.700000	39.557608	-38.376988	0.000000	
718.750000	39.551617	-38.401257	0.000000	
718.800000	39.545672	-38.425537	0.000000	
718.850000	39.539771	-38.449827	0.000000	
718.900000	39.533918	-38.474129	0.000000	
718.950000	39.528142	-38.498450	0.000000	
719.000000	39.522416	-38.522783	0.000000	
719.050000	39.516727	-38.547125	0.000000	
719.100000	39.511061	-38.571473	0.000000	
719.150000	39.505400	-38.595822	0.000000	
719.200000	39.499730	-38.620169	0.000000	
719.250000	39.494071	-38.644519	0.000000	
719.300000	39.488426	-38.668871	0.000000	
719.350000	39.482789	-38.693226	0.000000	
719.400000	39.477188	-38.717589	0.000000	
719.450000	39.471601	-38.741955	0.000000	
719.500000	39.466017	-38.766322	0.000000	
719.550000	39.460448	-38.790693	0.000000	
719.600000	39.454878	-38.815064	0.000000	
719.650000	39.449317	-38.839436	0.000000	
719.700000	39.443747	-38.863807	0.000000	
719.750000	39.438180	-38.888178	0.000000	
719.800000	39.432604	-38.912547	0.000000	
719.850000	39.426989	-38.936907	0.000000	
719.900000	39.421317	-38.961253	0.000000	
719.950000	39.415598	-38.985589	0.000000	
720.000000	39.409834	-39.009914	0.000000	
720.050000	39.404038	-39.034231	0.000000	
720.100000	39.398228	-39.058544	0.000000	
720.150000	39.392409	-39.082856	0.000000	
720.200000	39.386599	-39.107170	0.000000	
720.250000	39.380784	-39.131482	0.000000	
720.300000	39.374946	-39.155790	0.000000	
720.350000	39.369089	-39.180093	0.000000	
720.400000	39.363233	-39.204396	0.000000	
720.450000	39.357355	-39.228694	0.000000	
720.500000	39.351467	-39.252989	0.000000	
720.550000	39.345599	-39.277290	0.000000	
720.600000	39.339737	-39.301591	0.000000	
720.650000	39.333882	-39.325895	0.000000	
720.700000	39.328017	-39.350196	0.000000	
720.750000	39.322134	-39.374493	0.000000	
720.800000	39.316208	-39.398779	0.000000	
720.850000	39.310258	-39.423059	0.000000	
720.900000	39.304312	-39.447340	0.000000	
720.950000	39.298369	-39.471621	0.000000	
721.000000	39.292438	-39.495906	0.000000	
721.050000	39.286499	-39.520189	0.000000	
721.100000	39.280540	-39.544467	0.000000	
721.150000	39.274551	-39.568737	0.000000	
721.200000	39.268547	-39.593003	0.000000	
721.250000	39.262505	-39.617260	0.000000	
721.300000	39.256449	-39.641513	0.000000	
721.350000	39.250381	-39.665764	0.000000	
721.400000	39.244289	-39.690008	0.000000	
721.450000	39.238147	-39.714240	0.000000	
721.500000	39.231964	-39.738461	0.000000	
721.550000	39.225740	-39.762672	0.000000	
721.600000	39.219442	-39.786864	0.000000	
721.650000	39.213088	-39.811040	0.000000	
721.700000	39.206674	-39.835201	0.000000	
721.750000	39.200195	-39.859344	0.000000	
721.800000	39.193667	-39.883474	0.000000	
721.850000	39.187093	-39.907591	0.000000	
721.900000	39.180450	-39.931687	0.000000	
721.950000	39.173741	-39.955764	0.000000	
722.000000	39.166979	-39.979827	0.000000	
722.050000	39.160140	-40.003867	0.000000	
722.100000	39.153245	-40.027892	0.000000	
722.150000	39.146294	-40.051899	0.000000	
722.200000	39.139267	-40.075884	0.000000	
722.250000	39.132161	-40.099845	0.000000	
722.300000	39.124971	-40.123781	0.000000	
722.350000	39.117671	-40.147684	0.000000	
722.400000	39.110248	-40.171548	0.000000	
722.450000	39.102704	-40.195374	0.000000	
722.500000	39.095048	-40.219163	0.000000	
722.550000	39.087294	-40.242920	0.000000	
722.600000	39.079439	-40.266643	0.000000	
722.650000	39.071487	-40.290334	0.000000	
722.700000	39.063448	-40.313995	0.000000	
722.750000	39.055309	-40.337623	0.000000	
722.800000	39.047090	-40.361223	0.000000	
722.850000	39.038798	-40.384800	0.000000	
722.900000	39.030449	-40.408357	0.000000	
722.950000	39.022076	-40.431905	0.000000	
723.000000	39.013652	-40.455437	0.000000	
723.050000	39.005162	-40.478946	0.000000	
723.100000	38.996633	-40.502441	0.000000	
723.150000	38.988047	-40.525917	0.000000	
723.200000	38.979421	-40.549379	0.000000	
723.250000	38.970775	-40.572834	0.000000	
723.300000	38.962083	-40.596274	0.000000	
723.350000	38.953367	-40.619704	0.000000	
723.400000	38.944646	-40.643133	0.000000	
723.450000	38.935930	-40.666563	0.000000	
723.500000	38.927238	-40.690003	0.000000	
723.550000	38.918576	-40.713453	0.000000	
723.600000	38.909946	-40.736915	0.000000	
723.650000	38.901368	-40.760395	0.000000	
723.700000	38.892838	-40.783893	0.000000	
723.750000	38.884356	-40.807408	0.000000	
723.800000	38.875925	-40.830941	0.000000	
723.850000	38.867534	-40.854488	0.000000	
723.900000	38.859179	-40.878048	0.000000	
723.950000	38.850858	-40.901621	0.000000	
724.000000	38.842539	-40.925194	0.000000	
724.050000	38.834226	-40.948769	0.000000	
724.100000	38.825923	-40.972347	0.000000	
724.150000	38.817603	-40.995920	0.000000	
724.200000	38.809270	-41.019487	0.000000	
724.250000	38.800917	-41.043047	0.000000	
724.300000	38.792557	-41.066604	0.000000	
724.350000	38.784185	-41.090158	0.000000	
724.400000	38.775792	-41.113702	0.000000	
724.450000	38.767381	-41.137241	0.000000	
724.500000	38.758960	-41.160775	0.000000	
724.550000	38.750510	-41.184299	0.000000	
724.600000	38.742019	-41.207807	0.000000	
724.650000	38.733466	-41.231293	0.000000	
724.700000	38.724850	-41.254755	0.000000	
724.750000	38.716191	-41.278202	0.000000	
724.800000	38.707489	-41.301634	0.000000	
724.850000	38.698759	-41.325057	0.000000	
724.900000	38.690018	-41.348475	0.000000	
724.950000	38.681251	-41.371884	0.000000	
725.000000	38.672447	-41.395280	0.000000	
725.050000	38.663611	-41.418665	0.000000	
725.100000	38.654753	-41.442042	0.000000	
725.150000	38.645868	-41.465408	0.000000	
725.200000	38.636986	-41.488776	0.000000	
725.250000	38.628123	-41.512150	0.000000	
725.300000	38.619275	-41.535530	0.000000	
725.350000	38.610432	-41.558912	0.000000	
725.400000	38.601613	-41.582303	0.000000	
725.450000	38.592826	-41.605706	0.000000	
725.500000	38.584057	-41.629116	0.000000	
725.550000	38.575307	-41.652533	0.000000	
725.600000	38.566583	-41.675959	0.000000	
725.650000	38.557908	-41.699403	0.000000	
725.700000	38.549303	-41.722873	0.000000	
725.750000	38.540754	-41.746364	0.000000	
725.800000	38.532246	-41.769870	0.000000	
725.850000	38.523765	-41.793385	0.000000	
725.900000	38.515303	-41.816907	0.000000	
725.950000	38.506853	-41.840433	0.000000	
726.000000	38.498417	-41.863964	0.000000	
726.050000	38.490003	-41.887503	0.000000	
726.100000	38.481612	-41.911051	0.000000	
726.150000	38.473256	-41.934611	0.000000	
726.200000	38.464949	-41.958189	0.000000	
726.250000	38.456658	-41.981773	0.000000	
726.300000	38.448380	-42.005362	0.000000	
726.350000	38.440127	-42.028960	0.000000	
726.400000	38.431896	-42.052565	0.000000	
726.450000	38.423696	-42.076181	0.000000	
726.500000	38.415533	-42.099810	0.000000	
726.550000	38.407411	-42.123452	0.000000	
726.600000	38.399314	-42.147104	0.000000	
726.650000	38.391249	-42.170766	0.000000	
726.700000	38.383199	-42.194433	0.000000	
726.750000	38.375141	-42.218098	0.000000	
726.800000	38.367059	-42.241754	0.000000	
726.850000	38.358959	-42.265404	0.000000	
726.900000	38.350856	-42.289053	0.000000	
726.950000	38.342767	-42.312707	0.000000	
727.000000	38.334683	-42.336362	0.000000	
727.050000	38.326609	-42.360021	0.000000	
727.100000	38.318531	-42.383678	0.000000	
727.150000	38.310453	-42.407336	0.000000	
727.200000	38.302358	-42.430987	0.000000	
727.250000	38.294229	-42.454626	0.000000	
727.300000	38.286078	-42.478257	0.000000	
727.350000	38.277896	-42.501876	0.000000	
727.400000	38.269661	-42.525476	0.000000	
727.450000	38.261361	-42.549052	0.000000	
727.500000	38.252969	-42.572593	0.000000	
727.550000	38.244451	-42.596085	0.000000	
727.600000	38.235796	-42.619524	0.000000	
727.650000	38.227013	-42.642912	0.000000	
727.700000	38.218077	-42.666238	0.000000	
727.750000	38.208959	-42.689485	0.000000	
727.800000	38.199633	-42.712639	0.000000	
727.850000	38.190070	-42.735677	0.000000	
727.900000	38.180247	-42.758583	0.000000	
727.950000	38.170107	-42.781322	0.000000	
728.000000	38.159612	-42.803872	0.000000	
728.050000	38.148751	-42.826222	0.000000	
728.100000	38.137499	-42.848351	0.000000	
728.150000	38.125857	-42.870254	0.000000	
728.200000	38.113797	-42.891898	0.000000	
728.250000	38.101302	-42.913264	0.000000	
728.300000	38.088369	-42.934343	0.000000	
728.350000	38.074996	-42.955127	0.000000	
728.400000	38.061157	-42.975587	0.000000	
728.450000	38.046842	-42.995703	0.000000	
728.500000	38.032048	-43.015460	0.000000	
728.550000	38.016778	-43.034851	0.000000	
728.600000	38.001056	-43.053883	0.000000	
728.650000	37.984891	-43.072562	0.000000	
728.700000	37.968274	-43.090870	0.000000	
728.750000	37.951218	-43.108811	0.000000	
728.800000	37.933748	-43.126389	0.000000	
728.850000	37.915895	-43.143616	0.000000	
728.900000	37.897704	-43.160520	0.000000	
728.950000	37.879202	-43.177119	0.000000	
729.000000	37.860442	-43.193456	0.000000	
729.050000	37.841443	-43.209545	0.000000	
729.100000	37.822221	-43.225398	0.000000	
729.150000	37.802801	-43.241037	0.000000	
729.200000	37.783192	-43.256466	0.000000	
729.250000	37.763431	-43.271719	0.000000	
729.300000	37.743544	-43.286824	0.000000	
729.350000	37.723557	-43.301809	0.000000	
729.400000	37.703479	-43.316687	0.000000	
729.450000	37.683348	-43.331500	0.000000	
729.500000	37.663187	-43.346274	0.000000	
729.550000	37.643002	-43.361019	0.000000	
729.600000	37.622803	-43.375745	0.000000	
729.650000	37.602591	-43.390453	0.000000	
729.700000	37.582364	-43.405142	0.000000	
729.750000	37.562131	-43.419822	0.000000	
729.800000	37.541888	-43.434489	0.000000	
729.850000	37.521635	-43.449142	0.000000	
729.900000	37.501373	-43.463780	0.000000	
729.950000	37.481100	-43.478405	0.000000	
730.000000	37.460818	-43.493014	0.000000	
730.050000	37.440511	-43.507589	0.000000	
730.100000	37.420183	-43.522133	0.000000	
730.150000	37.399841	-43.536656	0.000000	
730.200000	37.379492	-43.551171	0.000000	
730.250000	37.359149	-43.565692	0.000000	
730.300000	37.338801	-43.580208	0.000000	
730.350000	37.318436	-43.594699	0.000000	
730.400000	37.298049	-43.609158	0.000000	
730.450000	37.277626	-43.623567	0.000000	
730.500000	37.257151	-43.637903	0.000000	
730.550000	37.236619	-43.652157	0.000000	
730.600000	37.216041	-43.666345	0.000000	
730.650000	37.195425	-43.680479	0.000000	
730.700000	37.174772	-43.694558	0.000000	
730.750000	37.154078	-43.708581	0.000000	
730.800000	37.133351	-43.722555	0.000000	
730.850000	37.112595	-43.736485	0.000000	
730.900000	37.091820	-43.750389	0.000000	
730.950000	37.071031	-43.764270	0.000000	
731.000000	37.050224	-43.778123	0.000000	
731.050000	37.029402	-43.791955	0.000000	
731.100000	37.008568	-43.805768	0.000000	
731.150000	36.987725	-43.819567	0.000000	
731.200000	36.966870	-43.833349	0.000000	
731.250000	36.945990	-43.847093	0.000000	
731.300000	36.925074	-43.860783	0.000000	
731.350000	36.904123	-43.874422	0.000000	
731.400000	36.883144	-43.888017	0.000000	
731.450000	36.862134	-43.901564	0.000000	
731.500000	36.841098	-43.915070	0.000000	
731.550000	36.820046	-43.928552	0.000000	
731.600000	36.798987	-43.942021	0.000000	
731.650000	36.777923	-43.955484	0.000000	
731.700000	36.756844	-43.968922	0.000000	
731.750000	36.735753	-43.982344	0.000000	
731.800000	36.714650	-43.995745	0.000000	
731.850000	36.693542	-44.009138	0.000000	
731.900000	36.672426	-44.022520	0.000000	
731.950000	36.651294	-44.035877	0.000000	
732.000000	36.630158	-44.049226	0.000000	
732.050000	36.609017	-44.062569	0.000000	
732.100000	36.587870	-44.075902	0.000000	
732.150000	36.566715	-44.089220	0.000000	
732.200000	36.545551	-44.102527	0.000000	
732.250000	36.524366	-44.115799	0.000000	
732.300000	36.503168	-44.129051	0.000000	
732.350000	36.481963	-44.142294	0.000000	
732.400000	36.460752	-44.155524	0.000000	
732.450000	36.439531	-44.168740	0.000000	
732.500000	36.418301	-44.181940	0.000000	
732.550000	36.397073	-44.195142	0.000000	
732.600000	36.375836	-44.208331	0.000000	
732.650000	36.354585	-44.221497	0.000000	
732.700000	36.333322	-44.234643	0.000000	
732.750000	36.312053	-44.247780	0.000000	
732.800000	36.290771	-44.260896	0.000000	
732.850000	36.269480	-44.273997	0.000000	
732.900000	36.248183	-44.287087	0.000000	
732.950000	36.226874	-44.300160	0.000000	
733.000000	36.205569	-44.313239	0.000000	
733.050000	36.184259	-44.326309	0.000000	
733.100000	36.162950	-44.339382	0.000000	
733.150000	36.141647	-44.352463	0.000000	
733.200000	36.120357	-44.365564	0.000000	
733.250000	36.099077	-44.378682	0.000000	
733.300000	36.077818	-44.391832	0.000000	
733.350000	36.056581	-44.405017	0.000000	
733.400000	36.035362	-44.418229	0.000000	
733.450000	36.014166	-44.431479	0.000000	
733.500000	35.992998	-44.444773	0.000000	
733.550000	35.971857	-44.458110	0.000000	
733.600000	35.950742	-44.471487	0.000000	
733.650000	35.929660	-44.484917	0.000000	
733.700000	35.908622	-44.498415	0.000000	
733.750000	35.887627	-44.511979	0.000000	
733.800000	35.866677	-44.525610	0.000000	
733.850000	35.845779	-44.539320	0.000000	
733.900000	35.824930	-44.553105	0.000000	
733.950000	35.804113	-44.566939	0.000000	
734.000000	35.783334	-44.580832	0.000000	
734.050000	35.762593	-44.594781	0.000000	
734.100000	35.741884	-44.608780	0.000000	
734.150000	35.721199	-44.622815	0.000000	
734.200000	35.700530	-44.636873	0.000000	
734.250000	35.679879	-44.650959	0.000000	
734.300000	35.659240	-44.665063	0.000000	
734.350000	35.638612	-44.679184	0.000000	
734.400000	35.617987	-44.693309	0.000000	
734.450000	35.597374	-44.707452	0.000000	
734.500000	35.576784	-44.721628	0.000000	
734.550000	35.556208	-44.735824	0.000000	
734.600000	35.535646	-44.750043	0.000000	
734.650000	35.515097	-44.764279	0.000000	
734.700000	35.494551	-44.778521	0.000000	
734.750000	35.474004	-44.792760	0.000000	
734.800000	35.453458	-44.807003	0.000000	
734.850000	35.432916	-44.821250	0.000000	
734.900000	35.412381	-44.835505	0.000000	
734.950000	35.391852	-44.849770	0.000000	
735.000000	35.371337	-44.864055	0.000000	
735.050000	35.350834	-44.878358	0.000000	
735.100000	35.330328	-44.892655	0.000000	
735.150000	35.309825	-44.906957	0.000000	
735.200000	35.289335	-44.921277	0.000000	
735.250000	35.268856	-44.935613	0.000000	
735.300000	35.248379	-44.949953	0.000000	
735.350000	35.227914	-44.964310	0.000000	
735.400000	35.207460	-44.978682	0.000000	
735.450000	35.187024	-44.993080	0.000000	
735.500000	35.166603	-45.007500	0.000000	
735.550000	35.146196	-45.021939	0.000000	
735.600000	35.125817	-45.036417	0.000000	
735.650000	35.105471	-45.050940	0.000000	
735.700000	35.085148	-45.065496	0.000000	
735.750000	35.064852	-45.080091	0.000000	
735.800000	35.044573	-45.094708	0.000000	
735.850000	35.024307	-45.109344	0.000000	
735.900000	35.004053	-45.123996	0.000000	
735.950000	34.983816	-45.138670	0.000000	
736.000000	34.963587	-45.153355	0.000000	
736.050000	34.943365	-45.168052	0.000000	
736.100000	34.923161	-45.182770	0.000000	
736.150000	34.902982	-45.197525	0.000000	
736.200000	34.882827	-45.212312	0.000000	
736.250000	34.862690	-45.227124	0.000000	
736.300000	34.842564	-45.241951	0.000000	
736.350000	34.822458	-45.256807	0.000000	
736.400000	34.802366	-45.271680	0.000000	
736.450000	34.782281	-45.286565	0.000000	
736.500000	34.762203	-45.301460	0.000000	
736.550000	34.742132	-45.316362	0.000000	
736.600000	34.722069	-45.331277	0.000000	
736.650000	34.702002	-45.346186	0.000000	
736.700000	34.681931	-45.361090	0.000000	
736.750000	34.661856	-45.375988	0.000000	
736.800000	34.641782	-45.390888	0.000000	
736.850000	34.621709	-45.405788	0.000000	
736.900000	34.601628	-45.420679	0.000000	
736.950000	34.581531	-45.435547	0.000000	
737.000000	34.561408	-45.450380	0.000000	
737.050000	34.541278	-45.465203	0.000000	
737.100000	34.521151	-45.480031	0.000000	
737.150000	34.501014	-45.494845	0.000000	
737.200000	34.480863	-45.509640	0.000000	
737.250000	34.460701	-45.524420	0.000000	
737.300000	34.440523	-45.539178	0.000000	
737.350000	34.420343	-45.553934	0.000000	
737.400000	34.400157	-45.568681	0.000000	
737.450000	34.379963	-45.583417	0.000000	
737.500000	34.359761	-45.598143	0.000000	
737.550000	34.339552	-45.612858	0.000000	
737.600000	34.319327	-45.627551	0.000000	
737.650000	34.299071	-45.642202	0.000000	
737.700000	34.278790	-45.656816	0.000000	
737.750000	34.258469	-45.671375	0.000000	
737.800000	34.238117	-45.685890	0.000000	
737.850000	34.217737	-45.700364	0.000000	
737.900000	34.197337	-45.714811	0.000000	
737.950000	34.176920	-45.729234	0.000000	
738.000000	34.156484	-45.743629	0.000000	
738.050000	34.136039	-45.758010	0.000000	
738.100000	34.115579	-45.772372	0.000000	
738.150000	34.095104	-45.786712	0.000000	
738.200000	34.074624	-45.801046	0.000000	
738.250000	34.054149	-45.815388	0.000000	
738.300000	34.033685	-45.829743	0.000000	
738.350000	34.013231	-45.844112	0.000000	
738.400000	33.992781	-45.858487	0.000000	
738.450000	33.972326	-45.872854	0.000000	
738.500000	33.951866	-45.887216	0.000000	
738.550000	33.931423	-45.901599	0.000000	
738.600000	33.910989	-45.915997	0.000000	
738.650000	33.890562	-45.930403	0.000000	
738.700000	33.870149	-45.944830	0.000000	
738.750000	33.849762	-45.959294	0.000000	
738.800000	33.829410	-45.973807	0.000000	
738.850000	33.809083	-45.988356	0.000000	
738.900000	33.788785	-46.002945	0.000000	
738.950000	33.768522	-46.017584	0.000000	
739.000000	33.748299	-46.032277	0.000000	
739.050000	33.728119	-46.047031	0.000000	
739.100000	33.707981	-46.061841	0.000000	
739.150000	33.687882	-46.076704	0.000000	
739.200000	33.667823	-46.091620	0.000000	
739.250000	33.647812	-46.106599	0.000000	
739.300000	33.627832	-46.121617	0.000000	
739.350000	33.607874	-46.136665	0.000000	
739.400000	33.587936	-46.151738	0.000000	
739.450000	33.568016	-46.166834	0.000000	
739.500000	33.548126	-46.181972	0.000000	
739.550000	33.528259	-46.197140	0.000000	
739.600000	33.508415	-46.212340	0.000000	
739.650000	33.488594	-46.227569	0.000000	
739.700000	33.468808	-46.242845	0.000000	
739.750000	33.449044	-46.258149	0.000000	
739.800000	33.429288	-46.273465	0.000000	
739.850000	33.409532	-46.288781	0.000000	
739.900000	33.389779	-46.304101	0.000000	
739.950000	33.370014	-46.319405	0.000000	
740.000000	33.350232	-46.334685	0.000000	
740.050000	33.330432	-46.349942	0.000000	
740.100000	33.310608	-46.365166	0.000000	
740.150000	33.290761	-46.380360	0.000000	
740.200000	33.270882	-46.395511	0.000000	
740.250000	33.250963	-46.410608	0.000000	
740.300000	33.230998	-46.425647	0.000000	
740.350000	33.210996	-46.440637	0.000000	
740.400000	33.190959	-46.455581	0.000000	
740.450000	33.170895	-46.470489	0.000000	
740.500000	33.150799	-46.485354	0.000000	
740.550000	33.130671	-46.500175	0.000000	
740.600000	33.110519	-46.514964	0.000000	
740.650000	33.090335	-46.529711	0.000000	
740.700000	33.070120	-46.544416	0.000000	
740.750000	33.049873	-46.559079	0.000000	
740.800000	33.029596	-46.573701	0.000000	
740.850000	33.009288	-46.588279	0.000000	
740.900000	32.988961	-46.602832	0.000000	
740.950000	32.968619	-46.617365	0.000000	
741.000000	32.948264	-46.631877	0.000000	
741.050000	32.927900	-46.646378	0.000000	
741.100000	32.907529	-46.660869	0.000000	
741.150000	32.887166	-46.675371	0.000000	
741.200000	32.866803	-46.689873	0.000000	
741.250000	32.846455	-46.704396	0.000000	
741.300000	32.826118	-46.718933	0.000000	
741.350000	32.805781	-46.733471	0.000000	
741.400000	32.785436	-46.747998	0.000000	
741.450000	32.765082	-46.762510	0.000000	
741.500000	32.744710	-46.776999	0.000000	
741.550000	32.724329	-46.791474	0.000000	
741.600000	32.703928	-46.805921	0.000000	
741.650000	32.683499	-46.820325	0.000000	
741.700000	32.663038	-46.834683	0.000000	
741.750000	32.642541	-46.848987	0.000000	
741.800000	32.622011	-46.863244	0.000000	
741.850000	32.601450	-46.877455	0.000000	
741.900000	32.580858	-46.891617	0.000000	
741.950000	32.560221	-46.905711	0.000000	
742.000000	32.539540	-46.919738	0.000000	
742.050000	32.518819	-46.933702	0.000000	
742.100000	32.498056	-46.947601	0.000000	
742.150000	32.477241	-46.961421	0.000000	
742.200000	32.456360	-46.975141	0.000000	
742.250000	32.435416	-46.988765	0.000000	
742.300000	32.414407	-47.002294	0.000000	
742.350000	32.393342	-47.015739	0.000000	
742.400000	32.372222	-47.029100	0.000000	
742.450000	32.351061	-47.042400	0.000000	
742.500000	32.329869	-47.055654	0.000000	
742.550000	32.308659	-47.068880	0.000000	
742.600000	32.287434	-47.082084	0.000000	
742.650000	32.266205	-47.095282	0.000000	
742.700000	32.244970	-47.108470	0.000000	
742.750000	32.223723	-47.121639	0.000000	
742.800000	32.202470	-47.134800	0.000000	
742.850000	32.181217	-47.147959	0.000000	
742.900000	32.159971	-47.161130	0.000000	
742.950000	32.138741	-47.174326	0.000000	
743.000000	32.117537	-47.187563	0.000000	
743.050000	32.096366	-47.200852	0.000000	
743.100000	32.075231	-47.214198	0.000000	
743.150000	32.054121	-47.227581	0.000000	
743.200000	32.033048	-47.241024	0.000000	
743.250000	32.012019	-47.254536	0.000000	
743.300000	31.991026	-47.268104	0.000000	
743.350000	31.970070	-47.281730	0.000000	
743.400000	31.949148	-47.295408	0.000000	
743.450000	31.928261	-47.309142	0.000000	
743.500000	31.907405	-47.322921	0.000000	
743.550000	31.886570	-47.336733	0.000000	
743.600000	31.865747	-47.350564	0.000000	
743.650000	31.844924	-47.364395	0.000000	
743.700000	31.824094	-47.378214	0.000000	
743.750000	31.803273	-47.392048	0.000000	
743.800000	31.782469	-47.405909	0.000000	
743.850000	31.761681	-47.419794	0.000000	
743.900000	31.740900	-47.433690	0.000000	
743.950000	31.720133	-47.447607	0.000000	
744.000000	31.699372	-47.461532	0.000000	
744.050000	31.678607	-47.475452	0.000000	
744.100000	31.657831	-47.489355	0.000000	
744.150000	31.637042	-47.503239	0.000000	
744.200000	31.616239	-47.517101	0.000000	
744.250000	31.595405	-47.530916	0.000000	
744.300000	31.574547	-47.544692	0.000000	
744.350000	31.553659	-47.558424	0.000000	
744.400000	31.532724	-47.572080	0.000000	
744.450000	31.511735	-47.585651	0.000000	
744.500000	31.490692	-47.599135	0.000000	
744.550000	31.469583	-47.612509	0.000000	
744.600000	31.448392	-47.625745	0.000000	
744.650000	31.427121	-47.638841	0.000000	
744.700000	31.405763	-47.651776	0.000000	
744.750000	31.384314	-47.664542	0.000000	
744.800000	31.362757	-47.677102	0.000000	
744.850000	31.341080	-47.689426	0.000000	
744.900000	31.319272	-47.701484	0.000000	
744.950000	31.297321	-47.713244	0.000000	
745.000000	31.275213	-47.724675	0.000000	
745.050000	31.252944	-47.735746	0.000000	
745.100000	31.230517	-47.746460	0.000000	
745.150000	31.207928	-47.756797	0.000000	
745.200000	31.185173	-47.766731	0.000000	
745.250000	31.162253	-47.776239	0.000000	
745.300000	31.139170	-47.785302	0.000000	
745.350000	31.115913	-47.793879	0.000000	
745.400000	31.092491	-47.801970	0.000000	
745.450000	31.068913	-47.809583	0.000000	
745.500000	31.045183	-47.816710	0.000000	
745.550000	31.021303	-47.823346	0.000000	
745.600000	30.997284	-47.829494	0.000000	
745.650000	30.973144	-47.835193	0.000000	
745.700000	30.948886	-47.840450	0.000000	
745.750000	30.924525	-47.845290	0.000000	
745.800000	30.900068	-47.849716	0.000000	
745.850000	30.875526	-47.853767	0.000000	
745.900000	30.850909	-47.857461	0.000000	
745.950000	30.826228	-47.860825	0.000000	
746.000000	30.801492	-47.863884	0.000000	
746.050000	30.776708	-47.866661	0.000000	
746.100000	30.751886	-47.869182	0.000000	
746.150000	30.727028	-47.871456	0.000000	
746.200000	30.702139	-47.873506	0.000000	
746.250000	30.677226	-47.875367	0.000000	
746.300000	30.652295	-47.877078	0.000000	
746.350000	30.627352	-47.878657	0.000000	
746.400000	30.602401	-47.880138	0.000000	
746.450000	30.577444	-47.881533	0.000000	
746.500000	30.552480	-47.882837	0.000000	
746.550000	30.527513	-47.884082	0.000000	
746.600000	30.502543	-47.885275	0.000000	
746.650000	30.477571	-47.886423	0.000000	
746.700000	30.452597	-47.887509	0.000000	
746.750000	30.427620	-47.888544	0.000000	
746.800000	30.402641	-47.889550	0.000000	
746.850000	30.377663	-47.890551	0.000000	
746.900000	30.352684	-47.891541	0.000000	
746.950000	30.327705	-47.892545	0.000000	
747.000000	30.302727	-47.893549	0.000000	
747.050000	30.277749	-47.894557	0.000000	
747.100000	30.252771	-47.895574	0.000000	
747.150000	30.227794	-47.896612	0.000000	
747.200000	30.202820	-47.897688	0.000000	
747.250000	30.177848	-47.898808	0.000000	
747.300000	30.152878	-47.899966	0.000000	
747.350000	30.127910	-47.901142	0.000000	
747.400000	30.102944	-47.902359	0.000000	
747.450000	30.077981	-47.903624	0.000000	
747.500000	30.053020	-47.904928	0.000000	
747.550000	30.028060	-47.906271	0.000000	
747.600000	30.003102	-47.907643	0.000000	
747.650000	29.978145	-47.909033	0.000000	
747.700000	29.953190	-47.910466	0.000000	
747.750000	29.928236	-47.911941	0.000000	
747.800000	29.903284	-47.913459	0.000000	
747.850000	29.878333	-47.915000	0.000000	
747.900000	29.853383	-47.916563	0.000000	
747.950000	29.828433	-47.918129	0.000000	
748.000000	29.803482	-47.919672	0.000000	
748.050000	29.778531	-47.921219	0.000000	
748.100000	29.753581	-47.922775	0.000000	
748.150000	29.728630	-47.924318	0.000000	
748.200000	29.703679	-47.925848	0.000000	
748.250000	29.678725	-47.927334	0.000000	
748.300000	29.653768	-47.928767	0.000000	
748.350000	29.628808	-47.930158	0.000000	
748.400000	29.603847	-47.931508	0.000000	
748.450000	29.578882	-47.932793	0.000000	
748.500000	29.553914	-47.933988	0.000000	
748.550000	29.528942	-47.935106	0.000000	
748.600000	29.503969	-47.936178	0.000000	
748.650000	29.478993	-47.937193	0.000000	
748.700000	29.454016	-47.938162	0.000000	
748.750000	29.429037	-47.939075	0.000000	
748.800000	29.404057	-47.939955	0.000000	
748.850000	29.379075	-47.940798	0.000000	
748.900000	29.354092	-47.941593	0.000000	
748.950000	29.329106	-47.942341	0.000000	
749.000000	29.304119	-47.943057	0.000000	
749.050000	29.279132	-47.943766	0.000000	
749.100000	29.254144	-47.944456	0.000000	
749.150000	29.229155	-47.945132	0.000000	
749.200000	29.204165	-47.945789	0.000000	
749.250000	29.179175	-47.946421	0.000000	
749.300000	29.154184	-47.947040	0.000000	
749.350000	29.129193	-47.947646	0.000000	
749.400000	29.104201	-47.948230	0.000000	
749.450000	29.079209	-47.948810	0.000000	
749.500000	29.054217	-47.949414	0.000000	
749.550000	29.029226	-47.950041	0.000000	
749.600000	29.004236	-47.950679	0.000000	
749.650000	28.979245	-47.951311	0.000000	
749.700000	28.954254	-47.951946	0.000000	
749.750000	28.929263	-47.952599	0.000000	
749.800000	28.904273	-47.953258	0.000000	
749.850000	28.879282	-47.953901	0.000000	
749.900000	28.854291	-47.954521	0.000000	
749.950000	28.829299	-47.955119	0.000000	
750.000000	28.804308	-47.955693	0.000000	
750.050000	28.779316	-47.956235	0.000000	
750.100000	28.754323	-47.956750	0.000000	
750.150000	28.729329	-47.957216	0.000000	
750.200000	28.704334	-47.957617	0.000000	
750.250000	28.679339	-47.957982	0.000000	
750.300000	28.654343	-47.958302	0.000000	
750.350000	28.629347	-47.958569	0.000000	
750.400000	28.604351	-47.958787	0.000000	
750.450000	28.579355	-47.958968	0.000000	
750.500000	28.554359	-47.959090	0.000000	
750.550000	28.529361	-47.959143	0.000000	
750.600000	28.504364	-47.959150	0.000000	
750.650000	28.479366	-47.959116	0.000000	
750.700000	28.454369	-47.959044	0.000000	
750.750000	28.429371	-47.958951	0.000000	
750.800000	28.404374	-47.958815	0.000000	
750.850000	28.379375	-47.958661	0.000000	
750.900000	28.354377	-47.958495	0.000000	
750.950000	28.329379	-47.958314	0.000000	
751.000000	28.304381	-47.958118	0.000000	
751.050000	28.279383	-47.957906	0.000000	
751.100000	28.254385	-47.957683	0.000000	
751.150000	28.229387	-47.957435	0.000000	
751.200000	28.204389	-47.957192	0.000000	
751.250000	28.179390	-47.956964	0.000000	
751.300000	28.154392	-47.956756	0.000000	
751.350000	28.129394	-47.956568	0.000000	
751.400000	28.104396	-47.956422	0.000000	
751.450000	28.079398	-47.956307	0.000000	
751.500000	28.054399	-47.956211	0.000000	
751.550000	28.029401	-47.956146	0.000000	
751.600000	28.004402	-47.956098	0.000000	
751.650000	27.979403	-47.956050	0.000000	
751.700000	27.954404	-47.956005	0.000000	
751.750000	27.929406	-47.955943	0.000000	
751.800000	27.904408	-47.955841	0.000000	
751.850000	27.879412	-47.955699	0.000000	
751.900000	27.854415	-47.955519	0.000000	
751.950000	27.829420	-47.955292	0.000000	
752.000000	27.804426	-47.955028	0.000000	
752.050000	27.779432	-47.954724	0.000000	
752.100000	27.754440	-47.954382	0.000000	
752.150000	27.729449	-47.954002	0.000000	
752.200000	27.704459	-47.953573	0.000000	
752.250000	27.679469	-47.953092	0.000000	
752.300000	27.654482	-47.952554	0.000000	
752.350000	27.629494	-47.951951	0.000000	
752.400000	27.604509	-47.951285	0.000000	
752.450000	27.579525	-47.950531	0.000000	
752.500000	27.554544	-47.949678	0.000000	
752.550000	27.529566	-47.948747	0.000000	
752.600000	27.504589	-47.947747	0.000000	
752.650000	27.479614	-47.946675	0.000000	
752.700000	27.454641	-47.945556	0.000000	
752.750000	27.429670	-47.944383	0.000000	
752.800000	27.404701	-47.943186	0.000000	
752.850000	27.379731	-47.941973	0.000000	
752.900000	27.354763	-47.940736	0.000000	
752.950000	27.329797	-47.939469	0.000000	
753.000000	27.304830	-47.938196	0.000000	
753.050000	27.279864	-47.936917	0.000000	
753.100000	27.254897	-47.935656	0.000000	
753.150000	27.229930	-47.934408	0.000000	
753.200000	27.204962	-47.933160	0.000000	
753.250000	27.179994	-47.931919	0.000000	
753.300000	27.155027	-47.930669	0.000000	
753.350000	27.130060	-47.929416	0.000000	
753.400000	27.105093	-47.928168	0.000000	
753.450000	27.080125	-47.926921	0.000000	
753.500000	27.055157	-47.925689	0.000000	
753.550000	27.030186	-47.924505	0.000000	
753.600000	27.005214	-47.923352	0.000000	
753.650000	26.980240	-47.922233	0.000000	
753.700000	26.955265	-47.921176	0.000000	
753.750000	26.930287	-47.920174	0.000000	
753.800000	26.905307	-47.919250	0.000000	
753.850000	26.880326	-47.918394	0.000000	
753.900000	26.855344	-47.917620	0.000000	
753.950000	26.830360	-47.916962	0.000000	
754.000000	26.805375	-47.916417	0.000000	
754.050000	26.780390	-47.915981	0.000000	
754.100000	26.755406	-47.915642	0.000000	
754.150000	26.730422	-47.915406	0.000000	
754.200000	26.705439	-47.915252	0.000000	
754.250000	26.680455	-47.915182	0.000000	
754.300000	26.655471	-47.915194	0.000000	
754.350000	26.630486	-47.915314	0.000000	
754.400000	26.605502	-47.915553	0.000000	
754.450000	26.580519	-47.915905	0.000000	
754.500000	26.555536	-47.916366	0.000000	
754.550000	26.530553	-47.916951	0.000000	
754.600000	26.505572	-47.917639	0.000000	
754.650000	26.480591	-47.918420	0.000000	
754.700000	26.455611	-47.919282	0.000000	
754.750000	26.430632	-47.920206	0.000000	
754.800000	26.405654	-47.921181	0.000000	
754.850000	26.380676	-47.922189	0.000000	
754.900000	26.355698	-47.923221	0.000000	
754.950000	26.330721	-47.924249	0.000000	
755.000000	26.305743	-47.925245	0.000000	
755.050000	26.280764	-47.926207	0.000000	
755.100000	26.255784	-47.927127	0.000000	
755.150000	26.230802	-47.928019	0.000000	
755.200000	26.205820	-47.928858	0.000000	
755.250000	26.180836	-47.929658	0.000000	
755.300000	26.155852	-47.930416	0.000000	
755.350000	26.130868	-47.931140	0.000000	
755.400000	26.105882	-47.931822	0.000000	
755.450000	26.080895	-47.932447	0.000000	
755.500000	26.055905	-47.933003	0.000000	
755.550000	26.030915	-47.933524	0.000000	
755.600000	26.005923	-47.934012	0.000000	
755.650000	25.980930	-47.934461	0.000000	
755.700000	25.955936	-47.934892	0.000000	
755.750000	25.930942	-47.935304	0.000000	
755.800000	25.905947	-47.935720	0.000000	
755.850000	25.880953	-47.936130	0.000000	
755.900000	25.855958	-47.936522	0.000000	
755.950000	25.830962	-47.936891	0.000000	
756.000000	25.805967	-47.937261	0.000000	
756.050000	25.780971	-47.937649	0.000000	
756.100000	25.755976	-47.938051	0.000000	
756.150000	25.730982	-47.938477	0.000000	
756.200000	25.705988	-47.938906	0.000000	
756.250000	25.680994	-47.939356	0.000000	
756.300000	25.656000	-47.939813	0.000000	
756.350000	25.631006	-47.940279	0.000000	
756.400000	25.606012	-47.940748	0.000000	
756.450000	25.581018	-47.941193	0.000000	
756.500000	25.556024	-47.941620	0.000000	
756.550000	25.531030	-47.942049	0.000000	
756.600000	25.506036	-47.942453	0.000000	
756.650000	25.481042	-47.942813	0.000000	
756.700000	25.456047	-47.943134	0.000000	
756.750000	25.431052	-47.943421	0.000000	
756.800000	25.406056	-47.943663	0.000000	
756.850000	25.381060	-47.943852	0.000000	
756.900000	25.356063	-47.944009	0.000000	
756.950000	25.331065	-47.944138	0.000000	
757.000000	25.306068	-47.944247	0.000000	
757.050000	25.281070	-47.944308	0.000000	
757.100000	25.256073	-47.944319	0.000000	
757.150000	25.231075	-47.944295	0.000000	
757.200000	25.206077	-47.944241	0.000000	
757.250000	25.181079	-47.944175	0.000000	
757.300000	25.156080	-47.944075	0.000000	
757.350000	25.131081	-47.943966	0.000000	
757.400000	25.106082	-47.943875	0.000000	
757.450000	25.081084	-47.943809	0.000000	
757.500000	25.056086	-47.943775	0.000000	
757.550000	25.031088	-47.943786	0.000000	
757.600000	25.006090	-47.943811	0.000000	
757.650000	24.981092	-47.943860	0.000000	
757.700000	24.956094	-47.943936	0.000000	
757.750000	24.931097	-47.944046	0.000000	
757.800000	24.906099	-47.944171	0.000000	
757.850000	24.881102	-47.944309	0.000000	
757.900000	24.856104	-47.944457	0.000000	
757.950000	24.831107	-47.944618	0.000000	
758.000000	24.806110	-47.944792	0.000000	
758.050000	24.781112	-47.944982	0.000000	
758.100000	24.756115	-47.945191	0.000000	
758.150000	24.731117	-47.945404	0.000000	
758.200000	24.706119	-47.945598	0.000000	
758.250000	24.681122	-47.945761	0.000000	
758.300000	24.656125	-47.945872	0.000000	
758.350000	24.631129	-47.945963	0.000000	
758.400000	24.606132	-47.946040	0.000000	
758.450000	24.581136	-47.946098	0.000000	
758.500000	24.556139	-47.946143	0.000000	
758.550000	24.531142	-47.946182	0.000000	
758.600000	24.506145	-47.946185	0.000000	
758.650000	24.481147	-47.946169	0.000000	
758.700000	24.456149	-47.946143	0.000000	
758.750000	24.431152	-47.946097	0.000000	
758.800000	24.406154	-47.946015	0.000000	
758.850000	24.381156	-47.945907	0.000000	
758.900000	24.356158	-47.945796	0.000000	
758.950000	24.331160	-47.945687	0.000000	
759.000000	24.306162	-47.945556	0.000000	
759.050000	24.281164	-47.945401	0.000000	
759.100000	24.256166	-47.945241	0.000000	
759.150000	24.231168	-47.945069	0.000000	
759.200000	24.206171	-47.944899	0.000000	
759.250000	24.181173	-47.944722	0.000000	
759.300000	24.156176	-47.944529	0.000000	
759.350000	24.131178	-47.944342	0.000000	
759.400000	24.106181	-47.944130	0.000000	
759.450000	24.081185	-47.943892	0.000000	
759.500000	24.056189	-47.943635	0.000000	
759.550000	24.031193	-47.943344	0.000000	
759.600000	24.006197	-47.943024	0.000000	
759.650000	23.981201	-47.942690	0.000000	
759.700000	23.956206	-47.942344	0.000000	
759.750000	23.931210	-47.941965	0.000000	
759.800000	23.906215	-47.941562	0.000000	
759.850000	23.881220	-47.941154	0.000000	
759.900000	23.856225	-47.940721	0.000000	
759.950000	23.831231	-47.940268	0.000000	
760.000000	23.806236	-47.939801	0.000000	
760.050000	23.781242	-47.939328	0.000000	
760.100000	23.756248	-47.938856	0.000000	
760.150000	23.731253	-47.938366	0.000000	
760.200000	23.706259	-47.937884	0.000000	
760.250000	23.681264	-47.937421	0.000000	
760.300000	23.656270	-47.937004	0.000000	
760.350000	23.631274	-47.936633	0.000000	
760.400000	23.606278	-47.936308	0.000000	
760.450000	23.581281	-47.936031	0.000000	
760.500000	23.556284	-47.935796	0.000000	
760.550000	23.531287	-47.935589	0.000000	
760.600000	23.506289	-47.935408	0.000000	
760.650000	23.481291	-47.935248	0.000000	
760.700000	23.456294	-47.935118	0.000000	
760.750000	23.431296	-47.935023	0.000000	
760.800000	23.406298	-47.934976	0.000000	
760.850000	23.381301	-47.934988	0.000000	
760.900000	23.356303	-47.935048	0.000000	
760.950000	23.331306	-47.935175	0.000000	
761.000000	23.306309	-47.935356	0.000000	
761.050000	23.281312	-47.935572	0.000000	
761.100000	23.256315	-47.935822	0.000000	
761.150000	23.231319	-47.936113	0.000000	
761.200000	23.206322	-47.936442	0.000000	
761.250000	23.181326	-47.936805	0.000000	
761.300000	23.156330	-47.937191	0.000000	
761.350000	23.131334	-47.937572	0.000000	
761.400000	23.106338	-47.937949	0.000000	
761.450000	23.081342	-47.938289	0.000000	
761.500000	23.056346	-47.938591	0.000000	
761.550000	23.031353	-47.938828	0.000000	
761.600000	23.006361	-47.938975	0.000000	
761.650000	22.981373	-47.939028	0.000000	
761.700000	22.956389	-47.938976	0.000000	
761.750000	22.931412	-47.938784	0.000000	
761.800000	22.906444	-47.938423	0.000000	
761.850000	22.881492	-47.937846	0.000000	
761.900000	22.856563	-47.937003	0.000000	
761.950000	22.831664	-47.935863	0.000000	
762.000000	22.806806	-47.934379	0.000000	
762.050000	22.781999	-47.932515	0.000000	
762.100000	22.757253	-47.930242	0.000000	
762.150000	22.732576	-47.927548	0.000000	
762.200000	22.707983	-47.924384	0.000000	
762.250000	22.683480	-47.920753	0.000000	
762.300000	22.659081	-47.916612	0.000000	
762.350000	22.634793	-47.911941	0.000000	
762.400000	22.610632	-47.906726	0.000000	
762.450000	22.586605	-47.900962	0.000000	
762.500000	22.562712	-47.894671	0.000000	
762.550000	22.538964	-47.887850	0.000000	
762.600000	22.515370	-47.880498	0.000000	
762.650000	22.491940	-47.872616	0.000000	
762.700000	22.468686	-47.864195	0.000000	
762.750000	22.445617	-47.855232	0.000000	
762.800000	22.422726	-47.845759	0.000000	
762.850000	22.400005	-47.835806	0.000000	
762.900000	22.377455	-47.825408	0.000000	
762.950000	22.355076	-47.814590	0.000000	
763.000000	22.332859	-47.803392	0.000000	
763.050000	22.310798	-47.791850	0.000000	
763.100000	22.288881	-47.779999	0.000000	
763.150000	22.267096	-47.767877	0.000000	
763.200000	22.245428	-47.755514	0.000000	
763.250000	22.223866	-47.742947	0.000000	
763.300000	22.202401	-47.730191	0.000000	
763.350000	22.181015	-47.717290	0.000000	
763.400000	22.159702	-47.704254	0.000000	
763.450000	22.138450	-47.691112	0.000000	
763.500000	22.117257	-47.677867	0.000000	
763.550000	22.096129	-47.664513	0.000000	
763.600000	22.075047	-47.651083	0.000000	
763.650000	22.053997	-47.637600	0.000000	
763.700000	22.032964	-47.624087	0.000000	
763.750000	22.011944	-47.610556	0.000000	
763.800000	21.990930	-47.597014	0.000000	
763.850000	21.969922	-47.583462	0.000000	
763.900000	21.948932	-47.569883	0.000000	
763.950000	21.927960	-47.556277	0.000000	
764.000000	21.907004	-47.542647	0.000000	
764.050000	21.886058	-47.529002	0.000000	
764.100000	21.865127	-47.515334	0.000000	
764.150000	21.844210	-47.501646	0.000000	
764.200000	21.823310	-47.487933	0.000000	
764.250000	21.802425	-47.474196	0.000000	
764.300000	21.781553	-47.460440	0.000000	
764.350000	21.760703	-47.446650	0.000000	
764.400000	21.739879	-47.432821	0.000000	
764.450000	21.719071	-47.418968	0.000000	
764.500000	21.698283	-47.405084	0.000000	
764.550000	21.677512	-47.391174	0.000000	
764.600000	21.656761	-47.377236	0.000000	
764.650000	21.636045	-47.363247	0.000000	
764.700000	21.615378	-47.349187	0.000000	
764.750000	21.594767	-47.335046	0.000000	
764.800000	21.574215	-47.320821	0.000000	
764.850000	21.553718	-47.306520	0.000000	
764.900000	21.533285	-47.292129	0.000000	
764.950000	21.512922	-47.277643	0.000000	
765.000000	21.492629	-47.263065	0.000000	
765.050000	21.472406	-47.248393	0.000000	
765.100000	21.452268	-47.233611	0.000000	
765.150000	21.432212	-47.218724	0.000000	
765.200000	21.412246	-47.203721	0.000000	
765.250000	21.392379	-47.188594	0.000000	
765.300000	21.372612	-47.173338	0.000000	
765.350000	21.352955	-47.157941	0.000000	
765.400000	21.333405	-47.142411	0.000000	
765.450000	21.313958	-47.126751	0.000000	
765.500000	21.294625	-47.110947	0.000000	
765.550000	21.275403	-47.095003	0.000000	
765.600000	21.256297	-47.078916	0.000000	
765.650000	21.237302	-47.062696	0.000000	
765.700000	21.218422	-47.046338	0.000000	
765.750000	21.199649	-47.029856	0.000000	
765.800000	21.180979	-47.013255	0.000000	
765.850000	21.162414	-46.996537	0.000000	
765.900000	21.143943	-46.979711	0.000000	
765.950000	21.125561	-46.962785	0.000000	
766.000000	21.107254	-46.945773	0.000000	
766.050000	21.089019	-46.928684	0.000000	
766.100000	21.070851	-46.911522	0.000000	
766.150000	21.052749	-46.894288	0.000000	
766.200000	21.034702	-46.876996	0.000000	
766.250000	21.016707	-46.859649	0.000000	
766.300000	20.998759	-46.842253	0.000000	
766.350000	20.980876	-46.824790	0.000000	
766.400000	20.963047	-46.807270	0.000000	
766.450000	20.945271	-46.789699	0.000000	
766.500000	20.927546	-46.772074	0.000000	
766.550000	20.909857	-46.754411	0.000000	
766.600000	20.892197	-46.736718	0.000000	
766.650000	20.874561	-46.719002	0.000000	
766.700000	20.856946	-46.701263	0.000000	
766.750000	20.839352	-46.683503	0.000000	
766.800000	20.821775	-46.665727	0.000000	
766.850000	20.804206	-46.647943	0.000000	
766.900000	20.786635	-46.630161	0.000000	
766.950000	20.769060	-46.612383	0.000000	
767.000000	20.751481	-46.594609	0.000000	
767.050000	20.733890	-46.576847	0.000000	
767.100000	20.716274	-46.559112	0.000000	
767.150000	20.698625	-46.541410	0.000000	
767.200000	20.680940	-46.523745	0.000000	
767.250000	20.663227	-46.506110	0.000000	
767.300000	20.645473	-46.488518	0.000000	
767.350000	20.627677	-46.470969	0.000000	
767.400000	20.609826	-46.453476	0.000000	
767.450000	20.591918	-46.436042	0.000000	
767.500000	20.573965	-46.418653	0.000000	
767.550000	20.555977	-46.401298	0.000000	
767.600000	20.537970	-46.383964	0.000000	
767.650000	20.519935	-46.366658	0.000000	
767.700000	20.501862	-46.349393	0.000000	
767.750000	20.483746	-46.332172	0.000000	
767.800000	20.465570	-46.315014	0.000000	
767.850000	20.447344	-46.297908	0.000000	
767.900000	20.429084	-46.280836	0.000000	
767.950000	20.410799	-46.263790	0.000000	
768.000000	20.392506	-46.246753	0.000000	
768.050000	20.374210	-46.229718	0.000000	
768.100000	20.355932	-46.212665	0.000000	
768.150000	20.337681	-46.195583	0.000000	
768.200000	20.319465	-46.178466	0.000000	
768.250000	20.301274	-46.161323	0.000000	
768.300000	20.283096	-46.144166	0.000000	
768.350000	20.264928	-46.126998	0.000000	
768.400000	20.246779	-46.109810	0.000000	
768.450000	20.228637	-46.092613	0.000000	
768.500000	20.210510	-46.075402	0.000000	
768.550000	20.192375	-46.058199	0.000000	
768.600000	20.174227	-46.041009	0.000000	
768.650000	20.156057	-46.023842	0.000000	
768.700000	20.137875	-46.006690	0.000000	
768.750000	20.119681	-45.989550	0.000000	
768.800000	20.101482	-45.972417	0.000000	
768.850000	20.083294	-45.955270	0.000000	
768.900000	20.065103	-45.938128	0.000000	
768.950000	20.046887	-45.921013	0.000000	
769.000000	20.028631	-45.903942	0.000000	
769.050000	20.010319	-45.886934	0.000000	
769.100000	19.991943	-45.869996	0.000000	
769.150000	19.973486	-45.853149	0.000000	
769.200000	19.954943	-45.836398	0.000000	
769.250000	19.936308	-45.819750	0.000000	
769.300000	19.917600	-45.803183	0.000000	
769.350000	19.898835	-45.786679	0.000000	
769.400000	19.880020	-45.770233	0.000000	
769.450000	19.861150	-45.753847	0.000000	
769.500000	19.842235	-45.737513	0.000000	
769.550000	19.823268	-45.721237	0.000000	
769.600000	19.804249	-45.705023	0.000000	
769.650000	19.785174	-45.688872	0.000000	
769.700000	19.766062	-45.672766	0.000000	
769.750000	19.746922	-45.656690	0.000000	
769.800000	19.727758	-45.640644	0.000000	
769.850000	19.708566	-45.624629	0.000000	
769.900000	19.689337	-45.608656	0.000000	
769.950000	19.670071	-45.592726	0.000000	
770.000000	19.650783	-45.576824	0.000000	
770.050000	19.631472	-45.560948	0.000000	
770.100000	19.612155	-45.545079	0.000000	
770.150000	19.592835	-45.529213	0.000000	
770.200000	19.573534	-45.513326	0.000000	
770.250000	19.554249	-45.497418	0.000000	
770.300000	19.534987	-45.481483	0.000000	
770.350000	19.515742	-45.465528	0.000000	
770.400000	19.496495	-45.449574	0.000000	
770.450000	19.477250	-45.433618	0.000000	
770.500000	19.458010	-45.417657	0.000000	
770.550000	19.438769	-45.401697	0.000000	
770.600000	19.419530	-45.385734	0.000000	
770.650000	19.400296	-45.369764	0.000000	
770.700000	19.381074	-45.353780	0.000000	
770.750000	19.361851	-45.337798	0.000000	
770.800000	19.342608	-45.321840	0.000000	
770.850000	19.323361	-45.305887	0.000000	
770.900000	19.304109	-45.289939	0.000000	
770.950000	19.284852	-45.273998	0.000000	
771.000000	19.265605	-45.258044	0.000000	
771.050000	19.246377	-45.242068	0.000000	
771.100000	19.227184	-45.226051	0.000000	
771.150000	19.208025	-45.209994	0.000000	
771.200000	19.188890	-45.193910	0.000000	
771.250000	19.169778	-45.177798	0.000000	
771.300000	19.150702	-45.161646	0.000000	
771.350000	19.131658	-45.145457	0.000000	
771.400000	19.112650	-45.129228	0.000000	
771.450000	19.093689	-45.112946	0.000000	
771.500000	19.074789	-45.096596	0.000000	
771.550000	19.055947	-45.080182	0.000000	
771.600000	19.037174	-45.063692	0.000000	
771.650000	19.018470	-45.047125	0.000000	
771.700000	18.999836	-45.030481	0.000000	
771.750000	18.981278	-45.013752	0.000000	
771.800000	18.962793	-44.996944	0.000000	
771.850000	18.944382	-44.980050	0.000000	
771.900000	18.926035	-44.963085	0.000000	
771.950000	18.907752	-44.946047	0.000000	
772.000000	18.889530	-44.928942	0.000000	
772.050000	18.871355	-44.911784	0.000000	
772.100000	18.853228	-44.894574	0.000000	
772.150000	18.835127	-44.877335	0.000000	
772.200000	18.817050	-44.860071	0.000000	
772.250000	18.799006	-44.842770	0.000000	
772.300000	18.780991	-44.825439	0.000000	
772.350000	18.763004	-44.808078	0.000000	
772.400000	18.745038	-44.790695	0.000000	
772.450000	18.727074	-44.773309	0.000000	
772.500000	18.709117	-44.755916	0.000000	
772.550000	18.691158	-44.738525	0.000000	
772.600000	18.673187	-44.721148	0.000000	
772.650000	18.655200	-44.703785	0.000000	
772.700000	18.637206	-44.686431	0.000000	
772.750000	18.619213	-44.669075	0.000000	
772.800000	18.601222	-44.651718	0.000000	
772.850000	18.583239	-44.634351	0.000000	
772.900000	18.565266	-44.616976	0.000000	
772.950000	18.547313	-44.599579	0.000000	
773.000000	18.529385	-44.582159	0.000000	
773.050000	18.511488	-44.564706	0.000000	
773.100000	18.493640	-44.547205	0.000000	
773.150000	18.475821	-44.529676	0.000000	
773.200000	18.458040	-44.512107	0.000000	
773.250000	18.440300	-44.494498	0.000000	
773.300000	18.422592	-44.476858	0.000000	
773.350000	18.404899	-44.459201	0.000000	
773.400000	18.387218	-44.441533	0.000000	
773.450000	18.369553	-44.423847	0.000000	
773.500000	18.351923	-44.406127	0.000000	
773.550000	18.334323	-44.388377	0.000000	
773.600000	18.316736	-44.370612	0.000000	
773.650000	18.299160	-44.352837	0.000000	
773.700000	18.281587	-44.335058	0.000000	
773.750000	18.264016	-44.317278	0.000000	
773.800000	18.246450	-44.299492	0.000000	
773.850000	18.228876	-44.281715	0.000000	
773.900000	18.211299	-44.263940	0.000000	
773.950000	18.193731	-44.246156	0.000000	
774.000000	18.176166	-44.228370	0.000000	
774.050000	18.158585	-44.210599	0.000000	
774.100000	18.140983	-44.192849	0.000000	
774.150000	18.123347	-44.175132	0.000000	
774.200000	18.105684	-44.157442	0.000000	
774.250000	18.087988	-44.139785	0.000000	
774.300000	18.070263	-44.122157	0.000000	
774.350000	18.052500	-44.104567	0.000000	
774.400000	18.034704	-44.087010	0.000000	
774.450000	18.016870	-44.069494	0.000000	
774.500000	17.998986	-44.052030	0.000000	
774.550000	17.981036	-44.034637	0.000000	
774.600000	17.963028	-44.017304	0.000000	
774.650000	17.944972	-44.000022	0.000000	
774.700000	17.926879	-43.982780	0.000000	
774.750000	17.908745	-43.965583	0.000000	
774.800000	17.890555	-43.948448	0.000000	
774.850000	17.872298	-43.931385	0.000000	
774.900000	17.853973	-43.914399	0.000000	
774.950000	17.835563	-43.897507	0.000000	
775.000000	17.817073	-43.880702	0.000000	
775.050000	17.798508	-43.863978	0.000000	
775.100000	17.779877	-43.847327	0.000000	
775.150000	17.761170	-43.830760	0.000000	
775.200000	17.742393	-43.814270	0.000000	
775.250000	17.723549	-43.797856	0.000000	
775.300000	17.704639	-43.781516	0.000000	
775.350000	17.685657	-43.765257	0.000000	
775.400000	17.666624	-43.749056	0.000000	
775.450000	17.647547	-43.732904	0.000000	
775.500000	17.628445	-43.716781	0.000000	
775.550000	17.609323	-43.700681	0.000000	
775.600000	17.590192	-43.684591	0.000000	
775.650000	17.571035	-43.668531	0.000000	
775.700000	17.551846	-43.652510	0.000000	
775.750000	17.532632	-43.636517	0.000000	
775.800000	17.513400	-43.620545	0.000000	
775.850000	17.494165	-43.604578	0.000000	
775.900000	17.474933	-43.588606	0.000000	
775.950000	17.455712	-43.572621	0.000000	
776.000000	17.436500	-43.556625	0.000000	
776.050000	17.417282	-43.540637	0.000000	
776.100000	17.398045	-43.524673	0.000000	
776.150000	17.378786	-43.508734	0.000000	
776.200000	17.359512	-43.492815	0.000000	
776.250000	17.340218	-43.476921	0.000000	
776.300000	17.320915	-43.461036	0.000000	
776.350000	17.301611	-43.445154	0.000000	
776.400000	17.282301	-43.429280	0.000000	
776.450000	17.262977	-43.413423	0.000000	
776.500000	17.243636	-43.397586	0.000000	
776.550000	17.224276	-43.381772	0.000000	
776.600000	17.204890	-43.365990	0.000000	
776.650000	17.185469	-43.350250	0.000000	
776.700000	17.166025	-43.334540	0.000000	
776.750000	17.146573	-43.318840	0.000000	
776.800000	17.127108	-43.303155	0.000000	
776.850000	17.107638	-43.287476	0.000000	
776.900000	17.088167	-43.271798	0.000000	
776.950000	17.068692	-43.256126	0.000000	
777.000000	17.049208	-43.240464	0.000000	
777.050000	17.029714	-43.224815	0.000000	
777.100000	17.010210	-43.209178	0.000000	
777.150000	16.990694	-43.193555	0.000000	
777.200000	16.971176	-43.177936	0.000000	
777.250000	16.951672	-43.162299	0.000000	
777.300000	16.932187	-43.146638	0.000000	
777.350000	16.912709	-43.130968	0.000000	
777.400000	16.893229	-43.115302	0.000000	
777.450000	16.873757	-43.099624	0.000000	
777.500000	16.854284	-43.083949	0.000000	
777.550000	16.834800	-43.068288	0.000000	
777.600000	16.815286	-43.052664	0.000000	
777.650000	16.795747	-43.037074	0.000000	
777.700000	16.776180	-43.021521	0.000000	
777.750000	16.756589	-43.005999	0.000000	
777.800000	16.736966	-42.990521	0.000000	
777.850000	16.717300	-42.975099	0.000000	
777.900000	16.697595	-42.959728	0.000000	
777.950000	16.677835	-42.944427	0.000000	
778.000000	16.658012	-42.929208	0.000000	
778.050000	16.638122	-42.914079	0.000000	
778.100000	16.618182	-42.899017	0.000000	
778.150000	16.598196	-42.884016	0.000000	
778.200000	16.578175	-42.869064	0.000000	
778.250000	16.558103	-42.854179	0.000000	
778.300000	16.537973	-42.839374	0.000000	
778.350000	16.517770	-42.824668	0.000000	
778.400000	16.497501	-42.810049	0.000000	
778.450000	16.477167	-42.795520	0.000000	
778.500000	16.456767	-42.781080	0.000000	
778.550000	16.436305	-42.766724	0.000000	
778.600000	16.415790	-42.752444	0.000000	
778.650000	16.395229	-42.738230	0.000000	
778.700000	16.374634	-42.724064	0.000000	
778.750000	16.354020	-42.709924	0.000000	
778.800000	16.333388	-42.695812	0.000000	
778.850000	16.312731	-42.681734	0.000000	
778.900000	16.292050	-42.667693	0.000000	
778.950000	16.271338	-42.653695	0.000000	
779.000000	16.250599	-42.639737	0.000000	
779.050000	16.229834	-42.625818	0.000000	
779.100000	16.209054	-42.611920	0.000000	
779.150000	16.188252	-42.598056	0.000000	
779.200000	16.167436	-42.584213	0.000000	
779.250000	16.146598	-42.570402	0.000000	
779.300000	16.125741	-42.556621	0.000000	
779.350000	16.104860	-42.542875	0.000000	
779.400000	16.083965	-42.529151	0.000000	
779.450000	16.063052	-42.515455	0.000000	
779.500000	16.042123	-42.501783	0.000000	
779.550000	16.021182	-42.488131	0.000000	
779.600000	16.000234	-42.474488	0.000000	
779.650000	15.979287	-42.460844	0.000000	
779.700000	15.958353	-42.447179	0.000000	
779.750000	15.937435	-42.433493	0.000000	
779.800000	15.916529	-42.419788	0.000000	
779.850000	15.895640	-42.406059	0.000000	
779.900000	15.874768	-42.392305	0.000000	
779.950000	15.853924	-42.378510	0.000000	
780.000000	15.833112	-42.364671	0.000000	
780.050000	15.812335	-42.350780	0.000000	
780.100000	15.791609	-42.336816	0.000000	
780.150000	15.770922	-42.322796	0.000000	
780.200000	15.750284	-42.308706	0.000000	
780.250000	15.729686	-42.294560	0.000000	
780.300000	15.709138	-42.280340	0.000000	
780.350000	15.688639	-42.266051	0.000000	
780.400000	15.668202	-42.251674	0.000000	
780.450000	15.647823	-42.237213	0.000000	
780.500000	15.627492	-42.222680	0.000000	
780.550000	15.607208	-42.208079	0.000000	
780.600000	15.586957	-42.193430	0.000000	
780.650000	15.566742	-42.178728	0.000000	
780.700000	15.546554	-42.163987	0.000000	
780.750000	15.526383	-42.149221	0.000000	
780.800000	15.506217	-42.134447	0.000000	
780.850000	15.486044	-42.119685	0.000000	
780.900000	15.465849	-42.104954	0.000000	
780.950000	15.445648	-42.090232	0.000000	
781.000000	15.425425	-42.075540	0.000000	
781.050000	15.405168	-42.060898	0.000000	
781.100000	15.384870	-42.046316	0.000000	
781.150000	15.364525	-42.031801	0.000000	
781.200000	15.344148	-42.017331	0.000000	
781.250000	15.323729	-42.002921	0.000000	
781.300000	15.303266	-41.988574	0.000000	
781.350000	15.282746	-41.974308	0.000000	
781.400000	15.262173	-41.960120	0.000000	
781.450000	15.241534	-41.946028	0.000000	
781.500000	15.220832	-41.932027	0.000000	
781.550000	15.200075	-41.918106	0.000000	
781.600000	15.179271	-41.904256	0.000000	
781.650000	15.158426	-41.890466	0.000000	
781.700000	15.137530	-41.876753	0.000000	
781.750000	15.116577	-41.863126	0.000000	
781.800000	15.095574	-41.849577	0.000000	
781.850000	15.074527	-41.836093	0.000000	
781.900000	15.053448	-41.822660	0.000000	
781.950000	15.032340	-41.809270	0.000000	
782.000000	15.011197	-41.795935	0.000000	
782.050000	14.990020	-41.782653	0.000000	
782.100000	14.968816	-41.769416	0.000000	
782.150000	14.947588	-41.756216	0.000000	
782.200000	14.926336	-41.743054	0.000000	
782.250000	14.905052	-41.729944	0.000000	
782.300000	14.883737	-41.716883	0.000000	
782.350000	14.862395	-41.703866	0.000000	
782.400000	14.841033	-41.690881	0.000000	
782.450000	14.819657	-41.677918	0.000000	
782.500000	14.798275	-41.664966	0.000000	
782.550000	14.776878	-41.652039	0.000000	
782.600000	14.755460	-41.639147	0.000000	
782.650000	14.734018	-41.626293	0.000000	
782.700000	14.712547	-41.613489	0.000000	
782.750000	14.691053	-41.600725	0.000000	
782.800000	14.669552	-41.587973	0.000000	
782.850000	14.648030	-41.575257	0.000000	
782.900000	14.626476	-41.562595	0.000000	
782.950000	14.604896	-41.549979	0.000000	
783.000000	14.583294	-41.537401	0.000000	
783.050000	14.561672	-41.524855	0.000000	
783.100000	14.540030	-41.512345	0.000000	
783.150000	14.518366	-41.499874	0.000000	
783.200000	14.496680	-41.487440	0.000000	
783.250000	14.474974	-41.475043	0.000000	
783.300000	14.453256	-41.462665	0.000000	
783.350000	14.431546	-41.450274	0.000000	
783.400000	14.409859	-41.437846	0.000000	
783.450000	14.388209	-41.425359	0.000000	
783.500000	14.366620	-41.412780	0.000000	
783.550000	14.345114	-41.400082	0.000000	
783.600000	14.323730	-41.387213	0.000000	
783.650000	14.302521	-41.374111	0.000000	
783.700000	14.281548	-41.360717	0.000000	
783.750000	14.260853	-41.346989	0.000000	
783.800000	14.240494	-41.332883	0.000000	
783.850000	14.220518	-41.318373	0.000000	
783.900000	14.200985	-41.303413	0.000000	
783.950000	14.181950	-41.287964	0.000000	
784.000000	14.163452	-41.272014	0.000000	
784.050000	14.145536	-41.255546	0.000000	
784.100000	14.128254	-41.238548	0.000000	
784.150000	14.111659	-41.220989	0.000000	
784.200000	14.095787	-41.202854	0.000000	
784.250000	14.080697	-41.184128	0.000000	
784.300000	14.066444	-41.164803	0.000000	
784.350000	14.053063	-41.144891	0.000000	
784.400000	14.040567	-41.124415	0.000000	
784.450000	14.028955	-41.103397	0.000000	
784.500000	14.018225	-41.081861	0.000000	
784.550000	14.008359	-41.059840	0.000000	
784.600000	13.999334	-41.037369	0.000000	
784.650000	13.991134	-41.014484	0.000000	
784.700000	13.983730	-40.991239	0.000000	
784.750000	13.977088	-40.967687	0.000000	
784.800000	13.971170	-40.943862	0.000000	
784.850000	13.965937	-40.919807	0.000000	
784.900000	13.961334	-40.895561	0.000000	
784.950000	13.957291	-40.871156	0.000000	
785.000000	13.953759	-40.846617	0.000000	
785.050000	13.950690	-40.821966	0.000000	
785.100000	13.948031	-40.797226	0.000000	
785.150000	13.945727	-40.772417	0.000000	
785.200000	13.943744	-40.747555	0.000000	
785.250000	13.942046	-40.722649	0.000000	
785.300000	13.940585	-40.697714	0.000000	
785.350000	13.939320	-40.672761	0.000000	
785.400000	13.938195	-40.647797	0.000000	
785.450000	13.937182	-40.622826	0.000000	
785.500000	13.936251	-40.597849	0.000000	
785.550000	13.935394	-40.572869	0.000000	
785.600000	13.934600	-40.547885	0.000000	
785.650000	13.933882	-40.522897	0.000000	
785.700000	13.933231	-40.497907	0.000000	
785.750000	13.932610	-40.472915	0.000000	
785.800000	13.931995	-40.447924	0.000000	
785.850000	13.931370	-40.422933	0.000000	
785.900000	13.930710	-40.397942	0.000000	
785.950000	13.930023	-40.372953	0.000000	
786.000000	13.929326	-40.347964	0.000000	
786.050000	13.928610	-40.322976	0.000000	
786.100000	13.927865	-40.297989	0.000000	
786.150000	13.927106	-40.273002	0.000000	
786.200000	13.926349	-40.248016	0.000000	
786.250000	13.925562	-40.223031	0.000000	
786.300000	13.924750	-40.198047	0.000000	
786.350000	13.923884	-40.173065	0.000000	
786.400000	13.922966	-40.148085	0.000000	
786.450000	13.921986	-40.123107	0.000000	
786.500000	13.920933	-40.098133	0.000000	
786.550000	13.919831	-40.073162	0.000000	
786.600000	13.918686	-40.048192	0.000000	
786.650000	13.917519	-40.023223	0.000000	
786.700000	13.916304	-39.998256	0.000000	
786.750000	13.915022	-39.973291	0.000000	
786.800000	13.913687	-39.948329	0.000000	
786.850000	13.912310	-39.923369	0.000000	
786.900000	13.910892	-39.898411	0.000000	
786.950000	13.909434	-39.873456	0.000000	
787.000000	13.907929	-39.848503	0.000000	
787.050000	13.906371	-39.823553	0.000000	
787.100000	13.904755	-39.798608	0.000000	
787.150000	13.903095	-39.773666	0.000000	
787.200000	13.901393	-39.748727	0.000000	
787.250000	13.899618	-39.723792	0.000000	
787.300000	13.897772	-39.698864	0.000000	
787.350000	13.895841	-39.673943	0.000000	
787.400000	13.893845	-39.649029	0.000000	
787.450000	13.891774	-39.624120	0.000000	
787.500000	13.889628	-39.599220	0.000000	
787.550000	13.887427	-39.574325	0.000000	
787.600000	13.885152	-39.549437	0.000000	
787.650000	13.882779	-39.524560	0.000000	
787.700000	13.880272	-39.499696	0.000000	
787.750000	13.877658	-39.474844	0.000000	
787.800000	13.874958	-39.450000	0.000000	
787.850000	13.872157	-39.425168	0.000000	
787.900000	13.869241	-39.400348	0.000000	
787.950000	13.866213	-39.375542	0.000000	
788.000000	13.863082	-39.350748	0.000000	
788.050000	13.859858	-39.325965	0.000000	
788.100000	13.856538	-39.301195	0.000000	
788.150000	13.853145	-39.276433	0.000000	
788.200000	13.849687	-39.251680	0.000000	
788.250000	13.846171	-39.226933	0.000000	
788.300000	13.842597	-39.202193	0.000000	
788.350000	13.838984	-39.177458	0.000000	
788.400000	13.835341	-39.152728	0.000000	
788.450000	13.831670	-39.128001	0.000000	
788.500000	13.827979	-39.103277	0.000000	
788.550000	13.824268	-39.078555	0.000000	
788.600000	13.820518	-39.053839	0.000000	
788.650000	13.816738	-39.029128	0.000000	
788.700000	13.812933	-39.004420	0.000000	
788.750000	13.809122	-38.979714	0.000000	
788.800000	13.805277	-38.955013	0.000000	
788.850000	13.801386	-38.930319	0.000000	
788.900000	13.797458	-38.905632	0.000000	
788.950000	13.793495	-38.880950	0.000000	
789.000000	13.789508	-38.856274	0.000000	
789.050000	13.785483	-38.831604	0.000000	
789.100000	13.781400	-38.806944	0.000000	
789.150000	13.777286	-38.782291	0.000000	
789.200000	13.773145	-38.757641	0.000000	
789.250000	13.768951	-38.733001	0.000000	
789.300000	13.764675	-38.708376	0.000000	
789.350000	13.760330	-38.683762	0.000000	
789.400000	13.755900	-38.659164	0.000000	
789.450000	13.751391	-38.634581	0.000000	
789.500000	13.746789	-38.610016	0.000000	
789.550000	13.742073	-38.585471	0.000000	
789.600000	13.737248	-38.560947	0.000000	
789.650000	13.732329	-38.536443	0.000000	
789.700000	13.727311	-38.511959	0.000000	
789.750000	13.722216	-38.487491	0.000000	
789.800000	13.717035	-38.463040	0.000000	
789.850000	13.711782	-38.438604	0.000000	
789.900000	13.706448	-38.414185	0.000000	
789.950000	13.701056	-38.389779	0.000000	
790.000000	13.695622	-38.365382	0.000000	
790.050000	13.690134	-38.340997	0.000000	
790.100000	13.684593	-38.316623	0.000000	
790.150000	13.679006	-38.292260	0.000000	
790.200000	13.673374	-38.267906	0.000000	
790.250000	13.667675	-38.243567	0.000000	
790.300000	13.661916	-38.219241	0.000000	
790.350000	13.656121	-38.194924	0.000000	
790.400000	13.650274	-38.170618	0.000000	
790.450000	13.644383	-38.146323	0.000000	
790.500000	13.638460	-38.122035	0.000000	
790.550000	13.632507	-38.097755	0.000000	
790.600000	13.626515	-38.073485	0.000000	
790.650000	13.620507	-38.049219	0.000000	
790.700000	13.614474	-38.024959	0.000000	
790.750000	13.608413	-38.000706	0.000000	
790.800000	13.602310	-37.976464	0.000000	
790.850000	13.596158	-37.952236	0.000000	
790.900000	13.589957	-37.928020	0.000000	
790.950000	13.583731	-37.903811	0.000000	
791.000000	13.577460	-37.879613	0.000000	
791.050000	13.571124	-37.855432	0.000000	
791.100000	13.564749	-37.831262	0.000000	
791.150000	13.558355	-37.807096	0.000000	
791.200000	13.551936	-37.782937	0.000000	
791.250000	13.545475	-37.758788	0.000000	
791.300000	13.538973	-37.734650	0.000000	
791.350000	13.532440	-37.710520	0.000000	
791.400000	13.525884	-37.686397	0.000000	
791.450000	13.519307	-37.662278	0.000000	
791.500000	13.512697	-37.638169	0.000000	
791.550000	13.506056	-37.614068	0.000000	
791.600000	13.499394	-37.589973	0.000000	
791.650000	13.492740	-37.565876	0.000000	
791.700000	13.486071	-37.541782	0.000000	
791.750000	13.479406	-37.517688	0.000000	
791.800000	13.472759	-37.493589	0.000000	
791.850000	13.466121	-37.469487	0.000000	
791.900000	13.459515	-37.445376	0.000000	
791.950000	13.452926	-37.421261	0.000000	
792.000000	13.446342	-37.397144	0.000000	
792.050000	13.439768	-37.373025	0.000000	
792.100000	13.433197	-37.348905	0.000000	
792.150000	13.426618	-37.324787	0.000000	
792.200000	13.420011	-37.300676	0.000000	
792.250000	13.413379	-37.276573	0.000000	
792.300000	13.406738	-37.252473	0.000000	
792.350000	13.400116	-37.228367	0.000000	
792.400000	13.393501	-37.204259	0.000000	
792.450000	13.386894	-37.180149	0.000000	
792.500000	13.380291	-37.156039	0.000000	
792.550000	13.373720	-37.131919	0.000000	
792.600000	13.367159	-37.107796	0.000000	
792.650000	13.360605	-37.083672	0.000000	
792.700000	13.354031	-37.059553	0.000000	
792.750000	13.347451	-37.035435	0.000000	
792.800000	13.340851	-37.011324	0.000000	
792.850000	13.334233	-36.987217	0.000000	
792.900000	13.327594	-36.963116	0.000000	
792.950000	13.320941	-36.939018	0.000000	
793.000000	13.314276	-36.914924	0.000000	
793.050000	13.307584	-36.890837	0.000000	
793.100000	13.300854	-36.866762	0.000000	
793.150000	13.294106	-36.842691	0.000000	
793.200000	13.287324	-36.818632	0.000000	
793.250000	13.280520	-36.794578	0.000000	
793.300000	13.273689	-36.770533	0.000000	
793.350000	13.266807	-36.746504	0.000000	
793.400000	13.259851	-36.722497	0.000000	
793.450000	13.252817	-36.698513	0.000000	
793.500000	13.245677	-36.674563	0.000000	
793.550000	13.238449	-36.650640	0.000000	
793.600000	13.231117	-36.626749	0.000000	
793.650000	13.223712	-36.602881	0.000000	
793.700000	13.216240	-36.579033	0.000000	
793.750000	13.208713	-36.555202	0.000000	
793.800000	13.201123	-36.531391	0.000000	
793.850000	13.193483	-36.507594	0.000000	
793.900000	13.185794	-36.483813	0.000000	
793.950000	13.178068	-36.460042	0.000000	
794.000000	13.170303	-36.436283	0.000000	
794.050000	13.162501	-36.412535	0.000000	
794.100000	13.154672	-36.388796	0.000000	
794.150000	13.146839	-36.365057	0.000000	
794.200000	13.138999	-36.341321	0.000000	
794.250000	13.131168	-36.317582	0.000000	
794.300000	13.123346	-36.293840	0.000000	
794.350000	13.115550	-36.270090	0.000000	
794.400000	13.107773	-36.246334	0.000000	
794.450000	13.100022	-36.222570	0.000000	
794.500000	13.092292	-36.198799	0.000000	
794.550000	13.084607	-36.175012	0.000000	
794.600000	13.076970	-36.151209	0.000000	
794.650000	13.069379	-36.127391	0.000000	
794.700000	13.061832	-36.103559	0.000000	
794.750000	13.054322	-36.079715	0.000000	
794.800000	13.046867	-36.055854	0.000000	
794.850000	13.039485	-36.031971	0.000000	
794.900000	13.032168	-36.008068	0.000000	
794.950000	13.024914	-35.984147	0.000000	
795.000000	13.017722	-35.960208	0.000000	
795.050000	13.010585	-35.936253	0.000000	
795.100000	13.003525	-35.912277	0.000000	
795.150000	12.996558	-35.888275	0.000000	
795.200000	12.989674	-35.864250	0.000000	
795.250000	12.982862	-35.840205	0.000000	
795.300000	12.976115	-35.816143	0.000000	
795.350000	12.969433	-35.792062	0.000000	
795.400000	12.962823	-35.767963	0.000000	
795.450000	12.956303	-35.743839	0.000000	
795.500000	12.949881	-35.719690	0.000000	
795.550000	12.943570	-35.695510	0.000000	
795.600000	12.937349	-35.671306	0.000000	
795.650000	12.931204	-35.647080	0.000000	
795.700000	12.925124	-35.622837	0.000000	
795.750000	12.919094	-35.598579	0.000000	
795.800000	12.913094	-35.574313	0.000000	
795.850000	12.907121	-35.550040	0.000000	
795.900000	12.901159	-35.525763	0.000000	
795.950000	12.895217	-35.501482	0.000000	
796.000000	12.889288	-35.477197	0.000000	
796.050000	12.883384	-35.452906	0.000000	
796.100000	12.877511	-35.428608	0.000000	
796.150000	12.871661	-35.404304	0.000000	
796.200000	12.865828	-35.379996	0.000000	
796.250000	12.860020	-35.355682	0.000000	
796.300000	12.854251	-35.331360	0.000000	
796.350000	12.848509	-35.307032	0.000000	
796.400000	12.842793	-35.282697	0.000000	
796.450000	12.837095	-35.258359	0.000000	
796.500000	12.831410	-35.234018	0.000000	
796.550000	12.825736	-35.209674	0.000000	
796.600000	12.820064	-35.185330	0.000000	
796.650000	12.814426	-35.160978	0.000000	
796.700000	12.808816	-35.136620	0.000000	
796.750000	12.803257	-35.112251	0.000000	
796.800000	12.797742	-35.087871	0.000000	
796.850000	12.792275	-35.063479	0.000000	
796.900000	12.786843	-35.039079	0.000000	
796.950000	12.781429	-35.014674	0.000000	
797.000000	12.776037	-34.990264	0.000000	
797.050000	12.770668	-34.965849	0.000000	
797.100000	12.765313	-34.941430	0.000000	
797.150000	12.759978	-34.917007	0.000000	
797.200000	12.754651	-34.892582	0.000000	
797.250000	12.749308	-34.868161	0.000000	
797.300000	12.743959	-34.843741	0.000000	
797.350000	12.738582	-34.819327	0.000000	
797.400000	12.733194	-34.794915	0.000000	
797.450000	12.727807	-34.770504	0.000000	
797.500000	12.722408	-34.746095	0.000000	
797.550000	12.717002	-34.721687	0.000000	
797.600000	12.711570	-34.697285	0.000000	
797.650000	12.706135	-34.672884	0.000000	
797.700000	12.700692	-34.648485	0.000000	
797.750000	12.695253	-34.624084	0.000000	
797.800000	12.689827	-34.599682	0.000000	
797.850000	12.684427	-34.575273	0.000000	
797.900000	12.679061	-34.550858	0.000000	
797.950000	12.673740	-34.526434	0.000000	
798.000000	12.668487	-34.501995	0.000000	
798.050000	12.663298	-34.477543	0.000000	
798.100000	12.658173	-34.453078	0.000000	
798.150000	12.653091	-34.428605	0.000000	
798.200000	12.648023	-34.404129	0.000000	
798.250000	12.642976	-34.379648	0.000000	
798.300000	12.637956	-34.355161	0.000000	
798.350000	12.632944	-34.330673	0.000000	
798.400000	12.627957	-34.306179	0.000000	
798.450000	12.623012	-34.281676	0.000000	
798.500000	12.618112	-34.257164	0.000000	
798.550000	12.613264	-34.232642	0.000000	
798.600000	12.608471	-34.208109	0.000000	
798.650000	12.603734	-34.183564	0.000000	
798.700000	12.599055	-34.159008	0.000000	
798.750000	12.594419	-34.134444	0.000000	
798.800000	12.589828	-34.109871	0.000000	
798.850000	12.585277	-34.085291	0.000000	
798.900000	12.580766	-34.060704	0.000000	
798.950000	12.576286	-34.036112	0.000000	
799.000000	12.571833	-34.011515	0.000000	
799.050000	12.567396	-33.986915	0.000000	
799.100000	12.562979	-33.962312	0.000000	
799.150000	12.558589	-33.937704	0.000000	
799.200000	12.554226	-33.913092	0.000000	
799.250000	12.549903	-33.888473	0.000000	
799.300000	12.545618	-33.863846	0.000000	
799.350000	12.541396	-33.839208	0.000000	
799.400000	12.537256	-33.814556	0.000000	
799.450000	12.533194	-33.789890	0.000000	
799.500000	12.529195	-33.765214	0.000000	
799.550000	12.525239	-33.740531	0.000000	
799.600000	12.521315	-33.715843	0.000000	
799.650000	12.517408	-33.691151	0.000000	
799.700000	12.513526	-33.666456	0.000000	
799.750000	12.509634	-33.641762	0.000000	
799.800000	12.505734	-33.617070	0.000000	
799.850000	12.501823	-33.592379	0.000000	
799.900000	12.497880	-33.567694	0.000000	
799.950000	12.493883	-33.543019	0.000000	
800.000000	12.489841	-33.518352	0.000000	
800.050000	12.485745	-33.493695	0.000000	
800.100000	12.481591	-33.469050	0.000000	
800.150000	12.477380	-33.444414	0.000000	
800.200000	12.473111	-33.419789	0.000000	
800.250000	12.468818	-33.395168	0.000000	
800.300000	12.464501	-33.370551	0.000000	
800.350000	12.460154	-33.345940	0.000000	
800.400000	12.455768	-33.321335	0.000000	
800.450000	12.451329	-33.296739	0.000000	
800.500000	12.446820	-33.272155	0.000000	
800.550000	12.442231	-33.247584	0.000000	
800.600000	12.437565	-33.223027	0.000000	
800.650000	12.432822	-33.198485	0.000000	
800.700000	12.427999	-33.173957	0.000000	
800.750000	12.423090	-33.149447	0.000000	
800.800000	12.418112	-33.124951	0.000000	
800.850000	12.413064	-33.100470	0.000000	
800.900000	12.407964	-33.076000	0.000000	
800.950000	12.402812	-33.051540	0.000000	
801.000000	12.397621	-33.027090	0.000000	
801.050000	12.392388	-33.002648	0.000000	
801.100000	12.387130	-32.978212	0.000000	
801.150000	12.381851	-32.953781	0.000000	
801.200000	12.376553	-32.929354	0.000000	
801.250000	12.371244	-32.904929	0.000000	
801.300000	12.365954	-32.880501	0.000000	
801.350000	12.360730	-32.856062	0.000000	
801.400000	12.355611	-32.831609	0.000000	
801.450000	12.350645	-32.807136	0.000000	
801.500000	12.345868	-32.782644	0.000000	
801.550000	12.341341	-32.758129	0.000000	
801.600000	12.337105	-32.733589	0.000000	
801.650000	12.333201	-32.709028	0.000000	
801.700000	12.329681	-32.684446	0.000000	
801.750000	12.326580	-32.659844	0.000000	
801.800000	12.323958	-32.635227	0.000000	
801.850000	12.321852	-32.610602	0.000000	
801.900000	12.320281	-32.585970	0.000000	
801.950000	12.319272	-32.561348	0.000000	
802.000000	12.318879	-32.536746	0.000000	
802.050000	12.319143	-32.512173	0.000000	
802.100000	12.320090	-32.487637	0.000000	
802.150000	12.321719	-32.463143	0.000000	
802.200000	12.324038	-32.438692	0.000000	
802.250000	12.327046	-32.414291	0.000000	
802.300000	12.330751	-32.389955	0.000000	
802.350000	12.335106	-32.365692	0.000000	
802.400000	12.340061	-32.341508	0.000000	
802.450000	12.345578	-32.317404	0.000000	
802.500000	12.351602	-32.293383	0.000000	
802.550000	12.358110	-32.269450	0.000000	
802.600000	12.365053	-32.245607	0.000000	
802.650000	12.372408	-32.221855	0.000000	
802.700000	12.380130	-32.198190	0.000000	
802.750000	12.388189	-32.174613	0.000000	
802.800000	12.396569	-32.151125	0.000000	
802.850000	12.405228	-32.127722	0.000000	
802.900000	12.414126	-32.104394	0.000000	
802.950000	12.423247	-32.081139	0.000000	
803.000000	12.432535	-32.057941	0.000000	
803.050000	12.441956	-32.034792	0.000000	
803.100000	12.451489	-32.011687	0.000000	
803.150000	12.461114	-31.988620	0.000000	
803.200000	12.470816	-31.965584	0.000000	
803.250000	12.480577	-31.942572	0.000000	
803.300000	12.490391	-31.919581	0.000000	
803.350000	12.500242	-31.896607	0.000000	
803.400000	12.510130	-31.873649	0.000000	
803.450000	12.520047	-31.850703	0.000000	
803.500000	12.529998	-31.827771	0.000000	
803.550000	12.539987	-31.804855	0.000000	
803.600000	12.549988	-31.781944	0.000000	
803.650000	12.560011	-31.759043	0.000000	
803.700000	12.570057	-31.736151	0.000000	
803.750000	12.580123	-31.713268	0.000000	
803.800000	12.590205	-31.690392	0.000000	
803.850000	12.600293	-31.667518	0.000000	
803.900000	12.610369	-31.644639	0.000000	
803.950000	12.620426	-31.621752	0.000000	
804.000000	12.630470	-31.598860	0.000000	
804.050000	12.640516	-31.575968	0.000000	
804.100000	12.650564	-31.553077	0.000000	
804.150000	12.660600	-31.530181	0.000000	
804.200000	12.670623	-31.507279	0.000000	
804.250000	12.680653	-31.484380	0.000000	
804.300000	12.690706	-31.461492	0.000000	
804.350000	12.700760	-31.438603	0.000000	
804.400000	12.710794	-31.415706	0.000000	
804.450000	12.720816	-31.392804	0.000000	
804.500000	12.730843	-31.369904	0.000000	
804.550000	12.740886	-31.347011	0.000000	
804.600000	12.750949	-31.324127	0.000000	
804.650000	12.761056	-31.301263	0.000000	
804.700000	12.771205	-31.278418	0.000000	
804.750000	12.781396	-31.255592	0.000000	
804.800000	12.791654	-31.232798	0.000000	
804.850000	12.801979	-31.210037	0.000000	
804.900000	12.812359	-31.187301	0.000000	
804.950000	12.822810	-31.164599	0.000000	
805.000000	12.833353	-31.141940	0.000000	
805.050000	12.843996	-31.119329	0.000000	
805.100000	12.854727	-31.096760	0.000000	
805.150000	12.865541	-31.074231	0.000000	
805.200000	12.876454	-31.051752	0.000000	
805.250000	12.887460	-31.029319	0.000000	
805.300000	12.898561	-31.006934	0.000000	
805.350000	12.909770	-30.984606	0.000000	
805.400000	12.921116	-30.962349	0.000000	
805.450000	12.932608	-30.940168	0.000000	
805.500000	12.944241	-30.918060	0.000000	
805.550000	12.956016	-30.896028	0.000000	
805.600000	12.967919	-30.874063	0.000000	
805.650000	12.979938	-30.852160	0.000000	
805.700000	12.992050	-30.830305	0.000000	
805.750000	13.004258	-30.808503	0.000000	
805.800000	13.016562	-30.786753	0.000000	
805.850000	13.028942	-30.765046	0.000000	
805.900000	13.041387	-30.743375	0.000000	
805.950000	13.053898	-30.721740	0.000000	
806.000000	13.066474	-30.700141	0.000000	
806.050000	13.079107	-30.678574	0.000000	
806.100000	13.091798	-30.657039	0.000000	
806.150000	13.104556	-30.635544	0.000000	
806.200000	13.117389	-30.614092	0.000000	
806.250000	13.130298	-30.592686	0.000000	
806.300000	13.143291	-30.571331	0.000000	
806.350000	13.156343	-30.550012	0.000000	
806.400000	13.169426	-30.528712	0.000000	
806.450000	13.182537	-30.507430	0.000000	
806.500000	13.195665	-30.486159	0.000000	
806.550000	13.208824	-30.464906	0.000000	
806.600000	13.221996	-30.443662	0.000000	
806.650000	13.235198	-30.422437	0.000000	
806.700000	13.248430	-30.401230	0.000000	
806.750000	13.261691	-30.380041	0.000000	
806.800000	13.274984	-30.358872	0.000000	
806.850000	13.288310	-30.337724	0.000000	
806.900000	13.301682	-30.316605	0.000000	
806.950000	13.315090	-30.295509	0.000000	
807.000000	13.328555	-30.274448	0.000000	
807.050000	13.342067	-30.253417	0.000000	
807.100000	13.355624	-30.232414	0.000000	
807.150000	13.369205	-30.211426	0.000000	
807.200000	13.382797	-30.190444	0.000000	
807.250000	13.396394	-30.169466	0.000000	
807.300000	13.409976	-30.148479	0.000000	
807.350000	13.423549	-30.127485	0.000000	
807.400000	13.437113	-30.106486	0.000000	
807.450000	13.450697	-30.085499	0.000000	
807.500000	13.464283	-30.064514	0.000000	
807.550000	13.477870	-30.043529	0.000000	
807.600000	13.491464	-30.022549	0.000000	
807.650000	13.505062	-30.001571	0.000000	
807.700000	13.518651	-29.980588	0.000000	
807.750000	13.532244	-29.959607	0.000000	
807.800000	13.545842	-29.938630	0.000000	
807.850000	13.559423	-29.917641	0.000000	
807.900000	13.572974	-29.896634	0.000000	
807.950000	13.586500	-29.875610	0.000000	
808.000000	13.600003	-29.854571	0.000000	
808.050000	13.613477	-29.833515	0.000000	
808.100000	13.626924	-29.812440	0.000000	
808.150000	13.640337	-29.791345	0.000000	
808.200000	13.653716	-29.770228	0.000000	
808.250000	13.667068	-29.749094	0.000000	
808.300000	13.680398	-29.727947	0.000000	
808.350000	13.693727	-29.706799	0.000000	
808.400000	13.707048	-29.685646	0.000000	
808.450000	13.720365	-29.664490	0.000000	
808.500000	13.733662	-29.643322	0.000000	
808.550000	13.746933	-29.622138	0.000000	
808.600000	13.760191	-29.600944	0.000000	
808.650000	13.773409	-29.579726	0.000000	
808.700000	13.786614	-29.558500	0.000000	
808.750000	13.799821	-29.537274	0.000000	
808.800000	13.813035	-29.516054	0.000000	
808.850000	13.826274	-29.494850	0.000000	
808.900000	13.839537	-29.473660	0.000000	
808.950000	13.852819	-29.452483	0.000000	
809.000000	13.866113	-29.431314	0.000000	
809.050000	13.879440	-29.410166	0.000000	
809.100000	13.892807	-29.389044	0.000000	
809.150000	13.906231	-29.367959	0.000000	
809.200000	13.919716	-29.346915	0.000000	
809.250000	13.933276	-29.325919	0.000000	
809.300000	13.946927	-29.304982	0.000000	
809.350000	13.960645	-29.284090	0.000000	
809.400000	13.974429	-29.263244	0.000000	
809.450000	13.988282	-29.242445	0.000000	
809.500000	14.002222	-29.221706	0.000000	
809.550000	14.016258	-29.201035	0.000000	
809.600000	14.030402	-29.180439	0.000000	
809.650000	14.044653	-29.159916	0.000000	
809.700000	14.059011	-29.139467	0.000000	
809.750000	14.073474	-29.119092	0.000000	
809.800000	14.088040	-29.098790	0.000000	
809.850000	14.102709	-29.078565	0.000000	
809.900000	14.117476	-29.058413	0.000000	
809.950000	14.132353	-29.038342	0.000000	
810.000000	14.147346	-29.018356	0.000000	
810.050000	14.162450	-28.998452	0.000000	
810.100000	14.177667	-28.978633	0.000000	
810.150000	14.192997	-28.958902	0.000000	
810.200000	14.208422	-28.939245	0.000000	
810.250000	14.223949	-28.919667	0.000000	
810.300000	14.239566	-28.900160	0.000000	
810.350000	14.255262	-28.880714	0.000000	
810.400000	14.271038	-28.861331	0.000000	
810.450000	14.286880	-28.842001	0.000000	
810.500000	14.302780	-28.822716	0.000000	
810.550000	14.318739	-28.803479	0.000000	
810.600000	14.334758	-28.784293	0.000000	
810.650000	14.350836	-28.765155	0.000000	
810.700000	14.366983	-28.746076	0.000000	
810.750000	14.383214	-28.727067	0.000000	
810.800000	14.399515	-28.708117	0.000000	
810.850000	14.415873	-28.689217	0.000000	
810.900000	14.432284	-28.670363	0.000000	
810.950000	14.448753	-28.651560	0.000000	
811.000000	14.465293	-28.632821	0.000000	
811.050000	14.481904	-28.614146	0.000000	
811.100000	14.498591	-28.595540	0.000000	
811.150000	14.515332	-28.576983	0.000000	
811.200000	14.532126	-28.558476	0.000000	
811.250000	14.548984	-28.540027	0.000000	
811.300000	14.565899	-28.521632	0.000000	
811.350000	14.582878	-28.503296	0.000000	
811.400000	14.599934	-28.485033	0.000000	
811.450000	14.617080	-28.466854	0.000000	
811.500000	14.634306	-28.448750	0.000000	
811.550000	14.651618	-28.430726	0.000000	
811.600000	14.669014	-28.412783	0.000000	
811.650000	14.686483	-28.394911	0.000000	
811.700000	14.704023	-28.377108	0.000000	
811.750000	14.721630	-28.359369	0.000000	
811.800000	14.739305	-28.341700	0.000000	
811.850000	14.757064	-28.324114	0.000000	
811.900000	14.774901	-28.306608	0.000000	
811.950000	14.792818	-28.289183	0.000000	
812.000000	14.810804	-28.271830	0.000000	
812.050000	14.828857	-28.254547	0.000000	
812.100000	14.846979	-28.237338	0.000000	
812.150000	14.865169	-28.220202	0.000000	
812.200000	14.883439	-28.203151	0.000000	
812.250000	14.901769	-28.186164	0.000000	
812.300000	14.920144	-28.169225	0.000000	
812.350000	14.938571	-28.152340	0.000000	
812.400000	14.957060	-28.135523	0.000000	
812.450000	14.975597	-28.118756	0.000000	
812.500000	14.994172	-28.102032	0.000000	
812.550000	15.012802	-28.085369	0.000000	
812.600000	15.031473	-28.068751	0.000000	
812.650000	15.050181	-28.052172	0.000000	
812.700000	15.068926	-28.035636	0.000000	
812.750000	15.087725	-28.019159	0.000000	
812.800000	15.106563	-28.002725	0.000000	
812.850000	15.125442	-27.986340	0.000000	
812.900000	15.144342	-27.969978	0.000000	
812.950000	15.163274	-27.953652	0.000000	
813.000000	15.182236	-27.937363	0.000000	
813.050000	15.201234	-27.921115	0.000000	
813.100000	15.220266	-27.904908	0.000000	
813.150000	15.239327	-27.888736	0.000000	
813.200000	15.258416	-27.872597	0.000000	
813.250000	15.277527	-27.856486	0.000000	
813.300000	15.296671	-27.840415	0.000000	
813.350000	15.315847	-27.824380	0.000000	
813.400000	15.335039	-27.808364	0.000000	
813.450000	15.354234	-27.792351	0.000000	
813.500000	15.373443	-27.776355	0.000000	
813.550000	15.392672	-27.760383	0.000000	
813.600000	15.411908	-27.744418	0.000000	
813.650000	15.431154	-27.728466	0.000000	
813.700000	15.450413	-27.712528	0.000000	
813.750000	15.469692	-27.696615	0.000000	
813.800000	15.488975	-27.680706	0.000000	
813.850000	15.508273	-27.664817	0.000000	
813.900000	15.527580	-27.648937	0.000000	
813.950000	15.546915	-27.633092	0.000000	
814.000000	15.566270	-27.617271	0.000000	
814.050000	15.585630	-27.601456	0.000000	
814.100000	15.604986	-27.585637	0.000000	
814.150000	15.624321	-27.569792	0.000000	
814.200000	15.643629	-27.553915	0.000000	
814.250000	15.662912	-27.538007	0.000000	
814.300000	15.682180	-27.522079	0.000000	
814.350000	15.701430	-27.506131	0.000000	
814.400000	15.720682	-27.490186	0.000000	
814.450000	15.739949	-27.474257	0.000000	
814.500000	15.759235	-27.458352	0.000000	
814.550000	15.778535	-27.442465	0.000000	
814.600000	15.797856	-27.426603	0.000000	
814.650000	15.817202	-27.410771	0.000000	
814.700000	15.836572	-27.394970	0.000000	
814.750000	15.855969	-27.379202	0.000000	
814.800000	15.875389	-27.363462	0.000000	
814.850000	15.894848	-27.347774	0.000000	
814.900000	15.914334	-27.332119	0.000000	
814.950000	15.933846	-27.316497	0.000000	
815.000000	15.953378	-27.300902	0.000000	
815.050000	15.972930	-27.285332	0.000000	
815.100000	15.992505	-27.269792	0.000000	
815.150000	16.012104	-27.254283	0.000000	
815.200000	16.031748	-27.238830	0.000000	
815.250000	16.051433	-27.223427	0.000000	
815.300000	16.071146	-27.208058	0.000000	
815.350000	16.090876	-27.192711	0.000000	
815.400000	16.110627	-27.177389	0.000000	
815.450000	16.130385	-27.162077	0.000000	
815.500000	16.150161	-27.146786	0.000000	
815.550000	16.169958	-27.131522	0.000000	
815.600000	16.189782	-27.116292	0.000000	
815.650000	16.209620	-27.101082	0.000000	
815.700000	16.229468	-27.085884	0.000000	
815.750000	16.249323	-27.070697	0.000000	
815.800000	16.269185	-27.055516	0.000000	
815.850000	16.289036	-27.040322	0.000000	
815.900000	16.308875	-27.025113	0.000000	
815.950000	16.328718	-27.009908	0.000000	
816.000000	16.348554	-26.994695	0.000000	
816.050000	16.368370	-26.979454	0.000000	
816.100000	16.388161	-26.964183	0.000000	
816.150000	16.407928	-26.948880	0.000000	
816.200000	16.427669	-26.933545	0.000000	
816.250000	16.447380	-26.918170	0.000000	
816.300000	16.467072	-26.902773	0.000000	
816.350000	16.486761	-26.887370	0.000000	
816.400000	16.506442	-26.871958	0.000000	
816.450000	16.526123	-26.856546	0.000000	
816.500000	16.545816	-26.841150	0.000000	
816.550000	16.565515	-26.825761	0.000000	
816.600000	16.585210	-26.810366	0.000000	
816.650000	16.604885	-26.794947	0.000000	
816.700000	16.624536	-26.779495	0.000000	
816.750000	16.644178	-26.764033	0.000000	
816.800000	16.663823	-26.748573	0.000000	
816.850000	16.683457	-26.733100	0.000000	
816.900000	16.703100	-26.717639	0.000000	
816.950000	16.722735	-26.702167	0.000000	
817.000000	16.742353	-26.686673	0.000000	
817.050000	16.761964	-26.671169	0.000000	
817.100000	16.781581	-26.655673	0.000000	
817.150000	16.801208	-26.640191	0.000000	
817.200000	16.820848	-26.624725	0.000000	
817.250000	16.840512	-26.609288	0.000000	
817.300000	16.860184	-26.593863	0.000000	
817.350000	16.879862	-26.578444	0.000000	
817.400000	16.899530	-26.563012	0.000000	
817.450000	16.919203	-26.547587	0.000000	
817.500000	16.938885	-26.532173	0.000000	
817.550000	16.958561	-26.516751	0.000000	
817.600000	16.978234	-26.501326	0.000000	
817.650000	16.997911	-26.485907	0.000000	
817.700000	17.017592	-26.470492	0.000000	
817.750000	17.037282	-26.455088	0.000000	
817.800000	17.056966	-26.439676	0.000000	
817.850000	17.076645	-26.424259	0.000000	
817.900000	17.096323	-26.408840	0.000000	
817.950000	17.115984	-26.393399	0.000000	
818.000000	17.135636	-26.377948	0.000000	
818.050000	17.155269	-26.362471	0.000000	
818.100000	17.174879	-26.346967	0.000000	
818.150000	17.194455	-26.331422	0.000000	
818.200000	17.213991	-26.315827	0.000000	
818.250000	17.233483	-26.300179	0.000000	
818.300000	17.252924	-26.284470	0.000000	
818.350000	17.272334	-26.268724	0.000000	
818.400000	17.291717	-26.252944	0.000000	
818.450000	17.311075	-26.237135	0.000000	
818.500000	17.330400	-26.221286	0.000000	
818.550000	17.349688	-26.205392	0.000000	
818.600000	17.368939	-26.189454	0.000000	
818.650000	17.388141	-26.173456	0.000000	
818.700000	17.407294	-26.157398	0.000000	
818.750000	17.426397	-26.141279	0.000000	
818.800000	17.445441	-26.125092	0.000000	
818.850000	17.464422	-26.108831	0.000000	
818.900000	17.483329	-26.092484	0.000000	
818.950000	17.502162	-26.076053	0.000000	
819.000000	17.520922	-26.059538	0.000000	
819.050000	17.539604	-26.042935	0.000000	
819.100000	17.558216	-26.026257	0.000000	
819.150000	17.576762	-26.009504	0.000000	
819.200000	17.595247	-25.992685	0.000000	
819.250000	17.613679	-25.975809	0.000000	
819.300000	17.632069	-25.958887	0.000000	
819.350000	17.650430	-25.941934	0.000000	
819.400000	17.668756	-25.924942	0.000000	
819.450000	17.687046	-25.907910	0.000000	
819.500000	17.705296	-25.890834	0.000000	
819.550000	17.723518	-25.873727	0.000000	
819.600000	17.741710	-25.856587	0.000000	
819.650000	17.759880	-25.839422	0.000000	
819.700000	17.778036	-25.822241	0.000000	
819.750000	17.796165	-25.805030	0.000000	
819.800000	17.814262	-25.787786	0.000000	
819.850000	17.832327	-25.770507	0.000000	
819.900000	17.850379	-25.753214	0.000000	
819.950000	17.868432	-25.735923	0.000000	
820.000000	17.886477	-25.718623	0.000000	
820.050000	17.904524	-25.701326	0.000000	
820.100000	17.922574	-25.684030	0.000000	
820.150000	17.940627	-25.666739	0.000000	
820.200000	17.958679	-25.649446	0.000000	
820.250000	17.976727	-25.632150	0.000000	
820.300000	17.994776	-25.614855	0.000000	
820.350000	18.012826	-25.597560	0.000000	
820.400000	18.030868	-25.580256	0.000000	
820.450000	18.048895	-25.562938	0.000000	
820.500000	18.066919	-25.545616	0.000000	
820.550000	18.084947	-25.528299	0.000000	
820.600000	18.102969	-25.510975	0.000000	
820.650000	18.120990	-25.493650	0.000000	
820.700000	18.139013	-25.476328	0.000000	
820.750000	18.157050	-25.459020	0.000000	
820.800000	18.175105	-25.441733	0.000000	
820.850000	18.193185	-25.424472	0.000000	
820.900000	18.211298	-25.407246	0.000000	
820.950000	18.229429	-25.390039	0.000000	
821.000000	18.247565	-25.372837	0.000000	
821.050000	18.265722	-25.355658	0.000000	
821.100000	18.283902	-25.338503	0.000000	
821.150000	18.302120	-25.321389	0.000000	
821.200000	18.320376	-25.304315	0.000000	
821.250000	18.338667	-25.287278	0.000000	
821.300000	18.356994	-25.270280	0.000000	
821.350000	18.375362	-25.253326	0.000000	
821.400000	18.393757	-25.236399	0.000000	
821.450000	18.412185	-25.219508	0.000000	
821.500000	18.430653	-25.202660	0.000000	
821.550000	18.449158	-25.185852	0.000000	
821.600000	18.467707	-25.169095	0.000000	
821.650000	18.486299	-25.152385	0.000000	
821.700000	18.504917	-25.135703	0.000000	
821.750000	18.523553	-25.119041	0.000000	
821.800000	18.542199	-25.102391	0.000000	
821.850000	18.560867	-25.085767	0.000000	
821.900000	18.579556	-25.069166	0.000000	
821.950000	18.598267	-25.052590	0.000000	
822.000000	18.617006	-25.036047	0.000000	
822.050000	18.635792	-25.019555	0.000000	
822.100000	18.654626	-25.003119	0.000000	
822.150000	18.673500	-24.986729	0.000000	
822.200000	18.692412	-24.970384	0.000000	
822.250000	18.711360	-24.954082	0.000000	
822.300000	18.730354	-24.937833	0.000000	
822.350000	18.749395	-24.921640	0.000000	
822.400000	18.768473	-24.905489	0.000000	
822.450000	18.787586	-24.889379	0.000000	
822.500000	18.806718	-24.873291	0.000000	
822.550000	18.825852	-24.857205	0.000000	
822.600000	18.844971	-24.841102	0.000000	
822.650000	18.864082	-24.824989	0.000000	
822.700000	18.883195	-24.808880	0.000000	
822.750000	18.902309	-24.792771	0.000000	
822.800000	18.921423	-24.776661	0.000000	
822.850000	18.940525	-24.760540	0.000000	
822.900000	18.959606	-24.744392	0.000000	
822.950000	18.978679	-24.728236	0.000000	
823.000000	18.997742	-24.712068	0.000000	
823.050000	19.016800	-24.695895	0.000000	
823.100000	19.035836	-24.679696	0.000000	
823.150000	19.054835	-24.663455	0.000000	
823.200000	19.073807	-24.647180	0.000000	
823.250000	19.092742	-24.630862	0.000000	
823.300000	19.111652	-24.614515	0.000000	
823.350000	19.130537	-24.598137	0.000000	
823.400000	19.149387	-24.581718	0.000000	
823.450000	19.168207	-24.565264	0.000000	
823.500000	19.186998	-24.548776	0.000000	
823.550000	19.205783	-24.532281	0.000000	
823.600000	19.224562	-24.515778	0.000000	
823.650000	19.243337	-24.499273	0.000000	
823.700000	19.262109	-24.482762	0.000000	
823.750000	19.280870	-24.466240	0.000000	
823.800000	19.299626	-24.449711	0.000000	
823.850000	19.318372	-24.433172	0.000000	
823.900000	19.337107	-24.416620	0.000000	
823.950000	19.355832	-24.400056	0.000000	
824.000000	19.374544	-24.383478	0.000000	
824.050000	19.393236	-24.366879	0.000000	
824.100000	19.411895	-24.350243	0.000000	
824.150000	19.430526	-24.333577	0.000000	
824.200000	19.449145	-24.316896	0.000000	
824.250000	19.467746	-24.300196	0.000000	
824.300000	19.486323	-24.283470	0.000000	
824.350000	19.504876	-24.266717	0.000000	
824.400000	19.523409	-24.249942	0.000000	
824.450000	19.541924	-24.233145	0.000000	
824.500000	19.560425	-24.216335	0.000000	
824.550000	19.578931	-24.199529	0.000000	
824.600000	19.597427	-24.182711	0.000000	
824.650000	19.615921	-24.165893	0.000000	
824.700000	19.634417	-24.149075	0.000000	
824.750000	19.652902	-24.132246	0.000000	
824.800000	19.671380	-24.115408	0.000000	
824.850000	19.689852	-24.098564	0.000000	
824.900000	19.708330	-24.081727	0.000000	
824.950000	19.726814	-24.064897	0.000000	
825.000000	19.745296	-24.048064	0.000000	
825.050000	19.763769	-24.031220	0.000000	
825.100000	19.782237	-24.014373	0.000000	
825.150000	19.800697	-23.997516	0.000000	
825.200000	19.819145	-23.980647	0.000000	
825.250000	19.837571	-23.963755	0.000000	
825.300000	19.855968	-23.946832	0.000000	
825.350000	19.874335	-23.929879	0.000000	
825.400000	19.892662	-23.912884	0.000000	
825.450000	19.910947	-23.895846	0.000000	
825.500000	19.929201	-23.878775	0.000000	
825.550000	19.947424	-23.861671	0.000000	
825.600000	19.965605	-23.844522	0.000000	
825.650000	19.983744	-23.827329	0.000000	
825.700000	20.001854	-23.810104	0.000000	
825.750000	20.019946	-23.792859	0.000000	
825.800000	20.038023	-23.775599	0.000000	
825.850000	20.056077	-23.758313	0.000000	
825.900000	20.074113	-23.741007	0.000000	
825.950000	20.092131	-23.723682	0.000000	
826.000000	20.110151	-23.706358	0.000000	
826.050000	20.128184	-23.689049	0.000000	
826.100000	20.146234	-23.671760	0.000000	
826.150000	20.164312	-23.654500	0.000000	
826.200000	20.182416	-23.637269	0.000000	
826.250000	20.200545	-23.620064	0.000000	
826.300000	20.218695	-23.602881	0.000000	
826.350000	20.236867	-23.585721	0.000000	
826.400000	20.255064	-23.568586	0.000000	
826.450000	20.273271	-23.551461	0.000000	
826.500000	20.291490	-23.534350	0.000000	
826.550000	20.309712	-23.517239	0.000000	
826.600000	20.327917	-23.500113	0.000000	
826.650000	20.346111	-23.482975	0.000000	
826.700000	20.364308	-23.465840	0.000000	
826.750000	20.382501	-23.448702	0.000000	
826.800000	20.400692	-23.431561	0.000000	
826.850000	20.418884	-23.414422	0.000000	
826.900000	20.437089	-23.397295	0.000000	
826.950000	20.455312	-23.380190	0.000000	
827.000000	20.473543	-23.363093	0.000000	
827.050000	20.491771	-23.345991	0.000000	
827.100000	20.509992	-23.328883	0.000000	
827.150000	20.528211	-23.311773	0.000000	
827.200000	20.546434	-23.294667	0.000000	
827.250000	20.564663	-23.277567	0.000000	
827.300000	20.582914	-23.260493	0.000000	
827.350000	20.601197	-23.243454	0.000000	
827.400000	20.619528	-23.226469	0.000000	
827.450000	20.637910	-23.209542	0.000000	
827.500000	20.656349	-23.192676	0.000000	
827.550000	20.674846	-23.175875	0.000000	
827.600000	20.693399	-23.159134	0.000000	
827.650000	20.712014	-23.142459	0.000000	
827.700000	20.730685	-23.125843	0.000000	
827.750000	20.749413	-23.109289	0.000000	
827.800000	20.768181	-23.092779	0.000000	
827.850000	20.786985	-23.076309	0.000000	
827.900000	20.805825	-23.059879	0.000000	
827.950000	20.824682	-23.043467	0.000000	
828.000000	20.843552	-23.027071	0.000000	
828.050000	20.862446	-23.010702	0.000000	
828.100000	20.881371	-22.994368	0.000000	
828.150000	20.900333	-22.978078	0.000000	
828.200000	20.919318	-22.961815	0.000000	
828.250000	20.938310	-22.945560	0.000000	
828.300000	20.957321	-22.929326	0.000000	
828.350000	20.976353	-22.913116	0.000000	
828.400000	20.995396	-22.896921	0.000000	
828.450000	21.014440	-22.880727	0.000000	
828.500000	21.033480	-22.864528	0.000000	
828.550000	21.052531	-22.848341	0.000000	
828.600000	21.071584	-22.832157	0.000000	
828.650000	21.090646	-22.815984	0.000000	
828.700000	21.109726	-22.799832	0.000000	
828.750000	21.128822	-22.783699	0.000000	
828.800000	21.147922	-22.767570	0.000000	
828.850000	21.167039	-22.751461	0.000000	
828.900000	21.186165	-22.735362	0.000000	
828.950000	21.205293	-22.719267	0.000000	
829.000000	21.224439	-22.703191	0.000000	
829.050000	21.243588	-22.687119	0.000000	
829.100000	21.262734	-22.671045	0.000000	
829.150000	21.281886	-22.654976	0.000000	
829.200000	21.301032	-22.638902	0.000000	
829.250000	21.320185	-22.622834	0.000000	
829.300000	21.339346	-22.606777	0.000000	
829.350000	21.358510	-22.590723	0.000000	
829.400000	21.377670	-22.574665	0.000000	
829.450000	21.396836	-22.558613	0.000000	
829.500000	21.415997	-22.542556	0.000000	
829.550000	21.435152	-22.526492	0.000000	
829.600000	21.454292	-22.510409	0.000000	
829.650000	21.473429	-22.494324	0.000000	
829.700000	21.492575	-22.478250	0.000000	
829.750000	21.511720	-22.462173	0.000000	
829.800000	21.530857	-22.446088	0.000000	
829.850000	21.549993	-22.430001	0.000000	
829.900000	21.569131	-22.413917	0.000000	
829.950000	21.588269	-22.397833	0.000000	
830.000000	21.607405	-22.381746	0.000000	
830.050000	21.626546	-22.365665	0.000000	
830.100000	21.645687	-22.349585	0.000000	
830.150000	21.664840	-22.333519	0.000000	
830.200000	21.684004	-22.317466	0.000000	
830.250000	21.703184	-22.301433	0.000000	
830.300000	21.722385	-22.285426	0.000000	
830.350000	21.741611	-22.269451	0.000000	
830.400000	21.760867	-22.253512	0.000000	
830.450000	21.780143	-22.237598	0.000000	
830.500000	21.799442	-22.221714	0.000000	
830.550000	21.818781	-22.205879	0.000000	
830.600000	21.838173	-22.190111	0.000000	
830.650000	21.857626	-22.174419	0.000000	
830.700000	21.877128	-22.158790	0.000000	
830.750000	21.896672	-22.143214	0.000000	
830.800000	21.916265	-22.127701	0.000000	
830.850000	21.935912	-22.112257	0.000000	
830.900000	21.955612	-22.096879	0.000000	
830.950000	21.975358	-22.081560	0.000000	
831.000000	21.995154	-22.066304	0.000000	
831.050000	22.015002	-22.051114	0.000000	
831.100000	22.034897	-22.035985	0.000000	
831.150000	22.054854	-22.020935	0.000000	
831.200000	22.074856	-22.005942	0.000000	
831.250000	22.094893	-21.990996	0.000000	
831.300000	22.114968	-21.976101	0.000000	
831.350000	22.135065	-21.961234	0.000000	
831.400000	22.155195	-21.946412	0.000000	
831.450000	22.175347	-21.931619	0.000000	
831.500000	22.195536	-21.916877	0.000000	
831.550000	22.215756	-21.902177	0.000000	
831.600000	22.236008	-21.887521	0.000000	
831.650000	22.256282	-21.872895	0.000000	
831.700000	22.276561	-21.858277	0.000000	
831.750000	22.296859	-21.843685	0.000000	
831.800000	22.317182	-21.829128	0.000000	
831.850000	22.337532	-21.814611	0.000000	
831.900000	22.357919	-21.800146	0.000000	
831.950000	22.378336	-21.785723	0.000000	
832.000000	22.398779	-21.771338	0.000000	
832.050000	22.419261	-21.757011	0.000000	
832.100000	22.439774	-21.742726	0.000000	
832.150000	22.460303	-21.728465	0.000000	
832.200000	22.480842	-21.714217	0.000000	
832.250000	22.501401	-21.699997	0.000000	
832.300000	22.521984	-21.685812	0.000000	
832.350000	22.542594	-21.671668	0.000000	
832.400000	22.563235	-21.657566	0.000000	
832.450000	22.583886	-21.643480	0.000000	
832.500000	22.604557	-21.629423	0.000000	
832.550000	22.625242	-21.615384	0.000000	
832.600000	22.645945	-21.601373	0.000000	
832.650000	22.666657	-21.587375	0.000000	
832.700000	22.687380	-21.573394	0.000000	
832.750000	22.708117	-21.559432	0.000000	
832.800000	22.728858	-21.545477	0.000000	
832.850000	22.749601	-21.531523	0.000000	
832.900000	22.770341	-21.517566	0.000000	
832.950000	22.791063	-21.503582	0.000000	
833.000000	22.811766	-21.489570	0.000000	
833.050000	22.832446	-21.475526	0.000000	
833.100000	22.853093	-21.461433	0.000000	
833.150000	22.873713	-21.447302	0.000000	
833.200000	22.894312	-21.433141	0.000000	
833.250000	22.914895	-21.418958	0.000000	
833.300000	22.935466	-21.404757	0.000000	
833.350000	22.956015	-21.390525	0.000000	
833.400000	22.976545	-21.376265	0.000000	
833.450000	22.997067	-21.361992	0.000000	
833.500000	23.017599	-21.347736	0.000000	
833.550000	23.038137	-21.333487	0.000000	
833.600000	23.058672	-21.319235	0.000000	
833.650000	23.079204	-21.304976	0.000000	
833.700000	23.099726	-21.290705	0.000000	
833.750000	23.120244	-21.276427	0.000000	
833.800000	23.140757	-21.262141	0.000000	
833.850000	23.161257	-21.247836	0.000000	
833.900000	23.181730	-21.233495	0.000000	
833.950000	23.202190	-21.219133	0.000000	
834.000000	23.222641	-21.204759	0.000000	
834.050000	23.243093	-21.190386	0.000000	
834.100000	23.263549	-21.176019	0.000000	
834.150000	23.284006	-21.161654	0.000000	
834.200000	23.304473	-21.147302	0.000000	
834.250000	23.324952	-21.132967	0.000000	
834.300000	23.345432	-21.118632	0.000000	
834.350000	23.365894	-21.104275	0.000000	
834.400000	23.386336	-21.089889	0.000000	
834.450000	23.406737	-21.075448	0.000000	
834.500000	23.427084	-21.060935	0.000000	
834.550000	23.447361	-21.046324	0.000000	
834.600000	23.467561	-21.031612	0.000000	
834.650000	23.487692	-21.016809	0.000000	
834.700000	23.507748	-21.001905	0.000000	
834.750000	23.527725	-20.986898	0.000000	
834.800000	23.547615	-20.971778	0.000000	
834.850000	23.567431	-20.956564	0.000000	
834.900000	23.587176	-20.941258	0.000000	
834.950000	23.606845	-20.925860	0.000000	
835.000000	23.626438	-20.910365	0.000000	
835.050000	23.645962	-20.894782	0.000000	
835.100000	23.665411	-20.879105	0.000000	
835.150000	23.684779	-20.863326	0.000000	
835.200000	23.704063	-20.847444	0.000000	
835.250000	23.723251	-20.831442	0.000000	
835.300000	23.742345	-20.815324	0.000000	
835.350000	23.761354	-20.799102	0.000000	
835.400000	23.780293	-20.782795	0.000000	
835.450000	23.799171	-20.766416	0.000000	
835.500000	23.817990	-20.749966	0.000000	
835.550000	23.836756	-20.733454	0.000000	
835.600000	23.855478	-20.716891	0.000000	
835.650000	23.874154	-20.700276	0.000000	
835.700000	23.892789	-20.683616	0.000000	
835.750000	23.911384	-20.666908	0.000000	
835.800000	23.929942	-20.650160	0.000000	
835.850000	23.948473	-20.633383	0.000000	
835.900000	23.966961	-20.616558	0.000000	
835.950000	23.985401	-20.599680	0.000000	
836.000000	24.003789	-20.582749	0.000000	
836.050000	24.022132	-20.565768	0.000000	
836.100000	24.040419	-20.548728	0.000000	
836.150000	24.058647	-20.531625	0.000000	
836.200000	24.076809	-20.514454	0.000000	
836.250000	24.094913	-20.497223	0.000000	
836.300000	24.112976	-20.479949	0.000000	
836.350000	24.130988	-20.462624	0.000000	
836.400000	24.148951	-20.445248	0.000000	
836.450000	24.166855	-20.427812	0.000000	
836.500000	24.184704	-20.410317	0.000000	
836.550000	24.202498	-20.392768	0.000000	
836.600000	24.220233	-20.375157	0.000000	
836.650000	24.237913	-20.357491	0.000000	
836.700000	24.255559	-20.339790	0.000000	
836.750000	24.273150	-20.322033	0.000000	
836.800000	24.290682	-20.304217	0.000000	
836.850000	24.308160	-20.286347	0.000000	
836.900000	24.325574	-20.268413	0.000000	
836.950000	24.342930	-20.250423	0.000000	
837.000000	24.360246	-20.232394	0.000000	
837.050000	24.377521	-20.214326	0.000000	
837.100000	24.394734	-20.196201	0.000000	
837.150000	24.411887	-20.178018	0.000000	
837.200000	24.428986	-20.159786	0.000000	
837.250000	24.446040	-20.141512	0.000000	
837.300000	24.463050	-20.123199	0.000000	
837.350000	24.480004	-20.104834	0.000000	
837.400000	24.496905	-20.086421	0.000000	
837.450000	24.513753	-20.067959	0.000000	
837.500000	24.530567	-20.049466	0.000000	
837.550000	24.547344	-20.030938	0.000000	
837.600000	24.564085	-20.012378	0.000000	
837.650000	24.580783	-19.993779	0.000000	
837.700000	24.597425	-19.975129	0.000000	
837.750000	24.613998	-19.956416	0.000000	
837.800000	24.630527	-19.937665	0.000000	
837.850000	24.647038	-19.918897	0.000000	
837.900000	24.663550	-19.900129	0.000000	
837.950000	24.680100	-19.881398	0.000000	
838.000000	24.696725	-19.862742	0.000000	
838.050000	24.713456	-19.844197	0.000000	
838.100000	24.730351	-19.825833	0.000000	
838.150000	24.747461	-19.807720	0.000000	
838.200000	24.764829	-19.789926	0.000000	
838.250000	24.782497	-19.772533	0.000000	
838.300000	24.800498	-19.755615	0.000000	
838.350000	24.818863	-19.739268	0.000000	
838.400000	24.837618	-19.723585	0.000000	
838.450000	24.856777	-19.708641	0.000000	
838.500000	24.876348	-19.694515	0.000000	
838.550000	24.896320	-19.681259	0.000000	
838.600000	24.916690	-19.668932	0.000000	
838.650000	24.937456	-19.657618	0.000000	
838.700000	24.958620	-19.647403	0.000000	
838.750000	24.980178	-19.638362	0.000000	
838.800000	25.002120	-19.630557	0.000000	
838.850000	25.024420	-19.624006	0.000000	
838.900000	25.047053	-19.618730	0.000000	
838.950000	25.069978	-19.614751	0.000000	
839.000000	25.093161	-19.612061	0.000000	
839.050000	25.116559	-19.610655	0.000000	
839.100000	25.140124	-19.610513	0.000000	
839.150000	25.163810	-19.611576	0.000000	
839.200000	25.187568	-19.613792	0.000000	
839.250000	25.211365	-19.617086	0.000000	
839.300000	25.235161	-19.621379	0.000000	
839.350000	25.258926	-19.626593	0.000000	
839.400000	25.282634	-19.632622	0.000000	
839.450000	25.306269	-19.639358	0.000000	
839.500000	25.329817	-19.646733	0.000000	
839.550000	25.353269	-19.654671	0.000000	
839.600000	25.376615	-19.663119	0.000000	
839.650000	25.399859	-19.672012	0.000000	
839.700000	25.423010	-19.681261	0.000000	
839.750000	25.446073	-19.690799	0.000000	
839.800000	25.469061	-19.700561	0.000000	
839.850000	25.491992	-19.710483	0.000000	
839.900000	25.514875	-19.720533	0.000000	
839.950000	25.537718	-19.730682	0.000000	
840.000000	25.560540	-19.740885	0.000000	
840.050000	25.583344	-19.751128	0.000000	
840.100000	25.606143	-19.761381	0.000000	
840.150000	25.628951	-19.771616	0.000000	
840.200000	25.651771	-19.781824	0.000000	
840.250000	25.674601	-19.792011	0.000000	
840.300000	25.697443	-19.802170	0.000000	
840.350000	25.720303	-19.812287	0.000000	
840.400000	25.743186	-19.822354	0.000000	
840.450000	25.766087	-19.832376	0.000000	
840.500000	25.789003	-19.842362	0.000000	
840.550000	25.811929	-19.852324	0.000000	
840.600000	25.834867	-19.862259	0.000000	
840.650000	25.857819	-19.872160	0.000000	
840.700000	25.880781	-19.882039	0.000000	
840.750000	25.903749	-19.891903	0.000000	
840.800000	25.926721	-19.901758	0.000000	
840.850000	25.949702	-19.911593	0.000000	
840.900000	25.972689	-19.921415	0.000000	
840.950000	25.995674	-19.931240	0.000000	
841.000000	26.018658	-19.941069	0.000000	
841.050000	26.041637	-19.950908	0.000000	
841.100000	26.064610	-19.960759	0.000000	
841.150000	26.087578	-19.970624	0.000000	
841.200000	26.110539	-19.980502	0.000000	
841.250000	26.133492	-19.990397	0.000000	
841.300000	26.156441	-20.000302	0.000000	
841.350000	26.179382	-20.010227	0.000000	
841.400000	26.202310	-20.020180	0.000000	
841.450000	26.225220	-20.030175	0.000000	
841.500000	26.248105	-20.040228	0.000000	
841.550000	26.270956	-20.050361	0.000000	
841.600000	26.293782	-20.060550	0.000000	
841.650000	26.316581	-20.070798	0.000000	
841.700000	26.339357	-20.081102	0.000000	
841.750000	26.362113	-20.091449	0.000000	
841.800000	26.384848	-20.101842	0.000000	
841.850000	26.407566	-20.112273	0.000000	
841.900000	26.430265	-20.122746	0.000000	
841.950000	26.452949	-20.133253	0.000000	
842.000000	26.475628	-20.143771	0.000000	
842.050000	26.498309	-20.154285	0.000000	
842.100000	26.520989	-20.164801	0.000000	
842.150000	26.543666	-20.175324	0.000000	
842.200000	26.566344	-20.185843	0.000000	
842.250000	26.589016	-20.196375	0.000000	
842.300000	26.611688	-20.206909	0.000000	
842.350000	26.634360	-20.217441	0.000000	
842.400000	26.657033	-20.227972	0.000000	
842.450000	26.679707	-20.238501	0.000000	
842.500000	26.702377	-20.249038	0.000000	
842.550000	26.725045	-20.259580	0.000000	
842.600000	26.747715	-20.270117	0.000000	
842.650000	26.770392	-20.280640	0.000000	
842.700000	26.793078	-20.291143	0.000000	
842.750000	26.815770	-20.301633	0.000000	
842.800000	26.838462	-20.312122	0.000000	
842.850000	26.861154	-20.322613	0.000000	
842.900000	26.883844	-20.333106	0.000000	
842.950000	26.906524	-20.343621	0.000000	
843.000000	26.929191	-20.354163	0.000000	
843.050000	26.951835	-20.364753	0.000000	
843.100000	26.974450	-20.375401	0.000000	
843.150000	26.997040	-20.386102	0.000000	
843.200000	27.019600	-20.396862	0.000000	
843.250000	27.042124	-20.407694	0.000000	
843.300000	27.064617	-20.418585	0.000000	
843.350000	27.087080	-20.429539	0.000000	
843.400000	27.109521	-20.440538	0.000000	
843.450000	27.131932	-20.451599	0.000000	
843.500000	27.154317	-20.462714	0.000000	
843.550000	27.176686	-20.473863	0.000000	
843.600000	27.199034	-20.485053	0.000000	
843.650000	27.221360	-20.496289	0.000000	
843.700000	27.243649	-20.507599	0.000000	
843.750000	27.265902	-20.518981	0.000000	
843.800000	27.288125	-20.530424	0.000000	
843.850000	27.310323	-20.541918	0.000000	
843.900000	27.332490	-20.553473	0.000000	
843.950000	27.354628	-20.565084	0.000000	
844.000000	27.376736	-20.576750	0.000000	
844.050000	27.398818	-20.588466	0.000000	
844.100000	27.420880	-20.600220	0.000000	
844.150000	27.442929	-20.612000	0.000000	
844.200000	27.464968	-20.623797	0.000000	
844.250000	27.487004	-20.635599	0.000000	
844.300000	27.509047	-20.647388	0.000000	
844.350000	27.531093	-20.659173	0.000000	
844.400000	27.553140	-20.670956	0.000000	
844.450000	27.575188	-20.682735	0.000000	
844.500000	27.597240	-20.694508	0.000000	
844.550000	27.619284	-20.706296	0.000000	
844.600000	27.641315	-20.718109	0.000000	
844.650000	27.663337	-20.729939	0.000000	
844.700000	27.685352	-20.741783	0.000000	
844.750000	27.707367	-20.753626	0.000000	
844.800000	27.729381	-20.765471	0.000000	
844.850000	27.751396	-20.777316	0.000000	
844.900000	27.773410	-20.789160	0.000000	
844.950000	27.795425	-20.801005	0.000000	
845.000000	27.817437	-20.812854	0.000000	
845.050000	27.839458	-20.824687	0.000000	
845.100000	27.861480	-20.836517	0.000000	
845.150000	27.883502	-20.848348	0.000000	
845.200000	27.905513	-20.860198	0.000000	
845.250000	27.927517	-20.872062	0.000000	
845.300000	27.949516	-20.883934	0.000000	
845.350000	27.971509	-20.895818	0.000000	
845.400000	27.993500	-20.907706	0.000000	
845.450000	28.015484	-20.919607	0.000000	
845.500000	28.037461	-20.931520	0.000000	
845.550000	28.059436	-20.943438	0.000000	
845.600000	28.081413	-20.955352	0.000000	
845.650000	28.103395	-20.967256	0.000000	
845.700000	28.125392	-20.979131	0.000000	
845.750000	28.147408	-20.990972	0.000000	
845.800000	28.169437	-21.002786	0.000000	
845.850000	28.191485	-21.014562	0.000000	
845.900000	28.213550	-21.026306	0.000000	
845.950000	28.235627	-21.038028	0.000000	
846.000000	28.257717	-21.049724	0.000000	
846.050000	28.279831	-21.061375	0.000000	
846.100000	28.301968	-21.072980	0.000000	
846.150000	28.324134	-21.084532	0.000000	
846.200000	28.346323	-21.096040	0.000000	
846.250000	28.368537	-21.107501	0.000000	
846.300000	28.390771	-21.118926	0.000000	
846.350000	28.413026	-21.130311	0.000000	
846.400000	28.435298	-21.141663	0.000000	
846.450000	28.457585	-21.152987	0.000000	
846.500000	28.479883	-21.164289	0.000000	
846.550000	28.502183	-21.175589	0.000000	
846.600000	28.524477	-21.186899	0.000000	
846.650000	28.546760	-21.198230	0.000000	
846.700000	28.569029	-21.209587	0.000000	
846.750000	28.591275	-21.220988	0.000000	
846.800000	28.613500	-21.232430	0.000000	
846.850000	28.635703	-21.243912	0.000000	
846.900000	28.657874	-21.255454	0.000000	
846.950000	28.680019	-21.267046	0.000000	
847.000000	28.702139	-21.278687	0.000000	
847.050000	28.724236	-21.290369	0.000000	
847.100000	28.746310	-21.302096	0.000000	
847.150000	28.768356	-21.313875	0.000000	
847.200000	28.790366	-21.325721	0.000000	
847.250000	28.812345	-21.337626	0.000000	
847.300000	28.834288	-21.349597	0.000000	
847.350000	28.856193	-21.361635	0.000000	
847.400000	28.878061	-21.373739	0.000000	
847.450000	28.899900	-21.385899	0.000000	
847.500000	28.921716	-21.398101	0.000000	
847.550000	28.943513	-21.410340	0.000000	
847.600000	28.965284	-21.422625	0.000000	
847.650000	28.987030	-21.434954	0.000000	
847.700000	29.008756	-21.447319	0.000000	
847.750000	29.030462	-21.459719	0.000000	
847.800000	29.052152	-21.472146	0.000000	
847.850000	29.073823	-21.484607	0.000000	
847.900000	29.095472	-21.497107	0.000000	
847.950000	29.117103	-21.509636	0.000000	
848.000000	29.138713	-21.522202	0.000000	
848.050000	29.160300	-21.534807	0.000000	
848.100000	29.181875	-21.547433	0.000000	
848.150000	29.203426	-21.560101	0.000000	
848.200000	29.224946	-21.572821	0.000000	
848.250000	29.246439	-21.585585	0.000000	
848.300000	29.267918	-21.598375	0.000000	
848.350000	29.289388	-21.611177	0.000000	
848.400000	29.310860	-21.623977	0.000000	
848.450000	29.332336	-21.636772	0.000000	
848.500000	29.353802	-21.649582	0.000000	
848.550000	29.375255	-21.662414	0.000000	
848.600000	29.396695	-21.675269	0.000000	
848.650000	29.418134	-21.688127	0.000000	
848.700000	29.439578	-21.700976	0.000000	
848.750000	29.461036	-21.713802	0.000000	
848.800000	29.482501	-21.726614	0.000000	
848.850000	29.503963	-21.739431	0.000000	
848.900000	29.525419	-21.752260	0.000000	
848.950000	29.546867	-21.765100	0.000000	
849.000000	29.568309	-21.777952	0.000000	
849.050000	29.589739	-21.790822	0.000000	
849.100000	29.611157	-21.803711	0.000000	
849.150000	29.632548	-21.816644	0.000000	
849.200000	29.653919	-21.829609	0.000000	
849.250000	29.675275	-21.842596	0.000000	
849.300000	29.696610	-21.855616	0.000000	
849.350000	29.717916	-21.868681	0.000000	
849.400000	29.739203	-21.881776	0.000000	
849.450000	29.760474	-21.894897	0.000000	
849.500000	29.781718	-21.908063	0.000000	
849.550000	29.802936	-21.921271	0.000000	
849.600000	29.824123	-21.934527	0.000000	
849.650000	29.845287	-21.947822	0.000000	
849.700000	29.866423	-21.961163	0.000000	
849.750000	29.887523	-21.974561	0.000000	
849.800000	29.908590	-21.988015	0.000000	
849.850000	29.929622	-22.001525	0.000000	
849.900000	29.950636	-22.015065	0.000000	
849.950000	29.971641	-22.028620	0.000000	
850.000000	29.992632	-22.042196	0.000000	
850.050000	30.013606	-22.055799	0.000000	
850.100000	30.034570	-22.069417	0.000000	
850.150000	30.055539	-22.083027	0.000000	
850.200000	30.076517	-22.096625	0.000000	
850.250000	30.097503	-22.110209	0.000000	
850.300000	30.118492	-22.123789	0.000000	
850.350000	30.139485	-22.137364	0.000000	
850.400000	30.160486	-22.150926	0.000000	
850.450000	30.181478	-22.164500	0.000000	
850.500000	30.202455	-22.178098	0.000000	
850.550000	30.223422	-22.191712	0.000000	
850.600000	30.244384	-22.205334	0.000000	
850.650000	30.265345	-22.218956	0.000000	
850.700000	30.286303	-22.232584	0.000000	
850.750000	30.307251	-22.246227	0.000000	
850.800000	30.328202	-22.259866	0.000000	
850.850000	30.349152	-22.273504	0.000000	
850.900000	30.370109	-22.287134	0.000000	
850.950000	30.391054	-22.300782	0.000000	
851.000000	30.411988	-22.314446	0.000000	
851.050000	30.432919	-22.328115	0.000000	
851.100000	30.453852	-22.341782	0.000000	
851.150000	30.474770	-22.355470	0.000000	
851.200000	30.495673	-22.369183	0.000000	
851.250000	30.516566	-22.382909	0.000000	
851.300000	30.537455	-22.396644	0.000000	
851.350000	30.558348	-22.410372	0.000000	
851.400000	30.579256	-22.424076	0.000000	
851.450000	30.600165	-22.437779	0.000000	
851.500000	30.621083	-22.451469	0.000000	
851.550000	30.642016	-22.465136	0.000000	
851.600000	30.662962	-22.478782	0.000000	
851.650000	30.683923	-22.492405	0.000000	
851.700000	30.704890	-22.506019	0.000000	
851.750000	30.725866	-22.519620	0.000000	
851.800000	30.746853	-22.533203	0.000000	
851.850000	30.767851	-22.546769	0.000000	
851.900000	30.788846	-22.560340	0.000000	
851.950000	30.809832	-22.573924	0.000000	
852.000000	30.830817	-22.587510	0.000000	
852.050000	30.851797	-22.601103	0.000000	
852.100000	30.872770	-22.614707	0.000000	
852.150000	30.893740	-22.628317	0.000000	
852.200000	30.914705	-22.641933	0.000000	
852.250000	30.935670	-22.655548	0.000000	
852.300000	30.956627	-22.669177	0.000000	
852.350000	30.977577	-22.682816	0.000000	
852.400000	30.998511	-22.696478	0.000000	
852.450000	31.019426	-22.710170	0.000000	
852.500000	31.040333	-22.723876	0.000000	
852.550000	31.061235	-22.737587	0.000000	
852.600000	31.082133	-22.751305	0.000000	
852.650000	31.103032	-22.765021	0.000000	
852.700000	31.123926	-22.778746	0.000000	
852.750000	31.144814	-22.792479	0.000000	
852.800000	31.165698	-22.806220	0.000000	
852.850000	31.186578	-22.819965	0.000000	
852.900000	31.207459	-22.833710	0.000000	
852.950000	31.228349	-22.847441	0.000000	
853.000000	31.249253	-22.861149	0.000000	
853.050000	31.270177	-22.874826	0.000000	
853.100000	31.291121	-22.888472	0.000000	
853.150000	31.312090	-22.902080	0.000000	
853.200000	31.333076	-22.915662	0.000000	
853.250000	31.354085	-22.929208	0.000000	
853.300000	31.375104	-22.942739	0.000000	
853.350000	31.396142	-22.956241	0.000000	
853.400000	31.417190	-22.969727	0.000000	
853.450000	31.438262	-22.983177	0.000000	
853.500000	31.459362	-22.996583	0.000000	
853.550000	31.480496	-23.009935	0.000000	
853.600000	31.501664	-23.023233	0.000000	
853.650000	31.522863	-23.036480	0.000000	
853.700000	31.544093	-23.049676	0.000000	
853.750000	31.565364	-23.062802	0.000000	
853.800000	31.586670	-23.075872	0.000000	
853.850000	31.607999	-23.088904	0.000000	
853.900000	31.629358	-23.101888	0.000000	
853.950000	31.650731	-23.114848	0.000000	
854.000000	31.672112	-23.127796	0.000000	
854.050000	31.693503	-23.140727	0.000000	
854.100000	31.714894	-23.153659	0.000000	
854.150000	31.736276	-23.166605	0.000000	
854.200000	31.757648	-23.179566	0.000000	
854.250000	31.779007	-23.192547	0.000000	
854.300000	31.800364	-23.205532	0.000000	
854.350000	31.821724	-23.218513	0.000000	
854.400000	31.843080	-23.231499	0.000000	
854.450000	31.864441	-23.244478	0.000000	
854.500000	31.885794	-23.257470	0.000000	
854.550000	31.907140	-23.270472	0.000000	
854.600000	31.928474	-23.283495	0.000000	
854.650000	31.949798	-23.296532	0.000000	
854.700000	31.971115	-23.309584	0.000000	
854.750000	31.992410	-23.322672	0.000000	
854.800000	32.013689	-23.335788	0.000000	
854.850000	32.034955	-23.348927	0.000000	
854.900000	32.056206	-23.362090	0.000000	
854.950000	32.077434	-23.375292	0.000000	
855.000000	32.098642	-23.388524	0.000000	
855.050000	32.119835	-23.401783	0.000000	
855.100000	32.141015	-23.415061	0.000000	
855.150000	32.162192	-23.428344	0.000000	
855.200000	32.183382	-23.441607	0.000000	
855.250000	32.204591	-23.454838	0.000000	
855.300000	32.225830	-23.468023	0.000000	
855.350000	32.247098	-23.481158	0.000000	
855.400000	32.268402	-23.494234	0.000000	
855.450000	32.289745	-23.507242	0.000000	
855.500000	32.311122	-23.520196	0.000000	
855.550000	32.332538	-23.533082	0.000000	
855.600000	32.353986	-23.545913	0.000000	
855.650000	32.375474	-23.558677	0.000000	
855.700000	32.397000	-23.571373	0.000000	
855.750000	32.418554	-23.584019	0.000000	
855.800000	32.440150	-23.596592	0.000000	
855.850000	32.461783	-23.609096	0.000000	
855.900000	32.483455	-23.621531	0.000000	
855.950000	32.505180	-23.633871	0.000000	
856.000000	32.526955	-23.646122	0.000000	
856.050000	32.548777	-23.658296	0.000000	
856.100000	32.570640	-23.670399	0.000000	
856.150000	32.592534	-23.682452	0.000000	
856.200000	32.614460	-23.694449	0.000000	
856.250000	32.636411	-23.706403	0.000000	
856.300000	32.658387	-23.718315	0.000000	
856.350000	32.680384	-23.730189	0.000000	
856.400000	32.702390	-23.742047	0.000000	
856.450000	32.724394	-23.753909	0.000000	
856.500000	32.746387	-23.765790	0.000000	
856.550000	32.768364	-23.777698	0.000000	
856.600000	32.790321	-23.789642	0.000000	
856.650000	32.812269	-23.801603	0.000000	
856.700000	32.834206	-23.813583	0.000000	
856.750000	32.856134	-23.825580	0.000000	
856.800000	32.878058	-23.837583	0.000000	
856.850000	32.899979	-23.849594	0.000000	
856.900000	32.921898	-23.861609	0.000000	
856.950000	32.943824	-23.873608	0.000000	
857.000000	32.965751	-23.885606	0.000000	
857.050000	32.987688	-23.897584	0.000000	
857.100000	33.009636	-23.909542	0.000000	
857.150000	33.031608	-23.921453	0.000000	
857.200000	33.053617	-23.933294	0.000000	
857.250000	33.075654	-23.945080	0.000000	
857.300000	33.097722	-23.956808	0.000000	
857.350000	33.119812	-23.968492	0.000000	
857.400000	33.141925	-23.980131	0.000000	
857.450000	33.164070	-23.991709	0.000000	
857.500000	33.186257	-24.003205	0.000000	
857.550000	33.208487	-24.014619	0.000000	
857.600000	33.230770	-24.025933	0.000000	
857.650000	33.253100	-24.037157	0.000000	
857.700000	33.275466	-24.048318	0.000000	
857.750000	33.297858	-24.059428	0.000000	
857.800000	33.320269	-24.070501	0.000000	
857.850000	33.342703	-24.081530	0.000000	
857.900000	33.365159	-24.092516	0.000000	
857.950000	33.387632	-24.103465	0.000000	
858.000000	33.410122	-24.114378	0.000000	
858.050000	33.432628	-24.125261	0.000000	
858.100000	33.455145	-24.136119	0.000000	
858.150000	33.477672	-24.146957	0.000000	
858.200000	33.500210	-24.157773	0.000000	
858.250000	33.522746	-24.168593	0.000000	
858.300000	33.545289	-24.179397	0.000000	
858.350000	33.567841	-24.190184	0.000000	
858.400000	33.590402	-24.200952	0.000000	
858.450000	33.612967	-24.211711	0.000000	
858.500000	33.635528	-24.222477	0.000000	
858.550000	33.658077	-24.233270	0.000000	
858.600000	33.680610	-24.244096	0.000000	
858.650000	33.703122	-24.254963	0.000000	
858.700000	33.725618	-24.265861	0.000000	
858.750000	33.748103	-24.276782	0.000000	
858.800000	33.770583	-24.287713	0.000000	
858.850000	33.793057	-24.298656	0.000000	
858.900000	33.815526	-24.309609	0.000000	
858.950000	33.837980	-24.320592	0.000000	
859.000000	33.860411	-24.331621	0.000000	
859.050000	33.882820	-24.342696	0.000000	
859.100000	33.905207	-24.353816	0.000000	
859.150000	33.927572	-24.364981	0.000000	
859.200000	33.949927	-24.376164	0.000000	
859.250000	33.972264	-24.387387	0.000000	
859.300000	33.994593	-24.398624	0.000000	
859.350000	34.016905	-24.409896	0.000000	
859.400000	34.039197	-24.421209	0.000000	
859.450000	34.061474	-24.432552	0.000000	
859.500000	34.083748	-24.443903	0.000000	
859.550000	34.106014	-24.455268	0.000000	
859.600000	34.128276	-24.466643	0.000000	
859.650000	34.150536	-24.478020	0.000000	
859.700000	34.172803	-24.489384	0.000000	
859.750000	34.195079	-24.500732	0.000000	
859.800000	34.217357	-24.512074	0.000000	
859.850000	34.239627	-24.523433	0.000000	
859.900000	34.261886	-24.534812	0.000000	
859.950000	34.284126	-24.546228	0.000000	
860.000000	34.306343	-24.557687	0.000000	
860.050000	34.328536	-24.569189	0.000000	
860.100000	34.350700	-24.580745	0.000000	
860.150000	34.372839	-24.592346	0.000000	
860.200000	34.394961	-24.603979	0.000000	
860.250000	34.417065	-24.615647	0.000000	
860.300000	34.439150	-24.627350	0.000000	
860.350000	34.461212	-24.639097	0.000000	
860.400000	34.483261	-24.650868	0.000000	
860.450000	34.505307	-24.662644	0.000000	
860.500000	34.527338	-24.674449	0.000000	
860.550000	34.549350	-24.686292	0.000000	
860.600000	34.571348	-24.698162	0.000000	
860.650000	34.593334	-24.710055	0.000000	
860.700000	34.615317	-24.721954	0.000000	
860.750000	34.637294	-24.733865	0.000000	
860.800000	34.659266	-24.745785	0.000000	
860.850000	34.681242	-24.757697	0.000000	
860.900000	34.703234	-24.769580	0.000000	
860.950000	34.725241	-24.781432	0.000000	
861.000000	34.747272	-24.793237	0.000000	
861.050000	34.769341	-24.804970	0.000000	
861.100000	34.791456	-24.816614	0.000000	
861.150000	34.813623	-24.828159	0.000000	
861.200000	34.835841	-24.839601	0.000000	
861.250000	34.858101	-24.850963	0.000000	
861.300000	34.880395	-24.862258	0.000000	
861.350000	34.902721	-24.873491	0.000000	
861.400000	34.925071	-24.884679	0.000000	
861.450000	34.947438	-24.895832	0.000000	
861.500000	34.969818	-24.906961	0.000000	
861.550000	34.992219	-24.918049	0.000000	
861.600000	35.014633	-24.929114	0.000000	
861.650000	35.037060	-24.940152	0.000000	
861.700000	35.059504	-24.951157	0.000000	
861.750000	35.081959	-24.962140	0.000000	
861.800000	35.104423	-24.973106	0.000000	
861.850000	35.126893	-24.984059	0.000000	
861.900000	35.149372	-24.994996	0.000000	
861.950000	35.171856	-25.005922	0.000000	
862.000000	35.194347	-25.016834	0.000000	
862.050000	35.216845	-25.027731	0.000000	
862.100000	35.239348	-25.038616	0.000000	
862.150000	35.261848	-25.049508	0.000000	
862.200000	35.284348	-25.060401	0.000000	
862.250000	35.306838	-25.071315	0.000000	
862.300000	35.329325	-25.082236	0.000000	
862.350000	35.351813	-25.093154	0.000000	
862.400000	35.374306	-25.104063	0.000000	
862.450000	35.396809	-25.114950	0.000000	
862.500000	35.419320	-25.125821	0.000000	
862.550000	35.441838	-25.136678	0.000000	
862.600000	35.464369	-25.147507	0.000000	
862.650000	35.486921	-25.158292	0.000000	
862.700000	35.509497	-25.169027	0.000000	
862.750000	35.532097	-25.179710	0.000000	
862.800000	35.554725	-25.190332	0.000000	
862.850000	35.577381	-25.200894	0.000000	
862.900000	35.600070	-25.211385	0.000000	
862.950000	35.622793	-25.221799	0.000000	
863.000000	35.645542	-25.232156	0.000000	
863.050000	35.668317	-25.242454	0.000000	
863.100000	35.691117	-25.252697	0.000000	
863.150000	35.713942	-25.262879	0.000000	
863.200000	35.736800	-25.272987	0.000000	
863.250000	35.759683	-25.283036	0.000000	
863.300000	35.782597	-25.293015	0.000000	
863.350000	35.805546	-25.302913	0.000000	
863.400000	35.828529	-25.312728	0.000000	
863.450000	35.851545	-25.322465	0.000000	
863.500000	35.874593	-25.332133	0.000000	
863.550000	35.897669	-25.341735	0.000000	
863.600000	35.920769	-25.351282	0.000000	
863.650000	35.943894	-25.360773	0.000000	
863.700000	35.967045	-25.370201	0.000000	
863.750000	35.990220	-25.379571	0.000000	
863.800000	36.013409	-25.388908	0.000000	
863.850000	36.036613	-25.398209	0.000000	
863.900000	36.059824	-25.407491	0.000000	
863.950000	36.083043	-25.416755	0.000000	
864.000000	36.106263	-25.426016	0.000000	
864.050000	36.129494	-25.435253	0.000000	
864.100000	36.152734	-25.444463	0.000000	
864.150000	36.175981	-25.453658	0.000000	
864.200000	36.199233	-25.462842	0.000000	
864.250000	36.222488	-25.472014	0.000000	
864.300000	36.245752	-25.481166	0.000000	
864.350000	36.269022	-25.490302	0.000000	
864.400000	36.292295	-25.499428	0.000000	
864.450000	36.315563	-25.508568	0.000000	
864.500000	36.338833	-25.517704	0.000000	
864.550000	36.362112	-25.526817	0.000000	
864.600000	36.385402	-25.535901	0.000000	
864.650000	36.408711	-25.544936	0.000000	
864.700000	36.432030	-25.553946	0.000000	
864.750000	36.455354	-25.562942	0.000000	
864.800000	36.478676	-25.571942	0.000000	
864.850000	36.501999	-25.580940	0.000000	
864.900000	36.525318	-25.589951	0.000000	
864.950000	36.548631	-25.598972	0.000000	
865.000000	36.571941	-25.608003	0.000000	
865.050000	36.595247	-25.617044	0.000000	
865.100000	36.618548	-25.626098	0.000000	
865.150000	36.641841	-25.635171	0.000000	
865.200000	36.665130	-25.644253	0.000000	
865.250000	36.688406	-25.653368	0.000000	
865.300000	36.711668	-25.662519	0.000000	
865.350000	36.734906	-25.671728	0.000000	
865.400000	36.758125	-25.680985	0.000000	
865.450000	36.781324	-25.690292	0.000000	
865.500000	36.804509	-25.699632	0.000000	
865.550000	36.827680	-25.709006	0.000000	
865.600000	36.850829	-25.718436	0.000000	
865.650000	36.873959	-25.727913	0.000000	
865.700000	36.897062	-25.737457	0.000000	
865.750000	36.920137	-25.747071	0.000000	
865.800000	36.943181	-25.756759	0.000000	
865.850000	36.966204	-25.766498	0.000000	
865.900000	36.989207	-25.776285	0.000000	
865.950000	37.012194	-25.786108	0.000000	
866.000000	37.035174	-25.795949	0.000000	
866.050000	37.058137	-25.805828	0.000000	
866.100000	37.081082	-25.815750	0.000000	
866.150000	37.104000	-25.825733	0.000000	
866.200000	37.126886	-25.835786	0.000000	
866.250000	37.149742	-25.845907	0.000000	
866.300000	37.172581	-25.856068	0.000000	
866.350000	37.195395	-25.866283	0.000000	
866.400000	37.218189	-25.876543	0.000000	
866.450000	37.240957	-25.886859	0.000000	
866.500000	37.263697	-25.897234	0.000000	
866.550000	37.286411	-25.907668	0.000000	
866.600000	37.309099	-25.918157	0.000000	
866.650000	37.331764	-25.928697	0.000000	
866.700000	37.354408	-25.939284	0.000000	
866.750000	37.377037	-25.949904	0.000000	
866.800000	37.399662	-25.960533	0.000000	
866.850000	37.422283	-25.971171	0.000000	
866.900000	37.444902	-25.981811	0.000000	
866.950000	37.467527	-25.992439	0.000000	
867.000000	37.490152	-26.003070	0.000000	
867.050000	37.512773	-26.013707	0.000000	
867.100000	37.535393	-26.024346	0.000000	
867.150000	37.558014	-26.034983	0.000000	
867.200000	37.580640	-26.045609	0.000000	
867.250000	37.603283	-26.056200	0.000000	
867.300000	37.625941	-26.066756	0.000000	
867.350000	37.648606	-26.077300	0.000000	
867.400000	37.671280	-26.087823	0.000000	
867.450000	37.693959	-26.098335	0.000000	
867.500000	37.716643	-26.108838	0.000000	
867.550000	37.739339	-26.119315	0.000000	
867.600000	37.762054	-26.129752	0.000000	
867.650000	37.784787	-26.140150	0.000000	
867.700000	37.807536	-26.150514	0.000000	
867.750000	37.830303	-26.160839	0.000000	
867.800000	37.853086	-26.171129	0.000000	
867.850000	37.875872	-26.181409	0.000000	
867.900000	37.898661	-26.191685	0.000000	
867.950000	37.921442	-26.201979	0.000000	
868.000000	37.944217	-26.212287	0.000000	
868.050000	37.966985	-26.222609	0.000000	
868.100000	37.989749	-26.232940	0.000000	
868.150000	38.012515	-26.243265	0.000000	
868.200000	38.035289	-26.253575	0.000000	
868.250000	38.058067	-26.263875	0.000000	
868.300000	38.080848	-26.274169	0.000000	
868.350000	38.103628	-26.284463	0.000000	
868.400000	38.126415	-26.294745	0.000000	
868.450000	38.149205	-26.305017	0.000000	
868.500000	38.172014	-26.315248	0.000000	
868.550000	38.194839	-26.325445	0.000000	
868.600000	38.217670	-26.335630	0.000000	
868.650000	38.240503	-26.345808	0.000000	
868.700000	38.263329	-26.356004	0.000000	
868.750000	38.286150	-26.366209	0.000000	
868.800000	38.308955	-26.376450	0.000000	
868.850000	38.331735	-26.386745	0.000000	
868.900000	38.354495	-26.397083	0.000000	
868.950000	38.377237	-26.407458	0.000000	
869.000000	38.399970	-26.417852	0.000000	
869.050000	38.422683	-26.428289	0.000000	
869.100000	38.445383	-26.438752	0.000000	
869.150000	38.468065	-26.449253	0.000000	
869.200000	38.490726	-26.459800	0.000000	
869.250000	38.513360	-26.470402	0.000000	
869.300000	38.535979	-26.481036	0.000000	
869.350000	38.558575	-26.491720	0.000000	
869.400000	38.581149	-26.502451	0.000000	
869.450000	38.603707	-26.513218	0.000000	
869.500000	38.626258	-26.523999	0.000000	
869.550000	38.648802	-26.534797	0.000000	
869.600000	38.671344	-26.545599	0.000000	
869.650000	38.693883	-26.556410	0.000000	
869.700000	38.716416	-26.567230	0.000000	
869.750000	38.738954	-26.578041	0.000000	
869.800000	38.761496	-26.588843	0.000000	
869.850000	38.784049	-26.599622	0.000000	
869.900000	38.806613	-26.610378	0.000000	
869.950000	38.829188	-26.621110	0.000000	
870.000000	38.851782	-26.631804	0.000000	
870.050000	38.874396	-26.642453	0.000000	
870.100000	38.897039	-26.653040	0.000000	
870.150000	38.919708	-26.663571	0.000000	
870.200000	38.942403	-26.674045	0.000000	
870.250000	38.965108	-26.684500	0.000000	
870.300000	38.987801	-26.694977	0.000000	
870.350000	39.010459	-26.705521	0.000000	
870.400000	39.033054	-26.716175	0.000000	
870.450000	39.055543	-26.727006	0.000000	
870.500000	39.077878	-26.738080	0.000000	
870.550000	39.100005	-26.749463	0.000000	
870.600000	39.121861	-26.761228	0.000000	
870.650000	39.143398	-26.773415	0.000000	
870.700000	39.164561	-26.786062	0.000000	
870.750000	39.185289	-26.799216	0.000000	
870.800000	39.205517	-26.812920	0.000000	
870.850000	39.225189	-26.827201	0.000000	
870.900000	39.244250	-26.842083	0.000000	
870.950000	39.262641	-26.857583	0.000000	
871.000000	39.280315	-26.873713	0.000000	
871.050000	39.297215	-26.890499	0.000000	
871.100000	39.313275	-26.907971	0.000000	
871.150000	39.328448	-26.926147	0.000000	
871.200000	39.342692	-26.945032	0.000000	
871.250000	39.355960	-26.964627	0.000000	
871.300000	39.368229	-26.984898	0.000000	
871.350000	39.379489	-27.005800	0.000000	
871.400000	39.389751	-27.027302	0.000000	
871.450000	39.399038	-27.049354	0.000000	
871.500000	39.407383	-27.071894	0.000000	
871.550000	39.414820	-27.094870	0.000000	
871.600000	39.421398	-27.118228	0.000000	
871.650000	39.427167	-27.141909	0.000000	
871.700000	39.432168	-27.165870	0.000000	
871.750000	39.436477	-27.190063	0.000000	
871.800000	39.440151	-27.214449	0.000000	
871.850000	39.443248	-27.238990	0.000000	
871.900000	39.445842	-27.263655	0.000000	
871.950000	39.448004	-27.288417	0.000000	
872.000000	39.449806	-27.313252	0.000000	
872.050000	39.451317	-27.338140	0.000000	
872.100000	39.452568	-27.363068	0.000000	
872.150000	39.453628	-27.388022	0.000000	
872.200000	39.454541	-27.412992	0.000000	
872.250000	39.455346	-27.437972	0.000000	
872.300000	39.456086	-27.462957	0.000000	
872.350000	39.456784	-27.487944	0.000000	
872.400000	39.457461	-27.512931	0.000000	
872.450000	39.458120	-27.537919	0.000000	
872.500000	39.458759	-27.562907	0.000000	
872.550000	39.459392	-27.587895	0.000000	
872.600000	39.460019	-27.612883	0.000000	
872.650000	39.460640	-27.637871	0.000000	
872.700000	39.461254	-27.662859	0.000000	
872.750000	39.461872	-27.687847	0.000000	
872.800000	39.462497	-27.712836	0.000000	
872.850000	39.463114	-27.737824	0.000000	
872.900000	39.463741	-27.762812	0.000000	
872.950000	39.464372	-27.787800	0.000000	
873.000000	39.464977	-27.812788	0.000000	
873.050000	39.465533	-27.837778	0.000000	
873.100000	39.466024	-27.862770	0.000000	
873.150000	39.466458	-27.887762	0.000000	
873.200000	39.466833	-27.912757	0.000000	
873.250000	39.467152	-27.937752	0.000000	
873.300000	39.467425	-27.962749	0.000000	
873.350000	39.467657	-27.987747	0.000000	
873.400000	39.467854	-28.012746	0.000000	
873.450000	39.468028	-28.037745	0.000000	
873.500000	39.468200	-28.062744	0.000000	
873.550000	39.468366	-28.087742	0.000000	
873.600000	39.468537	-28.112741	0.000000	
873.650000	39.468735	-28.137739	0.000000	
873.700000	39.468957	-28.162737	0.000000	
873.750000	39.469221	-28.187734	0.000000	
873.800000	39.469521	-28.212731	0.000000	
873.850000	39.469848	-28.237727	0.000000	
873.900000	39.470228	-28.262721	0.000000	
873.950000	39.470630	-28.287714	0.000000	
874.000000	39.471028	-28.312708	0.000000	
874.050000	39.471420	-28.337702	0.000000	
874.100000	39.471804	-28.362696	0.000000	
874.150000	39.472176	-28.387689	0.000000	
874.200000	39.472552	-28.412683	0.000000	
874.250000	39.472925	-28.437677	0.000000	
874.300000	39.473302	-28.462671	0.000000	
874.350000	39.473672	-28.487665	0.000000	
874.400000	39.474028	-28.512658	0.000000	
874.450000	39.474378	-28.537652	0.000000	
874.500000	39.474709	-28.562646	0.000000	
874.550000	39.475002	-28.587639	0.000000	
874.600000	39.475258	-28.612632	0.000000	
874.650000	39.475458	-28.637625	0.000000	
874.700000	39.475599	-28.662618	0.000000	
874.750000	39.475678	-28.687611	0.000000	
874.800000	39.475701	-28.712604	0.000000	
874.850000	39.475661	-28.737598	0.000000	
874.900000	39.475560	-28.762593	0.000000	
874.950000	39.475386	-28.787589	0.000000	
875.000000	39.475147	-28.812586	0.000000	
875.050000	39.474871	-28.837583	0.000000	
875.100000	39.474575	-28.862580	0.000000	
875.150000	39.474279	-28.887577	0.000000	
875.200000	39.473982	-28.912574	0.000000	
875.250000	39.473682	-28.937571	0.000000	
875.300000	39.473386	-28.962568	0.000000	
875.350000	39.473070	-28.987565	0.000000	
875.400000	39.472741	-29.012562	0.000000	
875.450000	39.472390	-29.037558	0.000000	
875.500000	39.472017	-29.062555	0.000000	
875.550000	39.471618	-29.087550	0.000000	
875.600000	39.471185	-29.112545	0.000000	
875.650000	39.470736	-29.137539	0.000000	
875.700000	39.470292	-29.162533	0.000000	
875.750000	39.469833	-29.187526	0.000000	
875.800000	39.469380	-29.212520	0.000000	
875.850000	39.468899	-29.237513	0.000000	
875.900000	39.468404	-29.262506	0.000000	
875.950000	39.467883	-29.287498	0.000000	
876.000000	39.467355	-29.312490	0.000000	
876.050000	39.466815	-29.337482	0.000000	
876.100000	39.466237	-29.362473	0.000000	
876.150000	39.465630	-29.387463	0.000000	
876.200000	39.464978	-29.412452	0.000000	
876.250000	39.464283	-29.437440	0.000000	
876.300000	39.463545	-29.462427	0.000000	
876.350000	39.462756	-29.487413	0.000000	
876.400000	39.461936	-29.512399	0.000000	
876.450000	39.461099	-29.537384	0.000000	
876.500000	39.460265	-29.562369	0.000000	
876.550000	39.459447	-29.587354	0.000000	
876.600000	39.458660	-29.612341	0.000000	
876.650000	39.457925	-29.637328	0.000000	
876.700000	39.457225	-29.662317	0.000000	
876.750000	39.456559	-29.687306	0.000000	
876.800000	39.455940	-29.712296	0.000000	
876.850000	39.455344	-29.737285	0.000000	
876.900000	39.454802	-29.762276	0.000000	
876.950000	39.454318	-29.787267	0.000000	
877.000000	39.453885	-29.812259	0.000000	
877.050000	39.453497	-29.837250	0.000000	
877.100000	39.453158	-29.862242	0.000000	
877.150000	39.452885	-29.887235	0.000000	
877.200000	39.452676	-29.912228	0.000000	
877.250000	39.452542	-29.937222	0.000000	
877.300000	39.452470	-29.962217	0.000000	
877.350000	39.452448	-29.987213	0.000000	
877.400000	39.452464	-30.012211	0.000000	
877.450000	39.452510	-30.037208	0.000000	
877.500000	39.452581	-30.062206	0.000000	
877.550000	39.452678	-30.087205	0.000000	
877.600000	39.452796	-30.112203	0.000000	
877.650000	39.452924	-30.137202	0.000000	
877.700000	39.453071	-30.162200	0.000000	
877.750000	39.453250	-30.187198	0.000000	
877.800000	39.453466	-30.212196	0.000000	
877.850000	39.453699	-30.237194	0.000000	
877.900000	39.453971	-30.262191	0.000000	
877.950000	39.454258	-30.287187	0.000000	
878.000000	39.454545	-30.312184	0.000000	
878.050000	39.454831	-30.337181	0.000000	
878.100000	39.455112	-30.362177	0.000000	
878.150000	39.455392	-30.387174	0.000000	
878.200000	39.455676	-30.412171	0.000000	
878.250000	39.455943	-30.437168	0.000000	
878.300000	39.456178	-30.462165	0.000000	
878.350000	39.456401	-30.487162	0.000000	
878.400000	39.456623	-30.512160	0.000000	
878.450000	39.456868	-30.537157	0.000000	
878.500000	39.457145	-30.562154	0.000000	
878.550000	39.457457	-30.587151	0.000000	
878.600000	39.457811	-30.612146	0.000000	
878.650000	39.458207	-30.637141	0.000000	
878.700000	39.458642	-30.662135	0.000000	
878.750000	39.459086	-30.687130	0.000000	
878.800000	39.459525	-30.712124	0.000000	
878.850000	39.459940	-30.737119	0.000000	
878.900000	39.460324	-30.762114	0.000000	
878.950000	39.460658	-30.787109	0.000000	
879.000000	39.460964	-30.812105	0.000000	
879.050000	39.461261	-30.837101	0.000000	
879.100000	39.461558	-30.862097	0.000000	
879.150000	39.461857	-30.887093	0.000000	
879.200000	39.462165	-30.912089	0.000000	
879.250000	39.462482	-30.937084	0.000000	
879.300000	39.462830	-30.962079	0.000000	
879.350000	39.463226	-30.987074	0.000000	
879.400000	39.463664	-31.012067	0.000000	
879.450000	39.464138	-31.037060	0.000000	
879.500000	39.464629	-31.062053	0.000000	
879.550000	39.465122	-31.087046	0.000000	
879.600000	39.465619	-31.112039	0.000000	
879.650000	39.466096	-31.137032	0.000000	
879.700000	39.466562	-31.162025	0.000000	
879.750000	39.467034	-31.187019	0.000000	
879.800000	39.467530	-31.212012	0.000000	
879.850000	39.468064	-31.237003	0.000000	
879.900000	39.468652	-31.261993	0.000000	
879.950000	39.469303	-31.286982	0.000000	
880.000000	39.470015	-31.311970	0.000000	
880.050000	39.470763	-31.336957	0.000000	
880.100000	39.471524	-31.361944	0.000000	
880.150000	39.472302	-31.386930	0.000000	
880.200000	39.473080	-31.411917	0.000000	
880.250000	39.473862	-31.436904	0.000000	
880.300000	39.474635	-31.461890	0.000000	
880.350000	39.475395	-31.486877	0.000000	
880.400000	39.476135	-31.511865	0.000000	
880.450000	39.476839	-31.536853	0.000000	
880.500000	39.477529	-31.561842	0.000000	
880.550000	39.478197	-31.586831	0.000000	
880.600000	39.478843	-31.611820	0.000000	
880.650000	39.479461	-31.636810	0.000000	
880.700000	39.480065	-31.661799	0.000000	
880.750000	39.480630	-31.686790	0.000000	
880.800000	39.481136	-31.711781	0.000000	
880.850000	39.481595	-31.736773	0.000000	
880.900000	39.482008	-31.761766	0.000000	
880.950000	39.482350	-31.786761	0.000000	
881.000000	39.482642	-31.811757	0.000000	
881.050000	39.482889	-31.836754	0.000000	
881.100000	39.483109	-31.861752	0.000000	
881.150000	39.483314	-31.886750	0.000000	
881.200000	39.483482	-31.911748	0.000000	
881.250000	39.483611	-31.936747	0.000000	
881.300000	39.483680	-31.961745	0.000000	
881.350000	39.483688	-31.986743	0.000000	
881.400000	39.483620	-32.011739	0.000000	
881.450000	39.483487	-32.036736	0.000000	
881.500000	39.483305	-32.061731	0.000000	
881.550000	39.483063	-32.086726	0.000000	
881.600000	39.482789	-32.111721	0.000000	
881.650000	39.482484	-32.136715	0.000000	
881.700000	39.482124	-32.161708	0.000000	
881.750000	39.481695	-32.186700	0.000000	
881.800000	39.481213	-32.211691	0.000000	
881.850000	39.480708	-32.236681	0.000000	
881.900000	39.480155	-32.261671	0.000000	
881.950000	39.479554	-32.286659	0.000000	
882.000000	39.478913	-32.311647	0.000000	
882.050000	39.478200	-32.336633	0.000000	
882.100000	39.477418	-32.361617	0.000000	
882.150000	39.476576	-32.386600	0.000000	
882.200000	39.475660	-32.411581	0.000000	
882.250000	39.474683	-32.436561	0.000000	
882.300000	39.473643	-32.461537	0.000000	
882.350000	39.472540	-32.486511	0.000000	
882.400000	39.471379	-32.511481	0.000000	
882.450000	39.470175	-32.536448	0.000000	
882.500000	39.468925	-32.561413	0.000000	
882.550000	39.467618	-32.586374	0.000000	
882.600000	39.466255	-32.611332	0.000000	
882.650000	39.464838	-32.636287	0.000000	
882.700000	39.463359	-32.661240	0.000000	
882.750000	39.461848	-32.686191	0.000000	
882.800000	39.460314	-32.711140	0.000000	
882.850000	39.458746	-32.736087	0.000000	
882.900000	39.457124	-32.761032	0.000000	
882.950000	39.455450	-32.785973	0.000000	
883.000000	39.453719	-32.810910	0.000000	
883.050000	39.451942	-32.835845	0.000000	
883.100000	39.450136	-32.860778	0.000000	
883.150000	39.448294	-32.885709	0.000000	
883.200000	39.446412	-32.910637	0.000000	
883.250000	39.444519	-32.935565	0.000000	
883.300000	39.442603	-32.960491	0.000000	
883.350000	39.440698	-32.985417	0.000000	
883.400000	39.438823	-33.010346	0.000000	
883.450000	39.436969	-33.035276	0.000000	
883.500000	39.435146	-33.060209	0.000000	
883.550000	39.433343	-33.085142	0.000000	
883.600000	39.431574	-33.110079	0.000000	
883.650000	39.429834	-33.135017	0.000000	
883.700000	39.428109	-33.159956	0.000000	
883.750000	39.426419	-33.184897	0.000000	
883.800000	39.424736	-33.209838	0.000000	
883.850000	39.423065	-33.234781	0.000000	
883.900000	39.421399	-33.259724	0.000000	
883.950000	39.419753	-33.284668	0.000000	
884.000000	39.418148	-33.309615	0.000000	
884.050000	39.416573	-33.334564	0.000000	
884.100000	39.415034	-33.359515	0.000000	
884.150000	39.413548	-33.384470	0.000000	
884.200000	39.412134	-33.409428	0.000000	
884.250000	39.410772	-33.434389	0.000000	
884.300000	39.409445	-33.459352	0.000000	
884.350000	39.408164	-33.484318	0.000000	
884.400000	39.406904	-33.509284	0.000000	
884.450000	39.405644	-33.534251	0.000000	
884.500000	39.404402	-33.559218	0.000000	
884.550000	39.403158	-33.584186	0.000000	
884.600000	39.401927	-33.609154	0.000000	
884.650000	39.400690	-33.634122	0.000000	
884.700000	39.399455	-33.659090	0.000000	
884.750000	39.398231	-33.684058	0.000000	
884.800000	39.397016	-33.709027	0.000000	
884.850000	39.395817	-33.733997	0.000000	
884.900000	39.394627	-33.758967	0.000000	
884.950000	39.393474	-33.783939	0.000000	
885.000000	39.392334	-33.808912	0.000000	
885.050000	39.391198	-33.833885	0.000000	
885.100000	39.390060	-33.858858	0.000000	
885.150000	39.388901	-33.883830	0.000000	
885.200000	39.387713	-33.908801	0.000000	
885.250000	39.386481	-33.933769	0.000000	
885.300000	39.385217	-33.958737	0.000000	
885.350000	39.383936	-33.983703	0.000000	
885.400000	39.382640	-34.008669	0.000000	
885.450000	39.381345	-34.033634	0.000000	
885.500000	39.380058	-34.058601	0.000000	
885.550000	39.378767	-34.083567	0.000000	
885.600000	39.377486	-34.108533	0.000000	
885.650000	39.376206	-34.133500	0.000000	
885.700000	39.374933	-34.158467	0.000000	
885.750000	39.373637	-34.183432	0.000000	
885.800000	39.372298	-34.208395	0.000000	
885.850000	39.370926	-34.233356	0.000000	
885.900000	39.369526	-34.258316	0.000000	
885.950000	39.368108	-34.283274	0.000000	
886.000000	39.366640	-34.308229	0.000000	
886.050000	39.365120	-34.333181	0.000000	
886.100000	39.363545	-34.358128	0.000000	
886.150000	39.361908	-34.383071	0.000000	
886.200000	39.360235	-34.408010	0.000000	
886.250000	39.358531	-34.432948	0.000000	
886.300000	39.356784	-34.457882	0.000000	
886.350000	39.354984	-34.482811	0.000000	
886.400000	39.353111	-34.507734	0.000000	
886.450000	39.351173	-34.532653	0.000000	
886.500000	39.349167	-34.557567	0.000000	
886.550000	39.347116	-34.582478	0.000000	
886.600000	39.345037	-34.607387	0.000000	
886.650000	39.342924	-34.632294	0.000000	
886.700000	39.340791	-34.657199	0.000000	
886.750000	39.338647	-34.682104	0.000000	
886.800000	39.336499	-34.707009	0.000000	
886.850000	39.334367	-34.731915	0.000000	
886.900000	39.332230	-34.756821	0.000000	
886.950000	39.330089	-34.781726	0.000000	
887.000000	39.327957	-34.806632	0.000000	
887.050000	39.325849	-34.831540	0.000000	
887.100000	39.323772	-34.856450	0.000000	
887.150000	39.321737	-34.881363	0.000000	
887.200000	39.319775	-34.906282	0.000000	
887.250000	39.317851	-34.931205	0.000000	
887.300000	39.315961	-34.956129	0.000000	
887.350000	39.314111	-34.981057	0.000000	
887.400000	39.312326	-35.005990	0.000000	
887.450000	39.310631	-35.030930	0.000000	
887.500000	39.309006	-35.055874	0.000000	
887.550000	39.307434	-35.080823	0.000000	
887.600000	39.305893	-35.105774	0.000000	
887.650000	39.304355	-35.130726	0.000000	
887.700000	39.302803	-35.155676	0.000000	
887.750000	39.301235	-35.180625	0.000000	
887.800000	39.299666	-35.205574	0.000000	
887.850000	39.298108	-35.230524	0.000000	
887.900000	39.296566	-35.255474	0.000000	
887.950000	39.295052	-35.280427	0.000000	
888.000000	39.293577	-35.305381	0.000000	
888.050000	39.292135	-35.330337	0.000000	
888.100000	39.290741	-35.355296	0.000000	
888.150000	39.289395	-35.380256	0.000000	
888.200000	39.288095	-35.405218	0.000000	
888.250000	39.286836	-35.430182	0.000000	
888.300000	39.285645	-35.455148	0.000000	
888.350000	39.284519	-35.480115	0.000000	
888.400000	39.283461	-35.505085	0.000000	
888.450000	39.282471	-35.530057	0.000000	
888.500000	39.281520	-35.555029	0.000000	
888.550000	39.280614	-35.580003	0.000000	
888.600000	39.279774	-35.604978	0.000000	
888.650000	39.278995	-35.629956	0.000000	
888.700000	39.278296	-35.654936	0.000000	
888.750000	39.277685	-35.679921	0.000000	
888.800000	39.277172	-35.704910	0.000000	
888.850000	39.276751	-35.729901	0.000000	
888.900000	39.276435	-35.754895	0.000000	
888.950000	39.276198	-35.779890	0.000000	
889.000000	39.276033	-35.804886	0.000000	
889.050000	39.275924	-35.829884	0.000000	
889.100000	39.275859	-35.854882	0.000000	
889.150000	39.275842	-35.879880	0.000000	
889.200000	39.275866	-35.904878	0.000000	
889.250000	39.275914	-35.929877	0.000000	
889.300000	39.275975	-35.954876	0.000000	
889.350000	39.276039	-35.979875	0.000000	
889.400000	39.276091	-36.004873	0.000000	
889.450000	39.276120	-36.029872	0.000000	
889.500000	39.276105	-36.054870	0.000000	
889.550000	39.276061	-36.079867	0.000000	
889.600000	39.275986	-36.104864	0.000000	
889.650000	39.275875	-36.129860	0.000000	
889.700000	39.275760	-36.154856	0.000000	
889.750000	39.275626	-36.179852	0.000000	
889.800000	39.275498	-36.204848	0.000000	
889.850000	39.275354	-36.229844	0.000000	
889.900000	39.275170	-36.254840	0.000000	
889.950000	39.274944	-36.279836	0.000000	
890.000000	39.274696	-36.304832	0.000000	
890.050000	39.274416	-36.329828	0.000000	
890.100000	39.274098	-36.354824	0.000000	
890.150000	39.273741	-36.379819	0.000000	
890.200000	39.273314	-36.404814	0.000000	
890.250000	39.272824	-36.429807	0.000000	
890.300000	39.272279	-36.454800	0.000000	
890.350000	39.271673	-36.479790	0.000000	
890.400000	39.271002	-36.504778	0.000000	
890.450000	39.270268	-36.529764	0.000000	
890.500000	39.269479	-36.554747	0.000000	
890.550000	39.268627	-36.579727	0.000000	
890.600000	39.267725	-36.604704	0.000000	
890.650000	39.266775	-36.629679	0.000000	
890.700000	39.265791	-36.654652	0.000000	
890.750000	39.264754	-36.679623	0.000000	
890.800000	39.263682	-36.704593	0.000000	
890.850000	39.262559	-36.729562	0.000000	
890.900000	39.261379	-36.754528	0.000000	
890.950000	39.260152	-36.779493	0.000000	
891.000000	39.258857	-36.804455	0.000000	
891.050000	39.257489	-36.829414	0.000000	
891.100000	39.256047	-36.854370	0.000000	
891.150000	39.254532	-36.879321	0.000000	
891.200000	39.252957	-36.904270	0.000000	
891.250000	39.251346	-36.929216	0.000000	
891.300000	39.249723	-36.954162	0.000000	
891.350000	39.248088	-36.979107	0.000000	
891.400000	39.246446	-37.004052	0.000000	
891.450000	39.244812	-37.028997	0.000000	
891.500000	39.243210	-37.053944	0.000000	
891.550000	39.241650	-37.078893	0.000000	
891.600000	39.240150	-37.103846	0.000000	
891.650000	39.238712	-37.128801	0.000000	
891.700000	39.237312	-37.153759	0.000000	
891.750000	39.235934	-37.178717	0.000000	
891.800000	39.234566	-37.203677	0.000000	
891.850000	39.233212	-37.228636	0.000000	
891.900000	39.231862	-37.253596	0.000000	
891.950000	39.230544	-37.278558	0.000000	
892.000000	39.229274	-37.303521	0.000000	
892.050000	39.228044	-37.328487	0.000000	
892.100000	39.226852	-37.353454	0.000000	
892.150000	39.225706	-37.378424	0.000000	
892.200000	39.224617	-37.403398	0.000000	
892.250000	39.223580	-37.428375	0.000000	
892.300000	39.222584	-37.453354	0.000000	
892.350000	39.221604	-37.478333	0.000000	
892.400000	39.220638	-37.503314	0.000000	
892.450000	39.219707	-37.528295	0.000000	
892.500000	39.218816	-37.553279	0.000000	
892.550000	39.217943	-37.578263	0.000000	
892.600000	39.217100	-37.603247	0.000000	
892.650000	39.216276	-37.628232	0.000000	
892.700000	39.215469	-37.653217	0.000000	
892.750000	39.214693	-37.678203	0.000000	
892.800000	39.213963	-37.703190	0.000000	
892.850000	39.213292	-37.728179	0.000000	
892.900000	39.212684	-37.753168	0.000000	
892.950000	39.212157	-37.778158	0.000000	
893.000000	39.211712	-37.803149	0.000000	
893.050000	39.211324	-37.828138	0.000000	
893.100000	39.210997	-37.853129	0.000000	
893.150000	39.210737	-37.878120	0.000000	
893.200000	39.210544	-37.903112	0.000000	
893.250000	39.210418	-37.928104	0.000000	
893.300000	39.210363	-37.953097	0.000000	
893.350000	39.210395	-37.978090	0.000000	
893.400000	39.210540	-38.003082	0.000000	
893.450000	39.210791	-38.028074	0.000000	
893.500000	39.211139	-38.053065	0.000000	
893.550000	39.211570	-38.078055	0.000000	
893.600000	39.212083	-38.103044	0.000000	
893.650000	39.212664	-38.128032	0.000000	
893.700000	39.213305	-38.153019	0.000000	
893.750000	39.213993	-38.178006	0.000000	
893.800000	39.214731	-38.202992	0.000000	
893.850000	39.215499	-38.227977	0.000000	
893.900000	39.216304	-38.252962	0.000000	
893.950000	39.217126	-38.277947	0.000000	
894.000000	39.217950	-38.302932	0.000000	
894.050000	39.218775	-38.327917	0.000000	
894.100000	39.219605	-38.352901	0.000000	
894.150000	39.220443	-38.377886	0.000000	
894.200000	39.221282	-38.402870	0.000000	
894.250000	39.222110	-38.427854	0.000000	
894.300000	39.222935	-38.452839	0.000000	
894.350000	39.223740	-38.477824	0.000000	
894.400000	39.224514	-38.502810	0.000000	
894.450000	39.225246	-38.527797	0.000000	
894.500000	39.225939	-38.552785	0.000000	
894.550000	39.226580	-38.577775	0.000000	
894.600000	39.227157	-38.602766	0.000000	
894.650000	39.227672	-38.627759	0.000000	
894.700000	39.228137	-38.652752	0.000000	
894.750000	39.228569	-38.677747	0.000000	
894.800000	39.228967	-38.702742	0.000000	
894.850000	39.229322	-38.727738	0.000000	
894.900000	39.229646	-38.752734	0.000000	
894.950000	39.229929	-38.777730	0.000000	
895.000000	39.230188	-38.802727	0.000000	
895.050000	39.230415	-38.827725	0.000000	
895.100000	39.230610	-38.852723	0.000000	
895.150000	39.230786	-38.877721	0.000000	
895.200000	39.230961	-38.902720	0.000000	
895.250000	39.231139	-38.927718	0.000000	
895.300000	39.231341	-38.952716	0.000000	
895.350000	39.231559	-38.977714	0.000000	
895.400000	39.231799	-39.002711	0.000000	
895.450000	39.232054	-39.027709	0.000000	
895.500000	39.232317	-39.052705	0.000000	
895.550000	39.232595	-39.077702	0.000000	
895.600000	39.232886	-39.102698	0.000000	
895.650000	39.233210	-39.127695	0.000000	
895.700000	39.233557	-39.152690	0.000000	
895.750000	39.233923	-39.177686	0.000000	
895.800000	39.234312	-39.202682	0.000000	
895.850000	39.234712	-39.227677	0.000000	
895.900000	39.235147	-39.252672	0.000000	
895.950000	39.235599	-39.277667	0.000000	
896.000000	39.236064	-39.302661	0.000000	
896.050000	39.236526	-39.327656	0.000000	
896.100000	39.237008	-39.352651	0.000000	
896.150000	39.237505	-39.377645	0.000000	
896.200000	39.238012	-39.402640	0.000000	
896.250000	39.238536	-39.427633	0.000000	
896.300000	39.239084	-39.452626	0.000000	
896.350000	39.239645	-39.477619	0.000000	
896.400000	39.240235	-39.502610	0.000000	
896.450000	39.240862	-39.527600	0.000000	
896.500000	39.241543	-39.552587	0.000000	
896.550000	39.242291	-39.577571	0.000000	
896.600000	39.243100	-39.602552	0.000000	
896.650000	39.243980	-39.627529	0.000000	
896.700000	39.244933	-39.652502	0.000000	
896.750000	39.245968	-39.677472	0.000000	
896.800000	39.247094	-39.702435	0.000000	
896.850000	39.248290	-39.727396	0.000000	
896.900000	39.249559	-39.752352	0.000000	
896.950000	39.250887	-39.777306	0.000000	
897.000000	39.252295	-39.802257	0.000000	
897.050000	39.253782	-39.827204	0.000000	
897.100000	39.255367	-39.852146	0.000000	
897.150000	39.257032	-39.877085	0.000000	
897.200000	39.258752	-39.902022	0.000000	
897.250000	39.260513	-39.926956	0.000000	
897.300000	39.262319	-39.951889	0.000000	
897.350000	39.264151	-39.976819	0.000000	
897.400000	39.266021	-40.001748	0.000000	
897.450000	39.267912	-40.026675	0.000000	
897.500000	39.269825	-40.051601	0.000000	
897.550000	39.271742	-40.076527	0.000000	
897.600000	39.273641	-40.101454	0.000000	
897.650000	39.275523	-40.126382	0.000000	
897.700000	39.277396	-40.151311	0.000000	
897.750000	39.279241	-40.176241	0.000000	
897.800000	39.281050	-40.201175	0.000000	
897.850000	39.282801	-40.226112	0.000000	
897.900000	39.284523	-40.251052	0.000000	
897.950000	39.286206	-40.275994	0.000000	
898.000000	39.287844	-40.300938	0.000000	
898.050000	39.289436	-40.325885	0.000000	
898.100000	39.291004	-40.350834	0.000000	
898.150000	39.292532	-40.375785	0.000000	
898.200000	39.294040	-40.400738	0.000000	
898.250000	39.295533	-40.425692	0.000000	
898.300000	39.297026	-40.450646	0.000000	
898.350000	39.298500	-40.475601	0.000000	
898.400000	39.299962	-40.500557	0.000000	
898.450000	39.301405	-40.525514	0.000000	
898.500000	39.302814	-40.550473	0.000000	
898.550000	39.304182	-40.575434	0.000000	
898.600000	39.305509	-40.600398	0.000000	
898.650000	39.306791	-40.625364	0.000000	
898.700000	39.308024	-40.650331	0.000000	
898.750000	39.309191	-40.675302	0.000000	
898.800000	39.310295	-40.700275	0.000000	
898.850000	39.311358	-40.725249	0.000000	
898.900000	39.312380	-40.750224	0.000000	
898.950000	39.313357	-40.775202	0.000000	
899.000000	39.314298	-40.800180	0.000000	
899.050000	39.315199	-40.825159	0.000000	
899.100000	39.316032	-40.850139	0.000000	
899.150000	39.316755	-40.875120	0.000000	
899.200000	39.317330	-40.900099	0.000000	
899.250000	39.317704	-40.925074	0.000000	
899.300000	39.317810	-40.950034	0.000000	
899.350000	39.317566	-40.974963	0.000000	
899.400000	39.316919	-40.999846	0.000000	
899.450000	39.315807	-41.024661	0.000000	
899.500000	39.314168	-41.049385	0.000000	
899.550000	39.311950	-41.073986	0.000000	
899.600000	39.309099	-41.098436	0.000000	
899.650000	39.305574	-41.122709	0.000000	
899.700000	39.301331	-41.146765	0.000000	
899.750000	39.296335	-41.170571	0.000000	
899.800000	39.290540	-41.194085	0.000000	
899.850000	39.283914	-41.217269	0.000000	
899.900000	39.276401	-41.240084	0.000000	
899.950000	39.267975	-41.262492	0.000000	
900.000000	39.258595	-41.284453	0.000000	
900.050000	39.248255	-41.305947	0.000000	
900.100000	39.236941	-41.326941	0.000000	
900.150000	39.224666	-41.347421	0.000000	
900.200000	39.211445	-41.367366	0.000000	
900.250000	39.197300	-41.386757	0.000000	
900.300000	39.182269	-41.405591	0.000000	
900.350000	39.166417	-41.423863	0.000000	
900.400000	39.149819	-41.441581	0.000000	
900.450000	39.132525	-41.458757	0.000000	
900.500000	39.114599	-41.475402	0.000000	
900.550000	39.096103	-41.491544	0.000000	
900.600000	39.077104	-41.507214	0.000000	
900.650000	39.057659	-41.522444	0.000000	
900.700000	39.037810	-41.537259	0.000000	
900.750000	39.017625	-41.551712	0.000000	
900.800000	38.997148	-41.565834	0.000000	
900.850000	38.976420	-41.579651	0.000000	
900.900000	38.955487	-41.593210	0.000000	
900.950000	38.934398	-41.606563	0.000000	
901.000000	38.913182	-41.619742	0.000000	
901.050000	38.891873	-41.632787	0.000000	
901.100000	38.870496	-41.645732	0.000000	
901.150000	38.849074	-41.658610	0.000000	
901.200000	38.827614	-41.671430	0.000000	
901.250000	38.806137	-41.684221	0.000000	
901.300000	38.784647	-41.696992	0.000000	
901.350000	38.763156	-41.709762	0.000000	
901.400000	38.741669	-41.722539	0.000000	
901.450000	38.720189	-41.735328	0.000000	
901.500000	38.698722	-41.748137	0.000000	
901.550000	38.677275	-41.760981	0.000000	
901.600000	38.655852	-41.773864	0.000000	
901.650000	38.634449	-41.786781	0.000000	
901.700000	38.613070	-41.799738	0.000000	
901.750000	38.591721	-41.812743	0.000000	
901.800000	38.570396	-41.825786	0.000000	
901.850000	38.549092	-41.838864	0.000000	
901.900000	38.527820	-41.851994	0.000000	
901.950000	38.506576	-41.865169	0.000000	
902.000000	38.485355	-41.878381	0.000000	
902.050000	38.464152	-41.891623	0.000000	
902.100000	38.442970	-41.904898	0.000000	
902.150000	38.421797	-41.918188	0.000000	
902.200000	38.400635	-41.931495	0.000000	
902.250000	38.379482	-41.944816	0.000000	
902.300000	38.358339	-41.958155	0.000000	
902.350000	38.337219	-41.971530	0.000000	
902.400000	38.316119	-41.984935	0.000000	
902.450000	38.295041	-41.998376	0.000000	
902.500000	38.273976	-42.011837	0.000000	
902.550000	38.252924	-42.025319	0.000000	
902.600000	38.231883	-42.038820	0.000000	
902.650000	38.210858	-42.052344	0.000000	
902.700000	38.189851	-42.065896	0.000000	
902.750000	38.168863	-42.079478	0.000000	
902.800000	38.147894	-42.093088	0.000000	
902.850000	38.126942	-42.106724	0.000000	
902.900000	38.106019	-42.120403	0.000000	
902.950000	38.085121	-42.134119	0.000000	
903.000000	38.064246	-42.147869	0.000000	
903.050000	38.043393	-42.161652	0.000000	
903.100000	38.022571	-42.175480	0.000000	
903.150000	38.001776	-42.189349	0.000000	
903.200000	37.981009	-42.203260	0.000000	
903.250000	37.960261	-42.217199	0.000000	
903.300000	37.939540	-42.231181	0.000000	
903.350000	37.918848	-42.245205	0.000000	
903.400000	37.898178	-42.259262	0.000000	
903.450000	37.877517	-42.273333	0.000000	
903.500000	37.856861	-42.287410	0.000000	
903.550000	37.836210	-42.301496	0.000000	
903.600000	37.815555	-42.315575	0.000000	
903.650000	37.794894	-42.329644	0.000000	
903.700000	37.774221	-42.343695	0.000000	
903.750000	37.753543	-42.357740	0.000000	
903.800000	37.732848	-42.371756	0.000000	
903.850000	37.712125	-42.385731	0.000000	
903.900000	37.691371	-42.399659	0.000000	
903.950000	37.670572	-42.413519	0.000000	
904.000000	37.649727	-42.427307	0.000000	
904.050000	37.628837	-42.441025	0.000000	
904.100000	37.607896	-42.454664	0.000000	
904.150000	37.586905	-42.468227	0.000000	
904.200000	37.565869	-42.481721	0.000000	
904.250000	37.544793	-42.495152	0.000000	
904.300000	37.523684	-42.508534	0.000000	
904.350000	37.502535	-42.521851	0.000000	
904.400000	37.481327	-42.535078	0.000000	
904.450000	37.460059	-42.548208	0.000000	
904.500000	37.438746	-42.561267	0.000000	
904.550000	37.417390	-42.574257	0.000000	
904.600000	37.396000	-42.587190	0.000000	
904.650000	37.374582	-42.600078	0.000000	
904.700000	37.353129	-42.612904	0.000000	
904.750000	37.331645	-42.625681	0.000000	
904.800000	37.310130	-42.638407	0.000000	
904.850000	37.288595	-42.651101	0.000000	
904.900000	37.267034	-42.663750	0.000000	
904.950000	37.245452	-42.676365	0.000000	
905.000000	37.223849	-42.688942	0.000000	
905.050000	37.202225	-42.701485	0.000000	
905.100000	37.180582	-42.713995	0.000000	
905.150000	37.158923	-42.726476	0.000000	
905.200000	37.137255	-42.738941	0.000000	
905.250000	37.115574	-42.751385	0.000000	
905.300000	37.093885	-42.763815	0.000000	
905.350000	37.072180	-42.776220	0.000000	
905.400000	37.050458	-42.788593	0.000000	
905.450000	37.028726	-42.800949	0.000000	
905.500000	37.006993	-42.813304	0.000000	
905.550000	36.985252	-42.825645	0.000000	
905.600000	36.963502	-42.837969	0.000000	
905.650000	36.941743	-42.850277	0.000000	
905.700000	36.919976	-42.862570	0.000000	
905.750000	36.898213	-42.874872	0.000000	
905.800000	36.876444	-42.887163	0.000000	
905.850000	36.854660	-42.899427	0.000000	
905.900000	36.832858	-42.911659	0.000000	
905.950000	36.811052	-42.923885	0.000000	
906.000000	36.789237	-42.936094	0.000000	
906.050000	36.767423	-42.948305	0.000000	
906.100000	36.745617	-42.960529	0.000000	
906.150000	36.723815	-42.972762	0.000000	
906.200000	36.702018	-42.985003	0.000000	
906.250000	36.680224	-42.997250	0.000000	
906.300000	36.658428	-43.009493	0.000000	
906.350000	36.636619	-43.021714	0.000000	
906.400000	36.614809	-43.033932	0.000000	
906.450000	36.593002	-43.046156	0.000000	
906.500000	36.571205	-43.058399	0.000000	
906.550000	36.549409	-43.070641	0.000000	
906.600000	36.527609	-43.082878	0.000000	
906.650000	36.505806	-43.095109	0.000000	
906.700000	36.484005	-43.107343	0.000000	
906.750000	36.462207	-43.119582	0.000000	
906.800000	36.440411	-43.131826	0.000000	
906.850000	36.418616	-43.144071	0.000000	
906.900000	36.396829	-43.156330	0.000000	
906.950000	36.375049	-43.168603	0.000000	
907.000000	36.353277	-43.180888	0.000000	
907.050000	36.331511	-43.193186	0.000000	
907.100000	36.309749	-43.205489	0.000000	
907.150000	36.287978	-43.217777	0.000000	
907.200000	36.266194	-43.230041	0.000000	
907.250000	36.244396	-43.242280	0.000000	
907.300000	36.222571	-43.254471	0.000000	
907.350000	36.200726	-43.266622	0.000000	
907.400000	36.178854	-43.278725	0.000000	
907.450000	36.156959	-43.290785	0.000000	
907.500000	36.135050	-43.302820	0.000000	
907.550000	36.113118	-43.314811	0.000000	
907.600000	36.091169	-43.326773	0.000000	
907.650000	36.069201	-43.338700	0.000000	
907.700000	36.047227	-43.350615	0.000000	
907.750000	36.025239	-43.362503	0.000000	
907.800000	36.003243	-43.374377	0.000000	
907.850000	35.981237	-43.386233	0.000000	
907.900000	35.959226	-43.398081	0.000000	
907.950000	35.937202	-43.409904	0.000000	
908.000000	35.915172	-43.421716	0.000000	
908.050000	35.893121	-43.433492	0.000000	
908.100000	35.871055	-43.445240	0.000000	
908.150000	35.848974	-43.456960	0.000000	
908.200000	35.826886	-43.468668	0.000000	
908.250000	35.804792	-43.480365	0.000000	
908.300000	35.782698	-43.492061	0.000000	
908.350000	35.760617	-43.503781	0.000000	
908.400000	35.738554	-43.515535	0.000000	
908.450000	35.716525	-43.527353	0.000000	
908.500000	35.694520	-43.539213	0.000000	
908.550000	35.672531	-43.551103	0.000000	
908.600000	35.650563	-43.563031	0.000000	
908.650000	35.628612	-43.574991	0.000000	
908.700000	35.606688	-43.586999	0.000000	
908.750000	35.584783	-43.599043	0.000000	
908.800000	35.562897	-43.611123	0.000000	
908.850000	35.541028	-43.623231	0.000000	
908.900000	35.519164	-43.635349	0.000000	
908.950000	35.497303	-43.647474	0.000000	
909.000000	35.475446	-43.659605	0.000000	
909.050000	35.453596	-43.671749	0.000000	
909.100000	35.431761	-43.683919	0.000000	
909.150000	35.409936	-43.696109	0.000000	
909.200000	35.388118	-43.708310	0.000000	
909.250000	35.366304	-43.720520	0.000000	
909.300000	35.344499	-43.732747	0.000000	
909.350000	35.322698	-43.744981	0.000000	
909.400000	35.300904	-43.757227	0.000000	
909.450000	35.279116	-43.769484	0.000000	
909.500000	35.257332	-43.781748	0.000000	
909.550000	35.235554	-43.794022	0.000000	
909.600000	35.213779	-43.806302	0.000000	
909.650000	35.192004	-43.818581	0.000000	
909.700000	35.170229	-43.830861	0.000000	
909.750000	35.148445	-43.843125	0.000000	
909.800000	35.126653	-43.855375	0.000000	
909.850000	35.104853	-43.867609	0.000000	
909.900000	35.083041	-43.879823	0.000000	
909.950000	35.061219	-43.892018	0.000000	
910.000000	35.039383	-43.904187	0.000000	
910.050000	35.017541	-43.916344	0.000000	
910.100000	34.995676	-43.928459	0.000000	
910.150000	34.973794	-43.940545	0.000000	
910.200000	34.951900	-43.952606	0.000000	
910.250000	34.929997	-43.964652	0.000000	
910.300000	34.908087	-43.976684	0.000000	
910.350000	34.886172	-43.988708	0.000000	
910.400000	34.864254	-44.000726	0.000000	
910.450000	34.842328	-44.012729	0.000000	
910.500000	34.820381	-44.024693	0.000000	
910.550000	34.798406	-44.036608	0.000000	
910.600000	34.776411	-44.048489	0.000000	
910.650000	34.754393	-44.060326	0.000000	
910.700000	34.732353	-44.072124	0.000000	
910.750000	34.710299	-44.083895	0.000000	
910.800000	34.688243	-44.095664	0.000000	
910.850000	34.666178	-44.107415	0.000000	
910.900000	34.644103	-44.119150	0.000000	
910.950000	34.622016	-44.130860	0.000000	
911.000000	34.599920	-44.142554	0.000000	
911.050000	34.577818	-44.154235	0.000000	
911.100000	34.555704	-44.165893	0.000000	
911.150000	34.533587	-44.177545	0.000000	
911.200000	34.511458	-44.189175	0.000000	
911.250000	34.489323	-44.200794	0.000000	
911.300000	34.467182	-44.212401	0.000000	
911.350000	34.445037	-44.223999	0.000000	
911.400000	34.422888	-44.235591	0.000000	
911.450000	34.400742	-44.247189	0.000000	
911.500000	34.378599	-44.258790	0.000000	
911.550000	34.356459	-44.270398	0.000000	
911.600000	34.334329	-44.282026	0.000000	
911.650000	34.312211	-44.293673	0.000000	
911.700000	34.290104	-44.305342	0.000000	
911.750000	34.268001	-44.317019	0.000000	
911.800000	34.245906	-44.328710	0.000000	
911.850000	34.223808	-44.340396	0.000000	
911.900000	34.201721	-44.352102	0.000000	
911.950000	34.179652	-44.363842	0.000000	
912.000000	34.157613	-44.375635	0.000000	
912.050000	34.135604	-44.387482	0.000000	
912.100000	34.113632	-44.399399	0.000000	
912.150000	34.091697	-44.411382	0.000000	
912.200000	34.069797	-44.423431	0.000000	
912.250000	34.047937	-44.435551	0.000000	
912.300000	34.026117	-44.447743	0.000000	
912.350000	34.004342	-44.460014	0.000000	
912.400000	33.982613	-44.472368	0.000000	
912.450000	33.960921	-44.484786	0.000000	
912.500000	33.939258	-44.497254	0.000000	
912.550000	33.917623	-44.509770	0.000000	
912.600000	33.896028	-44.522355	0.000000	
912.650000	33.874457	-44.534982	0.000000	
912.700000	33.852907	-44.547645	0.000000	
912.750000	33.831392	-44.560367	0.000000	
912.800000	33.809923	-44.573168	0.000000	
912.850000	33.788487	-44.586025	0.000000	
912.900000	33.767084	-44.598939	0.000000	
912.950000	33.745715	-44.611911	0.000000	
913.000000	33.724376	-44.624931	0.000000	
913.050000	33.703068	-44.638002	0.000000	
913.100000	33.681799	-44.651137	0.000000	
913.150000	33.660574	-44.664340	0.000000	
913.200000	33.639395	-44.677614	0.000000	
913.250000	33.618260	-44.690959	0.000000	
913.300000	33.597179	-44.704385	0.000000	
913.350000	33.576143	-44.717882	0.000000	
913.400000	33.555159	-44.731455	0.000000	
913.450000	33.534217	-44.745091	0.000000	
913.500000	33.513313	-44.758786	0.000000	
913.550000	33.492441	-44.772531	0.000000	
913.600000	33.471599	-44.786322	0.000000	
913.650000	33.450773	-44.800137	0.000000	
913.700000	33.429970	-44.813990	0.000000	
913.750000	33.409187	-44.827875	0.000000	
913.800000	33.388420	-44.841782	0.000000	
913.850000	33.367657	-44.855699	0.000000	
913.900000	33.346902	-44.869626	0.000000	
913.950000	33.326161	-44.883575	0.000000	
914.000000	33.305430	-44.897541	0.000000	
914.050000	33.284702	-44.911511	0.000000	
914.100000	33.263973	-44.925480	0.000000	
914.150000	33.243242	-44.939445	0.000000	
914.200000	33.222501	-44.953396	0.000000	
914.250000	33.201742	-44.967320	0.000000	
914.300000	33.180968	-44.981222	0.000000	
914.350000	33.160168	-44.995085	0.000000	
914.400000	33.139342	-45.008910	0.000000	
914.450000	33.118485	-45.022690	0.000000	
914.500000	33.097604	-45.036436	0.000000	
914.550000	33.076716	-45.050171	0.000000	
914.600000	33.055826	-45.063904	0.000000	
914.650000	33.034937	-45.077638	0.000000	
914.700000	33.014060	-45.091388	0.000000	
914.750000	32.993196	-45.105160	0.000000	
914.800000	32.972342	-45.118946	0.000000	
914.850000	32.951504	-45.132755	0.000000	
914.900000	32.930689	-45.146599	0.000000	
914.950000	32.909897	-45.160478	0.000000	
915.000000	32.889128	-45.174389	0.000000	
915.050000	32.868377	-45.188328	0.000000	
915.100000	32.847647	-45.202299	0.000000	
915.150000	32.826927	-45.216286	0.000000	
915.200000	32.806221	-45.230292	0.000000	
915.250000	32.785517	-45.244302	0.000000	
915.300000	32.764829	-45.258335	0.000000	
915.350000	32.744150	-45.272382	0.000000	
915.400000	32.723473	-45.286433	0.000000	
915.450000	32.702793	-45.300477	0.000000	
915.500000	32.682102	-45.314506	0.000000	
915.550000	32.661393	-45.328508	0.000000	
915.600000	32.640670	-45.342487	0.000000	
915.650000	32.619935	-45.356448	0.000000	
915.700000	32.599192	-45.370397	0.000000	
915.750000	32.578436	-45.384328	0.000000	
915.800000	32.557659	-45.398226	0.000000	
915.850000	32.536867	-45.412101	0.000000	
915.900000	32.516049	-45.425938	0.000000	
915.950000	32.495201	-45.439731	0.000000	
916.000000	32.474331	-45.453488	0.000000	
916.050000	32.453439	-45.467215	0.000000	
916.100000	32.432534	-45.480922	0.000000	
916.150000	32.411610	-45.494601	0.000000	
916.200000	32.390673	-45.508259	0.000000	
916.250000	32.369708	-45.521875	0.000000	
916.300000	32.348724	-45.535462	0.000000	
916.350000	32.327713	-45.549009	0.000000	
916.400000	32.306671	-45.562507	0.000000	
916.450000	32.285601	-45.575959	0.000000	
916.500000	32.264505	-45.589369	0.000000	
916.550000	32.243393	-45.602754	0.000000	
916.600000	32.222269	-45.616118	0.000000	
916.650000	32.201128	-45.629455	0.000000	
916.700000	32.179976	-45.642775	0.000000	
916.750000	32.158803	-45.656063	0.000000	
916.800000	32.137604	-45.669308	0.000000	
916.850000	32.116388	-45.682527	0.000000	
916.900000	32.095149	-45.695709	0.000000	
916.950000	32.073895	-45.708867	0.000000	
917.000000	32.052633	-45.722011	0.000000	
917.050000	32.031370	-45.735153	0.000000	
917.100000	32.010102	-45.748289	0.000000	
917.150000	31.988832	-45.761421	0.000000	
917.200000	31.967564	-45.774556	0.000000	
917.250000	31.946297	-45.787692	0.000000	
917.300000	31.925027	-45.800825	0.000000	
917.350000	31.903762	-45.813965	0.000000	
917.400000	31.882509	-45.827123	0.000000	
917.450000	31.861281	-45.840322	0.000000	
917.500000	31.840080	-45.853564	0.000000	
917.550000	31.818915	-45.866862	0.000000	
917.600000	31.797779	-45.880207	0.000000	
917.650000	31.776681	-45.893611	0.000000	
917.700000	31.755615	-45.907065	0.000000	
917.750000	31.734581	-45.920569	0.000000	
917.800000	31.713583	-45.934126	0.000000	
917.850000	31.692619	-45.947737	0.000000	
917.900000	31.671682	-45.961392	0.000000	
917.950000	31.650783	-45.975105	0.000000	
918.000000	31.629920	-45.988875	0.000000	
918.050000	31.609088	-46.002693	0.000000	
918.100000	31.588280	-46.016547	0.000000	
918.150000	31.567504	-46.030447	0.000000	
918.200000	31.546757	-46.044390	0.000000	
918.250000	31.526040	-46.058377	0.000000	
918.300000	31.505351	-46.072406	0.000000	
918.350000	31.484691	-46.086478	0.000000	
918.400000	31.464060	-46.100592	0.000000	
918.450000	31.443444	-46.114731	0.000000	
918.500000	31.422834	-46.128878	0.000000	
918.550000	31.402233	-46.143038	0.000000	
918.600000	31.381636	-46.157205	0.000000	
918.650000	31.361047	-46.171384	0.000000	
918.700000	31.340456	-46.185559	0.000000	
918.750000	31.319860	-46.199727	0.000000	
918.800000	31.299246	-46.213869	0.000000	
918.850000	31.278629	-46.228004	0.000000	
918.900000	31.258021	-46.242155	0.000000	
918.950000	31.237431	-46.256331	0.000000	
919.000000	31.216860	-46.270535	0.000000	
919.050000	31.196311	-46.284769	0.000000	
919.100000	31.175779	-46.299029	0.000000	
919.150000	31.155269	-46.313318	0.000000	
919.200000	31.134774	-46.327629	0.000000	
919.250000	31.114282	-46.341943	0.000000	
919.300000	31.093786	-46.356252	0.000000	
919.350000	31.073298	-46.370572	0.000000	
919.400000	31.052818	-46.384903	0.000000	
919.450000	31.032330	-46.399224	0.000000	
919.500000	31.011839	-46.413539	0.000000	
919.550000	30.991337	-46.427838	0.000000	
919.600000	30.970836	-46.442139	0.000000	
919.650000	30.950334	-46.456438	0.000000	
919.700000	30.929829	-46.470732	0.000000	
919.750000	30.909323	-46.485026	0.000000	
919.800000	30.888817	-46.499319	0.000000	
919.850000	30.868319	-46.513625	0.000000	
919.900000	30.847820	-46.527928	0.000000	
919.950000	30.827299	-46.542200	0.000000	
920.000000	30.806747	-46.556424	0.000000	
920.050000	30.786152	-46.570585	0.000000	
920.100000	30.765509	-46.584673	0.000000	
920.150000	30.744812	-46.598682	0.000000	
920.200000	30.724050	-46.612593	0.000000	
920.250000	30.703217	-46.626396	0.000000	
920.300000	30.682324	-46.640109	0.000000	
920.350000	30.661389	-46.653757	0.000000	
920.400000	30.640405	-46.667334	0.000000	
920.450000	30.619378	-46.680844	0.000000	
920.500000	30.598312	-46.694294	0.000000	
920.550000	30.577213	-46.707692	0.000000	
920.600000	30.556091	-46.721054	0.000000	
920.650000	30.534934	-46.734361	0.000000	
920.700000	30.513743	-46.747613	0.000000	
920.750000	30.492519	-46.760814	0.000000	
920.800000	30.471266	-46.773971	0.000000	
920.850000	30.450000	-46.787107	0.000000	
920.900000	30.428705	-46.800198	0.000000	
920.950000	30.407374	-46.813234	0.000000	
921.000000	30.386026	-46.826240	0.000000	
921.050000	30.364658	-46.839217	0.000000	
921.100000	30.343278	-46.852172	0.000000	
921.150000	30.321883	-46.865103	0.000000	
921.200000	30.300482	-46.878024	0.000000	
921.250000	30.279081	-46.890946	0.000000	
921.300000	30.257689	-46.903882	0.000000	
921.350000	30.236298	-46.916820	0.000000	
921.400000	30.214910	-46.929762	0.000000	
921.450000	30.193514	-46.942692	0.000000	
921.500000	30.172107	-46.955603	0.000000	
921.550000	30.150690	-46.968497	0.000000	
921.600000	30.129269	-46.981386	0.000000	
921.650000	30.107845	-46.994268	0.000000	
921.700000	30.086426	-47.007159	0.000000	
921.750000	30.065023	-47.020076	0.000000	
921.800000	30.043622	-47.032996	0.000000	
921.850000	30.022223	-47.045919	0.000000	
921.900000	30.000815	-47.058829	0.000000	
921.950000	29.979412	-47.071746	0.000000	
922.000000	29.958017	-47.084677	0.000000	
922.050000	29.936625	-47.097613	0.000000	
922.100000	29.915252	-47.110578	0.000000	
922.150000	29.893899	-47.123577	0.000000	
922.200000	29.872574	-47.136622	0.000000	
922.250000	29.851282	-47.149717	0.000000	
922.300000	29.830029	-47.162875	0.000000	
922.350000	29.808811	-47.176086	0.000000	
922.400000	29.787634	-47.189362	0.000000	
922.450000	29.766492	-47.202689	0.000000	
922.500000	29.745383	-47.216070	0.000000	
922.550000	29.724309	-47.229506	0.000000	
922.600000	29.703272	-47.243001	0.000000	
922.650000	29.682261	-47.256539	0.000000	
922.700000	29.661270	-47.270109	0.000000	
922.750000	29.640298	-47.283708	0.000000	
922.800000	29.619343	-47.297335	0.000000	
922.850000	29.598408	-47.310993	0.000000	
922.900000	29.577486	-47.324671	0.000000	
922.950000	29.556589	-47.338389	0.000000	
923.000000	29.535722	-47.352152	0.000000	
923.050000	29.514886	-47.365962	0.000000	
923.100000	29.494081	-47.379822	0.000000	
923.150000	29.473305	-47.393722	0.000000	
923.200000	29.452546	-47.407651	0.000000	
923.250000	29.431806	-47.421606	0.000000	
923.300000	29.411072	-47.435571	0.000000	
923.350000	29.390344	-47.449545	0.000000	
923.400000	29.369625	-47.463531	0.000000	
923.450000	29.348912	-47.477526	0.000000	
923.500000	29.328209	-47.491535	0.000000	
923.550000	29.307527	-47.505574	0.000000	
923.600000	29.286879	-47.519662	0.000000	
923.650000	29.266273	-47.533810	0.000000	
923.700000	29.245707	-47.548014	0.000000	
923.750000	29.225186	-47.562285	0.000000	
923.800000	29.204696	-47.576601	0.000000	
923.850000	29.184234	-47.590957	0.000000	
923.900000	29.163809	-47.605367	0.000000	
923.950000	29.143434	-47.619846	0.000000	
924.000000	29.123105	-47.634391	0.000000	
924.050000	29.102823	-47.649000	0.000000	
924.100000	29.082595	-47.663680	0.000000	
924.150000	29.062414	-47.678424	0.000000	
924.200000	29.042272	-47.693222	0.000000	
924.250000	29.022183	-47.708091	0.000000	
924.300000	29.002137	-47.723018	0.000000	
924.350000	28.982130	-47.738000	0.000000	
924.400000	28.962167	-47.753040	0.000000	
924.450000	28.942251	-47.768144	0.000000	
924.500000	28.922387	-47.783315	0.000000	
924.550000	28.902577	-47.798557	0.000000	
924.600000	28.882814	-47.813859	0.000000	
924.650000	28.863091	-47.829212	0.000000	
924.700000	28.843410	-47.844618	0.000000	
924.750000	28.823768	-47.860074	0.000000	
924.800000	28.804172	-47.875588	0.000000	
924.850000	28.784622	-47.891162	0.000000	
924.900000	28.765124	-47.906803	0.000000	
924.950000	28.745673	-47.922503	0.000000	
925.000000	28.726270	-47.938264	0.000000	
925.050000	28.706904	-47.954069	0.000000	
925.100000	28.687560	-47.969902	0.000000	
925.150000	28.668235	-47.985756	0.000000	
925.200000	28.648923	-48.001629	0.000000	
925.250000	28.629640	-48.017535	0.000000	
925.300000	28.610384	-48.033476	0.000000	
925.350000	28.591154	-48.049447	0.000000	
925.400000	28.571953	-48.065456	0.000000	
925.450000	28.552775	-48.081492	0.000000	
925.500000	28.533622	-48.097559	0.000000	
925.550000	28.514486	-48.113646	0.000000	
925.600000	28.495361	-48.129746	0.000000	
925.650000	28.476242	-48.145852	0.000000	
925.700000	28.457122	-48.161958	0.000000	
925.750000	28.437984	-48.178041	0.000000	
925.800000	28.418825	-48.194100	0.000000	
925.850000	28.399652	-48.210140	0.000000	
925.900000	28.380471	-48.226172	0.000000	
925.950000	28.361275	-48.242184	0.000000	
926.000000	28.342042	-48.258150	0.000000	
926.050000	28.322743	-48.274033	0.000000	
926.100000	28.303363	-48.289809	0.000000	
926.150000	28.283875	-48.305435	0.000000	
926.200000	28.264252	-48.320861	0.000000	
926.250000	28.244475	-48.336048	0.000000	
926.300000	28.224509	-48.350928	0.000000	
926.350000	28.204324	-48.365422	0.000000	
926.400000	28.183901	-48.379465	0.000000	
926.450000	28.163225	-48.392983	0.000000	
926.500000	28.142286	-48.405923	0.000000	
926.550000	28.121067	-48.418223	0.000000	
926.600000	28.099563	-48.429834	0.000000	
926.650000	28.077771	-48.440683	0.000000	
926.700000	28.055702	-48.450711	0.000000	
926.750000	28.033366	-48.459879	0.000000	
926.800000	28.010778	-48.468160	0.000000	
926.850000	27.987948	-48.475527	0.000000	
926.900000	27.964879	-48.481910	0.000000	
926.950000	27.941581	-48.487269	0.000000	
927.000000	27.918062	-48.491570	0.000000	
927.050000	27.894351	-48.494807	0.000000	
927.100000	27.870474	-48.496984	0.000000	
927.150000	27.846462	-48.498094	0.000000	
927.200000	27.822360	-48.498159	0.000000	
927.250000	27.798201	-48.497212	0.000000	
927.300000	27.774007	-48.495302	0.000000	
927.350000	27.749814	-48.492470	0.000000	
927.400000	27.725651	-48.488786	0.000000	
927.450000	27.701544	-48.484310	0.000000	
927.500000	27.677511	-48.479123	0.000000	
927.550000	27.653568	-48.473262	0.000000	
927.600000	27.629727	-48.466764	0.000000	
927.650000	27.605997	-48.459670	0.000000	
927.700000	27.582388	-48.452038	0.000000	
927.750000	27.558896	-48.443945	0.000000	
927.800000	27.535516	-48.435442	0.000000	
927.850000	27.512250	-48.426556	0.000000	
927.900000	27.489087	-48.417333	0.000000	
927.950000	27.466019	-48.407832	0.000000	
928.000000	27.443041	-48.398080	0.000000	
928.050000	27.420140	-48.388123	0.000000	
928.100000	27.397307	-48.377992	0.000000	
928.150000	27.374526	-48.367725	0.000000	
928.200000	27.351785	-48.357364	0.000000	
928.250000	27.329071	-48.346935	0.000000	
928.300000	27.306374	-48.336468	0.000000	
928.350000	27.283691	-48.325970	0.000000	
928.400000	27.261007	-48.315470	0.000000	
928.450000	27.238319	-48.304982	0.000000	
928.500000	27.215625	-48.294508	0.000000	
928.550000	27.192930	-48.284036	0.000000	
928.600000	27.170222	-48.273595	0.000000	
928.650000	27.147488	-48.263210	0.000000	
928.700000	27.124729	-48.252887	0.000000	
928.750000	27.101941	-48.242625	0.000000	
928.800000	27.079135	-48.232404	0.000000	
928.850000	27.056307	-48.222231	0.000000	
928.900000	27.033450	-48.212121	0.000000	
928.950000	27.010568	-48.202066	0.000000	
929.000000	26.987662	-48.192066	0.000000	
929.050000	26.964729	-48.182123	0.000000	
929.100000	26.941781	-48.172213	0.000000	
929.150000	26.918823	-48.162324	0.000000	
929.200000	26.895869	-48.152427	0.000000	
929.250000	26.872929	-48.142501	0.000000	
929.300000	26.850000	-48.132550	0.000000	
929.350000	26.827083	-48.122574	0.000000	
929.400000	26.804179	-48.112569	0.000000	
929.450000	26.781297	-48.102514	0.000000	
929.500000	26.758441	-48.092402	0.000000	
929.550000	26.735599	-48.082258	0.000000	
929.600000	26.712765	-48.072095	0.000000	
929.650000	26.689950	-48.061888	0.000000	
929.700000	26.667157	-48.051631	0.000000	
929.750000	26.644385	-48.041324	0.000000	
929.800000	26.621625	-48.030991	0.000000	
929.850000	26.598867	-48.020652	0.000000	
929.900000	26.576120	-48.010289	0.000000	
929.950000	26.553384	-47.999902	0.000000	
930.000000	26.530659	-47.989486	0.000000	
930.050000	26.507944	-47.979049	0.000000	
930.100000	26.485234	-47.968601	0.000000	
930.150000	26.462517	-47.958169	0.000000	
930.200000	26.439789	-47.947760	0.000000	
930.250000	26.417044	-47.937390	0.000000	
930.300000	26.394269	-47.927088	0.000000	
930.350000	26.371463	-47.916852	0.000000	
930.400000	26.348630	-47.906677	0.000000	
930.450000	26.325775	-47.896554	0.000000	
930.500000	26.302894	-47.886489	0.000000	
930.550000	26.279995	-47.876464	0.000000	
930.600000	26.257081	-47.866474	0.000000	
930.650000	26.234159	-47.856501	0.000000	
930.700000	26.211222	-47.846563	0.000000	
930.750000	26.188268	-47.836663	0.000000	
930.800000	26.165293	-47.826812	0.000000	
930.850000	26.142298	-47.817008	0.000000	
930.900000	26.119290	-47.807235	0.000000	
930.950000	26.096260	-47.797513	0.000000	
931.000000	26.073218	-47.787818	0.000000	
931.050000	26.050163	-47.778155	0.000000	
931.100000	26.027099	-47.768510	0.000000	
931.150000	26.004035	-47.758868	0.000000	
931.200000	25.980978	-47.749210	0.000000	
931.250000	25.957922	-47.739546	0.000000	
931.300000	25.934871	-47.729875	0.000000	
931.350000	25.911825	-47.720189	0.000000	
931.400000	25.888779	-47.710505	0.000000	
931.450000	25.865740	-47.700803	0.000000	
931.500000	25.842708	-47.691083	0.000000	
931.550000	25.819678	-47.681360	0.000000	
931.600000	25.796638	-47.671661	0.000000	
931.650000	25.773587	-47.661988	0.000000	
931.700000	25.750523	-47.652349	0.000000	
931.750000	25.727440	-47.642754	0.000000	
931.800000	25.704348	-47.633184	0.000000	
931.850000	25.681244	-47.623641	0.000000	
931.900000	25.658128	-47.614132	0.000000	
931.950000	25.634990	-47.604682	0.000000	
932.000000	25.611838	-47.595269	0.000000	
932.050000	25.588670	-47.585895	0.000000	
932.100000	25.565491	-47.576548	0.000000	
932.150000	25.542301	-47.567230	0.000000	
932.200000	25.519096	-47.557945	0.000000	
932.250000	25.495879	-47.548689	0.000000	
932.300000	25.472651	-47.539460	0.000000	
932.350000	25.449416	-47.530246	0.000000	
932.400000	25.426184	-47.521026	0.000000	
932.450000	25.402954	-47.511799	0.000000	
932.500000	25.379729	-47.502563	0.000000	
932.550000	25.356501	-47.493334	0.000000	
932.600000	25.333272	-47.484106	0.000000	
932.650000	25.310046	-47.474870	0.000000	
932.700000	25.286834	-47.465600	0.000000	
932.750000	25.263632	-47.456308	0.000000	
932.800000	25.240447	-47.446971	0.000000	
932.850000	25.217279	-47.437592	0.000000	
932.900000	25.194132	-47.428165	0.000000	
932.950000	25.171006	-47.418680	0.000000	
933.000000	25.147908	-47.409126	0.000000	
933.050000	25.124830	-47.399519	0.000000	
933.100000	25.101773	-47.389859	0.000000	
933.150000	25.078735	-47.380153	0.000000	
933.200000	25.055709	-47.370417	0.000000	
933.250000	25.032697	-47.360650	0.000000	
933.300000	25.009693	-47.350863	0.000000	
933.350000	24.986703	-47.341042	0.000000	
933.400000	24.963729	-47.331186	0.000000	
933.450000	24.940770	-47.321298	0.000000	
933.500000	24.917836	-47.311353	0.000000	
933.550000	24.894920	-47.301370	0.000000	
933.600000	24.872026	-47.291338	0.000000	
933.650000	24.849161	-47.281239	0.000000	
933.700000	24.826330	-47.271066	0.000000	
933.750000	24.803520	-47.260848	0.000000	
933.800000	24.780737	-47.250570	0.000000	
933.850000	24.757983	-47.240229	0.000000	
933.900000	24.735264	-47.229815	0.000000	
933.950000	24.712584	-47.219317	0.000000	
934.000000	24.689939	-47.208745	0.000000	
934.050000	24.667339	-47.198078	0.000000	
934.100000	24.644791	-47.187301	0.000000	
934.150000	24.622285	-47.176437	0.000000	
934.200000	24.599822	-47.165485	0.000000	
934.250000	24.577405	-47.154437	0.000000	
934.300000	24.555028	-47.143306	0.000000	
934.350000	24.532694	-47.132087	0.000000	
934.400000	24.510402	-47.120782	0.000000	
934.450000	24.488142	-47.109413	0.000000	
934.500000	24.465905	-47.098000	0.000000	
934.550000	24.443684	-47.086553	0.000000	
934.600000	24.421488	-47.075058	0.000000	
934.650000	24.399324	-47.063500	0.000000	
934.700000	24.377188	-47.051889	0.000000	
934.750000	24.355075	-47.040233	0.000000	
934.800000	24.332988	-47.028526	0.000000	
934.850000	24.310917	-47.016787	0.000000	
934.900000	24.288859	-47.005021	0.000000	
934.950000	24.266818	-46.993226	0.000000	
935.000000	24.244779	-46.981427	0.000000	
935.050000	24.222754	-46.969598	0.000000	
935.100000	24.200734	-46.957762	0.000000	
935.150000	24.178706	-46.945942	0.000000	
935.200000	24.156669	-46.934138	0.000000	
935.250000	24.134617	-46.922364	0.000000	
935.300000	24.112549	-46.910620	0.000000	
935.350000	24.090461	-46.898914	0.000000	
935.400000	24.068356	-46.887241	0.000000	
935.450000	24.046225	-46.875620	0.000000	
935.500000	24.024080	-46.864026	0.000000	
935.550000	24.001921	-46.852458	0.000000	
935.600000	23.979746	-46.840924	0.000000	
935.650000	23.957547	-46.829435	0.000000	
935.700000	23.935320	-46.818000	0.000000	
935.750000	23.913060	-46.806631	0.000000	
935.800000	23.890772	-46.795316	0.000000	
935.850000	23.868457	-46.784054	0.000000	
935.900000	23.846118	-46.772840	0.000000	
935.950000	23.823759	-46.761666	0.000000	
936.000000	23.801369	-46.750552	0.000000	
936.050000	23.778957	-46.739482	0.000000	
936.100000	23.756518	-46.728465	0.000000	
936.150000	23.734059	-46.717485	0.000000	
936.200000	23.711581	-46.706545	0.000000	
936.250000	23.689083	-46.695647	0.000000	
936.300000	23.666562	-46.684795	0.000000	
936.350000	23.644022	-46.673985	0.000000	
936.400000	23.621475	-46.663189	0.000000	
936.450000	23.598920	-46.652407	0.000000	
936.500000	23.576365	-46.641627	0.000000	
936.550000	23.553806	-46.630856	0.000000	
936.600000	23.531241	-46.620095	0.000000	
936.650000	23.508676	-46.609337	0.000000	
936.700000	23.486109	-46.598580	0.000000	
936.750000	23.463542	-46.587824	0.000000	
936.800000	23.440976	-46.577067	0.000000	
936.850000	23.418408	-46.566314	0.000000	
936.900000	23.395847	-46.555546	0.000000	
936.950000	23.373295	-46.544760	0.000000	
937.000000	23.350743	-46.533972	0.000000	
937.050000	23.328189	-46.523190	0.000000	
937.100000	23.305638	-46.512401	0.000000	
937.150000	23.283083	-46.501621	0.000000	
937.200000	23.260523	-46.490851	0.000000	
937.250000	23.237969	-46.480068	0.000000	
937.300000	23.215430	-46.469254	0.000000	
937.350000	23.192918	-46.458385	0.000000	
937.400000	23.170436	-46.447454	0.000000	
937.450000	23.147983	-46.436465	0.000000	
937.500000	23.125560	-46.425417	0.000000	
937.550000	23.103167	-46.414313	0.000000	
937.600000	23.080792	-46.403173	0.000000	
937.650000	23.058433	-46.392000	0.000000	
937.700000	23.036089	-46.380800	0.000000	
937.750000	23.013755	-46.369577	0.000000	
937.800000	22.991439	-46.358319	0.000000	
937.850000	22.969140	-46.347027	0.000000	
937.900000	22.946855	-46.335705	0.000000	
937.950000	22.924575	-46.324375	0.000000	
938.000000	22.902298	-46.313039	0.000000	
938.050000	22.880031	-46.301681	0.000000	
938.100000	22.857777	-46.290298	0.000000	
938.150000	22.835523	-46.278915	0.000000	
938.200000	22.813280	-46.267508	0.000000	
938.250000	22.791053	-46.256069	0.000000	
938.300000	22.768842	-46.244601	0.000000	
938.350000	22.746648	-46.233097	0.000000	
938.400000	22.724473	-46.221559	0.000000	
938.450000	22.702310	-46.209999	0.000000	
938.500000	22.680151	-46.198432	0.000000	
938.550000	22.657991	-46.186865	0.000000	
938.600000	22.635841	-46.175281	0.000000	
938.650000	22.613699	-46.163683	0.000000	
938.700000	22.591568	-46.152064	0.000000	
938.750000	22.569452	-46.140417	0.000000	
938.800000	22.547361	-46.128721	0.000000	
938.850000	22.525283	-46.117004	0.000000	
938.900000	22.503224	-46.105251	0.000000	
938.950000	22.481179	-46.093471	0.000000	
939.000000	22.459148	-46.081662	0.000000	
939.050000	22.437132	-46.069827	0.000000	
939.100000	22.415127	-46.057969	0.000000	
939.150000	22.393134	-46.046089	0.000000	
939.200000	22.371154	-46.034182	0.000000	
939.250000	22.349178	-46.022269	0.000000	
939.300000	22.327194	-46.010369	0.000000	
939.350000	22.305196	-45.998497	0.000000	
939.400000	22.283174	-45.986674	0.000000	
939.450000	22.261123	-45.974905	0.000000	
939.500000	22.239048	-45.963182	0.000000	
939.550000	22.216948	-45.951507	0.000000	
939.600000	22.194815	-45.939896	0.000000	
939.650000	22.172638	-45.928372	0.000000	
939.700000	22.150428	-45.916910	0.000000	
939.750000	22.128196	-45.905491	0.000000	
939.800000	22.105941	-45.894116	0.000000	
939.850000	22.083658	-45.882792	0.000000	
939.900000	22.061360	-45.871499	0.000000	
939.950000	22.039035	-45.860255	0.000000	
940.000000	22.016690	-45.849049	0.000000	
940.050000	21.994331	-45.837871	0.000000	
940.100000	21.971961	-45.826714	0.000000	
940.150000	21.949575	-45.815588	0.000000	
940.200000	21.927177	-45.804486	0.000000	
940.250000	21.904776	-45.793389	0.000000	
940.300000	21.882380	-45.782281	0.000000	
940.350000	21.860000	-45.771144	0.000000	
940.400000	21.837646	-45.759957	0.000000	
940.450000	21.815321	-45.748713	0.000000	
940.500000	21.793029	-45.737408	0.000000	
940.550000	21.770768	-45.726042	0.000000	
940.600000	21.748550	-45.714599	0.000000	
940.650000	21.726379	-45.703064	0.000000	
940.700000	21.704254	-45.691442	0.000000	
940.750000	21.682169	-45.679746	0.000000	
940.800000	21.660109	-45.668000	0.000000	
940.850000	21.638067	-45.656219	0.000000	
940.900000	21.616044	-45.644401	0.000000	
940.950000	21.594037	-45.632554	0.000000	
941.000000	21.572045	-45.620677	0.000000	
941.050000	21.550078	-45.608754	0.000000	
941.100000	21.528136	-45.596783	0.000000	
941.150000	21.506212	-45.584779	0.000000	
941.200000	21.484308	-45.572735	0.000000	
941.250000	21.462419	-45.560664	0.000000	
941.300000	21.440540	-45.548572	0.000000	
941.350000	21.418669	-45.536466	0.000000	
941.400000	21.396799	-45.524358	0.000000	
941.450000	21.374923	-45.512259	0.000000	
941.500000	21.353039	-45.500178	0.000000	
941.550000	21.331131	-45.488140	0.000000	
941.600000	21.309198	-45.476148	0.000000	
941.650000	21.287228	-45.464225	0.000000	
941.700000	21.265225	-45.452362	0.000000	
941.750000	21.243188	-45.440562	0.000000	
941.800000	21.221127	-45.428807	0.000000	
941.850000	21.199048	-45.417085	0.000000	
941.900000	21.176958	-45.405384	0.000000	
941.950000	21.154854	-45.393710	0.000000	
942.000000	21.132727	-45.382079	0.000000	
942.050000	21.110580	-45.370488	0.000000	
942.100000	21.088406	-45.358949	0.000000	
942.150000	21.066204	-45.347462	0.000000	
942.200000	21.043985	-45.336007	0.000000	
942.250000	21.021752	-45.324580	0.000000	
942.300000	20.999513	-45.313163	0.000000	
942.350000	20.977268	-45.301759	0.000000	
942.400000	20.955008	-45.290382	0.000000	
942.450000	20.932727	-45.279046	0.000000	
942.500000	20.910430	-45.267740	0.000000	
942.550000	20.888119	-45.256463	0.000000	
942.600000	20.865796	-45.245210	0.000000	
942.650000	20.843455	-45.233993	0.000000	
942.700000	20.821100	-45.222805	0.000000	
942.750000	20.798731	-45.211646	0.000000	
942.800000	20.776360	-45.200490	0.000000	
942.850000	20.753973	-45.189366	0.000000	
942.900000	20.731578	-45.178260	0.000000	
942.950000	20.709169	-45.167180	0.000000	
943.000000	20.686751	-45.156118	0.000000	
943.050000	20.664335	-45.145054	0.000000	
943.100000	20.641918	-45.133990	0.000000	
943.150000	20.619500	-45.122929	0.000000	
943.200000	20.597071	-45.111889	0.000000	
943.250000	20.574635	-45.100866	0.000000	
943.300000	20.552194	-45.089852	0.000000	
943.350000	20.529745	-45.078852	0.000000	
943.400000	20.507289	-45.067867	0.000000	
943.450000	20.484833	-45.056882	0.000000	
943.500000	20.462384	-45.045883	0.000000	
943.550000	20.439928	-45.034897	0.000000	
943.600000	20.417474	-45.023908	0.000000	
943.650000	20.395018	-45.012922	0.000000	
943.700000	20.372570	-45.001921	0.000000	
943.750000	20.350136	-44.990891	0.000000	
943.800000	20.327703	-44.979857	0.000000	
943.850000	20.305274	-44.968817	0.000000	
943.900000	20.282850	-44.957765	0.000000	
943.950000	20.260424	-44.946718	0.000000	
944.000000	20.238004	-44.935658	0.000000	
944.050000	20.215587	-44.924592	0.000000	
944.100000	20.193166	-44.913535	0.000000	
944.150000	20.170747	-44.902475	0.000000	
944.200000	20.148322	-44.891425	0.000000	
944.250000	20.125895	-44.880379	0.000000	
944.300000	20.103463	-44.869345	0.000000	
944.350000	20.081018	-44.858338	0.000000	
944.400000	20.058555	-44.847368	0.000000	
944.450000	20.036075	-44.836431	0.000000	
944.500000	20.013581	-44.825525	0.000000	
944.550000	19.991066	-44.814663	0.000000	
944.600000	19.968533	-44.803838	0.000000	
944.650000	19.945978	-44.793062	0.000000	
944.700000	19.923412	-44.782308	0.000000	
944.750000	19.900827	-44.771595	0.000000	
944.800000	19.878223	-44.760922	0.000000	
944.850000	19.855613	-44.750260	0.000000	
944.900000	19.832997	-44.739612	0.000000	
944.950000	19.810380	-44.728965	0.000000	
945.000000	19.787761	-44.718323	0.000000	
945.050000	19.765140	-44.707684	0.000000	
945.100000	19.742520	-44.697045	0.000000	
945.150000	19.719907	-44.686390	0.000000	
945.200000	19.697307	-44.675710	0.000000	
945.250000	19.674721	-44.665002	0.000000	
945.300000	19.652151	-44.654261	0.000000	
945.350000	19.629591	-44.643499	0.000000	
945.400000	19.607049	-44.632701	0.000000	
945.450000	19.584533	-44.621850	0.000000	
945.500000	19.562044	-44.610943	0.000000	
945.550000	19.539580	-44.599987	0.000000	
945.600000	19.517142	-44.588978	0.000000	
945.650000	19.494726	-44.577922	0.000000	
945.700000	19.472339	-44.566804	0.000000	
945.750000	19.449971	-44.555649	0.000000	
945.800000	19.427619	-44.544456	0.000000	
945.850000	19.405276	-44.533247	0.000000	
945.900000	19.382926	-44.522052	0.000000	
945.950000	19.360557	-44.510896	0.000000	
946.000000	19.338165	-44.499792	0.000000	
946.050000	19.315751	-44.488737	0.000000	
946.100000	19.293312	-44.477735	0.000000	
946.150000	19.270843	-44.466798	0.000000	
946.200000	19.248346	-44.455922	0.000000	
946.250000	19.225811	-44.445123	0.000000	
946.300000	19.203245	-44.434390	0.000000	
946.350000	19.180646	-44.423730	0.000000	
946.400000	19.158021	-44.413124	0.000000	
946.450000	19.135366	-44.402580	0.000000	
946.500000	19.112680	-44.392102	0.000000	
946.550000	19.089962	-44.381688	0.000000	
946.600000	19.067207	-44.371353	0.000000	
946.650000	19.044415	-44.361095	0.000000	
946.700000	19.021597	-44.350892	0.000000	
946.750000	18.998743	-44.340764	0.000000	
946.800000	18.975865	-44.330690	0.000000	
946.850000	18.952972	-44.320648	0.000000	
946.900000	18.930062	-44.310643	0.000000	
946.950000	18.907138	-44.300670	0.000000	
947.000000	18.884213	-44.290699	0.000000	
947.050000	18.861286	-44.280733	0.000000	
947.100000	18.838361	-44.270762	0.000000	
947.150000	18.815432	-44.260801	0.000000	
947.200000	18.792511	-44.250821	0.000000	
947.250000	18.769588	-44.240847	0.000000	
947.300000	18.746667	-44.230865	0.000000	
947.350000	18.723754	-44.220869	0.000000	
947.400000	18.700849	-44.210852	0.000000	
947.450000	18.677951	-44.200820	0.000000	
947.500000	18.655052	-44.190791	0.000000	
947.550000	18.632154	-44.180759	0.000000	
947.600000	18.609249	-44.170742	0.000000	
947.650000	18.586351	-44.160710	0.000000	
947.700000	18.563469	-44.150643	0.000000	
947.750000	18.540603	-44.140540	0.000000	
947.800000	18.517759	-44.130389	0.000000	
947.850000	18.494931	-44.120203	0.000000	
947.900000	18.472107	-44.110009	0.000000	
947.950000	18.449289	-44.099800	0.000000	
948.000000	18.426475	-44.089582	0.000000	
948.050000	18.403655	-44.079378	0.000000	
948.100000	18.380842	-44.069158	0.000000	
948.150000	18.358027	-44.058942	0.000000	
948.200000	18.335217	-44.048715	0.000000	
948.250000	18.312408	-44.038486	0.000000	
948.300000	18.289609	-44.028234	0.000000	
948.350000	18.266820	-44.017960	0.000000	
948.400000	18.244040	-44.007668	0.000000	
948.450000	18.221269	-43.997355	0.000000	
948.500000	18.198500	-43.987037	0.000000	
948.550000	18.175739	-43.976701	0.000000	
948.600000	18.152983	-43.966357	0.000000	
948.650000	18.130238	-43.955986	0.000000	
948.700000	18.107491	-43.945619	0.000000	
948.750000	18.084741	-43.935261	0.000000	
948.800000	18.061980	-43.924925	0.000000	
948.850000	18.039204	-43.914620	0.000000	
948.900000	18.016413	-43.904350	0.000000	
948.950000	17.993617	-43.894089	0.000000	
949.000000	17.970826	-43.883819	0.000000	
949.050000	17.948044	-43.873529	0.000000	
949.100000	17.925280	-43.863197	0.000000	
949.150000	17.902535	-43.852825	0.000000	
949.200000	17.879822	-43.842384	0.000000	
949.250000	17.857135	-43.831886	0.000000	
949.300000	17.834473	-43.821338	0.000000	
949.350000	17.811830	-43.810748	0.000000	
949.400000	17.789200	-43.800133	0.000000	
949.450000	17.766579	-43.789499	0.000000	
949.500000	17.743960	-43.778861	0.000000	
949.550000	17.721349	-43.768204	0.000000	
949.600000	17.698752	-43.757519	0.000000	
949.650000	17.676168	-43.746807	0.000000	
949.700000	17.653597	-43.736066	0.000000	
949.750000	17.631041	-43.725295	0.000000	
949.800000	17.608488	-43.714517	0.000000	
949.850000	17.585943	-43.703722	0.000000	
949.900000	17.563409	-43.692901	0.000000	
949.950000	17.540892	-43.682046	0.000000	
950.000000	17.518388	-43.671161	0.000000	
950.050000	17.495888	-43.660267	0.000000	
950.100000	17.473400	-43.649349	0.000000	
950.150000	17.450919	-43.638415	0.000000	
950.200000	17.428437	-43.627483	0.000000	
950.250000	17.405945	-43.616572	0.000000	
950.300000	17.383445	-43.605677	0.000000	
950.350000	17.360941	-43.594791	0.000000	
950.400000	17.338438	-43.583901	0.000000	
950.450000	17.315942	-43.572998	0.000000	
950.500000	17.293459	-43.562070	0.000000	
950.550000	17.270996	-43.551102	0.000000	
950.600000	17.248549	-43.540101	0.000000	
950.650000	17.226109	-43.529087	0.000000	
950.700000	17.203672	-43.518066	0.000000	
950.750000	17.181232	-43.507051	0.000000	
950.800000	17.158799	-43.496022	0.000000	
950.850000	17.136376	-43.484972	0.000000	
950.900000	17.113960	-43.473908	0.000000	
950.950000	17.091547	-43.462837	0.000000	
951.000000	17.069141	-43.451753	0.000000	
951.050000	17.046744	-43.440648	0.000000	
951.100000	17.024366	-43.429506	0.000000	
951.150000	17.002000	-43.418339	0.000000	
951.200000	16.979639	-43.407163	0.000000	
951.250000	16.957277	-43.395988	0.000000	
951.300000	16.934919	-43.384805	0.000000	
951.350000	16.912559	-43.373627	0.000000	
951.400000	16.890190	-43.362468	0.000000	
951.450000	16.867810	-43.351329	0.000000	
951.500000	16.845419	-43.340213	0.000000	
951.550000	16.823009	-43.329135	0.000000	
951.600000	16.800578	-43.318100	0.000000	
951.650000	16.778129	-43.307100	0.000000	
951.700000	16.755669	-43.296124	0.000000	
951.750000	16.733199	-43.285167	0.000000	
951.800000	16.710728	-43.274213	0.000000	
951.850000	16.688259	-43.263254	0.000000	
951.900000	16.665795	-43.252286	0.000000	
951.950000	16.643334	-43.241310	0.000000	
952.000000	16.620876	-43.230329	0.000000	
952.050000	16.598410	-43.219367	0.000000	
952.100000	16.575933	-43.208424	0.000000	
952.150000	16.553449	-43.197497	0.000000	
952.200000	16.530961	-43.186575	0.000000	
952.250000	16.508480	-43.175642	0.000000	
952.300000	16.486014	-43.164679	0.000000	
952.350000	16.463556	-43.153698	0.000000	
952.400000	16.441118	-43.142679	0.000000	
952.450000	16.418703	-43.131612	0.000000	
952.500000	16.396304	-43.120516	0.000000	
952.550000	16.373920	-43.109388	0.000000	
952.600000	16.351565	-43.098204	0.000000	
952.650000	16.329235	-43.086970	0.000000	
952.700000	16.306932	-43.075682	0.000000	
952.750000	16.284655	-43.064343	0.000000	
952.800000	16.262413	-43.052938	0.000000	
952.850000	16.240196	-43.041482	0.000000	
952.900000	16.217994	-43.029999	0.000000	
952.950000	16.195801	-43.018498	0.000000	
953.000000	16.173613	-43.006987	0.000000	
953.050000	16.151442	-42.995442	0.000000	
953.100000	16.129299	-42.983842	0.000000	
953.150000	16.107176	-42.972203	0.000000	
953.200000	16.085064	-42.960541	0.000000	
953.250000	16.062955	-42.948873	0.000000	
953.300000	16.040844	-42.937209	0.000000	
953.350000	16.018735	-42.925542	0.000000	
953.400000	15.996624	-42.913879	0.000000	
953.450000	15.974503	-42.902234	0.000000	
953.500000	15.952381	-42.890593	0.000000	
953.550000	15.930265	-42.878939	0.000000	
953.600000	15.908149	-42.867285	0.000000	
953.650000	15.886025	-42.855647	0.000000	
953.700000	15.863894	-42.844023	0.000000	
953.750000	15.841747	-42.832428	0.000000	
953.800000	15.819576	-42.820880	0.000000	
953.850000	15.797375	-42.809392	0.000000	
953.900000	15.775139	-42.797971	0.000000	
953.950000	15.752868	-42.786620	0.000000	
954.000000	15.730573	-42.775318	0.000000	
954.050000	15.708264	-42.764045	0.000000	
954.100000	15.685930	-42.752822	0.000000	
954.150000	15.663569	-42.741652	0.000000	
954.200000	15.641189	-42.730520	0.000000	
954.250000	15.618797	-42.719412	0.000000	
954.300000	15.596406	-42.708303	0.000000	
954.350000	15.574013	-42.697196	0.000000	
954.400000	15.551620	-42.686091	0.000000	
954.450000	15.529233	-42.674971	0.000000	
954.500000	15.506852	-42.663842	0.000000	
954.550000	15.484472	-42.652711	0.000000	
954.600000	15.462079	-42.641605	0.000000	
954.650000	15.439671	-42.630527	0.000000	
954.700000	15.417244	-42.619488	0.000000	
954.750000	15.394805	-42.608472	0.000000	
954.800000	15.372362	-42.597464	0.000000	
954.850000	15.349925	-42.586445	0.000000	
954.900000	15.327501	-42.575400	0.000000	
954.950000	15.305101	-42.564306	0.000000	
955.000000	15.282731	-42.553151	0.000000	
955.050000	15.260387	-42.541944	0.000000	
955.100000	15.238068	-42.530687	0.000000	
955.150000	15.215774	-42.519380	0.000000	
955.200000	15.193500	-42.508032	0.000000	
955.250000	15.171236	-42.496665	0.000000	
955.300000	15.148977	-42.485287	0.000000	
955.350000	15.126725	-42.473896	0.000000	
955.400000	15.104488	-42.462477	0.000000	
955.450000	15.082273	-42.451017	0.000000	
955.500000	15.060094	-42.439491	0.000000	
955.550000	15.037979	-42.427858	0.000000	
955.600000	15.015953	-42.416080	0.000000	
955.650000	14.994044	-42.404115	0.000000	
955.700000	14.972282	-42.391923	0.000000	
955.750000	14.950706	-42.379451	0.000000	
955.800000	14.929353	-42.366665	0.000000	
955.850000	14.908255	-42.353535	0.000000	
955.900000	14.887459	-42.340023	0.000000	
955.950000	14.866990	-42.326115	0.000000	
956.000000	14.846885	-42.311792	0.000000	
956.050000	14.827189	-42.297023	0.000000	
956.100000	14.807945	-42.281780	0.000000	
956.150000	14.789213	-42.266039	0.000000	
956.200000	14.771028	-42.249773	0.000000	
956.250000	14.753428	-42.232965	0.000000	
956.300000	14.736462	-42.215583	0.000000	
956.350000	14.720162	-42.197615	0.000000	
956.400000	14.704544	-42.179070	0.000000	
956.450000	14.689624	-42.159951	0.000000	
956.500000	14.675402	-42.140281	0.000000	
956.550000	14.661879	-42.120078	0.000000	
956.600000	14.649059	-42.099374	0.000000	
956.650000	14.636933	-42.078208	0.000000	
956.700000	14.625480	-42.056608	0.000000	
956.750000	14.614680	-42.034602	0.000000	
956.800000	14.604528	-42.012222	0.000000	
956.850000	14.594987	-41.989513	0.000000	
956.900000	14.586020	-41.966506	0.000000	
956.950000	14.577562	-41.943250	0.000000	
957.000000	14.569586	-41.919770	0.000000	
957.050000	14.562042	-41.896097	0.000000	
957.100000	14.554896	-41.872260	0.000000	
957.150000	14.548120	-41.848284	0.000000	
957.200000	14.541655	-41.824201	0.000000	
957.250000	14.535482	-41.800024	0.000000	
957.300000	14.529568	-41.775770	0.000000	
957.350000	14.523856	-41.751457	0.000000	
957.400000	14.518323	-41.727096	0.000000	
957.450000	14.512943	-41.702696	0.000000	
957.500000	14.507712	-41.678261	0.000000	
957.550000	14.502623	-41.653793	0.000000	
957.600000	14.497644	-41.629300	0.000000	
957.650000	14.492757	-41.604787	0.000000	
957.700000	14.487949	-41.580259	0.000000	
957.750000	14.483215	-41.555716	0.000000	
957.800000	14.478563	-41.531156	0.000000	
957.850000	14.473957	-41.506589	0.000000	
957.900000	14.469394	-41.482013	0.000000	
957.950000	14.464869	-41.457430	0.000000	
958.000000	14.460385	-41.432839	0.000000	
958.050000	14.455945	-41.408240	0.000000	
958.100000	14.451553	-41.383631	0.000000	
958.150000	14.447206	-41.359013	0.000000	
958.200000	14.442875	-41.334392	0.000000	
958.250000	14.438562	-41.309768	0.000000	
958.300000	14.434243	-41.285145	0.000000	
958.350000	14.429907	-41.260525	0.000000	
958.400000	14.425578	-41.235904	0.000000	
958.450000	14.421252	-41.211282	0.000000	
958.500000	14.416919	-41.186662	0.000000	
958.550000	14.412554	-41.162047	0.000000	
958.600000	14.408132	-41.137444	0.000000	
958.650000	14.403658	-41.112851	0.000000	
958.700000	14.399126	-41.088269	0.000000	
958.750000	14.394517	-41.063702	0.000000	
958.800000	14.389828	-41.039152	0.000000	
958.850000	14.385035	-41.014623	0.000000	
958.900000	14.380155	-40.990112	0.000000	
958.950000	14.375191	-40.965618	0.000000	
959.000000	14.370156	-40.941138	0.000000	
959.050000	14.365059	-40.916671	0.000000	
959.100000	14.359893	-40.892219	0.000000	
959.150000	14.354655	-40.867781	0.000000	
959.200000	14.349345	-40.843358	0.000000	
959.250000	14.343985	-40.818946	0.000000	
959.300000	14.338557	-40.794547	0.000000	
959.350000	14.333084	-40.770158	0.000000	
959.400000	14.327567	-40.745779	0.000000	
959.450000	14.321981	-40.721415	0.000000	
959.500000	14.316314	-40.697068	0.000000	
959.550000	14.310576	-40.672737	0.000000	
959.600000	14.304775	-40.648421	0.000000	
959.650000	14.298923	-40.624117	0.000000	
959.700000	14.293041	-40.599820	0.000000	
959.750000	14.287137	-40.575529	0.000000	
959.800000	14.281205	-40.551244	0.000000	
959.850000	14.275268	-40.526960	0.000000	
959.900000	14.269347	-40.502672	0.000000	
959.950000	14.263422	-40.478386	0.000000	
960.000000	14.257477	-40.454104	0.000000	
960.050000	14.251493	-40.429833	0.000000	
960.100000	14.245473	-40.405570	0.000000	
960.150000	14.239416	-40.381317	0.000000	
960.200000	14.233314	-40.357075	0.000000	
960.250000	14.227157	-40.332848	0.000000	
960.300000	14.220954	-40.308633	0.000000	
960.350000	14.214722	-40.284424	0.000000	
960.400000	14.208445	-40.260227	0.000000	
960.450000	14.202118	-40.236043	0.000000	
960.500000	14.195741	-40.211873	0.000000	
960.550000	14.189308	-40.187718	0.000000	
960.600000	14.182805	-40.163584	0.000000	
960.650000	14.176249	-40.139465	0.000000	
960.700000	14.169627	-40.115365	0.000000	
960.750000	14.162919	-40.091290	0.000000	
960.800000	14.156100	-40.067248	0.000000	
960.850000	14.149170	-40.043240	0.000000	
960.900000	14.142114	-40.019271	0.000000	
960.950000	14.134916	-39.995345	0.000000	
961.000000	14.127605	-39.971453	0.000000	
961.050000	14.120187	-39.947593	0.000000	
961.100000	14.112684	-39.923761	0.000000	
961.150000	14.105095	-39.899954	0.000000	
961.200000	14.097422	-39.876175	0.000000	
961.250000	14.089677	-39.852418	0.000000	
961.300000	14.081878	-39.828678	0.000000	
961.350000	14.074023	-39.804955	0.000000	
961.400000	14.066099	-39.781252	0.000000	
961.450000	14.058093	-39.757574	0.000000	
961.500000	14.050031	-39.733914	0.000000	
961.550000	14.041922	-39.710269	0.000000	
961.600000	14.033796	-39.686630	0.000000	
961.650000	14.025675	-39.662988	0.000000	
961.700000	14.017555	-39.639347	0.000000	
961.750000	14.009451	-39.615700	0.000000	
961.800000	14.001366	-39.592047	0.000000	
961.850000	13.993308	-39.568385	0.000000	
961.900000	13.985288	-39.544710	0.000000	
961.950000	13.977289	-39.521028	0.000000	
962.000000	13.969325	-39.497333	0.000000	
962.050000	13.961364	-39.473637	0.000000	
962.100000	13.953405	-39.449940	0.000000	
962.150000	13.945443	-39.426245	0.000000	
962.200000	13.937477	-39.402550	0.000000	
962.250000	13.929499	-39.378860	0.000000	
962.300000	13.921518	-39.355172	0.000000	
962.350000	13.913504	-39.331495	0.000000	
962.400000	13.905448	-39.307832	0.000000	
962.450000	13.897353	-39.284183	0.000000	
962.500000	13.889249	-39.260537	0.000000	
962.550000	13.881136	-39.236895	0.000000	
962.600000	13.873018	-39.213254	0.000000	
962.650000	13.864870	-39.189623	0.000000	
962.700000	13.856685	-39.166005	0.000000	
962.750000	13.848448	-39.142404	0.000000	
962.800000	13.840149	-39.118824	0.000000	
962.850000	13.831784	-39.095267	0.000000	
962.900000	13.823367	-39.071728	0.000000	
962.950000	13.814912	-39.048203	0.000000	
963.000000	13.806421	-39.024690	0.000000	
963.050000	13.797891	-39.001191	0.000000	
963.100000	13.789331	-38.977704	0.000000	
963.150000	13.780738	-38.954229	0.000000	
963.200000	13.772103	-38.930769	0.000000	
963.250000	13.763435	-38.907322	0.000000	
963.300000	13.754738	-38.883886	0.000000	
963.350000	13.746000	-38.860465	0.000000	
963.400000	13.737232	-38.837056	0.000000	
963.450000	13.728439	-38.813657	0.000000	
963.500000	13.719644	-38.790258	0.000000	
963.550000	13.710842	-38.766862	0.000000	
963.600000	13.702035	-38.743467	0.000000	
963.650000	13.693218	-38.720076	0.000000	
963.700000	13.684398	-38.696687	0.000000	
963.750000	13.675587	-38.673293	0.000000	
963.800000	13.666791	-38.649895	0.000000	
963.850000	13.658002	-38.626494	0.000000	
963.900000	13.649242	-38.603083	0.000000	
963.950000	13.640487	-38.579669	0.000000	
964.000000	13.631739	-38.556253	0.000000	
964.050000	13.622999	-38.532834	0.000000	
964.100000	13.614257	-38.509416	0.000000	
964.150000	13.605509	-38.486000	0.000000	
964.200000	13.596776	-38.462578	0.000000	
964.250000	13.588060	-38.439150	0.000000	
964.300000	13.579345	-38.415722	0.000000	
964.350000	13.570625	-38.392295	0.000000	
964.400000	13.561919	-38.368863	0.000000	
964.450000	13.553217	-38.345429	0.000000	
964.500000	13.544496	-38.322003	0.000000	
964.550000	13.535748	-38.298587	0.000000	
964.600000	13.526954	-38.275189	0.000000	
964.650000	13.518089	-38.251820	0.000000	
964.700000	13.509156	-38.228476	0.000000	
964.750000	13.500168	-38.205153	0.000000	
964.800000	13.491130	-38.181849	0.000000	
964.850000	13.482039	-38.158565	0.000000	
964.900000	13.472904	-38.135298	0.000000	
964.950000	13.463728	-38.112046	0.000000	
965.000000	13.454529	-38.088803	0.000000	
965.050000	13.445304	-38.065569	0.000000	
965.100000	13.436062	-38.042342	0.000000	
965.150000	13.426817	-38.019116	0.000000	
965.200000	13.417594	-37.995882	0.000000	
965.250000	13.408394	-37.972639	0.000000	
965.300000	13.399238	-37.949381	0.000000	
965.350000	13.390149	-37.926099	0.000000	
965.400000	13.381129	-37.902791	0.000000	
965.450000	13.372178	-37.879459	0.000000	
965.500000	13.363324	-37.856093	0.000000	
965.550000	13.354578	-37.832690	0.000000	
965.600000	13.345940	-37.809248	0.000000	
965.650000	13.337409	-37.785768	0.000000	
965.700000	13.329002	-37.762244	0.000000	
965.750000	13.320718	-37.738675	0.000000	
965.800000	13.312553	-37.715064	0.000000	
965.850000	13.304490	-37.691417	0.000000	
965.900000	13.296521	-37.667737	0.000000	
965.950000	13.288660	-37.644020	0.000000	
966.000000	13.280898	-37.620268	0.000000	
966.050000	13.273230	-37.596484	0.000000	
966.100000	13.265666	-37.572665	0.000000	
966.150000	13.258195	-37.548815	0.000000	
966.200000	13.250825	-37.524931	0.000000	
966.250000	13.243543	-37.501018	0.000000	
966.300000	13.236343	-37.477080	0.000000	
966.350000	13.229194	-37.453126	0.000000	
966.400000	13.222064	-37.429166	0.000000	
966.450000	13.214975	-37.405193	0.000000	
966.500000	13.207897	-37.381216	0.000000	
966.550000	13.200805	-37.357244	0.000000	
966.600000	13.193694	-37.333279	0.000000	
966.650000	13.186551	-37.309322	0.000000	
966.700000	13.179402	-37.285368	0.000000	
966.750000	13.172230	-37.261421	0.000000	
966.800000	13.165032	-37.237482	0.000000	
966.850000	13.157795	-37.213555	0.000000	
966.900000	13.150513	-37.189643	0.000000	
966.950000	13.143202	-37.165739	0.000000	
967.000000	13.135855	-37.141848	0.000000	
967.050000	13.128480	-37.117965	0.000000	
967.100000	13.121074	-37.094091	0.000000	
967.150000	13.113609	-37.070236	0.000000	
967.200000	13.106110	-37.046391	0.000000	
967.250000	13.098568	-37.022560	0.000000	
967.300000	13.090974	-36.998745	0.000000	
967.350000	13.083310	-36.974951	0.000000	
967.400000	13.075608	-36.951168	0.000000	
967.450000	13.067892	-36.927390	0.000000	
967.500000	13.060141	-36.903623	0.000000	
967.550000	13.052353	-36.879868	0.000000	
967.600000	13.044552	-36.856117	0.000000	
967.650000	13.036756	-36.832364	0.000000	
967.700000	13.028979	-36.808606	0.000000	
967.750000	13.021207	-36.784846	0.000000	
967.800000	13.013453	-36.761080	0.000000	
967.850000	13.005732	-36.737304	0.000000	
967.900000	12.998062	-36.713512	0.000000	
967.950000	12.990437	-36.689706	0.000000	
968.000000	12.982857	-36.665886	0.000000	
968.050000	12.975329	-36.642050	0.000000	
968.100000	12.967835	-36.618204	0.000000	
968.150000	12.960366	-36.594349	0.000000	
968.200000	12.952941	-36.570481	0.000000	
968.250000	12.945544	-36.546603	0.000000	
968.300000	12.938168	-36.522719	0.000000	
968.350000	12.930824	-36.498825	0.000000	
968.400000	12.923523	-36.474918	0.000000	
968.450000	12.916253	-36.451000	0.000000	
968.500000	12.909011	-36.427075	0.000000	
968.550000	12.901799	-36.403139	0.000000	
968.600000	12.894647	-36.379185	0.000000	
968.650000	12.887539	-36.355218	0.000000	
968.700000	12.880455	-36.331243	0.000000	
968.750000	12.873397	-36.307261	0.000000	
968.800000	12.866348	-36.283276	0.000000	
968.850000	12.859326	-36.259283	0.000000	
968.900000	12.852306	-36.235289	0.000000	
968.950000	12.845269	-36.211301	0.000000	
969.000000	12.838243	-36.187309	0.000000	
969.050000	12.831222	-36.163316	0.000000	
969.100000	12.824214	-36.139319	0.000000	
969.150000	12.817242	-36.115312	0.000000	
969.200000	12.810323	-36.091290	0.000000	
969.250000	12.803440	-36.067259	0.000000	
969.300000	12.796596	-36.043216	0.000000	
969.350000	12.789800	-36.019160	0.000000	
969.400000	12.783052	-35.995091	0.000000	
969.450000	12.776344	-35.971010	0.000000	
969.500000	12.769654	-35.946924	0.000000	
969.550000	12.762966	-35.922838	0.000000	
969.600000	12.756287	-35.898749	0.000000	
969.650000	12.749607	-35.874660	0.000000	
969.700000	12.742923	-35.850573	0.000000	
969.750000	12.736229	-35.826488	0.000000	
969.800000	12.729516	-35.802409	0.000000	
969.850000	12.722789	-35.778334	0.000000	
969.900000	12.716044	-35.754265	0.000000	
969.950000	12.709291	-35.730197	0.000000	
970.000000	12.702547	-35.706127	0.000000	
970.050000	12.695810	-35.682055	0.000000	
970.100000	12.689078	-35.657982	0.000000	
970.150000	12.682329	-35.633913	0.000000	
970.200000	12.675551	-35.609853	0.000000	
970.250000	12.668729	-35.585804	0.000000	
970.300000	12.661877	-35.561763	0.000000	
970.350000	12.654979	-35.537736	0.000000	
970.400000	12.648031	-35.513723	0.000000	
970.450000	12.641036	-35.489723	0.000000	
970.500000	12.633993	-35.465737	0.000000	
970.550000	12.626925	-35.441757	0.000000	
970.600000	12.619848	-35.417781	0.000000	
970.650000	12.612748	-35.393811	0.000000	
970.700000	12.605605	-35.369855	0.000000	
970.750000	12.598414	-35.345913	0.000000	
970.800000	12.591175	-35.321987	0.000000	
970.850000	12.583874	-35.298082	0.000000	
970.900000	12.576507	-35.274199	0.000000	
970.950000	12.569055	-35.250345	0.000000	
971.000000	12.561526	-35.226517	0.000000	
971.050000	12.553924	-35.202712	0.000000	
971.100000	12.546232	-35.178937	0.000000	
971.150000	12.538444	-35.155193	0.000000	
971.200000	12.530583	-35.131473	0.000000	
971.250000	12.522635	-35.107781	0.000000	
971.300000	12.514606	-35.084116	0.000000	
971.350000	12.506496	-35.060478	0.000000	
971.400000	12.498307	-35.036867	0.000000	
971.450000	12.490037	-35.013285	0.000000	
971.500000	12.481664	-34.989738	0.000000	
971.550000	12.473180	-34.966232	0.000000	
971.600000	12.464571	-34.942771	0.000000	
971.650000	12.455821	-34.919362	0.000000	
971.700000	12.446960	-34.895994	0.000000	
971.750000	12.437996	-34.872664	0.000000	
971.800000	12.428958	-34.849362	0.000000	
971.850000	12.419859	-34.826082	0.000000	
971.900000	12.410723	-34.802818	0.000000	
971.950000	12.401560	-34.779563	0.000000	
972.000000	12.392392	-34.756311	0.000000	
972.050000	12.383198	-34.733068	0.000000	
972.100000	12.373966	-34.709840	0.000000	
972.150000	12.364700	-34.686625	0.000000	
972.200000	12.355427	-34.663413	0.000000	
972.250000	12.346160	-34.640199	0.000000	
972.300000	12.336935	-34.616970	0.000000	
972.350000	12.327800	-34.593712	0.000000	
972.400000	12.318799	-34.570412	0.000000	
972.450000	12.309968	-34.547061	0.000000	
972.500000	12.301360	-34.523647	0.000000	
972.550000	12.293024	-34.500160	0.000000	
972.600000	12.285013	-34.476588	0.000000	
972.650000	12.277391	-34.452923	0.000000	
972.700000	12.270220	-34.429158	0.000000	
972.750000	12.263522	-34.405298	0.000000	
972.800000	12.257329	-34.381342	0.000000	
972.850000	12.251656	-34.357297	0.000000	
972.900000	12.246546	-34.333169	0.000000	
972.950000	12.242033	-34.308965	0.000000	
973.000000	12.238158	-34.284692	0.000000	
973.050000	12.234947	-34.260361	0.000000	
973.100000	12.232441	-34.235973	0.000000	
973.150000	12.230673	-34.211536	0.000000	
973.200000	12.229681	-34.187060	0.000000	
973.250000	12.229464	-34.162559	0.000000	
973.300000	12.230012	-34.138049	0.000000	
973.350000	12.231298	-34.113538	0.000000	
973.400000	12.233291	-34.089044	0.000000	
973.450000	12.235941	-34.064576	0.000000	
973.500000	12.239216	-34.040137	0.000000	
973.550000	12.243057	-34.015735	0.000000	
973.600000	12.247445	-33.991382	0.000000	
973.650000	12.252339	-33.967080	0.000000	
973.700000	12.257692	-33.942837	0.000000	
973.750000	12.263447	-33.918655	0.000000	
973.800000	12.269569	-33.894532	0.000000	
973.850000	12.276023	-33.870468	0.000000	
973.900000	12.282778	-33.846460	0.000000	
973.950000	12.289777	-33.822500	0.000000	
974.000000	12.296976	-33.798584	0.000000	
974.050000	12.304326	-33.774704	0.000000	
974.100000	12.311797	-33.750855	0.000000	
974.150000	12.319357	-33.727029	0.000000	
974.200000	12.326985	-33.703223	0.000000	
974.250000	12.334638	-33.679424	0.000000	
974.300000	12.342280	-33.655622	0.000000	
974.350000	12.349886	-33.631808	0.000000	
974.400000	12.357447	-33.607981	0.000000	
974.450000	12.364968	-33.584142	0.000000	
974.500000	12.372444	-33.560288	0.000000	
974.550000	12.379876	-33.536422	0.000000	
974.600000	12.387283	-33.512547	0.000000	
974.650000	12.394658	-33.488663	0.000000	
974.700000	12.402008	-33.464770	0.000000	
974.750000	12.409330	-33.440869	0.000000	
974.800000	12.416633	-33.416961	0.000000	
974.850000	12.423909	-33.393045	0.000000	
974.900000	12.431170	-33.369124	0.000000	
974.950000	12.438433	-33.345204	0.000000	
975.000000	12.445704	-33.321286	0.000000	
975.050000	12.452986	-33.297372	0.000000	
975.100000	12.460306	-33.273470	0.000000	
975.150000	12.467656	-33.249578	0.000000	
975.200000	12.475046	-33.225698	0.000000	
975.250000	12.482455	-33.201825	0.000000	
975.300000	12.489889	-33.177961	0.000000	
975.350000	12.497343	-33.154102	0.000000	
975.400000	12.504817	-33.130250	0.000000	
975.450000	12.512325	-33.106407	0.000000	
975.500000	12.519854	-33.082571	0.000000	
975.550000	12.527402	-33.058741	0.000000	
975.600000	12.534982	-33.034920	0.000000	
975.650000	12.542587	-33.011107	0.000000	
975.700000	12.550196	-32.987294	0.000000	
975.750000	12.557799	-32.963481	0.000000	
975.800000	12.565399	-32.939666	0.000000	
975.850000	12.572983	-32.915846	0.000000	
975.900000	12.580566	-32.892026	0.000000	
975.950000	12.588130	-32.868200	0.000000	
976.000000	12.595645	-32.844360	0.000000	
976.050000	12.603101	-32.820502	0.000000	
976.100000	12.610503	-32.796629	0.000000	
976.150000	12.617839	-32.772735	0.000000	
976.200000	12.625118	-32.748823	0.000000	
976.250000	12.632318	-32.724887	0.000000	
976.300000	12.639454	-32.700931	0.000000	
976.350000	12.646520	-32.676954	0.000000	
976.400000	12.653536	-32.652962	0.000000	
976.450000	12.660521	-32.628961	0.000000	
976.500000	12.667478	-32.604951	0.000000	
976.550000	12.674383	-32.580927	0.000000	
976.600000	12.681252	-32.556892	0.000000	
976.650000	12.688072	-32.532842	0.000000	
976.700000	12.694851	-32.508781	0.000000	
976.750000	12.701591	-32.484708	0.000000	
976.800000	12.708293	-32.460625	0.000000	
976.850000	12.714951	-32.436529	0.000000	
976.900000	12.721579	-32.412425	0.000000	
976.950000	12.728182	-32.388314	0.000000	
977.000000	12.734778	-32.364200	0.000000	
977.050000	12.741394	-32.340092	0.000000	
977.100000	12.748054	-32.315997	0.000000	
977.150000	12.754745	-32.291911	0.000000	
977.200000	12.761466	-32.267833	0.000000	
977.250000	12.768220	-32.243765	0.000000	
977.300000	12.775019	-32.219711	0.000000	
977.350000	12.781875	-32.195673	0.000000	
977.400000	12.788795	-32.171655	0.000000	
977.450000	12.795775	-32.147655	0.000000	
977.500000	12.802810	-32.123672	0.000000	
977.550000	12.809892	-32.099703	0.000000	
977.600000	12.817048	-32.075757	0.000000	
977.650000	12.824279	-32.051834	0.000000	
977.700000	12.831586	-32.027933	0.000000	
977.750000	12.838943	-32.004048	0.000000	
977.800000	12.846359	-31.980181	0.000000	
977.850000	12.853825	-31.956327	0.000000	
977.900000	12.861329	-31.932484	0.000000	
977.950000	12.868861	-31.908649	0.000000	
978.000000	12.876391	-31.884814	0.000000	
978.050000	12.883907	-31.860975	0.000000	
978.100000	12.891394	-31.837127	0.000000	
978.150000	12.898832	-31.813266	0.000000	
978.200000	12.906224	-31.789392	0.000000	
978.250000	12.913570	-31.765504	0.000000	
978.300000	12.920852	-31.741599	0.000000	
978.350000	12.928071	-31.717675	0.000000	
978.400000	12.935215	-31.693730	0.000000	
978.450000	12.942302	-31.669767	0.000000	
978.500000	12.949344	-31.645790	0.000000	
978.550000	12.956334	-31.621797	0.000000	
978.600000	12.963278	-31.597791	0.000000	
978.650000	12.970181	-31.573770	0.000000	
978.700000	12.977047	-31.549738	0.000000	
978.750000	12.983889	-31.525698	0.000000	
978.800000	12.990728	-31.501657	0.000000	
978.850000	12.997568	-31.477617	0.000000	
978.900000	13.004434	-31.453584	0.000000	
978.950000	13.011347	-31.429567	0.000000	
979.000000	13.018323	-31.405571	0.000000	
979.050000	13.025363	-31.381594	0.000000	
979.100000	13.032492	-31.357645	0.000000	
979.150000	13.039724	-31.333729	0.000000	
979.200000	13.047079	-31.309853	0.000000	
979.250000	13.054564	-31.286018	0.000000	
979.300000	13.062189	-31.262229	0.000000	
979.350000	13.069974	-31.238492	0.000000	
979.400000	13.077929	-31.214814	0.000000	
979.450000	13.086044	-31.191189	0.000000	
979.500000	13.094295	-31.167612	0.000000	
979.550000	13.102680	-31.144080	0.000000	
979.600000	13.111187	-31.120591	0.000000	
979.650000	13.119827	-31.097149	0.000000	
979.700000	13.128601	-31.073756	0.000000	
979.750000	13.137517	-31.050417	0.000000	
979.800000	13.146583	-31.027136	0.000000	
979.850000	13.155795	-31.003914	0.000000	
979.900000	13.165140	-30.980743	0.000000	
979.950000	13.174599	-30.957617	0.000000	
980.000000	13.184162	-30.934534	0.000000	
980.050000	13.193817	-30.911487	0.000000	
980.100000	13.203573	-30.888479	0.000000	
980.150000	13.213428	-30.865513	0.000000	
980.200000	13.223355	-30.842576	0.000000	
980.250000	13.233351	-30.819667	0.000000	
980.300000	13.243401	-30.796781	0.000000	
980.350000	13.253492	-30.773912	0.000000	
980.400000	13.263621	-30.751059	0.000000	
980.450000	13.273767	-30.728214	0.000000	
980.500000	13.283920	-30.705372	0.000000	
980.550000	13.294102	-30.682542	0.000000	
980.600000	13.304298	-30.659718	0.000000	
980.650000	13.314518	-30.636904	0.000000	
980.700000	13.324740	-30.614091	0.000000	
980.750000	13.334954	-30.591274	0.000000	
980.800000	13.345146	-30.568448	0.000000	
980.850000	13.355289	-30.545600	0.000000	
980.900000	13.365378	-30.522728	0.000000	
980.950000	13.375413	-30.499833	0.000000	
981.000000	13.385406	-30.476919	0.000000	
981.050000	13.395359	-30.453988	0.000000	
981.100000	13.405284	-30.431045	0.000000	
981.150000	13.415175	-30.408087	0.000000	
981.200000	13.425029	-30.385114	0.000000	
981.250000	13.434871	-30.362134	0.000000	
981.300000	13.444689	-30.339145	0.000000	
981.350000	13.454505	-30.316154	0.000000	
981.400000	13.464309	-30.293158	0.000000	
981.450000	13.474082	-30.270148	0.000000	
981.500000	13.483824	-30.247126	0.000000	
981.550000	13.493548	-30.224095	0.000000	
981.600000	13.503244	-30.201053	0.000000	
981.650000	13.512910	-30.177999	0.000000	
981.700000	13.522562	-30.154938	0.000000	
981.750000	13.532209	-30.131875	0.000000	
981.800000	13.541839	-30.108805	0.000000	
981.850000	13.551456	-30.085730	0.000000	
981.900000	13.561056	-30.062648	0.000000	
981.950000	13.570648	-30.039562	0.000000	
982.000000	13.580238	-30.016475	0.000000	
982.050000	13.589808	-29.993381	0.000000	
982.100000	13.599353	-29.970277	0.000000	
982.150000	13.608862	-29.947158	0.000000	
982.200000	13.618339	-29.924027	0.000000	
982.250000	13.627771	-29.900877	0.000000	
982.300000	13.637158	-29.877709	0.000000	
982.350000	13.646501	-29.854524	0.000000	
982.400000	13.655788	-29.831315	0.000000	
982.450000	13.665046	-29.808095	0.000000	
982.500000	13.674291	-29.784869	0.000000	
982.550000	13.683543	-29.761646	0.000000	
982.600000	13.692810	-29.738429	0.000000	
982.650000	13.702099	-29.715222	0.000000	
982.700000	13.711434	-29.692034	0.000000	
982.750000	13.720811	-29.668864	0.000000	
982.800000	13.730220	-29.645709	0.000000	
982.850000	13.739682	-29.622577	0.000000	
982.900000	13.749189	-29.599464	0.000000	
982.950000	13.758762	-29.576380	0.000000	
983.000000	13.768390	-29.553321	0.000000	
983.050000	13.778085	-29.530290	0.000000	
983.100000	13.787862	-29.507295	0.000000	
983.150000	13.797707	-29.484329	0.000000	
983.200000	13.807627	-29.461395	0.000000	
983.250000	13.817612	-29.438487	0.000000	
983.300000	13.827666	-29.415608	0.000000	
983.350000	13.837770	-29.392749	0.000000	
983.400000	13.847931	-29.369913	0.000000	
983.450000	13.858147	-29.347101	0.000000	
983.500000	13.868411	-29.324308	0.000000	
983.550000	13.878717	-29.301534	0.000000	
983.600000	13.889071	-29.278780	0.000000	
983.650000	13.899468	-29.256047	0.000000	
983.700000	13.909910	-29.233333	0.000000	
983.750000	13.920376	-29.210631	0.000000	
983.800000	13.930856	-29.187935	0.000000	
983.850000	13.941351	-29.165247	0.000000	
983.900000	13.951851	-29.142560	0.000000	
983.950000	13.962343	-29.119870	0.000000	
984.000000	13.972834	-29.097180	0.000000	
984.050000	13.983340	-29.074497	0.000000	
984.100000	13.993857	-29.051819	0.000000	
984.150000	14.004378	-29.029142	0.000000	
984.200000	14.014908	-29.006471	0.000000	
984.250000	14.025453	-28.983806	0.000000	
984.300000	14.036044	-28.961163	0.000000	
984.350000	14.046677	-28.938540	0.000000	
984.400000	14.057362	-28.915941	0.000000	
984.450000	14.068098	-28.893365	0.000000	
984.500000	14.078895	-28.870819	0.000000	
984.550000	14.089732	-28.848292	0.000000	
984.600000	14.100600	-28.825780	0.000000	
984.650000	14.111477	-28.803271	0.000000	
984.700000	14.122366	-28.780768	0.000000	
984.750000	14.133250	-28.758263	0.000000	
984.800000	14.144146	-28.735764	0.000000	
984.850000	14.155057	-28.713272	0.000000	
984.900000	14.165994	-28.690793	0.000000	
984.950000	14.176948	-28.668322	0.000000	
985.000000	14.187921	-28.645860	0.000000	
985.050000	14.198890	-28.623395	0.000000	
985.100000	14.209855	-28.600930	0.000000	
985.150000	14.220809	-28.578458	0.000000	
985.200000	14.231744	-28.555978	0.000000	
985.250000	14.242670	-28.533493	0.000000	
985.300000	14.253582	-28.511002	0.000000	
985.350000	14.264454	-28.488492	0.000000	
985.400000	14.275277	-28.465959	0.000000	
985.450000	14.286064	-28.443409	0.000000	
985.500000	14.296822	-28.420845	0.000000	
985.550000	14.307545	-28.398264	0.000000	
985.600000	14.318261	-28.375679	0.000000	
985.650000	14.328967	-28.353089	0.000000	
985.700000	14.339663	-28.330495	0.000000	
985.750000	14.350347	-28.307895	0.000000	
985.800000	14.361039	-28.285299	0.000000	
985.850000	14.371715	-28.262695	0.000000	
985.900000	14.382362	-28.240077	0.000000	
985.950000	14.392982	-28.217447	0.000000	
986.000000	14.403583	-28.194806	0.000000	
986.050000	14.414188	-28.172168	0.000000	
986.100000	14.424820	-28.149543	0.000000	
986.150000	14.435452	-28.126918	0.000000	
986.200000	14.446097	-28.104299	0.000000	
986.250000	14.456755	-28.081687	0.000000	
986.300000	14.467439	-28.059086	0.000000	
986.350000	14.478136	-28.036492	0.000000	
986.400000	14.488868	-28.013914	0.000000	
986.450000	14.499653	-27.991362	0.000000	
986.500000	14.510479	-27.968828	0.000000	
986.550000	14.521338	-27.946311	0.000000	
986.600000	14.532211	-27.923801	0.000000	
986.650000	14.543094	-27.901295	0.000000	
986.700000	14.553994	-27.878798	0.000000	
986.750000	14.564906	-27.856306	0.000000	
986.800000	14.575832	-27.833821	0.000000	
986.850000	14.586753	-27.811334	0.000000	
986.900000	14.597689	-27.788853	0.000000	
986.950000	14.608663	-27.766392	0.000000	
987.000000	14.619663	-27.743943	0.000000	
987.050000	14.630690	-27.721507	0.000000	
987.100000	14.641731	-27.699078	0.000000	
987.150000	14.652785	-27.676655	0.000000	
987.200000	14.663859	-27.654242	0.000000	
987.250000	14.674952	-27.631839	0.000000	
987.300000	14.686065	-27.609446	0.000000	
987.350000	14.697188	-27.587057	0.000000	
987.400000	14.708344	-27.564685	0.000000	
987.450000	14.719526	-27.542326	0.000000	
987.500000	14.730730	-27.519978	0.000000	
987.550000	14.741968	-27.497648	0.000000	
987.600000	14.753235	-27.475334	0.000000	
987.650000	14.764528	-27.453032	0.000000	
987.700000	14.775840	-27.430740	0.000000	
987.750000	14.787166	-27.408455	0.000000	
987.800000	14.798506	-27.386177	0.000000	
987.850000	14.809850	-27.363901	0.000000	
987.900000	14.821200	-27.341627	0.000000	
987.950000	14.832556	-27.319357	0.000000	
988.000000	14.843905	-27.297083	0.000000	
988.050000	14.855242	-27.274803	0.000000	
988.100000	14.866580	-27.252525	0.000000	
988.150000	14.877907	-27.230240	0.000000	
988.200000	14.889226	-27.207951	0.000000	
988.250000	14.900533	-27.185656	0.000000	
988.300000	14.911837	-27.163360	0.000000	
988.350000	14.923134	-27.141060	0.000000	
988.400000	14.934417	-27.118754	0.000000	
988.450000	14.945684	-27.096439	0.000000	
988.500000	14.956927	-27.074112	0.000000	
988.550000	14.968141	-27.051770	0.000000	
988.600000	14.979307	-27.029404	0.000000	
988.650000	14.990436	-27.007018	0.000000	
988.700000	15.001541	-26.984621	0.000000	
988.750000	15.012606	-26.962204	0.000000	
988.800000	15.023649	-26.939775	0.000000	
988.850000	15.034682	-26.917342	0.000000	
988.900000	15.045709	-26.894906	0.000000	
988.950000	15.056727	-26.872465	0.000000	
989.000000	15.067741	-26.850023	0.000000	
989.050000	15.078743	-26.827574	0.000000	
989.100000	15.089757	-26.805132	0.000000	
989.150000	15.100768	-26.782688	0.000000	
989.200000	15.111802	-26.760255	0.000000	
989.250000	15.122833	-26.737821	0.000000	
989.300000	15.133873	-26.715391	0.000000	
989.350000	15.144895	-26.692953	0.000000	
989.400000	15.155896	-26.670504	0.000000	
989.450000	15.166880	-26.648048	0.000000	
989.500000	15.177840	-26.625579	0.000000	
989.550000	15.188790	-26.603106	0.000000	
989.600000	15.199739	-26.580633	0.000000	
989.650000	15.210697	-26.558163	0.000000	
989.700000	15.221648	-26.535691	0.000000	
989.750000	15.232606	-26.513221	0.000000	
989.800000	15.243587	-26.490764	0.000000	
989.850000	15.254589	-26.468316	0.000000	
989.900000	15.265620	-26.445883	0.000000	
989.950000	15.276665	-26.423457	0.000000	
990.000000	15.287717	-26.401034	0.000000	
990.050000	15.298770	-26.378612	0.000000	
990.100000	15.309827	-26.356192	0.000000	
990.150000	15.320880	-26.333770	0.000000	
990.200000	15.331937	-26.311349	0.000000	
990.250000	15.342984	-26.288924	0.000000	
990.300000	15.354029	-26.266498	0.000000	
990.350000	15.365075	-26.244072	0.000000	
990.400000	15.376135	-26.221653	0.000000	
990.450000	15.387232	-26.199252	0.000000	
990.500000	15.398377	-26.176875	0.000000	
990.550000	15.409576	-26.154525	0.000000	
990.600000	15.420828	-26.132203	0.000000	
990.650000	15.432116	-26.109899	0.000000	
990.700000	15.443442	-26.087614	0.000000	
990.750000	15.454809	-26.065351	0.000000	
990.800000	15.466191	-26.043095	0.000000	
990.850000	15.477586	-26.020846	0.000000	
990.900000	15.488994	-25.998603	0.000000	
990.950000	15.500414	-25.976367	0.000000	
991.000000	15.511862	-25.954145	0.000000	
991.050000	15.523341	-25.931939	0.000000	
991.100000	15.534843	-25.909744	0.000000	
991.150000	15.546357	-25.887556	0.000000	
991.200000	15.557883	-25.865373	0.000000	
991.250000	15.569402	-25.843187	0.000000	
991.300000	15.580902	-25.820992	0.000000	
991.350000	15.592386	-25.798789	0.000000	
991.400000	15.603853	-25.776578	0.000000	
991.450000	15.615308	-25.754360	0.000000	
991.500000	15.626747	-25.732135	0.000000	
991.550000	15.638169	-25.709901	0.000000	
991.600000	15.649559	-25.687650	0.000000	
991.650000	15.660902	-25.665375	0.000000	
991.700000	15.672216	-25.643085	0.000000	
991.750000	15.683487	-25.620773	0.000000	
991.800000	15.694722	-25.598442	0.000000	
991.850000	15.705941	-25.576104	0.000000	
991.900000	15.717137	-25.553754	0.000000	
991.950000	15.728320	-25.531397	0.000000	
992.000000	15.739474	-25.509025	0.000000	
992.050000	15.750601	-25.486639	0.000000	
992.100000	15.761708	-25.464242	0.000000	
992.150000	15.772808	-25.441842	0.000000	
992.200000	15.783919	-25.419449	0.000000	
992.250000	15.795029	-25.397053	0.000000	
992.300000	15.806158	-25.374668	0.000000	
992.350000	15.817325	-25.352302	0.000000	
992.400000	15.828545	-25.329963	0.000000	
992.450000	15.839808	-25.307646	0.000000	
992.500000	15.851101	-25.285344	0.000000	
992.550000	15.862417	-25.263053	0.000000	
992.600000	15.873746	-25.240770	0.000000	
992.650000	15.885102	-25.218499	0.000000	
992.700000	15.896481	-25.196241	0.000000	
992.750000	15.907879	-25.173992	0.000000	
992.800000	15.919303	-25.151756	0.000000	
992.850000	15.930747	-25.129531	0.000000	
992.900000	15.942216	-25.107318	0.000000	
992.950000	15.953723	-25.085125	0.000000	
993.000000	15.965268	-25.062951	0.000000	
993.050000	15.976864	-25.040806	0.000000	
993.100000	15.988507	-25.018685	0.000000	
993.150000	16.000193	-24.996586	0.000000	
993.200000	16.011899	-24.974498	0.000000	
993.250000	16.023635	-24.952426	0.000000	
993.300000	16.035400	-24.930369	0.000000	
993.350000	16.047197	-24.908330	0.000000	
993.400000	16.059017	-24.886303	0.000000	
993.450000	16.070852	-24.864284	0.000000	
993.500000	16.082710	-24.842278	0.000000	
993.550000	16.094609	-24.820294	0.000000	
993.600000	16.106544	-24.798330	0.000000	
993.650000	16.118501	-24.776377	0.000000	
993.700000	16.130476	-24.754434	0.000000	
993.750000	16.142464	-24.732498	0.000000	
993.800000	16.154449	-24.710560	0.000000	
993.850000	16.166437	-24.688624	0.000000	
993.900000	16.178436	-24.666694	0.000000	
993.950000	16.190449	-24.644771	0.000000	
994.000000	16.202475	-24.622855	0.000000	
994.050000	16.214513	-24.600946	0.000000	
994.100000	16.226538	-24.579029	0.000000	
994.150000	16.238565	-24.557114	0.000000	
994.200000	16.250607	-24.535207	0.000000	
994.250000	16.262671	-24.513312	0.000000	
994.300000	16.274756	-24.491430	0.000000	
994.350000	16.286862	-24.469558	0.000000	
994.400000	16.298962	-24.447684	0.000000	
994.450000	16.311054	-24.425805	0.000000	
994.500000	16.323123	-24.403914	0.000000	
994.550000	16.335167	-24.382009	0.000000	
994.600000	16.347190	-24.360092	0.000000	
994.650000	16.359213	-24.338175	0.000000	
994.700000	16.371234	-24.316257	0.000000	
994.750000	16.383262	-24.294343	0.000000	
994.800000	16.395294	-24.272431	0.000000	
994.850000	16.407329	-24.250521	0.000000	
994.900000	16.419350	-24.228603	0.000000	
994.950000	16.431364	-24.206683	0.000000	
995.000000	16.443372	-24.184758	0.000000	
995.050000	16.455363	-24.162825	0.000000	
995.100000	16.467330	-24.140878	0.000000	
995.150000	16.479300	-24.118933	0.000000	
995.200000	16.491253	-24.096978	0.000000	
995.250000	16.503180	-24.075009	0.000000	
995.300000	16.515088	-24.053029	0.000000	
995.350000	16.526946	-24.031022	0.000000	
995.400000	16.538758	-24.008990	0.000000	
995.450000	16.550518	-23.986932	0.000000	
995.500000	16.562232	-23.964849	0.000000	
995.550000	16.573891	-23.942739	0.000000	
995.600000	16.585501	-23.920605	0.000000	
995.650000	16.597059	-23.898443	0.000000	
995.700000	16.608565	-23.876255	0.000000	
995.750000	16.620052	-23.854056	0.000000	
995.800000	16.631507	-23.831839	0.000000	
995.850000	16.642965	-23.809625	0.000000	
995.900000	16.654449	-23.787425	0.000000	
995.950000	16.666004	-23.765263	0.000000	
996.000000	16.677632	-23.743143	0.000000	
996.050000	16.689344	-23.721072	0.000000	
996.100000	16.701184	-23.699080	0.000000	
996.150000	16.713170	-23.677181	0.000000	
996.200000	16.725313	-23.655385	0.000000	
996.250000	16.737657	-23.633727	0.000000	
996.300000	16.750243	-23.612241	0.000000	
996.350000	16.763095	-23.590951	0.000000	
996.400000	16.776265	-23.569900	0.000000	
996.450000	16.789781	-23.549116	0.000000	
996.500000	16.803676	-23.528627	0.000000	
996.550000	16.817988	-23.508473	0.000000	
996.600000	16.832761	-23.488699	0.000000	
996.650000	16.848017	-23.469345	0.000000	
996.700000	16.863770	-23.450442	0.000000	
996.750000	16.880016	-23.431997	0.000000	
996.800000	16.896743	-23.414013	0.000000	
996.850000	16.913967	-23.396514	0.000000	
996.900000	16.931682	-23.379520	0.000000	
996.950000	16.949882	-23.363029	0.000000	
997.000000	16.968538	-23.347028	0.000000	
997.050000	16.987647	-23.331532	0.000000	
997.100000	17.007192	-23.316539	0.000000	
997.150000	17.027140	-23.302038	0.000000	
997.200000	17.047466	-23.288011	0.000000	
997.250000	17.068140	-23.274423	0.000000	
997.300000	17.089129	-23.261246	0.000000	
997.350000	17.110394	-23.248454	0.000000	
997.400000	17.131918	-23.236034	0.000000	
997.450000	17.153660	-23.223939	0.000000	
997.500000	17.175607	-23.212163	0.000000	
997.550000	17.197745	-23.200699	0.000000	
997.600000	17.220051	-23.189519	0.000000	
997.650000	17.242497	-23.178597	0.000000	
997.700000	17.265051	-23.167878	0.000000	
997.750000	17.287693	-23.157331	0.000000	
997.800000	17.310413	-23.146945	0.000000	
997.850000	17.333201	-23.136694	0.000000	
997.900000	17.356048	-23.126569	0.000000	
997.950000	17.378942	-23.116546	0.000000	
998.000000	17.401881	-23.106626	0.000000	
998.050000	17.424870	-23.096818	0.000000	
998.100000	17.447895	-23.087095	0.000000	
998.150000	17.470955	-23.077455	0.000000	
998.200000	17.494044	-23.067888	0.000000	
998.250000	17.517165	-23.058403	0.000000	
998.300000	17.540325	-23.049011	0.000000	
998.350000	17.563526	-23.039720	0.000000	
998.400000	17.586770	-23.030539	0.000000	
998.450000	17.610055	-23.021464	0.000000	
998.500000	17.633386	-23.012507	0.000000	
998.550000	17.656754	-23.003645	0.000000	
998.600000	17.680149	-22.994854	0.000000	
998.650000	17.703570	-22.986132	0.000000	
998.700000	17.727017	-22.977484	0.000000	
998.750000	17.750501	-22.968936	0.000000	
998.800000	17.774017	-22.960478	0.000000	
998.850000	17.797561	-22.952097	0.000000	
998.900000	17.821136	-22.943798	0.000000	
998.950000	17.844742	-22.935584	0.000000	
999.000000	17.868371	-22.927434	0.000000	
999.050000	17.892025	-22.919356	0.000000	
999.100000	17.915706	-22.911354	0.000000	
999.150000	17.939409	-22.903417	0.000000	
999.200000	17.963134	-22.895546	0.000000	
999.250000	17.986884	-22.887749	0.000000	
999.300000	18.010651	-22.880005	0.000000	
999.350000	18.034435	-22.872313	0.000000	
999.400000	18.058231	-22.864653	0.000000	
999.450000	18.082034	-22.857015	0.000000	
999.500000	18.093920	-22.853149	0.000000	
999.550000	18.105808	-22.849288	0.000000	
999.600000	18.117700	-22.845442	0.000000	
999.650000	18.129603	-22.841628	0.000000	
999.700000	18.141515	-22.837838	0.000000	
999.750000	18.153428	-22.834058	0.000000	
999.800000	18.165339	-22.830267	0.000000	
999.850000	18.177248	-22.826469	0.000000	
999.900000	18.189160	-22.822686	0.000000	
999.950000	18.201084	-22.818937	0.000000	
