0.000000	18.190297	-39.698904	0.000000	
0.050000	18.195648	-39.710200	0.000000	
0.100000	18.201042	-39.721475	0.000000	
0.150000	18.206465	-39.732736	0.000000	
0.200000	18.211924	-39.743979	0.000000	
0.250000	18.217408	-39.755210	0.000000	
0.300000	18.222931	-39.766422	0.000000	
0.350000	18.228491	-39.777614	0.000000	
0.400000	18.234080	-39.788792	0.000000	
0.450000	18.239704	-39.799953	0.000000	
0.500000	18.245354	-39.811100	0.000000	
0.550000	18.256421	-39.833509	0.000000	
0.600000	18.267519	-39.855904	0.000000	
0.650000	18.278655	-39.878280	0.000000	
0.700000	18.289833	-39.900635	0.000000	
0.750000	18.301071	-39.922961	0.000000	
0.800000	18.312355	-39.945264	0.000000	
0.850000	18.323709	-39.967533	0.000000	
0.900000	18.335128	-39.989770	0.000000	
0.950000	18.346594	-40.011983	0.000000	
1.000000	18.358104	-40.034174	0.000000	
1.050000	18.369665	-40.056339	0.000000	
1.100000	18.381267	-40.078482	0.000000	
1.150000	18.392907	-40.100605	0.000000	
1.200000	18.404577	-40.122714	0.000000	
1.250000	18.416266	-40.144811	0.000000	
1.300000	18.427976	-40.166898	0.000000	
1.350000	18.439684	-40.188986	0.000000	
1.400000	18.451397	-40.211072	0.000000	
1.450000	18.463103	-40.233161	0.000000	
1.500000	18.474789	-40.255260	0.000000	
1.550000	18.486446	-40.277375	0.000000	
1.600000	18.498084	-40.299499	0.000000	
1.650000	18.509723	-40.321623	0.000000	
1.700000	18.521358	-40.343749	0.000000	
1.750000	18.532995	-40.365873	0.000000	
1.800000	18.544617	-40.388006	0.000000	
1.850000	18.556223	-40.410146	0.000000	
1.900000	18.567812	-40.432296	0.000000	
1.950000	18.579380	-40.454456	0.000000	
2.000000	18.590938	-40.476622	0.000000	
2.050000	18.602486	-40.498793	0.000000	
2.100000	18.614014	-40.520974	0.000000	
2.150000	18.625537	-40.543158	0.000000	
2.200000	18.637043	-40.565352	0.000000	
2.250000	18.648546	-40.587547	0.000000	
2.300000	18.660052	-40.609740	0.000000	
2.350000	18.671562	-40.631932	0.000000	
2.400000	18.683088	-40.654115	0.000000	
2.450000	18.694620	-40.676294	0.000000	
2.500000	18.706174	-40.698462	0.000000	
2.550000	18.717763	-40.720610	0.000000	
2.600000	18.729410	-40.742728	0.000000	
2.650000	18.741128	-40.764808	0.000000	
2.700000	18.752917	-40.786848	0.000000	
2.750000	18.764778	-40.808848	0.000000	
2.800000	18.776703	-40.830813	0.000000	
2.850000	18.788690	-40.852743	0.000000	
2.900000	18.800742	-40.874639	0.000000	
2.950000	18.812856	-40.896501	0.000000	
3.000000	18.825035	-40.918327	0.000000	
3.050000	18.837265	-40.940125	0.000000	
3.100000	18.849559	-40.961887	0.000000	
3.150000	18.861904	-40.983621	0.000000	
3.200000	18.874280	-41.005338	0.000000	
3.250000	18.886684	-41.027039	0.000000	
3.300000	18.899113	-41.048727	0.000000	
3.350000	18.911573	-41.070398	0.000000	
3.400000	18.924060	-41.092053	0.000000	
3.450000	18.936567	-41.113697	0.000000	
3.500000	18.949091	-41.135332	0.000000	
3.550000	18.961644	-41.156951	0.000000	
3.600000	18.974227	-41.178552	0.000000	
3.650000	18.986833	-41.200139	0.000000	
3.700000	18.999449	-41.221721	0.000000	
3.750000	19.012073	-41.243298	0.000000	
3.800000	19.024718	-41.264862	0.000000	
3.850000	19.037369	-41.286423	0.000000	
3.900000	19.050034	-41.307975	0.000000	
3.950000	19.062728	-41.329510	0.000000	
4.000000	19.075436	-41.351037	0.000000	
4.050000	19.088147	-41.372561	0.000000	
4.100000	19.100882	-41.394071	0.000000	
4.150000	19.113643	-41.415566	0.000000	
4.200000	19.126453	-41.437030	0.000000	
4.250000	19.139315	-41.458463	0.000000	
4.300000	19.152240	-41.479857	0.000000	
4.350000	19.165217	-41.501220	0.000000	
4.400000	19.178247	-41.522550	0.000000	
4.450000	19.191350	-41.543835	0.000000	
4.500000	19.204537	-41.565068	0.000000	
4.550000	19.217819	-41.586241	0.000000	
4.600000	19.231182	-41.607363	0.000000	
4.650000	19.244619	-41.628436	0.000000	
4.700000	19.258118	-41.649469	0.000000	
4.750000	19.271668	-41.670471	0.000000	
4.800000	19.285250	-41.691451	0.000000	
4.850000	19.298848	-41.712422	0.000000	
4.900000	19.312459	-41.733384	0.000000	
4.950000	19.326096	-41.754330	0.000000	
5.000000	19.339740	-41.775272	0.000000	
5.050000	19.353399	-41.796205	0.000000	
5.100000	19.367064	-41.817133	0.000000	
5.150000	19.380737	-41.838058	0.000000	
5.200000	19.394400	-41.858988	0.000000	
5.250000	19.408051	-41.879927	0.000000	
5.300000	19.421691	-41.900872	0.000000	
5.350000	19.435320	-41.921824	0.000000	
5.400000	19.448941	-41.942781	0.000000	
5.450000	19.462548	-41.963748	0.000000	
5.500000	19.476137	-41.984726	0.000000	
5.550000	19.489705	-42.005718	0.000000	
5.600000	19.503230	-42.026738	0.000000	
5.650000	19.516718	-42.047784	0.000000	
5.700000	19.530153	-42.068865	0.000000	
5.750000	19.543542	-42.089976	0.000000	
5.800000	19.556898	-42.111108	0.000000	
5.850000	19.570234	-42.132253	0.000000	
5.900000	19.583554	-42.153409	0.000000	
5.950000	19.596868	-42.174568	0.000000	
6.000000	19.610166	-42.195737	0.000000	
6.050000	19.623449	-42.216915	0.000000	
6.100000	19.636707	-42.238109	0.000000	
6.150000	19.649945	-42.259314	0.000000	
6.200000	19.663161	-42.280533	0.000000	
6.250000	19.676349	-42.301768	0.000000	
6.300000	19.689496	-42.323029	0.000000	
6.350000	19.702593	-42.344319	0.000000	
6.400000	19.715656	-42.365630	0.000000	
6.450000	19.728686	-42.386961	0.000000	
6.500000	19.741672	-42.408319	0.000000	
6.550000	19.754617	-42.429701	0.000000	
6.600000	19.767523	-42.451108	0.000000	
6.650000	19.780398	-42.472535	0.000000	
6.700000	19.793245	-42.493978	0.000000	
6.750000	19.806078	-42.515430	0.000000	
6.800000	19.818894	-42.536892	0.000000	
6.850000	19.831684	-42.558371	0.000000	
6.900000	19.844453	-42.579863	0.000000	
6.950000	19.857195	-42.601370	0.000000	
7.000000	19.869920	-42.622888	0.000000	
7.050000	19.882620	-42.644421	0.000000	
7.100000	19.895314	-42.665958	0.000000	
7.150000	19.908011	-42.687493	0.000000	
7.200000	19.920724	-42.709018	0.000000	
7.250000	19.933445	-42.730538	0.000000	
7.300000	19.946168	-42.752058	0.000000	
7.350000	19.958901	-42.773571	0.000000	
7.400000	19.971651	-42.795075	0.000000	
7.450000	19.984394	-42.816582	0.000000	
7.500000	19.997126	-42.838097	0.000000	
7.550000	20.009846	-42.859617	0.000000	
7.600000	20.022532	-42.881158	0.000000	
7.650000	20.035184	-42.902717	0.000000	
7.700000	20.047820	-42.924286	0.000000	
7.750000	20.060437	-42.945866	0.000000	
7.800000	20.073042	-42.967454	0.000000	
7.850000	20.085646	-42.989042	0.000000	
7.900000	20.098255	-43.010627	0.000000	
7.950000	20.110855	-43.032217	0.000000	
8.000000	20.123467	-43.053800	0.000000	
8.050000	20.136078	-43.075384	0.000000	
8.100000	20.148685	-43.096971	0.000000	
8.150000	20.161282	-43.118563	0.000000	
8.200000	20.173885	-43.140151	0.000000	
8.250000	20.186496	-43.161735	0.000000	
8.300000	20.199096	-43.183326	0.000000	
8.350000	20.211708	-43.204908	0.000000	
8.400000	20.224332	-43.226485	0.000000	
8.450000	20.236965	-43.248055	0.000000	
8.500000	20.249617	-43.269614	0.000000	
8.550000	20.262286	-43.291164	0.000000	
8.600000	20.274984	-43.312697	0.000000	
8.650000	20.287708	-43.334215	0.000000	
8.700000	20.300455	-43.355720	0.000000	
8.750000	20.313196	-43.377229	0.000000	
8.800000	20.325928	-43.398743	0.000000	
8.850000	20.338638	-43.420269	0.000000	
8.900000	20.351310	-43.441818	0.000000	
8.950000	20.363959	-43.463379	0.000000	
9.000000	20.376584	-43.484954	0.000000	
9.050000	20.389164	-43.506555	0.000000	
9.100000	20.401695	-43.528185	0.000000	
9.150000	20.414204	-43.549826	0.000000	
9.200000	20.426676	-43.571488	0.000000	
9.250000	20.439088	-43.593184	0.000000	
9.300000	20.451428	-43.614920	0.000000	
9.350000	20.463695	-43.636696	0.000000	
9.400000	20.475870	-43.658523	0.000000	
9.450000	20.487967	-43.680392	0.000000	
9.500000	20.499977	-43.702310	0.000000	
9.550000	20.511909	-43.724270	0.000000	
9.600000	20.523779	-43.746265	0.000000	
9.650000	20.535574	-43.768300	0.000000	
9.700000	20.547312	-43.790367	0.000000	
9.750000	20.558992	-43.812465	0.000000	
9.800000	20.570618	-43.834592	0.000000	
9.850000	20.582195	-43.856745	0.000000	
9.900000	20.593718	-43.878926	0.000000	
9.950000	20.605190	-43.901135	0.000000	
10.000000	20.616606	-43.923373	0.000000	
10.050000	20.627959	-43.945643	0.000000	
10.100000	20.639245	-43.967948	0.000000	
10.150000	20.650477	-43.990280	0.000000	
10.200000	20.661646	-44.012643	0.000000	
10.250000	20.672746	-44.035041	0.000000	
10.300000	20.683786	-44.057469	0.000000	
10.350000	20.694779	-44.079919	0.000000	
10.400000	20.705755	-44.102378	0.000000	
10.450000	20.716705	-44.124849	0.000000	
10.500000	20.727629	-44.147333	0.000000	
10.550000	20.738537	-44.169825	0.000000	
10.600000	20.749434	-44.192322	0.000000	
10.650000	20.760328	-44.214821	0.000000	
10.700000	20.771232	-44.237314	0.000000	
10.750000	20.782141	-44.259805	0.000000	
10.800000	20.793056	-44.282293	0.000000	
10.850000	20.803991	-44.304771	0.000000	
10.900000	20.814937	-44.327243	0.000000	
10.950000	20.825910	-44.349701	0.000000	
11.000000	20.836921	-44.372140	0.000000	
11.050000	20.847958	-44.394566	0.000000	
11.100000	20.859048	-44.416964	0.000000	
11.150000	20.870197	-44.439332	0.000000	
11.200000	20.881418	-44.461664	0.000000	
11.250000	20.892720	-44.483954	0.000000	
11.300000	20.904110	-44.506198	0.000000	
11.350000	20.915600	-44.528392	0.000000	
11.400000	20.927179	-44.550540	0.000000	
11.450000	20.938831	-44.572650	0.000000	
11.500000	20.950561	-44.594719	0.000000	
11.550000	20.962373	-44.616746	0.000000	
11.600000	20.974256	-44.638736	0.000000	
11.650000	20.986190	-44.660700	0.000000	
11.700000	20.998179	-44.682633	0.000000	
11.750000	21.010201	-44.704550	0.000000	
11.800000	21.022259	-44.726446	0.000000	
11.850000	21.034344	-44.748329	0.000000	
11.900000	21.046463	-44.770193	0.000000	
11.950000	21.058634	-44.792029	0.000000	
12.000000	21.070848	-44.813840	0.000000	
12.050000	21.083115	-44.835621	0.000000	
12.100000	21.095433	-44.857374	0.000000	
12.150000	21.107794	-44.879102	0.000000	
12.200000	21.120209	-44.900800	0.000000	
12.250000	21.132668	-44.922471	0.000000	
12.300000	21.145166	-44.944119	0.000000	
12.350000	21.157723	-44.965733	0.000000	
12.400000	21.170341	-44.987308	0.000000	
12.450000	21.183022	-45.008845	0.000000	
12.500000	21.195757	-45.030349	0.000000	
12.550000	21.208551	-45.051818	0.000000	
12.600000	21.221377	-45.073269	0.000000	
12.650000	21.234232	-45.094702	0.000000	
12.700000	21.247110	-45.116122	0.000000	
12.750000	21.260005	-45.137533	0.000000	
12.800000	21.272932	-45.158924	0.000000	
12.850000	21.285876	-45.180307	0.000000	
12.900000	21.298833	-45.201682	0.000000	
12.950000	21.311790	-45.223057	0.000000	
13.000000	21.324732	-45.244440	0.000000	
13.050000	21.337641	-45.265843	0.000000	
13.100000	21.350503	-45.287272	0.000000	
13.150000	21.363315	-45.308729	0.000000	
13.200000	21.376067	-45.330220	0.000000	
13.250000	21.388751	-45.351749	0.000000	
13.300000	21.401354	-45.373323	0.000000	
13.350000	21.413872	-45.394946	0.000000	
13.400000	21.426292	-45.416625	0.000000	
13.450000	21.438608	-45.438365	0.000000	
13.500000	21.450808	-45.460171	0.000000	
13.550000	21.462901	-45.482039	0.000000	
13.600000	21.474884	-45.503970	0.000000	
13.650000	21.486755	-45.525961	0.000000	
13.700000	21.498534	-45.548002	0.000000	
13.750000	21.510233	-45.570085	0.000000	
13.800000	21.521852	-45.592212	0.000000	
13.850000	21.533394	-45.614381	0.000000	
13.900000	21.544859	-45.636591	0.000000	
13.950000	21.556250	-45.658839	0.000000	
14.000000	21.567563	-45.681129	0.000000	
14.050000	21.578802	-45.703456	0.000000	
14.100000	21.589991	-45.725809	0.000000	
14.150000	21.601139	-45.748183	0.000000	
14.200000	21.612237	-45.770582	0.000000	
14.250000	21.623299	-45.793000	0.000000	
14.300000	21.634333	-45.815431	0.000000	
14.350000	21.645336	-45.837878	0.000000	
14.400000	21.656284	-45.860351	0.000000	
14.450000	21.667191	-45.882845	0.000000	
14.500000	21.678066	-45.905354	0.000000	
14.550000	21.688932	-45.927868	0.000000	
14.600000	21.699783	-45.950389	0.000000	
14.650000	21.710631	-45.972912	0.000000	
14.700000	21.721479	-45.995434	0.000000	
14.750000	21.732331	-46.017955	0.000000	
14.800000	21.743167	-46.040484	0.000000	
14.850000	21.753997	-46.063015	0.000000	
14.900000	21.764813	-46.085554	0.000000	
14.950000	21.775627	-46.108093	0.000000	
15.000000	21.786442	-46.130632	0.000000	
15.050000	21.797272	-46.153163	0.000000	
15.100000	21.808102	-46.175695	0.000000	
15.150000	21.818914	-46.198235	0.000000	
15.200000	21.829718	-46.220779	0.000000	
15.250000	21.840528	-46.243321	0.000000	
15.300000	21.851350	-46.265856	0.000000	
15.350000	21.862190	-46.288382	0.000000	
15.400000	21.873068	-46.310889	0.000000	
15.450000	21.883997	-46.333372	0.000000	
15.500000	21.894978	-46.355829	0.000000	
15.550000	21.905991	-46.378271	0.000000	
15.600000	21.917026	-46.400701	0.000000	
15.650000	21.928102	-46.423110	0.000000	
15.700000	21.939230	-46.445492	0.000000	
15.750000	21.950434	-46.467834	0.000000	
15.800000	21.961708	-46.490139	0.000000	
15.850000	21.973057	-46.512405	0.000000	
15.900000	21.984477	-46.534635	0.000000	
15.950000	21.995968	-46.556826	0.000000	
16.000000	22.007534	-46.578979	0.000000	
16.050000	22.019167	-46.601096	0.000000	
16.100000	22.030867	-46.623178	0.000000	
16.150000	22.042654	-46.645214	0.000000	
16.200000	22.054537	-46.667200	0.000000	
16.250000	22.066517	-46.689134	0.000000	
16.300000	22.078589	-46.711019	0.000000	
16.350000	22.090736	-46.732863	0.000000	
16.400000	22.102957	-46.754666	0.000000	
16.450000	22.115251	-46.776427	0.000000	
16.500000	22.127609	-46.798154	0.000000	
16.550000	22.140014	-46.819855	0.000000	
16.600000	22.152470	-46.841527	0.000000	
16.650000	22.164986	-46.863166	0.000000	
16.700000	22.177557	-46.884774	0.000000	
16.750000	22.190163	-46.906361	0.000000	
16.800000	22.202777	-46.927944	0.000000	
16.850000	22.215395	-46.949524	0.000000	
16.900000	22.228027	-46.971096	0.000000	
16.950000	22.240649	-46.992675	0.000000	
17.000000	22.253258	-47.014260	0.000000	
17.050000	22.265862	-47.035848	0.000000	
17.100000	22.278463	-47.057438	0.000000	
17.150000	22.291064	-47.079028	0.000000	
17.200000	22.303674	-47.100613	0.000000	
17.250000	22.316288	-47.122195	0.000000	
17.300000	22.328907	-47.143775	0.000000	
17.350000	22.341545	-47.165342	0.000000	
17.400000	22.354201	-47.186899	0.000000	
17.450000	22.366868	-47.208449	0.000000	
17.500000	22.379542	-47.229996	0.000000	
17.550000	22.392243	-47.251525	0.000000	
17.600000	22.404979	-47.273034	0.000000	
17.650000	22.417757	-47.294517	0.000000	
17.700000	22.430551	-47.315989	0.000000	
17.750000	22.443363	-47.337451	0.000000	
17.800000	22.456186	-47.358906	0.000000	
17.850000	22.469034	-47.380347	0.000000	
17.900000	22.481912	-47.401769	0.000000	
17.950000	22.494807	-47.423181	0.000000	
18.000000	22.507733	-47.444576	0.000000	
18.050000	22.520700	-47.465946	0.000000	
18.100000	22.533702	-47.487296	0.000000	
18.150000	22.546759	-47.508613	0.000000	
18.200000	22.559843	-47.529915	0.000000	
18.250000	22.572944	-47.551206	0.000000	
18.300000	22.586059	-47.572489	0.000000	
18.350000	22.599190	-47.593762	0.000000	
18.400000	22.612316	-47.615038	0.000000	
18.450000	22.625429	-47.636322	0.000000	
18.500000	22.638540	-47.657607	0.000000	
18.550000	22.651653	-47.678891	0.000000	
18.600000	22.664765	-47.700176	0.000000	
18.650000	22.677890	-47.721452	0.000000	
18.700000	22.691015	-47.742728	0.000000	
18.750000	22.704157	-47.763994	0.000000	
18.800000	22.717297	-47.785260	0.000000	
18.850000	22.730450	-47.806519	0.000000	
18.900000	22.743607	-47.827775	0.000000	
18.950000	22.756757	-47.849036	0.000000	
19.000000	22.769907	-47.870297	0.000000	
19.050000	22.783052	-47.891560	0.000000	
19.100000	22.796183	-47.912832	0.000000	
19.150000	22.809277	-47.934126	0.000000	
19.200000	22.822316	-47.955452	0.000000	
19.250000	22.835320	-47.976799	0.000000	
19.300000	22.848282	-47.998170	0.000000	
19.350000	22.861215	-48.019558	0.000000	
19.400000	22.874118	-48.040965	0.000000	
19.450000	22.886988	-48.062391	0.000000	
19.500000	22.899843	-48.083826	0.000000	
19.550000	22.912668	-48.105278	0.000000	
19.600000	22.925462	-48.126750	0.000000	
19.650000	22.938235	-48.148234	0.000000	
19.700000	22.950968	-48.169743	0.000000	
19.750000	22.963670	-48.191270	0.000000	
19.800000	22.976341	-48.212818	0.000000	
19.850000	22.988990	-48.234379	0.000000	
19.900000	23.001614	-48.255955	0.000000	
19.950000	23.014209	-48.277548	0.000000	
20.000000	23.026795	-48.299147	0.000000	
20.050000	23.039376	-48.320749	0.000000	
20.100000	23.051958	-48.342351	0.000000	
20.150000	23.064556	-48.363943	0.000000	
20.200000	23.077185	-48.385516	0.000000	
20.250000	23.089841	-48.407074	0.000000	
20.300000	23.102512	-48.428624	0.000000	
20.350000	23.115209	-48.450158	0.000000	
20.400000	23.127927	-48.471681	0.000000	
20.450000	23.140659	-48.493195	0.000000	
20.500000	23.153423	-48.514690	0.000000	
20.550000	23.166223	-48.536164	0.000000	
20.600000	23.179075	-48.557606	0.000000	
20.650000	23.191980	-48.579015	0.000000	
20.700000	23.204927	-48.600398	0.000000	
20.750000	23.217912	-48.621757	0.000000	
20.800000	23.230932	-48.643095	0.000000	
20.850000	23.243985	-48.664412	0.000000	
20.900000	23.257060	-48.685716	0.000000	
20.950000	23.270155	-48.707007	0.000000	
21.000000	23.283287	-48.728276	0.000000	
21.050000	23.296438	-48.749534	0.000000	
21.100000	23.309613	-48.770777	0.000000	
21.150000	23.322804	-48.792009	0.000000	
21.200000	23.336017	-48.813229	0.000000	
21.250000	23.349259	-48.834430	0.000000	
21.300000	23.362544	-48.855605	0.000000	
21.350000	23.375866	-48.876757	0.000000	
21.400000	23.389225	-48.897886	0.000000	
21.450000	23.402620	-48.918993	0.000000	
21.500000	23.416055	-48.940075	0.000000	
21.550000	23.429526	-48.961134	0.000000	
21.600000	23.443019	-48.982179	0.000000	
21.650000	23.456534	-49.003209	0.000000	
21.700000	23.470059	-49.024233	0.000000	
21.750000	23.483597	-49.045248	0.000000	
21.800000	23.497170	-49.066239	0.000000	
21.850000	23.510781	-49.087205	0.000000	
21.900000	23.524434	-49.108143	0.000000	
21.950000	23.538152	-49.129037	0.000000	
22.000000	23.551950	-49.149876	0.000000	
22.050000	23.565829	-49.170659	0.000000	
22.100000	23.579807	-49.191374	0.000000	
22.150000	23.593874	-49.212027	0.000000	
22.200000	23.608040	-49.232612	0.000000	
22.250000	23.622280	-49.253146	0.000000	
22.300000	23.636581	-49.273638	0.000000	
22.350000	23.650949	-49.294082	0.000000	
22.400000	23.665406	-49.314465	0.000000	
22.450000	23.679938	-49.334795	0.000000	
22.500000	23.694556	-49.355064	0.000000	
22.550000	23.709236	-49.375290	0.000000	
22.600000	23.723981	-49.395470	0.000000	
22.650000	23.738793	-49.415602	0.000000	
22.700000	23.753673	-49.435685	0.000000	
22.750000	23.768630	-49.455711	0.000000	
22.800000	23.783665	-49.475680	0.000000	
22.850000	23.798771	-49.495595	0.000000	
22.900000	23.813938	-49.515466	0.000000	
22.950000	23.829152	-49.535301	0.000000	
23.000000	23.844414	-49.555098	0.000000	
23.050000	23.859719	-49.574863	0.000000	
23.100000	23.875069	-49.594592	0.000000	
23.150000	23.890442	-49.614303	0.000000	
23.200000	23.905856	-49.633981	0.000000	
23.250000	23.921308	-49.653629	0.000000	
23.300000	23.936805	-49.673241	0.000000	
23.350000	23.952346	-49.692819	0.000000	
23.400000	23.967934	-49.712360	0.000000	
23.450000	23.983549	-49.731880	0.000000	
23.500000	23.999207	-49.751365	0.000000	
23.550000	24.014892	-49.770829	0.000000	
23.600000	24.030629	-49.790252	0.000000	
23.650000	24.046424	-49.809626	0.000000	
23.700000	24.062294	-49.828940	0.000000	
23.750000	24.078224	-49.848203	0.000000	
23.800000	24.094204	-49.867424	0.000000	
23.850000	24.110227	-49.886609	0.000000	
23.900000	24.126283	-49.905766	0.000000	
23.950000	24.142385	-49.924884	0.000000	
24.000000	24.158540	-49.943959	0.000000	
24.050000	24.174732	-49.963001	0.000000	
24.100000	24.190947	-49.982025	0.000000	
24.150000	24.207180	-50.001033	0.000000	
24.200000	24.223451	-50.020010	0.000000	
24.250000	24.239739	-50.038971	0.000000	
24.300000	24.256040	-50.057922	0.000000	
24.350000	24.272365	-50.076852	0.000000	
24.400000	24.288729	-50.095750	0.000000	
24.450000	24.305117	-50.114626	0.000000	
24.500000	24.321553	-50.133462	0.000000	
24.550000	24.338030	-50.152262	0.000000	
24.600000	24.354542	-50.171031	0.000000	
24.650000	24.371065	-50.189791	0.000000	
24.700000	24.387592	-50.208548	0.000000	
24.750000	24.404099	-50.227322	0.000000	
24.800000	24.420593	-50.246108	0.000000	
24.850000	24.437080	-50.264900	0.000000	
24.900000	24.453560	-50.283698	0.000000	
24.950000	24.470040	-50.302496	0.000000	
25.000000	24.486519	-50.321295	0.000000	
25.050000	24.502996	-50.340095	0.000000	
25.100000	24.519484	-50.358886	0.000000	
25.150000	24.536006	-50.377647	0.000000	
25.200000	24.552567	-50.396373	0.000000	
25.250000	24.569160	-50.415068	0.000000	
25.300000	24.585797	-50.433725	0.000000	
25.350000	24.602488	-50.452331	0.000000	
25.400000	24.619238	-50.470883	0.000000	
25.450000	24.636041	-50.489384	0.000000	
25.500000	24.652903	-50.507830	0.000000	
25.550000	24.669824	-50.526219	0.000000	
25.600000	24.686800	-50.544554	0.000000	
25.650000	24.703837	-50.562831	0.000000	
25.700000	24.720937	-50.581049	0.000000	
25.750000	24.738097	-50.599210	0.000000	
25.800000	24.755340	-50.617294	0.000000	
25.850000	24.772647	-50.635317	0.000000	
25.900000	24.790019	-50.653279	0.000000	
25.950000	24.807448	-50.671188	0.000000	
26.000000	24.824950	-50.689029	0.000000	
26.050000	24.842517	-50.706807	0.000000	
26.100000	24.860147	-50.724525	0.000000	
26.150000	24.877842	-50.742180	0.000000	
26.200000	24.895595	-50.759779	0.000000	
26.250000	24.913382	-50.777343	0.000000	
26.300000	24.931192	-50.794885	0.000000	
26.350000	24.949013	-50.812416	0.000000	
26.400000	24.966831	-50.829950	0.000000	
26.450000	24.984623	-50.847510	0.000000	
26.500000	25.002390	-50.865093	0.000000	
26.550000	25.020119	-50.882714	0.000000	
26.600000	25.037797	-50.900385	0.000000	
26.650000	25.055425	-50.918104	0.000000	
26.700000	25.072997	-50.935877	0.000000	
26.750000	25.090533	-50.953685	0.000000	
26.800000	25.108034	-50.971527	0.000000	
26.850000	25.125489	-50.989413	0.000000	
26.900000	25.142918	-51.007326	0.000000	
26.950000	25.160324	-51.025261	0.000000	
27.000000	25.177712	-51.043213	0.000000	
27.050000	25.195060	-51.061205	0.000000	
27.100000	25.212361	-51.079242	0.000000	
27.150000	25.229626	-51.097316	0.000000	
27.200000	25.246847	-51.115432	0.000000	
27.250000	25.264017	-51.133599	0.000000	
27.300000	25.281148	-51.151805	0.000000	
27.350000	25.298255	-51.170034	0.000000	
27.400000	25.315350	-51.188275	0.000000	
27.450000	25.332440	-51.206521	0.000000	
27.500000	25.349546	-51.224750	0.000000	
27.550000	25.366654	-51.242978	0.000000	
27.600000	25.383770	-51.261200	0.000000	
27.650000	25.400901	-51.279405	0.000000	
27.700000	25.418053	-51.297593	0.000000	
27.750000	25.435243	-51.315743	0.000000	
27.800000	25.452475	-51.333854	0.000000	
27.850000	25.469748	-51.351924	0.000000	
27.900000	25.487051	-51.369965	0.000000	
27.950000	25.504389	-51.387972	0.000000	
28.000000	25.521762	-51.405944	0.000000	
28.050000	25.539160	-51.423892	0.000000	
28.100000	25.556584	-51.441813	0.000000	
28.150000	25.574044	-51.459701	0.000000	
28.200000	25.591532	-51.477562	0.000000	
28.250000	25.609053	-51.495390	0.000000	
28.300000	25.626622	-51.513171	0.000000	
28.350000	25.644235	-51.530907	0.000000	
28.400000	25.661885	-51.548608	0.000000	
28.450000	25.679561	-51.566282	0.000000	
28.500000	25.697266	-51.583929	0.000000	
28.550000	25.715010	-51.601535	0.000000	
28.600000	25.732844	-51.619046	0.000000	
28.650000	25.750818	-51.636399	0.000000	
28.700000	25.768967	-51.653540	0.000000	
28.750000	25.787347	-51.670372	0.000000	
28.800000	25.805997	-51.686796	0.000000	
28.850000	25.824951	-51.702689	0.000000	
28.900000	25.844231	-51.717908	0.000000	
28.950000	25.863861	-51.732305	0.000000	
29.000000	25.883823	-51.745756	0.000000	
29.050000	25.904088	-51.758121	0.000000	
29.100000	25.924622	-51.769240	0.000000	
29.150000	25.945384	-51.778990	0.000000	
29.200000	25.966310	-51.787262	0.000000	
29.250000	25.987333	-51.793961	0.000000	
29.300000	26.008356	-51.798997	0.000000	
29.350000	26.029295	-51.802309	0.000000	
29.400000	26.050069	-51.803828	0.000000	
29.450000	26.070595	-51.803497	0.000000	
29.500000	26.090828	-51.801276	0.000000	
29.550000	26.110689	-51.797129	0.000000	
29.600000	26.130096	-51.791058	0.000000	
29.650000	26.148952	-51.783085	0.000000	
29.700000	26.167180	-51.773258	0.000000	
29.750000	26.184692	-51.761626	0.000000	
29.800000	26.201392	-51.748282	0.000000	
29.850000	26.217218	-51.733332	0.000000	
29.900000	26.232119	-51.716908	0.000000	
29.950000	26.246045	-51.699154	0.000000	
30.000000	26.258961	-51.680203	0.000000	
30.050000	26.270866	-51.660189	0.000000	
30.100000	26.281780	-51.639259	0.000000	
30.150000	26.291759	-51.617563	0.000000	
30.200000	26.300861	-51.595217	0.000000	
30.250000	26.309165	-51.572336	0.000000	
30.300000	26.316751	-51.549017	0.000000	
30.350000	26.323703	-51.525359	0.000000	
30.400000	26.330096	-51.501432	0.000000	
30.450000	26.336023	-51.477305	0.000000	
30.500000	26.341559	-51.453030	0.000000	
30.550000	26.346753	-51.428638	0.000000	
30.600000	26.351676	-51.404164	0.000000	
30.650000	26.356398	-51.379634	0.000000	
30.700000	26.360975	-51.355068	0.000000	
30.750000	26.365433	-51.330474	0.000000	
30.800000	26.369825	-51.305866	0.000000	
30.850000	26.374180	-51.281251	0.000000	
30.900000	26.378496	-51.256629	0.000000	
30.950000	26.382772	-51.232000	0.000000	
31.000000	26.387020	-51.207366	0.000000	
31.050000	26.391278	-51.182734	0.000000	
31.100000	26.395548	-51.158104	0.000000	
31.150000	26.399844	-51.133478	0.000000	
31.200000	26.404156	-51.108854	0.000000	
31.250000	26.408470	-51.084231	0.000000	
31.300000	26.412785	-51.059608	0.000000	
31.350000	26.417085	-51.034982	0.000000	
31.400000	26.421364	-51.010352	0.000000	
31.450000	26.425609	-50.985717	0.000000	
31.500000	26.429816	-50.961075	0.000000	
31.550000	26.433999	-50.936429	0.000000	
31.600000	26.438165	-50.911779	0.000000	
31.650000	26.442317	-50.887127	0.000000	
31.700000	26.446432	-50.862470	0.000000	
31.750000	26.450506	-50.837805	0.000000	
31.800000	26.454555	-50.813136	0.000000	
31.850000	26.458583	-50.788463	0.000000	
31.900000	26.462604	-50.763789	0.000000	
31.950000	26.466645	-50.739119	0.000000	
32.000000	26.470725	-50.714456	0.000000	
32.050000	26.474843	-50.689798	0.000000	
32.100000	26.478972	-50.665143	0.000000	
32.150000	26.483131	-50.640493	0.000000	
32.200000	26.487323	-50.615849	0.000000	
32.250000	26.491543	-50.591209	0.000000	
32.300000	26.495780	-50.566573	0.000000	
32.350000	26.500025	-50.541938	0.000000	
32.400000	26.504293	-50.517308	0.000000	
32.450000	26.508584	-50.492682	0.000000	
32.500000	26.512926	-50.468064	0.000000	
32.550000	26.517326	-50.443458	0.000000	
32.600000	26.521760	-50.418857	0.000000	
32.650000	26.526221	-50.394262	0.000000	
32.700000	26.530718	-50.369673	0.000000	
32.750000	26.535257	-50.345091	0.000000	
32.800000	26.539849	-50.320518	0.000000	
32.850000	26.544484	-50.295953	0.000000	
32.900000	26.549145	-50.271392	0.000000	
32.950000	26.553826	-50.246835	0.000000	
33.000000	26.558518	-50.222280	0.000000	
33.050000	26.563196	-50.197722	0.000000	
33.100000	26.567858	-50.173161	0.000000	
33.150000	26.572521	-50.148601	0.000000	
33.200000	26.577154	-50.124036	0.000000	
33.250000	26.581756	-50.099465	0.000000	
33.300000	26.586324	-50.074887	0.000000	
33.350000	26.590871	-50.050307	0.000000	
33.400000	26.595390	-50.025721	0.000000	
33.450000	26.599868	-50.001128	0.000000	
33.500000	26.604316	-49.976530	0.000000	
33.550000	26.608712	-49.951923	0.000000	
33.600000	26.613054	-49.927305	0.000000	
33.650000	26.617348	-49.902679	0.000000	
33.700000	26.621584	-49.878044	0.000000	
33.750000	26.625759	-49.853398	0.000000	
33.800000	26.629894	-49.828746	0.000000	
33.850000	26.633968	-49.804083	0.000000	
33.900000	26.637988	-49.779411	0.000000	
33.950000	26.641951	-49.754730	0.000000	
34.000000	26.645872	-49.730041	0.000000	
34.050000	26.649747	-49.705345	0.000000	
34.100000	26.653590	-49.680643	0.000000	
34.150000	26.657426	-49.655940	0.000000	
34.200000	26.661237	-49.631233	0.000000	
34.250000	26.665051	-49.606527	0.000000	
34.300000	26.668848	-49.581818	0.000000	
34.350000	26.672628	-49.557106	0.000000	
34.400000	26.676401	-49.532393	0.000000	
34.450000	26.680160	-49.507678	0.000000	
34.500000	26.683907	-49.482961	0.000000	
34.550000	26.687638	-49.458241	0.000000	
34.600000	26.691366	-49.433521	0.000000	
34.650000	26.695088	-49.408801	0.000000	
34.700000	26.698801	-49.384078	0.000000	
34.750000	26.702523	-49.359357	0.000000	
34.800000	26.706236	-49.334635	0.000000	
34.850000	26.709930	-49.309910	0.000000	
34.900000	26.713616	-49.285184	0.000000	
34.950000	26.717289	-49.260456	0.000000	
35.000000	26.720958	-49.235728	0.000000	
35.050000	26.724621	-49.210999	0.000000	
35.100000	26.728286	-49.186270	0.000000	
35.150000	26.731947	-49.161540	0.000000	
35.200000	26.735606	-49.136810	0.000000	
35.250000	26.739265	-49.112080	0.000000	
35.300000	26.742912	-49.087348	0.000000	
35.350000	26.746576	-49.062619	0.000000	
35.400000	26.750266	-49.037894	0.000000	
35.450000	26.753965	-49.013171	0.000000	
35.500000	26.757695	-48.988452	0.000000	
35.550000	26.761445	-48.963737	0.000000	
35.600000	26.765209	-48.939024	0.000000	
35.650000	26.768996	-48.914315	0.000000	
35.700000	26.772790	-48.889606	0.000000	
35.750000	26.776590	-48.864899	0.000000	
35.800000	26.780403	-48.840193	0.000000	
35.850000	26.784241	-48.815492	0.000000	
35.900000	26.788107	-48.790794	0.000000	
35.950000	26.792000	-48.766100	0.000000	
36.000000	26.795912	-48.741410	0.000000	
36.050000	26.799851	-48.716723	0.000000	
36.100000	26.803806	-48.692038	0.000000	
36.150000	26.807768	-48.667355	0.000000	
36.200000	26.811735	-48.642672	0.000000	
36.250000	26.815684	-48.617987	0.000000	
36.300000	26.819636	-48.593302	0.000000	
36.350000	26.823600	-48.568619	0.000000	
36.400000	26.827550	-48.543933	0.000000	
36.450000	26.831491	-48.519247	0.000000	
36.500000	26.835417	-48.494557	0.000000	
36.550000	26.839298	-48.469861	0.000000	
36.600000	26.843143	-48.445160	0.000000	
36.650000	26.846956	-48.420453	0.000000	
36.700000	26.850710	-48.395738	0.000000	
36.750000	26.854419	-48.371017	0.000000	
36.800000	26.858091	-48.346290	0.000000	
36.850000	26.861722	-48.321558	0.000000	
36.900000	26.865298	-48.296818	0.000000	
36.950000	26.868802	-48.272070	0.000000	
37.000000	26.872244	-48.247313	0.000000	
37.050000	26.875626	-48.222548	0.000000	
37.100000	26.878931	-48.197774	0.000000	
37.150000	26.882170	-48.172991	0.000000	
37.200000	26.885333	-48.148198	0.000000	
37.250000	26.888441	-48.123398	0.000000	
37.300000	26.891503	-48.098593	0.000000	
37.350000	26.894523	-48.073781	0.000000	
37.400000	26.897504	-48.048964	0.000000	
37.450000	26.900459	-48.024144	0.000000	
37.500000	26.903383	-47.999319	0.000000	
37.550000	26.906279	-47.974489	0.000000	
37.600000	26.909155	-47.949658	0.000000	
37.650000	26.912019	-47.924824	0.000000	
37.700000	26.914883	-47.899991	0.000000	
37.750000	26.917761	-47.875160	0.000000	
37.800000	26.920658	-47.850331	0.000000	
37.850000	26.923590	-47.825506	0.000000	
37.900000	26.926543	-47.800685	0.000000	
37.950000	26.929538	-47.775868	0.000000	
38.000000	26.932605	-47.751062	0.000000	
38.050000	26.935720	-47.726261	0.000000	
38.100000	26.938908	-47.701469	0.000000	
38.150000	26.942183	-47.676689	0.000000	
38.200000	26.945522	-47.651918	0.000000	
38.250000	26.948952	-47.627159	0.000000	
38.300000	26.952464	-47.602411	0.000000	
38.350000	26.956044	-47.577672	0.000000	
38.400000	26.959692	-47.552943	0.000000	
38.450000	26.963388	-47.528222	0.000000	
38.500000	26.967115	-47.503505	0.000000	
38.550000	26.970865	-47.478791	0.000000	
38.600000	26.974649	-47.454082	0.000000	
38.650000	26.978491	-47.429382	0.000000	
38.700000	26.982396	-47.404691	0.000000	
38.750000	26.986376	-47.380013	0.000000	
38.800000	26.990426	-47.355346	0.000000	
38.850000	26.994520	-47.330686	0.000000	
38.900000	26.998669	-47.306035	0.000000	
38.950000	27.002893	-47.281398	0.000000	
39.000000	27.007187	-47.256773	0.000000	
39.050000	27.011537	-47.232158	0.000000	
39.100000	27.015949	-47.207554	0.000000	
39.150000	27.020395	-47.182956	0.000000	
39.200000	27.024870	-47.158364	0.000000	
39.250000	27.029386	-47.133778	0.000000	
39.300000	27.033913	-47.109195	0.000000	
39.350000	27.038464	-47.084616	0.000000	
39.400000	27.043067	-47.060047	0.000000	
39.450000	27.047697	-47.035483	0.000000	
39.500000	27.052367	-47.010926	0.000000	
39.550000	27.057085	-46.986378	0.000000	
39.600000	27.061833	-46.961835	0.000000	
39.650000	27.066621	-46.937300	0.000000	
39.700000	27.071448	-46.912771	0.000000	
39.750000	27.076282	-46.888244	0.000000	
39.800000	27.081106	-46.863715	0.000000	
39.850000	27.085935	-46.839186	0.000000	
39.900000	27.090770	-46.814659	0.000000	
39.950000	27.095595	-46.790130	0.000000	
40.000000	27.100402	-46.765597	0.000000	
40.050000	27.105195	-46.741062	0.000000	
40.100000	27.109963	-46.716521	0.000000	
40.150000	27.114697	-46.691974	0.000000	
40.200000	27.119419	-46.667425	0.000000	
40.250000	27.124133	-46.642875	0.000000	
40.300000	27.128847	-46.618324	0.000000	
40.350000	27.133574	-46.593776	0.000000	
40.400000	27.138306	-46.569229	0.000000	
40.450000	27.143009	-46.544676	0.000000	
40.500000	27.147684	-46.520118	0.000000	
40.550000	27.152304	-46.495550	0.000000	
40.600000	27.156872	-46.470973	0.000000	
40.650000	27.161416	-46.446391	0.000000	
40.700000	27.165942	-46.421806	0.000000	
40.750000	27.170454	-46.397219	0.000000	
40.800000	27.174960	-46.372630	0.000000	
40.850000	27.179475	-46.348043	0.000000	
40.900000	27.183980	-46.323454	0.000000	
40.950000	27.188495	-46.298867	0.000000	
41.000000	27.193034	-46.274285	0.000000	
41.050000	27.197594	-46.249707	0.000000	
41.100000	27.202164	-46.225131	0.000000	
41.150000	27.206758	-46.200560	0.000000	
41.200000	27.211407	-46.176000	0.000000	
41.250000	27.216108	-46.151450	0.000000	
41.300000	27.220867	-46.126912	0.000000	
41.350000	27.225680	-46.102387	0.000000	
41.400000	27.230541	-46.077871	0.000000	
41.450000	27.235439	-46.053364	0.000000	
41.500000	27.240381	-46.028866	0.000000	
41.550000	27.245398	-46.004383	0.000000	
41.600000	27.250494	-45.979916	0.000000	
41.650000	27.255677	-45.955465	0.000000	
41.700000	27.260948	-45.931032	0.000000	
41.750000	27.266286	-45.906613	0.000000	
41.800000	27.271667	-45.882203	0.000000	
41.850000	27.277111	-45.857806	0.000000	
41.900000	27.282599	-45.833419	0.000000	
41.950000	27.288124	-45.809039	0.000000	
42.000000	27.293675	-45.784665	0.000000	
42.050000	27.299220	-45.760290	0.000000	
42.100000	27.304763	-45.735914	0.000000	
42.150000	27.310310	-45.711539	0.000000	
42.200000	27.315842	-45.687160	0.000000	
42.250000	27.321327	-45.662773	0.000000	
42.300000	27.326748	-45.638372	0.000000	
42.350000	27.332077	-45.613954	0.000000	
42.400000	27.337307	-45.589516	0.000000	
42.450000	27.342448	-45.565060	0.000000	
42.500000	27.347486	-45.540585	0.000000	
42.550000	27.352419	-45.516090	0.000000	
42.600000	27.357238	-45.491575	0.000000	
42.650000	27.361959	-45.467041	0.000000	
42.700000	27.366590	-45.442490	0.000000	
42.750000	27.371105	-45.417917	0.000000	
42.800000	27.375519	-45.393325	0.000000	
42.850000	27.379848	-45.368716	0.000000	
42.900000	27.384083	-45.344089	0.000000	
42.950000	27.388222	-45.319444	0.000000	
43.000000	27.392279	-45.294783	0.000000	
43.050000	27.396280	-45.270111	0.000000	
43.100000	27.400246	-45.245433	0.000000	
43.150000	27.404177	-45.220748	0.000000	
43.200000	27.408063	-45.196055	0.000000	
43.250000	27.411922	-45.171357	0.000000	
43.300000	27.415752	-45.146653	0.000000	
43.350000	27.419570	-45.121948	0.000000	
43.400000	27.423405	-45.097246	0.000000	
43.450000	27.427271	-45.072549	0.000000	
43.500000	27.431154	-45.047855	0.000000	
43.550000	27.435072	-45.023166	0.000000	
43.600000	27.439044	-44.998486	0.000000	
43.650000	27.443079	-44.973816	0.000000	
43.700000	27.447172	-44.949156	0.000000	
43.750000	27.451301	-44.924502	0.000000	
43.800000	27.455490	-44.899858	0.000000	
43.850000	27.459737	-44.875223	0.000000	
43.900000	27.464016	-44.850594	0.000000	
43.950000	27.468313	-44.825969	0.000000	
44.000000	27.472629	-44.801346	0.000000	
44.050000	27.476959	-44.776725	0.000000	
44.100000	27.481288	-44.752104	0.000000	
44.150000	27.485608	-44.727482	0.000000	
44.200000	27.489906	-44.702856	0.000000	
44.250000	27.494178	-44.678225	0.000000	
44.300000	27.498420	-44.653591	0.000000	
44.350000	27.502658	-44.628955	0.000000	
44.400000	27.506898	-44.604320	0.000000	
44.450000	27.511141	-44.579686	0.000000	
44.500000	27.515379	-44.555050	0.000000	
44.550000	27.519636	-44.530418	0.000000	
44.600000	27.523925	-44.505792	0.000000	
44.650000	27.528255	-44.481174	0.000000	
44.700000	27.532595	-44.456558	0.000000	
44.750000	27.536937	-44.431942	0.000000	
44.800000	27.541295	-44.407330	0.000000	
44.850000	27.545676	-44.382722	0.000000	
44.900000	27.550067	-44.358116	0.000000	
44.950000	27.554486	-44.333516	0.000000	
45.000000	27.558939	-44.308922	0.000000	
45.050000	27.563437	-44.284336	0.000000	
45.100000	27.567977	-44.259758	0.000000	
45.150000	27.572577	-44.235192	0.000000	
45.200000	27.577248	-44.210639	0.000000	
45.250000	27.582000	-44.186102	0.000000	
45.300000	27.586835	-44.161580	0.000000	
45.350000	27.591751	-44.137073	0.000000	
45.400000	27.596730	-44.112577	0.000000	
45.450000	27.601763	-44.088091	0.000000	
45.500000	27.606852	-44.063617	0.000000	
45.550000	27.611984	-44.039150	0.000000	
45.600000	27.617132	-44.014687	0.000000	
45.650000	27.622264	-43.990221	0.000000	
45.700000	27.627365	-43.965748	0.000000	
45.750000	27.632448	-43.941272	0.000000	
45.800000	27.637518	-43.916794	0.000000	
45.850000	27.642559	-43.892310	0.000000	
45.900000	27.647540	-43.867815	0.000000	
45.950000	27.652475	-43.843311	0.000000	
46.000000	27.657351	-43.818797	0.000000	
46.050000	27.662183	-43.794275	0.000000	
46.100000	27.666969	-43.769744	0.000000	
46.150000	27.671713	-43.745206	0.000000	
46.200000	27.676406	-43.720657	0.000000	
46.250000	27.681054	-43.696099	0.000000	
46.300000	27.685670	-43.671535	0.000000	
46.350000	27.690274	-43.646967	0.000000	
46.400000	27.694878	-43.622400	0.000000	
46.450000	27.699477	-43.597832	0.000000	
46.500000	27.704064	-43.573261	0.000000	
46.550000	27.708609	-43.548682	0.000000	
46.600000	27.713102	-43.524093	0.000000	
46.650000	27.717574	-43.499499	0.000000	
46.700000	27.722029	-43.474903	0.000000	
46.750000	27.726467	-43.450303	0.000000	
46.800000	27.730888	-43.425700	0.000000	
46.850000	27.735314	-43.401098	0.000000	
46.900000	27.739747	-43.376498	0.000000	
46.950000	27.744194	-43.351900	0.000000	
47.000000	27.748657	-43.327304	0.000000	
47.050000	27.753143	-43.302713	0.000000	
47.100000	27.757633	-43.278122	0.000000	
47.150000	27.762126	-43.253531	0.000000	
47.200000	27.766603	-43.228938	0.000000	
47.250000	27.771076	-43.204344	0.000000	
47.300000	27.775511	-43.179744	0.000000	
47.350000	27.779895	-43.155134	0.000000	
47.400000	27.784234	-43.130517	0.000000	
47.450000	27.788522	-43.105889	0.000000	
47.500000	27.792786	-43.081257	0.000000	
47.550000	27.797046	-43.056624	0.000000	
47.600000	27.801328	-43.031995	0.000000	
47.650000	27.805649	-43.007373	0.000000	
47.700000	27.809991	-42.982756	0.000000	
47.750000	27.814364	-42.958144	0.000000	
47.800000	27.818759	-42.933537	0.000000	
47.850000	27.823169	-42.908932	0.000000	
47.900000	27.827568	-42.884325	0.000000	
47.950000	27.831959	-42.859717	0.000000	
48.000000	27.836337	-42.835107	0.000000	
48.050000	27.840680	-42.810490	0.000000	
48.100000	27.844982	-42.785868	0.000000	
48.150000	27.849269	-42.761243	0.000000	
48.200000	27.853547	-42.736617	0.000000	
48.250000	27.857815	-42.711989	0.000000	
48.300000	27.862061	-42.687358	0.000000	
48.350000	27.866314	-42.662727	0.000000	
48.400000	27.870575	-42.638098	0.000000	
48.450000	27.874823	-42.613467	0.000000	
48.500000	27.879064	-42.588835	0.000000	
48.550000	27.883281	-42.564199	0.000000	
48.600000	27.887470	-42.539557	0.000000	
48.650000	27.891636	-42.514911	0.000000	
48.700000	27.895774	-42.490260	0.000000	
48.750000	27.899874	-42.465602	0.000000	
48.800000	27.903923	-42.440934	0.000000	
48.850000	27.907946	-42.416262	0.000000	
48.900000	27.911954	-42.391587	0.000000	
48.950000	27.915962	-42.366912	0.000000	
49.000000	27.919977	-42.342238	0.000000	
49.050000	27.923998	-42.317565	0.000000	
49.100000	27.928041	-42.292896	0.000000	
49.150000	27.932115	-42.268231	0.000000	
49.200000	27.936194	-42.243567	0.000000	
49.250000	27.940281	-42.218905	0.000000	
49.300000	27.944399	-42.194247	0.000000	
49.350000	27.948544	-42.169594	0.000000	
49.400000	27.952691	-42.144941	0.000000	
49.450000	27.956837	-42.120288	0.000000	
49.500000	27.960980	-42.095634	0.000000	
49.550000	27.965113	-42.070979	0.000000	
49.600000	27.969256	-42.046326	0.000000	
49.650000	27.973407	-42.021673	0.000000	
49.700000	27.977548	-41.997019	0.000000	
49.750000	27.981675	-41.972363	0.000000	
49.800000	27.985799	-41.947706	0.000000	
49.850000	27.989936	-41.923051	0.000000	
49.900000	27.994088	-41.898399	0.000000	
49.950000	27.998240	-41.873747	0.000000	
50.000000	28.002380	-41.849093	0.000000	
50.050000	28.006503	-41.824436	0.000000	
50.100000	28.010630	-41.799779	0.000000	
50.150000	28.014762	-41.775124	0.000000	
50.200000	28.018900	-41.750469	0.000000	
50.250000	28.023036	-41.725815	0.000000	
50.300000	28.027159	-41.701158	0.000000	
50.350000	28.031252	-41.676496	0.000000	
50.400000	28.035325	-41.651831	0.000000	
50.450000	28.039390	-41.627165	0.000000	
50.500000	28.043432	-41.602495	0.000000	
50.550000	28.047452	-41.577822	0.000000	
50.600000	28.051440	-41.553144	0.000000	
50.650000	28.055393	-41.528461	0.000000	
50.700000	28.059314	-41.503773	0.000000	
50.750000	28.063204	-41.479080	0.000000	
50.800000	28.067078	-41.454385	0.000000	
50.850000	28.070922	-41.429684	0.000000	
50.900000	28.074745	-41.404980	0.000000	
50.950000	28.078528	-41.380270	0.000000	
51.000000	28.082265	-41.355553	0.000000	
51.050000	28.085985	-41.330833	0.000000	
51.100000	28.089693	-41.306111	0.000000	
51.150000	28.093402	-41.281389	0.000000	
51.200000	28.097116	-41.256668	0.000000	
51.250000	28.100838	-41.231948	0.000000	
51.300000	28.104589	-41.207234	0.000000	
51.350000	28.108380	-41.182526	0.000000	
51.400000	28.112228	-41.157828	0.000000	
51.450000	28.116118	-41.133137	0.000000	
51.500000	28.120051	-41.108454	0.000000	
51.550000	28.124058	-41.083784	0.000000	
51.600000	28.128160	-41.059130	0.000000	
51.650000	28.132367	-41.034495	0.000000	
51.700000	28.136667	-41.009876	0.000000	
51.750000	28.141039	-40.985270	0.000000	
51.800000	28.145483	-40.960678	0.000000	
51.850000	28.149978	-40.936094	0.000000	
51.900000	28.154525	-40.911519	0.000000	
51.950000	28.159100	-40.886948	0.000000	
52.000000	28.163720	-40.862385	0.000000	
52.050000	28.168387	-40.837830	0.000000	
52.100000	28.173096	-40.813281	0.000000	
52.150000	28.177832	-40.788737	0.000000	
52.200000	28.182574	-40.764193	0.000000	
52.250000	28.187325	-40.739652	0.000000	
52.300000	28.192090	-40.715113	0.000000	
52.350000	28.196869	-40.690576	0.000000	
52.400000	28.201645	-40.666039	0.000000	
52.450000	28.206422	-40.641503	0.000000	
52.500000	28.211216	-40.616969	0.000000	
52.550000	28.216021	-40.592438	0.000000	
52.600000	28.220828	-40.567907	0.000000	
52.650000	28.225635	-40.543376	0.000000	
52.700000	28.230442	-40.518845	0.000000	
52.750000	28.235238	-40.494312	0.000000	
52.800000	28.240046	-40.469782	0.000000	
52.850000	28.244858	-40.445252	0.000000	
52.900000	28.249687	-40.420726	0.000000	
52.950000	28.254547	-40.396206	0.000000	
53.000000	28.259457	-40.371695	0.000000	
53.050000	28.264395	-40.347191	0.000000	
53.100000	28.269384	-40.322696	0.000000	
53.150000	28.274394	-40.298206	0.000000	
53.200000	28.279413	-40.273717	0.000000	
53.250000	28.284436	-40.249229	0.000000	
53.300000	28.289431	-40.224736	0.000000	
53.350000	28.294393	-40.200238	0.000000	
53.400000	28.299333	-40.175735	0.000000	
53.450000	28.304239	-40.151226	0.000000	
53.500000	28.309086	-40.126708	0.000000	
53.550000	28.313869	-40.102178	0.000000	
53.600000	28.318589	-40.077636	0.000000	
53.650000	28.323233	-40.053082	0.000000	
53.700000	28.327780	-40.028511	0.000000	
53.750000	28.332218	-40.003920	0.000000	
53.800000	28.336552	-39.979313	0.000000	
53.850000	28.340778	-39.954687	0.000000	
53.900000	28.344905	-39.930043	0.000000	
53.950000	28.348935	-39.905383	0.000000	
54.000000	28.352865	-39.880706	0.000000	
54.050000	28.356700	-39.856012	0.000000	
54.100000	28.360451	-39.831304	0.000000	
54.150000	28.364102	-39.806578	0.000000	
54.200000	28.367672	-39.781838	0.000000	
54.250000	28.371167	-39.757087	0.000000	
54.300000	28.374595	-39.732326	0.000000	
54.350000	28.377973	-39.707558	0.000000	
54.400000	28.381305	-39.682783	0.000000	
54.450000	28.384560	-39.657998	0.000000	
54.500000	28.387754	-39.633204	0.000000	
54.550000	28.390892	-39.608404	0.000000	
54.600000	28.393968	-39.583596	0.000000	
54.650000	28.396995	-39.558782	0.000000	
54.700000	28.399991	-39.533964	0.000000	
54.750000	28.402954	-39.509142	0.000000	
54.800000	28.405901	-39.484318	0.000000	
54.850000	28.408847	-39.459494	0.000000	
54.900000	28.411768	-39.434668	0.000000	
54.950000	28.414662	-39.409838	0.000000	
55.000000	28.417528	-39.385004	0.000000	
55.050000	28.420350	-39.360166	0.000000	
55.100000	28.423105	-39.335321	0.000000	
55.150000	28.425771	-39.310467	0.000000	
55.200000	28.428358	-39.285605	0.000000	
55.250000	28.430858	-39.260735	0.000000	
55.300000	28.433272	-39.235857	0.000000	
55.350000	28.435621	-39.210974	0.000000	
55.400000	28.437909	-39.186084	0.000000	
55.450000	28.440123	-39.161189	0.000000	
55.500000	28.442275	-39.136288	0.000000	
55.550000	28.444373	-39.111383	0.000000	
55.600000	28.446430	-39.086475	0.000000	
55.650000	28.448448	-39.061563	0.000000	
55.700000	28.450400	-39.036646	0.000000	
55.750000	28.452287	-39.011724	0.000000	
55.800000	28.454123	-38.986797	0.000000	
55.850000	28.455898	-38.961866	0.000000	
55.900000	28.457592	-38.936927	0.000000	
55.950000	28.459204	-38.911982	0.000000	
56.000000	28.460747	-38.887032	0.000000	
56.050000	28.462228	-38.862078	0.000000	
56.100000	28.463669	-38.837120	0.000000	
56.150000	28.465098	-38.812161	0.000000	
56.200000	28.466533	-38.787203	0.000000	
56.250000	28.467960	-38.762245	0.000000	
56.300000	28.469393	-38.737286	0.000000	
56.350000	28.470836	-38.712329	0.000000	
56.400000	28.472270	-38.687371	0.000000	
56.450000	28.473680	-38.662411	0.000000	
56.500000	28.475090	-38.637452	0.000000	
56.550000	28.476498	-38.612492	0.000000	
56.600000	28.477890	-38.587531	0.000000	
56.650000	28.479272	-38.562570	0.000000	
56.700000	28.480643	-38.537609	0.000000	
56.750000	28.482028	-38.512648	0.000000	
56.800000	28.483426	-38.487688	0.000000	
56.850000	28.484830	-38.462728	0.000000	
56.900000	28.486253	-38.437770	0.000000	
56.950000	28.487693	-38.412812	0.000000	
57.000000	28.489183	-38.387858	0.000000	
57.050000	28.490725	-38.362907	0.000000	
57.100000	28.492301	-38.337958	0.000000	
57.150000	28.493907	-38.313012	0.000000	
57.200000	28.495522	-38.288066	0.000000	
57.250000	28.497141	-38.263120	0.000000	
57.300000	28.498784	-38.238176	0.000000	
57.350000	28.500456	-38.213234	0.000000	
57.400000	28.502162	-38.188295	0.000000	
57.450000	28.503927	-38.163360	0.000000	
57.500000	28.505758	-38.138430	0.000000	
57.550000	28.507643	-38.113504	0.000000	
57.600000	28.509595	-38.088584	0.000000	
57.650000	28.511614	-38.063669	0.000000	
57.700000	28.513678	-38.038757	0.000000	
57.750000	28.515780	-38.013848	0.000000	
57.800000	28.517907	-37.988941	0.000000	
57.850000	28.520032	-37.964033	0.000000	
57.900000	28.522160	-37.939126	0.000000	
57.950000	28.524296	-37.914219	0.000000	
58.000000	28.526450	-37.889314	0.000000	
58.050000	28.528616	-37.864410	0.000000	
58.100000	28.530769	-37.839504	0.000000	
58.150000	28.532910	-37.814598	0.000000	
58.200000	28.535036	-37.789690	0.000000	
58.250000	28.537149	-37.764782	0.000000	
58.300000	28.539241	-37.739872	0.000000	
58.350000	28.541316	-37.714961	0.000000	
58.400000	28.543376	-37.690049	0.000000	
58.450000	28.545424	-37.665136	0.000000	
58.500000	28.547453	-37.640221	0.000000	
58.550000	28.549470	-37.615305	0.000000	
58.600000	28.551458	-37.590386	0.000000	
58.650000	28.553406	-37.565464	0.000000	
58.700000	28.555314	-37.540538	0.000000	
58.750000	28.557206	-37.515610	0.000000	
58.800000	28.559104	-37.490684	0.000000	
58.850000	28.560994	-37.465756	0.000000	
58.900000	28.562893	-37.440830	0.000000	
58.950000	28.564818	-37.415905	0.000000	
59.000000	28.566764	-37.390982	0.000000	
59.050000	28.568720	-37.366060	0.000000	
59.100000	28.570661	-37.341137	0.000000	
59.150000	28.572611	-37.316215	0.000000	
59.200000	28.574583	-37.291294	0.000000	
59.250000	28.576583	-37.266376	0.000000	
59.300000	28.578632	-37.241461	0.000000	
59.350000	28.580723	-37.216550	0.000000	
59.400000	28.582864	-37.191643	0.000000	
59.450000	28.585038	-37.166739	0.000000	
59.500000	28.587222	-37.141836	0.000000	
59.550000	28.589398	-37.116932	0.000000	
59.600000	28.591576	-37.092028	0.000000	
59.650000	28.593777	-37.067126	0.000000	
59.700000	28.595992	-37.042226	0.000000	
59.750000	28.598242	-37.017328	0.000000	
59.800000	28.600529	-36.992434	0.000000	
59.850000	28.602849	-36.967543	0.000000	
59.900000	28.605231	-36.942659	0.000000	
59.950000	28.607689	-36.917783	0.000000	
60.000000	28.610211	-36.892915	0.000000	
60.050000	28.612791	-36.868054	0.000000	
60.100000	28.615427	-36.843199	0.000000	
60.150000	28.618152	-36.818354	0.000000	
60.200000	28.620962	-36.793520	0.000000	
60.250000	28.623859	-36.768697	0.000000	
60.300000	28.626841	-36.743885	0.000000	
60.350000	28.629881	-36.719081	0.000000	
60.400000	28.633001	-36.694286	0.000000	
60.450000	28.636195	-36.669502	0.000000	
60.500000	28.639461	-36.644727	0.000000	
60.550000	28.642799	-36.619961	0.000000	
60.600000	28.646237	-36.595207	0.000000	
60.650000	28.649754	-36.570463	0.000000	
60.700000	28.653345	-36.545728	0.000000	
60.750000	28.657016	-36.521004	0.000000	
60.800000	28.660736	-36.496285	0.000000	
60.850000	28.664489	-36.471570	0.000000	
60.900000	28.668275	-36.446860	0.000000	
60.950000	28.672073	-36.422151	0.000000	
61.000000	28.675848	-36.397440	0.000000	
61.050000	28.679583	-36.372723	0.000000	
61.100000	28.683276	-36.348001	0.000000	
61.150000	28.686939	-36.323274	0.000000	
61.200000	28.690548	-36.298542	0.000000	
61.250000	28.694083	-36.273799	0.000000	
61.300000	28.697543	-36.249047	0.000000	
61.350000	28.700933	-36.224284	0.000000	
61.400000	28.704282	-36.199517	0.000000	
61.450000	28.707587	-36.174743	0.000000	
61.500000	28.710823	-36.149960	0.000000	
61.550000	28.714009	-36.125169	0.000000	
61.600000	28.717162	-36.100374	0.000000	
61.650000	28.720248	-36.075570	0.000000	
61.700000	28.723281	-36.050759	0.000000	
61.750000	28.726267	-36.025941	0.000000	
61.800000	28.729220	-36.001118	0.000000	
61.850000	28.732152	-35.976292	0.000000	
61.900000	28.735073	-35.951465	0.000000	
61.950000	28.737971	-35.926635	0.000000	
62.000000	28.740868	-35.901805	0.000000	
62.050000	28.743780	-35.876977	0.000000	
62.100000	28.746722	-35.852152	0.000000	
62.150000	28.749682	-35.827330	0.000000	
62.200000	28.752668	-35.802510	0.000000	
62.250000	28.755702	-35.777697	0.000000	
62.300000	28.758803	-35.752893	0.000000	
62.350000	28.761955	-35.728094	0.000000	
62.400000	28.765147	-35.703300	0.000000	
62.450000	28.768383	-35.678513	0.000000	
62.500000	28.771660	-35.653731	0.000000	
62.550000	28.774980	-35.628954	0.000000	
62.600000	28.778333	-35.604183	0.000000	
62.650000	28.781720	-35.579415	0.000000	
62.700000	28.785141	-35.554652	0.000000	
62.750000	28.788577	-35.529891	0.000000	
62.800000	28.792031	-35.505132	0.000000	
62.850000	28.795501	-35.480375	0.000000	
62.900000	28.799004	-35.455623	0.000000	
62.950000	28.802554	-35.430877	0.000000	
63.000000	28.806156	-35.406140	0.000000	
63.050000	28.809797	-35.381408	0.000000	
63.100000	28.813487	-35.356685	0.000000	
63.150000	28.817226	-35.331969	0.000000	
63.200000	28.821034	-35.307264	0.000000	
63.250000	28.824914	-35.282571	0.000000	
63.300000	28.828852	-35.257887	0.000000	
63.350000	28.832856	-35.233217	0.000000	
63.400000	28.836946	-35.208561	0.000000	
63.450000	28.841121	-35.183921	0.000000	
63.500000	28.845360	-35.159292	0.000000	
63.550000	28.849655	-35.134674	0.000000	
63.600000	28.854014	-35.110067	0.000000	
63.650000	28.858435	-35.085471	0.000000	
63.700000	28.862905	-35.060883	0.000000	
63.750000	28.867441	-35.036306	0.000000	
63.800000	28.872061	-35.011743	0.000000	
63.850000	28.876766	-34.987195	0.000000	
63.900000	28.881552	-34.962661	0.000000	
63.950000	28.886413	-34.938141	0.000000	
64.000000	28.891345	-34.913636	0.000000	
64.050000	28.896332	-34.889141	0.000000	
64.100000	28.901368	-34.864655	0.000000	
64.150000	28.906431	-34.840175	0.000000	
64.200000	28.911519	-34.815699	0.000000	
64.250000	28.916627	-34.791228	0.000000	
64.300000	28.921747	-34.766759	0.000000	
64.350000	28.926865	-34.742290	0.000000	
64.400000	28.931949	-34.717813	0.000000	
64.450000	28.936977	-34.693326	0.000000	
64.500000	28.941942	-34.668827	0.000000	
64.550000	28.946837	-34.644316	0.000000	
64.600000	28.951681	-34.619795	0.000000	
64.650000	28.956473	-34.595264	0.000000	
64.700000	28.961197	-34.570722	0.000000	
64.750000	28.965852	-34.546169	0.000000	
64.800000	28.970440	-34.521605	0.000000	
64.850000	28.974967	-34.497029	0.000000	
64.900000	28.979421	-34.472441	0.000000	
64.950000	28.983787	-34.447837	0.000000	
65.000000	28.988069	-34.423219	0.000000	
65.050000	28.992260	-34.398583	0.000000	
65.100000	28.996389	-34.373934	0.000000	
65.150000	29.000470	-34.349277	0.000000	
65.200000	29.004513	-34.324612	0.000000	
65.250000	29.008507	-34.299939	0.000000	
65.300000	29.012460	-34.275258	0.000000	
65.350000	29.016366	-34.250568	0.000000	
65.400000	29.020231	-34.225870	0.000000	
65.450000	29.024068	-34.201168	0.000000	
65.500000	29.027899	-34.176465	0.000000	
65.550000	29.031730	-34.151762	0.000000	
65.600000	29.035580	-34.127062	0.000000	
65.650000	29.039428	-34.102362	0.000000	
65.700000	29.043265	-34.077660	0.000000	
65.750000	29.047114	-34.052959	0.000000	
65.800000	29.050996	-34.028264	0.000000	
65.850000	29.054924	-34.003576	0.000000	
65.900000	29.058897	-33.978895	0.000000	
65.950000	29.062933	-33.954226	0.000000	
66.000000	29.067038	-33.929567	0.000000	
66.050000	29.071199	-33.904919	0.000000	
66.100000	29.075413	-33.880279	0.000000	
66.150000	29.079650	-33.855644	0.000000	
66.200000	29.083887	-33.831008	0.000000	
66.250000	29.088131	-33.806374	0.000000	
66.300000	29.092389	-33.781742	0.000000	
66.350000	29.096659	-33.757112	0.000000	
66.400000	29.100934	-33.732483	0.000000	
66.450000	29.105208	-33.707854	0.000000	
66.500000	29.109502	-33.683228	0.000000	
66.550000	29.113824	-33.658607	0.000000	
66.600000	29.118182	-33.633992	0.000000	
66.650000	29.122576	-33.609384	0.000000	
66.700000	29.126998	-33.584781	0.000000	
66.750000	29.131450	-33.560183	0.000000	
66.800000	29.135906	-33.535585	0.000000	
66.850000	29.140373	-33.510989	0.000000	
66.900000	29.144847	-33.486394	0.000000	
66.950000	29.149304	-33.461797	0.000000	
67.000000	29.153738	-33.437195	0.000000	
67.050000	29.158150	-33.412588	0.000000	
67.100000	29.162555	-33.387981	0.000000	
67.150000	29.166942	-33.363370	0.000000	
67.200000	29.171327	-33.338758	0.000000	
67.250000	29.175725	-33.314149	0.000000	
67.300000	29.180116	-33.289539	0.000000	
67.350000	29.184503	-33.264928	0.000000	
67.400000	29.188857	-33.240312	0.000000	
67.450000	29.193208	-33.215695	0.000000	
67.500000	29.197564	-33.191079	0.000000	
67.550000	29.201908	-33.166460	0.000000	
67.600000	29.206243	-33.141841	0.000000	
67.650000	29.210557	-33.117217	0.000000	
67.700000	29.214834	-33.092587	0.000000	
67.750000	29.219074	-33.067950	0.000000	
67.800000	29.223279	-33.043308	0.000000	
67.850000	29.227475	-33.018664	0.000000	
67.900000	29.231652	-32.994018	0.000000	
67.950000	29.235807	-32.969367	0.000000	
68.000000	29.239934	-32.944712	0.000000	
68.050000	29.244022	-32.920051	0.000000	
68.100000	29.248080	-32.895384	0.000000	
68.150000	29.252112	-32.870714	0.000000	
68.200000	29.256142	-32.846042	0.000000	
68.250000	29.260161	-32.821369	0.000000	
68.300000	29.264170	-32.796694	0.000000	
68.350000	29.268188	-32.772021	0.000000	
68.400000	29.272232	-32.747352	0.000000	
68.450000	29.276318	-32.722690	0.000000	
68.500000	29.280437	-32.698035	0.000000	
68.550000	29.284585	-32.673384	0.000000	
68.600000	29.288779	-32.648742	0.000000	
68.650000	29.292986	-32.624102	0.000000	
68.700000	29.297209	-32.599466	0.000000	
68.750000	29.301445	-32.574831	0.000000	
68.800000	29.305712	-32.550202	0.000000	
68.850000	29.310018	-32.525579	0.000000	
68.900000	29.314358	-32.500962	0.000000	
68.950000	29.318724	-32.476348	0.000000	
69.000000	29.323128	-32.451742	0.000000	
69.050000	29.327576	-32.427143	0.000000	
69.100000	29.332082	-32.402554	0.000000	
69.150000	29.336647	-32.377976	0.000000	
69.200000	29.341250	-32.353404	0.000000	
69.250000	29.345887	-32.328839	0.000000	
69.300000	29.350559	-32.304281	0.000000	
69.350000	29.355277	-32.279731	0.000000	
69.400000	29.360050	-32.255193	0.000000	
69.450000	29.364876	-32.230666	0.000000	
69.500000	29.369753	-32.206150	0.000000	
69.550000	29.374690	-32.181648	0.000000	
69.600000	29.379685	-32.157158	0.000000	
69.650000	29.384733	-32.132680	0.000000	
69.700000	29.389840	-32.108215	0.000000	
69.750000	29.395008	-32.083762	0.000000	
69.800000	29.400236	-32.059323	0.000000	
69.850000	29.405528	-32.034896	0.000000	
69.900000	29.410877	-32.010481	0.000000	
69.950000	29.416290	-31.986080	0.000000	
70.000000	29.421765	-31.961691	0.000000	
70.050000	29.427291	-31.937314	0.000000	
70.100000	29.432857	-31.912944	0.000000	
70.150000	29.438468	-31.888585	0.000000	
70.200000	29.444127	-31.864236	0.000000	
70.250000	29.449849	-31.839901	0.000000	
70.300000	29.455618	-31.815578	0.000000	
70.350000	29.461426	-31.791263	0.000000	
70.400000	29.467256	-31.766953	0.000000	
70.450000	29.473084	-31.742642	0.000000	
70.500000	29.478889	-31.718327	0.000000	
70.550000	29.484655	-31.694003	0.000000	
70.600000	29.490383	-31.669670	0.000000	
70.650000	29.496068	-31.645327	0.000000	
70.700000	29.501685	-31.620970	0.000000	
70.750000	29.507247	-31.596600	0.000000	
70.800000	29.512760	-31.572219	0.000000	
70.850000	29.518222	-31.547828	0.000000	
70.900000	29.523641	-31.523428	0.000000	
70.950000	29.529033	-31.499021	0.000000	
71.000000	29.534376	-31.474604	0.000000	
71.050000	29.539669	-31.450177	0.000000	
71.100000	29.544899	-31.425736	0.000000	
71.150000	29.550071	-31.401284	0.000000	
71.200000	29.555180	-31.376818	0.000000	
71.250000	29.560224	-31.352339	0.000000	
71.300000	29.565182	-31.327841	0.000000	
71.350000	29.570044	-31.303322	0.000000	
71.400000	29.574827	-31.278788	0.000000	
71.450000	29.579537	-31.254238	0.000000	
71.500000	29.584190	-31.229677	0.000000	
71.550000	29.588794	-31.205107	0.000000	
71.600000	29.593352	-31.180528	0.000000	
71.650000	29.597835	-31.155936	0.000000	
71.700000	29.602243	-31.131331	0.000000	
71.750000	29.606565	-31.106712	0.000000	
71.800000	29.610776	-31.082077	0.000000	
71.850000	29.614832	-31.057423	0.000000	
71.900000	29.618684	-31.032748	0.000000	
71.950000	29.622255	-31.008051	0.000000	
72.000000	29.625461	-30.983337	0.000000	
72.050000	29.628237	-30.958620	0.000000	
72.100000	29.630497	-30.933917	0.000000	
72.150000	29.632170	-30.909255	0.000000	
72.200000	29.633186	-30.884667	0.000000	
72.250000	29.633449	-30.860189	0.000000	
72.300000	29.632866	-30.835868	0.000000	
72.350000	29.631375	-30.811757	0.000000	
72.400000	29.628920	-30.787911	0.000000	
72.450000	29.625437	-30.764380	0.000000	
72.500000	29.620866	-30.741231	0.000000	
72.550000	29.615161	-30.718506	0.000000	
72.600000	29.608295	-30.696253	0.000000	
72.650000	29.600237	-30.674535	0.000000	
72.700000	29.590968	-30.653406	0.000000	
72.750000	29.580467	-30.632927	0.000000	
72.800000	29.568739	-30.613155	0.000000	
72.850000	29.555782	-30.594140	0.000000	
72.900000	29.541629	-30.575916	0.000000	
72.950000	29.526330	-30.558514	0.000000	
73.000000	29.509941	-30.541946	0.000000	
73.050000	29.492542	-30.526220	0.000000	
73.100000	29.474200	-30.511343	0.000000	
73.150000	29.455004	-30.497299	0.000000	
73.200000	29.435037	-30.484060	0.000000	
73.250000	29.414382	-30.471586	0.000000	
73.300000	29.393128	-30.459830	0.000000	
73.350000	29.371358	-30.448748	0.000000	
73.400000	29.349143	-30.438304	0.000000	
73.450000	29.326555	-30.428432	0.000000	
73.500000	29.303653	-30.419074	0.000000	
73.550000	29.280497	-30.410171	0.000000	
73.600000	29.257126	-30.401680	0.000000	
73.650000	29.233579	-30.393540	0.000000	
73.700000	29.209903	-30.385671	0.000000	
73.750000	29.186131	-30.378022	0.000000	
73.800000	29.162290	-30.370543	0.000000	
73.850000	29.138409	-30.363168	0.000000	
73.900000	29.114509	-30.355846	0.000000	
73.950000	29.090602	-30.348547	0.000000	
74.000000	29.066700	-30.341229	0.000000	
74.050000	29.042804	-30.333895	0.000000	
74.100000	29.018918	-30.326529	0.000000	
74.150000	28.995044	-30.319125	0.000000	
74.200000	28.971186	-30.311664	0.000000	
74.250000	28.947349	-30.304141	0.000000	
74.300000	28.923530	-30.296560	0.000000	
74.350000	28.899728	-30.288925	0.000000	
74.400000	28.875949	-30.281224	0.000000	
74.450000	28.852202	-30.273423	0.000000	
74.500000	28.828488	-30.265527	0.000000	
74.550000	28.804812	-30.257523	0.000000	
74.600000	28.781176	-30.249407	0.000000	
74.650000	28.757578	-30.241181	0.000000	
74.700000	28.734014	-30.232858	0.000000	
74.750000	28.710486	-30.224440	0.000000	
74.800000	28.686997	-30.215917	0.000000	
74.850000	28.663552	-30.207280	0.000000	
74.900000	28.640151	-30.198527	0.000000	
74.950000	28.616794	-30.189661	0.000000	
75.000000	28.593477	-30.180691	0.000000	
75.050000	28.570190	-30.171643	0.000000	
75.100000	28.546932	-30.162518	0.000000	
75.150000	28.523703	-30.153313	0.000000	
75.200000	28.500504	-30.144023	0.000000	
75.250000	28.477330	-30.134668	0.000000	
75.300000	28.454178	-30.125253	0.000000	
75.350000	28.431051	-30.115773	0.000000	
75.400000	28.407945	-30.106237	0.000000	
75.450000	28.384858	-30.096652	0.000000	
75.500000	28.361783	-30.087040	0.000000	
75.550000	28.338708	-30.077425	0.000000	
75.600000	28.315623	-30.067835	0.000000	
75.650000	28.292534	-30.058256	0.000000	
75.700000	28.269439	-30.048690	0.000000	
75.750000	28.246341	-30.039135	0.000000	
75.800000	28.223237	-30.029592	0.000000	
75.850000	28.200129	-30.020059	0.000000	
75.900000	28.177015	-30.010540	0.000000	
75.950000	28.153894	-30.001038	0.000000	
76.000000	28.130770	-29.991542	0.000000	
76.050000	28.107642	-29.982053	0.000000	
76.100000	28.084523	-29.972546	0.000000	
76.150000	28.061422	-29.962996	0.000000	
76.200000	28.038336	-29.953413	0.000000	
76.250000	28.015270	-29.943781	0.000000	
76.300000	27.992220	-29.934112	0.000000	
76.350000	27.969186	-29.924406	0.000000	
76.400000	27.946167	-29.914664	0.000000	
76.450000	27.923162	-29.904892	0.000000	
76.500000	27.900172	-29.895083	0.000000	
76.550000	27.877207	-29.885218	0.000000	
76.600000	27.854274	-29.875279	0.000000	
76.650000	27.831385	-29.865240	0.000000	
76.700000	27.808539	-29.855104	0.000000	
76.750000	27.785747	-29.844849	0.000000	
76.800000	27.763014	-29.834469	0.000000	
76.850000	27.740336	-29.823972	0.000000	
76.900000	27.717706	-29.813374	0.000000	
76.950000	27.695122	-29.802680	0.000000	
77.000000	27.672587	-29.791884	0.000000	
77.050000	27.650088	-29.781014	0.000000	
77.100000	27.627634	-29.770050	0.000000	
77.150000	27.605224	-29.758998	0.000000	
77.200000	27.582860	-29.747857	0.000000	
77.250000	27.560541	-29.736624	0.000000	
77.300000	27.538254	-29.725326	0.000000	
77.350000	27.516009	-29.713943	0.000000	
77.400000	27.493797	-29.702493	0.000000	
77.450000	27.471612	-29.690985	0.000000	
77.500000	27.449452	-29.679425	0.000000	
77.550000	27.427319	-29.667811	0.000000	
77.600000	27.405202	-29.656164	0.000000	
77.650000	27.383102	-29.644481	0.000000	
77.700000	27.361009	-29.632786	0.000000	
77.750000	27.338912	-29.621097	0.000000	
77.800000	27.316806	-29.609425	0.000000	
77.850000	27.294684	-29.597786	0.000000	
77.900000	27.272536	-29.586197	0.000000	
77.950000	27.250364	-29.574655	0.000000	
78.000000	27.228174	-29.563150	0.000000	
78.050000	27.205960	-29.551689	0.000000	
78.100000	27.183737	-29.540245	0.000000	
78.150000	27.161502	-29.528827	0.000000	
78.200000	27.139243	-29.517453	0.000000	
78.250000	27.116951	-29.506142	0.000000	
78.300000	27.094638	-29.494870	0.000000	
78.350000	27.072313	-29.483622	0.000000	
78.400000	27.049981	-29.472389	0.000000	
78.450000	27.027640	-29.461170	0.000000	
78.500000	27.005287	-29.449976	0.000000	
78.550000	26.982933	-29.438785	0.000000	
78.600000	26.960579	-29.427594	0.000000	
78.650000	26.938234	-29.416384	0.000000	
78.700000	26.915899	-29.405158	0.000000	
78.750000	26.893575	-29.393908	0.000000	
78.800000	26.871266	-29.382631	0.000000	
78.850000	26.848970	-29.371327	0.000000	
78.900000	26.826689	-29.359994	0.000000	
78.950000	26.804424	-29.348630	0.000000	
79.000000	26.782180	-29.337224	0.000000	
79.050000	26.759949	-29.325792	0.000000	
79.100000	26.737735	-29.314327	0.000000	
79.150000	26.715533	-29.302840	0.000000	
79.200000	26.693339	-29.291336	0.000000	
79.250000	26.671159	-29.279806	0.000000	
79.300000	26.648992	-29.268248	0.000000	
79.350000	26.626842	-29.256659	0.000000	
79.400000	26.604708	-29.245040	0.000000	
79.450000	26.582579	-29.233410	0.000000	
79.500000	26.560465	-29.221752	0.000000	
79.550000	26.538380	-29.210039	0.000000	
79.600000	26.516328	-29.198264	0.000000	
79.650000	26.494305	-29.186437	0.000000	
79.700000	26.472305	-29.174569	0.000000	
79.750000	26.450331	-29.162653	0.000000	
79.800000	26.428383	-29.150693	0.000000	
79.850000	26.406456	-29.138694	0.000000	
79.900000	26.384548	-29.126660	0.000000	
79.950000	26.362671	-29.114573	0.000000	
80.000000	26.340827	-29.102426	0.000000	
80.050000	26.319016	-29.090220	0.000000	
80.100000	26.297252	-29.077932	0.000000	
80.150000	26.275527	-29.065576	0.000000	
80.200000	26.253834	-29.053164	0.000000	
80.250000	26.232168	-29.040705	0.000000	
80.300000	26.210532	-29.028189	0.000000	
80.350000	26.188933	-29.015610	0.000000	
80.400000	26.167358	-29.002988	0.000000	
80.450000	26.145800	-28.990335	0.000000	
80.500000	26.124263	-28.977644	0.000000	
80.550000	26.102738	-28.964934	0.000000	
80.600000	26.081223	-28.952203	0.000000	
80.650000	26.059717	-28.939458	0.000000	
80.700000	26.038217	-28.926704	0.000000	
80.750000	26.016726	-28.913933	0.000000	
80.800000	25.995247	-28.901144	0.000000	
80.850000	25.973782	-28.888330	0.000000	
80.900000	25.952340	-28.875480	0.000000	
80.950000	25.930919	-28.862593	0.000000	
81.000000	25.909510	-28.849688	0.000000	
81.050000	25.888121	-28.836749	0.000000	
81.100000	25.866747	-28.823788	0.000000	
81.150000	25.845385	-28.810806	0.000000	
81.200000	25.824038	-28.797803	0.000000	
81.250000	25.802703	-28.784779	0.000000	
81.300000	25.781388	-28.771723	0.000000	
81.350000	25.760098	-28.758624	0.000000	
81.400000	25.738824	-28.745502	0.000000	
81.450000	25.717577	-28.732336	0.000000	
81.500000	25.696366	-28.719112	0.000000	
81.550000	25.675186	-28.705839	0.000000	
81.600000	25.654042	-28.692505	0.000000	
81.650000	25.632922	-28.679132	0.000000	
81.700000	25.611816	-28.665736	0.000000	
81.750000	25.590720	-28.652323	0.000000	
81.800000	25.569631	-28.638899	0.000000	
81.850000	25.548533	-28.625489	0.000000	
81.900000	25.527428	-28.612092	0.000000	
81.950000	25.506318	-28.598702	0.000000	
82.000000	25.485197	-28.585330	0.000000	
82.050000	25.464059	-28.571987	0.000000	
82.100000	25.442899	-28.558679	0.000000	
82.150000	25.421711	-28.545416	0.000000	
82.200000	25.400493	-28.532204	0.000000	
82.250000	25.379234	-28.519057	0.000000	
82.300000	25.357943	-28.505966	0.000000	
82.350000	25.336618	-28.492932	0.000000	
82.400000	25.315252	-28.479963	0.000000	
82.450000	25.293846	-28.467064	0.000000	
82.500000	25.272383	-28.454262	0.000000	
82.550000	25.250858	-28.441565	0.000000	
82.600000	25.229276	-28.428965	0.000000	
82.650000	25.207639	-28.416460	0.000000	
82.700000	25.185945	-28.404054	0.000000	
82.750000	25.164202	-28.391735	0.000000	
82.800000	25.142408	-28.379505	0.000000	
82.850000	25.120558	-28.367379	0.000000	
82.900000	25.098657	-28.355345	0.000000	
82.950000	25.076713	-28.343390	0.000000	
83.000000	25.054714	-28.331532	0.000000	
83.050000	25.032667	-28.319765	0.000000	
83.100000	25.010583	-28.308063	0.000000	
83.150000	24.988455	-28.296445	0.000000	
83.200000	24.966284	-28.284907	0.000000	
83.250000	24.944073	-28.273442	0.000000	
83.300000	24.921837	-28.262026	0.000000	
83.350000	24.899569	-28.250671	0.000000	
83.400000	24.877267	-28.239382	0.000000	
83.450000	24.854923	-28.228175	0.000000	
83.500000	24.832538	-28.217049	0.000000	
83.550000	24.810116	-28.206003	0.000000	
83.600000	24.787659	-28.195026	0.000000	
83.650000	24.765172	-28.184113	0.000000	
83.700000	24.742657	-28.173256	0.000000	
83.750000	24.720123	-28.162440	0.000000	
83.800000	24.697561	-28.151682	0.000000	
83.850000	24.674980	-28.140961	0.000000	
83.900000	24.652395	-28.130251	0.000000	
83.950000	24.629809	-28.119540	0.000000	
84.000000	24.607211	-28.108856	0.000000	
84.050000	24.584607	-28.098184	0.000000	
84.100000	24.562005	-28.087508	0.000000	
84.150000	24.539394	-28.076849	0.000000	
84.200000	24.516778	-28.066201	0.000000	
84.250000	24.494162	-28.055555	0.000000	
84.300000	24.471543	-28.044911	0.000000	
84.350000	24.448925	-28.034267	0.000000	
84.400000	24.426319	-28.023600	0.000000	
84.450000	24.403721	-28.012916	0.000000	
84.500000	24.381144	-28.002189	0.000000	
84.550000	24.358598	-27.991398	0.000000	
84.600000	24.336081	-27.980546	0.000000	
84.650000	24.313585	-27.969648	0.000000	
84.700000	24.291115	-27.958697	0.000000	
84.750000	24.268664	-27.947705	0.000000	
84.800000	24.246230	-27.936680	0.000000	
84.850000	24.223822	-27.925599	0.000000	
84.900000	24.201438	-27.914468	0.000000	
84.950000	24.179077	-27.903293	0.000000	
85.000000	24.156732	-27.892085	0.000000	
85.050000	24.134416	-27.880821	0.000000	
85.100000	24.112128	-27.869503	0.000000	
85.150000	24.089851	-27.858162	0.000000	
85.200000	24.067587	-27.846797	0.000000	
85.250000	24.045338	-27.835400	0.000000	
85.300000	24.023106	-27.823969	0.000000	
85.350000	24.000886	-27.812513	0.000000	
85.400000	23.978671	-27.801050	0.000000	
85.450000	23.956448	-27.789601	0.000000	
85.500000	23.934219	-27.778165	0.000000	
85.550000	23.911972	-27.766764	0.000000	
85.600000	23.889703	-27.755409	0.000000	
85.650000	23.867424	-27.744074	0.000000	
85.700000	23.845142	-27.732744	0.000000	
85.750000	23.822844	-27.721448	0.000000	
85.800000	23.800533	-27.710179	0.000000	
85.850000	23.778206	-27.698940	0.000000	
85.900000	23.755857	-27.687750	0.000000	
85.950000	23.733480	-27.676615	0.000000	
86.000000	23.711069	-27.665552	0.000000	
86.050000	23.688625	-27.654556	0.000000	
86.100000	23.666142	-27.643638	0.000000	
86.150000	23.643615	-27.632811	0.000000	
86.200000	23.621058	-27.622044	0.000000	
86.250000	23.598482	-27.611316	0.000000	
86.300000	23.575878	-27.600647	0.000000	
86.350000	23.553248	-27.590030	0.000000	
86.400000	23.530588	-27.579475	0.000000	
86.450000	23.507902	-27.568976	0.000000	
86.500000	23.485190	-27.558531	0.000000	
86.550000	23.462461	-27.548126	0.000000	
86.600000	23.439722	-27.537739	0.000000	
86.650000	23.416977	-27.527366	0.000000	
86.700000	23.394216	-27.517029	0.000000	
86.750000	23.371439	-27.506726	0.000000	
86.800000	23.348658	-27.496431	0.000000	
86.850000	23.325872	-27.486147	0.000000	
86.900000	23.303082	-27.475869	0.000000	
86.950000	23.280300	-27.465578	0.000000	
87.000000	23.257517	-27.455286	0.000000	
87.050000	23.234741	-27.444979	0.000000	
87.100000	23.211969	-27.434664	0.000000	
87.150000	23.189202	-27.424338	0.000000	
87.200000	23.166446	-27.413988	0.000000	
87.250000	23.143688	-27.403643	0.000000	
87.300000	23.120924	-27.393310	0.000000	
87.350000	23.098168	-27.382960	0.000000	
87.400000	23.075415	-27.372603	0.000000	
87.450000	23.052680	-27.362208	0.000000	
87.500000	23.029956	-27.351788	0.000000	
87.550000	23.007247	-27.341337	0.000000	
87.600000	22.984555	-27.330847	0.000000	
87.650000	22.961883	-27.320316	0.000000	
87.700000	22.939226	-27.309752	0.000000	
87.750000	22.916587	-27.299152	0.000000	
87.800000	22.893964	-27.288515	0.000000	
87.850000	22.871351	-27.277857	0.000000	
87.900000	22.848748	-27.267180	0.000000	
87.950000	22.826157	-27.256477	0.000000	
88.000000	22.803572	-27.245760	0.000000	
88.050000	22.781002	-27.235012	0.000000	
88.100000	22.758451	-27.224225	0.000000	
88.150000	22.735913	-27.213411	0.000000	
88.200000	22.713388	-27.202569	0.000000	
88.250000	22.690879	-27.191695	0.000000	
88.300000	22.668394	-27.180771	0.000000	
88.350000	22.645935	-27.169792	0.000000	
88.400000	22.623486	-27.158792	0.000000	
88.450000	22.601054	-27.147758	0.000000	
88.500000	22.578635	-27.136698	0.000000	
88.550000	22.556237	-27.125595	0.000000	
88.600000	22.533869	-27.114432	0.000000	
88.650000	22.511529	-27.103218	0.000000	
88.700000	22.489210	-27.091960	0.000000	
88.750000	22.466916	-27.080656	0.000000	
88.800000	22.444641	-27.069315	0.000000	
88.850000	22.422380	-27.057945	0.000000	
88.900000	22.400126	-27.046560	0.000000	
88.950000	22.377887	-27.035147	0.000000	
89.000000	22.355652	-27.023725	0.000000	
89.050000	22.333421	-27.012294	0.000000	
89.100000	22.311199	-27.000847	0.000000	
89.150000	22.288971	-26.989410	0.000000	
89.200000	22.266740	-26.977981	0.000000	
89.250000	22.244503	-26.966563	0.000000	
89.300000	22.222252	-26.955174	0.000000	
89.350000	22.199978	-26.943833	0.000000	
89.400000	22.177678	-26.932545	0.000000	
89.450000	22.155362	-26.921293	0.000000	
89.500000	22.133025	-26.910083	0.000000	
89.550000	22.110663	-26.898925	0.000000	
89.600000	22.088265	-26.887843	0.000000	
89.650000	22.065824	-26.876847	0.000000	
89.700000	22.043340	-26.865937	0.000000	
89.750000	22.020813	-26.855116	0.000000	
89.800000	21.998241	-26.844386	0.000000	
89.850000	21.975633	-26.833727	0.000000	
89.900000	21.952998	-26.823126	0.000000	
89.950000	21.930337	-26.812580	0.000000	
90.000000	21.907655	-26.802077	0.000000	
90.050000	21.884958	-26.791604	0.000000	
90.100000	21.862250	-26.781153	0.000000	
90.150000	21.839527	-26.770734	0.000000	
90.200000	21.816788	-26.760348	0.000000	
90.250000	21.794042	-26.749976	0.000000	
90.300000	21.771296	-26.739605	0.000000	
90.350000	21.748561	-26.729212	0.000000	
90.400000	21.725840	-26.718789	0.000000	
90.450000	21.703131	-26.708339	0.000000	
90.500000	21.680430	-26.697871	0.000000	
90.550000	21.657738	-26.687385	0.000000	
90.600000	21.635055	-26.676879	0.000000	
90.650000	21.612381	-26.666355	0.000000	
90.700000	21.589707	-26.655829	0.000000	
90.750000	21.567038	-26.645293	0.000000	
90.800000	21.544374	-26.634745	0.000000	
90.850000	21.521725	-26.624165	0.000000	
90.900000	21.499083	-26.613569	0.000000	
90.950000	21.476450	-26.602954	0.000000	
91.000000	21.453836	-26.592299	0.000000	
91.050000	21.431240	-26.581606	0.000000	
91.100000	21.408667	-26.570867	0.000000	
91.150000	21.386109	-26.560096	0.000000	
91.200000	21.363560	-26.549307	0.000000	
91.250000	21.341026	-26.538487	0.000000	
91.300000	21.318496	-26.527657	0.000000	
91.350000	21.295964	-26.516832	0.000000	
91.400000	21.273418	-26.506039	0.000000	
91.450000	21.250854	-26.495280	0.000000	
91.500000	21.228279	-26.484547	0.000000	
91.550000	21.205700	-26.473823	0.000000	
91.600000	21.183117	-26.463106	0.000000	
91.650000	21.160528	-26.452404	0.000000	
91.700000	21.137944	-26.441688	0.000000	
91.750000	21.115370	-26.430952	0.000000	
91.800000	21.092796	-26.420215	0.000000	
91.850000	21.070224	-26.409475	0.000000	
91.900000	21.047652	-26.398734	0.000000	
91.950000	21.025082	-26.387989	0.000000	
92.000000	21.002509	-26.377251	0.000000	
92.050000	20.979936	-26.366512	0.000000	
92.100000	20.957351	-26.355798	0.000000	
92.150000	20.934742	-26.345134	0.000000	
92.200000	20.912107	-26.334522	0.000000	
92.250000	20.889453	-26.323953	0.000000	
92.300000	20.866783	-26.313415	0.000000	
92.350000	20.844106	-26.302894	0.000000	
92.400000	20.821414	-26.292406	0.000000	
92.450000	20.798718	-26.281925	0.000000	
92.500000	20.776018	-26.271454	0.000000	
92.550000	20.753314	-26.260993	0.000000	
92.600000	20.730601	-26.250551	0.000000	
92.650000	20.707879	-26.240127	0.000000	
92.700000	20.685154	-26.229710	0.000000	
92.750000	20.662416	-26.219325	0.000000	
92.800000	20.639663	-26.208970	0.000000	
92.850000	20.616899	-26.198641	0.000000	
92.900000	20.594123	-26.188338	0.000000	
92.950000	20.571334	-26.178064	0.000000	
93.000000	20.548533	-26.167814	0.000000	
93.050000	20.525716	-26.157604	0.000000	
93.100000	20.502877	-26.147437	0.000000	
93.150000	20.480028	-26.137294	0.000000	
93.200000	20.457173	-26.127163	0.000000	
93.250000	20.434317	-26.117035	0.000000	
93.300000	20.411457	-26.106918	0.000000	
93.350000	20.388587	-26.096821	0.000000	
93.400000	20.365712	-26.086736	0.000000	
93.450000	20.342834	-26.076658	0.000000	
93.500000	20.319948	-26.066598	0.000000	
93.550000	20.297062	-26.056536	0.000000	
93.600000	20.274177	-26.046474	0.000000	
93.650000	20.251287	-26.036422	0.000000	
93.700000	20.228384	-26.026402	0.000000	
93.750000	20.205472	-26.016402	0.000000	
93.800000	20.182561	-26.006398	0.000000	
93.850000	20.159652	-25.996391	0.000000	
93.900000	20.136742	-25.986384	0.000000	
93.950000	20.113826	-25.976395	0.000000	
94.000000	20.090898	-25.966430	0.000000	
94.050000	20.067959	-25.956495	0.000000	
94.100000	20.045012	-25.946576	0.000000	
94.150000	20.022053	-25.936686	0.000000	
94.200000	19.999082	-25.926823	0.000000	
94.250000	19.976102	-25.916980	0.000000	
94.300000	19.953109	-25.907170	0.000000	
94.350000	19.930110	-25.897373	0.000000	
94.400000	19.907101	-25.887598	0.000000	
94.450000	19.884082	-25.877849	0.000000	
94.500000	19.861052	-25.868124	0.000000	
94.550000	19.838015	-25.858417	0.000000	
94.600000	19.814962	-25.848746	0.000000	
94.650000	19.791892	-25.839119	0.000000	
94.700000	19.768807	-25.829526	0.000000	
94.750000	19.745708	-25.819968	0.000000	
94.800000	19.722593	-25.810450	0.000000	
94.850000	19.699456	-25.800985	0.000000	
94.900000	19.676307	-25.791548	0.000000	
94.950000	19.653155	-25.782120	0.000000	
95.000000	19.630000	-25.772697	0.000000	
95.050000	19.606842	-25.763282	0.000000	
95.100000	19.583685	-25.753865	0.000000	
95.150000	19.560525	-25.744454	0.000000	
95.200000	19.537362	-25.735050	0.000000	
95.250000	19.514191	-25.725667	0.000000	
95.300000	19.491007	-25.716315	0.000000	
95.350000	19.467819	-25.706975	0.000000	
95.400000	19.444615	-25.697674	0.000000	
95.450000	19.421397	-25.688407	0.000000	
95.500000	19.398171	-25.679161	0.000000	
95.550000	19.374945	-25.669915	0.000000	
95.600000	19.351721	-25.660664	0.000000	
95.650000	19.328498	-25.651410	0.000000	
95.700000	19.305283	-25.642136	0.000000	
95.750000	19.282071	-25.632857	0.000000	
95.800000	19.258862	-25.623568	0.000000	
95.850000	19.235649	-25.614289	0.000000	
95.900000	19.212429	-25.605029	0.000000	
95.950000	19.189197	-25.595802	0.000000	
96.000000	19.165946	-25.586621	0.000000	
96.050000	19.142677	-25.577487	0.000000	
96.100000	19.119388	-25.568406	0.000000	
96.150000	19.096073	-25.559393	0.000000	
96.200000	19.072732	-25.550450	0.000000	
96.250000	19.049361	-25.541593	0.000000	
96.300000	19.025960	-25.532819	0.000000	
96.350000	19.002528	-25.524133	0.000000	
96.400000	18.979065	-25.515536	0.000000	
96.450000	18.955573	-25.507027	0.000000	
96.500000	18.932050	-25.498611	0.000000	
96.550000	18.908491	-25.490300	0.000000	
96.600000	18.884894	-25.482100	0.000000	
96.650000	18.861257	-25.474009	0.000000	
96.700000	18.837583	-25.466023	0.000000	
96.750000	18.813867	-25.458157	0.000000	
96.800000	18.790109	-25.450414	0.000000	
96.850000	18.766313	-25.442787	0.000000	
96.900000	18.742480	-25.435275	0.000000	
96.950000	18.718614	-25.427865	0.000000	
97.000000	18.694718	-25.420548	0.000000	
97.050000	18.670795	-25.413314	0.000000	
97.100000	18.646852	-25.406139	0.000000	
97.150000	18.622891	-25.399018	0.000000	
97.200000	18.598921	-25.391928	0.000000	
97.250000	18.574943	-25.384860	0.000000	
97.300000	18.550962	-25.377803	0.000000	
97.350000	18.526980	-25.370748	0.000000	
97.400000	18.503000	-25.363687	0.000000	
97.450000	18.479016	-25.356642	0.000000	
97.500000	18.455027	-25.349611	0.000000	
97.550000	18.431035	-25.342591	0.000000	
97.600000	18.407042	-25.335577	0.000000	
97.650000	18.383040	-25.328590	0.000000	
97.700000	18.359028	-25.321642	0.000000	
97.750000	18.335007	-25.314722	0.000000	
97.800000	18.310981	-25.307822	0.000000	
97.850000	18.286952	-25.300933	0.000000	
97.900000	18.262925	-25.294038	0.000000	
97.950000	18.238902	-25.287126	0.000000	
98.000000	18.214884	-25.280196	0.000000	
98.050000	18.190871	-25.273251	0.000000	
98.100000	18.166854	-25.266316	0.000000	
98.150000	18.142836	-25.259390	0.000000	
98.200000	18.118818	-25.252458	0.000000	
98.250000	18.094796	-25.245541	0.000000	
98.300000	18.070768	-25.238645	0.000000	
98.350000	18.046731	-25.231782	0.000000	
98.400000	18.022678	-25.224971	0.000000	
98.450000	17.998604	-25.218237	0.000000	
98.500000	17.974509	-25.211590	0.000000	
98.550000	17.950392	-25.205030	0.000000	
98.600000	17.926250	-25.198587	0.000000	
98.650000	17.902076	-25.192289	0.000000	
98.700000	17.877870	-25.186153	0.000000	
98.750000	17.853629	-25.180210	0.000000	
98.800000	17.829348	-25.174511	0.000000	
98.850000	17.805026	-25.169082	0.000000	
98.900000	17.780663	-25.163945	0.000000	
98.950000	17.756256	-25.159148	0.000000	
99.000000	17.731805	-25.154735	0.000000	
99.050000	17.707312	-25.150739	0.000000	
99.100000	17.682778	-25.147211	0.000000	
99.150000	17.658213	-25.144187	0.000000	
99.200000	17.633618	-25.141710	0.000000	
99.250000	17.608995	-25.139813	0.000000	
99.300000	17.584354	-25.138532	0.000000	
99.350000	17.559707	-25.137892	0.000000	
99.400000	17.535065	-25.137902	0.000000	
99.450000	17.510434	-25.138560	0.000000	
99.500000	17.485823	-25.139838	0.000000	
99.550000	17.461240	-25.141719	0.000000	
99.600000	17.436694	-25.144210	0.000000	
99.650000	17.412192	-25.147276	0.000000	
99.700000	17.387742	-25.150906	0.000000	
99.750000	17.363346	-25.155068	0.000000	
99.800000	17.339010	-25.159737	0.000000	
99.850000	17.314734	-25.164856	0.000000	
99.900000	17.290516	-25.170389	0.000000	
99.950000	17.266355	-25.176303	0.000000	
100.000000	17.242251	-25.182563	0.000000	
100.050000	17.218201	-25.189122	0.000000	
100.100000	17.194198	-25.195937	0.000000	
100.150000	17.170239	-25.202962	0.000000	
100.200000	17.146320	-25.210161	0.000000	
100.250000	17.122436	-25.217504	0.000000	
100.300000	17.098585	-25.224975	0.000000	
100.350000	17.074757	-25.232526	0.000000	
100.400000	17.050944	-25.240132	0.000000	
100.450000	17.027137	-25.247756	0.000000	
100.500000	17.003338	-25.255406	0.000000	
100.550000	16.979543	-25.263068	0.000000	
100.600000	16.955748	-25.270731	0.000000	
100.650000	16.931950	-25.278384	0.000000	
100.700000	16.908152	-25.286038	0.000000	
100.750000	16.884354	-25.293691	0.000000	
100.800000	16.860552	-25.301334	0.000000	
100.850000	16.836742	-25.308951	0.000000	
100.900000	16.812923	-25.316540	0.000000	
100.950000	16.789100	-25.324117	0.000000	
101.000000	16.765272	-25.331681	0.000000	
101.050000	16.741439	-25.339226	0.000000	
101.100000	16.717603	-25.346761	0.000000	
101.150000	16.693765	-25.354292	0.000000	
101.200000	16.669926	-25.361817	0.000000	
101.250000	16.646076	-25.369305	0.000000	
101.300000	16.622217	-25.376762	0.000000	
101.350000	16.598345	-25.384180	0.000000	
101.400000	16.574466	-25.391568	0.000000	
101.450000	16.550576	-25.398925	0.000000	
101.500000	16.526682	-25.406267	0.000000	
101.550000	16.502777	-25.413575	0.000000	
101.600000	16.478863	-25.420849	0.000000	
101.650000	16.454935	-25.428077	0.000000	
101.700000	16.430995	-25.435267	0.000000	
101.750000	16.407039	-25.442406	0.000000	
101.800000	16.383062	-25.449475	0.000000	
101.850000	16.359069	-25.456490	0.000000	
101.900000	16.335062	-25.463462	0.000000	
101.950000	16.311050	-25.470413	0.000000	
102.000000	16.287030	-25.477342	0.000000	
102.050000	16.263008	-25.484263	0.000000	
102.100000	16.238990	-25.491197	0.000000	
102.150000	16.214974	-25.498136	0.000000	
102.200000	16.190961	-25.505084	0.000000	
102.250000	16.166950	-25.512042	0.000000	
102.300000	16.142942	-25.519008	0.000000	
102.350000	16.118936	-25.525983	0.000000	
102.400000	16.094932	-25.532963	0.000000	
102.450000	16.070925	-25.539936	0.000000	
102.500000	16.046919	-25.546907	0.000000	
102.550000	16.022914	-25.553885	0.000000	
102.600000	15.998913	-25.560877	0.000000	
102.650000	15.974923	-25.567905	0.000000	
102.700000	15.950946	-25.574976	0.000000	
102.750000	15.926972	-25.582059	0.000000	
102.800000	15.903004	-25.589161	0.000000	
102.850000	15.879040	-25.596277	0.000000	
102.900000	15.855077	-25.603397	0.000000	
102.950000	15.831112	-25.610511	0.000000	
103.000000	15.807142	-25.617607	0.000000	
103.050000	15.783169	-25.624694	0.000000	
103.100000	15.759191	-25.631762	0.000000	
103.150000	15.735206	-25.638807	0.000000	
103.200000	15.711216	-25.645832	0.000000	
103.250000	15.687218	-25.652835	0.000000	
103.300000	15.663212	-25.659810	0.000000	
103.350000	15.639203	-25.666773	0.000000	
103.400000	15.615185	-25.673702	0.000000	
103.450000	15.591163	-25.680620	0.000000	
103.500000	15.567139	-25.687528	0.000000	
103.550000	15.543110	-25.694419	0.000000	
103.600000	15.519076	-25.701293	0.000000	
103.650000	15.495039	-25.708155	0.000000	
103.700000	15.470989	-25.714976	0.000000	
103.750000	15.446924	-25.721748	0.000000	
103.800000	15.422847	-25.728472	0.000000	
103.850000	15.398751	-25.735123	0.000000	
103.900000	15.374639	-25.741716	0.000000	
103.950000	15.350515	-25.748264	0.000000	
104.000000	15.326381	-25.754770	0.000000	
104.050000	15.302239	-25.761249	0.000000	
104.100000	15.278086	-25.767683	0.000000	
104.150000	15.253922	-25.774078	0.000000	
104.200000	15.229746	-25.780425	0.000000	
104.250000	15.205557	-25.786726	0.000000	
104.300000	15.181353	-25.792971	0.000000	
104.350000	15.157136	-25.799166	0.000000	
104.400000	15.132908	-25.805314	0.000000	
104.450000	15.108672	-25.811430	0.000000	
104.500000	15.084424	-25.817497	0.000000	
104.550000	15.060165	-25.823523	0.000000	
104.600000	15.035895	-25.829502	0.000000	
104.650000	15.011610	-25.835428	0.000000	
104.700000	14.987311	-25.841297	0.000000	
104.750000	14.962999	-25.847119	0.000000	
104.800000	14.938676	-25.852896	0.000000	
104.850000	14.914349	-25.858653	0.000000	
104.900000	14.890021	-25.864410	0.000000	
104.950000	14.865692	-25.870159	0.000000	
105.000000	14.841357	-25.875885	0.000000	
105.050000	14.817021	-25.881606	0.000000	
105.100000	14.792683	-25.887316	0.000000	
105.150000	14.768341	-25.893014	0.000000	
105.200000	14.743995	-25.898693	0.000000	
105.250000	14.719648	-25.904366	0.000000	
105.300000	14.695295	-25.910015	0.000000	
105.350000	14.670942	-25.915665	0.000000	
105.400000	14.646591	-25.921321	0.000000	
105.450000	14.622237	-25.926968	0.000000	
105.500000	14.597884	-25.932618	0.000000	
105.550000	14.573537	-25.938292	0.000000	
105.600000	14.549196	-25.943988	0.000000	
105.650000	14.524857	-25.949699	0.000000	
105.700000	14.500525	-25.955433	0.000000	
105.750000	14.476194	-25.961175	0.000000	
105.800000	14.451871	-25.966944	0.000000	
105.850000	14.427557	-25.972757	0.000000	
105.900000	14.403252	-25.978601	0.000000	
105.950000	14.378957	-25.984485	0.000000	
106.000000	14.354674	-25.990419	0.000000	
106.050000	14.330407	-25.996417	0.000000	
106.100000	14.306159	-26.002485	0.000000	
106.150000	14.281926	-26.008615	0.000000	
106.200000	14.257715	-26.014823	0.000000	
106.250000	14.233522	-26.021099	0.000000	
106.300000	14.209341	-26.027421	0.000000	
106.350000	14.185177	-26.033808	0.000000	
106.400000	14.161023	-26.040235	0.000000	
106.450000	14.136878	-26.046702	0.000000	
106.500000	14.112743	-26.053206	0.000000	
106.550000	14.088616	-26.059741	0.000000	
106.600000	14.064492	-26.066289	0.000000	
106.650000	14.040367	-26.072836	0.000000	
106.700000	14.016247	-26.079401	0.000000	
106.750000	13.992132	-26.085984	0.000000	
106.800000	13.968025	-26.092597	0.000000	
106.850000	13.943927	-26.099245	0.000000	
106.900000	13.919835	-26.105912	0.000000	
106.950000	13.895754	-26.112620	0.000000	
107.000000	13.871683	-26.119362	0.000000	
107.050000	13.847621	-26.126134	0.000000	
107.100000	13.823567	-26.132936	0.000000	
107.150000	13.799519	-26.139756	0.000000	
107.200000	13.775473	-26.146583	0.000000	
107.250000	13.751423	-26.153399	0.000000	
107.300000	13.727379	-26.160232	0.000000	
107.350000	13.703345	-26.167100	0.000000	
107.400000	13.679316	-26.173984	0.000000	
107.450000	13.655296	-26.180898	0.000000	
107.500000	13.631283	-26.187839	0.000000	
107.550000	13.607281	-26.194819	0.000000	
107.600000	13.583292	-26.201843	0.000000	
107.650000	13.559313	-26.208906	0.000000	
107.700000	13.535346	-26.216012	0.000000	
107.750000	13.511388	-26.223150	0.000000	
107.800000	13.487430	-26.230289	0.000000	
107.850000	13.463471	-26.237421	0.000000	
107.900000	13.439501	-26.244515	0.000000	
107.950000	13.415523	-26.251583	0.000000	
108.000000	13.391532	-26.258602	0.000000	
108.050000	13.367525	-26.265562	0.000000	
108.100000	13.343499	-26.272449	0.000000	
108.150000	13.319451	-26.279258	0.000000	
108.200000	13.295384	-26.285996	0.000000	
108.250000	13.271302	-26.292684	0.000000	
108.300000	13.247209	-26.299330	0.000000	
108.350000	13.223103	-26.305930	0.000000	
108.400000	13.198981	-26.312477	0.000000	
108.450000	13.174846	-26.318978	0.000000	
108.500000	13.150702	-26.325446	0.000000	
108.550000	13.126548	-26.331877	0.000000	
108.600000	13.102387	-26.338287	0.000000	
108.650000	13.078214	-26.344651	0.000000	
108.700000	13.054027	-26.350965	0.000000	
108.750000	13.029830	-26.357243	0.000000	
108.800000	13.005622	-26.363479	0.000000	
108.850000	12.981409	-26.369699	0.000000	
108.900000	12.957192	-26.375903	0.000000	
108.950000	12.932973	-26.382100	0.000000	
109.000000	12.908750	-26.388280	0.000000	
109.050000	12.884524	-26.394448	0.000000	
109.100000	12.860300	-26.400622	0.000000	
109.150000	12.836078	-26.406805	0.000000	
109.200000	12.811856	-26.412988	0.000000	
109.250000	12.787627	-26.419145	0.000000	
109.300000	12.763389	-26.425257	0.000000	
109.350000	12.739139	-26.431324	0.000000	
109.400000	12.714879	-26.437346	0.000000	
109.450000	12.690609	-26.443330	0.000000	
109.500000	12.666328	-26.449269	0.000000	
109.550000	12.642036	-26.455163	0.000000	
109.600000	12.617737	-26.461026	0.000000	
109.650000	12.593422	-26.466830	0.000000	
109.700000	12.569097	-26.472585	0.000000	
109.750000	12.544760	-26.478293	0.000000	
109.800000	12.520410	-26.483942	0.000000	
109.850000	12.496049	-26.489548	0.000000	
109.900000	12.471678	-26.495107	0.000000	
109.950000	12.447298	-26.500631	0.000000	
110.000000	12.422911	-26.506123	0.000000	
110.050000	12.398517	-26.511587	0.000000	
110.100000	12.374113	-26.517009	0.000000	
110.150000	12.349695	-26.522365	0.000000	
110.200000	12.325265	-26.527666	0.000000	
110.250000	12.300825	-26.532919	0.000000	
110.300000	12.276376	-26.538130	0.000000	
110.350000	12.251920	-26.543305	0.000000	
110.400000	12.227455	-26.548431	0.000000	
110.450000	12.202978	-26.553499	0.000000	
110.500000	12.178486	-26.558488	0.000000	
110.550000	12.153983	-26.563423	0.000000	
110.600000	12.129466	-26.568287	0.000000	
110.650000	12.104932	-26.573068	0.000000	
110.700000	12.080385	-26.577776	0.000000	
110.750000	12.055826	-26.582422	0.000000	
110.800000	12.031261	-26.587033	0.000000	
110.850000	12.006692	-26.591626	0.000000	
110.900000	11.982121	-26.596207	0.000000	
110.950000	11.957553	-26.600806	0.000000	
111.000000	11.932993	-26.605435	0.000000	
111.050000	11.908452	-26.610138	0.000000	
111.100000	11.883944	-26.614962	0.000000	
111.150000	11.859482	-26.619952	0.000000	
111.200000	11.835085	-26.625161	0.000000	
111.250000	11.810761	-26.630609	0.000000	
111.300000	11.786525	-26.636330	0.000000	
111.350000	11.762396	-26.642370	0.000000	
111.400000	11.738386	-26.648755	0.000000	
111.450000	11.714520	-26.655537	0.000000	
111.500000	11.690813	-26.662738	0.000000	
111.550000	11.667286	-26.670403	0.000000	
111.600000	11.643963	-26.678558	0.000000	
111.650000	11.620864	-26.687235	0.000000	
111.700000	11.598013	-26.696469	0.000000	
111.750000	11.575435	-26.706298	0.000000	
111.800000	11.553135	-26.716720	0.000000	
111.850000	11.531114	-26.727720	0.000000	
111.900000	11.509387	-26.739304	0.000000	
111.950000	11.487968	-26.751481	0.000000	
112.000000	11.466867	-26.764227	0.000000	
112.050000	11.446078	-26.777524	0.000000	
112.100000	11.425594	-26.791335	0.000000	
112.150000	11.405406	-26.805622	0.000000	
112.200000	11.385493	-26.820342	0.000000	
112.250000	11.365847	-26.835465	0.000000	
112.300000	11.346457	-26.850965	0.000000	
112.350000	11.327305	-26.866808	0.000000	
112.400000	11.308367	-26.882951	0.000000	
112.450000	11.289642	-26.899380	0.000000	
112.500000	11.271117	-26.916066	0.000000	
112.550000	11.252777	-26.932983	0.000000	
112.600000	11.234596	-26.950093	0.000000	
112.650000	11.216535	-26.967347	0.000000	
112.700000	11.198583	-26.984726	0.000000	
112.750000	11.180729	-27.002212	0.000000	
112.800000	11.162958	-27.019787	0.000000	
112.850000	11.145266	-27.037443	0.000000	
112.900000	11.127660	-27.055187	0.000000	
112.950000	11.110134	-27.073010	0.000000	
113.000000	11.092676	-27.090898	0.000000	
113.050000	11.075270	-27.108836	0.000000	
113.100000	11.057908	-27.126816	0.000000	
113.150000	11.040591	-27.144837	0.000000	
113.200000	11.023321	-27.162903	0.000000	
113.250000	11.006119	-27.181032	0.000000	
113.300000	10.988987	-27.199225	0.000000	
113.350000	10.971920	-27.217478	0.000000	
113.400000	10.954926	-27.235798	0.000000	
113.450000	10.938022	-27.254201	0.000000	
113.500000	10.921187	-27.272667	0.000000	
113.550000	10.904410	-27.291186	0.000000	
113.600000	10.887691	-27.309758	0.000000	
113.650000	10.871035	-27.328388	0.000000	
113.700000	10.854439	-27.347075	0.000000	
113.750000	10.837891	-27.365806	0.000000	
113.800000	10.821372	-27.384566	0.000000	
113.850000	10.804870	-27.403341	0.000000	
113.900000	10.788371	-27.422119	0.000000	
113.950000	10.771868	-27.440894	0.000000	
114.000000	10.755350	-27.459654	0.000000	
114.050000	10.738802	-27.478387	0.000000	
114.100000	10.722229	-27.497097	0.000000	
114.150000	10.705645	-27.515797	0.000000	
114.200000	10.689046	-27.534484	0.000000	
114.250000	10.672413	-27.553139	0.000000	
114.300000	10.655739	-27.571757	0.000000	
114.350000	10.639006	-27.590322	0.000000	
114.400000	10.622229	-27.608848	0.000000	
114.450000	10.605403	-27.627329	0.000000	
114.500000	10.588524	-27.645764	0.000000	
114.550000	10.571605	-27.664164	0.000000	
114.600000	10.554646	-27.682527	0.000000	
114.650000	10.537652	-27.700859	0.000000	
114.700000	10.520621	-27.719159	0.000000	
114.750000	10.503565	-27.737436	0.000000	
114.800000	10.486498	-27.755703	0.000000	
114.850000	10.469436	-27.773975	0.000000	
114.900000	10.452374	-27.792246	0.000000	
114.950000	10.435311	-27.810517	0.000000	
115.000000	10.418251	-27.828790	0.000000	
115.050000	10.401186	-27.847059	0.000000	
115.100000	10.384137	-27.865343	0.000000	
115.150000	10.367086	-27.883624	0.000000	
115.200000	10.350024	-27.901896	0.000000	
115.250000	10.332953	-27.920159	0.000000	
115.300000	10.315875	-27.938415	0.000000	
115.350000	10.298800	-27.956675	0.000000	
115.400000	10.281746	-27.974954	0.000000	
115.450000	10.264692	-27.993233	0.000000	
115.500000	10.247649	-28.011522	0.000000	
115.550000	10.230597	-28.029803	0.000000	
115.600000	10.213542	-28.048081	0.000000	
115.650000	10.196481	-28.066353	0.000000	
115.700000	10.179405	-28.084612	0.000000	
115.750000	10.162316	-28.102858	0.000000	
115.800000	10.145213	-28.121091	0.000000	
115.850000	10.128080	-28.139295	0.000000	
115.900000	10.110907	-28.157461	0.000000	
115.950000	10.093697	-28.175593	0.000000	
116.000000	10.076459	-28.193697	0.000000	
116.050000	10.059199	-28.211780	0.000000	
116.100000	10.041922	-28.229847	0.000000	
116.150000	10.024607	-28.247877	0.000000	
116.200000	10.007263	-28.265879	0.000000	
116.250000	9.989891	-28.283854	0.000000	
116.300000	9.972498	-28.301808	0.000000	
116.350000	9.955086	-28.319744	0.000000	
116.400000	9.937639	-28.337645	0.000000	
116.450000	9.920155	-28.355510	0.000000	
116.500000	9.902636	-28.373342	0.000000	
116.550000	9.885066	-28.391123	0.000000	
116.600000	9.867459	-28.408867	0.000000	
116.650000	9.849817	-28.426577	0.000000	
116.700000	9.832139	-28.444252	0.000000	
116.750000	9.814422	-28.461888	0.000000	
116.800000	9.796683	-28.479501	0.000000	
116.850000	9.778918	-28.497090	0.000000	
116.900000	9.761135	-28.514659	0.000000	
116.950000	9.743341	-28.532218	0.000000	
117.000000	9.725530	-28.549761	0.000000	
117.050000	9.707718	-28.567301	0.000000	
117.100000	9.689881	-28.584816	0.000000	
117.150000	9.672028	-28.602316	0.000000	
117.200000	9.654178	-28.619819	0.000000	
117.250000	9.636340	-28.637334	0.000000	
117.300000	9.618506	-28.654852	0.000000	
117.350000	9.600673	-28.672372	0.000000	
117.400000	9.582840	-28.689892	0.000000	
117.450000	9.565015	-28.707419	0.000000	
117.500000	9.547187	-28.724944	0.000000	
117.550000	9.529374	-28.742485	0.000000	
117.600000	9.511582	-28.760045	0.000000	
117.650000	9.493815	-28.777632	0.000000	
117.700000	9.476054	-28.795225	0.000000	
117.750000	9.458306	-28.812831	0.000000	
117.800000	9.440582	-28.830461	0.000000	
117.850000	9.422870	-28.848103	0.000000	
117.900000	9.405183	-28.865770	0.000000	
117.950000	9.387521	-28.883461	0.000000	
118.000000	9.369867	-28.901162	0.000000	
118.050000	9.352226	-28.918875	0.000000	
118.100000	9.334578	-28.936581	0.000000	
118.150000	9.316940	-28.954296	0.000000	
118.200000	9.299298	-28.972009	0.000000	
118.250000	9.281651	-28.989716	0.000000	
118.300000	9.263999	-29.007419	0.000000	
118.350000	9.246340	-29.025114	0.000000	
118.400000	9.228668	-29.042796	0.000000	
118.450000	9.210993	-29.060475	0.000000	
118.500000	9.193318	-29.078154	0.000000	
118.550000	9.175648	-29.095837	0.000000	
118.600000	9.157979	-29.113522	0.000000	
118.650000	9.140307	-29.131205	0.000000	
118.700000	9.122635	-29.148886	0.000000	
118.750000	9.104965	-29.166570	0.000000	
118.800000	9.087290	-29.184250	0.000000	
118.850000	9.069615	-29.201928	0.000000	
118.900000	9.051929	-29.219597	0.000000	
118.950000	9.034213	-29.237234	0.000000	
119.000000	9.016472	-29.254848	0.000000	
119.050000	8.998724	-29.272453	0.000000	
119.100000	8.980978	-29.290061	0.000000	
119.150000	8.963248	-29.307686	0.000000	
119.200000	8.945526	-29.325318	0.000000	
119.250000	8.927807	-29.342953	0.000000	
119.300000	8.910094	-29.360595	0.000000	
119.350000	8.892392	-29.378246	0.000000	
119.400000	8.874715	-29.395924	0.000000	
119.450000	8.857074	-29.413635	0.000000	
119.500000	8.839457	-29.431371	0.000000	
119.550000	8.821868	-29.449134	0.000000	
119.600000	8.804308	-29.466925	0.000000	
119.650000	8.786773	-29.484740	0.000000	
119.700000	8.769274	-29.502590	0.000000	
119.750000	8.751794	-29.520457	0.000000	
119.800000	8.734338	-29.538348	0.000000	
119.850000	8.716902	-29.556259	0.000000	
119.900000	8.699474	-29.574178	0.000000	
119.950000	8.682053	-29.592103	0.000000	
120.000000	8.664641	-29.610038	0.000000	
120.050000	8.647252	-29.627996	0.000000	
120.100000	8.629886	-29.645976	0.000000	
120.150000	8.612538	-29.663975	0.000000	
120.200000	8.595211	-29.681993	0.000000	
120.250000	8.577896	-29.700023	0.000000	
120.300000	8.560593	-29.718065	0.000000	
120.350000	8.543283	-29.736100	0.000000	
120.400000	8.525945	-29.754107	0.000000	
120.450000	8.508578	-29.772085	0.000000	
120.500000	8.491176	-29.790029	0.000000	
120.550000	8.473751	-29.807950	0.000000	
120.600000	8.456303	-29.825849	0.000000	
120.650000	8.438832	-29.843726	0.000000	
120.700000	8.421348	-29.861590	0.000000	
120.750000	8.403840	-29.879432	0.000000	
120.800000	8.386321	-29.897264	0.000000	
120.850000	8.368790	-29.915084	0.000000	
120.900000	8.351247	-29.932892	0.000000	
120.950000	8.333696	-29.950692	0.000000	
121.000000	8.316146	-29.968494	0.000000	
121.050000	8.298607	-29.986306	0.000000	
121.100000	8.281072	-30.004123	0.000000	
121.150000	8.263520	-30.021922	0.000000	
121.200000	8.245940	-30.039695	0.000000	
121.250000	8.228314	-30.057421	0.000000	
121.300000	8.210658	-30.075117	0.000000	
121.350000	8.192975	-30.092786	0.000000	
121.400000	8.175277	-30.110439	0.000000	
121.450000	8.157572	-30.128086	0.000000	
121.500000	8.139862	-30.145726	0.000000	
121.550000	8.122139	-30.163354	0.000000	
121.600000	8.104412	-30.180977	0.000000	
121.650000	8.086661	-30.198576	0.000000	
121.700000	8.068875	-30.216139	0.000000	
121.750000	8.051040	-30.233652	0.000000	
121.800000	8.033167	-30.251126	0.000000	
121.850000	8.015257	-30.268563	0.000000	
121.900000	7.997302	-30.285956	0.000000	
121.950000	7.979307	-30.303305	0.000000	
122.000000	7.961275	-30.320616	0.000000	
122.050000	7.943201	-30.337884	0.000000	
122.100000	7.925079	-30.355102	0.000000	
122.150000	7.906909	-30.372271	0.000000	
122.200000	7.888690	-30.389387	0.000000	
122.250000	7.870435	-30.406464	0.000000	
122.300000	7.852166	-30.423528	0.000000	
122.350000	7.833889	-30.440583	0.000000	
122.400000	7.815610	-30.457635	0.000000	
122.450000	7.797320	-30.474676	0.000000	
122.500000	7.779030	-30.491718	0.000000	
122.550000	7.760730	-30.508749	0.000000	
122.600000	7.742427	-30.525776	0.000000	
122.650000	7.724106	-30.542784	0.000000	
122.700000	7.705769	-30.559775	0.000000	
122.750000	7.687417	-30.576751	0.000000	
122.800000	7.669055	-30.593715	0.000000	
122.850000	7.650682	-30.610667	0.000000	
122.900000	7.632299	-30.627609	0.000000	
122.950000	7.613905	-30.644538	0.000000	
123.000000	7.595513	-30.661469	0.000000	
123.050000	7.577119	-30.678399	0.000000	
123.100000	7.558730	-30.695334	0.000000	
123.150000	7.540352	-30.712282	0.000000	
123.200000	7.521977	-30.729232	0.000000	
123.250000	7.503621	-30.746203	0.000000	
123.300000	7.485290	-30.763201	0.000000	
123.350000	7.466985	-30.780227	0.000000	
123.400000	7.448704	-30.797276	0.000000	
123.450000	7.430437	-30.814342	0.000000	
123.500000	7.412182	-30.831419	0.000000	
123.550000	7.393925	-30.848494	0.000000	
123.600000	7.375680	-30.865582	0.000000	
123.650000	7.357456	-30.882692	0.000000	
123.700000	7.339265	-30.899836	0.000000	
123.750000	7.321103	-30.917010	0.000000	
123.800000	7.302982	-30.934227	0.000000	
123.850000	7.284890	-30.951475	0.000000	
123.900000	7.266834	-30.968762	0.000000	
123.950000	7.248811	-30.986083	0.000000	
124.000000	7.230837	-31.003454	0.000000	
124.050000	7.212911	-31.020874	0.000000	
124.100000	7.195032	-31.038343	0.000000	
124.150000	7.177204	-31.055864	0.000000	
124.200000	7.159419	-31.073429	0.000000	
124.250000	7.141684	-31.091044	0.000000	
124.300000	7.124003	-31.108714	0.000000	
124.350000	7.106376	-31.126438	0.000000	
124.400000	7.088790	-31.144201	0.000000	
124.450000	7.071230	-31.161988	0.000000	
124.500000	7.053703	-31.179809	0.000000	
124.550000	7.036230	-31.197682	0.000000	
124.600000	7.018812	-31.215610	0.000000	
124.650000	7.001437	-31.233581	0.000000	
124.700000	6.984099	-31.251586	0.000000	
124.750000	6.966800	-31.269629	0.000000	
124.800000	6.949547	-31.287716	0.000000	
124.850000	6.932333	-31.305841	0.000000	
124.900000	6.915180	-31.324024	0.000000	
124.950000	6.898082	-31.342259	0.000000	
125.000000	6.881023	-31.360531	0.000000	
125.050000	6.864011	-31.378846	0.000000	
125.100000	6.847033	-31.397195	0.000000	
125.150000	6.830082	-31.415567	0.000000	
125.200000	6.813156	-31.433964	0.000000	
125.250000	6.796263	-31.452390	0.000000	
125.300000	6.779393	-31.470838	0.000000	
125.350000	6.762549	-31.489310	0.000000	
125.400000	6.745736	-31.507810	0.000000	
125.450000	6.728968	-31.526350	0.000000	
125.500000	6.712260	-31.544942	0.000000	
125.550000	6.695605	-31.563581	0.000000	
125.600000	6.678997	-31.582262	0.000000	
125.650000	6.662448	-31.600993	0.000000	
125.700000	6.645959	-31.619777	0.000000	
125.750000	6.629519	-31.638604	0.000000	
125.800000	6.613108	-31.657457	0.000000	
125.850000	6.596728	-31.676337	0.000000	
125.900000	6.580390	-31.695253	0.000000	
125.950000	6.564092	-31.714204	0.000000	
126.000000	6.547835	-31.733190	0.000000	
126.050000	6.531640	-31.752228	0.000000	
126.100000	6.515508	-31.771317	0.000000	
126.150000	6.499449	-31.790467	0.000000	
126.200000	6.483464	-31.809679	0.000000	
126.250000	6.467544	-31.828946	0.000000	
126.300000	6.451703	-31.848278	0.000000	
126.350000	6.435930	-31.867667	0.000000	
126.400000	6.420200	-31.887094	0.000000	
126.450000	6.404494	-31.906539	0.000000	
126.500000	6.388803	-31.925997	0.000000	
126.550000	6.373109	-31.945453	0.000000	
126.600000	6.357420	-31.964913	0.000000	
126.650000	6.341731	-31.984372	0.000000	
126.700000	6.326033	-32.003825	0.000000	
126.750000	6.310318	-32.023263	0.000000	
126.800000	6.294604	-32.042702	0.000000	
126.850000	6.278886	-32.062137	0.000000	
126.900000	6.263162	-32.081568	0.000000	
126.950000	6.247409	-32.100973	0.000000	
127.000000	6.231627	-32.120355	0.000000	
127.050000	6.215800	-32.139697	0.000000	
127.100000	6.199923	-32.158999	0.000000	
127.150000	6.183996	-32.178259	0.000000	
127.200000	6.168000	-32.197463	0.000000	
127.250000	6.151939	-32.216613	0.000000	
127.300000	6.135804	-32.235700	0.000000	
127.350000	6.119597	-32.254728	0.000000	
127.400000	6.103337	-32.273713	0.000000	
127.450000	6.087046	-32.292672	0.000000	
127.500000	6.070739	-32.311616	0.000000	
127.550000	6.054419	-32.330551	0.000000	
127.600000	6.038109	-32.349494	0.000000	
127.650000	6.021812	-32.368447	0.000000	
127.700000	6.005520	-32.387404	0.000000	
127.750000	5.989235	-32.406368	0.000000	
127.800000	5.972971	-32.425348	0.000000	
127.850000	5.956715	-32.444336	0.000000	
127.900000	5.940486	-32.463345	0.000000	
127.950000	5.924295	-32.482386	0.000000	
128.000000	5.908138	-32.501456	0.000000	
128.050000	5.892008	-32.520549	0.000000	
128.100000	5.875913	-32.539672	0.000000	
128.150000	5.859850	-32.558822	0.000000	
128.200000	5.843803	-32.577986	0.000000	
128.250000	5.827789	-32.597178	0.000000	
128.300000	5.811810	-32.616400	0.000000	
128.350000	5.795867	-32.635653	0.000000	
128.400000	5.779935	-32.654917	0.000000	
128.450000	5.763998	-32.674176	0.000000	
128.500000	5.748062	-32.693435	0.000000	
128.550000	5.732122	-32.712692	0.000000	
128.600000	5.716160	-32.731930	0.000000	
128.650000	5.700179	-32.751152	0.000000	
128.700000	5.684176	-32.770356	0.000000	
128.750000	5.668171	-32.789558	0.000000	
128.800000	5.652175	-32.808767	0.000000	
128.850000	5.636180	-32.827977	0.000000	
128.900000	5.620197	-32.847198	0.000000	
128.950000	5.604233	-32.866432	0.000000	
129.000000	5.588287	-32.885681	0.000000	
129.050000	5.572371	-32.904954	0.000000	
129.100000	5.556489	-32.924254	0.000000	
129.150000	5.540630	-32.943572	0.000000	
129.200000	5.524804	-32.962916	0.000000	
129.250000	5.509019	-32.982293	0.000000	
129.300000	5.493259	-33.001690	0.000000	
129.350000	5.477519	-33.021103	0.000000	
129.400000	5.461823	-33.040552	0.000000	
129.450000	5.446189	-33.060050	0.000000	
129.500000	5.430615	-33.079599	0.000000	
129.550000	5.415096	-33.099192	0.000000	
129.600000	5.399641	-33.118835	0.000000	
129.650000	5.384244	-33.138527	0.000000	
129.700000	5.368885	-33.158249	0.000000	
129.750000	5.353565	-33.178003	0.000000	
129.800000	5.338287	-33.197790	0.000000	
129.850000	5.323024	-33.217589	0.000000	
129.900000	5.307786	-33.237407	0.000000	
129.950000	5.292551	-33.257228	0.000000	
130.000000	5.277315	-33.277048	0.000000	
130.050000	5.262078	-33.296867	0.000000	
130.100000	5.246851	-33.316694	0.000000	
130.150000	5.231636	-33.336530	0.000000	
130.200000	5.216445	-33.356383	0.000000	
130.250000	5.201268	-33.376248	0.000000	
130.300000	5.186115	-33.396131	0.000000	
130.350000	5.170987	-33.416032	0.000000	
130.400000	5.155890	-33.435957	0.000000	
130.450000	5.140823	-33.455905	0.000000	
130.500000	5.125781	-33.475871	0.000000	
130.550000	5.110792	-33.495875	0.000000	
130.600000	5.095849	-33.515913	0.000000	
130.650000	5.080974	-33.535998	0.000000	
130.700000	5.066211	-33.556159	0.000000	
130.750000	5.051588	-33.576414	0.000000	
130.800000	5.037130	-33.596776	0.000000	
130.850000	5.022835	-33.617241	0.000000	
130.900000	5.008749	-33.637835	0.000000	
130.950000	4.994891	-33.658567	0.000000	
131.000000	4.981298	-33.679456	0.000000	
131.050000	4.967973	-33.700502	0.000000	
131.100000	4.954936	-33.721710	0.000000	
131.150000	4.942215	-33.743089	0.000000	
131.200000	4.929815	-33.764636	0.000000	
131.250000	4.917752	-33.786359	0.000000	
131.300000	4.906046	-33.808263	0.000000	
131.350000	4.894719	-33.830348	0.000000	
131.400000	4.883789	-33.852624	0.000000	
131.450000	4.873286	-33.875099	0.000000	
131.500000	4.863199	-33.897766	0.000000	
131.550000	4.853530	-33.920622	0.000000	
131.600000	4.844268	-33.943660	0.000000	
131.650000	4.835401	-33.966873	0.000000	
131.700000	4.826920	-33.990247	0.000000	
131.750000	4.818793	-34.013761	0.000000	
131.800000	4.811017	-34.037408	0.000000	
131.850000	4.803561	-34.061173	0.000000	
131.900000	4.796400	-34.085045	0.000000	
131.950000	4.789500	-34.109008	0.000000	
132.000000	4.782840	-34.133051	0.000000	
132.050000	4.776404	-34.157165	0.000000	
132.100000	4.770190	-34.181348	0.000000	
132.150000	4.764169	-34.205588	0.000000	
132.200000	4.758320	-34.229876	0.000000	
132.250000	4.752627	-34.254206	0.000000	
132.300000	4.747075	-34.278573	0.000000	
132.350000	4.741639	-34.302969	0.000000	
132.400000	4.736297	-34.327388	0.000000	
132.450000	4.731034	-34.351824	0.000000	
132.500000	4.725841	-34.376276	0.000000	
132.550000	4.720702	-34.400739	0.000000	
132.600000	4.715611	-34.425213	0.000000	
132.650000	4.710550	-34.449693	0.000000	
132.700000	4.705536	-34.474183	0.000000	
132.750000	4.700549	-34.498680	0.000000	
132.800000	4.695578	-34.523179	0.000000	
132.850000	4.690600	-34.547677	0.000000	
132.900000	4.685621	-34.572175	0.000000	
132.950000	4.680658	-34.596676	0.000000	
133.000000	4.675710	-34.621181	0.000000	
133.050000	4.670790	-34.645691	0.000000	
133.100000	4.665896	-34.670207	0.000000	
133.150000	4.661012	-34.694724	0.000000	
133.200000	4.656139	-34.719244	0.000000	
133.250000	4.651248	-34.743760	0.000000	
133.300000	4.646336	-34.768272	0.000000	
133.350000	4.641407	-34.792780	0.000000	
133.400000	4.636456	-34.817284	0.000000	
133.450000	4.631468	-34.841779	0.000000	
133.500000	4.626450	-34.866269	0.000000	
133.550000	4.621399	-34.890752	0.000000	
133.600000	4.616338	-34.915233	0.000000	
133.650000	4.611269	-34.939713	0.000000	
133.700000	4.606222	-34.964197	0.000000	
133.750000	4.601174	-34.988681	0.000000	
133.800000	4.596129	-35.013165	0.000000	
133.850000	4.591088	-35.037650	0.000000	
133.900000	4.586065	-35.062139	0.000000	
133.950000	4.581071	-35.086634	0.000000	
134.000000	4.576112	-35.111135	0.000000	
134.050000	4.571182	-35.135642	0.000000	
134.100000	4.566259	-35.160151	0.000000	
134.150000	4.561346	-35.184661	0.000000	
134.200000	4.556440	-35.209172	0.000000	
134.250000	4.551545	-35.233686	0.000000	
134.300000	4.546669	-35.258204	0.000000	
134.350000	4.541818	-35.282726	0.000000	
134.400000	4.536988	-35.307253	0.000000	
134.450000	4.532194	-35.331788	0.000000	
134.500000	4.527434	-35.356329	0.000000	
134.550000	4.522695	-35.380875	0.000000	
134.600000	4.517965	-35.405423	0.000000	
134.650000	4.513235	-35.429971	0.000000	
134.700000	4.508502	-35.454518	0.000000	
134.750000	4.503764	-35.479064	0.000000	
134.800000	4.499027	-35.503610	0.000000	
134.850000	4.494299	-35.528159	0.000000	
134.900000	4.489596	-35.552711	0.000000	
134.950000	4.484899	-35.577266	0.000000	
135.000000	4.480183	-35.601816	0.000000	
135.050000	4.475422	-35.626358	0.000000	
135.100000	4.470630	-35.650893	0.000000	
135.150000	4.465830	-35.675427	0.000000	
135.200000	4.461030	-35.699961	0.000000	
135.250000	4.456221	-35.724493	0.000000	
135.300000	4.451401	-35.749023	0.000000	
135.350000	4.446590	-35.773555	0.000000	
135.400000	4.441785	-35.798088	0.000000	
135.450000	4.436977	-35.822621	0.000000	
135.500000	4.432173	-35.847154	0.000000	
135.550000	4.427391	-35.871691	0.000000	
135.600000	4.422659	-35.896237	0.000000	
135.650000	4.417979	-35.920793	0.000000	
135.700000	4.413340	-35.945356	0.000000	
135.750000	4.408763	-35.969930	0.000000	
135.800000	4.404223	-35.994511	0.000000	
135.850000	4.399741	-36.019101	0.000000	
135.900000	4.395288	-36.043697	0.000000	
135.950000	4.390853	-36.068296	0.000000	
136.000000	4.386457	-36.092901	0.000000	
136.050000	4.382095	-36.117513	0.000000	
136.100000	4.377768	-36.142132	0.000000	
136.150000	4.373462	-36.166755	0.000000	
136.200000	4.369154	-36.191378	0.000000	
136.250000	4.364835	-36.215999	0.000000	
136.300000	4.360508	-36.240617	0.000000	
136.350000	4.356171	-36.265234	0.000000	
136.400000	4.351818	-36.289848	0.000000	
136.450000	4.347439	-36.314457	0.000000	
136.500000	4.343034	-36.339061	0.000000	
136.550000	4.338604	-36.363659	0.000000	
136.600000	4.334137	-36.388250	0.000000	
136.650000	4.329610	-36.412830	0.000000	
136.700000	4.325011	-36.437397	0.000000	
136.750000	4.320358	-36.461953	0.000000	
136.800000	4.315636	-36.486497	0.000000	
136.850000	4.310848	-36.511029	0.000000	
136.900000	4.305969	-36.535543	0.000000	
136.950000	4.301023	-36.560045	0.000000	
137.000000	4.296000	-36.584532	0.000000	
137.050000	4.290905	-36.609005	0.000000	
137.100000	4.285745	-36.633464	0.000000	
137.150000	4.280532	-36.657913	0.000000	
137.200000	4.275288	-36.682355	0.000000	
137.250000	4.270031	-36.706795	0.000000	
137.300000	4.264746	-36.731229	0.000000	
137.350000	4.259462	-36.755663	0.000000	
137.400000	4.254191	-36.780100	0.000000	
137.450000	4.248938	-36.804541	0.000000	
137.500000	4.243726	-36.828989	0.000000	
137.550000	4.238564	-36.853447	0.000000	
137.600000	4.233423	-36.877910	0.000000	
137.650000	4.228292	-36.902374	0.000000	
137.700000	4.223166	-36.926840	0.000000	
137.750000	4.218071	-36.951311	0.000000	
137.800000	4.212985	-36.975785	0.000000	
137.850000	4.207922	-37.000264	0.000000	
137.900000	4.202883	-37.024747	0.000000	
137.950000	4.197863	-37.049235	0.000000	
138.000000	4.192862	-37.073726	0.000000	
138.050000	4.187895	-37.098225	0.000000	
138.100000	4.182940	-37.122727	0.000000	
138.150000	4.177992	-37.147230	0.000000	
138.200000	4.173069	-37.171739	0.000000	
138.250000	4.168169	-37.196252	0.000000	
138.300000	4.163293	-37.220771	0.000000	
138.350000	4.158439	-37.245293	0.000000	
138.400000	4.153596	-37.269818	0.000000	
138.450000	4.148758	-37.294344	0.000000	
138.500000	4.143910	-37.318868	0.000000	
138.550000	4.139038	-37.343388	0.000000	
138.600000	4.134146	-37.367904	0.000000	
138.650000	4.129260	-37.392421	0.000000	
138.700000	4.124400	-37.416943	0.000000	
138.750000	4.119572	-37.441470	0.000000	
138.800000	4.114752	-37.466000	0.000000	
138.850000	4.109947	-37.490533	0.000000	
138.900000	4.105137	-37.515064	0.000000	
138.950000	4.100333	-37.539597	0.000000	
139.000000	4.095561	-37.564135	0.000000	
139.050000	4.090799	-37.588676	0.000000	
139.100000	4.086038	-37.613217	0.000000	
139.150000	4.081290	-37.637761	0.000000	
139.200000	4.076557	-37.662308	0.000000	
139.250000	4.071832	-37.686857	0.000000	
139.300000	4.067113	-37.711407	0.000000	
139.350000	4.062382	-37.735954	0.000000	
139.400000	4.057632	-37.760498	0.000000	
139.450000	4.052848	-37.785034	0.000000	
139.500000	4.048013	-37.809559	0.000000	
139.550000	4.043123	-37.834073	0.000000	
139.600000	4.038182	-37.858576	0.000000	
139.650000	4.033174	-37.883063	0.000000	
139.700000	4.028096	-37.907535	0.000000	
139.750000	4.022947	-37.931992	0.000000	
139.800000	4.017742	-37.956439	0.000000	
139.850000	4.012477	-37.980872	0.000000	
139.900000	4.007141	-38.005289	0.000000	
139.950000	4.001760	-38.029697	0.000000	
140.000000	3.996343	-38.054098	0.000000	
140.050000	3.990870	-38.078487	0.000000	
140.100000	3.985370	-38.102870	0.000000	
140.150000	3.979838	-38.127246	0.000000	
140.200000	3.974275	-38.151616	0.000000	
140.250000	3.968687	-38.175980	0.000000	
140.300000	3.963048	-38.200333	0.000000	
140.350000	3.957344	-38.224672	0.000000	
140.400000	3.951569	-38.248994	0.000000	
140.450000	3.945728	-38.273300	0.000000	
140.500000	3.939846	-38.297596	0.000000	
140.550000	3.933951	-38.321888	0.000000	
140.600000	3.928048	-38.346179	0.000000	
140.650000	3.922131	-38.370467	0.000000	
140.700000	3.916227	-38.394758	0.000000	
140.750000	3.910312	-38.419046	0.000000	
140.800000	3.904397	-38.443333	0.000000	
140.850000	3.898479	-38.467621	0.000000	
140.900000	3.892572	-38.491910	0.000000	
140.950000	3.886691	-38.516206	0.000000	
141.000000	3.880806	-38.540501	0.000000	
141.050000	3.874890	-38.564789	0.000000	
141.100000	3.868964	-38.589074	0.000000	
141.150000	3.863014	-38.613354	0.000000	
141.200000	3.857071	-38.637636	0.000000	
141.250000	3.851117	-38.661915	0.000000	
141.300000	3.845154	-38.686192	0.000000	
141.350000	3.839199	-38.710470	0.000000	
141.400000	3.833247	-38.734750	0.000000	
141.450000	3.827310	-38.759033	0.000000	
141.500000	3.821405	-38.783325	0.000000	
141.550000	3.815521	-38.807622	0.000000	
141.600000	3.809626	-38.831916	0.000000	
141.650000	3.803707	-38.856204	0.000000	
141.700000	3.797769	-38.880487	0.000000	
141.750000	3.791806	-38.904763	0.000000	
141.800000	3.785828	-38.929035	0.000000	
141.850000	3.779835	-38.953304	0.000000	
141.900000	3.773822	-38.977568	0.000000	
141.950000	3.767826	-39.001836	0.000000	
142.000000	3.761847	-39.026107	0.000000	
142.050000	3.755911	-39.050389	0.000000	
142.100000	3.750061	-39.074688	0.000000	
142.150000	3.744311	-39.099007	0.000000	
142.200000	3.738673	-39.123347	0.000000	
142.250000	3.733180	-39.147710	0.000000	
142.300000	3.727878	-39.172103	0.000000	
142.350000	3.722786	-39.196527	0.000000	
142.400000	3.717938	-39.220983	0.000000	
142.450000	3.713384	-39.245474	0.000000	
142.500000	3.709147	-39.270001	0.000000	
142.550000	3.705234	-39.294560	0.000000	
142.600000	3.701658	-39.319152	0.000000	
142.650000	3.698469	-39.343779	0.000000	
142.700000	3.695695	-39.368443	0.000000	
142.750000	3.693354	-39.393143	0.000000	
142.800000	3.691458	-39.417875	0.000000	
142.850000	3.690016	-39.442641	0.000000	
142.900000	3.689029	-39.467431	0.000000	
142.950000	3.688521	-39.492242	0.000000	
143.000000	3.688460	-39.517063	0.000000	
143.050000	3.688872	-39.541889	0.000000	
143.100000	3.689752	-39.566715	0.000000	
143.150000	3.691094	-39.591531	0.000000	
143.200000	3.692870	-39.616333	0.000000	
143.250000	3.695077	-39.641116	0.000000	
143.300000	3.697686	-39.665870	0.000000	
143.350000	3.700685	-39.690586	0.000000	
143.400000	3.704065	-39.715264	0.000000	
143.450000	3.707790	-39.739900	0.000000	
143.500000	3.711815	-39.764496	0.000000	
143.550000	3.716130	-39.789049	0.000000	
143.600000	3.720728	-39.813558	0.000000	
143.650000	3.725606	-39.838019	0.000000	
143.700000	3.730721	-39.862439	0.000000	
143.750000	3.736043	-39.886821	0.000000	
143.800000	3.741570	-39.911165	0.000000	
143.850000	3.747289	-39.935470	0.000000	
143.900000	3.753186	-39.959740	0.000000	
143.950000	3.759225	-39.983982	0.000000	
144.000000	3.765376	-40.008199	0.000000	
144.050000	3.771634	-40.032394	0.000000	
144.100000	3.777981	-40.056568	0.000000	
144.150000	3.784396	-40.080726	0.000000	
144.200000	3.790852	-40.104875	0.000000	
144.250000	3.797345	-40.129015	0.000000	
144.300000	3.803869	-40.153147	0.000000	
144.350000	3.810390	-40.177280	0.000000	
144.400000	3.816886	-40.201419	0.000000	
144.450000	3.823367	-40.225562	0.000000	
144.500000	3.829815	-40.249714	0.000000	
144.550000	3.836248	-40.273870	0.000000	
144.600000	3.842672	-40.298028	0.000000	
144.650000	3.849062	-40.322195	0.000000	
144.700000	3.855406	-40.346375	0.000000	
144.750000	3.861720	-40.370563	0.000000	
144.800000	3.868031	-40.394751	0.000000	
144.850000	3.874318	-40.418946	0.000000	
144.900000	3.880574	-40.443150	0.000000	
144.950000	3.886794	-40.467363	0.000000	
145.000000	3.893003	-40.491579	0.000000	
145.050000	3.899202	-40.515797	0.000000	
145.100000	3.905405	-40.540014	0.000000	
145.150000	3.911600	-40.564234	0.000000	
145.200000	3.917792	-40.588454	0.000000	
145.250000	3.923976	-40.612677	0.000000	
145.300000	3.930143	-40.636903	0.000000	
145.350000	3.936280	-40.661137	0.000000	
145.400000	3.942409	-40.685373	0.000000	
145.450000	3.948548	-40.709607	0.000000	
145.500000	3.954661	-40.733846	0.000000	
145.550000	3.960760	-40.758090	0.000000	
145.600000	3.966846	-40.782336	0.000000	
145.650000	3.972888	-40.806593	0.000000	
145.700000	3.978901	-40.830857	0.000000	
145.750000	3.984883	-40.855128	0.000000	
145.800000	3.990843	-40.879405	0.000000	
145.850000	3.996776	-40.903689	0.000000	
145.900000	4.002684	-40.927979	0.000000	
145.950000	4.008575	-40.952273	0.000000	
146.000000	4.014472	-40.976566	0.000000	
146.050000	4.020354	-41.000862	0.000000	
146.100000	4.026222	-41.025162	0.000000	
146.150000	4.032056	-41.049471	0.000000	
146.200000	4.037851	-41.073789	0.000000	
146.250000	4.043596	-41.098119	0.000000	
146.300000	4.049315	-41.122455	0.000000	
146.350000	4.055036	-41.146791	0.000000	
146.400000	4.060760	-41.171126	0.000000	
146.450000	4.066479	-41.195462	0.000000	
146.500000	4.072185	-41.219801	0.000000	
146.550000	4.077902	-41.244138	0.000000	
146.600000	4.083625	-41.268473	0.000000	
146.650000	4.089336	-41.292811	0.000000	
146.700000	4.095056	-41.317147	0.000000	
146.750000	4.100798	-41.341478	0.000000	
146.800000	4.106566	-41.365803	0.000000	
146.850000	4.112355	-41.390123	0.000000	
146.900000	4.118144	-41.414442	0.000000	
146.950000	4.123957	-41.438756	0.000000	
147.000000	4.129790	-41.463065	0.000000	
147.050000	4.135629	-41.487372	0.000000	
147.100000	4.141495	-41.511672	0.000000	
147.150000	4.147399	-41.535962	0.000000	
147.200000	4.153350	-41.560241	0.000000	
147.250000	4.159361	-41.584504	0.000000	
147.300000	4.165430	-41.608753	0.000000	
147.350000	4.171552	-41.632988	0.000000	
147.400000	4.177720	-41.657212	0.000000	
147.450000	4.183939	-41.681423	0.000000	
147.500000	4.190205	-41.705621	0.000000	
147.550000	4.196499	-41.729813	0.000000	
147.600000	4.202802	-41.754002	0.000000	
147.650000	4.209108	-41.778191	0.000000	
147.700000	4.215418	-41.802379	0.000000	
147.750000	4.221722	-41.826568	0.000000	
147.800000	4.227991	-41.850765	0.000000	
147.850000	4.234243	-41.874966	0.000000	
147.900000	4.240468	-41.899174	0.000000	
147.950000	4.246662	-41.923389	0.000000	
148.000000	4.252809	-41.947615	0.000000	
148.050000	4.258894	-41.971856	0.000000	
148.100000	4.264911	-41.996112	0.000000	
148.150000	4.270847	-42.020386	0.000000	
148.200000	4.276683	-42.044684	0.000000	
148.250000	4.282424	-42.069003	0.000000	
148.300000	4.288051	-42.093350	0.000000	
148.350000	4.293564	-42.117720	0.000000	
148.400000	4.298940	-42.142120	0.000000	
148.450000	4.304156	-42.166554	0.000000	
148.500000	4.309215	-42.191020	0.000000	
148.550000	4.314130	-42.215517	0.000000	
148.600000	4.318905	-42.240042	0.000000	
148.650000	4.323555	-42.264591	0.000000	
148.700000	4.328089	-42.289162	0.000000	
148.750000	4.332501	-42.313755	0.000000	
148.800000	4.336800	-42.338368	0.000000	
148.850000	4.340992	-42.362999	0.000000	
148.900000	4.345045	-42.387653	0.000000	
148.950000	4.348974	-42.412330	0.000000	
149.000000	4.352802	-42.437023	0.000000	
149.050000	4.356542	-42.461732	0.000000	
149.100000	4.360208	-42.486454	0.000000	
149.150000	4.363795	-42.511188	0.000000	
149.200000	4.367322	-42.535933	0.000000	
149.250000	4.370814	-42.560683	0.000000	
149.300000	4.374266	-42.585440	0.000000	
149.350000	4.377698	-42.610201	0.000000	
149.400000	4.381131	-42.634962	0.000000	
149.450000	4.384564	-42.659723	0.000000	
149.500000	4.387998	-42.684483	0.000000	
149.550000	4.391438	-42.709243	0.000000	
149.600000	4.394874	-42.734003	0.000000	
149.650000	4.398334	-42.758760	0.000000	
149.700000	4.401806	-42.783515	0.000000	
149.750000	4.405305	-42.808266	0.000000	
149.800000	4.408843	-42.833011	0.000000	
149.850000	4.412400	-42.857754	0.000000	
149.900000	4.415997	-42.882491	0.000000	
149.950000	4.419655	-42.907220	0.000000	
150.000000	4.423377	-42.931940	0.000000	
150.050000	4.427144	-42.956653	0.000000	
150.100000	4.430953	-42.981359	0.000000	
150.150000	4.434815	-43.006057	0.000000	
150.200000	4.438746	-43.030744	0.000000	
150.250000	4.442739	-43.055421	0.000000	
150.300000	4.446788	-43.080087	0.000000	
150.350000	4.450881	-43.104746	0.000000	
150.400000	4.455016	-43.129397	0.000000	
150.450000	4.459191	-43.154041	0.000000	
150.500000	4.463417	-43.178676	0.000000	
150.550000	4.467722	-43.203297	0.000000	
150.600000	4.472086	-43.227908	0.000000	
150.650000	4.476501	-43.252511	0.000000	
150.700000	4.480953	-43.277107	0.000000	
150.750000	4.485438	-43.301698	0.000000	
150.800000	4.489932	-43.326287	0.000000	
150.850000	4.494437	-43.350874	0.000000	
150.900000	4.498959	-43.375459	0.000000	
150.950000	4.503486	-43.400043	0.000000	
151.000000	4.507997	-43.424630	0.000000	
151.050000	4.512458	-43.449224	0.000000	
151.100000	4.516884	-43.473823	0.000000	
151.150000	4.521273	-43.498429	0.000000	
151.200000	4.525601	-43.523044	0.000000	
151.250000	4.529881	-43.547667	0.000000	
151.300000	4.534089	-43.572302	0.000000	
151.350000	4.538201	-43.596952	0.000000	
151.400000	4.542223	-43.621616	0.000000	
151.450000	4.546134	-43.646297	0.000000	
151.500000	4.549941	-43.670995	0.000000	
151.550000	4.553662	-43.695706	0.000000	
151.600000	4.557293	-43.720432	0.000000	
151.650000	4.560833	-43.745172	0.000000	
151.700000	4.564277	-43.769927	0.000000	
151.750000	4.567619	-43.794697	0.000000	
151.800000	4.570864	-43.819480	0.000000	
151.850000	4.574009	-43.844275	0.000000	
151.900000	4.577068	-43.869082	0.000000	
151.950000	4.580031	-43.893900	0.000000	
152.000000	4.582911	-43.918728	0.000000	
152.050000	4.585717	-43.943566	0.000000	
152.100000	4.588470	-43.968408	0.000000	
152.150000	4.591183	-43.993256	0.000000	
152.200000	4.593861	-44.018108	0.000000	
152.250000	4.596526	-44.042962	0.000000	
152.300000	4.599151	-44.067821	0.000000	
152.350000	4.601744	-44.092684	0.000000	
152.400000	4.604337	-44.117546	0.000000	
152.450000	4.606920	-44.142410	0.000000	
152.500000	4.609524	-44.167271	0.000000	
152.550000	4.612127	-44.192133	0.000000	
152.600000	4.614722	-44.216995	0.000000	
152.650000	4.617306	-44.241859	0.000000	
152.700000	4.619905	-44.266721	0.000000	
152.750000	4.622523	-44.291581	0.000000	
152.800000	4.625155	-44.316439	0.000000	
152.850000	4.627822	-44.341294	0.000000	
152.900000	4.630555	-44.366141	0.000000	
152.950000	4.633353	-44.390980	0.000000	
153.000000	4.636245	-44.415808	0.000000	
153.050000	4.639218	-44.440626	0.000000	
153.100000	4.642264	-44.465436	0.000000	
153.150000	4.645373	-44.490238	0.000000	
153.200000	4.648523	-44.515036	0.000000	
153.250000	4.651695	-44.539830	0.000000	
153.300000	4.654899	-44.564621	0.000000	
153.350000	4.658171	-44.589402	0.000000	
153.400000	4.661549	-44.614167	0.000000	
153.450000	4.665040	-44.638913	0.000000	
153.500000	4.668671	-44.663635	0.000000	
153.550000	4.672456	-44.688328	0.000000	
153.600000	4.676433	-44.712984	0.000000	
153.650000	4.680608	-44.737600	0.000000	
153.700000	4.684998	-44.762170	0.000000	
153.750000	4.689620	-44.786685	0.000000	
153.800000	4.694501	-44.811138	0.000000	
153.850000	4.699697	-44.835511	0.000000	
153.900000	4.705239	-44.859786	0.000000	
153.950000	4.711122	-44.883960	0.000000	
154.000000	4.717374	-44.908015	0.000000	
154.050000	4.724011	-44.931937	0.000000	
154.100000	4.731070	-44.955708	0.000000	
154.150000	4.738590	-44.979308	0.000000	
154.200000	4.746606	-45.002718	0.000000	
154.250000	4.755135	-45.025930	0.000000	
154.300000	4.764181	-45.048945	0.000000	
154.350000	4.773730	-45.071759	0.000000	
154.400000	4.783759	-45.094379	0.000000	
154.450000	4.794240	-45.116806	0.000000	
154.500000	4.805141	-45.139051	0.000000	
154.550000	4.816456	-45.161112	0.000000	
154.600000	4.828162	-45.182990	0.000000	
154.650000	4.840233	-45.204696	0.000000	
154.700000	4.852656	-45.226231	0.000000	
154.750000	4.865424	-45.247593	0.000000	
154.800000	4.878495	-45.268799	0.000000	
154.850000	4.891862	-45.289848	0.000000	
154.900000	4.905476	-45.310759	0.000000	
154.950000	4.919292	-45.331554	0.000000	
155.000000	4.933308	-45.352230	0.000000	
155.050000	4.947492	-45.372801	0.000000	
155.100000	4.961800	-45.393293	0.000000	
155.150000	4.976200	-45.413725	0.000000	
155.200000	4.990672	-45.434107	0.000000	
155.250000	5.005190	-45.454458	0.000000	
155.300000	5.019755	-45.474774	0.000000	
155.350000	5.034380	-45.495046	0.000000	
155.400000	5.049066	-45.515273	0.000000	
155.450000	5.063820	-45.535450	0.000000	
155.500000	5.078632	-45.555583	0.000000	
155.550000	5.093507	-45.575669	0.000000	
155.600000	5.108450	-45.595705	0.000000	
155.650000	5.123445	-45.615701	0.000000	
155.700000	5.138490	-45.635660	0.000000	
155.750000	5.153586	-45.655580	0.000000	
155.800000	5.168716	-45.675476	0.000000	
155.850000	5.183882	-45.695344	0.000000	
155.900000	5.199078	-45.715190	0.000000	
155.950000	5.214300	-45.735017	0.000000	
156.000000	5.229533	-45.754835	0.000000	
156.050000	5.244780	-45.774644	0.000000	
156.100000	5.260037	-45.794444	0.000000	
156.150000	5.275328	-45.814219	0.000000	
156.200000	5.290645	-45.833975	0.000000	
156.250000	5.305987	-45.853711	0.000000	
156.300000	5.321337	-45.873442	0.000000	
156.350000	5.336687	-45.893172	0.000000	
156.400000	5.352031	-45.912908	0.000000	
156.450000	5.367348	-45.932664	0.000000	
156.500000	5.382625	-45.952451	0.000000	
156.550000	5.397858	-45.972271	0.000000	
156.600000	5.413040	-45.992130	0.000000	
156.650000	5.428172	-46.012026	0.000000	
156.700000	5.443247	-46.031966	0.000000	
156.750000	5.458278	-46.051938	0.000000	
156.800000	5.473271	-46.071939	0.000000	
156.850000	5.488221	-46.091972	0.000000	
156.900000	5.503133	-46.112034	0.000000	
156.950000	5.517992	-46.132134	0.000000	
157.000000	5.532804	-46.152269	0.000000	
157.050000	5.547591	-46.172422	0.000000	
157.100000	5.562351	-46.192593	0.000000	
157.150000	5.577074	-46.212793	0.000000	
157.200000	5.591758	-46.233021	0.000000	
157.250000	5.606399	-46.253282	0.000000	
157.300000	5.620992	-46.273578	0.000000	
157.350000	5.635547	-46.293901	0.000000	
157.400000	5.650058	-46.314255	0.000000	
157.450000	5.664507	-46.334655	0.000000	
157.500000	5.678903	-46.355093	0.000000	
157.550000	5.693239	-46.375571	0.000000	
157.600000	5.707524	-46.396084	0.000000	
157.650000	5.721754	-46.416634	0.000000	
157.700000	5.735906	-46.437236	0.000000	
157.750000	5.749998	-46.457878	0.000000	
157.800000	5.764018	-46.478567	0.000000	
157.850000	5.777947	-46.499316	0.000000	
157.900000	5.791799	-46.520115	0.000000	
157.950000	5.805569	-46.540968	0.000000	
158.000000	5.819252	-46.561876	0.000000	
158.050000	5.832843	-46.582841	0.000000	
158.100000	5.846347	-46.603861	0.000000	
158.150000	5.859766	-46.624937	0.000000	
158.200000	5.873117	-46.646058	0.000000	
158.250000	5.886391	-46.667229	0.000000	
158.300000	5.899598	-46.688443	0.000000	
158.350000	5.912722	-46.709711	0.000000	
158.400000	5.925766	-46.731030	0.000000	
158.450000	5.938728	-46.752401	0.000000	
158.500000	5.951627	-46.773811	0.000000	
158.550000	5.964467	-46.795258	0.000000	
158.600000	5.977255	-46.816736	0.000000	
158.650000	5.989986	-46.838250	0.000000	
158.700000	6.002673	-46.859789	0.000000	
158.750000	6.015324	-46.881350	0.000000	
158.800000	6.027926	-46.902939	0.000000	
158.850000	6.040487	-46.924553	0.000000	
158.900000	6.053027	-46.946178	0.000000	
158.950000	6.065546	-46.967816	0.000000	
159.000000	6.078060	-46.989457	0.000000	
159.050000	6.090586	-47.011091	0.000000	
159.100000	6.103149	-47.032702	0.000000	
159.150000	6.115747	-47.054294	0.000000	
159.200000	6.128379	-47.075864	0.000000	
159.250000	6.141024	-47.097426	0.000000	
159.300000	6.153680	-47.118982	0.000000	
159.350000	6.166340	-47.140535	0.000000	
159.400000	6.179004	-47.162086	0.000000	
159.450000	6.191674	-47.183633	0.000000	
159.500000	6.204365	-47.205168	0.000000	
159.550000	6.217080	-47.226688	0.000000	
159.600000	6.229817	-47.248196	0.000000	
159.650000	6.242587	-47.269683	0.000000	
159.700000	6.255401	-47.291145	0.000000	
159.750000	6.268257	-47.312580	0.000000	
159.800000	6.281166	-47.333985	0.000000	
159.850000	6.294141	-47.355350	0.000000	
159.900000	6.307184	-47.376675	0.000000	
159.950000	6.320270	-47.397974	0.000000	
160.000000	6.333401	-47.419245	0.000000	
160.050000	6.346558	-47.440501	0.000000	
160.100000	6.359733	-47.461746	0.000000	
160.150000	6.372903	-47.482994	0.000000	
160.200000	6.386047	-47.504258	0.000000	
160.250000	6.399146	-47.525549	0.000000	
160.300000	6.412198	-47.546868	0.000000	
160.350000	6.425216	-47.568207	0.000000	
160.400000	6.438221	-47.589554	0.000000	
160.450000	6.451240	-47.610893	0.000000	
160.500000	6.464276	-47.632222	0.000000	
160.550000	6.477329	-47.653539	0.000000	
160.600000	6.490382	-47.674858	0.000000	
160.650000	6.503424	-47.696182	0.000000	
160.700000	6.516451	-47.717517	0.000000	
160.750000	6.529452	-47.738866	0.000000	
160.800000	6.542429	-47.760230	0.000000	
160.850000	6.555376	-47.781613	0.000000	
160.900000	6.568286	-47.803019	0.000000	
160.950000	6.581172	-47.824439	0.000000	
161.000000	6.594058	-47.845860	0.000000	
161.050000	6.606951	-47.867276	0.000000	
161.100000	6.619854	-47.888686	0.000000	
161.150000	6.632767	-47.910090	0.000000	
161.200000	6.645702	-47.931480	0.000000	
161.250000	6.658678	-47.952845	0.000000	
161.300000	6.671698	-47.974183	0.000000	
161.350000	6.684763	-47.995494	0.000000	
161.400000	6.697854	-48.016791	0.000000	
161.450000	6.710952	-48.038083	0.000000	
161.500000	6.724044	-48.059378	0.000000	
161.550000	6.737116	-48.080686	0.000000	
161.600000	6.750156	-48.102013	0.000000	
161.650000	6.763168	-48.123356	0.000000	
161.700000	6.776162	-48.144711	0.000000	
161.750000	6.789125	-48.166083	0.000000	
161.800000	6.802054	-48.187474	0.000000	
161.850000	6.814952	-48.208884	0.000000	
161.900000	6.827826	-48.230307	0.000000	
161.950000	6.840669	-48.251747	0.000000	
162.000000	6.853466	-48.273215	0.000000	
162.050000	6.866209	-48.294714	0.000000	
162.100000	6.878896	-48.316248	0.000000	
162.150000	6.891545	-48.337805	0.000000	
162.200000	6.904142	-48.359392	0.000000	
162.250000	6.916690	-48.381009	0.000000	
162.300000	6.929180	-48.402660	0.000000	
162.350000	6.941617	-48.424344	0.000000	
162.400000	6.953999	-48.446060	0.000000	
162.450000	6.966334	-48.467803	0.000000	
162.500000	6.978620	-48.489574	0.000000	
162.550000	6.990870	-48.511366	0.000000	
162.600000	7.003107	-48.533165	0.000000	
162.650000	7.015332	-48.554971	0.000000	
162.700000	7.027553	-48.576779	0.000000	
162.750000	7.039761	-48.598595	0.000000	
162.800000	7.051967	-48.620412	0.000000	
162.850000	7.064194	-48.642217	0.000000	
162.900000	7.076424	-48.664020	0.000000	
162.950000	7.088653	-48.685825	0.000000	
163.000000	7.100898	-48.707620	0.000000	
163.050000	7.113152	-48.729410	0.000000	
163.100000	7.125424	-48.751190	0.000000	
163.150000	7.137695	-48.772969	0.000000	
163.200000	7.149968	-48.794749	0.000000	
163.250000	7.162249	-48.816524	0.000000	
163.300000	7.174521	-48.838303	0.000000	
163.350000	7.186797	-48.860081	0.000000	
163.400000	7.199077	-48.881856	0.000000	
163.450000	7.211384	-48.903616	0.000000	
163.500000	7.223717	-48.925361	0.000000	
163.550000	7.236106	-48.947074	0.000000	
163.600000	7.248539	-48.968762	0.000000	
163.650000	7.261011	-48.990426	0.000000	
163.700000	7.273542	-49.012054	0.000000	
163.750000	7.286151	-49.033634	0.000000	
163.800000	7.298865	-49.055147	0.000000	
163.850000	7.311703	-49.076581	0.000000	
163.900000	7.324665	-49.097933	0.000000	
163.950000	7.337784	-49.119180	0.000000	
164.000000	7.351083	-49.140305	0.000000	
164.050000	7.364580	-49.161286	0.000000	
164.100000	7.378315	-49.182091	0.000000	
164.150000	7.392302	-49.202701	0.000000	
164.200000	7.406562	-49.223098	0.000000	
164.250000	7.421093	-49.243280	0.000000	
164.300000	7.435915	-49.263226	0.000000	
164.350000	7.451044	-49.282928	0.000000	
164.400000	7.466482	-49.302378	0.000000	
164.450000	7.482246	-49.321553	0.000000	
164.500000	7.498336	-49.340447	0.000000	
164.550000	7.514768	-49.359041	0.000000	
164.600000	7.531524	-49.377346	0.000000	
164.650000	7.548610	-49.395350	0.000000	
164.700000	7.566027	-49.413050	0.000000	
164.750000	7.583765	-49.430441	0.000000	
164.800000	7.601795	-49.447550	0.000000	
164.850000	7.620092	-49.464399	0.000000	
164.900000	7.638634	-49.481007	0.000000	
164.950000	7.657418	-49.497371	0.000000	
165.000000	7.676416	-49.513517	0.000000	
165.050000	7.695609	-49.529457	0.000000	
165.100000	7.714975	-49.545204	0.000000	
165.150000	7.734491	-49.560779	0.000000	
165.200000	7.754138	-49.576195	0.000000	
165.250000	7.773907	-49.591460	0.000000	
165.300000	7.793800	-49.606569	0.000000	
165.350000	7.813806	-49.621531	0.000000	
165.400000	7.833927	-49.636343	0.000000	
165.450000	7.854155	-49.651011	0.000000	
165.500000	7.874466	-49.665567	0.000000	
165.550000	7.894853	-49.680016	0.000000	
165.600000	7.915306	-49.694370	0.000000	
165.650000	7.935830	-49.708622	0.000000	
165.700000	7.956423	-49.722772	0.000000	
165.750000	7.977083	-49.736820	0.000000	
165.800000	7.997805	-49.750772	0.000000	
165.850000	8.018594	-49.764622	0.000000	
165.900000	8.039465	-49.778347	0.000000	
165.950000	8.060424	-49.791935	0.000000	
166.000000	8.081465	-49.805399	0.000000	
166.050000	8.102588	-49.818737	0.000000	
166.100000	8.123798	-49.831940	0.000000	
166.150000	8.145090	-49.845012	0.000000	
166.200000	8.166467	-49.857947	0.000000	
166.250000	8.187918	-49.870758	0.000000	
166.300000	8.209446	-49.883440	0.000000	
166.350000	8.231033	-49.896023	0.000000	
166.400000	8.252668	-49.908525	0.000000	
166.450000	8.274339	-49.920968	0.000000	
166.500000	8.296049	-49.933345	0.000000	
166.550000	8.317810	-49.945635	0.000000	
166.600000	8.339625	-49.957831	0.000000	
166.650000	8.361485	-49.969948	0.000000	
166.700000	8.383390	-49.981987	0.000000	
166.750000	8.405338	-49.993949	0.000000	
166.800000	8.427316	-50.005855	0.000000	
166.850000	8.449314	-50.017726	0.000000	
166.900000	8.471342	-50.029542	0.000000	
166.950000	8.493386	-50.041329	0.000000	
167.000000	8.515444	-50.053090	0.000000	
167.050000	8.537526	-50.064806	0.000000	
167.100000	8.559630	-50.076483	0.000000	
167.150000	8.581739	-50.088148	0.000000	
167.200000	8.603851	-50.099810	0.000000	
167.250000	8.625952	-50.111492	0.000000	
167.300000	8.648047	-50.123185	0.000000	
167.350000	8.670138	-50.134885	0.000000	
167.400000	8.692228	-50.146588	0.000000	
167.450000	8.714322	-50.158283	0.000000	
167.500000	8.736424	-50.169964	0.000000	
167.550000	8.758527	-50.181643	0.000000	
167.600000	8.780627	-50.193329	0.000000	
167.650000	8.802721	-50.205025	0.000000	
167.700000	8.824816	-50.216719	0.000000	
167.750000	8.846916	-50.228404	0.000000	
167.800000	8.869011	-50.240098	0.000000	
167.850000	8.891101	-50.251802	0.000000	
167.900000	8.913193	-50.263501	0.000000	
167.950000	8.935285	-50.275202	0.000000	
168.000000	8.957384	-50.286888	0.000000	
168.050000	8.979496	-50.298550	0.000000	
168.100000	9.001607	-50.310213	0.000000	
168.150000	9.023730	-50.321853	0.000000	
168.200000	9.045871	-50.333458	0.000000	
168.250000	9.068026	-50.345035	0.000000	
168.300000	9.090197	-50.356583	0.000000	
168.350000	9.112381	-50.368106	0.000000	
168.400000	9.134566	-50.379627	0.000000	
168.450000	9.156764	-50.391122	0.000000	
168.500000	9.178977	-50.402588	0.000000	
168.550000	9.201215	-50.414008	0.000000	
168.600000	9.223480	-50.425374	0.000000	
168.650000	9.245776	-50.436679	0.000000	
168.700000	9.268094	-50.447939	0.000000	
168.750000	9.290425	-50.459176	0.000000	
168.800000	9.312762	-50.470397	0.000000	
168.850000	9.335119	-50.481581	0.000000	
168.900000	9.357495	-50.492726	0.000000	
168.950000	9.379897	-50.503819	0.000000	
169.000000	9.402318	-50.514873	0.000000	
169.050000	9.424756	-50.525894	0.000000	
169.100000	9.447205	-50.536891	0.000000	
169.150000	9.469668	-50.547860	0.000000	
169.200000	9.492131	-50.558830	0.000000	
169.250000	9.514585	-50.569815	0.000000	
169.300000	9.537037	-50.580807	0.000000	
169.350000	9.559489	-50.591799	0.000000	
169.400000	9.581933	-50.602805	0.000000	
169.450000	9.604366	-50.613830	0.000000	
169.500000	9.626791	-50.624875	0.000000	
169.550000	9.649213	-50.635922	0.000000	
169.600000	9.671634	-50.646973	0.000000	
169.650000	9.694055	-50.658025	0.000000	
169.700000	9.716476	-50.669074	0.000000	
169.750000	9.738900	-50.680118	0.000000	
169.800000	9.761337	-50.691136	0.000000	
169.850000	9.783786	-50.702128	0.000000	
169.900000	9.806248	-50.713091	0.000000	
169.950000	9.828734	-50.724002	0.000000	
170.000000	9.851230	-50.734891	0.000000	
170.050000	9.873743	-50.745741	0.000000	
170.100000	9.896280	-50.756539	0.000000	
170.150000	9.918830	-50.767308	0.000000	
170.200000	9.941391	-50.778053	0.000000	
170.250000	9.963964	-50.788771	0.000000	
170.300000	9.986558	-50.799449	0.000000	
170.350000	10.009174	-50.810081	0.000000	
170.400000	10.031810	-50.820670	0.000000	
170.450000	10.054477	-50.831198	0.000000	
170.500000	10.077176	-50.841662	0.000000	
170.550000	10.099895	-50.852083	0.000000	
170.600000	10.122621	-50.862492	0.000000	
170.650000	10.145356	-50.872883	0.000000	
170.700000	10.168095	-50.883267	0.000000	
170.750000	10.190827	-50.893664	0.000000	
170.800000	10.213549	-50.904082	0.000000	
170.850000	10.236255	-50.914532	0.000000	
170.900000	10.258941	-50.925026	0.000000	
170.950000	10.281590	-50.935593	0.000000	
171.000000	10.304191	-50.946263	0.000000	
171.050000	10.326742	-50.957032	0.000000	
171.100000	10.349243	-50.967903	0.000000	
171.150000	10.371694	-50.978878	0.000000	
171.200000	10.394106	-50.989936	0.000000	
171.250000	10.416485	-51.001061	0.000000	
171.300000	10.438836	-51.012240	0.000000	
171.350000	10.461165	-51.023466	0.000000	
171.400000	10.483468	-51.034745	0.000000	
171.450000	10.505752	-51.046063	0.000000	
171.500000	10.528013	-51.057428	0.000000	
171.550000	10.550260	-51.068823	0.000000	
171.600000	10.572490	-51.080252	0.000000	
171.650000	10.594702	-51.091717	0.000000	
171.700000	10.616894	-51.103222	0.000000	
171.750000	10.639064	-51.114770	0.000000	
171.800000	10.661210	-51.126366	0.000000	
171.850000	10.683335	-51.138001	0.000000	
171.900000	10.705442	-51.149671	0.000000	
171.950000	10.727533	-51.161372	0.000000	
172.000000	10.749616	-51.173087	0.000000	
172.050000	10.771693	-51.184815	0.000000	
172.100000	10.793764	-51.196552	0.000000	
172.150000	10.815818	-51.208319	0.000000	
172.200000	10.837851	-51.220124	0.000000	
172.250000	10.859856	-51.231978	0.000000	
172.300000	10.881834	-51.243880	0.000000	
172.350000	10.903792	-51.255819	0.000000	
172.400000	10.925724	-51.267806	0.000000	
172.450000	10.947629	-51.279842	0.000000	
172.500000	10.969507	-51.291928	0.000000	
172.550000	10.991368	-51.304046	0.000000	
172.600000	11.013203	-51.316213	0.000000	
172.650000	11.035011	-51.328429	0.000000	
172.700000	11.056807	-51.340667	0.000000	
172.750000	11.078582	-51.352944	0.000000	
172.800000	11.100343	-51.365247	0.000000	
172.850000	11.122093	-51.377569	0.000000	
172.900000	11.143839	-51.389900	0.000000	
172.950000	11.165571	-51.402255	0.000000	
173.000000	11.187289	-51.414635	0.000000	
173.050000	11.208996	-51.427034	0.000000	
173.100000	11.230695	-51.439448	0.000000	
173.150000	11.252398	-51.451855	0.000000	
173.200000	11.274114	-51.464239	0.000000	
173.250000	11.295847	-51.476594	0.000000	
173.300000	11.317595	-51.488921	0.000000	
173.350000	11.339360	-51.501220	0.000000	
173.400000	11.361128	-51.513513	0.000000	
173.450000	11.382903	-51.525793	0.000000	
173.500000	11.404686	-51.538061	0.000000	
173.550000	11.426474	-51.550317	0.000000	
173.600000	11.448253	-51.562591	0.000000	
173.650000	11.470022	-51.574883	0.000000	
173.700000	11.491792	-51.587173	0.000000	
173.750000	11.513556	-51.599473	0.000000	
173.800000	11.535318	-51.611777	0.000000	
173.850000	11.557065	-51.624106	0.000000	
173.900000	11.578794	-51.636468	0.000000	
173.950000	11.600499	-51.648871	0.000000	
174.000000	11.622190	-51.661295	0.000000	
174.050000	11.643874	-51.673734	0.000000	
174.100000	11.665544	-51.686196	0.000000	
174.150000	11.687205	-51.698674	0.000000	
174.200000	11.708847	-51.711182	0.000000	
174.250000	11.730472	-51.723723	0.000000	
174.300000	11.752071	-51.736307	0.000000	
174.350000	11.773643	-51.748937	0.000000	
174.400000	11.795184	-51.761621	0.000000	
174.450000	11.816706	-51.774336	0.000000	
174.500000	11.838204	-51.787092	0.000000	
174.550000	11.859670	-51.799902	0.000000	
174.600000	11.881092	-51.812783	0.000000	
174.650000	11.902486	-51.825714	0.000000	
174.700000	11.923852	-51.838688	0.000000	
174.750000	11.945193	-51.851706	0.000000	
174.800000	11.966502	-51.864774	0.000000	
174.850000	11.987788	-51.877881	0.000000	
174.900000	12.009060	-51.891011	0.000000	
174.950000	12.030316	-51.904168	0.000000	
175.000000	12.051560	-51.917345	0.000000	
175.050000	12.072792	-51.930539	0.000000	
175.100000	12.094012	-51.943754	0.000000	
175.150000	12.115215	-51.956997	0.000000	
175.200000	12.136407	-51.970257	0.000000	
175.250000	12.157599	-51.983518	0.000000	
175.300000	12.178779	-51.996798	0.000000	
175.350000	12.199956	-52.010083	0.000000	
175.400000	12.221135	-52.023365	0.000000	
175.450000	12.242327	-52.036624	0.000000	
175.500000	12.263519	-52.049886	0.000000	
175.550000	12.284710	-52.063147	0.000000	
175.600000	12.305903	-52.076406	0.000000	
175.650000	12.327102	-52.089657	0.000000	
175.700000	12.348300	-52.102907	0.000000	
175.750000	12.369500	-52.116155	0.000000	
175.800000	12.390693	-52.129414	0.000000	
175.850000	12.411881	-52.142681	0.000000	
175.900000	12.433049	-52.155978	0.000000	
175.950000	12.454204	-52.169295	0.000000	
176.000000	12.475353	-52.182624	0.000000	
176.050000	12.496494	-52.195963	0.000000	
176.100000	12.517631	-52.209310	0.000000	
176.150000	12.538766	-52.222658	0.000000	
176.200000	12.559904	-52.236002	0.000000	
176.250000	12.581029	-52.249368	0.000000	
176.300000	12.602132	-52.262767	0.000000	
176.350000	12.623220	-52.276191	0.000000	
176.400000	12.644297	-52.289632	0.000000	
176.450000	12.665363	-52.303091	0.000000	
176.500000	12.686412	-52.316577	0.000000	
176.550000	12.707449	-52.330083	0.000000	
176.600000	12.728468	-52.343616	0.000000	
176.650000	12.749485	-52.357154	0.000000	
176.700000	12.770497	-52.370698	0.000000	
176.750000	12.791506	-52.384248	0.000000	
176.800000	12.812511	-52.397804	0.000000	
176.850000	12.833520	-52.411353	0.000000	
176.900000	12.854524	-52.424911	0.000000	
176.950000	12.875536	-52.438455	0.000000	
177.000000	12.896557	-52.451986	0.000000	
177.050000	12.917588	-52.465502	0.000000	
177.100000	12.938617	-52.479020	0.000000	
177.150000	12.959639	-52.492550	0.000000	
177.200000	12.980659	-52.506083	0.000000	
177.250000	13.001677	-52.519618	0.000000	
177.300000	13.022697	-52.533150	0.000000	
177.350000	13.043725	-52.546671	0.000000	
177.400000	13.064772	-52.560162	0.000000	
177.450000	13.085833	-52.573628	0.000000	
177.500000	13.106914	-52.587064	0.000000	
177.550000	13.128019	-52.600460	0.000000	
177.600000	13.149159	-52.613797	0.000000	
177.650000	13.170347	-52.627055	0.000000	
177.700000	13.191567	-52.640259	0.000000	
177.750000	13.212827	-52.653396	0.000000	
177.800000	13.234132	-52.666459	0.000000	
177.850000	13.255479	-52.679450	0.000000	
177.900000	13.276861	-52.692384	0.000000	
177.950000	13.298285	-52.705248	0.000000	
178.000000	13.319752	-52.718042	0.000000	
178.050000	13.341255	-52.730775	0.000000	
178.100000	13.362791	-52.743453	0.000000	
178.150000	13.384371	-52.756057	0.000000	
178.200000	13.405990	-52.768599	0.000000	
178.250000	13.427638	-52.781091	0.000000	
178.300000	13.449318	-52.793529	0.000000	
178.350000	13.471043	-52.805892	0.000000	
178.400000	13.492802	-52.818198	0.000000	
178.450000	13.514585	-52.830463	0.000000	
178.500000	13.536394	-52.842683	0.000000	
178.550000	13.558231	-52.854853	0.000000	
178.600000	13.580091	-52.866982	0.000000	
178.650000	13.601961	-52.879091	0.000000	
178.700000	13.623835	-52.891194	0.000000	
178.750000	13.645719	-52.903278	0.000000	
178.800000	13.667608	-52.915355	0.000000	
178.850000	13.689497	-52.927430	0.000000	
178.900000	13.711395	-52.939489	0.000000	
178.950000	13.733312	-52.951513	0.000000	
179.000000	13.755239	-52.963518	0.000000	
179.050000	13.777169	-52.975518	0.000000	
179.100000	13.799106	-52.987507	0.000000	
179.150000	13.821054	-52.999475	0.000000	
179.200000	13.843005	-53.011437	0.000000	
179.250000	13.864965	-53.023384	0.000000	
179.300000	13.886936	-53.035310	0.000000	
179.350000	13.908923	-53.047206	0.000000	
179.400000	13.930922	-53.059081	0.000000	
179.450000	13.952937	-53.070924	0.000000	
179.500000	13.974968	-53.082740	0.000000	
179.550000	13.997010	-53.094534	0.000000	
179.600000	14.019050	-53.106333	0.000000	
179.650000	14.041085	-53.118141	0.000000	
179.700000	14.063116	-53.129955	0.000000	
179.750000	14.085149	-53.141768	0.000000	
179.800000	14.107175	-53.153591	0.000000	
179.850000	14.129191	-53.165433	0.000000	
179.900000	14.151200	-53.177288	0.000000	
179.950000	14.173187	-53.189182	0.000000	
180.000000	14.195148	-53.201124	0.000000	
180.050000	14.217089	-53.213102	0.000000	
180.100000	14.239019	-53.225097	0.000000	
180.150000	14.260930	-53.237128	0.000000	
180.200000	14.282825	-53.249187	0.000000	
180.250000	14.304707	-53.261270	0.000000	
180.300000	14.326569	-53.273388	0.000000	
180.350000	14.348410	-53.285542	0.000000	
180.400000	14.370228	-53.297739	0.000000	
180.450000	14.392015	-53.309992	0.000000	
180.500000	14.413773	-53.322296	0.000000	
180.550000	14.435512	-53.334636	0.000000	
180.600000	14.457230	-53.347014	0.000000	
180.650000	14.478935	-53.359416	0.000000	
180.700000	14.500623	-53.371849	0.000000	
180.750000	14.522296	-53.384308	0.000000	
180.800000	14.543963	-53.396778	0.000000	
180.850000	14.565629	-53.409250	0.000000	
180.900000	14.587299	-53.421715	0.000000	
180.950000	14.608964	-53.434189	0.000000	
181.000000	14.630638	-53.446648	0.000000	
181.050000	14.652317	-53.459096	0.000000	
181.100000	14.673999	-53.471541	0.000000	
181.150000	14.695671	-53.484002	0.000000	
181.200000	14.717335	-53.496476	0.000000	
181.250000	14.738986	-53.508973	0.000000	
181.300000	14.760633	-53.521476	0.000000	
181.350000	14.782291	-53.533962	0.000000	
181.400000	14.803964	-53.546420	0.000000	
181.450000	14.825663	-53.558831	0.000000	
181.500000	14.847395	-53.571184	0.000000	
181.550000	14.869169	-53.583455	0.000000	
181.600000	14.890989	-53.595639	0.000000	
181.650000	14.912869	-53.607703	0.000000	
181.700000	14.934820	-53.619616	0.000000	
181.750000	14.956861	-53.631335	0.000000	
181.800000	14.979001	-53.642833	0.000000	
181.850000	15.001244	-53.654086	0.000000	
181.900000	15.023599	-53.665056	0.000000	
181.950000	15.046078	-53.675705	0.000000	
182.000000	15.068693	-53.685982	0.000000	
182.050000	15.091444	-53.695876	0.000000	
182.100000	15.114339	-53.705350	0.000000	
182.150000	15.137389	-53.714353	0.000000	
182.200000	15.160601	-53.722851	0.000000	
182.250000	15.183981	-53.730817	0.000000	
182.300000	15.207527	-53.738235	0.000000	
182.350000	15.231238	-53.745096	0.000000	
182.400000	15.255103	-53.751407	0.000000	
182.450000	15.279116	-53.757164	0.000000	
182.500000	15.303264	-53.762383	0.000000	
182.550000	15.327545	-53.767063	0.000000	
182.600000	15.351944	-53.771232	0.000000	
182.650000	15.376455	-53.774896	0.000000	
182.700000	15.401061	-53.778075	0.000000	
182.750000	15.425750	-53.780787	0.000000	
182.800000	15.450507	-53.783061	0.000000	
182.850000	15.475324	-53.784934	0.000000	
182.900000	15.500189	-53.786448	0.000000	
182.950000	15.525091	-53.787623	0.000000	
183.000000	15.550020	-53.788490	0.000000	
183.050000	15.574969	-53.789086	0.000000	
183.100000	15.599935	-53.789453	0.000000	
183.150000	15.624912	-53.789631	0.000000	
183.200000	15.649896	-53.789657	0.000000	
183.250000	15.674884	-53.789571	0.000000	
183.300000	15.699875	-53.789379	0.000000	
183.350000	15.724868	-53.789101	0.000000	
183.400000	15.749861	-53.788771	0.000000	
183.450000	15.774855	-53.788390	0.000000	
183.500000	15.799849	-53.787977	0.000000	
183.550000	15.824843	-53.787529	0.000000	
183.600000	15.849837	-53.787060	0.000000	
183.650000	15.874830	-53.786568	0.000000	
183.700000	15.899824	-53.786054	0.000000	
183.750000	15.924817	-53.785540	0.000000	
183.800000	15.949811	-53.785056	0.000000	
183.850000	15.974806	-53.784619	0.000000	
183.900000	15.999800	-53.784241	0.000000	
183.950000	16.024794	-53.783911	0.000000	
184.000000	16.049789	-53.783639	0.000000	
184.050000	16.074785	-53.783436	0.000000	
184.100000	16.099782	-53.783291	0.000000	
184.150000	16.124779	-53.783199	0.000000	
184.200000	16.149776	-53.783148	0.000000	
184.250000	16.174773	-53.783146	0.000000	
184.300000	16.199770	-53.783179	0.000000	
184.350000	16.224766	-53.783273	0.000000	
184.400000	16.249762	-53.783441	0.000000	
184.450000	16.274757	-53.783658	0.000000	
184.500000	16.299751	-53.783915	0.000000	
184.550000	16.324745	-53.784231	0.000000	
184.600000	16.349738	-53.784601	0.000000	
184.650000	16.374732	-53.785010	0.000000	
184.700000	16.399725	-53.785452	0.000000	
184.750000	16.424718	-53.785928	0.000000	
184.800000	16.449712	-53.786440	0.000000	
184.850000	16.474705	-53.786966	0.000000	
184.900000	16.499698	-53.787496	0.000000	
184.950000	16.524692	-53.788009	0.000000	
185.000000	16.549686	-53.788498	0.000000	
185.050000	16.574680	-53.788985	0.000000	
185.100000	16.599674	-53.789461	0.000000	
185.150000	16.624667	-53.789944	0.000000	
185.200000	16.649662	-53.790413	0.000000	
185.250000	16.674656	-53.790854	0.000000	
185.300000	16.699650	-53.791275	0.000000	
185.350000	16.724645	-53.791675	0.000000	
185.400000	16.749640	-53.792066	0.000000	
185.450000	16.774636	-53.792443	0.000000	
185.500000	16.799631	-53.792824	0.000000	
185.550000	16.824626	-53.793218	0.000000	
185.600000	16.849622	-53.793608	0.000000	
185.650000	16.874617	-53.794000	0.000000	
185.700000	16.899611	-53.794406	0.000000	
185.750000	16.924605	-53.794848	0.000000	
185.800000	16.949597	-53.795343	0.000000	
185.850000	16.974588	-53.795875	0.000000	
185.900000	16.999577	-53.796468	0.000000	
185.950000	17.024563	-53.797117	0.000000	
186.000000	17.049547	-53.797844	0.000000	
186.050000	17.074527	-53.798651	0.000000	
186.100000	17.099506	-53.799510	0.000000	
186.150000	17.124484	-53.800419	0.000000	
186.200000	17.149460	-53.801361	0.000000	
186.250000	17.174435	-53.802353	0.000000	
186.300000	17.199408	-53.803423	0.000000	
186.350000	17.224380	-53.804549	0.000000	
186.400000	17.249350	-53.805727	0.000000	
186.450000	17.274319	-53.806943	0.000000	
186.500000	17.299286	-53.808181	0.000000	
186.550000	17.324254	-53.809419	0.000000	
186.600000	17.349222	-53.810650	0.000000	
186.650000	17.374190	-53.811888	0.000000	
186.700000	17.399157	-53.813127	0.000000	
186.750000	17.424125	-53.814357	0.000000	
186.800000	17.449094	-53.815556	0.000000	
186.850000	17.474065	-53.816699	0.000000	
186.900000	17.499037	-53.817787	0.000000	
186.950000	17.524011	-53.818810	0.000000	
187.000000	17.548987	-53.819765	0.000000	
187.050000	17.573966	-53.820625	0.000000	
187.100000	17.598949	-53.821396	0.000000	
187.150000	17.623933	-53.822095	0.000000	
187.200000	17.648918	-53.822731	0.000000	
187.250000	17.673905	-53.823321	0.000000	
187.300000	17.698893	-53.823838	0.000000	
187.350000	17.723883	-53.824274	0.000000	
187.400000	17.748874	-53.824622	0.000000	
187.450000	17.773866	-53.824876	0.000000	
187.500000	17.798859	-53.825024	0.000000	
187.550000	17.823853	-53.825078	0.000000	
187.600000	17.848848	-53.825057	0.000000	
187.650000	17.873843	-53.824990	0.000000	
187.700000	17.898839	-53.824877	0.000000	
187.750000	17.923836	-53.824741	0.000000	
187.800000	17.948833	-53.824595	0.000000	
187.850000	17.973829	-53.824464	0.000000	
187.900000	17.998825	-53.824357	0.000000	
187.950000	18.023821	-53.824272	0.000000	
188.000000	18.048817	-53.824204	0.000000	
188.050000	18.073812	-53.824155	0.000000	
188.100000	18.098807	-53.824139	0.000000	
188.150000	18.123802	-53.824178	0.000000	
188.200000	18.148794	-53.824284	0.000000	
188.250000	18.173786	-53.824443	0.000000	
188.300000	18.198776	-53.824656	0.000000	
188.350000	18.223766	-53.824934	0.000000	
188.400000	18.248754	-53.825273	0.000000	
188.450000	18.273741	-53.825699	0.000000	
188.500000	18.298727	-53.826219	0.000000	
188.550000	18.323713	-53.826835	0.000000	
188.600000	18.348697	-53.827552	0.000000	
188.650000	18.373681	-53.828351	0.000000	
188.700000	18.398662	-53.829232	0.000000	
188.750000	18.423641	-53.830191	0.000000	
188.800000	18.448617	-53.831222	0.000000	
188.850000	18.473588	-53.832329	0.000000	
188.900000	18.498555	-53.833517	0.000000	
188.950000	18.523515	-53.834802	0.000000	
189.000000	18.548467	-53.836204	0.000000	
189.050000	18.573413	-53.837711	0.000000	
189.100000	18.598352	-53.839319	0.000000	
189.150000	18.623283	-53.841039	0.000000	
189.200000	18.648207	-53.842845	0.000000	
189.250000	18.673127	-53.844717	0.000000	
189.300000	18.698040	-53.846671	0.000000	
189.350000	18.722948	-53.848695	0.000000	
189.400000	18.747851	-53.850783	0.000000	
189.450000	18.772751	-53.852925	0.000000	
189.500000	18.797648	-53.855110	0.000000	
189.550000	18.822540	-53.857349	0.000000	
189.600000	18.847428	-53.859656	0.000000	
189.650000	18.872312	-53.862013	0.000000	
189.700000	18.897192	-53.864434	0.000000	
189.750000	18.922066	-53.866913	0.000000	
189.800000	18.946936	-53.869447	0.000000	
189.850000	18.971801	-53.872030	0.000000	
189.900000	18.996663	-53.874643	0.000000	
189.950000	19.021525	-53.877261	0.000000	
190.000000	19.046386	-53.879883	0.000000	
190.050000	19.071247	-53.882507	0.000000	
190.100000	19.096105	-53.885156	0.000000	
190.150000	19.120957	-53.887852	0.000000	
190.200000	19.145806	-53.890573	0.000000	
190.250000	19.170649	-53.893337	0.000000	
190.300000	19.195488	-53.896138	0.000000	
190.350000	19.220321	-53.898981	0.000000	
190.400000	19.245151	-53.901851	0.000000	
190.450000	19.269977	-53.904765	0.000000	
190.500000	19.294799	-53.907709	0.000000	
190.550000	19.319620	-53.910658	0.000000	
190.600000	19.344444	-53.913584	0.000000	
190.650000	19.369271	-53.916463	0.000000	
190.700000	19.394103	-53.919283	0.000000	
190.750000	19.418940	-53.922035	0.000000	
190.800000	19.443783	-53.924679	0.000000	
190.850000	19.468634	-53.927199	0.000000	
190.900000	19.493492	-53.929574	0.000000	
190.950000	19.518358	-53.931796	0.000000	
191.000000	19.543228	-53.933854	0.000000	
191.050000	19.568105	-53.935718	0.000000	
191.100000	19.592985	-53.937333	0.000000	
191.150000	19.617869	-53.938674	0.000000	
191.200000	19.642757	-53.939699	0.000000	
191.250000	19.667643	-53.940386	0.000000	
191.300000	19.692525	-53.940692	0.000000	
191.350000	19.717393	-53.940594	0.000000	
191.400000	19.742241	-53.940043	0.000000	
191.450000	19.767058	-53.939028	0.000000	
191.500000	19.791842	-53.937540	0.000000	
191.550000	19.816579	-53.935560	0.000000	
191.600000	19.841257	-53.933084	0.000000	
191.650000	19.865871	-53.930122	0.000000	
191.700000	19.890408	-53.926660	0.000000	
191.750000	19.914865	-53.922709	0.000000	
191.800000	19.939240	-53.918271	0.000000	
191.850000	19.963532	-53.913374	0.000000	
191.900000	19.987742	-53.908030	0.000000	
191.950000	20.011864	-53.902252	0.000000	
192.000000	20.035902	-53.896056	0.000000	
192.050000	20.059852	-53.889453	0.000000	
192.100000	20.083712	-53.882451	0.000000	
192.150000	20.107482	-53.875090	0.000000	
192.200000	20.131162	-53.867382	0.000000	
192.250000	20.154750	-53.859339	0.000000	
192.300000	20.178251	-53.850992	0.000000	
192.350000	20.201674	-53.842385	0.000000	
192.400000	20.225030	-53.833558	0.000000	
192.450000	20.248327	-53.824551	0.000000	
192.500000	20.271567	-53.815382	0.000000	
192.550000	20.294756	-53.806065	0.000000	
192.600000	20.317903	-53.796636	0.000000	
192.650000	20.341024	-53.787137	0.000000	
192.700000	20.364118	-53.777570	0.000000	
192.750000	20.387198	-53.767965	0.000000	
192.800000	20.410269	-53.758341	0.000000	
192.850000	20.433337	-53.748709	0.000000	
192.900000	20.456398	-53.739057	0.000000	
192.950000	20.479448	-53.729381	0.000000	
193.000000	20.502492	-53.719691	0.000000	
193.050000	20.525535	-53.709994	0.000000	
193.100000	20.548572	-53.700285	0.000000	
193.150000	20.571605	-53.690569	0.000000	
193.200000	20.594638	-53.680851	0.000000	
193.250000	20.617674	-53.671140	0.000000	
193.300000	20.640715	-53.661439	0.000000	
193.350000	20.663765	-53.651760	0.000000	
193.400000	20.686821	-53.642096	0.000000	
193.450000	20.709883	-53.632448	0.000000	
193.500000	20.732947	-53.622804	0.000000	
193.550000	20.756018	-53.613175	0.000000	
193.600000	20.779088	-53.603544	0.000000	
193.650000	20.802164	-53.593928	0.000000	
193.700000	20.825242	-53.584318	0.000000	
193.750000	20.848330	-53.574731	0.000000	
193.800000	20.871424	-53.565159	0.000000	
193.850000	20.894520	-53.555590	0.000000	
193.900000	20.917615	-53.546020	0.000000	
193.950000	20.940715	-53.536461	0.000000	
194.000000	20.963813	-53.526900	0.000000	
194.050000	20.986907	-53.517327	0.000000	
194.100000	21.009989	-53.507728	0.000000	
194.150000	21.033071	-53.498127	0.000000	
194.200000	21.056148	-53.488515	0.000000	
194.250000	21.079215	-53.478880	0.000000	
194.300000	21.102266	-53.469208	0.000000	
194.350000	21.125309	-53.459519	0.000000	
194.400000	21.148339	-53.449799	0.000000	
194.450000	21.171361	-53.440058	0.000000	
194.500000	21.194371	-53.430292	0.000000	
194.550000	21.217378	-53.420516	0.000000	
194.600000	21.240388	-53.410748	0.000000	
194.650000	21.263410	-53.401010	0.000000	
194.700000	21.286433	-53.391274	0.000000	
194.750000	21.309453	-53.381532	0.000000	
194.800000	21.332465	-53.371768	0.000000	
194.850000	21.355462	-53.361971	0.000000	
194.900000	21.378446	-53.352143	0.000000	
194.950000	21.401422	-53.342295	0.000000	
195.000000	21.424389	-53.332426	0.000000	
195.050000	21.447358	-53.322560	0.000000	
195.100000	21.470332	-53.312707	0.000000	
195.150000	21.493317	-53.302880	0.000000	
195.200000	21.516316	-53.293087	0.000000	
195.250000	21.539335	-53.283342	0.000000	
195.300000	21.562377	-53.273653	0.000000	
195.350000	21.585450	-53.264037	0.000000	
195.400000	21.608550	-53.254486	0.000000	
195.450000	21.631672	-53.244991	0.000000	
195.500000	21.654817	-53.235550	0.000000	
195.550000	21.677977	-53.226144	0.000000	
195.600000	21.701153	-53.216782	0.000000	
195.650000	21.724345	-53.207457	0.000000	
195.700000	21.747539	-53.198139	0.000000	
195.750000	21.770735	-53.188826	0.000000	
195.800000	21.793941	-53.179538	0.000000	
195.850000	21.817166	-53.170298	0.000000	
195.900000	21.840412	-53.161108	0.000000	
195.950000	21.863683	-53.151980	0.000000	
196.000000	21.886972	-53.142896	0.000000	
196.050000	21.910275	-53.133846	0.000000	
196.100000	21.933591	-53.124830	0.000000	
196.150000	21.956918	-53.115841	0.000000	
196.200000	21.980246	-53.106853	0.000000	
196.250000	22.003573	-53.097864	0.000000	
196.300000	22.026896	-53.088862	0.000000	
196.350000	22.050221	-53.079867	0.000000	
196.400000	22.073546	-53.070872	0.000000	
196.450000	22.096864	-53.061859	0.000000	
196.500000	22.120180	-53.052841	0.000000	
196.550000	22.143490	-53.043807	0.000000	
196.600000	22.166798	-53.034769	0.000000	
196.650000	22.190105	-53.025728	0.000000	
196.700000	22.213404	-53.016666	0.000000	
196.750000	22.236699	-53.007593	0.000000	
196.800000	22.260001	-52.998538	0.000000	
196.850000	22.283309	-52.989500	0.000000	
196.900000	22.306622	-52.980473	0.000000	
196.950000	22.329946	-52.971477	0.000000	
197.000000	22.353274	-52.962492	0.000000	
197.050000	22.376604	-52.953513	0.000000	
197.100000	22.399935	-52.944536	0.000000	
197.150000	22.423260	-52.935544	0.000000	
197.200000	22.446575	-52.926527	0.000000	
197.250000	22.469885	-52.917498	0.000000	
197.300000	22.493180	-52.908431	0.000000	
197.350000	22.516458	-52.899324	0.000000	
197.400000	22.539716	-52.890168	0.000000	
197.450000	22.562954	-52.880965	0.000000	
197.500000	22.586177	-52.871725	0.000000	
197.550000	22.609387	-52.862453	0.000000	
197.600000	22.632584	-52.853151	0.000000	
197.650000	22.655773	-52.843827	0.000000	
197.700000	22.678949	-52.834469	0.000000	
197.750000	22.702109	-52.825074	0.000000	
197.800000	22.725259	-52.815654	0.000000	
197.850000	22.748388	-52.806183	0.000000	
197.900000	22.771488	-52.796642	0.000000	
197.950000	22.794554	-52.787019	0.000000	
198.000000	22.817587	-52.777310	0.000000	
198.050000	22.840582	-52.767511	0.000000	
198.100000	22.863551	-52.757645	0.000000	
198.150000	22.886494	-52.747720	0.000000	
198.200000	22.909416	-52.737744	0.000000	
198.250000	22.932324	-52.727736	0.000000	
198.300000	22.955224	-52.717711	0.000000	
198.350000	22.978125	-52.707686	0.000000	
198.400000	23.001036	-52.697686	0.000000	
198.450000	23.023960	-52.687716	0.000000	
198.500000	23.046897	-52.677775	0.000000	
198.550000	23.069851	-52.667879	0.000000	
198.600000	23.092824	-52.658028	0.000000	
198.650000	23.115818	-52.648232	0.000000	
198.700000	23.138832	-52.638486	0.000000	
198.750000	23.161869	-52.628798	0.000000	
198.800000	23.184932	-52.619178	0.000000	
198.850000	23.208024	-52.609631	0.000000	
198.900000	23.231145	-52.600158	0.000000	
198.950000	23.254294	-52.590753	0.000000	
199.000000	23.277477	-52.581433	0.000000	
199.050000	23.300695	-52.572200	0.000000	
199.100000	23.323956	-52.563073	0.000000	
199.150000	23.347253	-52.554040	0.000000	
199.200000	23.370593	-52.545114	0.000000	
199.250000	23.393975	-52.536292	0.000000	
199.300000	23.417392	-52.527559	0.000000	
199.350000	23.440843	-52.518913	0.000000	
199.400000	23.464329	-52.510359	0.000000	
199.450000	23.487839	-52.501868	0.000000	
199.500000	23.511373	-52.493440	0.000000	
199.550000	23.534928	-52.485069	0.000000	
199.600000	23.558504	-52.476756	0.000000	
199.650000	23.582096	-52.468490	0.000000	
199.700000	23.605702	-52.460262	0.000000	
199.750000	23.629322	-52.452076	0.000000	
199.800000	23.652953	-52.443920	0.000000	
199.850000	23.676592	-52.435789	0.000000	
199.900000	23.700239	-52.427683	0.000000	
199.950000	23.723901	-52.419617	0.000000	
200.000000	23.747583	-52.411613	0.000000	
200.050000	23.771282	-52.403658	0.000000	
200.100000	23.794994	-52.395743	0.000000	
200.150000	23.818717	-52.387860	0.000000	
200.200000	23.842446	-52.379995	0.000000	
200.250000	23.866183	-52.372153	0.000000	
200.300000	23.889935	-52.364357	0.000000	
200.350000	23.913706	-52.356624	0.000000	
200.400000	23.937499	-52.348958	0.000000	
200.450000	23.961311	-52.341356	0.000000	
200.500000	23.985151	-52.333842	0.000000	
200.550000	24.009011	-52.326397	0.000000	
200.600000	24.032888	-52.319004	0.000000	
200.650000	24.056772	-52.311632	0.000000	
200.700000	24.080665	-52.304287	0.000000	
200.750000	24.104566	-52.296970	0.000000	
200.800000	24.128472	-52.289668	0.000000	
200.850000	24.152385	-52.282387	0.000000	
200.900000	24.176310	-52.275147	0.000000	
200.950000	24.200250	-52.267955	0.000000	
201.000000	24.224205	-52.260814	0.000000	
201.050000	24.248169	-52.253702	0.000000	
201.100000	24.272140	-52.246616	0.000000	
201.150000	24.296117	-52.239545	0.000000	
201.200000	24.320101	-52.232500	0.000000	
201.250000	24.344100	-52.225504	0.000000	
201.300000	24.368111	-52.218550	0.000000	
201.350000	24.392129	-52.211617	0.000000	
201.400000	24.416153	-52.204706	0.000000	
201.450000	24.440183	-52.197821	0.000000	
201.500000	24.464219	-52.190953	0.000000	
201.550000	24.488258	-52.184098	0.000000	
201.600000	24.512307	-52.177286	0.000000	
201.650000	24.536369	-52.170519	0.000000	
201.700000	24.560445	-52.163800	0.000000	
201.750000	24.584535	-52.157132	0.000000	
201.800000	24.608634	-52.150493	0.000000	
201.850000	24.632745	-52.143901	0.000000	
201.900000	24.656874	-52.137369	0.000000	
201.950000	24.681016	-52.130886	0.000000	
202.000000	24.705167	-52.124437	0.000000	
202.050000	24.729325	-52.118016	0.000000	
202.100000	24.753491	-52.111624	0.000000	
202.150000	24.777667	-52.105270	0.000000	
202.200000	24.801858	-52.098969	0.000000	
202.250000	24.826062	-52.092717	0.000000	
202.300000	24.850279	-52.086516	0.000000	
202.350000	24.874507	-52.080357	0.000000	
202.400000	24.898746	-52.074240	0.000000	
202.450000	24.922994	-52.068160	0.000000	
202.500000	24.947249	-52.062106	0.000000	
202.550000	24.971512	-52.056088	0.000000	
202.600000	24.995787	-52.050118	0.000000	
202.650000	25.020069	-52.044186	0.000000	
202.700000	25.044365	-52.038310	0.000000	
202.750000	25.068672	-52.032486	0.000000	
202.800000	25.092992	-52.026710	0.000000	
202.850000	25.117325	-52.020992	0.000000	
202.900000	25.141670	-52.015323	0.000000	
202.950000	25.166023	-52.009682	0.000000	
203.000000	25.190385	-52.004085	0.000000	
203.050000	25.214759	-51.998543	0.000000	
203.100000	25.239144	-51.993048	0.000000	
203.150000	25.263545	-51.987625	0.000000	
203.200000	25.287962	-51.982276	0.000000	
203.250000	25.312392	-51.976984	0.000000	
203.300000	25.336836	-51.971756	0.000000	
203.350000	25.361290	-51.966574	0.000000	
203.400000	25.385749	-51.961413	0.000000	
203.450000	25.410207	-51.956252	0.000000	
203.500000	25.434660	-51.951069	0.000000	
203.550000	25.459104	-51.945848	0.000000	
203.600000	25.483526	-51.940547	0.000000	
203.650000	25.507920	-51.935133	0.000000	
203.700000	25.532268	-51.929558	0.000000	
203.750000	25.556560	-51.923787	0.000000	
203.800000	25.580779	-51.917790	0.000000	
203.850000	25.604905	-51.911524	0.000000	
203.900000	25.628927	-51.904970	0.000000	
203.950000	25.652834	-51.898108	0.000000	
204.000000	25.676611	-51.890910	0.000000	
204.050000	25.700229	-51.883320	0.000000	
204.100000	25.723664	-51.875293	0.000000	
204.150000	25.746887	-51.866791	0.000000	
204.200000	25.769880	-51.857782	0.000000	
204.250000	25.792614	-51.848228	0.000000	
204.300000	25.815073	-51.838116	0.000000	
204.350000	25.837227	-51.827405	0.000000	
204.400000	25.859049	-51.816073	0.000000	
204.450000	25.880518	-51.804122	0.000000	
204.500000	25.901635	-51.791576	0.000000	
204.550000	25.922403	-51.778449	0.000000	
204.600000	25.942808	-51.764740	0.000000	
204.650000	25.962852	-51.750468	0.000000	
204.700000	25.982539	-51.735654	0.000000	
204.750000	26.001870	-51.720325	0.000000	
204.800000	26.020861	-51.704518	0.000000	
204.850000	26.039532	-51.688281	0.000000	
204.900000	26.057896	-51.671650	0.000000	
204.950000	26.075956	-51.654644	0.000000	
205.000000	26.093732	-51.637289	0.000000	
205.050000	26.111239	-51.619615	0.000000	
205.100000	26.128513	-51.601672	0.000000	
205.150000	26.145577	-51.583493	0.000000	
205.200000	26.162464	-51.565125	0.000000	
205.250000	26.179199	-51.546594	0.000000	
205.300000	26.195801	-51.527930	0.000000	
205.350000	26.212290	-51.509154	0.000000	
205.400000	26.228698	-51.490299	0.000000	
205.450000	26.245059	-51.471400	0.000000	
205.500000	26.261391	-51.452475	0.000000	
205.550000	26.277688	-51.433519	0.000000	
205.600000	26.293955	-51.414537	0.000000	
205.650000	26.310221	-51.395554	0.000000	
205.700000	26.326503	-51.376585	0.000000	
205.750000	26.342789	-51.357620	0.000000	
205.800000	26.359086	-51.338664	0.000000	
205.850000	26.375381	-51.319705	0.000000	
205.900000	26.391678	-51.300749	0.000000	
205.950000	26.407978	-51.281796	0.000000	
206.000000	26.424281	-51.262844	0.000000	
206.050000	26.440569	-51.243881	0.000000	
206.100000	26.456846	-51.224909	0.000000	
206.150000	26.473088	-51.205908	0.000000	
206.200000	26.489299	-51.186881	0.000000	
206.250000	26.505475	-51.167825	0.000000	
206.300000	26.521593	-51.148720	0.000000	
206.350000	26.537648	-51.129565	0.000000	
206.400000	26.553644	-51.110363	0.000000	
206.450000	26.569573	-51.091105	0.000000	
206.500000	26.585416	-51.071779	0.000000	
206.550000	26.601175	-51.052386	0.000000	
206.600000	26.616865	-51.032938	0.000000	
206.650000	26.632488	-51.013438	0.000000	
206.700000	26.648021	-50.993865	0.000000	
206.750000	26.663443	-50.974204	0.000000	
206.800000	26.678755	-50.954459	0.000000	
206.850000	26.693969	-50.934636	0.000000	
206.900000	26.709080	-50.914737	0.000000	
206.950000	26.724080	-50.894753	0.000000	
207.000000	26.738985	-50.874697	0.000000	
207.050000	26.753809	-50.854579	0.000000	
207.100000	26.768561	-50.834408	0.000000	
207.150000	26.783233	-50.814177	0.000000	
207.200000	26.797836	-50.793895	0.000000	
207.250000	26.812362	-50.773557	0.000000	
207.300000	26.826800	-50.753155	0.000000	
207.350000	26.841175	-50.732707	0.000000	
207.400000	26.855500	-50.712224	0.000000	
207.450000	26.869777	-50.691706	0.000000	
207.500000	26.883999	-50.671149	0.000000	
207.550000	26.898168	-50.650555	0.000000	
207.600000	26.912279	-50.629922	0.000000	
207.650000	26.926330	-50.609248	0.000000	
207.700000	26.940323	-50.588534	0.000000	
207.750000	26.954258	-50.567780	0.000000	
207.800000	26.968154	-50.547001	0.000000	
207.850000	26.982030	-50.526208	0.000000	
207.900000	26.995871	-50.505391	0.000000	
207.950000	27.009695	-50.484564	0.000000	
208.000000	27.023494	-50.463719	0.000000	
208.050000	27.037245	-50.442844	0.000000	
208.100000	27.050930	-50.421926	0.000000	
208.150000	27.064551	-50.400967	0.000000	
208.200000	27.078104	-50.379965	0.000000	
208.250000	27.091588	-50.358920	0.000000	
208.300000	27.105008	-50.337834	0.000000	
208.350000	27.118376	-50.316716	0.000000	
208.400000	27.131675	-50.295554	0.000000	
208.450000	27.144916	-50.274356	0.000000	
208.500000	27.158098	-50.253120	0.000000	
208.550000	27.171218	-50.231845	0.000000	
208.600000	27.184274	-50.210531	0.000000	
208.650000	27.197276	-50.189185	0.000000	
208.700000	27.210226	-50.167807	0.000000	
208.750000	27.223130	-50.146401	0.000000	
208.800000	27.235992	-50.124970	0.000000	
208.850000	27.248793	-50.103502	0.000000	
208.900000	27.261519	-50.081988	0.000000	
208.950000	27.274187	-50.060439	0.000000	
209.000000	27.286803	-50.038858	0.000000	
209.050000	27.299372	-50.017249	0.000000	
209.100000	27.311894	-49.995613	0.000000	
209.150000	27.324388	-49.973960	0.000000	
209.200000	27.336859	-49.952294	0.000000	
209.250000	27.349305	-49.930614	0.000000	
209.300000	27.361714	-49.908913	0.000000	
209.350000	27.374072	-49.887183	0.000000	
209.400000	27.386372	-49.865422	0.000000	
209.450000	27.398612	-49.843628	0.000000	
209.500000	27.410768	-49.821789	0.000000	
209.550000	27.422846	-49.799907	0.000000	
209.600000	27.434853	-49.777986	0.000000	
209.650000	27.446782	-49.756025	0.000000	
209.700000	27.458645	-49.734029	0.000000	
209.750000	27.470438	-49.711997	0.000000	
209.800000	27.482137	-49.689915	0.000000	
209.850000	27.493751	-49.667788	0.000000	
209.900000	27.505280	-49.645618	0.000000	
209.950000	27.516744	-49.623414	0.000000	
210.000000	27.528151	-49.601180	0.000000	
210.050000	27.539491	-49.578910	0.000000	
210.100000	27.550775	-49.556610	0.000000	
210.150000	27.562026	-49.534293	0.000000	
210.200000	27.573247	-49.511959	0.000000	
210.250000	27.584428	-49.489603	0.000000	
210.300000	27.595572	-49.467228	0.000000	
210.350000	27.606702	-49.444845	0.000000	
210.400000	27.617843	-49.422468	0.000000	
210.450000	27.628987	-49.400092	0.000000	
210.500000	27.640130	-49.377716	0.000000	
210.550000	27.651289	-49.355348	0.000000	
210.600000	27.662437	-49.332975	0.000000	
210.650000	27.673599	-49.310608	0.000000	
210.700000	27.684785	-49.288254	0.000000	
210.750000	27.695978	-49.265903	0.000000	
210.800000	27.707169	-49.243550	0.000000	
210.850000	27.718380	-49.221208	0.000000	
210.900000	27.729626	-49.198882	0.000000	
210.950000	27.740907	-49.176574	0.000000	
211.000000	27.752221	-49.154282	0.000000	
211.050000	27.763539	-49.131992	0.000000	
211.100000	27.774871	-49.109709	0.000000	
211.150000	27.786197	-49.087423	0.000000	
211.200000	27.797513	-49.065132	0.000000	
211.250000	27.808819	-49.042836	0.000000	
211.300000	27.820109	-49.020531	0.000000	
211.350000	27.831399	-48.998227	0.000000	
211.400000	27.842687	-48.975922	0.000000	
211.450000	27.853951	-48.953604	0.000000	
211.500000	27.865214	-48.931285	0.000000	
211.550000	27.876481	-48.908969	0.000000	
211.600000	27.887738	-48.886647	0.000000	
211.650000	27.899003	-48.864330	0.000000	
211.700000	27.910264	-48.842011	0.000000	
211.750000	27.921527	-48.819692	0.000000	
211.800000	27.932792	-48.797375	0.000000	
211.850000	27.944061	-48.775059	0.000000	
211.900000	27.955335	-48.752746	0.000000	
211.950000	27.966597	-48.730428	0.000000	
212.000000	27.977851	-48.708104	0.000000	
212.050000	27.989096	-48.685776	0.000000	
212.100000	28.000348	-48.663452	0.000000	
212.150000	28.011598	-48.641127	0.000000	
212.200000	28.022876	-48.618816	0.000000	
212.250000	28.034185	-48.596522	0.000000	
212.300000	28.045504	-48.574232	0.000000	
212.350000	28.056838	-48.551951	0.000000	
212.400000	28.068182	-48.529673	0.000000	
212.450000	28.079521	-48.507394	0.000000	
212.500000	28.090873	-48.485122	0.000000	
212.550000	28.102234	-48.462854	0.000000	
212.600000	28.113620	-48.440599	0.000000	
212.650000	28.125028	-48.418356	0.000000	
212.700000	28.136459	-48.396124	0.000000	
212.750000	28.147901	-48.373898	0.000000	
212.800000	28.159362	-48.351681	0.000000	
212.850000	28.170848	-48.329478	0.000000	
212.900000	28.182359	-48.307287	0.000000	
212.950000	28.193890	-48.285106	0.000000	
213.000000	28.205450	-48.262940	0.000000	
213.050000	28.217031	-48.240785	0.000000	
213.100000	28.228636	-48.218642	0.000000	
213.150000	28.240265	-48.196513	0.000000	
213.200000	28.251924	-48.174398	0.000000	
213.250000	28.263591	-48.152288	0.000000	
213.300000	28.275271	-48.130185	0.000000	
213.350000	28.286964	-48.108089	0.000000	
213.400000	28.298661	-48.085996	0.000000	
213.450000	28.310362	-48.063904	0.000000	
213.500000	28.322064	-48.041812	0.000000	
213.550000	28.333753	-48.019715	0.000000	
213.600000	28.345420	-47.997606	0.000000	
213.650000	28.357062	-47.975483	0.000000	
213.700000	28.368700	-47.953358	0.000000	
213.750000	28.380339	-47.931235	0.000000	
213.800000	28.391977	-47.909111	0.000000	
213.850000	28.403594	-47.886975	0.000000	
213.900000	28.415187	-47.864828	0.000000	
213.950000	28.426775	-47.842678	0.000000	
214.000000	28.438356	-47.820524	0.000000	
214.050000	28.449925	-47.798364	0.000000	
214.100000	28.461496	-47.776205	0.000000	
214.150000	28.473049	-47.754037	0.000000	
214.200000	28.484587	-47.731861	0.000000	
214.250000	28.496106	-47.709674	0.000000	
214.300000	28.507621	-47.687485	0.000000	
214.350000	28.519116	-47.665286	0.000000	
214.400000	28.530620	-47.643091	0.000000	
214.450000	28.542158	-47.620915	0.000000	
214.500000	28.553735	-47.598760	0.000000	
214.550000	28.565354	-47.576629	0.000000	
214.600000	28.577020	-47.554522	0.000000	
214.650000	28.588733	-47.532440	0.000000	
214.700000	28.600495	-47.510385	0.000000	
214.750000	28.612291	-47.488348	0.000000	
214.800000	28.624100	-47.466317	0.000000	
214.850000	28.635932	-47.444300	0.000000	
214.900000	28.647789	-47.422294	0.000000	
214.950000	28.659662	-47.400298	0.000000	
215.000000	28.671536	-47.378301	0.000000	
215.050000	28.683395	-47.356297	0.000000	
215.100000	28.695225	-47.334278	0.000000	
215.150000	28.707010	-47.312238	0.000000	
215.200000	28.718751	-47.290175	0.000000	
215.250000	28.730444	-47.268089	0.000000	
215.300000	28.742095	-47.245983	0.000000	
215.350000	28.753690	-47.223848	0.000000	
215.400000	28.765243	-47.201691	0.000000	
215.450000	28.776729	-47.179501	0.000000	
215.500000	28.788120	-47.157263	0.000000	
215.550000	28.799427	-47.134980	0.000000	
215.600000	28.810647	-47.112653	0.000000	
215.650000	28.821773	-47.090278	0.000000	
215.700000	28.832801	-47.067854	0.000000	
215.750000	28.843717	-47.045374	0.000000	
215.800000	28.854514	-47.022836	0.000000	
215.850000	28.865210	-47.000248	0.000000	
215.900000	28.875803	-46.977611	0.000000	
215.950000	28.886297	-46.954927	0.000000	
216.000000	28.896710	-46.932204	0.000000	
216.050000	28.907041	-46.909444	0.000000	
216.100000	28.917296	-46.886649	0.000000	
216.150000	28.927494	-46.863828	0.000000	
216.200000	28.937641	-46.840985	0.000000	
216.250000	28.947747	-46.818123	0.000000	
216.300000	28.957798	-46.795238	0.000000	
216.350000	28.967781	-46.772324	0.000000	
216.400000	28.977705	-46.749383	0.000000	
216.450000	28.987569	-46.726416	0.000000	
216.500000	28.997390	-46.703429	0.000000	
216.550000	29.007171	-46.680425	0.000000	
216.600000	29.016887	-46.657393	0.000000	
216.650000	29.026557	-46.634341	0.000000	
216.700000	29.036196	-46.611275	0.000000	
216.750000	29.045798	-46.588193	0.000000	
216.800000	29.055359	-46.565095	0.000000	
216.850000	29.064892	-46.541985	0.000000	
216.900000	29.074397	-46.518863	0.000000	
216.950000	29.083889	-46.495736	0.000000	
217.000000	29.093369	-46.472604	0.000000	
217.050000	29.102849	-46.449472	0.000000	
217.100000	29.112341	-46.426345	0.000000	
217.150000	29.121845	-46.403223	0.000000	
217.200000	29.131349	-46.380102	0.000000	
217.250000	29.140856	-46.356981	0.000000	
217.300000	29.150350	-46.333855	0.000000	
217.350000	29.159858	-46.310735	0.000000	
217.400000	29.169394	-46.287626	0.000000	
217.450000	29.178939	-46.264521	0.000000	
217.500000	29.188496	-46.241421	0.000000	
217.550000	29.198057	-46.218323	0.000000	
217.600000	29.207648	-46.195238	0.000000	
217.650000	29.217264	-46.172163	0.000000	
217.700000	29.226881	-46.149088	0.000000	
217.750000	29.236509	-46.126018	0.000000	
217.800000	29.246150	-46.102953	0.000000	
217.850000	29.255801	-46.079893	0.000000	
217.900000	29.265453	-46.056833	0.000000	
217.950000	29.275113	-46.033775	0.000000	
218.000000	29.284761	-46.010714	0.000000	
218.050000	29.294423	-45.987657	0.000000	
218.100000	29.304065	-45.964593	0.000000	
218.150000	29.313674	-45.941515	0.000000	
218.200000	29.323249	-45.918423	0.000000	
218.250000	29.332782	-45.895314	0.000000	
218.300000	29.342263	-45.872185	0.000000	
218.350000	29.351691	-45.849036	0.000000	
218.400000	29.361064	-45.825865	0.000000	
218.450000	29.370387	-45.802675	0.000000	
218.500000	29.379655	-45.779463	0.000000	
218.550000	29.388847	-45.756222	0.000000	
218.600000	29.397972	-45.732954	0.000000	
218.650000	29.407012	-45.709653	0.000000	
218.700000	29.415975	-45.686322	0.000000	
218.750000	29.424886	-45.662970	0.000000	
218.800000	29.433749	-45.639600	0.000000	
218.850000	29.442587	-45.616219	0.000000	
218.900000	29.451418	-45.592836	0.000000	
218.950000	29.460249	-45.569452	0.000000	
219.000000	29.469047	-45.546055	0.000000	
219.050000	29.477818	-45.522649	0.000000	
219.100000	29.486551	-45.499226	0.000000	
219.150000	29.495257	-45.475794	0.000000	
219.200000	29.503926	-45.452347	0.000000	
219.250000	29.512570	-45.428891	0.000000	
219.300000	29.521202	-45.405431	0.000000	
219.350000	29.529847	-45.381975	0.000000	
219.400000	29.538529	-45.358533	0.000000	
219.450000	29.547234	-45.335100	0.000000	
219.500000	29.555935	-45.311665	0.000000	
219.550000	29.564636	-45.288230	0.000000	
219.600000	29.573357	-45.264802	0.000000	
219.650000	29.582100	-45.241382	0.000000	
219.700000	29.590866	-45.217971	0.000000	
219.750000	29.599660	-45.194570	0.000000	
219.800000	29.608457	-45.171170	0.000000	
219.850000	29.617232	-45.147762	0.000000	
219.900000	29.625986	-45.124346	0.000000	
219.950000	29.634721	-45.100923	0.000000	
220.000000	29.643456	-45.077499	0.000000	
220.050000	29.652204	-45.054081	0.000000	
220.100000	29.660954	-45.030663	0.000000	
220.150000	29.669708	-45.007247	0.000000	
220.200000	29.678487	-44.983840	0.000000	
220.250000	29.687316	-44.960453	0.000000	
220.300000	29.696190	-44.937083	0.000000	
220.350000	29.705097	-44.913726	0.000000	
220.400000	29.714038	-44.890382	0.000000	
220.450000	29.723012	-44.867051	0.000000	
220.500000	29.732031	-44.843739	0.000000	
220.550000	29.741098	-44.820446	0.000000	
220.600000	29.750221	-44.797175	0.000000	
220.650000	29.759390	-44.773921	0.000000	
220.700000	29.768583	-44.750677	0.000000	
220.750000	29.777788	-44.727438	0.000000	
220.800000	29.787007	-44.704204	0.000000	
220.850000	29.796238	-44.680974	0.000000	
220.900000	29.805485	-44.657751	0.000000	
220.950000	29.814737	-44.634529	0.000000	
221.000000	29.823983	-44.611305	0.000000	
221.050000	29.833223	-44.588078	0.000000	
221.100000	29.842451	-44.564847	0.000000	
221.150000	29.851674	-44.541614	0.000000	
221.200000	29.860871	-44.518372	0.000000	
221.250000	29.870035	-44.495117	0.000000	
221.300000	29.879146	-44.471841	0.000000	
221.350000	29.888187	-44.448540	0.000000	
221.400000	29.897169	-44.425216	0.000000	
221.450000	29.906073	-44.401863	0.000000	
221.500000	29.914884	-44.378476	0.000000	
221.550000	29.923588	-44.355048	0.000000	
221.600000	29.932185	-44.331582	0.000000	
221.650000	29.940683	-44.308079	0.000000	
221.700000	29.949066	-44.284535	0.000000	
221.750000	29.957344	-44.260954	0.000000	
221.800000	29.965540	-44.237344	0.000000	
221.850000	29.973666	-44.213710	0.000000	
221.900000	29.981722	-44.190052	0.000000	
221.950000	29.989716	-44.166372	0.000000	
222.000000	29.997645	-44.142670	0.000000	
222.050000	30.005504	-44.118945	0.000000	
222.100000	30.013297	-44.095197	0.000000	
222.150000	30.021048	-44.071433	0.000000	
222.200000	30.028765	-44.047658	0.000000	
222.250000	30.036456	-44.023874	0.000000	
222.300000	30.044116	-44.000078	0.000000	
222.350000	30.051749	-43.976274	0.000000	
222.400000	30.059360	-43.952462	0.000000	
222.450000	30.066956	-43.928646	0.000000	
222.500000	30.074543	-43.904826	0.000000	
222.550000	30.082124	-43.881004	0.000000	
222.600000	30.089701	-43.857181	0.000000	
222.650000	30.097291	-43.833363	0.000000	
222.700000	30.104892	-43.809548	0.000000	
222.750000	30.112520	-43.785741	0.000000	
222.800000	30.120183	-43.761945	0.000000	
222.850000	30.127859	-43.738154	0.000000	
222.900000	30.135552	-43.714368	0.000000	
222.950000	30.143283	-43.690594	0.000000	
223.000000	30.151047	-43.666832	0.000000	
223.050000	30.158861	-43.643086	0.000000	
223.100000	30.166739	-43.619361	0.000000	
223.150000	30.174666	-43.595653	0.000000	
223.200000	30.182623	-43.571956	0.000000	
223.250000	30.190601	-43.548266	0.000000	
223.300000	30.198598	-43.524582	0.000000	
223.350000	30.206609	-43.500903	0.000000	
223.400000	30.214623	-43.477225	0.000000	
223.450000	30.222645	-43.453550	0.000000	
223.500000	30.230671	-43.429876	0.000000	
223.550000	30.238698	-43.406203	0.000000	
223.600000	30.246734	-43.382532	0.000000	
223.650000	30.254790	-43.358868	0.000000	
223.700000	30.262845	-43.335203	0.000000	
223.750000	30.270909	-43.311542	0.000000	
223.800000	30.278974	-43.287881	0.000000	
223.850000	30.287044	-43.264221	0.000000	
223.900000	30.295125	-43.240565	0.000000	
223.950000	30.303209	-43.216910	0.000000	
224.000000	30.311276	-43.193249	0.000000	
224.050000	30.319309	-43.169578	0.000000	
224.100000	30.327293	-43.145890	0.000000	
224.150000	30.335218	-43.122182	0.000000	
224.200000	30.343086	-43.098454	0.000000	
224.250000	30.350903	-43.074710	0.000000	
224.300000	30.358685	-43.050953	0.000000	
224.350000	30.366454	-43.027192	0.000000	
224.400000	30.374221	-43.003431	0.000000	
224.450000	30.382005	-42.979675	0.000000	
224.500000	30.389813	-42.955927	0.000000	
224.550000	30.397632	-42.932183	0.000000	
224.600000	30.405476	-42.908447	0.000000	
224.650000	30.413332	-42.884716	0.000000	
224.700000	30.421191	-42.860985	0.000000	
224.750000	30.429052	-42.837255	0.000000	
224.800000	30.436892	-42.813518	0.000000	
224.850000	30.444705	-42.789773	0.000000	
224.900000	30.452483	-42.766017	0.000000	
224.950000	30.460218	-42.742247	0.000000	
225.000000	30.467912	-42.718464	0.000000	
225.050000	30.475577	-42.694672	0.000000	
225.100000	30.483233	-42.670877	0.000000	
225.150000	30.490876	-42.647078	0.000000	
225.200000	30.498502	-42.623274	0.000000	
225.250000	30.506109	-42.599465	0.000000	
225.300000	30.513701	-42.575650	0.000000	
225.350000	30.521261	-42.551826	0.000000	
225.400000	30.528770	-42.527986	0.000000	
225.450000	30.536237	-42.504133	0.000000	
225.500000	30.543663	-42.480265	0.000000	
225.550000	30.551046	-42.456384	0.000000	
225.600000	30.558395	-42.432492	0.000000	
225.650000	30.565713	-42.408589	0.000000	
225.700000	30.573013	-42.384680	0.000000	
225.750000	30.580313	-42.360772	0.000000	
225.800000	30.587617	-42.336864	0.000000	
225.850000	30.594953	-42.312967	0.000000	
225.900000	30.602336	-42.289086	0.000000	
225.950000	30.609761	-42.265218	0.000000	
226.000000	30.617247	-42.241370	0.000000	
226.050000	30.624796	-42.217542	0.000000	
226.100000	30.632395	-42.193731	0.000000	
226.150000	30.640025	-42.169929	0.000000	
226.200000	30.647674	-42.146133	0.000000	
226.250000	30.655351	-42.122346	0.000000	
226.300000	30.663057	-42.098568	0.000000	
226.350000	30.670780	-42.074795	0.000000	
226.400000	30.678533	-42.051031	0.000000	
226.450000	30.686305	-42.027273	0.000000	
226.500000	30.694075	-42.003514	0.000000	
226.550000	30.701834	-41.979752	0.000000	
226.600000	30.709585	-41.955987	0.000000	
226.650000	30.717319	-41.932217	0.000000	
226.700000	30.725041	-41.908444	0.000000	
226.750000	30.732746	-41.884665	0.000000	
226.800000	30.740422	-41.860877	0.000000	
226.850000	30.748060	-41.837077	0.000000	
226.900000	30.755644	-41.813259	0.000000	
226.950000	30.763174	-41.789425	0.000000	
227.000000	30.770639	-41.765570	0.000000	
227.050000	30.778036	-41.741693	0.000000	
227.100000	30.785365	-41.717794	0.000000	
227.150000	30.792623	-41.693873	0.000000	
227.200000	30.799835	-41.669938	0.000000	
227.250000	30.807025	-41.645996	0.000000	
227.300000	30.814187	-41.622045	0.000000	
227.350000	30.821332	-41.598089	0.000000	
227.400000	30.828470	-41.574131	0.000000	
227.450000	30.835606	-41.550172	0.000000	
227.500000	30.842739	-41.526212	0.000000	
227.550000	30.849864	-41.502250	0.000000	
227.600000	30.856991	-41.478288	0.000000	
227.650000	30.864131	-41.454331	0.000000	
227.700000	30.871286	-41.430378	0.000000	
227.750000	30.878446	-41.406426	0.000000	
227.800000	30.885614	-41.382477	0.000000	
227.850000	30.892791	-41.358531	0.000000	
227.900000	30.899995	-41.334593	0.000000	
227.950000	30.907235	-41.310666	0.000000	
228.000000	30.914525	-41.286756	0.000000	
228.050000	30.921872	-41.262862	0.000000	
228.100000	30.929286	-41.238991	0.000000	
228.150000	30.936759	-41.215138	0.000000	
228.200000	30.944308	-41.191309	0.000000	
228.250000	30.951940	-41.167508	0.000000	
228.300000	30.959653	-41.143733	0.000000	
228.350000	30.967445	-41.119985	0.000000	
228.400000	30.975295	-41.096256	0.000000	
228.450000	30.983205	-41.072547	0.000000	
228.500000	30.991171	-41.048857	0.000000	
228.550000	30.999213	-41.025194	0.000000	
228.600000	31.007325	-41.001553	0.000000	
228.650000	31.015513	-40.977938	0.000000	
228.700000	31.023748	-40.954339	0.000000	
228.750000	31.032043	-40.930760	0.000000	
228.800000	31.040389	-40.907199	0.000000	
228.850000	31.048767	-40.883647	0.000000	
228.900000	31.057181	-40.860108	0.000000	
228.950000	31.065613	-40.836575	0.000000	
229.000000	31.074072	-40.813051	0.000000	
229.050000	31.082535	-40.789529	0.000000	
229.100000	31.091003	-40.766008	0.000000	
229.150000	31.099462	-40.742484	0.000000	
229.200000	31.107931	-40.718963	0.000000	
229.250000	31.116416	-40.695448	0.000000	
229.300000	31.124914	-40.671939	0.000000	
229.350000	31.133407	-40.648427	0.000000	
229.400000	31.141915	-40.624921	0.000000	
229.450000	31.150443	-40.601422	0.000000	
229.500000	31.158982	-40.577928	0.000000	
229.550000	31.167527	-40.554436	0.000000	
229.600000	31.176072	-40.530944	0.000000	
229.650000	31.184635	-40.507458	0.000000	
229.700000	31.193213	-40.483979	0.000000	
229.750000	31.201805	-40.460504	0.000000	
229.800000	31.210398	-40.437030	0.000000	
229.850000	31.218992	-40.413556	0.000000	
229.900000	31.227616	-40.390093	0.000000	
229.950000	31.236276	-40.366643	0.000000	
230.000000	31.244997	-40.343216	0.000000	
230.050000	31.253760	-40.319805	0.000000	
230.100000	31.262559	-40.296407	0.000000	
230.150000	31.271390	-40.273020	0.000000	
230.200000	31.280236	-40.249639	0.000000	
230.250000	31.289089	-40.226261	0.000000	
230.300000	31.297953	-40.202886	0.000000	
230.350000	31.306826	-40.179514	0.000000	
230.400000	31.315733	-40.156156	0.000000	
230.450000	31.324678	-40.132814	0.000000	
230.500000	31.333659	-40.109486	0.000000	
230.550000	31.342697	-40.086181	0.000000	
230.600000	31.351788	-40.062898	0.000000	
230.650000	31.360930	-40.039635	0.000000	
230.700000	31.370106	-40.016386	0.000000	
230.750000	31.379293	-39.993141	0.000000	
230.800000	31.388522	-39.969913	0.000000	
230.850000	31.397786	-39.946699	0.000000	
230.900000	31.407101	-39.923504	0.000000	
230.950000	31.416443	-39.900320	0.000000	
231.000000	31.425805	-39.877143	0.000000	
231.050000	31.435161	-39.853965	0.000000	
231.100000	31.444512	-39.830784	0.000000	
231.150000	31.453873	-39.807608	0.000000	
231.200000	31.463246	-39.784435	0.000000	
231.250000	31.472644	-39.761273	0.000000	
231.300000	31.482072	-39.738122	0.000000	
231.350000	31.491504	-39.714972	0.000000	
231.400000	31.500942	-39.691824	0.000000	
231.450000	31.510367	-39.668672	0.000000	
231.500000	31.519747	-39.645501	0.000000	
231.550000	31.529083	-39.622313	0.000000	
231.600000	31.538354	-39.599099	0.000000	
231.650000	31.547563	-39.575859	0.000000	
231.700000	31.556728	-39.552602	0.000000	
231.750000	31.565875	-39.529337	0.000000	
231.800000	31.575016	-39.506070	0.000000	
231.850000	31.584154	-39.482801	0.000000	
231.900000	31.593317	-39.459543	0.000000	
231.950000	31.602489	-39.436289	0.000000	
232.000000	31.611676	-39.413041	0.000000	
232.050000	31.620885	-39.389802	0.000000	
232.100000	31.630131	-39.366579	0.000000	
232.150000	31.639404	-39.343366	0.000000	
232.200000	31.648713	-39.320169	0.000000	
232.250000	31.658053	-39.296984	0.000000	
232.300000	31.667417	-39.273808	0.000000	
232.350000	31.676791	-39.250637	0.000000	
232.400000	31.686184	-39.227472	0.000000	
232.450000	31.695581	-39.204310	0.000000	
232.500000	31.704998	-39.181155	0.000000	
232.550000	31.714460	-39.158019	0.000000	
232.600000	31.723979	-39.134906	0.000000	
232.650000	31.733563	-39.111819	0.000000	
232.700000	31.743208	-39.088756	0.000000	
232.750000	31.752910	-39.065717	0.000000	
232.800000	31.762646	-39.042693	0.000000	
232.850000	31.772426	-39.019687	0.000000	
232.900000	31.782232	-38.996692	0.000000	
232.950000	31.792049	-38.973702	0.000000	
233.000000	31.801892	-38.950723	0.000000	
233.050000	31.811766	-38.927758	0.000000	
233.100000	31.821674	-38.904808	0.000000	
233.150000	31.831626	-38.881879	0.000000	
233.200000	31.841621	-38.858969	0.000000	
233.250000	31.851647	-38.836072	0.000000	
233.300000	31.861727	-38.813200	0.000000	
233.350000	31.871879	-38.790360	0.000000	
233.400000	31.882117	-38.767559	0.000000	
233.450000	31.892436	-38.744795	0.000000	
233.500000	31.902835	-38.722066	0.000000	
233.550000	31.913288	-38.699361	0.000000	
233.600000	31.923793	-38.676680	0.000000	
233.650000	31.934323	-38.654010	0.000000	
233.700000	31.944875	-38.631349	0.000000	
233.750000	31.955461	-38.608705	0.000000	
233.800000	31.966083	-38.586077	0.000000	
233.850000	31.976752	-38.563470	0.000000	
233.900000	31.987446	-38.540876	0.000000	
233.950000	31.998162	-38.518291	0.000000	
234.000000	32.008896	-38.495714	0.000000	
234.050000	32.019632	-38.473138	0.000000	
234.100000	32.030380	-38.450568	0.000000	
234.150000	32.041134	-38.428001	0.000000	
234.200000	32.051898	-38.405438	0.000000	
234.250000	32.062696	-38.382892	0.000000	
234.300000	32.073517	-38.360357	0.000000	
234.350000	32.084341	-38.337824	0.000000	
234.400000	32.095142	-38.315279	0.000000	
234.450000	32.105909	-38.292718	0.000000	
234.500000	32.116659	-38.270149	0.000000	
234.550000	32.127382	-38.247568	0.000000	
234.600000	32.138094	-38.224980	0.000000	
234.650000	32.148787	-38.202384	0.000000	
234.700000	32.159491	-38.179794	0.000000	
234.750000	32.170222	-38.157216	0.000000	
234.800000	32.180962	-38.134642	0.000000	
234.850000	32.191708	-38.112072	0.000000	
234.900000	32.202455	-38.089501	0.000000	
234.950000	32.213224	-38.066942	0.000000	
235.000000	32.224010	-38.044391	0.000000	
235.050000	32.234829	-38.021855	0.000000	
235.100000	32.245673	-37.999331	0.000000	
235.150000	32.256524	-37.976811	0.000000	
235.200000	32.267391	-37.954298	0.000000	
235.250000	32.278261	-37.931787	0.000000	
235.300000	32.289114	-37.909267	0.000000	
235.350000	32.299969	-37.886748	0.000000	
235.400000	32.310830	-37.864232	0.000000	
235.450000	32.321706	-37.841724	0.000000	
235.500000	32.332562	-37.819206	0.000000	
235.550000	32.343371	-37.796667	0.000000	
235.600000	32.354112	-37.774099	0.000000	
235.650000	32.364754	-37.751492	0.000000	
235.700000	32.375258	-37.728831	0.000000	
235.750000	32.385559	-37.706094	0.000000	
235.800000	32.395584	-37.683262	0.000000	
235.850000	32.405275	-37.660325	0.000000	
235.900000	32.414545	-37.637270	0.000000	
235.950000	32.423313	-37.614094	0.000000	
236.000000	32.431484	-37.590794	0.000000	
236.050000	32.438991	-37.567385	0.000000	
236.100000	32.445757	-37.543870	0.000000	
236.150000	32.451717	-37.520271	0.000000	
236.200000	32.456807	-37.496608	0.000000	
236.250000	32.460957	-37.472894	0.000000	
236.300000	32.464125	-37.449144	0.000000	
236.350000	32.466263	-37.425386	0.000000	
236.400000	32.467333	-37.401633	0.000000	
236.450000	32.467302	-37.377911	0.000000	
236.500000	32.466139	-37.354244	0.000000	
236.550000	32.463850	-37.330663	0.000000	
236.600000	32.460438	-37.307187	0.000000	
236.650000	32.455912	-37.283850	0.000000	
236.700000	32.450291	-37.260669	0.000000	
236.750000	32.443602	-37.237666	0.000000	
236.800000	32.435880	-37.214868	0.000000	
236.850000	32.427185	-37.192286	0.000000	
236.900000	32.417590	-37.169929	0.000000	
236.950000	32.407167	-37.147811	0.000000	
237.000000	32.395998	-37.125940	0.000000	
237.050000	32.384163	-37.104317	0.000000	
237.100000	32.371749	-37.082932	0.000000	
237.150000	32.358819	-37.061776	0.000000	
237.200000	32.345452	-37.040830	0.000000	
237.250000	32.331714	-37.020076	0.000000	
237.300000	32.317674	-36.999486	0.000000	
237.350000	32.303367	-36.979048	0.000000	
237.400000	32.288836	-36.958747	0.000000	
237.450000	32.274121	-36.938563	0.000000	
237.500000	32.259252	-36.918480	0.000000	
237.550000	32.244261	-36.898483	0.000000	
237.600000	32.229159	-36.878566	0.000000	
237.650000	32.213977	-36.858708	0.000000	
237.700000	32.198746	-36.838886	0.000000	
237.750000	32.183464	-36.819102	0.000000	
237.800000	32.168148	-36.799345	0.000000	
237.850000	32.152811	-36.779604	0.000000	
237.900000	32.137441	-36.759890	0.000000	
237.950000	32.122032	-36.740205	0.000000	
238.000000	32.106606	-36.720535	0.000000	
238.050000	32.091160	-36.700880	0.000000	
238.100000	32.075691	-36.681243	0.000000	
238.150000	32.060181	-36.661639	0.000000	
238.200000	32.044641	-36.642058	0.000000	
238.250000	32.029067	-36.622506	0.000000	
238.300000	32.013460	-36.602979	0.000000	
238.350000	31.997797	-36.583497	0.000000	
238.400000	31.982096	-36.564045	0.000000	
238.450000	31.966383	-36.544602	0.000000	
238.500000	31.950654	-36.525172	0.000000	
238.550000	31.934926	-36.505741	0.000000	
238.600000	31.919193	-36.486314	0.000000	
238.650000	31.903461	-36.466886	0.000000	
238.700000	31.887726	-36.447461	0.000000	
238.750000	31.871993	-36.428034	0.000000	
238.800000	31.856265	-36.408603	0.000000	
238.850000	31.840552	-36.389160	0.000000	
238.900000	31.824867	-36.369696	0.000000	
238.950000	31.809227	-36.350196	0.000000	
239.000000	31.793637	-36.330658	0.000000	
239.050000	31.778088	-36.311088	0.000000	
239.100000	31.762592	-36.291479	0.000000	
239.150000	31.747158	-36.271821	0.000000	
239.200000	31.731796	-36.252108	0.000000	
239.250000	31.716498	-36.232347	0.000000	
239.300000	31.701275	-36.212527	0.000000	
239.350000	31.686121	-36.192655	0.000000	
239.400000	31.671062	-36.172710	0.000000	
239.450000	31.656078	-36.152709	0.000000	
239.500000	31.641147	-36.132667	0.000000	
239.550000	31.626276	-36.112581	0.000000	
239.600000	31.611442	-36.092468	0.000000	
239.650000	31.596648	-36.072323	0.000000	
239.700000	31.581895	-36.052147	0.000000	
239.750000	31.567186	-36.031937	0.000000	
239.800000	31.552509	-36.011703	0.000000	
239.850000	31.537860	-35.991448	0.000000	
239.900000	31.523225	-35.971181	0.000000	
239.950000	31.508580	-35.950923	0.000000	
240.000000	31.493910	-35.930683	0.000000	
240.050000	31.479208	-35.910467	0.000000	
240.100000	31.464462	-35.890286	0.000000	
240.150000	31.449676	-35.870134	0.000000	
240.200000	31.434860	-35.850004	0.000000	
240.250000	31.420009	-35.829900	0.000000	
240.300000	31.405125	-35.809821	0.000000	
240.350000	31.390191	-35.789779	0.000000	
240.400000	31.375204	-35.769776	0.000000	
240.450000	31.360159	-35.749817	0.000000	
240.500000	31.345049	-35.729905	0.000000	
240.550000	31.329878	-35.710041	0.000000	
240.600000	31.314622	-35.690241	0.000000	
240.650000	31.299289	-35.670501	0.000000	
240.700000	31.283893	-35.650811	0.000000	
240.750000	31.268434	-35.631172	0.000000	
240.800000	31.252882	-35.611607	0.000000	
240.850000	31.237242	-35.592113	0.000000	
240.900000	31.221525	-35.572682	0.000000	
240.950000	31.205724	-35.553320	0.000000	
241.000000	31.189844	-35.534025	0.000000	
241.050000	31.173894	-35.514789	0.000000	
241.100000	31.157880	-35.495608	0.000000	
241.150000	31.141797	-35.476485	0.000000	
241.200000	31.125639	-35.457427	0.000000	
241.250000	31.109400	-35.438436	0.000000	
241.300000	31.093097	-35.419498	0.000000	
241.350000	31.076737	-35.400607	0.000000	
241.400000	31.060330	-35.381754	0.000000	
241.450000	31.043872	-35.362945	0.000000	
241.500000	31.027347	-35.344193	0.000000	
241.550000	31.010770	-35.325484	0.000000	
241.600000	30.994162	-35.306802	0.000000	
241.650000	30.977525	-35.288143	0.000000	
241.700000	30.960879	-35.269494	0.000000	
241.750000	30.944212	-35.250862	0.000000	
241.800000	30.927530	-35.232244	0.000000	
241.850000	30.910856	-35.213618	0.000000	
241.900000	30.894190	-35.194986	0.000000	
241.950000	30.877524	-35.176353	0.000000	
242.000000	30.860878	-35.157703	0.000000	
242.050000	30.844264	-35.139025	0.000000	
242.100000	30.827678	-35.120321	0.000000	
242.150000	30.811111	-35.101601	0.000000	
242.200000	30.794575	-35.082852	0.000000	
242.250000	30.778081	-35.064066	0.000000	
242.300000	30.761633	-35.045242	0.000000	
242.350000	30.745226	-35.026382	0.000000	
242.400000	30.728863	-35.007484	0.000000	
242.450000	30.712533	-34.988560	0.000000	
242.500000	30.696257	-34.969590	0.000000	
242.550000	30.680054	-34.950560	0.000000	
242.600000	30.663914	-34.931476	0.000000	
242.650000	30.647826	-34.912350	0.000000	
242.700000	30.631797	-34.893173	0.000000	
242.750000	30.615826	-34.873950	0.000000	
242.800000	30.599902	-34.854688	0.000000	
242.850000	30.584029	-34.835381	0.000000	
242.900000	30.568185	-34.816051	0.000000	
242.950000	30.552370	-34.796697	0.000000	
243.000000	30.536588	-34.777314	0.000000	
243.050000	30.520825	-34.757915	0.000000	
243.100000	30.505090	-34.738494	0.000000	
243.150000	30.489387	-34.719045	0.000000	
243.200000	30.473713	-34.699572	0.000000	
243.250000	30.458066	-34.680076	0.000000	
243.300000	30.442426	-34.660574	0.000000	
243.350000	30.426768	-34.641088	0.000000	
243.400000	30.411080	-34.621626	0.000000	
243.450000	30.395344	-34.602205	0.000000	
243.500000	30.379558	-34.582827	0.000000	
243.550000	30.363720	-34.563492	0.000000	
243.600000	30.347814	-34.544214	0.000000	
243.650000	30.331851	-34.524983	0.000000	
243.700000	30.315821	-34.505808	0.000000	
243.750000	30.299733	-34.486682	0.000000	
243.800000	30.283585	-34.467606	0.000000	
243.850000	30.267380	-34.448577	0.000000	
243.900000	30.251111	-34.429602	0.000000	
243.950000	30.234802	-34.410662	0.000000	
244.000000	30.218471	-34.391741	0.000000	
244.050000	30.202112	-34.372843	0.000000	
244.100000	30.185720	-34.353974	0.000000	
244.150000	30.169291	-34.335135	0.000000	
244.200000	30.152824	-34.316329	0.000000	
244.250000	30.136337	-34.297539	0.000000	
244.300000	30.119844	-34.278754	0.000000	
244.350000	30.103347	-34.259973	0.000000	
244.400000	30.086855	-34.241186	0.000000	
244.450000	30.070389	-34.222378	0.000000	
244.500000	30.053950	-34.203547	0.000000	
244.550000	30.037535	-34.184695	0.000000	
244.600000	30.021148	-34.165819	0.000000	
244.650000	30.004784	-34.146923	0.000000	
244.700000	29.988425	-34.128022	0.000000	
244.750000	29.972086	-34.109103	0.000000	
244.800000	29.955769	-34.090166	0.000000	
244.850000	29.939465	-34.071217	0.000000	
244.900000	29.923190	-34.052243	0.000000	
244.950000	29.906957	-34.033232	0.000000	
245.000000	29.890756	-34.014195	0.000000	
245.050000	29.874580	-33.995135	0.000000	
245.100000	29.858422	-33.976061	0.000000	
245.150000	29.842294	-33.956960	0.000000	
245.200000	29.826172	-33.937854	0.000000	
245.250000	29.810047	-33.918751	0.000000	
245.300000	29.793907	-33.899661	0.000000	
245.350000	29.777731	-33.880602	0.000000	
245.400000	29.761535	-33.861560	0.000000	
245.450000	29.745309	-33.842544	0.000000	
245.500000	29.729044	-33.823562	0.000000	
245.550000	29.712744	-33.804610	0.000000	
245.600000	29.696420	-33.785679	0.000000	
245.650000	29.680064	-33.766776	0.000000	
245.700000	29.663685	-33.747893	0.000000	
245.750000	29.647282	-33.729031	0.000000	
245.800000	29.630857	-33.710189	0.000000	
245.850000	29.614410	-33.691365	0.000000	
245.900000	29.597942	-33.672561	0.000000	
245.950000	29.581440	-33.653785	0.000000	
246.000000	29.564893	-33.635051	0.000000	
246.050000	29.548290	-33.616364	0.000000	
246.100000	29.531614	-33.597743	0.000000	
246.150000	29.514882	-33.579172	0.000000	
246.200000	29.498100	-33.560645	0.000000	
246.250000	29.481271	-33.542161	0.000000	
246.300000	29.464394	-33.523722	0.000000	
246.350000	29.447463	-33.505332	0.000000	
246.400000	29.430490	-33.486983	0.000000	
246.450000	29.413469	-33.468678	0.000000	
246.500000	29.396420	-33.450399	0.000000	
246.550000	29.379343	-33.432146	0.000000	
246.600000	29.362252	-33.413906	0.000000	
246.650000	29.345151	-33.395675	0.000000	
246.700000	29.328046	-33.377447	0.000000	
246.750000	29.310937	-33.359223	0.000000	
246.800000	29.293845	-33.340984	0.000000	
246.850000	29.276752	-33.322746	0.000000	
246.900000	29.259640	-33.304524	0.000000	
246.950000	29.242522	-33.286309	0.000000	
247.000000	29.225396	-33.268101	0.000000	
247.050000	29.208267	-33.249895	0.000000	
247.100000	29.191154	-33.231674	0.000000	
247.150000	29.174066	-33.213430	0.000000	
247.200000	29.156998	-33.195168	0.000000	
247.250000	29.139931	-33.176905	0.000000	
247.300000	29.122870	-33.158636	0.000000	
247.350000	29.105825	-33.140351	0.000000	
247.400000	29.088796	-33.122051	0.000000	
247.450000	29.071786	-33.103732	0.000000	
247.500000	29.054803	-33.085389	0.000000	
247.550000	29.037841	-33.067024	0.000000	
247.600000	29.020896	-33.048645	0.000000	
247.650000	29.003950	-33.030266	0.000000	
247.700000	28.986999	-33.011892	0.000000	
247.750000	28.970034	-32.993530	0.000000	
247.800000	28.953056	-32.975181	0.000000	
247.850000	28.936058	-32.956850	0.000000	
247.900000	28.919048	-32.938530	0.000000	
247.950000	28.902028	-32.920219	0.000000	
248.000000	28.884984	-32.901931	0.000000	
248.050000	28.867914	-32.883667	0.000000	
248.100000	28.850814	-32.865432	0.000000	
248.150000	28.833674	-32.847236	0.000000	
248.200000	28.816484	-32.829087	0.000000	
248.250000	28.799244	-32.810988	0.000000	
248.300000	28.781953	-32.792938	0.000000	
248.350000	28.764622	-32.774928	0.000000	
248.400000	28.747247	-32.756962	0.000000	
248.450000	28.729841	-32.739026	0.000000	
248.500000	28.712409	-32.721116	0.000000	
248.550000	28.694942	-32.703240	0.000000	
248.600000	28.677430	-32.685407	0.000000	
248.650000	28.659886	-32.667604	0.000000	
248.700000	28.642323	-32.649820	0.000000	
248.750000	28.624729	-32.632065	0.000000	
248.800000	28.607096	-32.614349	0.000000	
248.850000	28.589434	-32.596661	0.000000	
248.900000	28.571727	-32.579017	0.000000	
248.950000	28.553989	-32.561403	0.000000	
249.000000	28.536229	-32.543810	0.000000	
249.050000	28.518445	-32.526241	0.000000	
249.100000	28.500643	-32.508690	0.000000	
249.150000	28.482839	-32.491141	0.000000	
249.200000	28.465042	-32.473586	0.000000	
249.250000	28.447261	-32.456014	0.000000	
249.300000	28.429507	-32.438415	0.000000	
249.350000	28.411788	-32.420781	0.000000	
249.400000	28.394088	-32.403128	0.000000	
249.450000	28.376406	-32.385456	0.000000	
249.500000	28.358735	-32.367773	0.000000	
249.550000	28.341064	-32.350091	0.000000	
249.600000	28.323386	-32.332415	0.000000	
249.650000	28.305697	-32.314750	0.000000	
249.700000	28.287986	-32.297108	0.000000	
249.750000	28.270239	-32.279503	0.000000	
249.800000	28.252469	-32.261920	0.000000	
249.850000	28.234680	-32.244359	0.000000	
249.900000	28.216863	-32.226825	0.000000	
249.950000	28.199036	-32.209304	0.000000	
250.000000	28.181188	-32.191803	0.000000	
250.050000	28.163319	-32.174323	0.000000	
250.100000	28.145446	-32.156849	0.000000	
250.150000	28.127577	-32.139370	0.000000	
250.200000	28.109701	-32.121897	0.000000	
250.250000	28.091819	-32.104431	0.000000	
250.300000	28.073940	-32.086962	0.000000	
250.350000	28.056067	-32.069487	0.000000	
250.400000	28.038191	-32.052015	0.000000	
250.450000	28.020332	-32.034526	0.000000	
250.500000	28.002489	-32.017023	0.000000	
250.550000	27.984654	-31.999510	0.000000	
250.600000	27.966833	-31.981984	0.000000	
250.650000	27.949023	-31.964447	0.000000	
250.700000	27.931243	-31.946879	0.000000	
250.750000	27.913487	-31.929288	0.000000	
250.800000	27.895748	-31.911679	0.000000	
250.850000	27.878022	-31.894055	0.000000	
250.900000	27.860308	-31.876420	0.000000	
250.950000	27.842594	-31.858785	0.000000	
251.000000	27.824867	-31.841163	0.000000	
251.050000	27.807127	-31.823556	0.000000	
251.100000	27.789355	-31.805982	0.000000	
251.150000	27.771558	-31.788436	0.000000	
251.200000	27.753717	-31.770937	0.000000	
251.250000	27.735848	-31.753467	0.000000	
251.300000	27.717944	-31.736034	0.000000	
251.350000	27.700000	-31.718642	0.000000	
251.400000	27.682015	-31.701290	0.000000	
251.450000	27.663991	-31.683978	0.000000	
251.500000	27.645912	-31.666722	0.000000	
251.550000	27.627784	-31.649517	0.000000	
251.600000	27.609614	-31.632355	0.000000	
251.650000	27.591405	-31.615233	0.000000	
251.700000	27.573170	-31.598137	0.000000	
251.750000	27.554893	-31.581085	0.000000	
251.800000	27.536592	-31.564056	0.000000	
251.850000	27.518286	-31.547033	0.000000	
251.900000	27.499967	-31.530023	0.000000	
251.950000	27.481639	-31.513023	0.000000	
252.000000	27.463303	-31.496032	0.000000	
252.050000	27.444964	-31.479043	0.000000	
252.100000	27.426631	-31.462048	0.000000	
252.150000	27.408304	-31.445047	0.000000	
252.200000	27.389984	-31.428038	0.000000	
252.250000	27.371668	-31.411024	0.000000	
252.300000	27.353349	-31.394014	0.000000	
252.350000	27.335015	-31.377020	0.000000	
252.400000	27.316667	-31.360042	0.000000	
252.450000	27.298293	-31.343091	0.000000	
252.500000	27.279896	-31.326167	0.000000	
252.550000	27.261487	-31.309255	0.000000	
252.600000	27.243071	-31.292350	0.000000	
252.650000	27.224661	-31.275440	0.000000	
252.700000	27.206259	-31.258521	0.000000	
252.750000	27.187850	-31.241609	0.000000	
252.800000	27.169451	-31.224687	0.000000	
252.850000	27.151056	-31.207761	0.000000	
252.900000	27.132666	-31.190829	0.000000	
252.950000	27.114280	-31.173893	0.000000	
253.000000	27.095908	-31.156943	0.000000	
253.050000	27.077563	-31.139964	0.000000	
253.100000	27.059253	-31.122949	0.000000	
253.150000	27.040981	-31.105893	0.000000	
253.200000	27.022771	-31.088774	0.000000	
253.250000	27.004618	-31.071597	0.000000	
253.300000	26.986525	-31.054358	0.000000	
253.350000	26.968498	-31.037053	0.000000	
253.400000	26.950558	-31.019658	0.000000	
253.450000	26.932695	-31.002185	0.000000	
253.500000	26.914924	-30.984622	0.000000	
253.550000	26.897244	-30.966965	0.000000	
253.600000	26.879651	-30.949221	0.000000	
253.650000	26.862147	-30.931387	0.000000	
253.700000	26.844710	-30.913487	0.000000	
253.750000	26.827326	-30.895535	0.000000	
253.800000	26.810014	-30.877512	0.000000	
253.850000	26.792762	-30.859430	0.000000	
253.900000	26.775569	-30.841292	0.000000	
253.950000	26.758433	-30.823099	0.000000	
254.000000	26.741371	-30.804835	0.000000	
254.050000	26.724374	-30.786510	0.000000	
254.100000	26.707451	-30.768114	0.000000	
254.150000	26.690581	-30.749668	0.000000	
254.200000	26.673752	-30.731183	0.000000	
254.250000	26.656952	-30.712672	0.000000	
254.300000	26.640178	-30.694137	0.000000	
254.350000	26.623439	-30.675569	0.000000	
254.400000	26.606712	-30.656991	0.000000	
254.450000	26.589975	-30.638421	0.000000	
254.500000	26.573222	-30.619867	0.000000	
254.550000	26.556437	-30.601343	0.000000	
254.600000	26.539620	-30.582848	0.000000	
254.650000	26.522782	-30.564374	0.000000	
254.700000	26.505912	-30.545929	0.000000	
254.750000	26.489018	-30.527506	0.000000	
254.800000	26.472097	-30.509110	0.000000	
254.850000	26.455149	-30.490739	0.000000	
254.900000	26.438177	-30.472390	0.000000	
254.950000	26.421191	-30.454054	0.000000	
255.000000	26.404183	-30.435738	0.000000	
255.050000	26.387161	-30.417434	0.000000	
255.100000	26.370119	-30.399148	0.000000	
255.150000	26.353038	-30.380899	0.000000	
255.200000	26.335926	-30.362677	0.000000	
255.250000	26.318775	-30.344492	0.000000	
255.300000	26.301590	-30.326339	0.000000	
255.350000	26.284364	-30.308224	0.000000	
255.400000	26.267102	-30.290143	0.000000	
255.450000	26.249812	-30.272088	0.000000	
255.500000	26.232507	-30.254047	0.000000	
255.550000	26.215201	-30.236007	0.000000	
255.600000	26.197906	-30.217956	0.000000	
255.650000	26.180630	-30.199887	0.000000	
255.700000	26.163377	-30.181797	0.000000	
255.750000	26.146139	-30.163693	0.000000	
255.800000	26.128928	-30.145563	0.000000	
255.850000	26.111757	-30.127396	0.000000	
255.900000	26.094614	-30.109203	0.000000	
255.950000	26.077500	-30.090982	0.000000	
256.000000	26.060418	-30.072733	0.000000	
256.050000	26.043357	-30.054465	0.000000	
256.100000	26.026308	-30.036185	0.000000	
256.150000	26.009295	-30.017874	0.000000	
256.200000	25.992318	-29.999530	0.000000	
256.250000	25.975386	-29.981145	0.000000	
256.300000	25.958496	-29.962720	0.000000	
256.350000	25.941660	-29.944248	0.000000	
256.400000	25.924873	-29.925729	0.000000	
256.450000	25.908118	-29.907180	0.000000	
256.500000	25.891392	-29.888604	0.000000	
256.550000	25.874689	-29.870007	0.000000	
256.600000	25.857997	-29.851399	0.000000	
256.650000	25.841301	-29.832795	0.000000	
256.700000	25.824596	-29.814199	0.000000	
256.750000	25.807882	-29.795611	0.000000	
256.800000	25.791162	-29.777029	0.000000	
256.850000	25.774422	-29.758466	0.000000	
256.900000	25.757647	-29.739936	0.000000	
256.950000	25.740827	-29.721448	0.000000	
257.000000	25.723957	-29.703009	0.000000	
257.050000	25.707032	-29.684620	0.000000	
257.100000	25.690067	-29.666268	0.000000	
257.150000	25.673050	-29.647965	0.000000	
257.200000	25.655970	-29.629720	0.000000	
257.250000	25.638830	-29.611531	0.000000	
257.300000	25.621622	-29.593406	0.000000	
257.350000	25.604358	-29.575333	0.000000	
257.400000	25.587032	-29.557318	0.000000	
257.450000	25.569643	-29.539363	0.000000	
257.500000	25.552203	-29.521455	0.000000	
257.550000	25.534724	-29.503585	0.000000	
257.600000	25.517209	-29.485750	0.000000	
257.650000	25.499662	-29.467944	0.000000	
257.700000	25.482104	-29.450151	0.000000	
257.750000	25.464541	-29.432362	0.000000	
257.800000	25.446959	-29.414591	0.000000	
257.850000	25.429356	-29.396840	0.000000	
257.900000	25.411750	-29.379091	0.000000	
257.950000	25.394141	-29.361347	0.000000	
258.000000	25.376529	-29.343604	0.000000	
258.050000	25.358916	-29.325864	0.000000	
258.100000	25.341293	-29.308132	0.000000	
258.150000	25.323647	-29.290425	0.000000	
258.200000	25.305998	-29.272719	0.000000	
258.250000	25.288337	-29.255027	0.000000	
258.300000	25.270671	-29.237339	0.000000	
258.350000	25.252999	-29.219657	0.000000	
258.400000	25.235312	-29.201991	0.000000	
258.450000	25.217606	-29.184343	0.000000	
258.500000	25.199902	-29.166694	0.000000	
258.550000	25.182196	-29.149047	0.000000	
258.600000	25.164491	-29.131399	0.000000	
258.650000	25.146790	-29.113747	0.000000	
258.700000	25.129086	-29.096098	0.000000	
258.750000	25.111362	-29.078468	0.000000	
258.800000	25.093613	-29.060864	0.000000	
258.850000	25.075850	-29.043274	0.000000	
258.900000	25.058082	-29.025688	0.000000	
258.950000	25.040289	-29.008127	0.000000	
259.000000	25.022471	-28.990593	0.000000	
259.050000	25.004626	-28.973085	0.000000	
259.100000	24.986761	-28.955599	0.000000	
259.150000	24.968874	-28.938135	0.000000	
259.200000	24.950982	-28.920676	0.000000	
259.250000	24.933066	-28.903243	0.000000	
259.300000	24.915123	-28.885837	0.000000	
259.350000	24.897147	-28.868467	0.000000	
259.400000	24.879144	-28.851125	0.000000	
259.450000	24.861121	-28.833804	0.000000	
259.500000	24.843066	-28.816518	0.000000	
259.550000	24.824978	-28.799268	0.000000	
259.600000	24.806848	-28.782061	0.000000	
259.650000	24.788670	-28.764905	0.000000	
259.700000	24.770442	-28.747803	0.000000	
259.750000	24.752160	-28.730757	0.000000	
259.800000	24.733832	-28.713762	0.000000	
259.850000	24.715466	-28.696808	0.000000	
259.900000	24.697053	-28.679904	0.000000	
259.950000	24.678601	-28.663042	0.000000	
260.000000	24.660109	-28.646221	0.000000	
260.050000	24.641584	-28.629437	0.000000	
260.100000	24.623038	-28.612676	0.000000	
260.150000	24.604468	-28.595941	0.000000	
260.200000	24.585877	-28.579230	0.000000	
260.250000	24.567257	-28.562549	0.000000	
260.300000	24.548611	-28.545897	0.000000	
260.350000	24.529944	-28.529268	0.000000	
260.400000	24.511259	-28.512660	0.000000	
260.450000	24.492545	-28.496085	0.000000	
260.500000	24.473811	-28.479531	0.000000	
260.550000	24.455067	-28.462990	0.000000	
260.600000	24.436311	-28.446462	0.000000	
260.650000	24.417549	-28.429941	0.000000	
260.700000	24.398783	-28.413424	0.000000	
260.750000	24.380015	-28.396910	0.000000	
260.800000	24.361250	-28.380392	0.000000	
260.850000	24.342488	-28.363871	0.000000	
260.900000	24.323710	-28.347367	0.000000	
260.950000	24.304919	-28.330879	0.000000	
261.000000	24.286108	-28.314413	0.000000	
261.050000	24.267280	-28.297968	0.000000	
261.100000	24.248437	-28.281538	0.000000	
261.150000	24.229586	-28.265119	0.000000	
261.200000	24.210733	-28.248702	0.000000	
261.250000	24.191881	-28.232284	0.000000	
261.300000	24.173032	-28.215862	0.000000	
261.350000	24.154197	-28.199425	0.000000	
261.400000	24.135383	-28.182964	0.000000	
261.450000	24.116586	-28.166484	0.000000	
261.500000	24.097814	-28.149975	0.000000	
261.550000	24.079053	-28.133455	0.000000	
261.600000	24.060288	-28.116938	0.000000	
261.650000	24.041518	-28.100427	0.000000	
261.700000	24.022750	-28.083915	0.000000	
261.750000	24.003973	-28.067412	0.000000	
261.800000	23.985187	-28.050920	0.000000	
261.850000	23.966397	-28.034432	0.000000	
261.900000	23.947616	-28.017934	0.000000	
261.950000	23.928849	-28.001420	0.000000	
262.000000	23.910099	-27.984886	0.000000	
262.050000	23.891365	-27.968334	0.000000	
262.100000	23.872655	-27.951756	0.000000	
262.150000	23.853972	-27.935146	0.000000	
262.200000	23.835316	-27.918506	0.000000	
262.250000	23.816677	-27.901847	0.000000	
262.300000	23.798042	-27.885185	0.000000	
262.350000	23.779394	-27.868536	0.000000	
262.400000	23.760723	-27.851913	0.000000	
262.450000	23.742027	-27.835319	0.000000	
262.500000	23.723316	-27.818740	0.000000	
262.550000	23.704588	-27.802182	0.000000	
262.600000	23.685854	-27.785630	0.000000	
262.650000	23.667136	-27.769060	0.000000	
262.700000	23.648436	-27.752470	0.000000	
262.750000	23.629744	-27.735871	0.000000	
262.800000	23.611059	-27.719264	0.000000	
262.850000	23.592386	-27.702643	0.000000	
262.900000	23.573727	-27.686006	0.000000	
262.950000	23.555070	-27.669367	0.000000	
263.000000	23.536431	-27.652708	0.000000	
263.050000	23.517816	-27.636024	0.000000	
263.100000	23.499235	-27.619303	0.000000	
263.150000	23.480688	-27.602546	0.000000	
263.200000	23.462180	-27.585748	0.000000	
263.250000	23.443704	-27.568916	0.000000	
263.300000	23.425271	-27.552040	0.000000	
263.350000	23.406883	-27.535118	0.000000	
263.400000	23.388535	-27.518151	0.000000	
263.450000	23.370241	-27.501126	0.000000	
263.500000	23.352000	-27.484043	0.000000	
263.550000	23.333804	-27.466912	0.000000	
263.600000	23.315662	-27.449722	0.000000	
263.650000	23.297583	-27.432465	0.000000	
263.700000	23.279563	-27.415147	0.000000	
263.750000	23.261585	-27.397786	0.000000	
263.800000	23.243647	-27.380382	0.000000	
263.850000	23.225759	-27.362926	0.000000	
263.900000	23.207924	-27.345413	0.000000	
263.950000	23.190148	-27.327838	0.000000	
264.000000	23.172420	-27.310215	0.000000	
264.050000	23.154728	-27.292553	0.000000	
264.100000	23.137067	-27.274861	0.000000	
264.150000	23.119418	-27.257156	0.000000	
264.200000	23.101770	-27.239449	0.000000	
264.250000	23.084105	-27.221761	0.000000	
264.300000	23.066409	-27.204104	0.000000	
264.350000	23.048683	-27.186478	0.000000	
264.400000	23.030945	-27.168864	0.000000	
264.450000	23.013211	-27.151247	0.000000	
264.500000	22.995465	-27.133641	0.000000	
264.550000	22.977697	-27.116058	0.000000	
264.600000	22.959920	-27.098485	0.000000	
264.650000	22.942116	-27.080940	0.000000	
264.700000	22.924269	-27.063438	0.000000	
264.750000	22.906373	-27.045988	0.000000	
264.800000	22.888430	-27.028587	0.000000	
264.850000	22.870443	-27.011232	0.000000	
264.900000	22.852412	-26.993924	0.000000	
264.950000	22.834321	-26.976680	0.000000	
265.000000	22.816154	-26.959515	0.000000	
265.050000	22.797917	-26.942427	0.000000	
265.100000	22.779612	-26.925412	0.000000	
265.150000	22.761229	-26.908481	0.000000	
265.200000	22.742764	-26.891639	0.000000	
265.250000	22.724221	-26.874886	0.000000	
265.300000	22.705620	-26.858197	0.000000	
265.350000	22.686961	-26.841576	0.000000	
265.400000	22.668232	-26.825036	0.000000	
265.450000	22.649414	-26.808598	0.000000	
265.500000	22.630513	-26.792254	0.000000	
265.550000	22.611533	-26.776002	0.000000	
265.600000	22.592483	-26.759832	0.000000	
265.650000	22.573364	-26.743741	0.000000	
265.700000	22.554175	-26.727733	0.000000	
265.750000	22.534914	-26.711810	0.000000	
265.800000	22.515573	-26.695986	0.000000	
265.850000	22.496157	-26.680251	0.000000	
265.900000	22.476664	-26.664614	0.000000	
265.950000	22.457098	-26.649068	0.000000	
266.000000	22.437458	-26.633614	0.000000	
266.050000	22.417753	-26.618242	0.000000	
266.100000	22.397997	-26.602935	0.000000	
266.150000	22.378181	-26.587705	0.000000	
266.200000	22.358314	-26.572540	0.000000	
266.250000	22.338402	-26.557432	0.000000	
266.300000	22.318448	-26.542381	0.000000	
266.350000	22.298443	-26.527395	0.000000	
266.400000	22.278396	-26.512465	0.000000	
266.450000	22.258327	-26.497565	0.000000	
266.500000	22.238243	-26.482683	0.000000	
266.550000	22.218141	-26.467825	0.000000	
266.600000	22.198019	-26.452994	0.000000	
266.650000	22.177868	-26.438201	0.000000	
266.700000	22.157680	-26.423457	0.000000	
266.750000	22.137469	-26.408745	0.000000	
266.800000	22.117239	-26.394058	0.000000	
266.850000	22.097007	-26.379373	0.000000	
266.900000	22.076772	-26.364692	0.000000	
266.950000	22.056547	-26.349999	0.000000	
267.000000	22.036326	-26.335299	0.000000	
267.050000	22.016111	-26.320592	0.000000	
267.100000	21.995891	-26.305890	0.000000	
267.150000	21.975660	-26.291205	0.000000	
267.200000	21.955425	-26.276524	0.000000	
267.250000	21.935184	-26.261852	0.000000	
267.300000	21.914944	-26.247179	0.000000	
267.350000	21.894712	-26.232496	0.000000	
267.400000	21.874491	-26.217796	0.000000	
267.450000	21.854294	-26.203065	0.000000	
267.500000	21.834112	-26.188313	0.000000	
267.550000	21.813944	-26.173543	0.000000	
267.600000	21.793781	-26.158766	0.000000	
267.650000	21.773632	-26.143970	0.000000	
267.700000	21.753504	-26.129146	0.000000	
267.750000	21.733406	-26.114281	0.000000	
267.800000	21.713327	-26.099392	0.000000	
267.850000	21.693266	-26.084478	0.000000	
267.900000	21.673206	-26.069563	0.000000	
267.950000	21.653147	-26.054645	0.000000	
268.000000	21.633093	-26.039722	0.000000	
268.050000	21.613043	-26.024792	0.000000	
268.100000	21.593013	-26.009837	0.000000	
268.150000	21.573022	-25.994829	0.000000	
268.200000	21.553065	-25.979777	0.000000	
268.250000	21.533150	-25.964668	0.000000	
268.300000	21.513273	-25.949509	0.000000	
268.350000	21.493423	-25.934315	0.000000	
268.400000	21.473592	-25.919094	0.000000	
268.450000	21.453769	-25.903865	0.000000	
268.500000	21.433948	-25.888630	0.000000	
268.550000	21.414132	-25.873391	0.000000	
268.600000	21.394308	-25.858162	0.000000	
268.650000	21.374490	-25.842925	0.000000	
268.700000	21.354683	-25.827674	0.000000	
268.750000	21.334880	-25.812418	0.000000	
268.800000	21.315074	-25.797165	0.000000	
268.850000	21.295278	-25.781900	0.000000	
268.900000	21.275491	-25.766623	0.000000	
268.950000	21.255731	-25.751311	0.000000	
269.000000	21.236005	-25.735954	0.000000	
269.050000	21.216318	-25.720549	0.000000	
269.100000	21.196668	-25.705096	0.000000	
269.150000	21.177047	-25.689607	0.000000	
269.200000	21.157437	-25.674106	0.000000	
269.250000	21.137849	-25.658576	0.000000	
269.300000	21.118279	-25.643024	0.000000	
269.350000	21.098719	-25.627460	0.000000	
269.400000	21.079171	-25.611882	0.000000	
269.450000	21.059633	-25.596290	0.000000	
269.500000	21.040109	-25.580681	0.000000	
269.550000	21.020576	-25.565083	0.000000	
269.600000	21.001015	-25.549523	0.000000	
269.650000	20.981424	-25.534005	0.000000	
269.700000	20.961779	-25.518561	0.000000	
269.750000	20.942055	-25.503231	0.000000	
269.800000	20.922239	-25.488040	0.000000	
269.850000	20.902301	-25.473043	0.000000	
269.900000	20.882214	-25.458290	0.000000	
269.950000	20.861959	-25.443833	0.000000	
270.000000	20.841504	-25.429743	0.000000	
270.050000	20.820829	-25.416080	0.000000	
270.100000	20.799911	-25.402904	0.000000	
270.150000	20.778738	-25.390260	0.000000	
270.200000	20.757305	-25.378185	0.000000	
270.250000	20.735612	-25.366720	0.000000	
270.300000	20.713647	-25.355914	0.000000	
270.350000	20.691402	-25.345839	0.000000	
270.400000	20.668884	-25.336527	0.000000	
270.450000	20.646104	-25.328016	0.000000	
270.500000	20.623070	-25.320348	0.000000	
270.550000	20.599788	-25.313551	0.000000	
270.600000	20.576277	-25.307629	0.000000	
270.650000	20.552560	-25.302595	0.000000	
270.700000	20.528653	-25.298458	0.000000	
270.750000	20.504572	-25.295209	0.000000	
270.800000	20.480340	-25.292820	0.000000	
270.850000	20.455979	-25.291267	0.000000	
270.900000	20.431520	-25.290510	0.000000	
270.950000	20.406987	-25.290525	0.000000	
271.000000	20.382406	-25.291251	0.000000	
271.050000	20.357793	-25.292616	0.000000	
271.100000	20.333167	-25.294576	0.000000	
271.150000	20.308538	-25.297070	0.000000	
271.200000	20.283916	-25.300057	0.000000	
271.250000	20.259304	-25.303489	0.000000	
271.300000	20.234707	-25.307298	0.000000	
271.350000	20.210126	-25.311435	0.000000	
271.400000	20.185565	-25.315825	0.000000	
271.450000	20.161026	-25.320437	0.000000	
271.500000	20.136509	-25.325233	0.000000	
271.550000	20.112013	-25.330169	0.000000	
271.600000	20.087538	-25.335230	0.000000	
271.650000	20.063082	-25.340393	0.000000	
271.700000	20.038641	-25.345637	0.000000	
271.750000	20.014214	-25.350940	0.000000	
271.800000	19.989796	-25.356288	0.000000	
271.850000	19.965388	-25.361680	0.000000	
271.900000	19.940990	-25.367115	0.000000	
271.950000	19.916601	-25.372587	0.000000	
272.000000	19.892219	-25.378086	0.000000	
272.050000	19.867843	-25.383611	0.000000	
272.100000	19.843476	-25.389171	0.000000	
272.150000	19.819114	-25.394753	0.000000	
272.200000	19.794761	-25.400368	0.000000	
272.250000	19.770416	-25.406019	0.000000	
272.300000	19.746080	-25.411711	0.000000	
272.350000	19.721757	-25.417461	0.000000	
272.400000	19.697452	-25.423285	0.000000	
272.450000	19.673161	-25.429180	0.000000	
272.500000	19.648884	-25.435134	0.000000	
272.550000	19.624618	-25.441139	0.000000	
272.600000	19.600365	-25.447199	0.000000	
272.650000	19.576122	-25.453297	0.000000	
272.700000	19.551886	-25.459430	0.000000	
272.750000	19.527652	-25.465569	0.000000	
272.800000	19.503420	-25.471715	0.000000	
272.850000	19.479193	-25.477880	0.000000	
272.900000	19.454968	-25.484055	0.000000	
272.950000	19.430746	-25.490243	0.000000	
273.000000	19.406527	-25.496442	0.000000	
273.050000	19.382307	-25.502635	0.000000	
273.100000	19.358088	-25.508836	0.000000	
273.150000	19.333878	-25.515065	0.000000	
273.200000	19.309673	-25.521316	0.000000	
273.250000	19.285472	-25.527580	0.000000	
273.300000	19.261272	-25.533852	0.000000	
273.350000	19.237075	-25.540133	0.000000	
273.400000	19.212878	-25.546411	0.000000	
273.450000	19.188673	-25.552660	0.000000	
273.500000	19.164468	-25.558909	0.000000	
273.550000	19.140260	-25.565149	0.000000	
273.600000	19.116051	-25.571378	0.000000	
273.650000	19.091838	-25.577594	0.000000	
273.700000	19.067618	-25.583785	0.000000	
273.750000	19.043390	-25.589937	0.000000	
273.800000	19.019157	-25.596070	0.000000	
273.850000	18.994917	-25.602174	0.000000	
273.900000	18.970667	-25.608234	0.000000	
273.950000	18.946408	-25.614260	0.000000	
274.000000	18.922139	-25.620240	0.000000	
274.050000	18.897859	-25.626180	0.000000	
274.100000	18.873569	-25.632075	0.000000	
274.150000	18.849263	-25.637905	0.000000	
274.200000	18.824935	-25.643646	0.000000	
274.250000	18.800590	-25.649314	0.000000	
274.300000	18.776228	-25.654910	0.000000	
274.350000	18.751848	-25.660430	0.000000	
274.400000	18.727449	-25.665860	0.000000	
274.450000	18.703036	-25.671233	0.000000	
274.500000	18.678614	-25.676560	0.000000	
274.550000	18.654177	-25.681816	0.000000	
274.600000	18.629727	-25.687011	0.000000	
274.650000	18.605264	-25.692150	0.000000	
274.700000	18.580788	-25.697223	0.000000	
274.750000	18.556302	-25.702253	0.000000	
274.800000	18.531811	-25.707262	0.000000	
274.850000	18.507312	-25.712228	0.000000	
274.900000	18.482801	-25.717137	0.000000	
274.950000	18.458279	-25.721981	0.000000	
275.000000	18.433745	-25.726769	0.000000	
275.050000	18.409202	-25.731509	0.000000	
275.100000	18.384645	-25.736185	0.000000	
275.150000	18.360079	-25.740812	0.000000	
275.200000	18.335504	-25.745391	0.000000	
275.250000	18.310922	-25.749937	0.000000	
275.300000	18.286333	-25.754442	0.000000	
275.350000	18.261736	-25.758903	0.000000	
275.400000	18.237134	-25.763338	0.000000	
275.450000	18.212528	-25.767747	0.000000	
275.500000	18.187913	-25.772110	0.000000	
275.550000	18.163290	-25.776420	0.000000	
275.600000	18.138658	-25.780677	0.000000	
275.650000	18.114016	-25.784878	0.000000	
275.700000	18.089367	-25.789031	0.000000	
275.750000	18.064713	-25.793153	0.000000	
275.800000	18.040049	-25.797217	0.000000	
275.850000	18.015376	-25.801232	0.000000	
275.900000	17.990696	-25.805212	0.000000	
275.950000	17.966012	-25.809161	0.000000	
276.000000	17.941327	-25.813101	0.000000	
276.050000	17.916636	-25.817012	0.000000	
276.100000	17.891943	-25.820902	0.000000	
276.150000	17.867248	-25.824787	0.000000	
276.200000	17.842551	-25.828655	0.000000	
276.250000	17.817855	-25.832531	0.000000	
276.300000	17.793158	-25.836404	0.000000	
276.350000	17.768461	-25.840273	0.000000	
276.400000	17.743765	-25.844151	0.000000	
276.450000	17.719069	-25.848030	0.000000	
276.500000	17.694377	-25.851929	0.000000	
276.550000	17.669686	-25.855836	0.000000	
276.600000	17.644997	-25.859760	0.000000	
276.650000	17.620311	-25.863696	0.000000	
276.700000	17.595628	-25.867662	0.000000	
276.750000	17.570950	-25.871654	0.000000	
276.800000	17.546275	-25.875662	0.000000	
276.850000	17.521603	-25.879690	0.000000	
276.900000	17.496930	-25.883715	0.000000	
276.950000	17.472255	-25.887726	0.000000	
277.000000	17.447578	-25.891728	0.000000	
277.050000	17.422902	-25.895729	0.000000	
277.100000	17.398226	-25.899734	0.000000	
277.150000	17.373548	-25.903724	0.000000	
277.200000	17.348866	-25.907688	0.000000	
277.250000	17.324182	-25.911638	0.000000	
277.300000	17.299492	-25.915553	0.000000	
277.350000	17.274798	-25.919444	0.000000	
277.400000	17.250102	-25.923321	0.000000	
277.450000	17.225406	-25.927198	0.000000	
277.500000	17.200708	-25.931063	0.000000	
277.550000	17.176007	-25.934916	0.000000	
277.600000	17.151308	-25.938776	0.000000	
277.650000	17.126612	-25.942654	0.000000	
277.700000	17.101922	-25.946566	0.000000	
277.750000	17.077237	-25.950511	0.000000	
277.800000	17.052558	-25.954485	0.000000	
277.850000	17.027886	-25.958500	0.000000	
277.900000	17.003229	-25.962585	0.000000	
277.950000	16.978586	-25.966751	0.000000	
278.000000	16.953962	-25.971014	0.000000	
278.050000	16.929354	-25.975368	0.000000	
278.100000	16.904763	-25.979813	0.000000	
278.150000	16.880187	-25.984338	0.000000	
278.200000	16.855625	-25.988938	0.000000	
278.250000	16.831080	-25.993633	0.000000	
278.300000	16.806551	-25.998410	0.000000	
278.350000	16.782042	-26.003292	0.000000	
278.400000	16.757548	-26.008256	0.000000	
278.450000	16.733068	-26.013292	0.000000	
278.500000	16.708599	-26.018387	0.000000	
278.550000	16.684146	-26.023560	0.000000	
278.600000	16.659707	-26.028804	0.000000	
278.650000	16.635280	-26.034111	0.000000	
278.700000	16.610866	-26.039482	0.000000	
278.750000	16.586463	-26.044904	0.000000	
278.800000	16.562068	-26.050370	0.000000	
278.850000	16.537678	-26.055857	0.000000	
278.900000	16.513291	-26.061356	0.000000	
278.950000	16.488901	-26.066844	0.000000	
279.000000	16.464511	-26.072331	0.000000	
279.050000	16.440118	-26.077805	0.000000	
279.100000	16.415728	-26.083289	0.000000	
279.150000	16.391336	-26.088770	0.000000	
279.200000	16.366945	-26.094250	0.000000	
279.250000	16.342551	-26.099721	0.000000	
279.300000	16.318152	-26.105167	0.000000	
279.350000	16.293752	-26.110607	0.000000	
279.400000	16.269349	-26.116033	0.000000	
279.450000	16.244943	-26.121450	0.000000	
279.500000	16.220534	-26.126848	0.000000	
279.550000	16.196120	-26.132227	0.000000	
279.600000	16.171698	-26.137567	0.000000	
279.650000	16.147270	-26.142880	0.000000	
279.700000	16.122837	-26.148166	0.000000	
279.750000	16.098397	-26.153421	0.000000	
279.800000	16.073955	-26.158669	0.000000	
279.850000	16.049511	-26.163908	0.000000	
279.900000	16.025071	-26.169165	0.000000	
279.950000	16.000637	-26.174448	0.000000	
280.000000	15.976208	-26.179754	0.000000	
280.050000	15.951780	-26.185059	0.000000	
280.100000	15.927355	-26.190382	0.000000	
280.150000	15.902928	-26.195698	0.000000	
280.200000	15.878500	-26.201004	0.000000	
280.250000	15.854069	-26.206300	0.000000	
280.300000	15.829642	-26.211612	0.000000	
280.350000	15.805219	-26.216945	0.000000	
280.400000	15.780799	-26.222294	0.000000	
280.450000	15.756382	-26.227649	0.000000	
280.500000	15.731969	-26.233028	0.000000	
280.550000	15.707566	-26.238449	0.000000	
280.600000	15.683172	-26.243909	0.000000	
280.650000	15.658784	-26.249400	0.000000	
280.700000	15.634399	-26.254903	0.000000	
280.750000	15.610014	-26.260410	0.000000	
280.800000	15.585632	-26.265928	0.000000	
280.850000	15.561246	-26.271429	0.000000	
280.900000	15.536856	-26.276910	0.000000	
280.950000	15.512458	-26.282352	0.000000	
281.000000	15.488049	-26.287746	0.000000	
281.050000	15.463630	-26.293093	0.000000	
281.100000	15.439205	-26.298411	0.000000	
281.150000	15.414774	-26.303706	0.000000	
281.200000	15.390342	-26.308992	0.000000	
281.250000	15.365911	-26.314285	0.000000	
281.300000	15.341483	-26.319591	0.000000	
281.350000	15.317058	-26.324912	0.000000	
281.400000	15.292638	-26.330248	0.000000	
281.450000	15.268215	-26.335578	0.000000	
281.500000	15.243795	-26.340918	0.000000	
281.550000	15.219378	-26.346270	0.000000	
281.600000	15.194964	-26.351637	0.000000	
281.650000	15.170554	-26.357019	0.000000	
281.700000	15.146149	-26.362421	0.000000	
281.750000	15.121750	-26.367847	0.000000	
281.800000	15.097353	-26.373288	0.000000	
281.850000	15.072961	-26.378748	0.000000	
281.900000	15.048578	-26.384249	0.000000	
281.950000	15.024203	-26.389787	0.000000	
282.000000	14.999836	-26.395362	0.000000	
282.050000	14.975479	-26.400985	0.000000	
282.100000	14.951136	-26.406669	0.000000	
282.150000	14.926803	-26.412399	0.000000	
282.200000	14.902474	-26.418147	0.000000	
282.250000	14.878152	-26.423922	0.000000	
282.300000	14.853830	-26.429703	0.000000	
282.350000	14.829509	-26.435483	0.000000	
282.400000	14.805181	-26.441235	0.000000	
282.450000	14.780844	-26.446945	0.000000	
282.500000	14.756505	-26.452646	0.000000	
282.550000	14.732160	-26.458321	0.000000	
282.600000	14.707803	-26.463942	0.000000	
282.650000	14.683430	-26.469493	0.000000	
282.700000	14.659041	-26.474972	0.000000	
282.750000	14.634640	-26.480395	0.000000	
282.800000	14.610231	-26.485781	0.000000	
282.850000	14.585821	-26.491161	0.000000	
282.900000	14.561406	-26.496522	0.000000	
282.950000	14.536986	-26.501856	0.000000	
283.000000	14.512556	-26.507149	0.000000	
283.050000	14.488119	-26.512408	0.000000	
283.100000	14.463668	-26.517600	0.000000	
283.150000	14.439198	-26.522705	0.000000	
283.200000	14.414710	-26.527715	0.000000	
283.250000	14.390205	-26.532638	0.000000	
283.300000	14.365679	-26.537449	0.000000	
283.350000	14.341135	-26.542165	0.000000	
283.400000	14.316577	-26.546809	0.000000	
283.450000	14.292011	-26.551405	0.000000	
283.500000	14.267434	-26.555945	0.000000	
283.550000	14.242842	-26.560399	0.000000	
283.600000	14.218237	-26.564788	0.000000	
283.650000	14.193621	-26.569110	0.000000	
283.700000	14.168997	-26.573383	0.000000	
283.750000	14.144365	-26.577609	0.000000	
283.800000	14.119723	-26.581776	0.000000	
283.850000	14.095072	-26.585893	0.000000	
283.900000	14.070407	-26.589928	0.000000	
283.950000	14.045726	-26.593879	0.000000	
284.000000	14.021032	-26.597754	0.000000	
284.050000	13.996330	-26.601586	0.000000	
284.100000	13.971620	-26.605378	0.000000	
284.150000	13.946907	-26.609144	0.000000	
284.200000	13.922190	-26.612895	0.000000	
284.250000	13.897472	-26.616630	0.000000	
284.300000	13.872752	-26.620354	0.000000	
284.350000	13.848029	-26.624062	0.000000	
284.400000	13.823305	-26.627757	0.000000	
284.450000	13.798576	-26.631417	0.000000	
284.500000	13.773840	-26.635029	0.000000	
284.550000	13.749098	-26.638598	0.000000	
284.600000	13.724351	-26.642134	0.000000	
284.650000	13.699597	-26.645604	0.000000	
284.700000	13.674835	-26.649011	0.000000	
284.750000	13.650064	-26.652344	0.000000	
284.800000	13.625286	-26.655611	0.000000	
284.850000	13.600501	-26.658823	0.000000	
284.900000	13.575706	-26.661959	0.000000	
284.950000	13.550905	-26.665035	0.000000	
285.000000	13.526098	-26.668066	0.000000	
285.050000	13.501284	-26.671036	0.000000	
285.100000	13.476461	-26.673942	0.000000	
285.150000	13.451628	-26.676776	0.000000	
285.200000	13.426785	-26.679523	0.000000	
285.250000	13.401933	-26.682206	0.000000	
285.300000	13.377077	-26.684851	0.000000	
285.350000	13.352217	-26.687467	0.000000	
285.400000	13.327355	-26.690069	0.000000	
285.450000	13.302490	-26.692640	0.000000	
285.500000	13.277622	-26.695196	0.000000	
285.550000	13.252753	-26.697735	0.000000	
285.600000	13.227884	-26.700281	0.000000	
285.650000	13.203018	-26.702850	0.000000	
285.700000	13.178159	-26.705472	0.000000	
285.750000	13.153308	-26.708159	0.000000	
285.800000	13.128465	-26.710923	0.000000	
285.850000	13.103630	-26.713750	0.000000	
285.900000	13.078800	-26.716621	0.000000	
285.950000	13.053975	-26.719542	0.000000	
286.000000	13.029158	-26.722526	0.000000	
286.050000	13.004346	-26.725547	0.000000	
286.100000	12.979539	-26.728620	0.000000	
286.150000	12.954739	-26.731746	0.000000	
286.200000	12.929949	-26.734945	0.000000	
286.250000	12.905169	-26.738223	0.000000	
286.300000	12.880396	-26.741559	0.000000	
286.350000	12.855627	-26.744927	0.000000	
286.400000	12.830864	-26.748339	0.000000	
286.450000	12.806104	-26.751781	0.000000	
286.500000	12.781347	-26.755242	0.000000	
286.550000	12.756593	-26.758728	0.000000	
286.600000	12.731841	-26.762228	0.000000	
286.650000	12.707090	-26.765736	0.000000	
286.700000	12.682337	-26.769239	0.000000	
286.750000	12.657581	-26.772713	0.000000	
286.800000	12.632822	-26.776160	0.000000	
286.850000	12.608057	-26.779564	0.000000	
286.900000	12.583288	-26.782938	0.000000	
286.950000	12.558516	-26.786294	0.000000	
287.000000	12.533743	-26.789637	0.000000	
287.050000	12.508965	-26.792943	0.000000	
287.100000	12.484184	-26.796216	0.000000	
287.150000	12.459396	-26.799442	0.000000	
287.200000	12.434600	-26.802599	0.000000	
287.250000	12.409794	-26.805672	0.000000	
287.300000	12.384977	-26.808657	0.000000	
287.350000	12.360151	-26.811566	0.000000	
287.400000	12.335318	-26.814414	0.000000	
287.450000	12.310474	-26.817170	0.000000	
287.500000	12.285624	-26.819868	0.000000	
287.550000	12.260768	-26.822510	0.000000	
287.600000	12.235906	-26.825088	0.000000	
287.650000	12.211039	-26.827623	0.000000	
287.700000	12.186166	-26.830101	0.000000	
287.750000	12.161285	-26.832506	0.000000	
287.800000	12.136400	-26.834865	0.000000	
287.850000	12.111510	-26.837175	0.000000	
287.900000	12.086617	-26.839452	0.000000	
287.950000	12.061721	-26.841701	0.000000	
288.000000	12.036823	-26.843934	0.000000	
288.050000	12.011923	-26.846148	0.000000	
288.100000	11.987021	-26.848347	0.000000	
288.150000	11.962117	-26.850522	0.000000	
288.200000	11.937212	-26.852690	0.000000	
288.250000	11.912308	-26.854859	0.000000	
288.300000	11.887404	-26.857037	0.000000	
288.350000	11.862502	-26.859229	0.000000	
288.400000	11.837600	-26.861430	0.000000	
288.450000	11.812697	-26.863624	0.000000	
288.500000	11.787797	-26.865843	0.000000	
288.550000	11.762898	-26.868074	0.000000	
288.600000	11.738000	-26.870311	0.000000	
288.650000	11.713100	-26.872541	0.000000	
288.700000	11.688199	-26.874743	0.000000	
288.750000	11.663297	-26.876935	0.000000	
288.800000	11.638395	-26.879119	0.000000	
288.850000	11.613491	-26.881281	0.000000	
288.900000	11.588585	-26.883412	0.000000	
288.950000	11.563676	-26.885508	0.000000	
289.000000	11.538764	-26.887556	0.000000	
289.050000	11.513846	-26.889535	0.000000	
289.100000	11.488925	-26.891465	0.000000	
289.150000	11.464002	-26.893385	0.000000	
289.200000	11.439082	-26.895334	0.000000	
289.250000	11.414171	-26.897351	0.000000	
289.300000	11.389276	-26.899484	0.000000	
289.350000	11.364410	-26.901781	0.000000	
289.400000	11.339582	-26.904289	0.000000	
289.450000	11.314806	-26.907051	0.000000	
289.500000	11.290100	-26.910128	0.000000	
289.550000	11.265482	-26.913556	0.000000	
289.600000	11.240968	-26.917364	0.000000	
289.650000	11.216587	-26.921625	0.000000	
289.700000	11.192360	-26.926392	0.000000	
289.750000	11.168324	-26.931734	0.000000	
289.800000	11.144504	-26.937680	0.000000	
289.850000	11.120932	-26.944282	0.000000	
289.900000	11.097624	-26.951561	0.000000	
289.950000	11.074618	-26.959569	0.000000	
290.000000	11.051944	-26.968337	0.000000	
290.050000	11.029638	-26.977907	0.000000	
290.100000	11.007720	-26.988299	0.000000	
290.150000	10.986211	-26.999514	0.000000	
290.200000	10.965128	-27.011538	0.000000	
290.250000	10.944489	-27.024365	0.000000	
290.300000	10.924294	-27.037951	0.000000	
290.350000	10.904529	-27.052243	0.000000	
290.400000	10.885175	-27.067180	0.000000	
290.450000	10.866235	-27.082736	0.000000	
290.500000	10.847705	-27.098874	0.000000	
290.550000	10.829565	-27.115543	0.000000	
290.600000	10.811793	-27.132689	0.000000	
290.650000	10.794371	-27.150275	0.000000	
290.700000	10.777283	-27.168256	0.000000	
290.750000	10.760521	-27.186603	0.000000	
290.800000	10.744066	-27.205270	0.000000	
290.850000	10.727903	-27.224226	0.000000	
290.900000	10.712004	-27.243432	0.000000	
290.950000	10.696353	-27.262866	0.000000	
291.000000	10.680921	-27.282493	0.000000	
291.050000	10.665689	-27.302285	0.000000	
291.100000	10.650626	-27.322212	0.000000	
291.150000	10.635702	-27.342247	0.000000	
291.200000	10.620903	-27.362377	0.000000	
291.250000	10.606199	-27.382577	0.000000	
291.300000	10.591568	-27.402832	0.000000	
291.350000	10.577012	-27.423140	0.000000	
291.400000	10.562530	-27.443503	0.000000	
291.450000	10.548133	-27.463927	0.000000	
291.500000	10.533800	-27.484398	0.000000	
291.550000	10.519507	-27.504899	0.000000	
291.600000	10.505268	-27.525439	0.000000	
291.650000	10.491074	-27.546012	0.000000	
291.700000	10.476940	-27.566629	0.000000	
291.750000	10.462847	-27.587275	0.000000	
291.800000	10.448785	-27.607944	0.000000	
291.850000	10.434743	-27.628626	0.000000	
291.900000	10.420721	-27.649322	0.000000	
291.950000	10.406729	-27.670039	0.000000	
292.000000	10.392772	-27.690778	0.000000	
292.050000	10.378844	-27.711536	0.000000	
292.100000	10.364925	-27.732301	0.000000	
292.150000	10.351000	-27.753061	0.000000	
292.200000	10.337086	-27.773829	0.000000	
292.250000	10.323170	-27.794595	0.000000	
292.300000	10.309260	-27.815366	0.000000	
292.350000	10.295341	-27.836130	0.000000	
292.400000	10.281405	-27.856883	0.000000	
292.450000	10.267465	-27.877633	0.000000	
292.500000	10.253523	-27.898382	0.000000	
292.550000	10.239598	-27.919142	0.000000	
292.600000	10.225703	-27.939922	0.000000	
292.650000	10.211831	-27.960718	0.000000	
292.700000	10.198002	-27.981542	0.000000	
292.750000	10.184212	-28.002392	0.000000	
292.800000	10.170477	-28.023279	0.000000	
292.850000	10.156801	-28.044203	0.000000	
292.900000	10.143180	-28.065163	0.000000	
292.950000	10.129597	-28.086146	0.000000	
293.000000	10.116042	-28.107147	0.000000	
293.050000	10.102512	-28.128164	0.000000	
293.100000	10.088997	-28.149191	0.000000	
293.150000	10.075489	-28.170221	0.000000	
293.200000	10.061993	-28.191260	0.000000	
293.250000	10.048496	-28.212298	0.000000	
293.300000	10.035000	-28.233336	0.000000	
293.350000	10.021503	-28.254375	0.000000	
293.400000	10.008012	-28.275416	0.000000	
293.450000	9.994537	-28.296470	0.000000	
293.500000	9.981086	-28.317538	0.000000	
293.550000	9.967656	-28.338621	0.000000	
293.600000	9.954247	-28.359716	0.000000	
293.650000	9.940849	-28.380820	0.000000	
293.700000	9.927456	-28.401926	0.000000	
293.750000	9.914057	-28.423028	0.000000	
293.800000	9.900645	-28.444122	0.000000	
293.850000	9.887213	-28.465204	0.000000	
293.900000	9.873760	-28.486273	0.000000	
293.950000	9.860290	-28.507331	0.000000	
294.000000	9.846793	-28.528372	0.000000	
294.050000	9.833280	-28.549403	0.000000	
294.100000	9.819754	-28.570427	0.000000	
294.150000	9.806208	-28.591437	0.000000	
294.200000	9.792660	-28.612447	0.000000	
294.250000	9.779117	-28.633459	0.000000	
294.300000	9.765575	-28.654472	0.000000	
294.350000	9.752042	-28.675492	0.000000	
294.400000	9.738510	-28.696512	0.000000	
294.450000	9.724987	-28.717537	0.000000	
294.500000	9.711476	-28.738571	0.000000	
294.550000	9.697968	-28.759607	0.000000	
294.600000	9.684453	-28.780637	0.000000	
294.650000	9.670931	-28.801664	0.000000	
294.700000	9.657418	-28.822697	0.000000	
294.750000	9.643933	-28.843746	0.000000	
294.800000	9.630475	-28.864813	0.000000	
294.850000	9.617039	-28.885894	0.000000	
294.900000	9.603633	-28.906993	0.000000	
294.950000	9.590256	-28.928111	0.000000	
295.000000	9.576899	-28.949240	0.000000	
295.050000	9.563561	-28.970382	0.000000	
295.100000	9.550236	-28.991531	0.000000	
295.150000	9.536934	-29.012695	0.000000	
295.200000	9.523667	-29.033880	0.000000	
295.250000	9.510426	-29.055082	0.000000	
295.300000	9.497224	-29.076307	0.000000	
295.350000	9.484055	-29.097553	0.000000	
295.400000	9.470903	-29.118810	0.000000	
295.450000	9.457789	-29.140091	0.000000	
295.500000	9.444710	-29.161395	0.000000	
295.550000	9.431652	-29.182711	0.000000	
295.600000	9.418624	-29.204047	0.000000	
295.650000	9.405636	-29.225407	0.000000	
295.700000	9.392682	-29.246788	0.000000	
295.750000	9.379746	-29.268181	0.000000	
295.800000	9.366828	-29.289583	0.000000	
295.850000	9.353938	-29.311003	0.000000	
295.900000	9.341067	-29.332434	0.000000	
295.950000	9.328195	-29.353864	0.000000	
296.000000	9.315306	-29.375284	0.000000	
296.050000	9.302402	-29.396695	0.000000	
296.100000	9.289505	-29.418110	0.000000	
296.150000	9.276621	-29.439533	0.000000	
296.200000	9.263747	-29.460962	0.000000	
296.250000	9.250870	-29.482389	0.000000	
296.300000	9.238009	-29.503826	0.000000	
296.350000	9.225156	-29.525267	0.000000	
296.400000	9.212335	-29.546727	0.000000	
296.450000	9.199557	-29.568212	0.000000	
296.500000	9.186816	-29.589719	0.000000	
296.550000	9.174128	-29.611257	0.000000	
296.600000	9.161494	-29.632827	0.000000	
296.650000	9.148891	-29.654414	0.000000	
296.700000	9.136304	-29.676011	0.000000	
296.750000	9.123718	-29.697608	0.000000	
296.800000	9.111125	-29.719201	0.000000	
296.850000	9.098505	-29.740778	0.000000	
296.900000	9.085836	-29.762325	0.000000	
296.950000	9.073125	-29.783846	0.000000	
297.000000	9.060378	-29.805345	0.000000	
297.050000	9.047605	-29.826827	0.000000	
297.100000	9.034829	-29.848307	0.000000	
297.150000	9.022056	-29.869789	0.000000	
297.200000	9.009274	-29.891267	0.000000	
297.250000	8.996475	-29.912733	0.000000	
297.300000	8.983670	-29.934196	0.000000	
297.350000	8.970859	-29.955655	0.000000	
297.400000	8.958029	-29.977104	0.000000	
297.450000	8.945176	-29.998539	0.000000	
297.500000	8.932297	-30.019959	0.000000	
297.550000	8.919396	-30.041366	0.000000	
297.600000	8.906454	-30.062750	0.000000	
297.650000	8.893473	-30.084111	0.000000	
297.700000	8.880445	-30.105445	0.000000	
297.750000	8.867377	-30.126755	0.000000	
297.800000	8.854293	-30.148055	0.000000	
297.850000	8.841200	-30.169349	0.000000	
297.900000	8.828119	-30.190651	0.000000	
297.950000	8.815057	-30.211965	0.000000	
298.000000	8.802034	-30.233303	0.000000	
298.050000	8.789050	-30.254665	0.000000	
298.100000	8.776087	-30.276041	0.000000	
298.150000	8.763121	-30.297414	0.000000	
298.200000	8.750130	-30.318773	0.000000	
298.250000	8.737099	-30.340105	0.000000	
298.300000	8.724028	-30.361413	0.000000	
298.350000	8.710905	-30.382687	0.000000	
298.400000	8.697724	-30.403925	0.000000	
298.450000	8.684508	-30.425141	0.000000	
298.500000	8.671255	-30.446334	0.000000	
298.550000	8.657958	-30.467499	0.000000	
298.600000	8.644620	-30.488639	0.000000	
298.650000	8.631241	-30.509753	0.000000	
298.700000	8.617807	-30.530832	0.000000	
298.750000	8.604329	-30.551882	0.000000	
298.800000	8.590816	-30.572910	0.000000	
298.850000	8.577264	-30.593913	0.000000	
298.900000	8.563680	-30.614895	0.000000	
298.950000	8.550061	-30.635855	0.000000	
299.000000	8.536420	-30.656801	0.000000	
299.050000	8.522736	-30.677721	0.000000	
299.100000	8.509021	-30.698621	0.000000	
299.150000	8.495291	-30.719512	0.000000	
299.200000	8.481559	-30.740402	0.000000	
299.250000	8.467841	-30.761300	0.000000	
299.300000	8.454159	-30.782222	0.000000	
299.350000	8.440527	-30.803174	0.000000	
299.400000	8.426961	-30.824169	0.000000	
299.450000	8.413455	-30.845201	0.000000	
299.500000	8.399992	-30.866260	0.000000	
299.550000	8.386568	-30.887342	0.000000	
299.600000	8.373205	-30.908462	0.000000	
299.650000	8.359883	-30.929608	0.000000	
299.700000	8.346606	-30.950783	0.000000	
299.750000	8.333386	-30.971993	0.000000	
299.800000	8.320214	-30.993234	0.000000	
299.850000	8.307078	-31.014499	0.000000	
299.900000	8.293976	-31.035785	0.000000	
299.950000	8.280910	-31.057095	0.000000	
300.000000	8.267879	-31.078426	0.000000	
300.050000	8.254866	-31.099769	0.000000	
300.100000	8.241875	-31.121127	0.000000	
300.150000	8.228918	-31.142504	0.000000	
300.200000	8.215995	-31.163903	0.000000	
300.250000	8.203105	-31.185323	0.000000	
300.300000	8.190240	-31.206757	0.000000	
300.350000	8.177379	-31.228194	0.000000	
300.400000	8.164500	-31.249620	0.000000	
300.450000	8.151597	-31.271031	0.000000	
300.500000	8.138666	-31.292426	0.000000	
300.550000	8.125713	-31.313807	0.000000	
300.600000	8.112732	-31.335171	0.000000	
300.650000	8.099712	-31.356512	0.000000	
300.700000	8.086662	-31.377834	0.000000	
300.750000	8.073596	-31.399147	0.000000	
300.800000	8.060512	-31.420448	0.000000	
300.850000	8.047422	-31.441746	0.000000	
300.900000	8.034329	-31.463042	0.000000	
300.950000	8.021223	-31.484330	0.000000	
301.000000	8.008098	-31.505606	0.000000	
301.050000	7.994955	-31.526871	0.000000	
301.100000	7.981789	-31.548121	0.000000	
301.150000	7.968588	-31.569349	0.000000	
301.200000	7.955337	-31.590545	0.000000	
301.250000	7.942031	-31.611706	0.000000	
301.300000	7.928669	-31.632833	0.000000	
301.350000	7.915261	-31.653930	0.000000	
301.400000	7.901822	-31.675008	0.000000	
301.450000	7.888364	-31.696075	0.000000	
301.500000	7.874895	-31.717134	0.000000	
301.550000	7.861424	-31.738192	0.000000	
301.600000	7.847959	-31.759254	0.000000	
301.650000	7.834510	-31.780325	0.000000	
301.700000	7.821085	-31.801412	0.000000	
301.750000	7.807682	-31.822512	0.000000	
301.800000	7.794276	-31.843610	0.000000	
301.850000	7.780863	-31.864704	0.000000	
301.900000	7.767451	-31.885798	0.000000	
301.950000	7.754058	-31.906904	0.000000	
302.000000	7.740687	-31.928024	0.000000	
302.050000	7.727327	-31.949151	0.000000	
302.100000	7.713981	-31.970286	0.000000	
302.150000	7.700674	-31.991446	0.000000	
302.200000	7.687421	-32.012639	0.000000	
302.250000	7.674210	-32.033860	0.000000	
302.300000	7.661036	-32.055104	0.000000	
302.350000	7.647889	-32.076366	0.000000	
302.400000	7.634756	-32.097637	0.000000	
302.450000	7.621615	-32.118903	0.000000	
302.500000	7.608470	-32.140165	0.000000	
302.550000	7.595300	-32.161413	0.000000	
302.600000	7.582108	-32.182645	0.000000	
302.650000	7.568891	-32.203862	0.000000	
302.700000	7.555647	-32.225062	0.000000	
302.750000	7.542377	-32.246246	0.000000	
302.800000	7.529098	-32.267425	0.000000	
302.850000	7.515827	-32.288608	0.000000	
302.900000	7.502583	-32.309808	0.000000	
302.950000	7.489370	-32.331026	0.000000	
303.000000	7.476166	-32.352250	0.000000	
303.050000	7.462975	-32.373482	0.000000	
303.100000	7.449809	-32.394729	0.000000	
303.150000	7.436670	-32.415992	0.000000	
303.200000	7.423548	-32.437265	0.000000	
303.250000	7.410449	-32.458551	0.000000	
303.300000	7.397397	-32.479864	0.000000	
303.350000	7.384395	-32.501207	0.000000	
303.400000	7.371443	-32.522579	0.000000	
303.450000	7.358554	-32.543989	0.000000	
303.500000	7.345727	-32.565436	0.000000	
303.550000	7.332950	-32.586915	0.000000	
303.600000	7.320226	-32.608427	0.000000	
303.650000	7.307547	-32.629967	0.000000	
303.700000	7.294895	-32.651524	0.000000	
303.750000	7.282253	-32.673088	0.000000	
303.800000	7.269610	-32.694651	0.000000	
303.850000	7.256953	-32.716205	0.000000	
303.900000	7.244269	-32.737742	0.000000	
303.950000	7.231540	-32.759251	0.000000	
304.000000	7.218750	-32.780723	0.000000	
304.050000	7.205926	-32.802173	0.000000	
304.100000	7.193062	-32.823599	0.000000	
304.150000	7.180168	-32.845007	0.000000	
304.200000	7.167247	-32.866398	0.000000	
304.250000	7.154307	-32.887778	0.000000	
304.300000	7.141328	-32.909136	0.000000	
304.350000	7.128295	-32.930462	0.000000	
304.400000	7.115221	-32.951763	0.000000	
304.450000	7.102126	-32.973054	0.000000	
304.500000	7.089004	-32.994328	0.000000	
304.550000	7.075866	-33.015593	0.000000	
304.600000	7.062709	-33.036847	0.000000	
304.650000	7.049560	-33.058106	0.000000	
304.700000	7.036415	-33.079367	0.000000	
304.750000	7.023295	-33.100643	0.000000	
304.800000	7.010204	-33.121937	0.000000	
304.850000	6.997133	-33.143243	0.000000	
304.900000	6.984093	-33.164568	0.000000	
304.950000	6.971093	-33.185918	0.000000	
305.000000	6.958128	-33.207290	0.000000	
305.050000	6.945201	-33.228687	0.000000	
305.100000	6.932300	-33.250098	0.000000	
305.150000	6.919426	-33.271528	0.000000	
305.200000	6.906563	-33.292963	0.000000	
305.250000	6.893694	-33.314396	0.000000	
305.300000	6.880811	-33.335820	0.000000	
305.350000	6.867938	-33.357250	0.000000	
305.400000	6.855091	-33.378695	0.000000	
305.450000	6.842275	-33.400159	0.000000	
305.500000	6.829474	-33.421632	0.000000	
305.550000	6.816703	-33.443121	0.000000	
305.600000	6.803959	-33.464626	0.000000	
305.650000	6.791251	-33.486152	0.000000	
305.700000	6.778576	-33.507696	0.000000	
305.750000	6.765942	-33.529264	0.000000	
305.800000	6.753336	-33.550848	0.000000	
305.850000	6.740781	-33.572460	0.000000	
305.900000	6.728293	-33.594109	0.000000	
305.950000	6.715871	-33.615795	0.000000	
306.000000	6.703514	-33.637516	0.000000	
306.050000	6.691218	-33.659273	0.000000	
306.100000	6.678988	-33.681066	0.000000	
306.150000	6.666813	-33.702891	0.000000	
306.200000	6.654707	-33.724755	0.000000	
306.250000	6.642688	-33.746667	0.000000	
306.300000	6.630752	-33.768627	0.000000	
306.350000	6.618882	-33.790624	0.000000	
306.400000	6.607076	-33.812657	0.000000	
306.450000	6.595315	-33.834715	0.000000	
306.500000	6.583590	-33.856793	0.000000	
306.550000	6.571910	-33.878895	0.000000	
306.600000	6.560243	-33.901004	0.000000	
306.650000	6.548596	-33.923123	0.000000	
306.700000	6.536979	-33.945260	0.000000	
306.750000	6.525374	-33.967402	0.000000	
306.800000	6.513787	-33.989554	0.000000	
306.850000	6.502209	-34.011711	0.000000	
306.900000	6.490629	-34.033867	0.000000	
306.950000	6.479033	-34.056014	0.000000	
307.000000	6.467427	-34.078156	0.000000	
307.050000	6.455798	-34.100286	0.000000	
307.100000	6.444151	-34.122406	0.000000	
307.150000	6.432479	-34.144513	0.000000	
307.200000	6.420780	-34.166605	0.000000	
307.250000	6.409046	-34.188678	0.000000	
307.300000	6.397269	-34.210728	0.000000	
307.350000	6.385442	-34.232751	0.000000	
307.400000	6.373566	-34.254747	0.000000	
307.450000	6.361616	-34.276701	0.000000	
307.500000	6.349603	-34.298619	0.000000	
307.550000	6.337522	-34.320498	0.000000	
307.600000	6.325360	-34.342332	0.000000	
307.650000	6.313129	-34.364126	0.000000	
307.700000	6.300824	-34.385877	0.000000	
307.750000	6.288435	-34.407579	0.000000	
307.800000	6.275962	-34.429233	0.000000	
307.850000	6.263386	-34.450827	0.000000	
307.900000	6.250708	-34.472360	0.000000	
307.950000	6.237922	-34.493828	0.000000	
308.000000	6.225022	-34.515226	0.000000	
308.050000	6.212007	-34.536556	0.000000	
308.100000	6.198901	-34.557831	0.000000	
308.150000	6.185711	-34.579056	0.000000	
308.200000	6.172435	-34.600227	0.000000	
308.250000	6.159085	-34.621353	0.000000	
308.300000	6.145660	-34.642433	0.000000	
308.350000	6.132152	-34.663462	0.000000	
308.400000	6.118584	-34.684454	0.000000	
308.450000	6.104961	-34.705412	0.000000	
308.500000	6.091288	-34.726337	0.000000	
308.550000	6.077567	-34.747231	0.000000	
308.600000	6.063790	-34.768089	0.000000	
308.650000	6.049976	-34.788924	0.000000	
308.700000	6.036144	-34.809747	0.000000	
308.750000	6.022297	-34.830560	0.000000	
308.800000	6.008444	-34.851369	0.000000	
308.850000	5.994578	-34.872170	0.000000	
308.900000	5.980714	-34.892973	0.000000	
308.950000	5.966869	-34.913787	0.000000	
309.000000	5.953040	-34.934613	0.000000	
309.050000	5.939224	-34.955446	0.000000	
309.100000	5.925405	-34.976279	0.000000	
309.150000	5.911582	-34.997108	0.000000	
309.200000	5.897768	-35.017944	0.000000	
309.250000	5.883954	-35.038780	0.000000	
309.300000	5.870147	-35.059620	0.000000	
309.350000	5.856340	-35.080459	0.000000	
309.400000	5.842552	-35.101312	0.000000	
309.450000	5.828771	-35.122169	0.000000	
309.500000	5.814993	-35.143029	0.000000	
309.550000	5.801220	-35.163891	0.000000	
309.600000	5.787445	-35.184753	0.000000	
309.650000	5.773666	-35.205611	0.000000	
309.700000	5.759879	-35.226464	0.000000	
309.750000	5.746082	-35.247310	0.000000	
309.800000	5.732272	-35.268149	0.000000	
309.850000	5.718446	-35.288976	0.000000	
309.900000	5.704606	-35.309794	0.000000	
309.950000	5.690745	-35.330598	0.000000	
310.000000	5.676868	-35.351392	0.000000	
310.050000	5.662978	-35.372177	0.000000	
310.100000	5.649077	-35.392955	0.000000	
310.150000	5.635156	-35.413719	0.000000	
310.200000	5.621208	-35.434464	0.000000	
310.250000	5.607219	-35.455182	0.000000	
310.300000	5.593194	-35.475874	0.000000	
310.350000	5.579112	-35.496526	0.000000	
310.400000	5.564967	-35.517134	0.000000	
310.450000	5.550756	-35.537696	0.000000	
310.500000	5.536485	-35.558216	0.000000	
310.550000	5.522169	-35.578704	0.000000	
310.600000	5.507820	-35.599170	0.000000	
310.650000	5.493428	-35.619605	0.000000	
310.700000	5.478997	-35.640012	0.000000	
310.750000	5.464524	-35.660389	0.000000	
310.800000	5.449995	-35.680726	0.000000	
310.850000	5.435406	-35.701020	0.000000	
310.900000	5.420742	-35.721261	0.000000	
310.950000	5.406020	-35.741459	0.000000	
311.000000	5.391232	-35.761610	0.000000	
311.050000	5.376364	-35.781703	0.000000	
311.100000	5.361413	-35.801734	0.000000	
311.150000	5.346377	-35.821701	0.000000	
311.200000	5.331276	-35.841619	0.000000	
311.250000	5.316120	-35.861495	0.000000	
311.300000	5.300927	-35.881343	0.000000	
311.350000	5.285707	-35.901172	0.000000	
311.400000	5.270489	-35.921002	0.000000	
311.450000	5.255277	-35.940837	0.000000	
311.500000	5.240051	-35.960660	0.000000	
311.550000	5.224802	-35.980467	0.000000	
311.600000	5.209521	-36.000250	0.000000	
311.650000	5.194203	-36.020004	0.000000	
311.700000	5.178848	-36.039729	0.000000	
311.750000	5.163470	-36.059437	0.000000	
311.800000	5.148055	-36.079116	0.000000	
311.850000	5.132618	-36.098777	0.000000	
311.900000	5.117151	-36.118416	0.000000	
311.950000	5.101659	-36.138034	0.000000	
312.000000	5.086144	-36.157634	0.000000	
312.050000	5.070604	-36.177214	0.000000	
312.100000	5.055033	-36.196769	0.000000	
312.150000	5.039448	-36.216313	0.000000	
312.200000	5.023876	-36.235867	0.000000	
312.250000	5.008316	-36.255430	0.000000	
312.300000	4.992760	-36.274997	0.000000	
312.350000	4.977192	-36.294554	0.000000	
312.400000	4.961616	-36.314106	0.000000	
312.450000	4.946017	-36.333639	0.000000	
312.500000	4.930398	-36.353157	0.000000	
312.550000	4.914767	-36.372666	0.000000	
312.600000	4.899126	-36.392167	0.000000	
312.650000	4.883468	-36.411655	0.000000	
312.700000	4.867795	-36.431130	0.000000	
312.750000	4.852115	-36.450600	0.000000	
312.800000	4.836422	-36.470058	0.000000	
312.850000	4.820729	-36.489517	0.000000	
312.900000	4.805024	-36.508967	0.000000	
312.950000	4.789314	-36.528412	0.000000	
313.000000	4.773592	-36.547849	0.000000	
313.050000	4.757853	-36.567270	0.000000	
313.100000	4.742100	-36.586680	0.000000	
313.150000	4.726346	-36.606089	0.000000	
313.200000	4.710578	-36.625485	0.000000	
313.250000	4.694772	-36.644850	0.000000	
313.300000	4.678929	-36.664184	0.000000	
313.350000	4.663031	-36.683473	0.000000	
313.400000	4.647072	-36.702709	0.000000	
313.450000	4.631032	-36.721876	0.000000	
313.500000	4.614906	-36.740968	0.000000	
313.550000	4.598695	-36.759987	0.000000	
313.600000	4.582403	-36.778937	0.000000	
313.650000	4.566040	-36.797825	0.000000	
313.700000	4.549614	-36.816658	0.000000	
313.750000	4.533137	-36.835446	0.000000	
313.800000	4.516615	-36.854196	0.000000	
313.850000	4.500042	-36.872902	0.000000	
313.900000	4.483428	-36.891573	0.000000	
313.950000	4.466769	-36.910206	0.000000	
314.000000	4.450075	-36.928808	0.000000	
314.050000	4.433350	-36.947384	0.000000	
314.100000	4.416607	-36.965944	0.000000	
314.150000	4.399849	-36.984491	0.000000	
314.200000	4.383083	-37.003032	0.000000	
314.250000	4.366314	-37.021570	0.000000	
314.300000	4.349547	-37.040109	0.000000	
314.350000	4.332770	-37.058640	0.000000	
314.400000	4.316004	-37.077181	0.000000	
314.450000	4.299271	-37.095750	0.000000	
314.500000	4.282571	-37.114349	0.000000	
314.550000	4.265926	-37.132998	0.000000	
314.600000	4.249332	-37.151692	0.000000	
314.650000	4.232782	-37.170426	0.000000	
314.700000	4.216274	-37.189197	0.000000	
314.750000	4.199818	-37.208014	0.000000	
314.800000	4.183394	-37.226859	0.000000	
314.850000	4.167005	-37.245735	0.000000	
314.900000	4.150657	-37.264647	0.000000	
314.950000	4.134345	-37.283590	0.000000	
315.000000	4.118073	-37.302567	0.000000	
315.050000	4.101850	-37.321585	0.000000	
315.100000	4.085669	-37.340639	0.000000	
315.150000	4.069510	-37.359713	0.000000	
315.200000	4.053373	-37.378805	0.000000	
315.250000	4.037264	-37.397921	0.000000	
315.300000	4.021189	-37.417064	0.000000	
315.350000	4.005160	-37.436246	0.000000	
315.400000	3.989196	-37.455482	0.000000	
315.450000	3.973315	-37.474783	0.000000	
315.500000	3.957545	-37.494168	0.000000	
315.550000	3.941916	-37.513658	0.000000	
315.600000	3.926470	-37.533275	0.000000	
315.650000	3.911251	-37.553043	0.000000	
315.700000	3.896307	-37.572986	0.000000	
315.750000	3.881691	-37.593128	0.000000	
315.800000	3.867456	-37.613483	0.000000	
315.850000	3.853671	-37.634079	0.000000	
315.900000	3.840375	-37.654920	0.000000	
315.950000	3.827626	-37.676019	0.000000	
316.000000	3.815461	-37.697375	0.000000	
316.050000	3.803931	-37.718993	0.000000	
316.100000	3.793093	-37.740871	0.000000	
316.150000	3.783030	-37.763019	0.000000	
316.200000	3.773816	-37.785442	0.000000	
316.250000	3.765495	-37.808135	0.000000	
316.300000	3.758085	-37.831083	0.000000	
316.350000	3.751616	-37.854277	0.000000	
316.400000	3.746125	-37.877702	0.000000	
316.450000	3.741616	-37.901345	0.000000	
316.500000	3.738083	-37.925179	0.000000	
316.550000	3.735500	-37.949178	0.000000	
316.600000	3.733866	-37.973320	0.000000	
316.650000	3.733134	-37.997574	0.000000	
316.700000	3.733284	-38.021906	0.000000	
316.750000	3.734286	-38.046295	0.000000	
316.800000	3.736094	-38.070711	0.000000	
316.850000	3.738655	-38.095131	0.000000	
316.900000	3.741904	-38.119539	0.000000	
316.950000	3.745780	-38.143926	0.000000	
317.000000	3.750210	-38.168284	0.000000	
317.050000	3.755142	-38.192607	0.000000	
317.100000	3.760517	-38.216891	0.000000	
317.150000	3.766255	-38.241134	0.000000	
317.200000	3.772299	-38.265332	0.000000	
317.250000	3.778578	-38.289490	0.000000	
317.300000	3.785047	-38.313610	0.000000	
317.350000	3.791663	-38.337702	0.000000	
317.400000	3.798403	-38.361765	0.000000	
317.450000	3.805229	-38.385808	0.000000	
317.500000	3.812112	-38.409837	0.000000	
317.550000	3.819049	-38.433851	0.000000	
317.600000	3.826036	-38.457851	0.000000	
317.650000	3.833041	-38.481847	0.000000	
317.700000	3.840054	-38.505840	0.000000	
317.750000	3.847056	-38.529836	0.000000	
317.800000	3.854029	-38.553841	0.000000	
317.850000	3.860964	-38.577858	0.000000	
317.900000	3.867844	-38.601891	0.000000	
317.950000	3.874676	-38.625938	0.000000	
318.000000	3.881472	-38.649996	0.000000	
318.050000	3.888261	-38.674056	0.000000	
318.100000	3.895058	-38.698114	0.000000	
318.150000	3.901871	-38.722167	0.000000	
318.200000	3.908706	-38.746213	0.000000	
318.250000	3.915546	-38.770259	0.000000	
318.300000	3.922394	-38.794302	0.000000	
318.350000	3.929238	-38.818346	0.000000	
318.400000	3.936101	-38.842385	0.000000	
318.450000	3.942979	-38.866420	0.000000	
318.500000	3.949877	-38.890448	0.000000	
318.550000	3.956803	-38.914469	0.000000	
318.600000	3.963746	-38.938485	0.000000	
318.650000	3.970711	-38.962493	0.000000	
318.700000	3.977724	-38.986487	0.000000	
318.750000	3.984798	-39.010462	0.000000	
318.800000	3.991920	-39.034422	0.000000	
318.850000	3.999100	-39.058363	0.000000	
318.900000	4.006338	-39.082287	0.000000	
318.950000	4.013650	-39.106188	0.000000	
319.000000	4.021024	-39.130069	0.000000	
319.050000	4.028473	-39.153928	0.000000	
319.100000	4.035969	-39.177772	0.000000	
319.150000	4.043503	-39.201603	0.000000	
319.200000	4.051088	-39.225418	0.000000	
319.250000	4.058735	-39.249214	0.000000	
319.300000	4.066463	-39.272983	0.000000	
319.350000	4.074287	-39.296719	0.000000	
319.400000	4.082217	-39.320421	0.000000	
319.450000	4.090255	-39.344087	0.000000	
319.500000	4.098408	-39.367713	0.000000	
319.550000	4.106670	-39.391299	0.000000	
319.600000	4.115040	-39.414847	0.000000	
319.650000	4.123503	-39.438362	0.000000	
319.700000	4.132050	-39.461848	0.000000	
319.750000	4.140678	-39.485302	0.000000	
319.800000	4.149377	-39.508730	0.000000	
319.850000	4.158159	-39.532126	0.000000	
319.900000	4.167007	-39.555498	0.000000	
319.950000	4.175906	-39.578851	0.000000	
320.000000	4.184838	-39.602192	0.000000	
320.050000	4.193822	-39.625514	0.000000	
320.100000	4.202838	-39.648825	0.000000	
320.150000	4.211901	-39.672119	0.000000	
320.200000	4.221008	-39.695397	0.000000	
320.250000	4.230152	-39.718662	0.000000	
320.300000	4.239320	-39.741917	0.000000	
320.350000	4.248509	-39.765165	0.000000	
320.400000	4.257713	-39.788407	0.000000	
320.450000	4.266926	-39.811646	0.000000	
320.500000	4.276126	-39.834889	0.000000	
320.550000	4.285300	-39.858143	0.000000	
320.600000	4.294438	-39.881411	0.000000	
320.650000	4.303555	-39.904687	0.000000	
320.700000	4.312650	-39.927973	0.000000	
320.750000	4.321711	-39.951271	0.000000	
320.800000	4.330712	-39.974592	0.000000	
320.850000	4.339638	-39.997941	0.000000	
320.900000	4.348470	-40.021326	0.000000	
320.950000	4.357229	-40.044738	0.000000	
321.000000	4.365944	-40.068165	0.000000	
321.050000	4.374637	-40.091601	0.000000	
321.100000	4.383287	-40.115053	0.000000	
321.150000	4.391907	-40.138515	0.000000	
321.200000	4.400492	-40.161991	0.000000	
321.250000	4.409044	-40.185478	0.000000	
321.300000	4.417540	-40.208985	0.000000	
321.350000	4.425977	-40.232513	0.000000	
321.400000	4.434342	-40.256066	0.000000	
321.450000	4.442628	-40.279647	0.000000	
321.500000	4.450828	-40.303258	0.000000	
321.550000	4.458940	-40.326899	0.000000	
321.600000	4.466961	-40.350570	0.000000	
321.650000	4.474891	-40.374271	0.000000	
321.700000	4.482725	-40.398004	0.000000	
321.750000	4.490481	-40.421764	0.000000	
321.800000	4.498151	-40.445553	0.000000	
321.850000	4.505764	-40.469359	0.000000	
321.900000	4.513334	-40.493180	0.000000	
321.950000	4.520892	-40.517004	0.000000	
322.000000	4.528442	-40.540831	0.000000	
322.050000	4.535987	-40.564660	0.000000	
322.100000	4.543505	-40.588498	0.000000	
322.150000	4.551013	-40.612339	0.000000	
322.200000	4.558518	-40.636181	0.000000	
322.250000	4.566024	-40.660023	0.000000	
322.300000	4.573526	-40.683867	0.000000	
322.350000	4.581058	-40.707700	0.000000	
322.400000	4.588632	-40.731519	0.000000	
322.450000	4.596261	-40.755319	0.000000	
322.500000	4.603958	-40.779095	0.000000	
322.550000	4.611752	-40.802837	0.000000	
322.600000	4.619652	-40.826543	0.000000	
322.650000	4.627647	-40.850216	0.000000	
322.700000	4.635733	-40.873859	0.000000	
322.750000	4.643911	-40.897472	0.000000	
322.800000	4.652182	-40.921052	0.000000	
322.850000	4.660570	-40.944592	0.000000	
322.900000	4.669066	-40.968095	0.000000	
322.950000	4.677665	-40.991561	0.000000	
323.000000	4.686344	-41.014999	0.000000	
323.050000	4.695088	-41.038414	0.000000	
323.100000	4.703868	-41.061816	0.000000	
323.150000	4.712686	-41.085204	0.000000	
323.200000	4.721538	-41.108581	0.000000	
323.250000	4.730412	-41.131950	0.000000	
323.300000	4.739317	-41.155307	0.000000	
323.350000	4.748264	-41.178650	0.000000	
323.400000	4.757221	-41.201988	0.000000	
323.450000	4.766197	-41.225320	0.000000	
323.500000	4.775171	-41.248652	0.000000	
323.550000	4.784145	-41.271985	0.000000	
323.600000	4.793101	-41.295324	0.000000	
323.650000	4.802034	-41.318672	0.000000	
323.700000	4.810959	-41.342024	0.000000	
323.750000	4.819880	-41.365376	0.000000	
323.800000	4.828797	-41.388731	0.000000	
323.850000	4.837707	-41.412088	0.000000	
323.900000	4.846609	-41.435448	0.000000	
323.950000	4.855512	-41.458808	0.000000	
324.000000	4.864419	-41.482166	0.000000	
324.050000	4.873336	-41.505521	0.000000	
324.100000	4.882277	-41.528865	0.000000	
324.150000	4.891260	-41.552193	0.000000	
324.200000	4.900282	-41.575505	0.000000	
324.250000	4.909334	-41.598806	0.000000	
324.300000	4.918419	-41.622095	0.000000	
324.350000	4.927522	-41.645376	0.000000	
324.400000	4.936645	-41.668650	0.000000	
324.450000	4.945784	-41.691917	0.000000	
324.500000	4.954929	-41.715182	0.000000	
324.550000	4.964079	-41.738445	0.000000	
324.600000	4.973216	-41.761714	0.000000	
324.650000	4.982357	-41.784980	0.000000	
324.700000	4.991501	-41.808246	0.000000	
324.750000	5.000656	-41.831507	0.000000	
324.800000	5.009821	-41.854765	0.000000	
324.850000	5.018993	-41.878019	0.000000	
324.900000	5.028162	-41.901276	0.000000	
324.950000	5.037307	-41.924541	0.000000	
325.000000	5.046415	-41.947820	0.000000	
325.050000	5.055479	-41.971116	0.000000	
325.100000	5.064512	-41.994425	0.000000	
325.150000	5.073504	-42.017750	0.000000	
325.200000	5.082462	-42.041088	0.000000	
325.250000	5.091404	-42.064433	0.000000	
325.300000	5.100339	-42.087780	0.000000	
325.350000	5.109266	-42.111131	0.000000	
325.400000	5.118177	-42.134488	0.000000	
325.450000	5.127050	-42.157859	0.000000	
325.500000	5.135900	-42.181239	0.000000	
325.550000	5.144741	-42.204623	0.000000	
325.600000	5.153578	-42.228008	0.000000	
325.650000	5.162417	-42.251392	0.000000	
325.700000	5.171249	-42.274779	0.000000	
325.750000	5.180087	-42.298164	0.000000	
325.800000	5.188919	-42.321551	0.000000	
325.850000	5.197748	-42.344939	0.000000	
325.900000	5.206578	-42.368327	0.000000	
325.950000	5.215411	-42.391713	0.000000	
326.000000	5.224271	-42.415090	0.000000	
326.050000	5.233162	-42.438454	0.000000	
326.100000	5.242091	-42.461804	0.000000	
326.150000	5.251034	-42.485148	0.000000	
326.200000	5.259995	-42.508486	0.000000	
326.250000	5.268950	-42.531826	0.000000	
326.300000	5.277904	-42.555166	0.000000	
326.350000	5.286876	-42.578499	0.000000	
326.400000	5.295874	-42.601822	0.000000	
326.450000	5.304911	-42.625129	0.000000	
326.500000	5.313992	-42.648418	0.000000	
326.550000	5.323112	-42.671694	0.000000	
326.600000	5.332244	-42.694964	0.000000	
326.650000	5.341379	-42.718233	0.000000	
326.700000	5.350509	-42.741504	0.000000	
326.750000	5.359621	-42.764782	0.000000	
326.800000	5.368696	-42.788073	0.000000	
326.850000	5.377744	-42.811374	0.000000	
326.900000	5.386757	-42.834688	0.000000	
326.950000	5.395723	-42.858018	0.000000	
327.000000	5.404642	-42.881367	0.000000	
327.050000	5.413481	-42.904743	0.000000	
327.100000	5.422237	-42.928149	0.000000	
327.150000	5.430924	-42.951580	0.000000	
327.200000	5.439540	-42.975036	0.000000	
327.250000	5.448077	-42.998520	0.000000	
327.300000	5.456552	-43.022026	0.000000	
327.350000	5.464968	-43.045553	0.000000	
327.400000	5.473300	-43.069111	0.000000	
327.450000	5.481543	-43.092702	0.000000	
327.500000	5.489704	-43.116324	0.000000	
327.550000	5.497787	-43.139975	0.000000	
327.600000	5.505798	-43.163653	0.000000	
327.650000	5.513756	-43.187349	0.000000	
327.700000	5.521664	-43.211064	0.000000	
327.750000	5.529538	-43.234790	0.000000	
327.800000	5.537403	-43.258519	0.000000	
327.850000	5.545252	-43.282253	0.000000	
327.900000	5.553081	-43.305995	0.000000	
327.950000	5.560889	-43.329744	0.000000	
328.000000	5.568682	-43.353498	0.000000	
328.050000	5.576479	-43.377250	0.000000	
328.100000	5.584295	-43.400996	0.000000	
328.150000	5.592124	-43.424738	0.000000	
328.200000	5.599949	-43.448481	0.000000	
328.250000	5.607772	-43.472225	0.000000	
328.300000	5.615604	-43.495965	0.000000	
328.350000	5.623431	-43.519708	0.000000	
328.400000	5.631242	-43.543456	0.000000	
328.450000	5.639037	-43.567208	0.000000	
328.500000	5.646814	-43.590967	0.000000	
328.550000	5.654578	-43.614730	0.000000	
328.600000	5.662341	-43.638493	0.000000	
328.650000	5.670098	-43.662258	0.000000	
328.700000	5.677839	-43.686028	0.000000	
328.750000	5.685579	-43.709799	0.000000	
328.800000	5.693313	-43.733572	0.000000	
328.850000	5.701045	-43.757345	0.000000	
328.900000	5.708773	-43.781120	0.000000	
328.950000	5.716500	-43.804895	0.000000	
329.000000	5.724250	-43.828662	0.000000	
329.050000	5.732023	-43.852422	0.000000	
329.100000	5.739816	-43.876174	0.000000	
329.150000	5.747635	-43.899918	0.000000	
329.200000	5.755487	-43.923650	0.000000	
329.250000	5.763366	-43.947373	0.000000	
329.300000	5.771292	-43.971080	0.000000	
329.350000	5.779256	-43.994774	0.000000	
329.400000	5.787262	-44.018454	0.000000	
329.450000	5.795318	-44.042117	0.000000	
329.500000	5.803440	-44.065758	0.000000	
329.550000	5.811623	-44.089377	0.000000	
329.600000	5.819862	-44.112977	0.000000	
329.650000	5.828162	-44.136555	0.000000	
329.700000	5.836535	-44.160107	0.000000	
329.750000	5.845003	-44.183624	0.000000	
329.800000	5.853557	-44.207109	0.000000	
329.850000	5.862186	-44.230566	0.000000	
329.900000	5.870882	-44.253999	0.000000	
329.950000	5.879642	-44.277408	0.000000	
330.000000	5.888453	-44.300799	0.000000	
330.050000	5.897297	-44.324178	0.000000	
330.100000	5.906158	-44.347551	0.000000	
330.150000	5.915020	-44.370923	0.000000	
330.200000	5.923885	-44.394294	0.000000	
330.250000	5.932756	-44.417663	0.000000	
330.300000	5.941640	-44.441028	0.000000	
330.350000	5.950525	-44.464392	0.000000	
330.400000	5.959416	-44.487754	0.000000	
330.450000	5.968323	-44.511110	0.000000	
330.500000	5.977224	-44.534469	0.000000	
330.550000	5.986110	-44.557832	0.000000	
330.600000	5.994980	-44.581202	0.000000	
330.650000	6.003824	-44.604581	0.000000	
330.700000	6.012642	-44.627970	0.000000	
330.750000	6.021439	-44.651368	0.000000	
330.800000	6.030209	-44.674776	0.000000	
330.850000	6.038971	-44.698187	0.000000	
330.900000	6.047737	-44.721597	0.000000	
330.950000	6.056493	-44.745010	0.000000	
331.000000	6.065249	-44.768425	0.000000	
331.050000	6.074001	-44.791840	0.000000	
331.100000	6.082752	-44.815256	0.000000	
331.150000	6.091513	-44.838667	0.000000	
331.200000	6.100294	-44.862072	0.000000	
331.250000	6.109098	-44.885468	0.000000	
331.300000	6.117923	-44.908856	0.000000	
331.350000	6.126784	-44.932230	0.000000	
331.400000	6.135695	-44.955585	0.000000	
331.450000	6.144650	-44.978923	0.000000	
331.500000	6.153633	-45.002250	0.000000	
331.550000	6.162648	-45.025565	0.000000	
331.600000	6.171699	-45.048866	0.000000	
331.650000	6.180795	-45.072150	0.000000	
331.700000	6.189951	-45.095411	0.000000	
331.750000	6.199163	-45.118650	0.000000	
331.800000	6.208426	-45.141869	0.000000	
331.850000	6.217734	-45.165069	0.000000	
331.900000	6.227066	-45.188259	0.000000	
331.950000	6.236417	-45.211441	0.000000	
332.000000	6.245803	-45.234609	0.000000	
332.050000	6.255233	-45.257757	0.000000	
332.100000	6.264729	-45.280879	0.000000	
332.150000	6.274284	-45.303977	0.000000	
332.200000	6.283905	-45.327047	0.000000	
332.250000	6.293575	-45.350097	0.000000	
332.300000	6.303279	-45.373134	0.000000	
332.350000	6.313012	-45.396159	0.000000	
332.400000	6.322772	-45.419173	0.000000	
332.450000	6.332542	-45.442182	0.000000	
332.500000	6.342309	-45.465193	0.000000	
332.550000	6.352071	-45.488205	0.000000	
332.600000	6.361833	-45.511218	0.000000	
332.650000	6.371585	-45.534235	0.000000	
332.700000	6.381331	-45.557254	0.000000	
332.750000	6.391059	-45.580280	0.000000	
332.800000	6.400747	-45.603322	0.000000	
332.850000	6.410376	-45.626388	0.000000	
332.900000	6.419942	-45.649479	0.000000	
332.950000	6.429452	-45.672593	0.000000	
333.000000	6.438908	-45.695728	0.000000	
333.050000	6.448310	-45.718886	0.000000	
333.100000	6.457645	-45.742070	0.000000	
333.150000	6.466908	-45.765285	0.000000	
333.200000	6.476093	-45.788530	0.000000	
333.250000	6.485212	-45.811803	0.000000	
333.300000	6.494270	-45.835099	0.000000	
333.350000	6.503273	-45.858418	0.000000	
333.400000	6.512236	-45.881753	0.000000	
333.450000	6.521146	-45.905109	0.000000	
333.500000	6.530001	-45.928487	0.000000	
333.550000	6.538798	-45.951886	0.000000	
333.600000	6.547565	-45.975297	0.000000	
333.650000	6.556291	-45.998723	0.000000	
333.700000	6.564982	-46.022162	0.000000	
333.750000	6.573628	-46.045619	0.000000	
333.800000	6.582240	-46.069087	0.000000	
333.850000	6.590828	-46.092565	0.000000	
333.900000	6.599402	-46.116048	0.000000	
333.950000	6.607980	-46.139529	0.000000	
334.000000	6.616558	-46.163010	0.000000	
334.050000	6.625116	-46.186499	0.000000	
334.100000	6.633634	-46.210002	0.000000	
334.150000	6.642126	-46.233514	0.000000	
334.200000	6.650600	-46.257033	0.000000	
334.250000	6.659084	-46.280549	0.000000	
334.300000	6.667570	-46.304063	0.000000	
334.350000	6.676076	-46.327570	0.000000	
334.400000	6.684587	-46.351075	0.000000	
334.450000	6.693104	-46.374578	0.000000	
334.500000	6.701629	-46.398078	0.000000	
334.550000	6.710182	-46.421567	0.000000	
334.600000	6.718782	-46.445038	0.000000	
334.650000	6.727403	-46.468502	0.000000	
334.700000	6.736058	-46.491953	0.000000	
334.750000	6.744752	-46.515390	0.000000	
334.800000	6.753476	-46.538816	0.000000	
334.850000	6.762214	-46.562236	0.000000	
334.900000	6.770970	-46.585651	0.000000	
334.950000	6.779739	-46.609060	0.000000	
335.000000	6.788498	-46.632473	0.000000	
335.050000	6.797263	-46.655884	0.000000	
335.100000	6.806058	-46.679283	0.000000	
335.150000	6.814889	-46.702670	0.000000	
335.200000	6.823753	-46.726045	0.000000	
335.250000	6.832641	-46.749411	0.000000	
335.300000	6.841541	-46.772772	0.000000	
335.350000	6.850444	-46.796133	0.000000	
335.400000	6.859338	-46.819496	0.000000	
335.450000	6.868249	-46.842854	0.000000	
335.500000	6.877175	-46.866205	0.000000	
335.550000	6.886123	-46.889548	0.000000	
335.600000	6.895091	-46.912883	0.000000	
335.650000	6.904085	-46.936206	0.000000	
335.700000	6.913130	-46.959509	0.000000	
335.750000	6.922238	-46.982786	0.000000	
335.800000	6.931383	-47.006047	0.000000	
335.850000	6.940569	-47.029292	0.000000	
335.900000	6.949800	-47.052519	0.000000	
335.950000	6.959083	-47.075725	0.000000	
336.000000	6.968404	-47.098917	0.000000	
336.050000	6.977771	-47.122090	0.000000	
336.100000	6.987159	-47.145255	0.000000	
336.150000	6.996548	-47.168420	0.000000	
336.200000	7.005953	-47.191579	0.000000	
336.250000	7.015379	-47.214730	0.000000	
336.300000	7.024813	-47.237877	0.000000	
336.350000	7.034266	-47.261018	0.000000	
336.400000	7.043724	-47.284156	0.000000	
336.450000	7.053199	-47.307288	0.000000	
336.500000	7.062686	-47.330415	0.000000	
336.550000	7.072174	-47.353541	0.000000	
336.600000	7.081651	-47.376672	0.000000	
336.650000	7.091111	-47.399810	0.000000	
336.700000	7.100553	-47.422955	0.000000	
336.750000	7.109977	-47.446108	0.000000	
336.800000	7.119358	-47.469279	0.000000	
336.850000	7.128699	-47.492467	0.000000	
336.900000	7.137997	-47.515672	0.000000	
336.950000	7.147248	-47.538896	0.000000	
337.000000	7.156438	-47.562144	0.000000	
337.050000	7.165568	-47.585415	0.000000	
337.100000	7.174630	-47.608711	0.000000	
337.150000	7.183647	-47.632024	0.000000	
337.200000	7.192610	-47.655356	0.000000	
337.250000	7.201519	-47.678708	0.000000	
337.300000	7.210386	-47.702076	0.000000	
337.350000	7.219237	-47.725450	0.000000	
337.400000	7.228055	-47.748837	0.000000	
337.450000	7.236856	-47.772230	0.000000	
337.500000	7.245634	-47.795632	0.000000	
337.550000	7.254391	-47.819043	0.000000	
337.600000	7.263113	-47.842466	0.000000	
337.650000	7.271811	-47.865899	0.000000	
337.700000	7.280480	-47.889343	0.000000	
337.750000	7.289123	-47.912797	0.000000	
337.800000	7.297721	-47.936269	0.000000	
337.850000	7.306294	-47.959751	0.000000	
337.900000	7.314843	-47.983242	0.000000	
337.950000	7.323391	-48.006733	0.000000	
338.000000	7.331954	-48.030218	0.000000	
338.050000	7.340537	-48.053697	0.000000	
338.100000	7.349145	-48.077166	0.000000	
338.150000	7.357791	-48.100621	0.000000	
338.200000	7.366474	-48.124063	0.000000	
338.250000	7.375216	-48.147483	0.000000	
338.300000	7.384021	-48.170880	0.000000	
338.350000	7.392876	-48.194258	0.000000	
338.400000	7.401781	-48.217616	0.000000	
338.450000	7.410726	-48.240958	0.000000	
338.500000	7.419709	-48.264286	0.000000	
338.550000	7.428724	-48.287601	0.000000	
338.600000	7.437766	-48.310906	0.000000	
338.650000	7.446833	-48.334201	0.000000	
338.700000	7.455927	-48.357485	0.000000	
338.750000	7.465034	-48.380765	0.000000	
338.800000	7.474145	-48.404043	0.000000	
338.850000	7.483284	-48.427311	0.000000	
338.900000	7.492456	-48.450566	0.000000	
338.950000	7.501668	-48.473805	0.000000	
339.000000	7.510921	-48.497027	0.000000	
339.050000	7.520188	-48.520244	0.000000	
339.100000	7.529465	-48.543458	0.000000	
339.150000	7.538768	-48.566661	0.000000	
339.200000	7.548104	-48.589851	0.000000	
339.250000	7.557458	-48.613034	0.000000	
339.300000	7.566807	-48.636219	0.000000	
339.350000	7.576151	-48.659406	0.000000	
339.400000	7.585478	-48.682600	0.000000	
339.450000	7.594786	-48.705801	0.000000	
339.500000	7.604090	-48.729004	0.000000	
339.550000	7.613407	-48.752202	0.000000	
339.600000	7.622745	-48.775391	0.000000	
339.650000	7.632089	-48.798578	0.000000	
339.700000	7.641449	-48.821758	0.000000	
339.750000	7.650833	-48.844928	0.000000	
339.800000	7.660257	-48.868083	0.000000	
339.850000	7.669720	-48.891221	0.000000	
339.900000	7.679222	-48.914343	0.000000	
339.950000	7.688752	-48.937453	0.000000	
340.000000	7.698323	-48.960546	0.000000	
340.050000	7.707915	-48.983629	0.000000	
340.100000	7.717523	-49.006706	0.000000	
340.150000	7.727173	-49.029765	0.000000	
340.200000	7.736866	-49.052807	0.000000	
340.250000	7.746579	-49.075839	0.000000	
340.300000	7.756311	-49.098864	0.000000	
340.350000	7.766066	-49.121880	0.000000	
340.400000	7.775822	-49.144895	0.000000	
340.450000	7.785578	-49.167910	0.000000	
340.500000	7.795335	-49.190925	0.000000	
340.550000	7.805086	-49.213942	0.000000	
340.600000	7.814813	-49.236969	0.000000	
340.650000	7.824500	-49.260013	0.000000	
340.700000	7.834165	-49.283065	0.000000	
340.750000	7.843820	-49.306121	0.000000	
340.800000	7.853463	-49.329182	0.000000	
340.850000	7.863095	-49.352248	0.000000	
340.900000	7.872704	-49.375323	0.000000	
340.950000	7.882262	-49.398420	0.000000	
341.000000	7.891765	-49.421539	0.000000	
341.050000	7.901196	-49.444688	0.000000	
341.100000	7.910580	-49.467857	0.000000	
341.150000	7.919922	-49.491042	0.000000	
341.200000	7.929227	-49.514243	0.000000	
341.250000	7.938484	-49.537464	0.000000	
341.300000	7.947688	-49.560707	0.000000	
341.350000	7.956852	-49.583966	0.000000	
341.400000	7.965988	-49.607236	0.000000	
341.450000	7.975119	-49.630508	0.000000	
341.500000	7.984248	-49.653781	0.000000	
341.550000	7.993349	-49.677065	0.000000	
341.600000	8.002434	-49.700354	0.000000	
341.650000	8.011516	-49.723646	0.000000	
341.700000	8.020610	-49.746932	0.000000	
341.750000	8.029731	-49.770207	0.000000	
341.800000	8.038900	-49.793462	0.000000	
341.850000	8.048159	-49.816676	0.000000	
341.900000	8.057543	-49.839830	0.000000	
341.950000	8.067093	-49.862902	0.000000	
342.000000	8.076868	-49.885858	0.000000	
342.050000	8.086918	-49.908663	0.000000	
342.100000	8.097295	-49.931282	0.000000	
342.150000	8.108038	-49.953675	0.000000	
342.200000	8.119186	-49.975810	0.000000	
342.250000	8.130765	-49.997650	0.000000	
342.300000	8.142811	-50.019157	0.000000	
342.350000	8.155367	-50.040290	0.000000	
342.400000	8.168466	-50.061004	0.000000	
342.450000	8.182139	-50.081255	0.000000	
342.500000	8.196398	-50.101006	0.000000	
342.550000	8.211276	-50.120210	0.000000	
342.600000	8.226809	-50.138815	0.000000	
342.650000	8.243006	-50.156784	0.000000	
342.700000	8.259877	-50.174080	0.000000	
342.750000	8.277424	-50.190685	0.000000	
342.800000	8.295626	-50.206601	0.000000	
342.850000	8.314464	-50.221815	0.000000	
342.900000	8.333899	-50.236324	0.000000	
342.950000	8.353896	-50.250142	0.000000	
343.000000	8.374421	-50.263288	0.000000	
343.050000	8.395428	-50.275792	0.000000	
343.100000	8.416872	-50.287677	0.000000	
343.150000	8.438714	-50.298965	0.000000	
343.200000	8.460901	-50.309701	0.000000	
343.250000	8.483406	-50.319899	0.000000	
343.300000	8.506193	-50.329585	0.000000	
343.350000	8.529230	-50.338786	0.000000	
343.400000	8.552490	-50.347530	0.000000	
343.450000	8.575936	-50.355875	0.000000	
343.500000	8.599534	-50.363877	0.000000	
343.550000	8.623263	-50.371563	0.000000	
343.600000	8.647096	-50.378980	0.000000	
343.650000	8.671006	-50.386188	0.000000	
343.700000	8.694978	-50.393219	0.000000	
343.750000	8.718990	-50.400129	0.000000	
343.800000	8.743035	-50.406934	0.000000	
343.850000	8.767114	-50.413631	0.000000	
343.900000	8.791216	-50.420255	0.000000	
343.950000	8.815334	-50.426821	0.000000	
344.000000	8.839470	-50.433320	0.000000	
344.050000	8.863628	-50.439741	0.000000	
344.100000	8.887804	-50.446095	0.000000	
344.150000	8.911993	-50.452402	0.000000	
344.200000	8.936194	-50.458666	0.000000	
344.250000	8.960409	-50.464875	0.000000	
344.300000	8.984632	-50.471055	0.000000	
344.350000	9.008855	-50.477234	0.000000	
344.400000	9.033078	-50.483416	0.000000	
344.450000	9.057298	-50.489608	0.000000	
344.500000	9.081515	-50.495809	0.000000	
344.550000	9.105734	-50.502004	0.000000	
344.600000	9.129952	-50.508206	0.000000	
344.650000	9.154172	-50.514398	0.000000	
344.700000	9.178399	-50.520561	0.000000	
344.750000	9.202632	-50.526700	0.000000	
344.800000	9.226872	-50.532816	0.000000	
344.850000	9.251117	-50.538908	0.000000	
344.900000	9.275365	-50.544992	0.000000	
344.950000	9.299617	-50.551056	0.000000	
345.000000	9.323871	-50.557116	0.000000	
345.050000	9.348122	-50.563186	0.000000	
345.100000	9.372367	-50.569283	0.000000	
345.150000	9.396607	-50.575397	0.000000	
345.200000	9.420849	-50.581502	0.000000	
345.250000	9.445095	-50.587594	0.000000	
345.300000	9.469340	-50.593689	0.000000	
345.350000	9.493590	-50.599761	0.000000	
345.400000	9.517850	-50.605796	0.000000	
345.450000	9.542115	-50.611807	0.000000	
345.500000	9.566385	-50.617799	0.000000	
345.550000	9.590660	-50.623770	0.000000	
345.600000	9.614936	-50.629736	0.000000	
345.650000	9.639216	-50.635687	0.000000	
345.700000	9.663494	-50.641650	0.000000	
345.750000	9.687770	-50.647617	0.000000	
345.800000	9.712041	-50.653605	0.000000	
345.850000	9.736314	-50.659585	0.000000	
345.900000	9.760585	-50.665572	0.000000	
345.950000	9.784852	-50.671574	0.000000	
346.000000	9.809117	-50.677587	0.000000	
346.050000	9.833384	-50.683591	0.000000	
346.100000	9.857655	-50.689578	0.000000	
346.150000	9.881933	-50.695534	0.000000	
346.200000	9.906219	-50.701460	0.000000	
346.250000	9.930509	-50.707373	0.000000	
346.300000	9.954801	-50.713271	0.000000	
346.350000	9.979099	-50.719147	0.000000	
346.400000	10.003400	-50.725009	0.000000	
346.450000	10.027707	-50.730843	0.000000	
346.500000	10.052018	-50.736656	0.000000	
346.550000	10.076334	-50.742450	0.000000	
346.600000	10.100654	-50.748226	0.000000	
346.650000	10.124984	-50.753958	0.000000	
346.700000	10.149319	-50.759670	0.000000	
346.750000	10.173661	-50.765356	0.000000	
346.800000	10.198007	-50.771023	0.000000	
346.850000	10.222362	-50.776651	0.000000	
346.900000	10.246723	-50.782253	0.000000	
346.950000	10.271092	-50.787824	0.000000	
347.000000	10.295472	-50.793350	0.000000	
347.050000	10.319857	-50.798856	0.000000	
347.100000	10.344245	-50.804349	0.000000	
347.150000	10.368633	-50.809840	0.000000	
347.200000	10.393019	-50.815343	0.000000	
347.250000	10.417403	-50.820849	0.000000	
347.300000	10.441786	-50.826365	0.000000	
347.350000	10.466166	-50.831892	0.000000	
347.400000	10.490546	-50.837421	0.000000	
347.450000	10.514920	-50.842971	0.000000	
347.500000	10.539283	-50.848574	0.000000	
347.550000	10.563634	-50.854231	0.000000	
347.600000	10.587968	-50.859953	0.000000	
347.650000	10.612290	-50.865723	0.000000	
347.700000	10.636595	-50.871563	0.000000	
347.750000	10.660882	-50.877473	0.000000	
347.800000	10.685149	-50.883455	0.000000	
347.850000	10.709398	-50.889507	0.000000	
347.900000	10.733632	-50.895624	0.000000	
347.950000	10.757852	-50.901794	0.000000	
348.000000	10.782061	-50.908009	0.000000	
348.050000	10.806257	-50.914275	0.000000	
348.100000	10.830440	-50.920594	0.000000	
348.150000	10.854602	-50.926987	0.000000	
348.200000	10.878741	-50.933464	0.000000	
348.250000	10.902858	-50.940020	0.000000	
348.300000	10.926956	-50.946647	0.000000	
348.350000	10.951031	-50.953354	0.000000	
348.400000	10.975076	-50.960169	0.000000	
348.450000	10.999093	-50.967084	0.000000	
348.500000	11.023086	-50.974090	0.000000	
348.550000	11.047059	-50.981165	0.000000	
348.600000	11.071019	-50.988287	0.000000	
348.650000	11.094967	-50.995450	0.000000	
348.700000	11.118900	-51.002663	0.000000	
348.750000	11.142821	-51.009916	0.000000	
348.800000	11.166736	-51.017188	0.000000	
348.850000	11.190651	-51.024462	0.000000	
348.900000	11.214562	-51.031747	0.000000	
348.950000	11.238468	-51.039053	0.000000	
349.000000	11.262365	-51.046388	0.000000	
349.050000	11.286253	-51.053752	0.000000	
349.100000	11.310135	-51.061143	0.000000	
349.150000	11.334010	-51.068553	0.000000	
349.200000	11.357880	-51.075983	0.000000	
349.250000	11.381743	-51.083430	0.000000	
349.300000	11.405602	-51.090893	0.000000	
349.350000	11.429452	-51.098383	0.000000	
349.400000	11.453301	-51.105877	0.000000	
349.450000	11.477154	-51.113357	0.000000	
349.500000	11.501005	-51.120844	0.000000	
349.550000	11.524858	-51.128325	0.000000	
349.600000	11.548712	-51.135800	0.000000	
349.650000	11.572564	-51.143286	0.000000	
349.700000	11.596413	-51.150780	0.000000	
349.750000	11.620257	-51.158289	0.000000	
349.800000	11.644100	-51.165799	0.000000	
349.850000	11.667933	-51.173341	0.000000	
349.900000	11.691755	-51.180919	0.000000	
349.950000	11.715562	-51.188542	0.000000	
350.000000	11.739353	-51.196215	0.000000	
350.050000	11.763125	-51.203947	0.000000	
350.100000	11.786875	-51.211745	0.000000	
350.150000	11.810611	-51.219589	0.000000	
350.200000	11.834330	-51.227481	0.000000	
350.250000	11.858037	-51.235410	0.000000	
350.300000	11.881738	-51.243356	0.000000	
350.350000	11.905430	-51.251328	0.000000	
350.400000	11.929113	-51.259326	0.000000	
350.450000	11.952782	-51.267367	0.000000	
350.500000	11.976431	-51.275462	0.000000	
350.550000	12.000061	-51.283612	0.000000	
350.600000	12.023662	-51.291845	0.000000	
350.650000	12.047234	-51.300161	0.000000	
350.700000	12.070781	-51.308548	0.000000	
350.750000	12.094303	-51.317005	0.000000	
350.800000	12.117808	-51.325509	0.000000	
350.850000	12.141299	-51.334055	0.000000	
350.900000	12.164783	-51.342620	0.000000	
350.950000	12.188257	-51.351212	0.000000	
351.000000	12.211729	-51.359811	0.000000	
351.050000	12.235205	-51.368400	0.000000	
351.100000	12.258690	-51.376962	0.000000	
351.150000	12.282180	-51.385509	0.000000	
351.200000	12.305675	-51.394041	0.000000	
351.250000	12.329184	-51.402533	0.000000	
351.300000	12.352708	-51.410978	0.000000	
351.350000	12.376242	-51.419397	0.000000	
351.400000	12.399785	-51.427787	0.000000	
351.450000	12.423342	-51.436134	0.000000	
351.500000	12.446912	-51.444446	0.000000	
351.550000	12.470495	-51.452721	0.000000	
351.600000	12.494095	-51.460946	0.000000	
351.650000	12.517715	-51.469120	0.000000	
351.700000	12.541354	-51.477241	0.000000	
351.750000	12.565004	-51.485330	0.000000	
351.800000	12.588666	-51.493389	0.000000	
351.850000	12.612332	-51.501438	0.000000	
351.900000	12.635996	-51.509491	0.000000	
351.950000	12.659654	-51.517562	0.000000	
352.000000	12.683311	-51.525636	0.000000	
352.050000	12.706968	-51.533710	0.000000	
352.100000	12.730623	-51.541786	0.000000	
352.150000	12.754270	-51.549888	0.000000	
352.200000	12.777908	-51.558017	0.000000	
352.250000	12.801532	-51.566185	0.000000	
352.300000	12.825132	-51.574421	0.000000	
352.350000	12.848711	-51.582718	0.000000	
352.400000	12.872271	-51.591070	0.000000	
352.450000	12.895812	-51.599475	0.000000	
352.500000	12.919332	-51.607939	0.000000	
352.550000	12.942840	-51.616441	0.000000	
352.600000	12.966337	-51.624972	0.000000	
352.650000	12.989820	-51.633544	0.000000	
352.700000	13.013295	-51.642137	0.000000	
352.750000	13.036760	-51.650759	0.000000	
352.800000	13.060222	-51.659389	0.000000	
352.850000	13.083686	-51.668015	0.000000	
352.900000	13.107156	-51.676625	0.000000	
352.950000	13.130627	-51.685229	0.000000	
353.000000	13.154107	-51.693812	0.000000	
353.050000	13.177587	-51.702392	0.000000	
353.100000	13.201060	-51.710993	0.000000	
353.150000	13.224514	-51.719645	0.000000	
353.200000	13.247956	-51.728329	0.000000	
353.250000	13.271388	-51.737041	0.000000	
353.300000	13.294815	-51.745765	0.000000	
353.350000	13.318236	-51.754504	0.000000	
353.400000	13.341646	-51.763272	0.000000	
353.450000	13.365045	-51.772066	0.000000	
353.500000	13.388441	-51.780870	0.000000	
353.550000	13.411833	-51.789684	0.000000	
353.600000	13.435210	-51.798536	0.000000	
353.650000	13.458569	-51.807436	0.000000	
353.700000	13.481918	-51.816361	0.000000	
353.750000	13.505259	-51.825306	0.000000	
353.800000	13.528588	-51.834285	0.000000	
353.850000	13.551901	-51.843304	0.000000	
353.900000	13.575197	-51.852367	0.000000	
353.950000	13.598482	-51.861461	0.000000	
354.000000	13.621751	-51.870596	0.000000	
354.050000	13.645003	-51.879778	0.000000	
354.100000	13.668234	-51.889011	0.000000	
354.150000	13.691452	-51.898278	0.000000	
354.200000	13.714660	-51.907570	0.000000	
354.250000	13.737853	-51.916900	0.000000	
354.300000	13.761034	-51.926258	0.000000	
354.350000	13.784197	-51.935659	0.000000	
354.400000	13.807355	-51.945074	0.000000	
354.450000	13.830509	-51.954499	0.000000	
354.500000	13.853660	-51.963931	0.000000	
354.550000	13.876809	-51.973367	0.000000	
354.600000	13.899958	-51.982804	0.000000	
354.650000	13.923116	-51.992219	0.000000	
354.700000	13.946292	-52.001587	0.000000	
354.750000	13.969482	-52.010916	0.000000	
354.800000	13.992684	-52.020216	0.000000	
354.850000	14.015905	-52.029462	0.000000	
354.900000	14.039146	-52.038658	0.000000	
354.950000	14.062408	-52.047795	0.000000	
355.000000	14.085685	-52.056893	0.000000	
355.050000	14.108983	-52.065934	0.000000	
355.100000	14.132302	-52.074921	0.000000	
355.150000	14.155643	-52.083848	0.000000	
355.200000	14.179004	-52.092724	0.000000	
355.250000	14.202386	-52.101547	0.000000	
355.300000	14.225787	-52.110324	0.000000	
355.350000	14.249211	-52.119040	0.000000	
355.400000	14.272655	-52.127707	0.000000	
355.450000	14.296119	-52.136324	0.000000	
355.500000	14.319602	-52.144891	0.000000	
355.550000	14.343101	-52.153417	0.000000	
355.600000	14.366604	-52.161933	0.000000	
355.650000	14.390113	-52.170432	0.000000	
355.700000	14.413627	-52.178919	0.000000	
355.750000	14.437145	-52.187395	0.000000	
355.800000	14.460665	-52.195866	0.000000	
355.850000	14.484187	-52.204330	0.000000	
355.900000	14.507708	-52.212797	0.000000	
355.950000	14.531235	-52.221247	0.000000	
356.000000	14.554770	-52.229674	0.000000	
356.050000	14.578313	-52.238074	0.000000	
356.100000	14.601867	-52.246445	0.000000	
356.150000	14.625428	-52.254791	0.000000	
356.200000	14.649005	-52.263092	0.000000	
356.250000	14.672601	-52.271333	0.000000	
356.300000	14.696223	-52.279496	0.000000	
356.350000	14.719874	-52.287571	0.000000	
356.400000	14.743547	-52.295579	0.000000	
356.450000	14.767252	-52.303490	0.000000	
356.500000	14.790979	-52.311335	0.000000	
356.550000	14.814729	-52.319110	0.000000	
356.600000	14.838509	-52.326793	0.000000	
356.650000	14.862321	-52.334381	0.000000	
356.700000	14.886159	-52.341889	0.000000	
356.750000	14.910025	-52.349314	0.000000	
356.800000	14.933917	-52.356654	0.000000	
356.850000	14.957839	-52.363898	0.000000	
356.900000	14.981793	-52.371036	0.000000	
356.950000	15.005780	-52.378058	0.000000	
357.000000	15.029794	-52.384986	0.000000	
357.050000	15.053831	-52.391837	0.000000	
357.100000	15.077892	-52.398597	0.000000	
357.150000	15.101977	-52.405274	0.000000	
357.200000	15.126087	-52.411863	0.000000	
357.250000	15.150219	-52.418369	0.000000	
357.300000	15.174371	-52.424798	0.000000	
357.350000	15.198542	-52.431154	0.000000	
357.400000	15.222734	-52.437425	0.000000	
357.450000	15.246952	-52.443593	0.000000	
357.500000	15.271193	-52.449660	0.000000	
357.550000	15.295461	-52.455620	0.000000	
357.600000	15.319755	-52.461476	0.000000	
357.650000	15.344069	-52.467251	0.000000	
357.700000	15.368407	-52.472924	0.000000	
357.750000	15.392769	-52.478501	0.000000	
357.800000	15.417153	-52.483989	0.000000	
357.850000	15.441557	-52.489391	0.000000	
357.900000	15.465979	-52.494719	0.000000	
357.950000	15.490411	-52.499998	0.000000	
358.000000	15.514853	-52.505229	0.000000	
358.050000	15.539310	-52.510392	0.000000	
358.100000	15.563782	-52.515488	0.000000	
358.150000	15.588264	-52.520535	0.000000	
358.200000	15.612760	-52.525519	0.000000	
358.250000	15.637270	-52.530433	0.000000	
358.300000	15.661790	-52.535298	0.000000	
358.350000	15.686323	-52.540101	0.000000	
358.400000	15.710866	-52.544854	0.000000	
358.450000	15.735416	-52.549568	0.000000	
358.500000	15.759973	-52.554246	0.000000	
358.550000	15.784537	-52.558886	0.000000	
358.600000	15.809107	-52.563490	0.000000	
358.650000	15.833686	-52.568044	0.000000	
358.700000	15.858277	-52.572531	0.000000	
358.750000	15.882875	-52.576979	0.000000	
358.800000	15.907482	-52.581374	0.000000	
358.850000	15.932099	-52.585719	0.000000	
358.900000	15.956725	-52.590014	0.000000	
358.950000	15.981359	-52.594258	0.000000	
359.000000	16.006003	-52.598445	0.000000	
359.050000	16.030657	-52.602577	0.000000	
359.100000	16.055318	-52.606662	0.000000	
359.150000	16.079986	-52.610711	0.000000	
359.200000	16.104661	-52.614717	0.000000	
359.250000	16.129342	-52.618690	0.000000	
359.300000	16.154027	-52.622638	0.000000	
359.350000	16.178720	-52.626533	0.000000	
359.400000	16.203421	-52.630381	0.000000	
359.450000	16.228131	-52.634166	0.000000	
359.500000	16.252849	-52.637899	0.000000	
359.550000	16.277573	-52.641591	0.000000	
359.600000	16.302301	-52.645257	0.000000	
359.650000	16.327036	-52.648880	0.000000	
359.700000	16.351773	-52.652485	0.000000	
359.750000	16.376510	-52.656091	0.000000	
359.800000	16.401250	-52.659679	0.000000	
359.850000	16.425990	-52.663267	0.000000	
359.900000	16.450731	-52.666848	0.000000	
359.950000	16.475469	-52.670445	0.000000	
360.000000	16.500204	-52.674062	0.000000	
360.050000	16.524939	-52.677684	0.000000	
360.100000	16.549673	-52.681306	0.000000	
360.150000	16.574406	-52.684938	0.000000	
360.200000	16.599142	-52.688552	0.000000	
360.250000	16.623877	-52.692165	0.000000	
360.300000	16.648613	-52.695780	0.000000	
360.350000	16.673347	-52.699405	0.000000	
360.400000	16.698075	-52.703064	0.000000	
360.450000	16.722800	-52.706750	0.000000	
360.500000	16.747519	-52.710476	0.000000	
360.550000	16.772233	-52.714239	0.000000	
360.600000	16.796941	-52.718037	0.000000	
360.650000	16.821644	-52.721875	0.000000	
360.700000	16.846339	-52.725758	0.000000	
360.750000	16.871029	-52.729678	0.000000	
360.800000	16.895716	-52.733620	0.000000	
360.850000	16.920399	-52.737578	0.000000	
360.900000	16.945083	-52.741541	0.000000	
360.950000	16.969764	-52.745512	0.000000	
361.000000	16.994450	-52.749461	0.000000	
361.050000	17.019140	-52.753376	0.000000	
361.100000	17.043835	-52.757265	0.000000	
361.150000	17.068532	-52.761128	0.000000	
361.200000	17.093233	-52.764969	0.000000	
361.250000	17.117934	-52.768808	0.000000	
361.300000	17.142636	-52.772644	0.000000	
361.350000	17.167337	-52.776482	0.000000	
361.400000	17.192039	-52.780321	0.000000	
361.450000	17.216742	-52.784148	0.000000	
361.500000	17.241445	-52.787972	0.000000	
361.550000	17.266149	-52.791797	0.000000	
361.600000	17.290852	-52.795626	0.000000	
361.650000	17.315556	-52.799446	0.000000	
361.700000	17.340262	-52.803257	0.000000	
361.750000	17.364968	-52.807064	0.000000	
361.800000	17.389675	-52.810868	0.000000	
361.850000	17.414385	-52.814654	0.000000	
361.900000	17.439096	-52.818429	0.000000	
361.950000	17.463809	-52.822195	0.000000	
362.000000	17.488524	-52.825951	0.000000	
362.050000	17.513236	-52.829721	0.000000	
362.100000	17.537945	-52.833516	0.000000	
362.150000	17.562653	-52.837318	0.000000	
362.200000	17.587358	-52.841138	0.000000	
362.250000	17.612063	-52.844961	0.000000	
362.300000	17.636770	-52.848773	0.000000	
362.350000	17.661482	-52.852545	0.000000	
362.400000	17.686198	-52.856281	0.000000	
362.450000	17.710920	-52.859989	0.000000	
362.500000	17.735644	-52.863677	0.000000	
362.550000	17.760370	-52.867352	0.000000	
362.600000	17.785098	-52.871012	0.000000	
362.650000	17.809831	-52.874641	0.000000	
362.700000	17.834565	-52.878266	0.000000	
362.750000	17.859302	-52.881876	0.000000	
362.800000	17.884042	-52.885455	0.000000	
362.850000	17.908788	-52.889003	0.000000	
362.900000	17.933537	-52.892530	0.000000	
362.950000	17.958288	-52.896040	0.000000	
363.000000	17.983040	-52.899542	0.000000	
363.050000	18.007794	-52.903035	0.000000	
363.100000	18.032548	-52.906524	0.000000	
363.150000	18.057304	-52.910001	0.000000	
363.200000	18.082060	-52.913479	0.000000	
363.250000	18.106817	-52.916950	0.000000	
363.300000	18.131575	-52.920415	0.000000	
363.350000	18.156330	-52.923895	0.000000	
363.400000	18.181080	-52.927417	0.000000	
363.450000	18.205828	-52.930956	0.000000	
363.500000	18.230575	-52.934499	0.000000	
363.550000	18.255320	-52.938058	0.000000	
363.600000	18.280061	-52.941642	0.000000	
363.650000	18.304796	-52.945265	0.000000	
363.700000	18.329527	-52.948912	0.000000	
363.750000	18.354256	-52.952566	0.000000	
363.800000	18.378983	-52.956241	0.000000	
363.850000	18.403705	-52.959948	0.000000	
363.900000	18.428424	-52.963675	0.000000	
363.950000	18.453136	-52.967443	0.000000	
364.000000	18.477842	-52.971252	0.000000	
364.050000	18.502544	-52.975087	0.000000	
364.100000	18.527242	-52.978952	0.000000	
364.150000	18.551935	-52.982840	0.000000	
364.200000	18.576621	-52.986774	0.000000	
364.250000	18.601300	-52.990747	0.000000	
364.300000	18.625974	-52.994756	0.000000	
364.350000	18.650640	-52.998821	0.000000	
364.400000	18.675296	-53.002941	0.000000	
364.450000	18.699943	-53.007115	0.000000	
364.500000	18.724578	-53.011358	0.000000	
364.550000	18.749203	-53.015660	0.000000	
364.600000	18.773823	-53.019990	0.000000	
364.650000	18.798443	-53.024326	0.000000	
364.700000	18.823065	-53.028642	0.000000	
364.750000	18.847689	-53.032950	0.000000	
364.800000	18.872316	-53.037237	0.000000	
364.850000	18.896949	-53.041484	0.000000	
364.900000	18.921590	-53.045675	0.000000	
364.950000	18.946239	-53.049806	0.000000	
365.000000	18.970900	-53.053850	0.000000	
365.050000	18.995574	-53.057787	0.000000	
365.100000	19.020260	-53.061634	0.000000	
365.150000	19.044957	-53.065396	0.000000	
365.200000	19.069667	-53.069068	0.000000	
365.250000	19.094390	-53.072642	0.000000	
365.300000	19.119126	-53.076129	0.000000	
365.350000	19.143871	-53.079551	0.000000	
365.400000	19.168627	-53.082898	0.000000	
365.450000	19.193397	-53.086151	0.000000	
365.500000	19.218182	-53.089305	0.000000	
365.550000	19.242983	-53.092361	0.000000	
365.600000	19.267796	-53.095344	0.000000	
365.650000	19.292617	-53.098272	0.000000	
365.700000	19.317444	-53.101166	0.000000	
365.750000	19.342275	-53.104032	0.000000	
365.800000	19.367110	-53.106867	0.000000	
365.850000	19.391949	-53.109678	0.000000	
365.900000	19.416790	-53.112463	0.000000	
365.950000	19.441632	-53.115248	0.000000	
366.000000	19.466473	-53.118038	0.000000	
366.050000	19.491312	-53.120848	0.000000	
366.100000	19.516146	-53.123709	0.000000	
366.150000	19.540975	-53.126609	0.000000	
366.200000	19.565801	-53.129537	0.000000	
366.250000	19.590623	-53.132506	0.000000	
366.300000	19.615439	-53.135522	0.000000	
366.350000	19.640247	-53.138595	0.000000	
366.400000	19.665052	-53.141702	0.000000	
366.450000	19.689854	-53.144831	0.000000	
366.500000	19.714650	-53.148004	0.000000	
366.550000	19.739439	-53.151228	0.000000	
366.600000	19.764221	-53.154500	0.000000	
366.650000	19.789002	-53.157788	0.000000	
366.700000	19.813782	-53.161078	0.000000	
366.750000	19.838564	-53.164355	0.000000	
366.800000	19.863345	-53.167638	0.000000	
366.850000	19.888126	-53.170920	0.000000	
366.900000	19.912905	-53.174223	0.000000	
366.950000	19.937678	-53.177567	0.000000	
367.000000	19.962449	-53.180928	0.000000	
367.050000	19.987218	-53.184307	0.000000	
367.100000	20.011987	-53.187684	0.000000	
367.150000	20.036757	-53.191060	0.000000	
367.200000	20.061525	-53.194443	0.000000	
367.250000	20.086292	-53.197842	0.000000	
367.300000	20.111057	-53.201253	0.000000	
367.350000	20.135821	-53.204664	0.000000	
367.400000	20.160585	-53.208080	0.000000	
367.450000	20.185348	-53.211506	0.000000	
367.500000	20.210109	-53.214941	0.000000	
367.550000	20.234874	-53.218352	0.000000	
367.600000	20.259645	-53.221714	0.000000	
367.650000	20.284425	-53.225014	0.000000	
367.700000	20.309208	-53.228281	0.000000	
367.750000	20.333996	-53.231517	0.000000	
367.800000	20.358787	-53.234725	0.000000	
367.850000	20.383580	-53.237914	0.000000	
367.900000	20.408372	-53.241112	0.000000	
367.950000	20.433167	-53.244294	0.000000	
368.000000	20.457964	-53.247451	0.000000	
368.050000	20.482763	-53.250596	0.000000	
368.100000	20.507564	-53.253728	0.000000	
368.150000	20.532363	-53.256874	0.000000	
368.200000	20.557163	-53.260013	0.000000	
368.250000	20.581963	-53.263153	0.000000	
368.300000	20.606764	-53.266285	0.000000	
368.350000	20.631566	-53.269406	0.000000	
368.400000	20.656370	-53.272516	0.000000	
368.450000	20.681177	-53.275600	0.000000	
368.500000	20.705989	-53.278653	0.000000	
368.550000	20.730805	-53.281671	0.000000	
368.600000	20.755622	-53.284681	0.000000	
368.650000	20.780440	-53.287685	0.000000	
368.700000	20.805257	-53.290693	0.000000	
368.750000	20.830074	-53.293711	0.000000	
368.800000	20.854890	-53.296728	0.000000	
368.850000	20.879705	-53.299759	0.000000	
368.900000	20.904519	-53.302794	0.000000	
368.950000	20.929334	-53.305821	0.000000	
369.000000	20.954149	-53.308852	0.000000	
369.050000	20.978963	-53.311891	0.000000	
369.100000	21.003773	-53.314954	0.000000	
369.150000	21.028579	-53.318054	0.000000	
369.200000	21.053380	-53.321188	0.000000	
369.250000	21.078176	-53.324358	0.000000	
369.300000	21.102969	-53.327551	0.000000	
369.350000	21.127757	-53.330781	0.000000	
369.400000	21.152540	-53.334039	0.000000	
369.450000	21.177318	-53.337335	0.000000	
369.500000	21.202091	-53.340661	0.000000	
369.550000	21.226861	-53.344019	0.000000	
369.600000	21.251627	-53.347402	0.000000	
369.650000	21.276389	-53.350817	0.000000	
369.700000	21.301146	-53.354272	0.000000	
369.750000	21.325899	-53.357755	0.000000	
369.800000	21.350650	-53.361258	0.000000	
369.850000	21.375395	-53.364802	0.000000	
369.900000	21.400136	-53.368382	0.000000	
369.950000	21.424875	-53.371979	0.000000	
370.000000	21.449610	-53.375596	0.000000	
370.050000	21.474344	-53.379230	0.000000	
370.100000	21.499073	-53.382894	0.000000	
370.150000	21.523803	-53.386555	0.000000	
370.200000	21.548535	-53.390193	0.000000	
370.250000	21.573274	-53.393789	0.000000	
370.300000	21.598018	-53.397342	0.000000	
370.350000	21.622768	-53.400850	0.000000	
370.400000	21.647525	-53.404303	0.000000	
370.450000	21.672290	-53.407704	0.000000	
370.500000	21.697062	-53.411049	0.000000	
370.550000	21.721841	-53.414353	0.000000	
370.600000	21.746622	-53.417631	0.000000	
370.650000	21.771405	-53.420900	0.000000	
370.700000	21.796191	-53.424147	0.000000	
370.750000	21.820982	-53.427360	0.000000	
370.800000	21.845777	-53.430529	0.000000	
370.850000	21.870581	-53.433621	0.000000	
370.900000	21.895395	-53.436595	0.000000	
370.950000	21.920223	-53.439405	0.000000	
371.000000	21.945063	-53.442035	0.000000	
371.050000	21.969913	-53.444448	0.000000	
371.100000	21.994773	-53.446598	0.000000	
371.150000	22.019637	-53.448417	0.000000	
371.200000	22.044497	-53.449871	0.000000	
371.250000	22.069338	-53.450923	0.000000	
371.300000	22.094147	-53.451530	0.000000	
371.350000	22.118908	-53.451648	0.000000	
371.400000	22.143614	-53.451245	0.000000	
371.450000	22.168246	-53.450279	0.000000	
371.500000	22.192794	-53.448720	0.000000	
371.550000	22.217242	-53.446526	0.000000	
371.600000	22.241570	-53.443647	0.000000	
371.650000	22.265760	-53.440049	0.000000	
371.700000	22.289798	-53.435703	0.000000	
371.750000	22.313668	-53.430581	0.000000	
371.800000	22.337359	-53.424684	0.000000	
371.850000	22.360866	-53.418031	0.000000	
371.900000	22.384179	-53.410630	0.000000	
371.950000	22.407296	-53.402523	0.000000	
372.000000	22.430211	-53.393741	0.000000	
372.050000	22.452925	-53.384310	0.000000	
372.100000	22.475444	-53.374271	0.000000	
372.150000	22.497760	-53.363654	0.000000	
372.200000	22.519883	-53.352520	0.000000	
372.250000	22.541825	-53.340930	0.000000	
372.300000	22.563602	-53.328942	0.000000	
372.350000	22.585235	-53.316626	0.000000	
372.400000	22.606729	-53.304017	0.000000	
372.450000	22.628083	-53.291126	0.000000	
372.500000	22.649304	-53.277984	0.000000	
372.550000	22.670405	-53.264625	0.000000	
372.600000	22.691404	-53.251085	0.000000	
372.650000	22.712323	-53.237410	0.000000	
372.700000	22.733186	-53.223643	0.000000	
372.750000	22.754016	-53.209823	0.000000	
372.800000	22.774838	-53.195990	0.000000	
372.850000	22.795670	-53.182174	0.000000	
372.900000	22.816508	-53.168366	0.000000	
372.950000	22.837363	-53.154586	0.000000	
373.000000	22.858228	-53.140821	0.000000	
373.050000	22.879114	-53.127086	0.000000	
373.100000	22.900025	-53.113394	0.000000	
373.150000	22.920962	-53.099740	0.000000	
373.200000	22.941937	-53.086147	0.000000	
373.250000	22.962940	-53.072597	0.000000	
373.300000	22.983959	-53.059072	0.000000	
373.350000	23.004990	-53.045567	0.000000	
373.400000	23.026034	-53.032081	0.000000	
373.450000	23.047100	-53.018632	0.000000	
373.500000	23.068198	-53.005233	0.000000	
373.550000	23.089343	-52.991906	0.000000	
373.600000	23.110541	-52.978663	0.000000	
373.650000	23.131790	-52.965501	0.000000	
373.700000	23.153087	-52.952414	0.000000	
373.750000	23.174425	-52.939393	0.000000	
373.800000	23.195792	-52.926419	0.000000	
373.850000	23.217182	-52.913483	0.000000	
373.900000	23.238587	-52.900571	0.000000	
373.950000	23.260010	-52.887689	0.000000	
374.000000	23.281445	-52.874827	0.000000	
374.050000	23.302908	-52.862011	0.000000	
374.100000	23.324385	-52.849217	0.000000	
374.150000	23.345865	-52.836428	0.000000	
374.200000	23.367338	-52.823629	0.000000	
374.250000	23.388800	-52.810810	0.000000	
374.300000	23.410254	-52.797980	0.000000	
374.350000	23.431710	-52.785153	0.000000	
374.400000	23.453165	-52.772323	0.000000	
374.450000	23.474618	-52.759490	0.000000	
374.500000	23.496072	-52.746660	0.000000	
374.550000	23.517530	-52.733835	0.000000	
374.600000	23.538980	-52.720997	0.000000	
374.650000	23.560422	-52.708146	0.000000	
374.700000	23.581852	-52.695275	0.000000	
374.750000	23.603272	-52.682387	0.000000	
374.800000	23.624678	-52.669475	0.000000	
374.850000	23.646072	-52.656544	0.000000	
374.900000	23.667453	-52.643590	0.000000	
374.950000	23.688815	-52.630605	0.000000	
375.000000	23.710159	-52.617591	0.000000	
375.050000	23.731492	-52.604558	0.000000	
375.100000	23.752800	-52.591484	0.000000	
375.150000	23.774086	-52.578375	0.000000	
375.200000	23.795363	-52.565252	0.000000	
375.250000	23.816643	-52.552132	0.000000	
375.300000	23.837930	-52.539025	0.000000	
375.350000	23.859223	-52.525926	0.000000	
375.400000	23.880516	-52.512828	0.000000	
375.450000	23.901816	-52.499741	0.000000	
375.500000	23.923120	-52.486660	0.000000	
375.550000	23.944424	-52.473580	0.000000	
375.600000	23.965732	-52.460508	0.000000	
375.650000	23.987056	-52.447461	0.000000	
375.700000	24.008395	-52.434441	0.000000	
375.750000	24.029755	-52.421456	0.000000	
375.800000	24.051128	-52.408495	0.000000	
375.850000	24.072519	-52.395563	0.000000	
375.900000	24.093925	-52.382656	0.000000	
375.950000	24.115346	-52.369773	0.000000	
376.000000	24.136779	-52.356911	0.000000	
376.050000	24.158219	-52.344060	0.000000	
376.100000	24.179670	-52.331228	0.000000	
376.150000	24.201140	-52.318426	0.000000	
376.200000	24.222641	-52.305676	0.000000	
376.250000	24.244169	-52.292971	0.000000	
376.300000	24.265712	-52.280291	0.000000	
376.350000	24.287266	-52.267629	0.000000	
376.400000	24.308834	-52.254990	0.000000	
376.450000	24.330420	-52.242383	0.000000	
376.500000	24.352018	-52.229794	0.000000	
376.550000	24.373621	-52.217215	0.000000	
376.600000	24.395233	-52.204651	0.000000	
376.650000	24.416841	-52.192079	0.000000	
376.700000	24.438438	-52.179489	0.000000	
376.750000	24.460011	-52.166858	0.000000	
376.800000	24.481551	-52.154172	0.000000	
376.850000	24.503073	-52.141454	0.000000	
376.900000	24.524579	-52.128710	0.000000	
376.950000	24.546075	-52.115950	0.000000	
377.000000	24.567570	-52.103188	0.000000	
377.050000	24.589066	-52.090428	0.000000	
377.100000	24.610567	-52.077675	0.000000	
377.150000	24.632070	-52.064926	0.000000	
377.200000	24.653576	-52.052182	0.000000	
377.250000	24.675070	-52.039416	0.000000	
377.300000	24.696545	-52.026620	0.000000	
377.350000	24.718014	-52.013813	0.000000	
377.400000	24.739474	-52.000991	0.000000	
377.450000	24.760920	-51.988145	0.000000	
377.500000	24.782356	-51.975282	0.000000	
377.550000	24.803784	-51.962405	0.000000	
377.600000	24.825205	-51.949517	0.000000	
377.650000	24.846608	-51.936599	0.000000	
377.700000	24.868002	-51.923666	0.000000	
377.750000	24.889389	-51.910723	0.000000	
377.800000	24.910770	-51.897769	0.000000	
377.850000	24.932154	-51.884820	0.000000	
377.900000	24.953541	-51.871876	0.000000	
377.950000	24.974930	-51.858934	0.000000	
378.000000	24.996324	-51.846001	0.000000	
378.050000	25.017716	-51.833066	0.000000	
378.100000	25.039113	-51.820139	0.000000	
378.150000	25.060525	-51.807236	0.000000	
378.200000	25.081935	-51.794332	0.000000	
378.250000	25.103339	-51.781416	0.000000	
378.300000	25.124742	-51.768498	0.000000	
378.350000	25.146151	-51.755592	0.000000	
378.400000	25.167569	-51.742699	0.000000	
378.450000	25.188997	-51.729826	0.000000	
378.500000	25.210442	-51.716979	0.000000	
378.550000	25.231895	-51.704147	0.000000	
378.600000	25.253354	-51.691323	0.000000	
378.650000	25.274808	-51.678493	0.000000	
378.700000	25.296269	-51.665674	0.000000	
378.750000	25.317730	-51.652854	0.000000	
378.800000	25.339185	-51.640024	0.000000	
378.850000	25.360642	-51.627198	0.000000	
378.900000	25.382099	-51.614372	0.000000	
378.950000	25.403553	-51.601541	0.000000	
379.000000	25.424999	-51.588697	0.000000	
379.050000	25.446428	-51.575825	0.000000	
379.100000	25.467832	-51.562914	0.000000	
379.150000	25.489211	-51.549960	0.000000	
379.200000	25.510565	-51.536965	0.000000	
379.250000	25.531906	-51.523948	0.000000	
379.300000	25.553247	-51.510932	0.000000	
379.350000	25.574580	-51.497904	0.000000	
379.400000	25.595903	-51.484856	0.000000	
379.450000	25.617210	-51.471784	0.000000	
379.500000	25.638500	-51.458682	0.000000	
379.550000	25.659776	-51.445558	0.000000	
379.600000	25.681039	-51.432411	0.000000	
379.650000	25.702300	-51.419259	0.000000	
379.700000	25.723565	-51.406116	0.000000	
379.750000	25.744826	-51.392966	0.000000	
379.800000	25.766078	-51.379802	0.000000	
379.850000	25.787334	-51.366644	0.000000	
379.900000	25.808588	-51.353482	0.000000	
379.950000	25.829841	-51.340319	0.000000	
380.000000	25.851089	-51.327148	0.000000	
380.050000	25.872338	-51.313978	0.000000	
380.100000	25.893580	-51.300799	0.000000	
380.150000	25.914819	-51.287613	0.000000	
380.200000	25.936057	-51.274426	0.000000	
380.250000	25.957283	-51.261221	0.000000	
380.300000	25.978500	-51.248001	0.000000	
380.350000	25.999691	-51.234741	0.000000	
380.400000	26.020867	-51.221456	0.000000	
380.450000	26.042032	-51.208154	0.000000	
380.500000	26.063178	-51.194821	0.000000	
380.550000	26.084302	-51.181455	0.000000	
380.600000	26.105394	-51.168039	0.000000	
380.650000	26.126458	-51.154579	0.000000	
380.700000	26.147499	-51.141083	0.000000	
380.750000	26.168520	-51.127553	0.000000	
380.800000	26.189523	-51.113996	0.000000	
380.850000	26.210513	-51.100419	0.000000	
380.900000	26.231475	-51.086800	0.000000	
380.950000	26.252408	-51.073134	0.000000	
381.000000	26.273316	-51.059432	0.000000	
381.050000	26.294200	-51.045693	0.000000	
381.100000	26.315056	-51.031911	0.000000	
381.150000	26.335898	-51.018108	0.000000	
381.200000	26.356729	-51.004287	0.000000	
381.250000	26.377542	-50.990440	0.000000	
381.300000	26.398341	-50.976572	0.000000	
381.350000	26.419117	-50.962669	0.000000	
381.400000	26.439869	-50.948732	0.000000	
381.450000	26.460593	-50.934753	0.000000	
381.500000	26.481285	-50.920727	0.000000	
381.550000	26.501943	-50.906650	0.000000	
381.600000	26.522572	-50.892533	0.000000	
381.650000	26.543179	-50.878384	0.000000	
381.700000	26.563767	-50.864208	0.000000	
381.750000	26.584333	-50.849999	0.000000	
381.800000	26.604880	-50.835761	0.000000	
381.850000	26.625415	-50.821506	0.000000	
381.900000	26.645934	-50.807227	0.000000	
381.950000	26.666452	-50.792948	0.000000	
382.000000	26.686963	-50.778658	0.000000	
382.050000	26.707451	-50.764335	0.000000	
382.100000	26.727913	-50.749975	0.000000	
382.150000	26.748359	-50.735593	0.000000	
382.200000	26.768776	-50.721168	0.000000	
382.250000	26.789166	-50.706707	0.000000	
382.300000	26.809526	-50.692202	0.000000	
382.350000	26.829862	-50.677664	0.000000	
382.400000	26.850169	-50.663086	0.000000	
382.450000	26.870463	-50.648490	0.000000	
382.500000	26.890739	-50.633870	0.000000	
382.550000	26.911002	-50.619232	0.000000	
382.600000	26.931265	-50.604593	0.000000	
382.650000	26.951535	-50.589965	0.000000	
382.700000	26.971812	-50.575346	0.000000	
382.750000	26.992098	-50.560739	0.000000	
382.800000	27.012379	-50.546126	0.000000	
382.850000	27.032655	-50.531506	0.000000	
382.900000	27.052918	-50.516866	0.000000	
382.950000	27.073184	-50.502231	0.000000	
383.000000	27.093452	-50.487599	0.000000	
383.050000	27.113729	-50.472980	0.000000	
383.100000	27.134030	-50.458395	0.000000	
383.150000	27.154364	-50.443857	0.000000	
383.200000	27.174727	-50.429362	0.000000	
383.250000	27.195130	-50.414924	0.000000	
383.300000	27.215566	-50.400534	0.000000	
383.350000	27.236045	-50.386205	0.000000	
383.400000	27.256565	-50.371935	0.000000	
383.450000	27.277142	-50.357749	0.000000	
383.500000	27.297766	-50.343629	0.000000	
383.550000	27.318447	-50.329594	0.000000	
383.600000	27.339177	-50.315630	0.000000	
383.650000	27.359952	-50.301732	0.000000	
383.700000	27.380764	-50.287890	0.000000	
383.750000	27.401622	-50.274117	0.000000	
383.800000	27.422524	-50.260413	0.000000	
383.850000	27.443483	-50.246798	0.000000	
383.900000	27.464491	-50.233257	0.000000	
383.950000	27.485550	-50.219795	0.000000	
384.000000	27.506653	-50.206401	0.000000	
384.050000	27.527799	-50.193077	0.000000	
384.100000	27.548993	-50.179826	0.000000	
384.150000	27.570224	-50.166636	0.000000	
384.200000	27.591480	-50.153485	0.000000	
384.250000	27.612760	-50.140370	0.000000	
384.300000	27.634066	-50.127298	0.000000	
384.350000	27.655407	-50.114284	0.000000	
384.400000	27.676786	-50.101330	0.000000	
384.450000	27.698193	-50.088422	0.000000	
384.500000	27.719624	-50.075553	0.000000	
384.550000	27.741085	-50.062736	0.000000	
384.600000	27.762573	-50.049963	0.000000	
384.650000	27.784082	-50.037224	0.000000	
384.700000	27.805603	-50.024506	0.000000	
384.750000	27.827143	-50.011818	0.000000	
384.800000	27.848699	-49.999157	0.000000	
384.850000	27.870270	-49.986521	0.000000	
384.900000	27.891851	-49.973904	0.000000	
384.950000	27.913454	-49.961325	0.000000	
385.000000	27.935073	-49.948775	0.000000	
385.050000	27.956706	-49.936247	0.000000	
385.100000	27.978354	-49.923747	0.000000	
385.150000	28.000017	-49.911273	0.000000	
385.200000	28.021693	-49.898821	0.000000	
385.250000	28.043389	-49.886403	0.000000	
385.300000	28.065104	-49.874019	0.000000	
385.350000	28.086838	-49.861668	0.000000	
385.400000	28.108588	-49.849345	0.000000	
385.450000	28.130340	-49.837025	0.000000	
385.500000	28.152110	-49.824737	0.000000	
385.550000	28.173895	-49.812476	0.000000	
385.600000	28.195686	-49.800226	0.000000	
385.650000	28.217480	-49.787981	0.000000	
385.700000	28.239289	-49.775761	0.000000	
385.750000	28.261115	-49.763572	0.000000	
385.800000	28.282949	-49.751396	0.000000	
385.850000	28.304773	-49.739203	0.000000	
385.900000	28.326571	-49.726967	0.000000	
385.950000	28.348325	-49.714658	0.000000	
386.000000	28.370005	-49.702231	0.000000	
386.050000	28.391606	-49.689680	0.000000	
386.100000	28.413119	-49.676995	0.000000	
386.150000	28.434506	-49.664125	0.000000	
386.200000	28.455751	-49.651051	0.000000	
386.250000	28.476843	-49.637766	0.000000	
386.300000	28.497745	-49.624227	0.000000	
386.350000	28.518420	-49.610400	0.000000	
386.400000	28.538844	-49.596257	0.000000	
386.450000	28.559005	-49.581787	0.000000	
386.500000	28.578882	-49.566981	0.000000	
386.550000	28.598433	-49.551797	0.000000	
386.600000	28.617630	-49.536213	0.000000	
386.650000	28.636439	-49.520210	0.000000	
386.700000	28.654841	-49.503780	0.000000	
386.750000	28.672806	-49.486901	0.000000	
386.800000	28.690331	-49.469576	0.000000	
386.850000	28.707397	-49.451798	0.000000	
386.900000	28.724002	-49.433582	0.000000	
386.950000	28.740154	-49.414943	0.000000	
387.000000	28.755849	-49.395895	0.000000	
387.050000	28.771087	-49.376463	0.000000	
387.100000	28.785890	-49.356666	0.000000	
387.150000	28.800273	-49.336522	0.000000	
387.200000	28.814254	-49.316064	0.000000	
387.250000	28.827849	-49.295310	0.000000	
387.300000	28.841094	-49.274290	0.000000	
387.350000	28.854028	-49.253043	0.000000	
387.400000	28.866690	-49.231606	0.000000	
387.450000	28.879095	-49.209994	0.000000	
387.500000	28.891269	-49.188226	0.000000	
387.550000	28.903224	-49.166315	0.000000	
387.600000	28.914987	-49.144285	0.000000	
387.650000	28.926587	-49.122158	0.000000	
387.700000	28.938069	-49.099963	0.000000	
387.750000	28.949445	-49.077709	0.000000	
387.800000	28.960728	-49.055405	0.000000	
387.850000	28.971938	-49.033062	0.000000	
387.900000	28.983084	-49.010686	0.000000	
387.950000	28.994166	-48.988279	0.000000	
388.000000	29.005192	-48.965844	0.000000	
388.050000	29.016187	-48.943394	0.000000	
388.100000	29.027168	-48.920937	0.000000	
388.150000	29.038135	-48.898473	0.000000	
388.200000	29.049076	-48.875997	0.000000	
388.250000	29.059997	-48.853512	0.000000	
388.300000	29.070911	-48.831022	0.000000	
388.350000	29.081815	-48.808529	0.000000	
388.400000	29.092698	-48.786025	0.000000	
388.450000	29.103555	-48.763507	0.000000	
388.500000	29.114384	-48.740977	0.000000	
388.550000	29.125168	-48.718424	0.000000	
388.600000	29.135926	-48.695858	0.000000	
388.650000	29.146674	-48.673288	0.000000	
388.700000	29.157406	-48.650710	0.000000	
388.750000	29.168098	-48.628113	0.000000	
388.800000	29.178774	-48.605507	0.000000	
388.850000	29.189431	-48.582894	0.000000	
388.900000	29.200043	-48.560259	0.000000	
388.950000	29.210606	-48.537602	0.000000	
389.000000	29.221146	-48.514935	0.000000	
389.050000	29.231668	-48.492260	0.000000	
389.100000	29.242177	-48.469578	0.000000	
389.150000	29.252678	-48.446893	0.000000	
389.200000	29.263159	-48.424199	0.000000	
389.250000	29.273644	-48.401506	0.000000	
389.300000	29.284122	-48.378811	0.000000	
389.350000	29.294578	-48.356105	0.000000	
389.400000	29.304996	-48.333382	0.000000	
389.450000	29.315378	-48.310642	0.000000	
389.500000	29.325730	-48.287888	0.000000	
389.550000	29.336061	-48.265125	0.000000	
389.600000	29.346362	-48.242347	0.000000	
389.650000	29.356616	-48.219549	0.000000	
389.700000	29.366819	-48.196729	0.000000	
389.750000	29.376968	-48.173883	0.000000	
389.800000	29.387089	-48.151026	0.000000	
389.850000	29.397159	-48.128145	0.000000	
389.900000	29.407182	-48.105245	0.000000	
389.950000	29.417159	-48.082326	0.000000	
390.000000	29.427095	-48.059390	0.000000	
390.050000	29.436979	-48.036433	0.000000	
390.100000	29.446818	-48.013457	0.000000	
390.150000	29.456586	-47.990451	0.000000	
390.200000	29.466269	-47.967411	0.000000	
390.250000	29.475863	-47.944334	0.000000	
390.300000	29.485358	-47.921217	0.000000	
390.350000	29.494759	-47.898062	0.000000	
390.400000	29.504069	-47.874871	0.000000	
390.450000	29.513300	-47.851647	0.000000	
390.500000	29.522465	-47.828398	0.000000	
390.550000	29.531556	-47.805118	0.000000	
390.600000	29.540564	-47.781804	0.000000	
390.650000	29.549514	-47.758467	0.000000	
390.700000	29.558433	-47.735118	0.000000	
390.750000	29.567301	-47.711748	0.000000	
390.800000	29.576131	-47.688363	0.000000	
390.850000	29.584911	-47.664958	0.000000	
390.900000	29.593666	-47.641543	0.000000	
390.950000	29.602419	-47.618128	0.000000	
391.000000	29.611180	-47.594715	0.000000	
391.050000	29.619951	-47.571307	0.000000	
391.100000	29.628730	-47.547901	0.000000	
391.150000	29.637512	-47.524496	0.000000	
391.200000	29.646311	-47.501098	0.000000	
391.250000	29.655150	-47.477716	0.000000	
391.300000	29.664026	-47.454347	0.000000	
391.350000	29.672950	-47.430998	0.000000	
391.400000	29.681938	-47.407672	0.000000	
391.450000	29.691005	-47.384378	0.000000	
391.500000	29.700150	-47.361115	0.000000	
391.550000	29.709344	-47.337872	0.000000	
391.600000	29.718602	-47.314654	0.000000	
391.650000	29.727911	-47.291456	0.000000	
391.700000	29.737266	-47.268276	0.000000	
391.750000	29.746663	-47.245113	0.000000	
391.800000	29.756107	-47.221969	0.000000	
391.850000	29.765589	-47.198840	0.000000	
391.900000	29.775098	-47.175722	0.000000	
391.950000	29.784632	-47.152613	0.000000	
392.000000	29.794161	-47.129503	0.000000	
392.050000	29.803678	-47.106388	0.000000	
392.100000	29.813181	-47.083267	0.000000	
392.150000	29.822665	-47.060139	0.000000	
392.200000	29.832133	-47.037006	0.000000	
392.250000	29.841576	-47.013862	0.000000	
392.300000	29.850969	-46.990700	0.000000	
392.350000	29.860328	-46.967524	0.000000	
392.400000	29.869623	-46.944324	0.000000	
392.450000	29.878848	-46.921098	0.000000	
392.500000	29.887982	-46.897836	0.000000	
392.550000	29.897030	-46.874540	0.000000	
392.600000	29.906015	-46.851220	0.000000	
392.650000	29.914946	-46.827878	0.000000	
392.700000	29.923841	-46.804521	0.000000	
392.750000	29.932712	-46.781155	0.000000	
392.800000	29.941533	-46.757769	0.000000	
392.850000	29.950310	-46.734364	0.000000	
392.900000	29.959031	-46.710939	0.000000	
392.950000	29.967713	-46.687498	0.000000	
393.000000	29.976351	-46.664040	0.000000	
393.050000	29.984949	-46.640567	0.000000	
393.100000	29.993525	-46.617086	0.000000	
393.150000	30.002074	-46.593595	0.000000	
393.200000	30.010617	-46.570101	0.000000	
393.250000	30.019124	-46.546595	0.000000	
393.300000	30.027606	-46.523080	0.000000	
393.350000	30.036072	-46.499559	0.000000	
393.400000	30.044533	-46.476037	0.000000	
393.450000	30.053011	-46.452520	0.000000	
393.500000	30.061492	-46.429004	0.000000	
393.550000	30.069981	-46.405492	0.000000	
393.600000	30.078461	-46.381976	0.000000	
393.650000	30.086936	-46.358458	0.000000	
393.700000	30.095384	-46.334931	0.000000	
393.750000	30.103799	-46.311391	0.000000	
393.800000	30.112152	-46.287830	0.000000	
393.850000	30.120470	-46.264255	0.000000	
393.900000	30.128776	-46.240676	0.000000	
393.950000	30.137083	-46.217097	0.000000	
394.000000	30.145395	-46.193521	0.000000	
394.050000	30.153722	-46.169950	0.000000	
394.100000	30.162070	-46.146386	0.000000	
394.150000	30.170438	-46.122831	0.000000	
394.200000	30.178845	-46.099289	0.000000	
394.250000	30.187288	-46.075761	0.000000	
394.300000	30.195783	-46.052253	0.000000	
394.350000	30.204330	-46.028763	0.000000	
394.400000	30.212917	-46.005288	0.000000	
394.450000	30.221527	-45.981822	0.000000	
394.500000	30.230142	-45.958358	0.000000	
394.550000	30.238766	-45.934896	0.000000	
394.600000	30.247394	-45.911436	0.000000	
394.650000	30.256020	-45.887976	0.000000	
394.700000	30.264649	-45.864516	0.000000	
394.750000	30.273303	-45.841065	0.000000	
394.800000	30.281994	-45.817628	0.000000	
394.850000	30.290723	-45.794204	0.000000	
394.900000	30.299461	-45.770784	0.000000	
394.950000	30.308205	-45.747365	0.000000	
395.000000	30.316959	-45.723950	0.000000	
395.050000	30.325708	-45.700534	0.000000	
395.100000	30.334430	-45.677107	0.000000	
395.150000	30.343120	-45.653669	0.000000	
395.200000	30.351784	-45.630221	0.000000	
395.250000	30.360421	-45.606763	0.000000	
395.300000	30.369021	-45.583291	0.000000	
395.350000	30.377572	-45.559800	0.000000	
395.400000	30.386068	-45.536289	0.000000	
395.450000	30.394510	-45.512760	0.000000	
395.500000	30.402899	-45.489211	0.000000	
395.550000	30.411257	-45.465652	0.000000	
395.600000	30.419579	-45.442080	0.000000	
395.650000	30.427881	-45.418502	0.000000	
395.700000	30.436184	-45.394923	0.000000	
395.750000	30.444472	-45.371340	0.000000	
395.800000	30.452728	-45.347745	0.000000	
395.850000	30.460946	-45.324136	0.000000	
395.900000	30.469158	-45.300525	0.000000	
395.950000	30.477374	-45.276916	0.000000	
396.000000	30.485585	-45.253305	0.000000	
396.050000	30.493798	-45.229694	0.000000	
396.100000	30.502010	-45.206084	0.000000	
396.150000	30.510239	-45.182479	0.000000	
396.200000	30.518507	-45.158889	0.000000	
396.250000	30.526795	-45.135306	0.000000	
396.300000	30.535094	-45.111727	0.000000	
396.350000	30.543387	-45.088146	0.000000	
396.400000	30.551694	-45.064570	0.000000	
396.450000	30.560024	-45.041002	0.000000	
396.500000	30.568404	-45.017451	0.000000	
396.550000	30.576835	-44.993919	0.000000	
396.600000	30.585300	-44.970398	0.000000	
396.650000	30.593821	-44.946898	0.000000	
396.700000	30.602372	-44.923407	0.000000	
396.750000	30.610939	-44.899923	0.000000	
396.800000	30.619523	-44.876444	0.000000	
396.850000	30.628120	-44.852970	0.000000	
396.900000	30.636724	-44.829498	0.000000	
396.950000	30.645321	-44.806023	0.000000	
397.000000	30.653922	-44.782550	0.000000	
397.050000	30.662538	-44.759083	0.000000	
397.100000	30.671173	-44.735623	0.000000	
397.150000	30.679826	-44.712169	0.000000	
397.200000	30.688487	-44.688719	0.000000	
397.250000	30.697143	-44.665266	0.000000	
397.300000	30.705816	-44.641821	0.000000	
397.350000	30.714521	-44.618388	0.000000	
397.400000	30.723273	-44.594972	0.000000	
397.450000	30.732056	-44.571568	0.000000	
397.500000	30.740886	-44.548182	0.000000	
397.550000	30.749746	-44.524808	0.000000	
397.600000	30.758617	-44.501439	0.000000	
397.650000	30.767524	-44.478083	0.000000	
397.700000	30.776446	-44.454734	0.000000	
397.750000	30.785410	-44.431400	0.000000	
397.800000	30.794430	-44.408088	0.000000	
397.850000	30.803491	-44.384791	0.000000	
397.900000	30.812610	-44.361517	0.000000	
397.950000	30.821774	-44.338260	0.000000	
398.000000	30.830966	-44.315013	0.000000	
398.050000	30.840187	-44.291777	0.000000	
398.100000	30.849431	-44.268550	0.000000	
398.150000	30.858670	-44.245320	0.000000	
398.200000	30.867909	-44.222091	0.000000	
398.250000	30.877155	-44.198865	0.000000	
398.300000	30.886394	-44.175636	0.000000	
398.350000	30.895612	-44.152399	0.000000	
398.400000	30.904791	-44.129147	0.000000	
398.450000	30.913926	-44.105878	0.000000	
398.500000	30.923041	-44.082601	0.000000	
398.550000	30.932121	-44.059311	0.000000	
398.600000	30.941173	-44.036010	0.000000	
398.650000	30.950195	-44.012697	0.000000	
398.700000	30.959165	-43.989365	0.000000	
398.750000	30.968106	-43.966022	0.000000	
398.800000	30.977003	-43.942661	0.000000	
398.850000	30.985852	-43.919282	0.000000	
398.900000	30.994678	-43.895894	0.000000	
398.950000	31.003476	-43.872496	0.000000	
399.000000	31.012248	-43.849087	0.000000	
399.050000	31.020991	-43.825667	0.000000	
399.100000	31.029688	-43.802230	0.000000	
399.150000	31.038322	-43.778770	0.000000	
399.200000	31.046888	-43.755286	0.000000	
399.250000	31.055378	-43.731776	0.000000	
399.300000	31.063787	-43.708238	0.000000	
399.350000	31.072121	-43.684675	0.000000	
399.400000	31.080386	-43.661088	0.000000	
399.450000	31.088597	-43.637483	0.000000	
399.500000	31.096755	-43.613860	0.000000	
399.550000	31.104843	-43.590214	0.000000	
399.600000	31.112875	-43.566548	0.000000	
399.650000	31.120861	-43.542866	0.000000	
399.700000	31.128831	-43.519178	0.000000	
399.750000	31.136802	-43.495491	0.000000	
399.800000	31.144775	-43.471804	0.000000	
399.850000	31.152765	-43.448124	0.000000	
399.900000	31.160752	-43.424442	0.000000	
399.950000	31.168718	-43.400753	0.000000	
400.000000	31.176654	-43.377053	0.000000	
400.050000	31.184576	-43.353347	0.000000	
400.100000	31.192493	-43.329640	0.000000	
400.150000	31.200396	-43.305928	0.000000	
400.200000	31.208288	-43.282213	0.000000	
400.250000	31.216180	-43.258497	0.000000	
400.300000	31.224086	-43.234786	0.000000	
400.350000	31.232007	-43.211080	0.000000	
400.400000	31.239966	-43.187386	0.000000	
400.450000	31.247950	-43.163699	0.000000	
400.500000	31.255950	-43.140018	0.000000	
400.550000	31.263981	-43.116347	0.000000	
400.600000	31.272040	-43.092684	0.000000	
400.650000	31.280107	-43.069025	0.000000	
400.700000	31.288170	-43.045363	0.000000	
400.750000	31.296226	-43.021700	0.000000	
400.800000	31.304275	-42.998034	0.000000	
400.850000	31.312293	-42.974357	0.000000	
400.900000	31.320274	-42.950667	0.000000	
400.950000	31.328222	-42.926965	0.000000	
401.000000	31.336158	-42.903260	0.000000	
401.050000	31.344098	-42.879555	0.000000	
401.100000	31.352025	-42.855846	0.000000	
401.150000	31.359932	-42.832131	0.000000	
401.200000	31.367837	-42.808414	0.000000	
401.250000	31.375761	-42.784704	0.000000	
401.300000	31.383700	-42.760999	0.000000	
401.350000	31.391642	-42.737295	0.000000	
401.400000	31.399570	-42.713586	0.000000	
401.450000	31.407459	-42.689865	0.000000	
401.500000	31.415299	-42.666129	0.000000	
401.550000	31.423108	-42.642383	0.000000	
401.600000	31.430872	-42.618623	0.000000	
401.650000	31.438613	-42.594856	0.000000	
401.700000	31.446327	-42.571081	0.000000	
401.750000	31.454017	-42.547297	0.000000	
401.800000	31.461667	-42.523501	0.000000	
401.850000	31.469280	-42.499693	0.000000	
401.900000	31.476861	-42.475874	0.000000	
401.950000	31.484403	-42.452043	0.000000	
402.000000	31.491926	-42.428206	0.000000	
402.050000	31.499429	-42.404362	0.000000	
402.100000	31.506905	-42.380509	0.000000	
402.150000	31.514351	-42.356646	0.000000	
402.200000	31.521792	-42.332782	0.000000	
402.250000	31.529236	-42.308919	0.000000	
402.300000	31.536674	-42.285053	0.000000	
402.350000	31.544104	-42.261185	0.000000	
402.400000	31.551525	-42.237314	0.000000	
402.450000	31.558956	-42.213446	0.000000	
402.500000	31.566395	-42.189580	0.000000	
402.550000	31.573849	-42.165719	0.000000	
402.600000	31.581298	-42.141857	0.000000	
402.650000	31.588741	-42.117992	0.000000	
402.700000	31.596158	-42.094120	0.000000	
402.750000	31.603550	-42.070241	0.000000	
402.800000	31.610903	-42.046351	0.000000	
402.850000	31.618228	-42.022452	0.000000	
402.900000	31.625495	-41.998537	0.000000	
402.950000	31.632711	-41.974608	0.000000	
403.000000	31.639889	-41.950668	0.000000	
403.050000	31.647016	-41.926713	0.000000	
403.100000	31.654066	-41.902736	0.000000	
403.150000	31.661049	-41.878739	0.000000	
403.200000	31.667985	-41.854728	0.000000	
403.250000	31.674867	-41.830702	0.000000	
403.300000	31.681688	-41.806656	0.000000	
403.350000	31.688454	-41.782594	0.000000	
403.400000	31.695190	-41.758522	0.000000	
403.450000	31.701913	-41.734447	0.000000	
403.500000	31.708606	-41.710362	0.000000	
403.550000	31.715288	-41.686273	0.000000	
403.600000	31.721968	-41.662185	0.000000	
403.650000	31.728639	-41.638093	0.000000	
403.700000	31.735322	-41.614005	0.000000	
403.750000	31.742027	-41.589924	0.000000	
403.800000	31.748744	-41.565846	0.000000	
403.850000	31.755477	-41.541773	0.000000	
403.900000	31.762234	-41.517706	0.000000	
403.950000	31.769041	-41.493653	0.000000	
404.000000	31.775890	-41.469612	0.000000	
404.050000	31.782760	-41.445577	0.000000	
404.100000	31.789663	-41.421551	0.000000	
404.150000	31.796613	-41.397538	0.000000	
404.200000	31.803603	-41.373536	0.000000	
404.250000	31.810621	-41.349542	0.000000	
404.300000	31.817658	-41.325554	0.000000	
404.350000	31.824730	-41.301576	0.000000	
404.400000	31.831819	-41.277602	0.000000	
404.450000	31.838915	-41.253631	0.000000	
404.500000	31.846024	-41.229664	0.000000	
404.550000	31.853149	-41.205701	0.000000	
404.600000	31.860285	-41.181742	0.000000	
404.650000	31.867436	-41.157788	0.000000	
404.700000	31.874603	-41.133838	0.000000	
404.750000	31.881785	-41.109892	0.000000	
404.800000	31.888957	-41.085944	0.000000	
404.850000	31.896138	-41.061998	0.000000	
404.900000	31.903342	-41.038059	0.000000	
404.950000	31.910562	-41.014125	0.000000	
405.000000	31.917799	-40.990196	0.000000	
405.050000	31.925053	-40.966273	0.000000	
405.100000	31.932332	-40.942356	0.000000	
405.150000	31.939606	-40.918439	0.000000	
405.200000	31.946863	-40.894516	0.000000	
405.250000	31.954090	-40.870585	0.000000	
405.300000	31.961281	-40.846643	0.000000	
405.350000	31.968450	-40.822696	0.000000	
405.400000	31.975594	-40.798741	0.000000	
405.450000	31.982714	-40.774779	0.000000	
405.500000	31.989808	-40.750810	0.000000	
405.550000	31.996870	-40.726831	0.000000	
405.600000	32.003899	-40.702842	0.000000	
405.650000	32.010881	-40.678840	0.000000	
405.700000	32.017821	-40.654826	0.000000	
405.750000	32.024722	-40.630801	0.000000	
405.800000	32.031576	-40.606763	0.000000	
405.850000	32.038416	-40.582720	0.000000	
405.900000	32.045243	-40.558674	0.000000	
405.950000	32.052038	-40.534618	0.000000	
406.000000	32.058809	-40.510556	0.000000	
406.050000	32.065543	-40.486481	0.000000	
406.100000	32.072235	-40.462395	0.000000	
406.150000	32.078904	-40.438302	0.000000	
406.200000	32.085561	-40.414205	0.000000	
406.250000	32.092228	-40.390111	0.000000	
406.300000	32.098902	-40.366020	0.000000	
406.350000	32.105611	-40.341937	0.000000	
406.400000	32.112325	-40.317857	0.000000	
406.450000	32.119036	-40.293775	0.000000	
406.500000	32.125738	-40.269691	0.000000	
406.550000	32.132431	-40.245604	0.000000	
406.600000	32.139091	-40.221509	0.000000	
406.650000	32.145742	-40.197411	0.000000	
406.700000	32.152391	-40.173312	0.000000	
406.750000	32.159023	-40.149210	0.000000	
406.800000	32.165639	-40.125103	0.000000	
406.850000	32.172237	-40.100991	0.000000	
406.900000	32.178793	-40.076869	0.000000	
406.950000	32.185305	-40.052734	0.000000	
407.000000	32.191775	-40.028589	0.000000	
407.050000	32.198184	-40.004428	0.000000	
407.100000	32.204525	-39.980250	0.000000	
407.150000	32.210803	-39.956057	0.000000	
407.200000	32.216994	-39.931842	0.000000	
407.250000	32.223089	-39.907605	0.000000	
407.300000	32.229086	-39.883343	0.000000	
407.350000	32.234987	-39.859059	0.000000	
407.400000	32.240788	-39.834750	0.000000	
407.450000	32.246517	-39.810424	0.000000	
407.500000	32.252185	-39.786082	0.000000	
407.550000	32.257808	-39.761729	0.000000	
407.600000	32.263394	-39.737367	0.000000	
407.650000	32.268968	-39.713002	0.000000	
407.700000	32.274518	-39.688630	0.000000	
407.750000	32.280039	-39.664252	0.000000	
407.800000	32.285545	-39.639869	0.000000	
407.850000	32.291048	-39.615486	0.000000	
407.900000	32.296556	-39.591105	0.000000	
407.950000	32.302076	-39.566726	0.000000	
408.000000	32.307597	-39.542347	0.000000	
408.050000	32.313146	-39.517976	0.000000	
408.100000	32.318720	-39.493610	0.000000	
408.150000	32.324337	-39.469255	0.000000	
408.200000	32.330013	-39.444914	0.000000	
408.250000	32.335781	-39.420596	0.000000	
408.300000	32.341652	-39.396303	0.000000	
408.350000	32.347606	-39.372029	0.000000	
408.400000	32.353657	-39.347779	0.000000	
408.450000	32.359803	-39.323551	0.000000	
408.500000	32.366044	-39.299348	0.000000	
408.550000	32.372366	-39.275166	0.000000	
408.600000	32.378762	-39.251003	0.000000	
408.650000	32.385219	-39.226857	0.000000	
408.700000	32.391731	-39.202725	0.000000	
408.750000	32.398308	-39.178611	0.000000	
408.800000	32.404964	-39.154518	0.000000	
408.850000	32.411706	-39.130450	0.000000	
408.900000	32.418516	-39.106400	0.000000	
408.950000	32.425380	-39.082365	0.000000	
409.000000	32.432311	-39.058350	0.000000	
409.050000	32.439313	-39.034354	0.000000	
409.100000	32.446372	-39.010375	0.000000	
409.150000	32.453508	-38.986418	0.000000	
409.200000	32.460690	-38.962474	0.000000	
409.250000	32.467890	-38.938535	0.000000	
409.300000	32.475067	-38.914590	0.000000	
409.350000	32.482216	-38.890637	0.000000	
409.400000	32.489312	-38.866671	0.000000	
409.450000	32.496332	-38.842686	0.000000	
409.500000	32.503218	-38.818671	0.000000	
409.550000	32.509930	-38.794617	0.000000	
409.600000	32.516422	-38.770519	0.000000	
409.650000	32.522638	-38.746374	0.000000	
409.700000	32.528539	-38.722182	0.000000	
409.750000	32.534090	-38.697941	0.000000	
409.800000	32.539226	-38.673651	0.000000	
409.850000	32.543901	-38.649313	0.000000	
409.900000	32.548050	-38.624930	0.000000	
409.950000	32.551650	-38.600509	0.000000	
410.000000	32.554673	-38.576060	0.000000	
410.050000	32.557062	-38.551586	0.000000	
410.100000	32.558782	-38.527099	0.000000	
410.150000	32.559794	-38.502610	0.000000	
410.200000	32.560061	-38.478125	0.000000	
410.250000	32.559570	-38.453661	0.000000	
410.300000	32.558307	-38.429233	0.000000	
410.350000	32.556291	-38.404851	0.000000	
410.400000	32.553522	-38.380522	0.000000	
410.450000	32.550014	-38.356261	0.000000	
410.500000	32.545770	-38.332080	0.000000	
410.550000	32.540846	-38.307985	0.000000	
410.600000	32.535253	-38.283990	0.000000	
410.650000	32.529039	-38.260097	0.000000	
410.700000	32.522271	-38.236308	0.000000	
410.750000	32.515000	-38.212622	0.000000	
410.800000	32.507245	-38.189047	0.000000	
410.850000	32.499065	-38.165577	0.000000	
410.900000	32.490509	-38.142205	0.000000	
410.950000	32.481613	-38.118933	0.000000	
411.000000	32.472429	-38.095749	0.000000	
411.050000	32.463000	-38.072640	0.000000	
411.100000	32.453378	-38.049595	0.000000	
411.150000	32.443592	-38.026608	0.000000	
411.200000	32.433675	-38.003670	0.000000	
411.250000	32.423661	-37.980769	0.000000	
411.300000	32.413597	-37.957887	0.000000	
411.350000	32.403508	-37.935016	0.000000	
411.400000	32.393386	-37.912159	0.000000	
411.450000	32.383246	-37.889309	0.000000	
411.500000	32.373111	-37.866458	0.000000	
411.550000	32.363008	-37.843592	0.000000	
411.600000	32.352947	-37.820709	0.000000	
411.650000	32.342958	-37.797795	0.000000	
411.700000	32.333050	-37.774847	0.000000	
411.750000	32.323206	-37.751872	0.000000	
411.800000	32.313421	-37.728874	0.000000	
411.850000	32.303716	-37.705841	0.000000	
411.900000	32.294072	-37.682783	0.000000	
411.950000	32.284480	-37.659703	0.000000	
412.000000	32.274961	-37.636592	0.000000	
412.050000	32.265497	-37.613458	0.000000	
412.100000	32.256063	-37.590311	0.000000	
412.150000	32.246644	-37.567158	0.000000	
412.200000	32.237251	-37.543994	0.000000	
412.250000	32.227898	-37.520814	0.000000	
412.300000	32.218585	-37.497617	0.000000	
412.350000	32.209291	-37.474412	0.000000	
412.400000	32.200005	-37.451203	0.000000	
412.450000	32.190754	-37.427980	0.000000	
412.500000	32.181543	-37.404741	0.000000	
412.550000	32.172374	-37.381484	0.000000	
412.600000	32.163240	-37.358214	0.000000	
412.650000	32.154138	-37.334931	0.000000	
412.700000	32.145048	-37.311644	0.000000	
412.750000	32.135969	-37.288352	0.000000	
412.800000	32.126900	-37.265057	0.000000	
412.850000	32.117846	-37.241757	0.000000	
412.900000	32.108792	-37.218456	0.000000	
412.950000	32.099743	-37.195153	0.000000	
413.000000	32.090690	-37.171852	0.000000	
413.050000	32.081642	-37.148549	0.000000	
413.100000	32.072588	-37.125248	0.000000	
413.150000	32.063535	-37.101947	0.000000	
413.200000	32.054497	-37.078640	0.000000	
413.250000	32.045462	-37.055332	0.000000	
413.300000	32.036424	-37.032025	0.000000	
413.350000	32.027379	-37.008720	0.000000	
413.400000	32.018340	-36.985413	0.000000	
413.450000	32.009310	-36.962103	0.000000	
413.500000	32.000273	-36.938796	0.000000	
413.550000	31.991203	-36.915501	0.000000	
413.600000	31.982097	-36.892222	0.000000	
413.650000	31.972941	-36.868962	0.000000	
413.700000	31.963712	-36.845733	0.000000	
413.750000	31.954403	-36.822536	0.000000	
413.800000	31.944993	-36.799382	0.000000	
413.850000	31.935499	-36.776262	0.000000	
413.900000	31.925931	-36.753173	0.000000	
413.950000	31.916291	-36.730114	0.000000	
414.000000	31.906590	-36.707080	0.000000	
414.050000	31.896831	-36.684071	0.000000	
414.100000	31.886989	-36.661097	0.000000	
414.150000	31.877078	-36.638152	0.000000	
414.200000	31.867101	-36.615237	0.000000	
414.250000	31.857038	-36.592360	0.000000	
414.300000	31.846899	-36.569516	0.000000	
414.350000	31.836681	-36.546708	0.000000	
414.400000	31.826385	-36.523934	0.000000	
414.450000	31.816016	-36.501192	0.000000	
414.500000	31.805590	-36.478474	0.000000	
414.550000	31.795098	-36.455786	0.000000	
414.600000	31.784554	-36.433121	0.000000	
414.650000	31.773967	-36.410476	0.000000	
414.700000	31.763336	-36.387851	0.000000	
414.750000	31.752662	-36.365245	0.000000	
414.800000	31.741954	-36.342657	0.000000	
414.850000	31.731225	-36.320077	0.000000	
414.900000	31.720472	-36.297511	0.000000	
414.950000	31.709683	-36.274960	0.000000	
415.000000	31.698861	-36.252425	0.000000	
415.050000	31.688002	-36.229907	0.000000	
415.100000	31.677119	-36.207401	0.000000	
415.150000	31.666221	-36.184902	0.000000	
415.200000	31.655307	-36.162411	0.000000	
415.250000	31.644387	-36.139923	0.000000	
415.300000	31.633482	-36.117427	0.000000	
415.350000	31.622594	-36.094923	0.000000	
415.400000	31.611728	-36.072409	0.000000	
415.450000	31.600886	-36.049884	0.000000	
415.500000	31.590064	-36.027349	0.000000	
415.550000	31.579256	-36.004808	0.000000	
415.600000	31.568479	-35.982252	0.000000	
415.650000	31.557723	-35.959686	0.000000	
415.700000	31.546989	-35.937111	0.000000	
415.750000	31.536292	-35.914518	0.000000	
415.800000	31.525653	-35.891899	0.000000	
415.850000	31.515068	-35.869254	0.000000	
415.900000	31.504541	-35.846583	0.000000	
415.950000	31.494080	-35.823882	0.000000	
416.000000	31.483685	-35.801151	0.000000	
416.050000	31.473344	-35.778395	0.000000	
416.100000	31.463066	-35.755611	0.000000	
416.150000	31.452856	-35.732796	0.000000	
416.200000	31.442709	-35.709952	0.000000	
416.250000	31.432626	-35.687080	0.000000	
416.300000	31.422612	-35.664177	0.000000	
416.350000	31.412657	-35.641248	0.000000	
416.400000	31.402760	-35.618294	0.000000	
416.450000	31.392923	-35.595314	0.000000	
416.500000	31.383121	-35.572318	0.000000	
416.550000	31.373343	-35.549312	0.000000	
416.600000	31.363580	-35.526300	0.000000	
416.650000	31.353825	-35.503283	0.000000	
416.700000	31.344082	-35.480262	0.000000	
416.750000	31.334359	-35.457232	0.000000	
416.800000	31.324661	-35.434191	0.000000	
416.850000	31.314972	-35.411146	0.000000	
416.900000	31.305301	-35.388093	0.000000	
416.950000	31.295626	-35.365042	0.000000	
417.000000	31.285928	-35.342002	0.000000	
417.050000	31.276192	-35.318977	0.000000	
417.100000	31.266432	-35.295963	0.000000	
417.150000	31.256626	-35.272970	0.000000	
417.200000	31.246772	-35.249998	0.000000	
417.250000	31.236879	-35.227043	0.000000	
417.300000	31.226933	-35.204112	0.000000	
417.350000	31.216933	-35.181204	0.000000	
417.400000	31.206886	-35.158316	0.000000	
417.450000	31.196793	-35.135448	0.000000	
417.500000	31.186661	-35.112596	0.000000	
417.550000	31.176514	-35.089751	0.000000	
417.600000	31.166372	-35.066904	0.000000	
417.650000	31.156239	-35.044053	0.000000	
417.700000	31.146124	-35.021194	0.000000	
417.750000	31.136031	-34.998326	0.000000	
417.800000	31.125952	-34.975452	0.000000	
417.850000	31.115859	-34.952584	0.000000	
417.900000	31.105760	-34.929718	0.000000	
417.950000	31.095655	-34.906855	0.000000	
418.000000	31.085545	-34.883994	0.000000	
418.050000	31.075438	-34.861131	0.000000	
418.100000	31.065356	-34.838258	0.000000	
418.150000	31.055311	-34.815368	0.000000	
418.200000	31.045331	-34.792451	0.000000	
418.250000	31.035402	-34.769510	0.000000	
418.300000	31.025527	-34.746547	0.000000	
418.350000	31.015718	-34.723555	0.000000	
418.400000	31.005959	-34.700540	0.000000	
418.450000	30.996225	-34.677516	0.000000	
418.500000	30.986503	-34.654485	0.000000	
418.550000	30.976797	-34.631447	0.000000	
418.600000	30.967100	-34.608406	0.000000	
418.650000	30.957397	-34.585367	0.000000	
418.700000	30.947694	-34.562328	0.000000	
418.750000	30.937987	-34.539291	0.000000	
418.800000	30.928293	-34.516248	0.000000	
418.850000	30.918614	-34.493200	0.000000	
418.900000	30.908953	-34.470143	0.000000	
418.950000	30.899290	-34.447088	0.000000	
419.000000	30.889619	-34.424036	0.000000	
419.050000	30.879935	-34.400990	0.000000	
419.100000	30.870235	-34.377951	0.000000	
419.150000	30.860507	-34.354925	0.000000	
419.200000	30.850724	-34.331923	0.000000	
419.250000	30.840882	-34.308946	0.000000	
419.300000	30.830998	-34.285988	0.000000	
419.350000	30.821053	-34.263056	0.000000	
419.400000	30.811043	-34.240153	0.000000	
419.450000	30.800976	-34.217275	0.000000	
419.500000	30.790856	-34.194421	0.000000	
419.550000	30.780706	-34.171581	0.000000	
419.600000	30.770513	-34.148760	0.000000	
419.650000	30.760273	-34.125960	0.000000	
419.700000	30.749989	-34.103180	0.000000	
419.750000	30.739648	-34.080426	0.000000	
419.800000	30.729243	-34.057702	0.000000	
419.850000	30.718760	-34.035013	0.000000	
419.900000	30.708185	-34.012364	0.000000	
419.950000	30.697531	-33.989751	0.000000	
420.000000	30.686815	-33.967167	0.000000	
420.050000	30.676056	-33.944602	0.000000	
420.100000	30.665254	-33.922058	0.000000	
420.150000	30.654429	-33.899524	0.000000	
420.200000	30.643582	-33.877001	0.000000	
420.250000	30.632743	-33.854474	0.000000	
420.300000	30.621905	-33.831947	0.000000	
420.350000	30.611052	-33.809427	0.000000	
420.400000	30.600201	-33.786906	0.000000	
420.450000	30.589361	-33.764379	0.000000	
420.500000	30.578544	-33.741842	0.000000	
420.550000	30.567751	-33.719294	0.000000	
420.600000	30.556963	-33.696743	0.000000	
420.650000	30.546199	-33.674181	0.000000	
420.700000	30.535451	-33.651612	0.000000	
420.750000	30.524715	-33.629037	0.000000	
420.800000	30.514017	-33.606444	0.000000	
420.850000	30.503346	-33.583839	0.000000	
420.900000	30.492698	-33.561222	0.000000	
420.950000	30.482086	-33.538588	0.000000	
421.000000	30.471497	-33.515943	0.000000	
421.050000	30.460934	-33.493286	0.000000	
421.100000	30.450381	-33.470624	0.000000	
421.150000	30.439865	-33.447944	0.000000	
421.200000	30.429379	-33.425250	0.000000	
421.250000	30.418911	-33.402548	0.000000	
421.300000	30.408440	-33.379847	0.000000	
421.350000	30.397974	-33.357144	0.000000	
421.400000	30.387516	-33.334437	0.000000	
421.450000	30.377079	-33.311720	0.000000	
421.500000	30.366651	-33.289000	0.000000	
421.550000	30.356222	-33.266279	0.000000	
421.600000	30.345795	-33.243559	0.000000	
421.650000	30.335369	-33.220837	0.000000	
421.700000	30.324924	-33.198124	0.000000	
421.750000	30.314469	-33.175416	0.000000	
421.800000	30.304017	-33.152706	0.000000	
421.850000	30.293565	-33.129997	0.000000	
421.900000	30.283130	-33.107280	0.000000	
421.950000	30.272725	-33.084549	0.000000	
422.000000	30.262342	-33.061808	0.000000	
422.050000	30.251995	-33.039051	0.000000	
422.100000	30.241666	-33.016286	0.000000	
422.150000	30.231370	-32.993507	0.000000	
422.200000	30.221092	-32.970719	0.000000	
422.250000	30.210817	-32.947929	0.000000	
422.300000	30.200550	-32.925136	0.000000	
422.350000	30.190297	-32.902337	0.000000	
422.400000	30.180051	-32.879534	0.000000	
422.450000	30.169812	-32.856728	0.000000	
422.500000	30.159555	-32.833931	0.000000	
422.550000	30.149278	-32.811142	0.000000	
422.600000	30.138971	-32.788368	0.000000	
422.650000	30.128647	-32.765601	0.000000	
422.700000	30.118327	-32.742832	0.000000	
422.750000	30.108019	-32.720059	0.000000	
422.800000	30.097726	-32.697278	0.000000	
422.850000	30.087428	-32.674500	0.000000	
422.900000	30.077127	-32.651722	0.000000	
422.950000	30.066809	-32.628953	0.000000	
423.000000	30.056472	-32.606192	0.000000	
423.050000	30.046121	-32.583437	0.000000	
423.100000	30.035746	-32.560692	0.000000	
423.150000	30.025374	-32.537947	0.000000	
423.200000	30.014997	-32.515204	0.000000	
423.250000	30.004609	-32.492465	0.000000	
423.300000	29.994236	-32.469720	0.000000	
423.350000	29.983880	-32.446967	0.000000	
423.400000	29.973524	-32.424214	0.000000	
423.450000	29.963170	-32.401461	0.000000	
423.500000	29.952817	-32.378707	0.000000	
423.550000	29.942486	-32.355943	0.000000	
423.600000	29.932197	-32.333160	0.000000	
423.650000	29.921956	-32.310355	0.000000	
423.700000	29.911759	-32.287530	0.000000	
423.750000	29.901583	-32.264696	0.000000	
423.800000	29.891421	-32.241856	0.000000	
423.850000	29.881266	-32.219012	0.000000	
423.900000	29.871133	-32.196159	0.000000	
423.950000	29.861021	-32.173296	0.000000	
424.000000	29.850955	-32.150413	0.000000	
424.050000	29.840934	-32.127511	0.000000	
424.100000	29.830962	-32.104588	0.000000	
424.150000	29.821060	-32.081637	0.000000	
424.200000	29.811203	-32.058666	0.000000	
424.250000	29.801389	-32.035677	0.000000	
424.300000	29.791611	-32.012673	0.000000	
424.350000	29.781844	-31.989664	0.000000	
424.400000	29.772102	-31.966644	0.000000	
424.450000	29.762415	-31.943602	0.000000	
424.500000	29.752791	-31.920533	0.000000	
424.550000	29.743215	-31.897443	0.000000	
424.600000	29.733672	-31.874340	0.000000	
424.650000	29.724147	-31.851229	0.000000	
424.700000	29.714624	-31.828117	0.000000	
424.750000	29.705115	-31.805000	0.000000	
424.800000	29.695620	-31.781876	0.000000	
424.850000	29.686132	-31.758749	0.000000	
424.900000	29.676636	-31.735626	0.000000	
424.950000	29.667140	-31.712503	0.000000	
425.000000	29.657640	-31.689381	0.000000	
425.050000	29.648125	-31.666266	0.000000	
425.100000	29.638580	-31.643163	0.000000	
425.150000	29.628992	-31.620079	0.000000	
425.200000	29.619363	-31.597011	0.000000	
425.250000	29.609702	-31.573956	0.000000	
425.300000	29.600022	-31.550909	0.000000	
425.350000	29.590328	-31.527867	0.000000	
425.400000	29.580636	-31.504825	0.000000	
425.450000	29.570927	-31.481790	0.000000	
425.500000	29.561177	-31.458772	0.000000	
425.550000	29.551388	-31.435770	0.000000	
425.600000	29.541579	-31.412776	0.000000	
425.650000	29.531770	-31.389782	0.000000	
425.700000	29.521964	-31.366786	0.000000	
425.750000	29.512186	-31.343779	0.000000	
425.800000	29.502433	-31.320763	0.000000	
425.850000	29.492698	-31.297739	0.000000	
425.900000	29.482998	-31.274700	0.000000	
425.950000	29.473364	-31.251633	0.000000	
426.000000	29.463801	-31.228538	0.000000	
426.050000	29.454286	-31.205424	0.000000	
426.100000	29.444819	-31.182290	0.000000	
426.150000	29.435423	-31.159128	0.000000	
426.200000	29.426083	-31.135943	0.000000	
426.250000	29.416769	-31.112747	0.000000	
426.300000	29.407479	-31.089541	0.000000	
426.350000	29.398199	-31.066331	0.000000	
426.400000	29.388923	-31.043120	0.000000	
426.450000	29.379647	-31.019909	0.000000	
426.500000	29.370380	-30.996693	0.000000	
426.550000	29.361130	-30.973471	0.000000	
426.600000	29.351885	-30.950246	0.000000	
426.650000	29.342646	-30.927019	0.000000	
426.700000	29.333416	-30.903788	0.000000	
426.750000	29.324194	-30.880554	0.000000	
426.800000	29.314983	-30.857316	0.000000	
426.850000	29.305769	-30.834079	0.000000	
426.900000	29.296574	-30.810834	0.000000	
426.950000	29.287402	-30.787580	0.000000	
427.000000	29.278256	-30.764318	0.000000	
427.050000	29.269106	-30.741056	0.000000	
427.100000	29.259953	-30.717795	0.000000	
427.150000	29.250804	-30.694534	0.000000	
427.200000	29.241640	-30.671277	0.000000	
427.250000	29.232485	-30.648018	0.000000	
427.300000	29.223339	-30.624754	0.000000	
427.350000	29.214215	-30.601482	0.000000	
427.400000	29.205129	-30.578196	0.000000	
427.450000	29.196095	-30.554889	0.000000	
427.500000	29.187118	-30.531560	0.000000	
427.550000	29.178195	-30.508210	0.000000	
427.600000	29.169318	-30.484842	0.000000	
427.650000	29.160477	-30.461459	0.000000	
427.700000	29.151677	-30.438061	0.000000	
427.750000	29.142901	-30.414653	0.000000	
427.800000	29.134146	-30.391237	0.000000	
427.850000	29.125384	-30.367823	0.000000	
427.900000	29.116619	-30.344411	0.000000	
427.950000	29.107833	-30.321007	0.000000	
428.000000	29.098977	-30.297632	0.000000	
428.050000	29.089997	-30.274309	0.000000	
428.100000	29.080864	-30.251056	0.000000	
428.150000	29.071562	-30.227882	0.000000	
428.200000	29.062058	-30.204808	0.000000	
428.250000	29.052308	-30.181860	0.000000	
428.300000	29.042273	-30.159065	0.000000	
428.350000	29.031941	-30.136437	0.000000	
428.400000	29.021275	-30.114003	0.000000	
428.450000	29.010228	-30.091798	0.000000	
428.500000	28.998761	-30.069855	0.000000	
428.550000	28.986840	-30.048205	0.000000	
428.600000	28.974439	-30.026879	0.000000	
428.650000	28.961532	-30.005913	0.000000	
428.700000	28.948115	-29.985323	0.000000	
428.750000	28.934155	-29.965140	0.000000	
428.800000	28.919627	-29.945401	0.000000	
428.850000	28.904509	-29.926141	0.000000	
428.900000	28.888810	-29.907364	0.000000	
428.950000	28.872533	-29.889078	0.000000	
429.000000	28.855679	-29.871287	0.000000	
429.050000	28.838288	-29.853974	0.000000	
429.100000	28.820389	-29.837134	0.000000	
429.150000	28.802026	-29.820748	0.000000	
429.200000	28.783216	-29.804814	0.000000	
429.250000	28.763986	-29.789318	0.000000	
429.300000	28.744384	-29.774223	0.000000	
429.350000	28.724445	-29.759508	0.000000	
429.400000	28.704187	-29.745169	0.000000	
429.450000	28.683631	-29.731192	0.000000	
429.500000	28.662813	-29.717554	0.000000	
429.550000	28.641768	-29.704216	0.000000	
429.600000	28.620532	-29.691141	0.000000	
429.650000	28.599128	-29.678308	0.000000	
429.700000	28.577584	-29.665687	0.000000	
429.750000	28.555923	-29.653244	0.000000	
429.800000	28.534165	-29.640958	0.000000	
429.850000	28.512335	-29.628792	0.000000	
429.900000	28.490459	-29.616704	0.000000	
429.950000	28.468551	-29.604672	0.000000	
430.000000	28.446617	-29.592683	0.000000	
430.050000	28.424668	-29.580723	0.000000	
430.100000	28.402697	-29.568800	0.000000	
430.150000	28.380709	-29.556907	0.000000	
430.200000	28.358704	-29.545045	0.000000	
430.250000	28.336693	-29.533194	0.000000	
430.300000	28.314672	-29.521362	0.000000	
430.350000	28.292633	-29.509562	0.000000	
430.400000	28.270586	-29.497777	0.000000	
430.450000	28.248543	-29.485984	0.000000	
430.500000	28.226515	-29.474165	0.000000	
430.550000	28.204513	-29.462297	0.000000	
430.600000	28.182540	-29.450379	0.000000	
430.650000	28.160588	-29.438422	0.000000	
430.700000	28.138662	-29.426420	0.000000	
430.750000	28.116758	-29.414376	0.000000	
430.800000	28.094878	-29.402289	0.000000	
430.850000	28.073016	-29.390169	0.000000	
430.900000	28.051171	-29.378016	0.000000	
430.950000	28.029336	-29.365846	0.000000	
431.000000	28.007500	-29.353679	0.000000	
431.050000	27.985656	-29.341525	0.000000	
431.100000	27.963794	-29.329405	0.000000	
431.150000	27.941926	-29.317298	0.000000	
431.200000	27.920053	-29.305199	0.000000	
431.250000	27.898186	-29.293087	0.000000	
431.300000	27.876317	-29.280982	0.000000	
431.350000	27.854454	-29.268864	0.000000	
431.400000	27.832608	-29.256715	0.000000	
431.450000	27.810776	-29.244541	0.000000	
431.500000	27.788946	-29.232363	0.000000	
431.550000	27.767110	-29.220197	0.000000	
431.600000	27.745255	-29.208064	0.000000	
431.650000	27.723367	-29.195991	0.000000	
431.700000	27.701442	-29.183985	0.000000	
431.750000	27.679479	-29.172051	0.000000	
431.800000	27.657483	-29.160180	0.000000	
431.850000	27.635444	-29.148387	0.000000	
431.900000	27.613364	-29.136674	0.000000	
431.950000	27.591250	-29.125028	0.000000	
432.000000	27.569109	-29.113433	0.000000	
432.050000	27.546950	-29.101872	0.000000	
432.100000	27.524785	-29.090322	0.000000	
432.150000	27.502614	-29.078784	0.000000	
432.200000	27.480434	-29.067264	0.000000	
432.250000	27.458251	-29.055750	0.000000	
432.300000	27.436054	-29.044262	0.000000	
432.350000	27.413844	-29.032798	0.000000	
432.400000	27.391615	-29.021370	0.000000	
432.450000	27.369357	-29.009997	0.000000	
432.500000	27.347061	-28.998697	0.000000	
432.550000	27.324740	-28.987443	0.000000	
432.600000	27.302402	-28.976223	0.000000	
432.650000	27.280047	-28.965034	0.000000	
432.700000	27.257681	-28.953867	0.000000	
432.750000	27.235311	-28.942709	0.000000	
432.800000	27.212944	-28.931543	0.000000	
432.850000	27.190577	-28.920379	0.000000	
432.900000	27.168206	-28.909221	0.000000	
432.950000	27.145835	-28.898064	0.000000	
433.000000	27.123462	-28.886913	0.000000	
433.050000	27.101077	-28.875786	0.000000	
433.100000	27.078679	-28.864685	0.000000	
433.150000	27.056264	-28.853620	0.000000	
433.200000	27.033845	-28.842560	0.000000	
433.250000	27.011427	-28.831501	0.000000	
433.300000	26.989010	-28.820439	0.000000	
433.350000	26.966606	-28.809353	0.000000	
433.400000	26.944217	-28.798237	0.000000	
433.450000	26.921853	-28.787076	0.000000	
433.500000	26.899517	-28.775861	0.000000	
433.550000	26.877211	-28.764588	0.000000	
433.600000	26.854929	-28.753270	0.000000	
433.650000	26.832675	-28.741900	0.000000	
433.700000	26.810455	-28.730467	0.000000	
433.750000	26.788267	-28.718973	0.000000	
433.800000	26.766110	-28.707421	0.000000	
433.850000	26.743975	-28.695826	0.000000	
433.900000	26.721864	-28.684186	0.000000	
433.950000	26.699773	-28.672504	0.000000	
434.000000	26.677706	-28.660776	0.000000	
434.050000	26.655655	-28.649016	0.000000	
434.100000	26.633624	-28.637213	0.000000	
434.150000	26.611608	-28.625379	0.000000	
434.200000	26.589612	-28.613507	0.000000	
434.250000	26.567634	-28.601599	0.000000	
434.300000	26.545672	-28.589661	0.000000	
434.350000	26.523715	-28.577713	0.000000	
434.400000	26.501760	-28.565762	0.000000	
434.450000	26.479812	-28.553798	0.000000	
434.500000	26.457872	-28.541820	0.000000	
434.550000	26.435943	-28.529823	0.000000	
434.600000	26.414028	-28.517802	0.000000	
434.650000	26.392121	-28.505766	0.000000	
434.700000	26.370219	-28.493722	0.000000	
434.750000	26.348319	-28.481674	0.000000	
434.800000	26.326420	-28.469625	0.000000	
434.850000	26.304515	-28.457585	0.000000	
434.900000	26.282610	-28.445547	0.000000	
434.950000	26.260717	-28.433486	0.000000	
435.000000	26.238846	-28.421386	0.000000	
435.050000	26.217001	-28.409238	0.000000	
435.100000	26.195184	-28.397039	0.000000	
435.150000	26.173396	-28.384788	0.000000	
435.200000	26.151650	-28.372460	0.000000	
435.250000	26.129938	-28.360071	0.000000	
435.300000	26.108257	-28.347629	0.000000	
435.350000	26.086593	-28.335156	0.000000	
435.400000	26.064943	-28.322657	0.000000	
435.450000	26.043296	-28.310153	0.000000	
435.500000	26.021656	-28.297639	0.000000	
435.550000	26.000016	-28.285123	0.000000	
435.600000	25.978375	-28.272609	0.000000	
435.650000	25.956736	-28.260090	0.000000	
435.700000	25.935107	-28.247556	0.000000	
435.750000	25.913492	-28.234999	0.000000	
435.800000	25.891883	-28.222430	0.000000	
435.850000	25.870281	-28.209850	0.000000	
435.900000	25.848700	-28.197233	0.000000	
435.950000	25.827136	-28.184586	0.000000	
436.000000	25.805578	-28.171930	0.000000	
436.050000	25.784025	-28.159264	0.000000	
436.100000	25.762475	-28.146593	0.000000	
436.150000	25.740936	-28.133904	0.000000	
436.200000	25.719411	-28.121191	0.000000	
436.250000	25.697889	-28.108472	0.000000	
436.300000	25.676376	-28.095741	0.000000	
436.350000	25.654875	-28.082988	0.000000	
436.400000	25.633405	-28.070187	0.000000	
436.450000	25.611964	-28.057337	0.000000	
436.500000	25.590567	-28.044414	0.000000	
436.550000	25.569205	-28.031434	0.000000	
436.600000	25.547886	-28.018385	0.000000	
436.650000	25.526615	-28.005261	0.000000	
436.700000	25.505386	-27.992071	0.000000	
436.750000	25.484207	-27.978804	0.000000	
436.800000	25.463067	-27.965477	0.000000	
436.850000	25.441962	-27.952096	0.000000	
436.900000	25.420908	-27.938633	0.000000	
436.950000	25.399896	-27.925107	0.000000	
437.000000	25.378926	-27.911513	0.000000	
437.050000	25.358003	-27.897846	0.000000	
437.100000	25.337130	-27.884101	0.000000	
437.150000	25.316300	-27.870289	0.000000	
437.200000	25.295515	-27.856407	0.000000	
437.250000	25.274773	-27.842460	0.000000	
437.300000	25.254081	-27.828438	0.000000	
437.350000	25.233427	-27.814357	0.000000	
437.400000	25.212796	-27.800242	0.000000	
437.450000	25.192188	-27.786091	0.000000	
437.500000	25.171603	-27.771908	0.000000	
437.550000	25.151042	-27.757688	0.000000	
437.600000	25.130513	-27.743422	0.000000	
437.650000	25.110015	-27.729112	0.000000	
437.700000	25.089551	-27.714755	0.000000	
437.750000	25.069117	-27.700358	0.000000	
437.800000	25.048703	-27.685932	0.000000	
437.850000	25.028322	-27.671460	0.000000	
437.900000	25.007984	-27.656929	0.000000	
437.950000	24.987677	-27.642356	0.000000	
438.000000	24.967409	-27.627730	0.000000	
438.050000	24.947176	-27.613054	0.000000	
438.100000	24.926981	-27.598328	0.000000	
438.150000	24.906813	-27.583563	0.000000	
438.200000	24.886683	-27.568747	0.000000	
438.250000	24.866583	-27.553889	0.000000	
438.300000	24.846502	-27.539005	0.000000	
438.350000	24.826435	-27.524102	0.000000	
438.400000	24.806396	-27.509161	0.000000	
438.450000	24.786383	-27.494183	0.000000	
438.500000	24.766391	-27.479176	0.000000	
438.550000	24.746431	-27.464125	0.000000	
438.600000	24.726487	-27.449053	0.000000	
438.650000	24.706542	-27.433981	0.000000	
438.700000	24.686597	-27.418909	0.000000	
438.750000	24.666649	-27.403841	0.000000	
438.800000	24.646708	-27.388764	0.000000	
438.850000	24.626778	-27.373672	0.000000	
438.900000	24.606855	-27.358572	0.000000	
438.950000	24.586948	-27.343451	0.000000	
439.000000	24.567060	-27.328306	0.000000	
439.050000	24.547181	-27.313149	0.000000	
439.100000	24.527311	-27.297982	0.000000	
439.150000	24.507447	-27.282805	0.000000	
439.200000	24.487588	-27.267623	0.000000	
439.250000	24.467730	-27.252439	0.000000	
439.300000	24.447882	-27.237242	0.000000	
439.350000	24.428044	-27.222032	0.000000	
439.400000	24.408214	-27.206813	0.000000	
439.450000	24.388387	-27.191588	0.000000	
439.500000	24.368572	-27.176347	0.000000	
439.550000	24.348757	-27.161108	0.000000	
439.600000	24.328932	-27.145881	0.000000	
439.650000	24.309107	-27.130654	0.000000	
439.700000	24.289287	-27.115420	0.000000	
439.750000	24.269462	-27.100193	0.000000	
439.800000	24.249626	-27.084981	0.000000	
439.850000	24.229769	-27.069798	0.000000	
439.900000	24.209888	-27.054646	0.000000	
439.950000	24.189976	-27.039535	0.000000	
440.000000	24.170031	-27.024468	0.000000	
440.050000	24.150059	-27.009436	0.000000	
440.100000	24.130067	-26.994430	0.000000	
440.150000	24.110048	-26.979459	0.000000	
440.200000	24.089996	-26.964532	0.000000	
440.250000	24.069911	-26.949651	0.000000	
440.300000	24.049791	-26.934818	0.000000	
440.350000	24.029635	-26.920032	0.000000	
440.400000	24.009445	-26.905293	0.000000	
440.450000	23.989234	-26.890584	0.000000	
440.500000	23.969007	-26.875893	0.000000	
440.550000	23.948759	-26.861234	0.000000	
440.600000	23.928499	-26.846588	0.000000	
440.650000	23.908247	-26.831933	0.000000	
440.700000	23.888000	-26.817271	0.000000	
440.750000	23.867754	-26.802607	0.000000	
440.800000	23.847511	-26.787940	0.000000	
440.850000	23.827270	-26.773269	0.000000	
440.900000	23.807039	-26.758586	0.000000	
440.950000	23.786822	-26.743883	0.000000	
441.000000	23.766619	-26.729161	0.000000	
441.050000	23.746418	-26.714436	0.000000	
441.100000	23.726209	-26.699722	0.000000	
441.150000	23.705986	-26.685027	0.000000	
441.200000	23.685748	-26.670353	0.000000	
441.250000	23.665515	-26.655672	0.000000	
441.300000	23.645302	-26.640963	0.000000	
441.350000	23.625108	-26.626229	0.000000	
441.400000	23.604924	-26.611479	0.000000	
441.450000	23.584758	-26.596704	0.000000	
441.500000	23.564608	-26.581908	0.000000	
441.550000	23.544469	-26.567097	0.000000	
441.600000	23.524352	-26.552256	0.000000	
441.650000	23.504263	-26.537379	0.000000	
441.700000	23.484196	-26.522473	0.000000	
441.750000	23.464160	-26.507528	0.000000	
441.800000	23.444156	-26.492540	0.000000	
441.850000	23.424191	-26.477504	0.000000	
441.900000	23.404255	-26.462429	0.000000	
441.950000	23.384342	-26.447323	0.000000	
442.000000	23.364438	-26.432207	0.000000	
442.050000	23.344551	-26.417068	0.000000	
442.100000	23.324682	-26.401905	0.000000	
442.150000	23.304831	-26.386718	0.000000	
442.200000	23.285002	-26.371501	0.000000	
442.250000	23.265195	-26.356254	0.000000	
442.300000	23.245398	-26.340993	0.000000	
442.350000	23.225600	-26.325734	0.000000	
442.400000	23.205800	-26.310477	0.000000	
442.450000	23.186000	-26.295221	0.000000	
442.500000	23.166208	-26.279953	0.000000	
442.550000	23.146426	-26.264673	0.000000	
442.600000	23.126651	-26.249383	0.000000	
442.650000	23.106876	-26.234093	0.000000	
442.700000	23.087104	-26.218800	0.000000	
442.750000	23.067329	-26.203510	0.000000	
442.800000	23.047533	-26.188247	0.000000	
442.850000	23.027725	-26.172999	0.000000	
442.900000	23.007894	-26.157779	0.000000	
442.950000	22.988041	-26.142589	0.000000	
443.000000	22.968164	-26.127428	0.000000	
443.050000	22.948282	-26.112275	0.000000	
443.100000	22.928395	-26.097129	0.000000	
443.150000	22.908515	-26.081974	0.000000	
443.200000	22.888652	-26.066796	0.000000	
443.250000	22.868801	-26.051604	0.000000	
443.300000	22.848962	-26.036395	0.000000	
443.350000	22.829120	-26.021191	0.000000	
443.400000	22.809262	-26.006009	0.000000	
443.450000	22.789371	-25.990875	0.000000	
443.500000	22.769433	-25.975808	0.000000	
443.550000	22.749420	-25.960856	0.000000	
443.600000	22.729308	-25.946053	0.000000	
443.650000	22.709082	-25.931429	0.000000	
443.700000	22.688726	-25.917014	0.000000	
443.750000	22.668210	-25.902869	0.000000	
443.800000	22.647521	-25.889022	0.000000	
443.850000	22.626658	-25.875490	0.000000	
443.900000	22.605600	-25.862319	0.000000	
443.950000	22.584343	-25.849545	0.000000	
444.000000	22.562886	-25.837185	0.000000	
444.050000	22.541224	-25.825274	0.000000	
444.100000	22.519340	-25.813860	0.000000	
444.150000	22.497221	-25.802992	0.000000	
444.200000	22.474855	-25.792711	0.000000	
444.250000	22.452231	-25.783071	0.000000	
444.300000	22.429352	-25.774093	0.000000	
444.350000	22.406227	-25.765774	0.000000	
444.400000	22.382873	-25.758105	0.000000	
444.450000	22.359303	-25.751100	0.000000	
444.500000	22.335538	-25.744762	0.000000	
444.550000	22.311589	-25.739088	0.000000	
444.600000	22.287477	-25.734054	0.000000	
444.650000	22.263216	-25.729644	0.000000	
444.700000	22.238821	-25.725825	0.000000	
444.750000	22.214308	-25.722563	0.000000	
444.800000	22.189700	-25.719820	0.000000	
444.850000	22.165008	-25.717558	0.000000	
444.900000	22.140243	-25.715760	0.000000	
444.950000	22.115420	-25.714396	0.000000	
445.000000	22.090551	-25.713413	0.000000	
445.050000	22.065646	-25.712792	0.000000	
445.100000	22.040712	-25.712477	0.000000	
445.150000	22.015759	-25.712420	0.000000	
445.200000	21.990792	-25.712597	0.000000	
445.250000	21.965815	-25.712963	0.000000	
445.300000	21.940835	-25.713471	0.000000	
445.350000	21.915853	-25.714089	0.000000	
445.400000	21.890869	-25.714796	0.000000	
445.450000	21.865884	-25.715578	0.000000	
445.500000	21.840899	-25.716399	0.000000	
445.550000	21.815914	-25.717218	0.000000	
445.600000	21.790929	-25.718027	0.000000	
445.650000	21.765943	-25.718823	0.000000	
445.700000	21.740958	-25.719609	0.000000	
445.750000	21.715972	-25.720397	0.000000	
445.800000	21.690986	-25.721195	0.000000	
445.850000	21.666001	-25.722000	0.000000	
445.900000	21.641017	-25.722835	0.000000	
445.950000	21.616034	-25.723672	0.000000	
446.000000	21.591049	-25.724498	0.000000	
446.050000	21.566066	-25.725331	0.000000	
446.100000	21.541082	-25.726169	0.000000	
446.150000	21.516099	-25.727018	0.000000	
446.200000	21.491116	-25.727877	0.000000	
446.250000	21.466133	-25.728733	0.000000	
446.300000	21.441151	-25.729607	0.000000	
446.350000	21.416169	-25.730487	0.000000	
446.400000	21.391187	-25.731370	0.000000	
446.450000	21.366205	-25.732250	0.000000	
446.500000	21.341223	-25.733135	0.000000	
446.550000	21.316241	-25.734017	0.000000	
446.600000	21.291259	-25.734894	0.000000	
446.650000	21.266277	-25.735768	0.000000	
446.700000	21.241295	-25.736648	0.000000	
446.750000	21.216313	-25.737522	0.000000	
446.800000	21.191331	-25.738388	0.000000	
446.850000	21.166348	-25.739240	0.000000	
446.900000	21.141364	-25.740070	0.000000	
446.950000	21.116379	-25.740857	0.000000	
447.000000	21.091392	-25.741609	0.000000	
447.050000	21.066405	-25.742321	0.000000	
447.100000	21.041416	-25.742972	0.000000	
447.150000	21.016425	-25.743575	0.000000	
447.200000	20.991434	-25.744150	0.000000	
447.250000	20.966441	-25.744700	0.000000	
447.300000	20.941448	-25.745228	0.000000	
447.350000	20.916455	-25.745740	0.000000	
447.400000	20.891460	-25.746237	0.000000	
447.450000	20.866467	-25.746745	0.000000	
447.500000	20.841474	-25.747293	0.000000	
447.550000	20.816484	-25.747889	0.000000	
447.600000	20.791495	-25.748528	0.000000	
447.650000	20.766507	-25.749228	0.000000	
447.700000	20.741522	-25.749975	0.000000	
447.750000	20.716537	-25.750749	0.000000	
447.800000	20.691553	-25.751542	0.000000	
447.850000	20.666569	-25.752342	0.000000	
447.900000	20.641585	-25.753142	0.000000	
447.950000	20.616601	-25.753932	0.000000	
448.000000	20.591617	-25.754727	0.000000	
448.050000	20.566634	-25.755542	0.000000	
448.100000	20.541651	-25.756394	0.000000	
448.150000	20.516669	-25.757289	0.000000	
448.200000	20.491688	-25.758225	0.000000	
448.250000	20.466709	-25.759187	0.000000	
448.300000	20.441731	-25.760197	0.000000	
448.350000	20.416755	-25.761254	0.000000	
448.400000	20.391781	-25.762348	0.000000	
448.450000	20.366807	-25.763469	0.000000	
448.500000	20.341835	-25.764609	0.000000	
448.550000	20.316864	-25.765768	0.000000	
448.600000	20.291892	-25.766920	0.000000	
448.650000	20.266920	-25.768060	0.000000	
448.700000	20.241947	-25.769175	0.000000	
448.750000	20.216973	-25.770285	0.000000	
448.800000	20.191999	-25.771381	0.000000	
448.850000	20.167025	-25.772484	0.000000	
448.900000	20.142052	-25.773595	0.000000	
448.950000	20.117079	-25.774726	0.000000	
449.000000	20.092107	-25.775871	0.000000	
449.050000	20.067135	-25.777023	0.000000	
449.100000	20.042162	-25.778168	0.000000	
449.150000	20.017189	-25.779296	0.000000	
449.200000	19.992216	-25.780405	0.000000	
449.250000	19.967241	-25.781465	0.000000	
449.300000	19.942265	-25.782488	0.000000	
449.350000	19.917287	-25.783466	0.000000	
449.400000	19.892308	-25.784398	0.000000	
449.450000	19.867326	-25.785275	0.000000	
449.500000	19.842343	-25.786115	0.000000	
449.550000	19.817358	-25.786907	0.000000	
449.600000	19.792371	-25.787651	0.000000	
449.650000	19.767383	-25.788373	0.000000	
449.700000	19.742396	-25.789097	0.000000	
449.750000	19.717409	-25.789838	0.000000	
449.800000	19.692423	-25.790597	0.000000	
449.850000	19.667438	-25.791377	0.000000	
449.900000	19.642452	-25.792150	0.000000	
449.950000	19.617466	-25.792911	0.000000	
450.000000	19.592480	-25.793670	0.000000	
450.050000	19.567495	-25.794433	0.000000	
450.100000	19.542510	-25.795216	0.000000	
450.150000	19.517525	-25.796015	0.000000	
450.200000	19.492541	-25.796827	0.000000	
450.250000	19.467558	-25.797669	0.000000	
450.300000	19.442577	-25.798567	0.000000	
450.350000	19.417598	-25.799524	0.000000	
450.400000	19.392621	-25.800540	0.000000	
450.450000	19.367647	-25.801608	0.000000	
450.500000	19.342677	-25.802749	0.000000	
450.550000	19.317710	-25.803964	0.000000	
450.600000	19.292746	-25.805255	0.000000	
450.650000	19.267787	-25.806619	0.000000	
450.700000	19.242832	-25.808055	0.000000	
450.750000	19.217881	-25.809551	0.000000	
450.800000	19.192935	-25.811103	0.000000	
450.850000	19.167990	-25.812683	0.000000	
450.900000	19.143049	-25.814299	0.000000	
450.950000	19.118109	-25.815960	0.000000	
451.000000	19.093175	-25.817692	0.000000	
451.050000	19.068243	-25.819470	0.000000	
451.100000	19.043315	-25.821313	0.000000	
451.150000	19.018392	-25.823210	0.000000	
451.200000	18.993472	-25.825168	0.000000	
451.250000	18.968555	-25.827182	0.000000	
451.300000	18.943642	-25.829247	0.000000	
451.350000	18.918731	-25.831340	0.000000	
451.400000	18.893821	-25.833452	0.000000	
451.450000	18.868912	-25.835577	0.000000	
451.500000	18.844004	-25.837710	0.000000	
451.550000	18.819095	-25.839838	0.000000	
451.600000	18.794185	-25.841946	0.000000	
451.650000	18.769274	-25.844026	0.000000	
451.700000	18.744359	-25.846076	0.000000	
451.750000	18.719443	-25.848093	0.000000	
451.800000	18.694524	-25.850093	0.000000	
451.850000	18.669604	-25.852066	0.000000	
451.900000	18.644683	-25.854039	0.000000	
451.950000	18.619763	-25.856024	0.000000	
452.000000	18.594844	-25.858015	0.000000	
452.050000	18.569923	-25.859984	0.000000	
452.100000	18.545003	-25.861955	0.000000	
452.150000	18.520082	-25.863930	0.000000	
452.200000	18.495162	-25.865903	0.000000	
452.250000	18.470243	-25.867892	0.000000	
452.300000	18.445327	-25.869917	0.000000	
452.350000	18.420416	-25.871983	0.000000	
452.400000	18.395509	-25.874084	0.000000	
452.450000	18.370606	-25.876238	0.000000	
452.500000	18.345709	-25.878446	0.000000	
452.550000	18.320817	-25.880702	0.000000	
452.600000	18.295930	-25.883011	0.000000	
452.650000	18.271049	-25.885389	0.000000	
452.700000	18.246176	-25.887848	0.000000	
452.750000	18.221309	-25.890378	0.000000	
452.800000	18.196447	-25.892966	0.000000	
452.850000	18.171590	-25.895605	0.000000	
452.900000	18.146737	-25.898283	0.000000	
452.950000	18.121887	-25.900989	0.000000	
453.000000	18.097039	-25.903713	0.000000	
453.050000	18.072194	-25.906473	0.000000	
453.100000	18.047355	-25.909293	0.000000	
453.150000	18.022522	-25.912166	0.000000	
453.200000	17.997693	-25.915082	0.000000	
453.250000	17.972871	-25.918050	0.000000	
453.300000	17.948052	-25.921048	0.000000	
453.350000	17.923234	-25.924055	0.000000	
453.400000	17.898417	-25.927063	0.000000	
453.450000	17.873603	-25.930100	0.000000	
453.500000	17.848792	-25.933163	0.000000	
453.550000	17.823984	-25.936242	0.000000	
453.600000	17.799181	-25.939363	0.000000	
453.650000	17.774385	-25.942537	0.000000	
453.700000	17.749598	-25.945766	0.000000	
453.750000	17.724817	-25.949038	0.000000	
453.800000	17.700044	-25.952367	0.000000	
453.850000	17.675281	-25.955767	0.000000	
453.900000	17.650526	-25.959218	0.000000	
453.950000	17.625781	-25.962742	0.000000	
454.000000	17.601047	-25.966338	0.000000	
454.050000	17.576320	-25.969990	0.000000	
454.100000	17.551598	-25.973686	0.000000	
454.150000	17.526883	-25.977426	0.000000	
454.200000	17.502174	-25.981202	0.000000	
454.250000	17.477467	-25.984998	0.000000	
454.300000	17.452764	-25.988822	0.000000	
454.350000	17.428068	-25.992690	0.000000	
454.400000	17.403377	-25.996595	0.000000	
454.450000	17.378692	-26.000543	0.000000	
454.500000	17.354013	-26.004529	0.000000	
454.550000	17.329337	-26.008539	0.000000	
454.600000	17.304665	-26.012571	0.000000	
454.650000	17.279996	-26.016624	0.000000	
454.700000	17.255329	-26.020683	0.000000	
454.750000	17.230662	-26.024750	0.000000	
454.800000	17.205999	-26.028834	0.000000	
454.850000	17.181339	-26.032935	0.000000	
454.900000	17.156679	-26.037041	0.000000	
454.950000	17.132023	-26.041165	0.000000	
455.000000	17.107371	-26.045315	0.000000	
455.050000	17.082723	-26.049483	0.000000	
455.100000	17.058077	-26.053667	0.000000	
455.150000	17.033436	-26.057879	0.000000	
455.200000	17.008797	-26.062107	0.000000	
455.250000	16.984160	-26.066342	0.000000	
455.300000	16.959528	-26.070611	0.000000	
455.350000	16.934899	-26.074894	0.000000	
455.400000	16.910271	-26.079186	0.000000	
455.450000	16.885647	-26.083496	0.000000	
455.500000	16.861022	-26.087808	0.000000	
455.550000	16.836397	-26.092117	0.000000	
455.600000	16.811771	-26.096416	0.000000	
455.650000	16.787144	-26.100714	0.000000	
455.700000	16.762517	-26.105010	0.000000	
455.750000	16.737893	-26.109325	0.000000	
455.800000	16.713272	-26.113658	0.000000	
455.850000	16.688657	-26.118020	0.000000	
455.900000	16.664046	-26.122402	0.000000	
455.950000	16.639442	-26.126818	0.000000	
456.000000	16.614844	-26.131266	0.000000	
456.050000	16.590247	-26.135722	0.000000	
456.100000	16.565656	-26.140202	0.000000	
456.150000	16.541074	-26.144731	0.000000	
456.200000	16.516502	-26.149312	0.000000	
456.250000	16.491942	-26.153949	0.000000	
456.300000	16.467394	-26.158654	0.000000	
456.350000	16.442858	-26.163410	0.000000	
456.400000	16.418332	-26.168221	0.000000	
456.450000	16.393819	-26.173095	0.000000	
456.500000	16.369321	-26.178043	0.000000	
456.550000	16.344842	-26.183081	0.000000	
456.600000	16.320384	-26.188223	0.000000	
456.650000	16.295945	-26.193459	0.000000	
456.700000	16.271524	-26.198783	0.000000	
456.750000	16.247114	-26.204166	0.000000	
456.800000	16.222716	-26.209609	0.000000	
456.850000	16.198332	-26.215112	0.000000	
456.900000	16.173955	-26.220645	0.000000	
456.950000	16.149584	-26.226210	0.000000	
457.000000	16.125221	-26.231810	0.000000	
457.050000	16.100868	-26.237454	0.000000	
457.100000	16.076530	-26.243158	0.000000	
457.150000	16.052200	-26.248900	0.000000	
457.200000	16.027876	-26.254673	0.000000	
457.250000	16.003562	-26.260483	0.000000	
457.300000	15.979260	-26.266342	0.000000	
457.350000	15.954969	-26.272245	0.000000	
457.400000	15.930686	-26.278179	0.000000	
457.450000	15.906411	-26.284151	0.000000	
457.500000	15.882142	-26.290145	0.000000	
457.550000	15.857880	-26.296168	0.000000	
457.600000	15.833620	-26.302198	0.000000	
457.650000	15.809362	-26.308236	0.000000	
457.700000	15.785105	-26.314281	0.000000	
457.750000	15.760852	-26.320337	0.000000	
457.800000	15.736601	-26.326405	0.000000	
457.850000	15.712351	-26.332476	0.000000	
457.900000	15.688104	-26.338560	0.000000	
457.950000	15.663868	-26.344687	0.000000	
458.000000	15.639640	-26.350851	0.000000	
458.050000	15.615421	-26.357045	0.000000	
458.100000	15.591211	-26.363273	0.000000	
458.150000	15.567012	-26.369539	0.000000	
458.200000	15.542831	-26.375876	0.000000	
458.250000	15.518673	-26.382290	0.000000	
458.300000	15.494535	-26.388774	0.000000	
458.350000	15.470418	-26.395329	0.000000	
458.400000	15.446327	-26.401967	0.000000	
458.450000	15.422264	-26.408699	0.000000	
458.500000	15.398227	-26.415516	0.000000	
458.550000	15.374216	-26.422426	0.000000	
458.600000	15.350225	-26.429398	0.000000	
458.650000	15.326255	-26.436448	0.000000	
458.700000	15.302300	-26.443551	0.000000	
458.750000	15.278364	-26.450719	0.000000	
458.800000	15.254450	-26.457966	0.000000	
458.850000	15.230559	-26.465296	0.000000	
458.900000	15.206684	-26.472684	0.000000	
458.950000	15.182825	-26.480131	0.000000	
459.000000	15.158973	-26.487605	0.000000	
459.050000	15.135128	-26.495098	0.000000	
459.100000	15.111283	-26.502595	0.000000	
459.150000	15.087432	-26.510072	0.000000	
459.200000	15.063571	-26.517511	0.000000	
459.250000	15.039693	-26.524885	0.000000	
459.300000	15.015797	-26.532202	0.000000	
459.350000	14.991881	-26.539446	0.000000	
459.400000	14.967942	-26.546618	0.000000	
459.450000	14.943980	-26.553716	0.000000	
459.500000	14.919995	-26.560737	0.000000	
459.550000	14.895988	-26.567686	0.000000	
459.600000	14.871959	-26.574565	0.000000	
459.650000	14.847915	-26.581391	0.000000	
459.700000	14.823857	-26.588171	0.000000	
459.750000	14.799786	-26.594906	0.000000	
459.800000	14.775700	-26.601592	0.000000	
459.850000	14.751596	-26.608213	0.000000	
459.900000	14.727477	-26.614781	0.000000	
459.950000	14.703347	-26.621313	0.000000	
460.000000	14.679203	-26.627796	0.000000	
460.050000	14.655053	-26.634253	0.000000	
460.100000	14.630900	-26.640705	0.000000	
460.150000	14.606752	-26.647171	0.000000	
460.200000	14.582607	-26.653651	0.000000	
460.250000	14.558467	-26.660147	0.000000	
460.300000	14.534329	-26.666653	0.000000	
460.350000	14.510189	-26.673151	0.000000	
460.400000	14.486046	-26.679637	0.000000	
460.450000	14.461893	-26.686084	0.000000	
460.500000	14.437727	-26.692476	0.000000	
460.550000	14.413545	-26.698807	0.000000	
460.600000	14.389347	-26.705066	0.000000	
460.650000	14.365132	-26.711255	0.000000	
460.700000	14.340902	-26.717382	0.000000	
460.750000	14.316657	-26.723455	0.000000	
460.800000	14.292402	-26.729484	0.000000	
460.850000	14.268142	-26.735492	0.000000	
460.900000	14.243873	-26.741464	0.000000	
460.950000	14.219596	-26.747405	0.000000	
461.000000	14.195308	-26.753301	0.000000	
461.050000	14.171012	-26.759164	0.000000	
461.100000	14.146705	-26.764983	0.000000	
461.150000	14.122389	-26.770766	0.000000	
461.200000	14.098058	-26.776496	0.000000	
461.250000	14.073721	-26.782201	0.000000	
461.300000	14.049376	-26.787874	0.000000	
461.350000	14.025028	-26.793537	0.000000	
461.400000	14.000677	-26.799189	0.000000	
461.450000	13.976326	-26.804839	0.000000	
461.500000	13.951982	-26.810517	0.000000	
461.550000	13.927647	-26.816236	0.000000	
461.600000	13.903323	-26.821998	0.000000	
461.650000	13.879010	-26.827808	0.000000	
461.700000	13.854709	-26.833671	0.000000	
461.750000	13.830415	-26.839564	0.000000	
461.800000	13.806125	-26.845477	0.000000	
461.850000	13.781842	-26.851416	0.000000	
461.900000	13.757562	-26.857365	0.000000	
461.950000	13.733291	-26.863355	0.000000	
462.000000	13.709031	-26.869387	0.000000	
462.050000	13.684782	-26.875464	0.000000	
462.100000	13.660539	-26.881567	0.000000	
462.150000	13.636301	-26.887686	0.000000	
462.200000	13.612066	-26.893821	0.000000	
462.250000	13.587838	-26.899984	0.000000	
462.300000	13.563617	-26.906170	0.000000	
462.350000	13.539405	-26.912395	0.000000	
462.400000	13.515206	-26.918667	0.000000	
462.450000	13.491016	-26.924971	0.000000	
462.500000	13.466832	-26.931300	0.000000	
462.550000	13.442653	-26.937649	0.000000	
462.600000	13.418478	-26.944009	0.000000	
462.650000	13.394310	-26.950400	0.000000	
462.700000	13.370152	-26.956825	0.000000	
462.750000	13.345999	-26.963272	0.000000	
462.800000	13.321851	-26.969737	0.000000	
462.850000	13.297704	-26.976206	0.000000	
462.900000	13.273557	-26.982676	0.000000	
462.950000	13.249413	-26.989159	0.000000	
463.000000	13.225270	-26.995640	0.000000	
463.050000	13.201125	-27.002118	0.000000	
463.100000	13.176982	-27.008605	0.000000	
463.150000	13.152847	-27.015116	0.000000	
463.200000	13.128721	-27.021665	0.000000	
463.250000	13.104597	-27.028222	0.000000	
463.300000	13.080469	-27.034764	0.000000	
463.350000	13.056339	-27.041299	0.000000	
463.400000	13.032202	-27.047806	0.000000	
463.450000	13.008058	-27.054287	0.000000	
463.500000	12.983914	-27.060770	0.000000	
463.550000	12.959778	-27.067280	0.000000	
463.600000	12.935651	-27.073821	0.000000	
463.650000	12.911531	-27.080385	0.000000	
463.700000	12.887419	-27.086980	0.000000	
463.750000	12.863319	-27.093611	0.000000	
463.800000	12.839232	-27.100288	0.000000	
463.850000	12.815159	-27.107016	0.000000	
463.900000	12.791106	-27.113813	0.000000	
463.950000	12.767078	-27.120694	0.000000	
464.000000	12.743071	-27.127646	0.000000	
464.050000	12.719082	-27.134658	0.000000	
464.100000	12.695111	-27.141733	0.000000	
464.150000	12.671160	-27.148872	0.000000	
464.200000	12.647227	-27.156070	0.000000	
464.250000	12.623315	-27.163336	0.000000	
464.300000	12.599429	-27.170685	0.000000	
464.350000	12.575577	-27.178146	0.000000	
464.400000	12.551761	-27.185718	0.000000	
464.450000	12.527989	-27.193429	0.000000	
464.500000	12.504251	-27.201248	0.000000	
464.550000	12.480545	-27.209164	0.000000	
464.600000	12.456869	-27.217170	0.000000	
464.650000	12.433213	-27.225235	0.000000	
464.700000	12.409577	-27.233360	0.000000	
464.750000	12.385958	-27.241537	0.000000	
464.800000	12.362351	-27.249752	0.000000	
464.850000	12.338752	-27.257988	0.000000	
464.900000	12.315160	-27.266247	0.000000	
464.950000	12.291566	-27.274502	0.000000	
465.000000	12.267962	-27.282723	0.000000	
465.050000	12.244350	-27.290918	0.000000	
465.100000	12.220734	-27.299104	0.000000	
465.150000	12.197111	-27.307265	0.000000	
465.200000	12.173475	-27.315385	0.000000	
465.250000	12.149825	-27.323461	0.000000	
465.300000	12.126157	-27.331479	0.000000	
465.350000	12.102472	-27.339448	0.000000	
465.400000	12.078763	-27.347341	0.000000	
465.450000	12.055025	-27.355147	0.000000	
465.500000	12.031254	-27.362853	0.000000	
465.550000	12.007450	-27.370461	0.000000	
465.600000	11.983616	-27.377973	0.000000	
465.650000	11.959747	-27.385378	0.000000	
465.700000	11.935850	-27.392700	0.000000	
465.750000	11.911935	-27.399964	0.000000	
465.800000	11.887992	-27.407144	0.000000	
465.850000	11.864027	-27.414253	0.000000	
465.900000	11.840040	-27.421290	0.000000	
465.950000	11.816035	-27.428266	0.000000	
466.000000	11.792018	-27.435201	0.000000	
466.050000	11.767989	-27.442096	0.000000	
466.100000	11.743951	-27.448956	0.000000	
466.150000	11.719899	-27.455772	0.000000	
466.200000	11.695840	-27.462561	0.000000	
466.250000	11.671778	-27.469343	0.000000	
466.300000	11.647714	-27.476118	0.000000	
466.350000	11.623649	-27.482886	0.000000	
466.400000	11.599578	-27.489636	0.000000	
466.450000	11.575510	-27.496395	0.000000	
466.500000	11.551447	-27.503170	0.000000	
466.550000	11.527390	-27.509968	0.000000	
466.600000	11.503348	-27.516816	0.000000	
466.650000	11.479323	-27.523719	0.000000	
466.700000	11.455315	-27.530675	0.000000	
466.750000	11.431324	-27.537689	0.000000	
466.800000	11.407343	-27.544734	0.000000	
466.850000	11.383373	-27.551816	0.000000	
466.900000	11.359408	-27.558914	0.000000	
466.950000	11.335453	-27.566049	0.000000	
467.000000	11.311512	-27.573231	0.000000	
467.050000	11.287579	-27.580441	0.000000	
467.100000	11.263655	-27.587682	0.000000	
467.150000	11.239734	-27.594935	0.000000	
467.200000	11.215821	-27.602215	0.000000	
467.250000	11.191918	-27.609528	0.000000	
467.300000	11.168023	-27.616870	0.000000	
467.350000	11.144134	-27.624231	0.000000	
467.400000	11.120250	-27.631610	0.000000	
467.450000	11.096369	-27.639001	0.000000	
467.500000	11.072489	-27.646393	0.000000	
467.550000	11.048603	-27.653766	0.000000	
467.600000	11.024712	-27.661122	0.000000	
467.650000	11.000817	-27.668464	0.000000	
467.700000	10.976917	-27.675791	0.000000	
467.750000	10.953014	-27.683111	0.000000	
467.800000	10.929110	-27.690426	0.000000	
467.850000	10.905206	-27.697740	0.000000	
467.900000	10.881301	-27.705053	0.000000	
467.950000	10.857397	-27.712370	0.000000	
468.000000	10.833494	-27.719689	0.000000	
468.050000	10.809584	-27.726986	0.000000	
468.100000	10.785672	-27.734275	0.000000	
468.150000	10.761760	-27.741563	0.000000	
468.200000	10.737853	-27.748870	0.000000	
468.250000	10.713949	-27.756186	0.000000	
468.300000	10.690045	-27.763502	0.000000	
468.350000	10.666136	-27.770801	0.000000	
468.400000	10.642224	-27.778092	0.000000	
468.450000	10.618308	-27.785366	0.000000	
468.500000	10.594386	-27.792621	0.000000	
468.550000	10.570457	-27.799853	0.000000	
468.600000	10.546528	-27.807082	0.000000	
468.650000	10.522599	-27.814314	0.000000	
468.700000	10.498666	-27.821532	0.000000	
468.750000	10.474730	-27.828739	0.000000	
468.800000	10.450793	-27.835944	0.000000	
468.850000	10.426855	-27.843145	0.000000	
468.900000	10.402916	-27.850343	0.000000	
468.950000	10.378980	-27.857552	0.000000	
469.000000	10.355047	-27.864768	0.000000	
469.050000	10.331117	-27.871995	0.000000	
469.100000	10.307189	-27.879231	0.000000	
469.150000	10.283266	-27.886479	0.000000	
469.200000	10.259346	-27.893742	0.000000	
469.250000	10.235428	-27.901009	0.000000	
469.300000	10.211507	-27.908265	0.000000	
469.350000	10.187578	-27.915497	0.000000	
469.400000	10.163646	-27.922717	0.000000	
469.450000	10.139708	-27.929915	0.000000	
469.500000	10.115767	-27.937103	0.000000	
469.550000	10.091820	-27.944271	0.000000	
469.600000	10.067868	-27.951417	0.000000	
469.650000	10.043910	-27.958542	0.000000	
469.700000	10.019946	-27.965649	0.000000	
469.750000	9.995980	-27.972744	0.000000	
469.800000	9.972009	-27.979825	0.000000	
469.850000	9.948030	-27.986881	0.000000	
469.900000	9.924035	-27.993882	0.000000	
469.950000	9.900030	-28.000852	0.000000	
470.000000	9.876013	-28.007784	0.000000	
470.050000	9.851991	-28.014697	0.000000	
470.100000	9.827964	-28.021595	0.000000	
470.150000	9.803942	-28.028509	0.000000	
470.200000	9.779919	-28.035422	0.000000	
470.250000	9.755896	-28.042333	0.000000	
470.300000	9.731873	-28.049243	0.000000	
470.350000	9.707853	-28.056163	0.000000	
470.400000	9.683836	-28.063096	0.000000	
470.450000	9.659824	-28.070045	0.000000	
470.500000	9.635822	-28.077025	0.000000	
470.550000	9.611836	-28.084060	0.000000	
470.600000	9.587870	-28.091166	0.000000	
470.650000	9.563927	-28.098350	0.000000	
470.700000	9.540002	-28.105595	0.000000	
470.750000	9.516095	-28.112895	0.000000	
470.800000	9.492207	-28.120258	0.000000	
470.850000	9.468345	-28.127701	0.000000	
470.900000	9.444527	-28.135266	0.000000	
470.950000	9.420773	-28.143008	0.000000	
471.000000	9.397090	-28.150932	0.000000	
471.050000	9.373493	-28.159073	0.000000	
471.100000	9.349995	-28.167453	0.000000	
471.150000	9.326614	-28.176097	0.000000	
471.200000	9.303379	-28.185043	0.000000	
471.250000	9.280319	-28.194341	0.000000	
471.300000	9.257460	-28.204028	0.000000	
471.350000	9.234836	-28.214137	0.000000	
471.400000	9.212476	-28.224708	0.000000	
471.450000	9.190402	-28.235768	0.000000	
471.500000	9.168633	-28.247334	0.000000	
471.550000	9.147187	-28.259416	0.000000	
471.600000	9.126085	-28.272022	0.000000	
471.650000	9.105351	-28.285172	0.000000	
471.700000	9.085021	-28.298893	0.000000	
471.750000	9.065106	-28.313198	0.000000	
471.800000	9.045626	-28.328093	0.000000	
471.850000	9.026581	-28.343569	0.000000	
471.900000	9.007974	-28.359610	0.000000	
471.950000	8.989795	-28.376176	0.000000	
472.000000	8.972052	-28.393244	0.000000	
472.050000	8.954741	-28.410799	0.000000	
472.100000	8.937840	-28.428807	0.000000	
472.150000	8.921334	-28.447239	0.000000	
472.200000	8.905214	-28.466067	0.000000	
472.250000	8.889445	-28.485238	0.000000	
472.300000	8.874008	-28.504719	0.000000	
472.350000	8.858867	-28.524470	0.000000	
472.400000	8.843996	-28.544452	0.000000	
472.450000	8.829356	-28.564629	0.000000	
472.500000	8.814928	-28.584979	0.000000	
472.550000	8.800694	-28.605484	0.000000	
472.600000	8.786633	-28.626123	0.000000	
472.650000	8.772710	-28.646868	0.000000	
472.700000	8.758897	-28.667694	0.000000	
472.750000	8.745147	-28.688565	0.000000	
472.800000	8.731446	-28.709471	0.000000	
472.850000	8.717770	-28.730395	0.000000	
472.900000	8.704112	-28.751332	0.000000	
472.950000	8.690466	-28.772277	0.000000	
473.000000	8.676836	-28.793232	0.000000	
473.050000	8.663201	-28.814184	0.000000	
473.100000	8.649546	-28.835124	0.000000	
473.150000	8.635868	-28.856047	0.000000	
473.200000	8.622183	-28.876967	0.000000	
473.250000	8.608464	-28.897864	0.000000	
473.300000	8.594698	-28.918729	0.000000	
473.350000	8.580893	-28.939569	0.000000	
473.400000	8.567045	-28.960381	0.000000	
473.450000	8.553157	-28.981165	0.000000	
473.500000	8.539249	-29.001937	0.000000	
473.550000	8.525309	-29.022688	0.000000	
473.600000	8.511341	-29.043420	0.000000	
473.650000	8.497354	-29.064140	0.000000	
473.700000	8.483363	-29.084857	0.000000	
473.750000	8.469381	-29.105580	0.000000	
473.800000	8.455431	-29.126324	0.000000	
473.850000	8.441530	-29.147099	0.000000	
473.900000	8.427673	-29.167902	0.000000	
473.950000	8.413853	-29.188731	0.000000	
474.000000	8.400057	-29.209574	0.000000	
474.050000	8.386264	-29.230420	0.000000	
474.100000	8.372477	-29.251270	0.000000	
474.150000	8.358691	-29.272120	0.000000	
474.200000	8.344908	-29.292973	0.000000	
474.250000	8.331127	-29.313827	0.000000	
474.300000	8.317355	-29.334687	0.000000	
474.350000	8.303610	-29.355565	0.000000	
474.400000	8.289881	-29.376454	0.000000	
474.450000	8.276166	-29.397353	0.000000	
474.500000	8.262448	-29.418249	0.000000	
474.550000	8.248728	-29.439145	0.000000	
474.600000	8.235015	-29.460045	0.000000	
474.650000	8.221295	-29.480940	0.000000	
474.700000	8.207550	-29.501819	0.000000	
474.750000	8.193771	-29.522673	0.000000	
474.800000	8.179943	-29.543495	0.000000	
474.850000	8.166061	-29.564281	0.000000	
474.900000	8.152099	-29.585013	0.000000	
474.950000	8.138051	-29.605686	0.000000	
475.000000	8.123923	-29.626306	0.000000	
475.050000	8.109728	-29.646878	0.000000	
475.100000	8.095475	-29.667410	0.000000	
475.150000	8.081154	-29.687895	0.000000	
475.200000	8.066770	-29.708335	0.000000	
475.250000	8.052329	-29.728734	0.000000	
475.300000	8.037823	-29.749087	0.000000	
475.350000	8.023264	-29.769402	0.000000	
475.400000	8.008642	-29.789673	0.000000	
475.450000	7.993946	-29.809891	0.000000	
475.500000	7.979193	-29.830067	0.000000	
475.550000	7.964399	-29.850214	0.000000	
475.600000	7.949557	-29.870326	0.000000	
475.650000	7.934664	-29.890403	0.000000	
475.700000	7.919724	-29.910445	0.000000	
475.750000	7.904752	-29.930463	0.000000	
475.800000	7.889752	-29.950461	0.000000	
475.850000	7.874735	-29.970447	0.000000	
475.900000	7.859692	-29.990414	0.000000	
475.950000	7.844634	-30.010370	0.000000	
476.000000	7.829565	-30.030317	0.000000	
476.050000	7.814481	-30.050253	0.000000	
476.100000	7.799377	-30.070174	0.000000	
476.150000	7.784238	-30.090068	0.000000	
476.200000	7.769061	-30.109932	0.000000	
476.250000	7.753844	-30.129765	0.000000	
476.300000	7.738602	-30.149578	0.000000	
476.350000	7.723328	-30.169365	0.000000	
476.400000	7.708005	-30.189114	0.000000	
476.450000	7.692637	-30.208826	0.000000	
476.500000	7.677221	-30.228500	0.000000	
476.550000	7.661761	-30.248138	0.000000	
476.600000	7.646250	-30.267735	0.000000	
476.650000	7.630689	-30.287293	0.000000	
476.700000	7.615083	-30.306815	0.000000	
476.750000	7.599436	-30.326304	0.000000	
476.800000	7.583744	-30.345757	0.000000	
476.850000	7.568006	-30.365174	0.000000	
476.900000	7.552207	-30.384542	0.000000	
476.950000	7.536351	-30.403865	0.000000	
477.000000	7.520447	-30.423150	0.000000	
477.050000	7.504499	-30.442400	0.000000	
477.100000	7.488509	-30.461615	0.000000	
477.150000	7.472480	-30.480799	0.000000	
477.200000	7.456416	-30.499953	0.000000	
477.250000	7.440330	-30.519090	0.000000	
477.300000	7.424245	-30.538228	0.000000	
477.350000	7.408154	-30.557360	0.000000	
477.400000	7.392053	-30.576484	0.000000	
477.450000	7.375942	-30.595600	0.000000	
477.500000	7.359819	-30.614705	0.000000	
477.550000	7.343692	-30.633807	0.000000	
477.600000	7.327546	-30.652893	0.000000	
477.650000	7.311393	-30.671973	0.000000	
477.700000	7.295213	-30.691029	0.000000	
477.750000	7.279019	-30.710073	0.000000	
477.800000	7.262825	-30.729118	0.000000	
477.850000	7.246624	-30.748157	0.000000	
477.900000	7.230408	-30.767183	0.000000	
477.950000	7.214184	-30.786202	0.000000	
478.000000	7.197948	-30.805211	0.000000	
478.050000	7.181692	-30.824203	0.000000	
478.100000	7.165432	-30.843191	0.000000	
478.150000	7.149170	-30.862178	0.000000	
478.200000	7.132913	-30.881169	0.000000	
478.250000	7.116669	-30.900171	0.000000	
478.300000	7.100437	-30.919183	0.000000	
478.350000	7.084195	-30.938187	0.000000	
478.400000	7.067952	-30.957189	0.000000	
478.450000	7.051706	-30.976190	0.000000	
478.500000	7.035455	-30.995186	0.000000	
478.550000	7.019205	-31.014183	0.000000	
478.600000	7.002968	-31.033191	0.000000	
478.650000	6.986758	-31.052222	0.000000	
478.700000	6.970557	-31.071261	0.000000	
478.750000	6.954364	-31.090307	0.000000	
478.800000	6.938173	-31.109354	0.000000	
478.850000	6.921961	-31.128384	0.000000	
478.900000	6.905729	-31.147397	0.000000	
478.950000	6.889474	-31.166389	0.000000	
479.000000	6.873211	-31.185373	0.000000	
479.050000	6.856951	-31.204361	0.000000	
479.100000	6.840711	-31.223366	0.000000	
479.150000	6.824491	-31.242387	0.000000	
479.200000	6.808300	-31.261432	0.000000	
479.250000	6.792128	-31.280492	0.000000	
479.300000	6.775979	-31.299572	0.000000	
479.350000	6.759851	-31.318669	0.000000	
479.400000	6.743758	-31.337794	0.000000	
479.450000	6.727696	-31.356944	0.000000	
479.500000	6.711687	-31.376136	0.000000	
479.550000	6.695735	-31.395374	0.000000	
479.600000	6.679850	-31.414665	0.000000	
479.650000	6.664021	-31.434001	0.000000	
479.700000	6.648236	-31.453373	0.000000	
479.750000	6.632510	-31.472790	0.000000	
479.800000	6.616863	-31.492271	0.000000	
479.850000	6.601299	-31.511817	0.000000	
479.900000	6.585833	-31.531440	0.000000	
479.950000	6.570461	-31.551139	0.000000	
480.000000	6.555191	-31.570920	0.000000	
480.050000	6.540024	-31.590783	0.000000	
480.100000	6.524963	-31.610727	0.000000	
480.150000	6.510003	-31.630746	0.000000	
480.200000	6.495137	-31.650835	0.000000	
480.250000	6.480342	-31.670976	0.000000	
480.300000	6.465619	-31.691171	0.000000	
480.350000	6.450953	-31.711409	0.000000	
480.400000	6.436348	-31.731692	0.000000	
480.450000	6.421790	-31.752010	0.000000	
480.500000	6.407264	-31.772352	0.000000	
480.550000	6.392763	-31.792712	0.000000	
480.600000	6.378300	-31.813100	0.000000	
480.650000	6.363877	-31.833516	0.000000	
480.700000	6.349491	-31.853959	0.000000	
480.750000	6.335138	-31.874425	0.000000	
480.800000	6.320819	-31.894916	0.000000	
480.850000	6.306522	-31.915423	0.000000	
480.900000	6.292225	-31.935930	0.000000	
480.950000	6.277927	-31.956436	0.000000	
481.000000	6.263625	-31.976939	0.000000	
481.050000	6.249322	-31.997441	0.000000	
481.100000	6.235009	-32.017937	0.000000	
481.150000	6.220674	-32.038417	0.000000	
481.200000	6.206310	-32.058877	0.000000	
481.250000	6.191899	-32.079304	0.000000	
481.300000	6.177458	-32.099710	0.000000	
481.350000	6.162997	-32.120101	0.000000	
481.400000	6.148528	-32.140488	0.000000	
481.450000	6.134040	-32.160860	0.000000	
481.500000	6.119557	-32.181237	0.000000	
481.550000	6.105073	-32.201612	0.000000	
481.600000	6.090593	-32.221990	0.000000	
481.650000	6.076105	-32.242363	0.000000	
481.700000	6.061587	-32.262715	0.000000	
481.750000	6.047037	-32.283043	0.000000	
481.800000	6.032467	-32.303357	0.000000	
481.850000	6.017858	-32.323644	0.000000	
481.900000	6.003226	-32.343914	0.000000	
481.950000	5.988591	-32.364181	0.000000	
482.000000	5.973941	-32.384438	0.000000	
482.050000	5.959277	-32.404685	0.000000	
482.100000	5.944601	-32.424923	0.000000	
482.150000	5.929910	-32.445150	0.000000	
482.200000	5.915208	-32.465368	0.000000	
482.250000	5.900495	-32.485579	0.000000	
482.300000	5.885778	-32.505787	0.000000	
482.350000	5.871055	-32.525990	0.000000	
482.400000	5.856326	-32.546189	0.000000	
482.450000	5.841576	-32.566374	0.000000	
482.500000	5.826819	-32.586552	0.000000	
482.550000	5.812047	-32.606720	0.000000	
482.600000	5.797270	-32.626884	0.000000	
482.650000	5.782473	-32.647035	0.000000	
482.700000	5.767670	-32.667180	0.000000	
482.750000	5.752879	-32.687335	0.000000	
482.800000	5.738104	-32.707501	0.000000	
482.850000	5.723335	-32.727671	0.000000	
482.900000	5.708573	-32.747847	0.000000	
482.950000	5.693814	-32.768025	0.000000	
483.000000	5.679046	-32.788196	0.000000	
483.050000	5.664277	-32.808366	0.000000	
483.100000	5.649504	-32.828534	0.000000	
483.150000	5.634716	-32.848690	0.000000	
483.200000	5.619908	-32.868831	0.000000	
483.250000	5.605071	-32.888951	0.000000	
483.300000	5.590203	-32.909046	0.000000	
483.350000	5.575321	-32.929131	0.000000	
483.400000	5.560424	-32.949205	0.000000	
483.450000	5.545502	-32.969260	0.000000	
483.500000	5.530580	-32.989315	0.000000	
483.550000	5.515644	-33.009359	0.000000	
483.600000	5.500677	-33.029381	0.000000	
483.650000	5.485667	-33.049369	0.000000	
483.700000	5.470631	-33.069338	0.000000	
483.750000	5.455568	-33.089287	0.000000	
483.800000	5.440475	-33.109214	0.000000	
483.850000	5.425364	-33.129128	0.000000	
483.900000	5.410251	-33.149040	0.000000	
483.950000	5.395146	-33.168959	0.000000	
484.000000	5.380050	-33.188883	0.000000	
484.050000	5.364951	-33.208805	0.000000	
484.100000	5.349848	-33.228725	0.000000	
484.150000	5.334750	-33.248648	0.000000	
484.200000	5.319662	-33.268579	0.000000	
484.250000	5.304585	-33.288518	0.000000	
484.300000	5.289509	-33.308459	0.000000	
484.350000	5.274424	-33.328391	0.000000	
484.400000	5.259323	-33.348312	0.000000	
484.450000	5.244220	-33.368231	0.000000	
484.500000	5.229109	-33.388144	0.000000	
484.550000	5.213987	-33.408049	0.000000	
484.600000	5.198867	-33.427954	0.000000	
484.650000	5.183745	-33.447859	0.000000	
484.700000	5.168629	-33.467768	0.000000	
484.750000	5.153495	-33.487663	0.000000	
484.800000	5.138333	-33.507536	0.000000	
484.850000	5.123139	-33.527384	0.000000	
484.900000	5.107901	-33.547197	0.000000	
484.950000	5.092609	-33.566969	0.000000	
485.000000	5.077270	-33.586705	0.000000	
485.050000	5.061904	-33.606421	0.000000	
485.100000	5.046555	-33.626150	0.000000	
485.150000	5.031252	-33.645910	0.000000	
485.200000	5.016016	-33.665718	0.000000	
485.250000	5.000882	-33.685594	0.000000	
485.300000	4.985887	-33.705560	0.000000	
485.350000	4.971080	-33.725647	0.000000	
485.400000	4.956496	-33.745876	0.000000	
485.450000	4.942162	-33.766256	0.000000	
485.500000	4.928082	-33.786784	0.000000	
485.550000	4.914296	-33.807482	0.000000	
485.600000	4.900818	-33.828350	0.000000	
485.650000	4.887657	-33.849389	0.000000	
485.700000	4.874861	-33.870621	0.000000	
485.750000	4.862456	-33.892058	0.000000	
485.800000	4.850482	-33.913716	0.000000	
485.850000	4.838969	-33.935604	0.000000	
485.900000	4.827951	-33.957731	0.000000	
485.950000	4.817469	-33.980106	0.000000	
486.000000	4.807533	-34.002733	0.000000	
486.050000	4.798148	-34.025607	0.000000	
486.100000	4.789300	-34.048708	0.000000	
486.150000	4.780964	-34.072016	0.000000	
486.200000	4.773127	-34.095515	0.000000	
486.250000	4.765784	-34.119193	0.000000	
486.300000	4.758906	-34.143033	0.000000	
486.350000	4.752470	-34.167016	0.000000	
486.400000	4.746442	-34.191122	0.000000	
486.450000	4.740815	-34.215342	0.000000	
486.500000	4.735558	-34.239661	0.000000	
486.550000	4.730671	-34.264073	0.000000	
486.600000	4.726121	-34.288565	0.000000	
486.650000	4.721881	-34.313127	0.000000	
486.700000	4.717948	-34.337754	0.000000	
486.750000	4.714284	-34.362436	0.000000	
486.800000	4.710880	-34.387165	0.000000	
486.850000	4.707699	-34.411934	0.000000	
486.900000	4.704722	-34.436735	0.000000	
486.950000	4.701911	-34.461561	0.000000	
487.000000	4.699221	-34.486403	0.000000	
487.050000	4.696652	-34.511260	0.000000	
487.100000	4.694196	-34.536131	0.000000	
487.150000	4.691845	-34.561012	0.000000	
487.200000	4.689597	-34.585905	0.000000	
487.250000	4.687436	-34.610807	0.000000	
487.300000	4.685336	-34.635715	0.000000	
487.350000	4.683296	-34.660629	0.000000	
487.400000	4.681319	-34.685549	0.000000	
487.450000	4.679411	-34.710474	0.000000	
487.500000	4.677551	-34.735403	0.000000	
487.550000	4.675726	-34.760336	0.000000	
487.600000	4.673908	-34.785269	0.000000	
487.650000	4.672117	-34.810204	0.000000	
487.700000	4.670341	-34.835140	0.000000	
487.750000	4.668560	-34.860076	0.000000	
487.800000	4.666792	-34.885012	0.000000	
487.850000	4.665037	-34.909950	0.000000	
487.900000	4.663305	-34.934889	0.000000	
487.950000	4.661591	-34.959830	0.000000	
488.000000	4.659911	-34.984772	0.000000	
488.050000	4.658281	-35.009718	0.000000	
488.100000	4.656681	-35.034665	0.000000	
488.150000	4.655093	-35.059613	0.000000	
488.200000	4.653510	-35.084562	0.000000	
488.250000	4.651935	-35.109510	0.000000	
488.300000	4.650366	-35.134460	0.000000	
488.350000	4.648819	-35.159410	0.000000	
488.400000	4.647300	-35.184363	0.000000	
488.450000	4.645813	-35.209317	0.000000	
488.500000	4.644345	-35.234272	0.000000	
488.550000	4.642896	-35.259228	0.000000	
488.600000	4.641490	-35.284186	0.000000	
488.650000	4.640128	-35.309147	0.000000	
488.700000	4.638775	-35.334108	0.000000	
488.750000	4.637455	-35.359072	0.000000	
488.800000	4.636173	-35.384038	0.000000	
488.850000	4.634911	-35.409005	0.000000	
488.900000	4.633673	-35.433973	0.000000	
488.950000	4.632444	-35.458942	0.000000	
489.000000	4.631236	-35.483912	0.000000	
489.050000	4.630038	-35.508883	0.000000	
489.100000	4.628860	-35.533854	0.000000	
489.150000	4.627712	-35.558826	0.000000	
489.200000	4.626614	-35.583800	0.000000	
489.250000	4.625562	-35.608776	0.000000	
489.300000	4.624558	-35.633753	0.000000	
489.350000	4.623610	-35.658733	0.000000	
489.400000	4.622704	-35.683714	0.000000	
489.450000	4.621814	-35.708697	0.000000	
489.500000	4.620916	-35.733678	0.000000	
489.550000	4.620011	-35.758660	0.000000	
489.600000	4.619112	-35.783641	0.000000	
489.650000	4.618219	-35.808623	0.000000	
489.700000	4.617355	-35.833606	0.000000	
489.750000	4.616522	-35.858590	0.000000	
489.800000	4.615701	-35.883574	0.000000	
489.850000	4.614889	-35.908559	0.000000	
489.900000	4.614085	-35.933545	0.000000	
489.950000	4.613257	-35.958529	0.000000	
490.000000	4.612406	-35.983512	0.000000	
490.050000	4.611536	-36.008493	0.000000	
490.100000	4.610633	-36.033474	0.000000	
490.150000	4.609687	-36.058452	0.000000	
490.200000	4.608704	-36.083429	0.000000	
490.250000	4.607681	-36.108405	0.000000	
490.300000	4.606629	-36.133379	0.000000	
490.350000	4.605556	-36.158353	0.000000	
490.400000	4.604451	-36.183327	0.000000	
490.450000	4.603317	-36.208299	0.000000	
490.500000	4.602175	-36.233271	0.000000	
490.550000	4.601053	-36.258244	0.000000	
490.600000	4.599960	-36.283217	0.000000	
490.650000	4.598873	-36.308191	0.000000	
490.700000	4.597771	-36.333165	0.000000	
490.750000	4.596641	-36.358137	0.000000	
490.800000	4.595502	-36.383109	0.000000	
490.850000	4.594354	-36.408081	0.000000	
490.900000	4.593211	-36.433053	0.000000	
490.950000	4.592070	-36.458026	0.000000	
491.000000	4.590955	-36.482999	0.000000	
491.050000	4.589868	-36.507974	0.000000	
491.100000	4.588807	-36.532951	0.000000	
491.150000	4.587785	-36.557929	0.000000	
491.200000	4.586783	-36.582908	0.000000	
491.250000	4.585790	-36.607888	0.000000	
491.300000	4.584785	-36.632867	0.000000	
491.350000	4.583775	-36.657845	0.000000	
491.400000	4.582737	-36.682823	0.000000	
491.450000	4.581683	-36.707800	0.000000	
491.500000	4.580632	-36.732777	0.000000	
491.550000	4.579587	-36.757754	0.000000	
491.600000	4.578538	-36.782731	0.000000	
491.650000	4.577464	-36.807707	0.000000	
491.700000	4.576377	-36.832682	0.000000	
491.750000	4.575296	-36.857658	0.000000	
491.800000	4.574210	-36.882634	0.000000	
491.850000	4.573119	-36.907609	0.000000	
491.900000	4.572044	-36.932586	0.000000	
491.950000	4.570974	-36.957562	0.000000	
492.000000	4.569911	-36.982538	0.000000	
492.050000	4.568863	-37.007515	0.000000	
492.100000	4.567844	-37.032493	0.000000	
492.150000	4.566826	-37.057472	0.000000	
492.200000	4.565805	-37.082449	0.000000	
492.250000	4.564784	-37.107428	0.000000	
492.300000	4.563787	-37.132406	0.000000	
492.350000	4.562813	-37.157387	0.000000	
492.400000	4.561844	-37.182367	0.000000	
492.450000	4.560893	-37.207348	0.000000	
492.500000	4.559957	-37.232330	0.000000	
492.550000	4.559032	-37.257312	0.000000	
492.600000	4.558109	-37.282295	0.000000	
492.650000	4.557177	-37.307277	0.000000	
492.700000	4.556266	-37.332260	0.000000	
492.750000	4.555378	-37.357244	0.000000	
492.800000	4.554484	-37.382227	0.000000	
492.850000	4.553602	-37.407211	0.000000	
492.900000	4.552716	-37.432195	0.000000	
492.950000	4.551795	-37.457177	0.000000	
493.000000	4.550861	-37.482159	0.000000	
493.050000	4.549908	-37.507139	0.000000	
493.100000	4.548918	-37.532119	0.000000	
493.150000	4.547871	-37.557095	0.000000	
493.200000	4.546777	-37.582069	0.000000	
493.250000	4.545638	-37.607041	0.000000	
493.300000	4.544469	-37.632011	0.000000	
493.350000	4.543244	-37.656978	0.000000	
493.400000	4.541976	-37.681942	0.000000	
493.450000	4.540663	-37.706904	0.000000	
493.500000	4.539295	-37.731862	0.000000	
493.550000	4.537878	-37.756817	0.000000	
493.600000	4.536397	-37.781768	0.000000	
493.650000	4.534840	-37.806714	0.000000	
493.700000	4.533201	-37.831654	0.000000	
493.750000	4.531477	-37.856589	0.000000	
493.800000	4.529658	-37.881517	0.000000	
493.850000	4.527773	-37.906441	0.000000	
493.900000	4.525833	-37.931362	0.000000	
493.950000	4.523860	-37.956281	0.000000	
494.000000	4.521855	-37.981197	0.000000	
494.050000	4.519816	-38.006111	0.000000	
494.100000	4.517752	-38.031024	0.000000	
494.150000	4.515654	-38.055934	0.000000	
494.200000	4.513540	-38.080843	0.000000	
494.250000	4.511417	-38.105751	0.000000	
494.300000	4.509272	-38.130658	0.000000	
494.350000	4.507105	-38.155562	0.000000	
494.400000	4.504919	-38.180465	0.000000	
494.450000	4.502716	-38.205367	0.000000	
494.500000	4.500487	-38.230266	0.000000	
494.550000	4.498246	-38.255165	0.000000	
494.600000	4.495996	-38.280062	0.000000	
494.650000	4.493748	-38.304960	0.000000	
494.700000	4.491508	-38.329858	0.000000	
494.750000	4.489286	-38.354758	0.000000	
494.800000	4.487063	-38.379658	0.000000	
494.850000	4.484847	-38.404559	0.000000	
494.900000	4.482635	-38.429460	0.000000	
494.950000	4.480401	-38.454359	0.000000	
495.000000	4.478118	-38.479253	0.000000	
495.050000	4.475786	-38.504143	0.000000	
495.100000	4.473404	-38.529027	0.000000	
495.150000	4.470978	-38.553907	0.000000	
495.200000	4.468518	-38.578784	0.000000	
495.250000	4.466024	-38.603657	0.000000	
495.300000	4.463473	-38.628524	0.000000	
495.350000	4.460892	-38.653389	0.000000	
495.400000	4.458281	-38.678250	0.000000	
495.450000	4.455645	-38.703109	0.000000	
495.500000	4.452977	-38.727964	0.000000	
495.550000	4.450301	-38.752819	0.000000	
495.600000	4.447608	-38.777672	0.000000	
495.650000	4.444884	-38.802521	0.000000	
495.700000	4.442136	-38.827368	0.000000	
495.750000	4.439379	-38.852215	0.000000	
495.800000	4.436609	-38.877060	0.000000	
495.850000	4.433832	-38.901904	0.000000	
495.900000	4.431059	-38.926749	0.000000	
495.950000	4.428292	-38.951594	0.000000	
496.000000	4.425535	-38.976440	0.000000	
496.050000	4.422817	-39.001290	0.000000	
496.100000	4.420137	-39.026145	0.000000	
496.150000	4.417499	-39.051003	0.000000	
496.200000	4.414899	-39.075866	0.000000	
496.250000	4.412328	-39.100731	0.000000	
496.300000	4.409781	-39.125599	0.000000	
496.350000	4.407272	-39.150471	0.000000	
496.400000	4.404807	-39.175347	0.000000	
496.450000	4.402390	-39.200228	0.000000	
496.500000	4.400004	-39.225112	0.000000	
496.550000	4.397651	-39.249999	0.000000	
496.600000	4.395338	-39.274890	0.000000	
496.650000	4.393061	-39.299784	0.000000	
496.700000	4.390813	-39.324682	0.000000	
496.750000	4.388577	-39.349581	0.000000	
496.800000	4.386365	-39.374482	0.000000	
496.850000	4.384195	-39.399387	0.000000	
496.900000	4.382058	-39.424294	0.000000	
496.950000	4.379948	-39.449204	0.000000	
497.000000	4.377862	-39.474116	0.000000	
497.050000	4.375802	-39.499030	0.000000	
497.100000	4.373743	-39.523944	0.000000	
497.150000	4.371686	-39.548858	0.000000	
497.200000	4.369627	-39.573772	0.000000	
497.250000	4.367573	-39.598686	0.000000	
497.300000	4.365525	-39.623601	0.000000	
497.350000	4.363492	-39.648518	0.000000	
497.400000	4.361471	-39.673435	0.000000	
497.450000	4.359437	-39.698351	0.000000	
497.500000	4.357379	-39.723265	0.000000	
497.550000	4.355314	-39.748179	0.000000	
497.600000	4.353252	-39.773093	0.000000	
497.650000	4.351168	-39.798005	0.000000	
497.700000	4.349055	-39.822914	0.000000	
497.750000	4.346927	-39.847822	0.000000	
497.800000	4.344790	-39.872729	0.000000	
497.850000	4.342613	-39.897632	0.000000	
497.900000	4.340366	-39.922528	0.000000	
497.950000	4.338066	-39.947419	0.000000	
498.000000	4.335701	-39.972304	0.000000	
498.050000	4.333248	-39.997179	0.000000	
498.100000	4.330697	-40.022043	0.000000	
498.150000	4.328051	-40.046895	0.000000	
498.200000	4.325316	-40.071736	0.000000	
498.250000	4.322497	-40.096566	0.000000	
498.300000	4.319586	-40.121386	0.000000	
498.350000	4.316613	-40.146199	0.000000	
498.400000	4.313591	-40.171007	0.000000	
498.450000	4.310532	-40.195811	0.000000	
498.500000	4.307447	-40.220613	0.000000	
498.550000	4.304329	-40.245411	0.000000	
498.600000	4.301187	-40.270206	0.000000	
498.650000	4.298024	-40.295000	0.000000	
498.700000	4.294856	-40.319793	0.000000	
498.750000	4.291698	-40.344587	0.000000	
498.800000	4.288541	-40.369381	0.000000	
498.850000	4.285395	-40.394176	0.000000	
498.900000	4.282269	-40.418974	0.000000	
498.950000	4.279183	-40.443775	0.000000	
499.000000	4.276116	-40.468579	0.000000	
499.050000	4.273077	-40.493387	0.000000	
499.100000	4.270085	-40.518200	0.000000	
499.150000	4.267154	-40.543020	0.000000	
499.200000	4.264295	-40.567851	0.000000	
499.250000	4.261509	-40.592691	0.000000	
499.300000	4.258790	-40.617540	0.000000	
499.350000	4.256145	-40.642399	0.000000	
499.400000	4.253543	-40.667262	0.000000	
499.450000	4.250982	-40.692130	0.000000	
499.500000	4.248443	-40.717000	0.000000	
499.550000	4.245911	-40.741870	0.000000	
499.600000	4.243397	-40.766743	0.000000	
499.650000	4.240877	-40.791615	0.000000	
499.700000	4.238356	-40.816487	0.000000	
499.750000	4.235821	-40.841358	0.000000	
499.800000	4.233264	-40.866226	0.000000	
499.850000	4.230698	-40.891093	0.000000	
499.900000	4.228125	-40.915960	0.000000	
499.950000	4.225535	-40.940825	0.000000	
500.000000	4.222922	-40.965687	0.000000	
500.050000	4.220292	-40.990548	0.000000	
500.100000	4.217660	-41.015408	0.000000	
500.150000	4.215027	-41.040268	0.000000	
500.200000	4.212408	-41.065130	0.000000	
500.250000	4.209813	-41.089993	0.000000	
500.300000	4.207232	-41.114858	0.000000	
500.350000	4.204666	-41.139725	0.000000	
500.400000	4.202086	-41.164590	0.000000	
500.450000	4.199492	-41.189454	0.000000	
500.500000	4.196865	-41.214314	0.000000	
500.550000	4.194219	-41.239172	0.000000	
500.600000	4.191578	-41.264031	0.000000	
500.650000	4.188943	-41.288891	0.000000	
500.700000	4.186340	-41.313753	0.000000	
500.750000	4.183754	-41.338618	0.000000	
500.800000	4.181179	-41.363483	0.000000	
500.850000	4.178609	-41.388349	0.000000	
500.900000	4.176039	-41.413216	0.000000	
500.950000	4.173443	-41.438079	0.000000	
501.000000	4.170842	-41.462942	0.000000	
501.050000	4.168253	-41.487806	0.000000	
501.100000	4.165684	-41.512672	0.000000	
501.150000	4.163112	-41.537538	0.000000	
501.200000	4.160524	-41.562402	0.000000	
501.250000	4.157916	-41.587264	0.000000	
501.300000	4.155268	-41.612122	0.000000	
501.350000	4.152614	-41.636980	0.000000	
501.400000	4.149959	-41.661838	0.000000	
501.450000	4.147332	-41.686698	0.000000	
501.500000	4.144749	-41.711562	0.000000	
501.550000	4.142220	-41.736432	0.000000	
501.600000	4.139753	-41.761306	0.000000	
501.650000	4.137336	-41.786185	0.000000	
501.700000	4.134955	-41.811067	0.000000	
501.750000	4.132593	-41.835950	0.000000	
501.800000	4.130240	-41.860835	0.000000	
501.850000	4.127897	-41.885720	0.000000	
501.900000	4.125573	-41.910607	0.000000	
501.950000	4.123251	-41.935495	0.000000	
502.000000	4.120942	-41.960384	0.000000	
502.050000	4.118626	-41.985272	0.000000	
502.100000	4.116284	-42.010157	0.000000	
502.150000	4.113925	-42.035040	0.000000	
502.200000	4.111571	-42.059924	0.000000	
502.250000	4.109237	-42.084810	0.000000	
502.300000	4.106923	-42.109698	0.000000	
502.350000	4.104634	-42.134589	0.000000	
502.400000	4.102353	-42.159480	0.000000	
502.450000	4.100050	-42.184369	0.000000	
502.500000	4.097728	-42.209257	0.000000	
502.550000	4.095369	-42.234141	0.000000	
502.600000	4.092969	-42.259021	0.000000	
502.650000	4.090518	-42.283898	0.000000	
502.700000	4.088013	-42.308769	0.000000	
502.750000	4.085473	-42.333638	0.000000	
502.800000	4.082890	-42.358503	0.000000	
502.850000	4.080293	-42.383367	0.000000	
502.900000	4.077695	-42.408230	0.000000	
502.950000	4.075117	-42.433096	0.000000	
503.000000	4.072589	-42.457965	0.000000	
503.050000	4.070120	-42.482840	0.000000	
503.100000	4.067740	-42.507723	0.000000	
503.150000	4.065483	-42.532614	0.000000	
503.200000	4.063370	-42.557514	0.000000	
503.250000	4.061407	-42.582419	0.000000	
503.300000	4.059615	-42.607330	0.000000	
503.350000	4.058024	-42.632241	0.000000	
503.400000	4.056668	-42.657151	0.000000	
503.450000	4.055595	-42.682054	0.000000	
503.500000	4.054863	-42.706944	0.000000	
503.550000	4.054481	-42.731816	0.000000	
503.600000	4.054498	-42.756664	0.000000	
503.650000	4.054960	-42.781475	0.000000	
503.700000	4.055906	-42.806234	0.000000	
503.750000	4.057377	-42.830934	0.000000	
503.800000	4.059399	-42.855556	0.000000	
503.850000	4.062021	-42.880088	0.000000	
503.900000	4.065258	-42.904516	0.000000	
503.950000	4.069121	-42.928835	0.000000	
504.000000	4.073611	-42.953030	0.000000	
504.050000	4.078727	-42.977096	0.000000	
504.100000	4.084483	-43.001021	0.000000	
504.150000	4.090860	-43.024804	0.000000	
504.200000	4.097828	-43.048445	0.000000	
504.250000	4.105354	-43.071944	0.000000	
504.300000	4.113411	-43.095304	0.000000	
504.350000	4.121981	-43.118523	0.000000	
504.400000	4.131013	-43.141609	0.000000	
504.450000	4.140477	-43.164563	0.000000	
504.500000	4.150318	-43.187395	0.000000	
504.550000	4.160487	-43.210115	0.000000	
504.600000	4.170956	-43.232732	0.000000	
504.650000	4.181695	-43.255250	0.000000	
504.700000	4.192647	-43.277686	0.000000	
504.750000	4.203776	-43.300049	0.000000	
504.800000	4.215057	-43.322346	0.000000	
504.850000	4.226466	-43.344584	0.000000	
504.900000	4.237956	-43.366783	0.000000	
504.950000	4.249497	-43.388958	0.000000	
505.000000	4.261089	-43.411106	0.000000	
505.050000	4.272704	-43.433243	0.000000	
505.100000	4.284339	-43.455369	0.000000	
505.150000	4.295975	-43.477495	0.000000	
505.200000	4.307598	-43.499627	0.000000	
505.250000	4.319198	-43.521771	0.000000	
505.300000	4.330779	-43.543926	0.000000	
505.350000	4.342361	-43.566080	0.000000	
505.400000	4.353941	-43.588235	0.000000	
505.450000	4.365518	-43.610392	0.000000	
505.500000	4.377075	-43.632559	0.000000	
505.550000	4.388612	-43.654736	0.000000	
505.600000	4.400152	-43.676912	0.000000	
505.650000	4.411693	-43.699087	0.000000	
505.700000	4.423237	-43.721261	0.000000	
505.750000	4.434804	-43.743422	0.000000	
505.800000	4.446378	-43.765581	0.000000	
505.850000	4.457953	-43.787738	0.000000	
505.900000	4.469517	-43.809902	0.000000	
505.950000	4.481078	-43.832067	0.000000	
506.000000	4.492624	-43.854240	0.000000	
506.050000	4.504150	-43.876423	0.000000	
506.100000	4.515663	-43.898613	0.000000	
506.150000	4.527146	-43.920819	0.000000	
506.200000	4.538587	-43.943046	0.000000	
506.250000	4.550004	-43.965286	0.000000	
506.300000	4.561416	-43.987528	0.000000	
506.350000	4.572817	-44.009776	0.000000	
506.400000	4.584176	-44.032044	0.000000	
506.450000	4.595488	-44.054338	0.000000	
506.500000	4.606758	-44.076651	0.000000	
506.550000	4.618015	-44.098972	0.000000	
506.600000	4.629277	-44.121289	0.000000	
506.650000	4.640530	-44.143611	0.000000	
506.700000	4.651766	-44.165942	0.000000	
506.750000	4.662988	-44.188280	0.000000	
506.800000	4.674180	-44.210633	0.000000	
506.850000	4.685364	-44.232990	0.000000	
506.900000	4.696543	-44.255350	0.000000	
506.950000	4.707710	-44.277717	0.000000	
507.000000	4.718874	-44.300084	0.000000	
507.050000	4.730054	-44.322443	0.000000	
507.100000	4.741234	-44.344803	0.000000	
507.150000	4.752402	-44.367168	0.000000	
507.200000	4.763574	-44.389532	0.000000	
507.250000	4.774765	-44.411886	0.000000	
507.300000	4.785982	-44.434227	0.000000	
507.350000	4.797229	-44.456551	0.000000	
507.400000	4.808513	-44.478857	0.000000	
507.450000	4.819859	-44.501130	0.000000	
507.500000	4.831285	-44.523361	0.000000	
507.550000	4.842795	-44.545549	0.000000	
507.600000	4.854389	-44.567690	0.000000	
507.650000	4.866065	-44.589786	0.000000	
507.700000	4.877826	-44.611836	0.000000	
507.750000	4.889691	-44.633828	0.000000	
507.800000	4.901663	-44.655759	0.000000	
507.850000	4.913750	-44.677626	0.000000	
507.900000	4.925928	-44.699442	0.000000	
507.950000	4.938183	-44.721214	0.000000	
508.000000	4.950526	-44.742937	0.000000	
508.050000	4.962945	-44.764617	0.000000	
508.100000	4.975435	-44.786256	0.000000	
508.150000	4.987995	-44.807857	0.000000	
508.200000	5.000639	-44.829412	0.000000	
508.250000	5.013368	-44.850918	0.000000	
508.300000	5.026169	-44.872385	0.000000	
508.350000	5.039022	-44.893822	0.000000	
508.400000	5.051907	-44.915242	0.000000	
508.450000	5.064830	-44.936640	0.000000	
508.500000	5.077769	-44.958029	0.000000	
508.550000	5.090704	-44.979420	0.000000	
508.600000	5.103636	-45.000813	0.000000	
508.650000	5.116554	-45.022214	0.000000	
508.700000	5.129462	-45.043621	0.000000	
508.750000	5.142353	-45.065038	0.000000	
508.800000	5.155221	-45.086469	0.000000	
508.850000	5.168044	-45.107928	0.000000	
508.900000	5.180822	-45.129413	0.000000	
508.950000	5.193571	-45.150916	0.000000	
509.000000	5.206308	-45.172427	0.000000	
509.050000	5.219028	-45.193947	0.000000	
509.100000	5.231735	-45.215476	0.000000	
509.150000	5.244421	-45.237017	0.000000	
509.200000	5.257092	-45.258567	0.000000	
509.250000	5.269749	-45.280125	0.000000	
509.300000	5.282388	-45.301694	0.000000	
509.350000	5.295011	-45.323273	0.000000	
509.400000	5.307630	-45.344854	0.000000	
509.450000	5.320242	-45.366439	0.000000	
509.500000	5.332834	-45.388035	0.000000	
509.550000	5.345404	-45.409645	0.000000	
509.600000	5.357947	-45.431269	0.000000	
509.650000	5.370454	-45.452912	0.000000	
509.700000	5.382931	-45.474573	0.000000	
509.750000	5.395351	-45.496265	0.000000	
509.800000	5.407701	-45.517995	0.000000	
509.850000	5.419973	-45.539767	0.000000	
509.900000	5.432189	-45.561569	0.000000	
509.950000	5.444334	-45.583410	0.000000	
510.000000	5.456400	-45.605292	0.000000	
510.050000	5.468364	-45.627229	0.000000	
510.100000	5.480240	-45.649214	0.000000	
510.150000	5.492041	-45.671239	0.000000	
510.200000	5.503762	-45.693308	0.000000	
510.250000	5.515406	-45.715417	0.000000	
510.300000	5.526976	-45.737566	0.000000	
510.350000	5.538457	-45.759763	0.000000	
510.400000	5.549840	-45.782011	0.000000	
510.450000	5.561118	-45.804314	0.000000	
510.500000	5.572280	-45.826675	0.000000	
510.550000	5.583330	-45.849093	0.000000	
510.600000	5.594292	-45.871554	0.000000	
510.650000	5.605193	-45.894046	0.000000	
510.700000	5.616043	-45.916563	0.000000	
510.750000	5.626843	-45.939106	0.000000	
510.800000	5.637607	-45.961666	0.000000	
510.850000	5.648335	-45.984244	0.000000	
510.900000	5.659047	-46.006830	0.000000	
510.950000	5.669722	-46.029433	0.000000	
511.000000	5.680357	-46.052055	0.000000	
511.050000	5.690950	-46.074697	0.000000	
511.100000	5.701502	-46.097356	0.000000	
511.150000	5.711984	-46.120048	0.000000	
511.200000	5.722366	-46.142784	0.000000	
511.250000	5.732659	-46.165559	0.000000	
511.300000	5.742849	-46.188378	0.000000	
511.350000	5.752911	-46.211252	0.000000	
511.400000	5.762845	-46.234178	0.000000	
511.450000	5.772672	-46.257148	0.000000	
511.500000	5.782383	-46.280164	0.000000	
511.550000	5.791983	-46.303222	0.000000	
511.600000	5.801480	-46.326319	0.000000	
511.650000	5.810853	-46.349464	0.000000	
511.700000	5.820071	-46.372668	0.000000	
511.750000	5.829140	-46.395930	0.000000	
511.800000	5.838068	-46.419249	0.000000	
511.850000	5.846846	-46.442628	0.000000	
511.900000	5.855474	-46.466063	0.000000	
511.950000	5.863955	-46.489557	0.000000	
512.000000	5.872306	-46.513101	0.000000	
512.050000	5.880547	-46.536688	0.000000	
512.100000	5.888678	-46.560317	0.000000	
512.150000	5.896718	-46.583980	0.000000	
512.200000	5.904692	-46.607668	0.000000	
512.250000	5.912604	-46.631379	0.000000	
512.300000	5.920463	-46.655109	0.000000	
512.350000	5.928296	-46.678848	0.000000	
512.400000	5.936130	-46.702587	0.000000	
512.450000	5.943990	-46.726316	0.000000	
512.500000	5.951882	-46.750034	0.000000	
512.550000	5.959817	-46.773737	0.000000	
512.600000	5.967794	-46.797424	0.000000	
512.650000	5.975807	-46.821099	0.000000	
512.700000	5.983850	-46.844765	0.000000	
512.750000	5.991945	-46.868413	0.000000	
512.800000	6.000100	-46.892041	0.000000	
512.850000	6.008291	-46.915655	0.000000	
512.900000	6.016529	-46.939254	0.000000	
512.950000	6.024829	-46.962833	0.000000	
513.000000	6.033184	-46.986391	0.000000	
513.050000	6.041580	-47.009936	0.000000	
513.100000	6.049999	-47.033473	0.000000	
513.150000	6.058428	-47.057007	0.000000	
513.200000	6.066857	-47.080541	0.000000	
513.250000	6.075281	-47.104076	0.000000	
513.300000	6.083723	-47.127606	0.000000	
513.350000	6.092160	-47.151136	0.000000	
513.400000	6.100565	-47.174678	0.000000	
513.450000	6.108922	-47.198236	0.000000	
513.500000	6.117207	-47.221817	0.000000	
513.550000	6.125420	-47.245425	0.000000	
513.600000	6.133549	-47.269060	0.000000	
513.650000	6.141603	-47.292720	0.000000	
513.700000	6.149576	-47.316406	0.000000	
513.750000	6.157497	-47.340109	0.000000	
513.800000	6.165361	-47.363831	0.000000	
513.850000	6.173140	-47.387581	0.000000	
513.900000	6.180856	-47.411352	0.000000	
513.950000	6.188494	-47.435149	0.000000	
514.000000	6.196064	-47.458968	0.000000	
514.050000	6.203565	-47.482811	0.000000	
514.100000	6.211002	-47.506675	0.000000	
514.150000	6.218389	-47.530555	0.000000	
514.200000	6.225756	-47.554442	0.000000	
514.250000	6.233127	-47.578328	0.000000	
514.300000	6.240487	-47.602217	0.000000	
514.350000	6.247841	-47.626109	0.000000	
514.400000	6.255225	-47.649989	0.000000	
514.450000	6.262664	-47.673852	0.000000	
514.500000	6.270187	-47.697684	0.000000	
514.550000	6.277835	-47.721472	0.000000	
514.600000	6.285641	-47.745197	0.000000	
514.650000	6.293636	-47.768848	0.000000	
514.700000	6.301867	-47.792400	0.000000	
514.750000	6.310383	-47.815830	0.000000	
514.800000	6.319213	-47.839114	0.000000	
514.850000	6.328395	-47.862224	0.000000	
514.900000	6.337962	-47.885141	0.000000	
514.950000	6.347929	-47.907848	0.000000	
515.000000	6.358328	-47.930324	0.000000	
515.050000	6.369175	-47.952549	0.000000	
515.100000	6.380501	-47.974496	0.000000	
515.150000	6.392312	-47.996154	0.000000	
515.200000	6.404616	-48.017518	0.000000	
515.250000	6.417406	-48.038584	0.000000	
515.300000	6.430674	-48.059347	0.000000	
515.350000	6.444435	-48.079798	0.000000	
515.400000	6.458699	-48.099916	0.000000	
515.450000	6.473463	-48.119688	0.000000	
515.500000	6.488735	-48.139100	0.000000	
515.550000	6.504496	-48.158151	0.000000	
515.600000	6.520718	-48.176850	0.000000	
515.650000	6.537358	-48.195218	0.000000	
515.700000	6.554390	-48.213274	0.000000	
515.750000	6.571772	-48.231039	0.000000	
515.800000	6.589462	-48.248540	0.000000	
515.850000	6.607415	-48.265805	0.000000	
515.900000	6.625584	-48.282870	0.000000	
515.950000	6.643959	-48.299737	0.000000	
516.000000	6.662513	-48.316424	0.000000	
516.050000	6.681234	-48.332943	0.000000	
516.100000	6.700091	-48.349317	0.000000	
516.150000	6.719054	-48.365576	0.000000	
516.200000	6.738111	-48.381731	0.000000	
516.250000	6.757259	-48.397784	0.000000	
516.300000	6.776496	-48.413738	0.000000	
516.350000	6.795805	-48.429608	0.000000	
516.400000	6.815177	-48.445407	0.000000	
516.450000	6.834597	-48.461149	0.000000	
516.500000	6.854041	-48.476862	0.000000	
516.550000	6.873483	-48.492577	0.000000	
516.600000	6.892909	-48.508312	0.000000	
516.650000	6.912319	-48.524066	0.000000	
516.700000	6.931724	-48.539827	0.000000	
516.750000	6.951124	-48.555593	0.000000	
516.800000	6.970529	-48.571354	0.000000	
516.850000	6.989950	-48.587095	0.000000	
516.900000	7.009391	-48.602810	0.000000	
516.950000	7.028850	-48.618505	0.000000	
517.000000	7.048313	-48.634193	0.000000	
517.050000	7.067769	-48.649891	0.000000	
517.100000	7.087217	-48.665598	0.000000	
517.150000	7.106663	-48.681308	0.000000	
517.200000	7.126102	-48.697027	0.000000	
517.250000	7.145525	-48.712765	0.000000	
517.300000	7.164935	-48.728519	0.000000	
517.350000	7.184330	-48.744291	0.000000	
517.400000	7.203702	-48.760092	0.000000	
517.450000	7.223052	-48.775919	0.000000	
517.500000	7.242363	-48.791793	0.000000	
517.550000	7.261638	-48.807710	0.000000	
517.600000	7.280876	-48.823669	0.000000	
517.650000	7.300090	-48.839656	0.000000	
517.700000	7.319282	-48.855669	0.000000	
517.750000	7.338453	-48.871707	0.000000	
517.800000	7.357598	-48.887775	0.000000	
517.850000	7.376700	-48.903893	0.000000	
517.900000	7.395751	-48.920072	0.000000	
517.950000	7.414737	-48.936328	0.000000	
518.000000	7.433675	-48.952639	0.000000	
518.050000	7.452561	-48.969010	0.000000	
518.100000	7.471396	-48.985440	0.000000	
518.150000	7.490164	-49.001944	0.000000	
518.200000	7.508851	-49.018539	0.000000	
518.250000	7.527468	-49.035214	0.000000	
518.300000	7.546018	-49.051959	0.000000	
518.350000	7.564495	-49.068787	0.000000	
518.400000	7.582890	-49.085704	0.000000	
518.450000	7.601221	-49.102691	0.000000	
518.500000	7.619498	-49.119736	0.000000	
518.550000	7.637742	-49.136819	0.000000	
518.600000	7.655967	-49.153922	0.000000	
518.650000	7.674193	-49.171024	0.000000	
518.700000	7.692410	-49.188135	0.000000	
518.750000	7.710612	-49.205264	0.000000	
518.800000	7.728778	-49.222432	0.000000	
518.850000	7.746927	-49.239619	0.000000	
518.900000	7.765067	-49.256817	0.000000	
518.950000	7.783197	-49.274025	0.000000	
519.000000	7.801336	-49.291224	0.000000	
519.050000	7.819480	-49.308416	0.000000	
519.100000	7.837625	-49.325607	0.000000	
519.150000	7.855784	-49.342784	0.000000	
519.200000	7.873968	-49.359934	0.000000	
519.250000	7.892193	-49.377041	0.000000	
519.300000	7.910454	-49.394109	0.000000	
519.350000	7.928767	-49.411121	0.000000	
519.400000	7.947141	-49.428066	0.000000	
519.450000	7.965591	-49.444930	0.000000	
519.500000	7.984101	-49.461728	0.000000	
519.550000	8.002655	-49.478479	0.000000	
519.600000	8.021241	-49.495194	0.000000	
519.650000	8.039846	-49.511889	0.000000	
519.700000	8.058468	-49.528564	0.000000	
519.750000	8.077109	-49.545219	0.000000	
519.800000	8.095775	-49.561846	0.000000	
519.850000	8.114466	-49.578444	0.000000	
519.900000	8.133179	-49.595018	0.000000	
519.950000	8.151906	-49.611578	0.000000	
520.000000	8.170647	-49.628121	0.000000	
520.050000	8.189401	-49.644650	0.000000	
520.100000	8.208157	-49.661176	0.000000	
520.150000	8.226931	-49.677683	0.000000	
520.200000	8.245713	-49.694181	0.000000	
520.250000	8.264498	-49.710676	0.000000	
520.300000	8.283275	-49.727179	0.000000	
520.350000	8.302048	-49.743687	0.000000	
520.400000	8.320813	-49.760203	0.000000	
520.450000	8.339564	-49.776737	0.000000	
520.500000	8.358304	-49.793283	0.000000	
520.550000	8.377049	-49.809823	0.000000	
520.600000	8.395804	-49.826352	0.000000	
520.650000	8.414579	-49.842856	0.000000	
520.700000	8.433377	-49.859335	0.000000	
520.750000	8.452182	-49.875805	0.000000	
520.800000	8.471000	-49.892259	0.000000	
520.850000	8.489828	-49.908703	0.000000	
520.900000	8.508669	-49.925132	0.000000	
520.950000	8.527526	-49.941540	0.000000	
521.000000	8.546418	-49.957910	0.000000	
521.050000	8.565346	-49.974236	0.000000	
521.100000	8.584311	-49.990518	0.000000	
521.150000	8.603309	-50.006761	0.000000	
521.200000	8.622336	-50.022972	0.000000	
521.250000	8.641393	-50.039146	0.000000	
521.300000	8.660476	-50.055291	0.000000	
521.350000	8.679601	-50.071387	0.000000	
521.400000	8.698761	-50.087443	0.000000	
521.450000	8.717959	-50.103453	0.000000	
521.500000	8.737190	-50.119426	0.000000	
521.550000	8.756450	-50.135362	0.000000	
521.600000	8.775728	-50.151278	0.000000	
521.650000	8.795020	-50.167177	0.000000	
521.700000	8.814320	-50.183065	0.000000	
521.750000	8.833622	-50.198951	0.000000	
521.800000	8.852943	-50.214815	0.000000	
521.850000	8.872277	-50.230663	0.000000	
521.900000	8.891618	-50.246502	0.000000	
521.950000	8.910967	-50.262333	0.000000	
522.000000	8.930304	-50.278176	0.000000	
522.050000	8.949632	-50.294031	0.000000	
522.100000	8.968953	-50.309895	0.000000	
522.150000	8.988267	-50.325767	0.000000	
522.200000	9.007582	-50.341638	0.000000	
522.250000	9.026887	-50.357521	0.000000	
522.300000	9.046195	-50.373400	0.000000	
522.350000	9.065518	-50.389262	0.000000	
522.400000	9.084850	-50.405112	0.000000	
522.450000	9.104189	-50.420953	0.000000	
522.500000	9.123539	-50.436781	0.000000	
522.550000	9.142909	-50.452583	0.000000	
522.600000	9.162284	-50.468379	0.000000	
522.650000	9.181671	-50.484160	0.000000	
522.700000	9.201085	-50.499907	0.000000	
522.750000	9.220517	-50.515632	0.000000	
522.800000	9.239963	-50.531339	0.000000	
522.850000	9.259408	-50.547046	0.000000	
522.900000	9.278849	-50.562760	0.000000	
522.950000	9.298280	-50.578485	0.000000	
523.000000	9.317699	-50.594224	0.000000	
523.050000	9.337112	-50.609970	0.000000	
523.100000	9.356502	-50.625742	0.000000	
523.150000	9.375868	-50.641544	0.000000	
523.200000	9.395206	-50.657377	0.000000	
523.250000	9.414524	-50.673235	0.000000	
523.300000	9.433821	-50.689117	0.000000	
523.350000	9.453099	-50.705022	0.000000	
523.400000	9.472343	-50.720968	0.000000	
523.450000	9.491558	-50.736948	0.000000	
523.500000	9.510744	-50.752962	0.000000	
523.550000	9.529881	-50.769035	0.000000	
523.600000	9.548968	-50.785169	0.000000	
523.650000	9.568008	-50.801358	0.000000	
523.700000	9.587010	-50.817595	0.000000	
523.750000	9.605964	-50.833890	0.000000	
523.800000	9.624866	-50.850248	0.000000	
523.850000	9.643736	-50.866643	0.000000	
523.900000	9.662588	-50.883061	0.000000	
523.950000	9.681422	-50.899501	0.000000	
524.000000	9.700251	-50.915946	0.000000	
524.050000	9.719083	-50.932388	0.000000	
524.100000	9.737924	-50.948818	0.000000	
524.150000	9.756775	-50.965238	0.000000	
524.200000	9.775621	-50.981664	0.000000	
524.250000	9.794462	-50.998094	0.000000	
524.300000	9.813305	-51.014524	0.000000	
524.350000	9.832153	-51.030946	0.000000	
524.400000	9.850993	-51.047379	0.000000	
524.450000	9.869829	-51.063816	0.000000	
524.500000	9.888641	-51.080279	0.000000	
524.550000	9.907434	-51.096764	0.000000	
524.600000	9.926214	-51.113263	0.000000	
524.650000	9.944967	-51.129793	0.000000	
524.700000	9.963695	-51.146348	0.000000	
524.750000	9.982397	-51.162934	0.000000	
524.800000	10.001068	-51.179553	0.000000	
524.850000	10.019728	-51.196185	0.000000	
524.900000	10.038355	-51.212853	0.000000	
524.950000	10.056933	-51.229576	0.000000	
525.000000	10.075466	-51.246347	0.000000	
525.050000	10.093959	-51.263163	0.000000	
525.100000	10.112412	-51.280024	0.000000	
525.150000	10.130816	-51.296938	0.000000	
525.200000	10.149193	-51.313882	0.000000	
525.250000	10.167550	-51.330848	0.000000	
525.300000	10.185886	-51.347837	0.000000	
525.350000	10.204190	-51.364863	0.000000	
525.400000	10.222461	-51.381924	0.000000	
525.450000	10.240715	-51.399005	0.000000	
525.500000	10.258943	-51.416113	0.000000	
525.550000	10.277161	-51.433232	0.000000	
525.600000	10.295356	-51.450376	0.000000	
525.650000	10.313528	-51.467544	0.000000	
525.700000	10.331691	-51.484721	0.000000	
525.750000	10.349846	-51.501907	0.000000	
525.800000	10.367988	-51.519107	0.000000	
525.850000	10.386116	-51.536321	0.000000	
525.900000	10.404220	-51.553561	0.000000	
525.950000	10.422311	-51.570813	0.000000	
526.000000	10.440395	-51.588074	0.000000	
526.050000	10.458475	-51.605339	0.000000	
526.100000	10.476539	-51.622620	0.000000	
526.150000	10.494591	-51.639913	0.000000	
526.200000	10.512631	-51.657219	0.000000	
526.250000	10.530658	-51.674539	0.000000	
526.300000	10.548679	-51.691864	0.000000	
526.350000	10.566704	-51.709187	0.000000	
526.400000	10.584719	-51.726519	0.000000	
526.450000	10.602726	-51.743859	0.000000	
526.500000	10.620704	-51.761230	0.000000	
526.550000	10.638656	-51.778627	0.000000	
526.600000	10.656582	-51.796052	0.000000	
526.650000	10.674500	-51.813484	0.000000	
526.700000	10.692408	-51.830927	0.000000	
526.750000	10.710306	-51.848379	0.000000	
526.800000	10.728194	-51.865842	0.000000	
526.850000	10.746076	-51.883311	0.000000	
526.900000	10.763971	-51.900767	0.000000	
526.950000	10.781873	-51.918215	0.000000	
527.000000	10.799793	-51.935644	0.000000	
527.050000	10.817756	-51.953028	0.000000	
527.100000	10.835765	-51.970361	0.000000	
527.150000	10.853829	-51.987635	0.000000	
527.200000	10.871957	-52.004837	0.000000	
527.250000	10.890175	-52.021938	0.000000	
527.300000	10.908499	-52.038912	0.000000	
527.350000	10.926950	-52.055727	0.000000	
527.400000	10.945532	-52.072373	0.000000	
527.450000	10.964280	-52.088797	0.000000	
527.500000	10.983220	-52.104959	0.000000	
527.550000	11.002378	-52.120818	0.000000	
527.600000	11.021771	-52.136346	0.000000	
527.650000	11.041408	-52.151524	0.000000	
527.700000	11.061291	-52.166336	0.000000	
527.750000	11.081435	-52.180762	0.000000	
527.800000	11.101834	-52.194791	0.000000	
527.850000	11.122502	-52.208403	0.000000	
527.900000	11.143436	-52.221585	0.000000	
527.950000	11.164630	-52.234339	0.000000	
528.000000	11.186098	-52.246628	0.000000	
528.050000	11.207835	-52.258444	0.000000	
528.100000	11.229830	-52.269777	0.000000	
528.150000	11.252084	-52.280617	0.000000	
528.200000	11.274586	-52.290978	0.000000	
528.250000	11.297331	-52.300854	0.000000	
528.300000	11.320297	-52.310276	0.000000	
528.350000	11.343455	-52.319286	0.000000	
528.400000	11.366776	-52.327933	0.000000	
528.450000	11.390248	-52.336222	0.000000	
528.500000	11.413845	-52.344211	0.000000	
528.550000	11.437543	-52.351945	0.000000	
528.600000	11.461328	-52.359451	0.000000	
528.650000	11.485190	-52.366750	0.000000	
528.700000	11.509115	-52.373872	0.000000	
528.750000	11.533097	-52.380832	0.000000	
528.800000	11.557133	-52.387631	0.000000	
528.850000	11.581216	-52.394284	0.000000	
528.900000	11.605339	-52.400812	0.000000	
528.950000	11.629493	-52.407235	0.000000	
529.000000	11.653671	-52.413580	0.000000	
529.050000	11.677861	-52.419886	0.000000	
529.100000	11.702052	-52.426187	0.000000	
529.150000	11.726233	-52.432525	0.000000	
529.200000	11.750402	-52.438906	0.000000	
529.250000	11.774557	-52.445337	0.000000	
529.300000	11.798698	-52.451819	0.000000	
529.350000	11.822828	-52.458348	0.000000	
529.400000	11.846950	-52.464902	0.000000	
529.450000	11.871071	-52.471465	0.000000	
529.500000	11.895185	-52.478051	0.000000	
529.550000	11.919301	-52.484632	0.000000	
529.600000	11.943419	-52.491206	0.000000	
529.650000	11.967541	-52.497761	0.000000	
529.700000	11.991672	-52.504285	0.000000	
529.750000	12.015810	-52.510778	0.000000	
529.800000	12.039958	-52.517237	0.000000	
529.850000	12.064109	-52.523679	0.000000	
529.900000	12.088261	-52.530119	0.000000	
529.950000	12.112415	-52.536552	0.000000	
530.000000	12.136570	-52.542979	0.000000	
530.050000	12.160729	-52.549389	0.000000	
530.100000	12.184898	-52.555765	0.000000	
530.150000	12.209080	-52.562087	0.000000	
530.200000	12.233278	-52.568356	0.000000	
530.250000	12.257485	-52.574590	0.000000	
530.300000	12.281705	-52.580779	0.000000	
530.350000	12.305930	-52.586946	0.000000	
530.400000	12.330161	-52.593096	0.000000	
530.450000	12.354393	-52.599241	0.000000	
530.500000	12.378629	-52.605368	0.000000	
530.550000	12.402870	-52.611479	0.000000	
530.600000	12.427111	-52.617590	0.000000	
530.650000	12.451357	-52.623676	0.000000	
530.700000	12.475610	-52.629738	0.000000	
530.750000	12.499869	-52.635773	0.000000	
530.800000	12.524139	-52.641759	0.000000	
530.850000	12.548419	-52.647699	0.000000	
530.900000	12.572707	-52.653598	0.000000	
530.950000	12.597004	-52.659465	0.000000	
531.000000	12.621308	-52.665299	0.000000	
531.050000	12.645622	-52.671092	0.000000	
531.100000	12.669946	-52.676838	0.000000	
531.150000	12.694278	-52.682551	0.000000	
531.200000	12.718620	-52.688219	0.000000	
531.250000	12.742976	-52.693826	0.000000	
531.300000	12.767345	-52.699376	0.000000	
531.350000	12.791730	-52.704856	0.000000	
531.400000	12.816131	-52.710267	0.000000	
531.450000	12.840553	-52.715587	0.000000	
531.500000	12.864992	-52.720835	0.000000	
531.550000	12.889446	-52.726011	0.000000	
531.600000	12.913914	-52.731129	0.000000	
531.650000	12.938396	-52.736183	0.000000	
531.700000	12.962889	-52.741183	0.000000	
531.750000	12.987392	-52.746138	0.000000	
531.800000	13.011900	-52.751067	0.000000	
531.850000	13.036411	-52.755981	0.000000	
531.900000	13.060925	-52.760882	0.000000	
531.950000	13.085443	-52.765758	0.000000	
532.000000	13.109968	-52.770605	0.000000	
532.050000	13.134499	-52.775420	0.000000	
532.100000	13.159036	-52.780206	0.000000	
532.150000	13.183576	-52.784973	0.000000	
532.200000	13.208124	-52.789706	0.000000	
532.250000	13.232673	-52.794429	0.000000	
532.300000	13.257223	-52.799148	0.000000	
532.350000	13.281778	-52.803840	0.000000	
532.400000	13.306334	-52.808533	0.000000	
532.450000	13.330890	-52.813220	0.000000	
532.500000	13.355441	-52.817935	0.000000	
532.550000	13.379986	-52.822676	0.000000	
532.600000	13.404521	-52.827468	0.000000	
532.650000	13.429045	-52.832305	0.000000	
532.700000	13.453562	-52.837178	0.000000	
532.750000	13.478067	-52.842110	0.000000	
532.800000	13.502557	-52.847107	0.000000	
532.850000	13.527032	-52.852173	0.000000	
532.900000	13.551490	-52.857311	0.000000	
532.950000	13.575930	-52.862536	0.000000	
533.000000	13.600353	-52.867834	0.000000	
533.050000	13.624760	-52.873208	0.000000	
533.100000	13.649147	-52.878666	0.000000	
533.150000	13.673518	-52.884199	0.000000	
533.200000	13.697873	-52.889800	0.000000	
533.250000	13.722207	-52.895498	0.000000	
533.300000	13.746517	-52.901293	0.000000	
533.350000	13.770799	-52.907205	0.000000	
533.400000	13.795046	-52.913258	0.000000	
533.450000	13.819264	-52.919426	0.000000	
533.500000	13.843449	-52.925724	0.000000	
533.550000	13.867606	-52.932130	0.000000	
533.600000	13.891733	-52.938642	0.000000	
533.650000	13.915835	-52.945249	0.000000	
533.700000	13.939915	-52.951932	0.000000	
533.750000	13.963969	-52.958711	0.000000	
533.800000	13.988004	-52.965561	0.000000	
533.850000	14.012016	-52.972491	0.000000	
533.900000	14.036006	-52.979498	0.000000	
533.950000	14.059980	-52.986558	0.000000	
534.000000	14.083934	-52.993689	0.000000	
534.050000	14.107867	-53.000894	0.000000	
534.100000	14.131777	-53.008177	0.000000	
534.150000	14.155663	-53.015536	0.000000	
534.200000	14.179522	-53.022987	0.000000	
534.250000	14.203350	-53.030540	0.000000	
534.300000	14.227150	-53.038181	0.000000	
534.350000	14.250922	-53.045912	0.000000	
534.400000	14.274671	-53.053710	0.000000	
534.450000	14.298400	-53.061566	0.000000	
534.500000	14.322102	-53.069502	0.000000	
534.550000	14.345774	-53.077519	0.000000	
534.600000	14.369415	-53.085627	0.000000	
534.650000	14.393030	-53.093804	0.000000	
534.700000	14.416622	-53.102046	0.000000	
534.750000	14.440191	-53.110357	0.000000	
534.800000	14.463739	-53.118729	0.000000	
534.850000	14.487265	-53.127164	0.000000	
534.900000	14.510771	-53.135654	0.000000	
534.950000	14.534255	-53.144210	0.000000	
535.000000	14.557711	-53.152843	0.000000	
535.050000	14.581141	-53.161549	0.000000	
535.100000	14.604541	-53.170336	0.000000	
535.150000	14.627919	-53.179187	0.000000	
535.200000	14.651276	-53.188092	0.000000	
535.250000	14.674620	-53.197034	0.000000	
535.300000	14.697961	-53.205984	0.000000	
535.350000	14.721297	-53.214949	0.000000	
535.400000	14.744631	-53.223916	0.000000	
535.450000	14.767964	-53.232889	0.000000	
535.500000	14.791300	-53.241852	0.000000	
535.550000	14.814649	-53.250782	0.000000	
535.600000	14.838021	-53.259647	0.000000	
535.650000	14.861416	-53.268451	0.000000	
535.700000	14.884831	-53.277199	0.000000	
535.750000	14.908268	-53.285887	0.000000	
535.800000	14.931721	-53.294530	0.000000	
535.850000	14.955188	-53.303132	0.000000	
535.900000	14.978664	-53.311712	0.000000	
535.950000	15.002150	-53.320262	0.000000	
536.000000	15.025650	-53.328776	0.000000	
536.050000	15.049166	-53.337244	0.000000	
536.100000	15.072705	-53.345650	0.000000	
536.150000	15.096274	-53.353975	0.000000	
536.200000	15.119870	-53.362223	0.000000	
536.250000	15.143489	-53.370409	0.000000	
536.300000	15.167126	-53.378545	0.000000	
536.350000	15.190775	-53.386642	0.000000	
536.400000	15.214436	-53.394711	0.000000	
536.450000	15.238102	-53.402763	0.000000	
536.500000	15.261773	-53.410800	0.000000	
536.550000	15.285449	-53.418827	0.000000	
536.600000	15.309127	-53.426844	0.000000	
536.650000	15.332799	-53.434880	0.000000	
536.700000	15.356464	-53.442935	0.000000	
536.750000	15.380123	-53.451009	0.000000	
536.800000	15.403769	-53.459119	0.000000	
536.850000	15.427406	-53.467256	0.000000	
536.900000	15.451039	-53.475406	0.000000	
536.950000	15.474672	-53.483555	0.000000	
537.000000	15.498308	-53.491694	0.000000	
537.050000	15.521951	-53.499814	0.000000	
537.100000	15.545598	-53.507922	0.000000	
537.150000	15.569243	-53.516037	0.000000	
537.200000	15.592884	-53.524161	0.000000	
537.250000	15.616520	-53.532303	0.000000	
537.300000	15.640149	-53.540465	0.000000	
537.350000	15.663764	-53.548666	0.000000	
537.400000	15.687365	-53.556907	0.000000	
537.450000	15.710959	-53.565170	0.000000	
537.500000	15.734546	-53.573450	0.000000	
537.550000	15.758130	-53.581741	0.000000	
537.600000	15.781712	-53.590036	0.000000	
537.650000	15.805293	-53.598334	0.000000	
537.700000	15.828881	-53.606610	0.000000	
537.750000	15.852483	-53.614849	0.000000	
537.800000	15.876098	-53.623045	0.000000	
537.850000	15.899729	-53.631198	0.000000	
537.900000	15.923377	-53.639299	0.000000	
537.950000	15.947032	-53.647377	0.000000	
538.000000	15.970693	-53.655438	0.000000	
538.050000	15.994352	-53.663506	0.000000	
538.100000	16.018001	-53.671602	0.000000	
538.150000	16.041639	-53.679730	0.000000	
538.200000	16.065271	-53.687877	0.000000	
538.250000	16.088898	-53.696038	0.000000	
538.300000	16.112525	-53.704196	0.000000	
538.350000	16.136163	-53.712323	0.000000	
538.400000	16.159819	-53.720398	0.000000	
538.450000	16.183488	-53.728438	0.000000	
538.500000	16.207171	-53.736435	0.000000	
538.550000	16.230870	-53.744385	0.000000	
538.600000	16.254578	-53.752309	0.000000	
538.650000	16.278297	-53.760202	0.000000	
538.700000	16.302017	-53.768091	0.000000	
538.750000	16.325731	-53.776000	0.000000	
538.800000	16.349429	-53.783952	0.000000	
538.850000	16.373111	-53.791955	0.000000	
538.900000	16.396775	-53.800007	0.000000	
538.950000	16.420423	-53.808110	0.000000	
539.000000	16.444055	-53.816257	0.000000	
539.050000	16.467680	-53.824425	0.000000	
539.100000	16.491302	-53.832602	0.000000	
539.150000	16.514920	-53.840788	0.000000	
539.200000	16.538539	-53.848972	0.000000	
539.250000	16.562160	-53.857153	0.000000	
539.300000	16.585780	-53.865334	0.000000	
539.350000	16.609403	-53.873507	0.000000	
539.400000	16.633027	-53.881676	0.000000	
539.450000	16.656657	-53.889825	0.000000	
539.500000	16.680301	-53.897932	0.000000	
539.550000	16.703959	-53.905990	0.000000	
539.600000	16.727639	-53.913970	0.000000	
539.650000	16.751354	-53.921824	0.000000	
539.700000	16.775109	-53.929523	0.000000	
539.750000	16.798912	-53.937028	0.000000	
539.800000	16.822770	-53.944301	0.000000	
539.850000	16.846693	-53.951305	0.000000	
539.900000	16.870684	-53.957999	0.000000	
539.950000	16.894746	-53.964356	0.000000	
540.000000	16.918877	-53.970368	0.000000	
540.050000	16.943081	-53.975980	0.000000	
540.100000	16.967354	-53.981196	0.000000	
540.150000	16.991696	-53.985991	0.000000	
540.200000	17.016110	-53.990338	0.000000	
540.250000	17.040594	-53.994208	0.000000	
540.300000	17.065144	-53.997599	0.000000	
540.350000	17.089755	-54.000507	0.000000	
540.400000	17.114420	-54.002928	0.000000	
540.450000	17.139133	-54.004849	0.000000	
540.500000	17.163884	-54.006259	0.000000	
540.550000	17.188667	-54.007159	0.000000	
540.600000	17.213476	-54.007549	0.000000	
540.650000	17.238303	-54.007437	0.000000	
540.700000	17.263136	-54.006839	0.000000	
540.750000	17.287962	-54.005785	0.000000	
540.800000	17.312778	-54.004304	0.000000	
540.850000	17.337579	-54.002406	0.000000	
540.900000	17.362363	-54.000129	0.000000	
540.950000	17.387125	-53.997502	0.000000	
541.000000	17.411865	-53.994565	0.000000	
541.050000	17.436580	-53.991319	0.000000	
541.100000	17.461265	-53.987794	0.000000	
541.150000	17.485924	-53.984022	0.000000	
541.200000	17.510558	-53.980024	0.000000	
541.250000	17.535167	-53.975821	0.000000	
541.300000	17.559757	-53.971465	0.000000	
541.350000	17.584326	-53.966953	0.000000	
541.400000	17.608873	-53.962289	0.000000	
541.450000	17.633400	-53.957495	0.000000	
541.500000	17.657907	-53.952580	0.000000	
541.550000	17.682397	-53.947575	0.000000	
541.600000	17.706873	-53.942493	0.000000	
541.650000	17.731338	-53.937356	0.000000	
541.700000	17.755792	-53.932167	0.000000	
541.750000	17.780237	-53.926933	0.000000	
541.800000	17.804677	-53.921677	0.000000	
541.850000	17.829107	-53.916376	0.000000	
541.900000	17.853534	-53.911062	0.000000	
541.950000	17.877957	-53.905730	0.000000	
542.000000	17.902379	-53.900395	0.000000	
542.050000	17.926795	-53.895029	0.000000	
542.100000	17.951205	-53.889638	0.000000	
542.150000	17.975613	-53.884237	0.000000	
542.200000	18.000016	-53.878816	0.000000	
542.250000	18.024418	-53.873388	0.000000	
542.300000	18.048816	-53.867944	0.000000	
542.350000	18.073204	-53.862452	0.000000	
542.400000	18.097584	-53.856921	0.000000	
542.450000	18.121955	-53.851353	0.000000	
542.500000	18.146315	-53.845738	0.000000	
542.550000	18.170665	-53.840081	0.000000	
542.600000	18.195010	-53.834402	0.000000	
542.650000	18.219347	-53.828689	0.000000	
542.700000	18.243675	-53.822939	0.000000	
542.750000	18.267998	-53.817169	0.000000	
542.800000	18.292322	-53.811401	0.000000	
542.850000	18.316647	-53.805635	0.000000	
542.900000	18.340975	-53.799884	0.000000	
542.950000	18.365304	-53.794141	0.000000	
543.000000	18.389635	-53.788403	0.000000	
543.050000	18.413967	-53.782668	0.000000	
543.100000	18.438299	-53.776938	0.000000	
543.150000	18.462638	-53.771233	0.000000	
543.200000	18.486982	-53.765557	0.000000	
543.250000	18.511332	-53.759903	0.000000	
543.300000	18.535686	-53.754267	0.000000	
543.350000	18.560043	-53.748647	0.000000	
543.400000	18.584403	-53.743043	0.000000	
543.450000	18.608764	-53.737441	0.000000	
543.500000	18.633130	-53.731858	0.000000	
543.550000	18.657500	-53.726296	0.000000	
543.600000	18.681875	-53.720750	0.000000	
543.650000	18.706247	-53.715192	0.000000	
543.700000	18.730617	-53.709630	0.000000	
543.750000	18.754984	-53.704052	0.000000	
543.800000	18.779342	-53.698440	0.000000	
543.850000	18.803687	-53.692781	0.000000	
543.900000	18.828019	-53.687066	0.000000	
543.950000	18.852341	-53.681315	0.000000	
544.000000	18.876648	-53.675503	0.000000	
544.050000	18.900942	-53.669635	0.000000	
544.100000	18.925220	-53.663705	0.000000	
544.150000	18.949490	-53.657736	0.000000	
544.200000	18.973750	-53.651729	0.000000	
544.250000	18.998002	-53.645688	0.000000	
544.300000	19.022244	-53.639602	0.000000	
544.350000	19.046471	-53.633452	0.000000	
544.400000	19.070686	-53.627249	0.000000	
544.450000	19.094897	-53.621025	0.000000	
544.500000	19.119102	-53.614779	0.000000	
544.550000	19.143301	-53.608509	0.000000	
544.600000	19.167495	-53.602221	0.000000	
544.650000	19.191690	-53.595931	0.000000	
544.700000	19.215886	-53.589648	0.000000	
544.750000	19.240086	-53.583383	0.000000	
544.800000	19.264295	-53.577151	0.000000	
544.850000	19.288516	-53.570969	0.000000	
544.900000	19.312751	-53.564839	0.000000	
544.950000	19.336999	-53.558764	0.000000	
545.000000	19.361259	-53.552738	0.000000	
545.050000	19.385533	-53.546764	0.000000	
545.100000	19.409821	-53.540849	0.000000	
545.150000	19.434127	-53.535011	0.000000	
545.200000	19.458448	-53.529239	0.000000	
545.250000	19.482780	-53.523511	0.000000	
545.300000	19.507121	-53.517825	0.000000	
545.350000	19.531472	-53.512184	0.000000	
545.400000	19.555836	-53.506596	0.000000	
545.450000	19.580213	-53.501068	0.000000	
545.500000	19.604603	-53.495595	0.000000	
545.550000	19.629007	-53.490190	0.000000	
545.600000	19.653423	-53.484833	0.000000	
545.650000	19.677853	-53.479542	0.000000	
545.700000	19.702298	-53.474321	0.000000	
545.750000	19.726758	-53.469166	0.000000	
545.800000	19.751229	-53.464065	0.000000	
545.850000	19.775713	-53.459023	0.000000	
545.900000	19.800205	-53.454021	0.000000	
545.950000	19.824703	-53.449049	0.000000	
546.000000	19.849206	-53.444099	0.000000	
546.050000	19.873709	-53.439143	0.000000	
546.100000	19.898209	-53.434181	0.000000	
546.150000	19.922704	-53.429191	0.000000	
546.200000	19.947191	-53.424168	0.000000	
546.250000	19.971674	-53.419128	0.000000	
546.300000	19.996153	-53.414068	0.000000	
546.350000	20.020624	-53.408970	0.000000	
546.400000	20.045091	-53.403854	0.000000	
546.450000	20.069550	-53.398703	0.000000	
546.500000	20.093997	-53.393501	0.000000	
546.550000	20.118433	-53.388244	0.000000	
546.600000	20.142854	-53.382922	0.000000	
546.650000	20.167259	-53.377532	0.000000	
546.700000	20.191647	-53.372063	0.000000	
546.750000	20.216014	-53.366508	0.000000	
546.800000	20.240361	-53.360860	0.000000	
546.850000	20.264688	-53.355130	0.000000	
546.900000	20.288995	-53.349306	0.000000	
546.950000	20.313283	-53.343401	0.000000	
547.000000	20.337555	-53.337428	0.000000	
547.050000	20.361812	-53.331393	0.000000	
547.100000	20.386060	-53.325319	0.000000	
547.150000	20.410302	-53.319223	0.000000	
547.200000	20.434540	-53.313106	0.000000	
547.250000	20.458773	-53.306974	0.000000	
547.300000	20.482997	-53.300801	0.000000	
547.350000	20.507216	-53.294605	0.000000	
547.400000	20.531427	-53.288380	0.000000	
547.450000	20.555632	-53.282129	0.000000	
547.500000	20.579833	-53.275863	0.000000	
547.550000	20.604035	-53.269601	0.000000	
547.600000	20.628234	-53.263325	0.000000	
547.650000	20.652435	-53.257057	0.000000	
547.700000	20.676641	-53.250811	0.000000	
547.750000	20.700854	-53.244589	0.000000	
547.800000	20.725070	-53.238383	0.000000	
547.850000	20.749293	-53.232202	0.000000	
547.900000	20.773519	-53.226029	0.000000	
547.950000	20.797748	-53.219874	0.000000	
548.000000	20.821985	-53.213745	0.000000	
548.050000	20.846227	-53.207641	0.000000	
548.100000	20.870475	-53.201555	0.000000	
548.150000	20.894721	-53.195464	0.000000	
548.200000	20.918968	-53.189375	0.000000	
548.250000	20.943215	-53.183290	0.000000	
548.300000	20.967459	-53.177188	0.000000	
548.350000	20.991696	-53.171063	0.000000	
548.400000	21.015930	-53.164923	0.000000	
548.450000	21.040167	-53.158798	0.000000	
548.500000	21.064406	-53.152679	0.000000	
548.550000	21.088648	-53.146574	0.000000	
548.600000	21.112894	-53.140486	0.000000	
548.650000	21.137149	-53.134434	0.000000	
548.700000	21.161408	-53.128399	0.000000	
548.750000	21.185674	-53.122395	0.000000	
548.800000	21.209948	-53.116422	0.000000	
548.850000	21.234227	-53.110476	0.000000	
548.900000	21.258515	-53.104566	0.000000	
548.950000	21.282810	-53.098683	0.000000	
549.000000	21.307106	-53.092808	0.000000	
549.050000	21.331399	-53.086916	0.000000	
549.100000	21.355686	-53.081006	0.000000	
549.150000	21.379968	-53.075072	0.000000	
549.200000	21.404251	-53.069142	0.000000	
549.250000	21.428532	-53.063209	0.000000	
549.300000	21.452810	-53.057258	0.000000	
549.350000	21.477088	-53.051312	0.000000	
549.400000	21.501371	-53.045383	0.000000	
549.450000	21.525653	-53.039450	0.000000	
549.500000	21.549926	-53.033485	0.000000	
549.550000	21.574186	-53.027471	0.000000	
549.600000	21.598428	-53.021390	0.000000	
549.650000	21.622648	-53.015225	0.000000	
549.700000	21.646845	-53.008977	0.000000	
549.750000	21.671025	-53.002659	0.000000	
549.800000	21.695189	-52.996277	0.000000	
549.850000	21.719332	-52.989812	0.000000	
549.900000	21.743456	-52.983274	0.000000	
549.950000	21.767562	-52.976665	0.000000	
550.000000	21.791657	-52.970012	0.000000	
550.050000	21.815746	-52.963335	0.000000	
550.100000	21.839836	-52.956661	0.000000	
550.150000	21.863928	-52.949997	0.000000	
550.200000	21.888023	-52.943341	0.000000	
550.250000	21.912120	-52.936695	0.000000	
550.300000	21.936221	-52.930063	0.000000	
550.350000	21.960325	-52.923447	0.000000	
550.400000	21.984427	-52.916819	0.000000	
550.450000	22.008528	-52.910187	0.000000	
550.500000	22.032634	-52.903577	0.000000	
550.550000	22.056750	-52.897002	0.000000	
550.600000	22.080880	-52.890482	0.000000	
550.650000	22.105025	-52.884016	0.000000	
550.700000	22.129183	-52.877595	0.000000	
550.750000	22.153349	-52.871203	0.000000	
550.800000	22.177522	-52.864834	0.000000	
550.850000	22.201698	-52.858474	0.000000	
550.900000	22.225879	-52.852136	0.000000	
550.950000	22.250066	-52.845819	0.000000	
551.000000	22.274256	-52.839511	0.000000	
551.050000	22.298451	-52.833220	0.000000	
551.100000	22.322650	-52.826948	0.000000	
551.150000	22.346852	-52.820688	0.000000	
551.200000	22.371058	-52.814443	0.000000	
551.250000	22.395270	-52.808220	0.000000	
551.300000	22.419486	-52.802014	0.000000	
551.350000	22.443707	-52.795833	0.000000	
551.400000	22.467936	-52.789681	0.000000	
551.450000	22.492173	-52.783562	0.000000	
551.500000	22.516419	-52.777480	0.000000	
551.550000	22.540670	-52.771418	0.000000	
551.600000	22.564927	-52.765383	0.000000	
551.650000	22.589190	-52.759373	0.000000	
551.700000	22.613462	-52.753405	0.000000	
551.750000	22.637744	-52.747471	0.000000	
551.800000	22.662034	-52.741575	0.000000	
551.850000	22.686336	-52.735719	0.000000	
551.900000	22.710643	-52.729888	0.000000	
551.950000	22.734960	-52.724096	0.000000	
552.000000	22.759284	-52.718330	0.000000	
552.050000	22.783615	-52.712589	0.000000	
552.100000	22.807945	-52.706846	0.000000	
552.150000	22.832273	-52.701094	0.000000	
552.200000	22.856595	-52.695321	0.000000	
552.250000	22.880913	-52.689530	0.000000	
552.300000	22.905231	-52.683738	0.000000	
552.350000	22.929545	-52.677931	0.000000	
552.400000	22.953854	-52.672102	0.000000	
552.450000	22.978156	-52.666244	0.000000	
552.500000	23.002453	-52.660364	0.000000	
552.550000	23.026737	-52.654434	0.000000	
552.600000	23.051009	-52.648458	0.000000	
552.650000	23.075269	-52.642432	0.000000	
552.700000	23.099518	-52.636360	0.000000	
552.750000	23.123760	-52.630254	0.000000	
552.800000	23.147995	-52.624123	0.000000	
552.850000	23.172221	-52.617957	0.000000	
552.900000	23.196442	-52.611768	0.000000	
552.950000	23.220662	-52.605576	0.000000	
553.000000	23.244881	-52.599381	0.000000	
553.050000	23.269099	-52.593181	0.000000	
553.100000	23.293315	-52.586972	0.000000	
553.150000	23.317533	-52.580775	0.000000	
553.200000	23.341749	-52.574567	0.000000	
553.250000	23.365967	-52.568366	0.000000	
553.300000	23.390189	-52.562180	0.000000	
553.350000	23.414415	-52.556016	0.000000	
553.400000	23.438648	-52.549879	0.000000	
553.450000	23.462886	-52.543762	0.000000	
553.500000	23.487135	-52.537693	0.000000	
553.550000	23.511394	-52.531670	0.000000	
553.600000	23.535669	-52.525707	0.000000	
553.650000	23.559960	-52.519813	0.000000	
553.700000	23.584265	-52.513975	0.000000	
553.750000	23.608582	-52.508190	0.000000	
553.800000	23.632906	-52.502433	0.000000	
553.850000	23.657242	-52.496724	0.000000	
553.900000	23.681589	-52.491064	0.000000	
553.950000	23.705943	-52.485433	0.000000	
554.000000	23.730302	-52.479825	0.000000	
554.050000	23.754665	-52.474227	0.000000	
554.100000	23.779031	-52.468649	0.000000	
554.150000	23.803409	-52.463114	0.000000	
554.200000	23.827795	-52.457621	0.000000	
554.250000	23.852199	-52.452199	0.000000	
554.300000	23.876615	-52.446835	0.000000	
554.350000	23.901040	-52.441508	0.000000	
554.400000	23.925473	-52.436217	0.000000	
554.450000	23.949915	-52.430972	0.000000	
554.500000	23.974363	-52.425757	0.000000	
554.550000	23.998816	-52.420564	0.000000	
554.600000	24.023272	-52.415387	0.000000	
554.650000	24.047734	-52.410241	0.000000	
554.700000	24.072203	-52.405126	0.000000	
554.750000	24.096681	-52.400063	0.000000	
554.800000	24.121167	-52.395039	0.000000	
554.850000	24.145660	-52.390046	0.000000	
554.900000	24.170155	-52.385065	0.000000	
554.950000	24.194656	-52.380112	0.000000	
555.000000	24.219165	-52.375195	0.000000	
555.050000	24.243682	-52.370319	0.000000	
555.100000	24.268205	-52.365473	0.000000	
555.150000	24.292740	-52.360676	0.000000	
555.200000	24.317281	-52.355918	0.000000	
555.250000	24.341828	-52.351185	0.000000	
555.300000	24.366377	-52.346463	0.000000	
555.350000	24.390930	-52.341761	0.000000	
555.400000	24.415488	-52.337082	0.000000	
555.450000	24.440045	-52.332401	0.000000	
555.500000	24.464596	-52.327689	0.000000	
555.550000	24.489147	-52.322978	0.000000	
555.600000	24.513696	-52.318254	0.000000	
555.650000	24.538247	-52.313543	0.000000	
555.700000	24.562798	-52.308833	0.000000	
555.750000	24.587350	-52.304127	0.000000	
555.800000	24.611900	-52.299405	0.000000	
555.850000	24.636448	-52.294677	0.000000	
555.900000	24.661000	-52.289973	0.000000	
555.950000	24.685558	-52.285297	0.000000	
556.000000	24.710121	-52.280650	0.000000	
556.050000	24.734688	-52.276020	0.000000	
556.100000	24.759256	-52.271400	0.000000	
556.150000	24.783831	-52.266815	0.000000	
556.200000	24.808408	-52.262243	0.000000	
556.250000	24.832988	-52.257687	0.000000	
556.300000	24.857570	-52.253140	0.000000	
556.350000	24.882154	-52.248606	0.000000	
556.400000	24.906737	-52.244067	0.000000	
556.450000	24.931314	-52.239497	0.000000	
556.500000	24.955880	-52.234877	0.000000	
556.550000	24.980432	-52.230195	0.000000	
556.600000	25.004960	-52.225416	0.000000	
556.650000	25.029456	-52.220514	0.000000	
556.700000	25.053906	-52.215443	0.000000	
556.750000	25.078290	-52.210147	0.000000	
556.800000	25.102592	-52.204582	0.000000	
556.850000	25.126789	-52.198702	0.000000	
556.900000	25.150864	-52.192473	0.000000	
556.950000	25.174793	-52.185844	0.000000	
557.000000	25.198555	-52.178784	0.000000	
557.050000	25.222121	-52.171250	0.000000	
557.100000	25.245471	-52.163215	0.000000	
557.150000	25.268585	-52.154659	0.000000	
557.200000	25.291449	-52.145551	0.000000	
557.250000	25.314038	-52.135869	0.000000	
557.300000	25.336334	-52.125585	0.000000	
557.350000	25.358332	-52.114707	0.000000	
557.400000	25.380024	-52.103220	0.000000	
557.450000	25.401390	-52.091118	0.000000	
557.500000	25.422430	-52.078417	0.000000	
557.550000	25.443133	-52.065132	0.000000	
557.600000	25.463507	-52.051292	0.000000	
557.650000	25.483552	-52.036914	0.000000	
557.700000	25.503264	-52.022015	0.000000	
557.750000	25.522647	-52.006624	0.000000	
557.800000	25.541722	-51.990793	0.000000	
557.850000	25.560493	-51.974548	0.000000	
557.900000	25.578976	-51.957932	0.000000	
557.950000	25.597180	-51.940971	0.000000	
558.000000	25.615137	-51.923712	0.000000	
558.050000	25.632880	-51.906202	0.000000	
558.100000	25.650435	-51.888480	0.000000	
558.150000	25.667833	-51.870586	0.000000	
558.200000	25.685085	-51.852537	0.000000	
558.250000	25.702206	-51.834350	0.000000	
558.300000	25.719208	-51.816046	0.000000	
558.350000	25.736103	-51.797637	0.000000	
558.400000	25.752893	-51.779128	0.000000	
558.450000	25.769589	-51.760530	0.000000	
558.500000	25.786220	-51.741872	0.000000	
558.550000	25.802802	-51.723168	0.000000	
558.600000	25.819348	-51.704430	0.000000	
558.650000	25.835860	-51.685662	0.000000	
558.700000	25.852342	-51.666866	0.000000	
558.750000	25.868813	-51.648061	0.000000	
558.800000	25.885274	-51.629247	0.000000	
558.850000	25.901714	-51.610413	0.000000	
558.900000	25.918147	-51.591574	0.000000	
558.950000	25.934578	-51.572734	0.000000	
559.000000	25.951012	-51.553896	0.000000	
559.050000	25.967438	-51.535050	0.000000	
559.100000	25.983841	-51.516186	0.000000	
559.150000	26.000227	-51.497306	0.000000	
559.200000	26.016593	-51.478408	0.000000	
559.250000	26.032944	-51.459498	0.000000	
559.300000	26.049283	-51.440577	0.000000	
559.350000	26.065617	-51.421651	0.000000	
559.400000	26.081950	-51.402725	0.000000	
559.450000	26.098283	-51.383800	0.000000	
559.500000	26.114624	-51.364880	0.000000	
559.550000	26.130973	-51.345968	0.000000	
559.600000	26.147311	-51.327046	0.000000	
559.650000	26.163644	-51.308119	0.000000	
559.700000	26.179970	-51.289187	0.000000	
559.750000	26.196288	-51.270248	0.000000	
559.800000	26.212588	-51.251292	0.000000	
559.850000	26.228878	-51.232329	0.000000	
559.900000	26.245180	-51.213375	0.000000	
559.950000	26.261495	-51.194434	0.000000	
560.000000	26.277824	-51.175504	0.000000	
560.050000	26.294158	-51.156579	0.000000	
560.100000	26.310502	-51.137662	0.000000	
560.150000	26.326855	-51.118753	0.000000	
560.200000	26.343204	-51.099841	0.000000	
560.250000	26.359547	-51.080923	0.000000	
560.300000	26.375881	-51.061998	0.000000	
560.350000	26.392211	-51.043069	0.000000	
560.400000	26.408534	-51.024135	0.000000	
560.450000	26.424852	-51.005196	0.000000	
560.500000	26.441165	-50.986253	0.000000	
560.550000	26.457473	-50.967305	0.000000	
560.600000	26.473772	-50.948350	0.000000	
560.650000	26.490080	-50.929403	0.000000	
560.700000	26.506392	-50.910459	0.000000	
560.750000	26.522695	-50.891508	0.000000	
560.800000	26.538992	-50.872550	0.000000	
560.850000	26.555301	-50.853604	0.000000	
560.900000	26.571624	-50.834670	0.000000	
560.950000	26.587948	-50.815736	0.000000	
561.000000	26.604272	-50.796803	0.000000	
561.050000	26.620590	-50.777865	0.000000	
561.100000	26.636911	-50.758928	0.000000	
561.150000	26.653232	-50.739992	0.000000	
561.200000	26.669562	-50.721064	0.000000	
561.250000	26.685917	-50.702158	0.000000	
561.300000	26.702302	-50.683278	0.000000	
561.350000	26.718715	-50.664421	0.000000	
561.400000	26.735153	-50.645588	0.000000	
561.450000	26.751629	-50.626788	0.000000	
561.500000	26.768148	-50.608025	0.000000	
561.550000	26.784706	-50.589298	0.000000	
561.600000	26.801291	-50.570593	0.000000	
561.650000	26.817895	-50.551905	0.000000	
561.700000	26.834521	-50.533238	0.000000	
561.750000	26.851160	-50.514582	0.000000	
561.800000	26.867827	-50.495950	0.000000	
561.850000	26.884534	-50.477355	0.000000	
561.900000	26.901267	-50.458781	0.000000	
561.950000	26.918007	-50.440216	0.000000	
562.000000	26.934758	-50.421659	0.000000	
562.050000	26.951511	-50.403105	0.000000	
562.100000	26.968281	-50.384565	0.000000	
562.150000	26.985070	-50.366042	0.000000	
562.200000	27.001876	-50.347534	0.000000	
562.250000	27.018706	-50.329049	0.000000	
562.300000	27.035555	-50.310580	0.000000	
562.350000	27.052419	-50.292126	0.000000	
562.400000	27.069312	-50.273698	0.000000	
562.450000	27.086223	-50.255287	0.000000	
562.500000	27.103133	-50.236875	0.000000	
562.550000	27.120042	-50.218462	0.000000	
562.600000	27.136960	-50.200058	0.000000	
562.650000	27.153895	-50.181669	0.000000	
562.700000	27.170863	-50.163310	0.000000	
562.750000	27.187838	-50.144959	0.000000	
562.800000	27.204841	-50.126634	0.000000	
562.850000	27.221873	-50.108336	0.000000	
562.900000	27.238933	-50.090065	0.000000	
562.950000	27.256031	-50.071830	0.000000	
563.000000	27.273172	-50.053636	0.000000	
563.050000	27.290367	-50.035495	0.000000	
563.100000	27.307626	-50.017415	0.000000	
563.150000	27.324938	-49.999386	0.000000	
563.200000	27.342302	-49.981407	0.000000	
563.250000	27.359715	-49.963476	0.000000	
563.300000	27.377174	-49.945590	0.000000	
563.350000	27.394683	-49.927752	0.000000	
563.400000	27.412235	-49.909958	0.000000	
563.450000	27.429813	-49.892189	0.000000	
563.500000	27.447422	-49.874451	0.000000	
563.550000	27.465070	-49.856750	0.000000	
563.600000	27.482751	-49.839080	0.000000	
563.650000	27.500453	-49.821432	0.000000	
563.700000	27.518183	-49.803810	0.000000	
563.750000	27.535929	-49.786204	0.000000	
563.800000	27.553709	-49.768632	0.000000	
563.850000	27.571507	-49.751077	0.000000	
563.900000	27.589322	-49.733538	0.000000	
563.950000	27.607135	-49.715998	0.000000	
564.000000	27.624936	-49.698447	0.000000	
564.050000	27.642724	-49.680882	0.000000	
564.100000	27.660489	-49.663294	0.000000	
564.150000	27.678212	-49.645665	0.000000	
564.200000	27.695906	-49.628007	0.000000	
564.250000	27.713583	-49.610332	0.000000	
564.300000	27.731244	-49.592641	0.000000	
564.350000	27.748882	-49.574926	0.000000	
564.400000	27.766485	-49.557177	0.000000	
564.450000	27.784045	-49.539385	0.000000	
564.500000	27.801582	-49.521570	0.000000	
564.550000	27.819107	-49.503743	0.000000	
564.600000	27.836623	-49.485906	0.000000	
564.650000	27.854127	-49.468059	0.000000	
564.700000	27.871620	-49.450200	0.000000	
564.750000	27.889099	-49.432328	0.000000	
564.800000	27.906573	-49.414451	0.000000	
564.850000	27.924045	-49.396572	0.000000	
564.900000	27.941539	-49.378715	0.000000	
564.950000	27.959038	-49.360863	0.000000	
565.000000	27.976550	-49.343024	0.000000	
565.050000	27.994069	-49.325193	0.000000	
565.100000	28.011595	-49.307368	0.000000	
565.150000	28.029139	-49.289561	0.000000	
565.200000	28.046707	-49.271777	0.000000	
565.250000	28.064281	-49.253999	0.000000	
565.300000	28.081867	-49.236233	0.000000	
565.350000	28.099466	-49.218480	0.000000	
565.400000	28.117082	-49.200744	0.000000	
565.450000	28.134730	-49.183040	0.000000	
565.500000	28.152414	-49.165371	0.000000	
565.550000	28.170112	-49.147716	0.000000	
565.600000	28.187808	-49.130060	0.000000	
565.650000	28.205502	-49.112400	0.000000	
565.700000	28.223196	-49.094742	0.000000	
565.750000	28.240901	-49.077093	0.000000	
565.800000	28.258614	-49.059453	0.000000	
565.850000	28.276317	-49.041803	0.000000	
565.900000	28.294006	-49.024139	0.000000	
565.950000	28.311659	-49.006438	0.000000	
566.000000	28.329287	-48.988713	0.000000	
566.050000	28.346881	-48.970955	0.000000	
566.100000	28.364458	-48.953179	0.000000	
566.150000	28.382015	-48.935385	0.000000	
566.200000	28.399536	-48.917555	0.000000	
566.250000	28.417015	-48.899686	0.000000	
566.300000	28.434461	-48.881785	0.000000	
566.350000	28.451863	-48.863844	0.000000	
566.400000	28.469226	-48.845863	0.000000	
566.450000	28.486544	-48.827840	0.000000	
566.500000	28.503808	-48.809764	0.000000	
566.550000	28.521028	-48.791644	0.000000	
566.600000	28.538219	-48.773497	0.000000	
566.650000	28.555385	-48.755326	0.000000	
566.700000	28.572538	-48.737142	0.000000	
566.750000	28.589680	-48.718948	0.000000	
566.800000	28.606819	-48.700751	0.000000	
566.850000	28.623957	-48.682553	0.000000	
566.900000	28.641105	-48.664364	0.000000	
566.950000	28.658262	-48.646185	0.000000	
567.000000	28.675446	-48.628032	0.000000	
567.050000	28.692664	-48.609914	0.000000	
567.100000	28.709936	-48.591850	0.000000	
567.150000	28.727262	-48.573842	0.000000	
567.200000	28.744658	-48.555905	0.000000	
567.250000	28.762134	-48.538049	0.000000	
567.300000	28.779698	-48.520283	0.000000	
567.350000	28.797350	-48.502603	0.000000	
567.400000	28.815076	-48.484998	0.000000	
567.450000	28.832858	-48.467449	0.000000	
567.500000	28.850707	-48.449965	0.000000	
567.550000	28.868633	-48.432559	0.000000	
567.600000	28.886641	-48.415237	0.000000	
567.650000	28.904721	-48.397988	0.000000	
567.700000	28.922874	-48.380813	0.000000	
567.750000	28.941093	-48.363706	0.000000	
567.800000	28.959371	-48.346658	0.000000	
567.850000	28.977704	-48.329669	0.000000	
567.900000	28.996087	-48.312732	0.000000	
567.950000	29.014512	-48.295838	0.000000	
568.000000	29.032972	-48.278982	0.000000	
568.050000	29.051467	-48.262164	0.000000	
568.100000	29.070001	-48.245387	0.000000	
568.150000	29.088555	-48.228633	0.000000	
568.200000	29.107130	-48.211902	0.000000	
568.250000	29.125727	-48.195197	0.000000	
568.300000	29.144347	-48.178519	0.000000	
568.350000	29.163001	-48.161880	0.000000	
568.400000	29.181685	-48.145276	0.000000	
568.450000	29.200405	-48.128713	0.000000	
568.500000	29.219178	-48.112209	0.000000	
568.550000	29.237990	-48.095750	0.000000	
568.600000	29.256828	-48.079319	0.000000	
568.650000	29.275685	-48.062912	0.000000	
568.700000	29.294557	-48.046521	0.000000	
568.750000	29.313456	-48.030161	0.000000	
568.800000	29.332389	-48.013841	0.000000	
568.850000	29.351363	-47.997567	0.000000	
568.900000	29.370376	-47.981340	0.000000	
568.950000	29.389433	-47.965164	0.000000	
569.000000	29.408539	-47.949046	0.000000	
569.050000	29.427685	-47.932974	0.000000	
569.100000	29.446859	-47.916935	0.000000	
569.150000	29.466043	-47.900908	0.000000	
569.200000	29.485242	-47.884899	0.000000	
569.250000	29.504446	-47.868894	0.000000	
569.300000	29.523650	-47.852890	0.000000	
569.350000	29.542842	-47.836872	0.000000	
569.400000	29.562008	-47.820823	0.000000	
569.450000	29.581162	-47.804760	0.000000	
569.500000	29.600306	-47.788685	0.000000	
569.550000	29.619425	-47.772581	0.000000	
569.600000	29.638524	-47.756453	0.000000	
569.650000	29.657602	-47.740302	0.000000	
569.700000	29.676658	-47.724125	0.000000	
569.750000	29.695691	-47.707923	0.000000	
569.800000	29.714701	-47.691694	0.000000	
569.850000	29.733670	-47.675418	0.000000	
569.900000	29.752597	-47.659093	0.000000	
569.950000	29.771471	-47.642708	0.000000	
570.000000	29.790279	-47.626246	0.000000	
570.050000	29.809020	-47.609708	0.000000	
570.100000	29.827712	-47.593113	0.000000	
570.150000	29.846370	-47.576479	0.000000	
570.200000	29.865004	-47.559818	0.000000	
570.250000	29.883610	-47.543124	0.000000	
570.300000	29.902182	-47.526394	0.000000	
570.350000	29.920710	-47.509613	0.000000	
570.400000	29.939186	-47.492777	0.000000	
570.450000	29.957619	-47.475894	0.000000	
570.500000	29.976006	-47.458960	0.000000	
570.550000	29.994355	-47.441984	0.000000	
570.600000	30.012670	-47.424972	0.000000	
570.650000	30.030949	-47.407920	0.000000	
570.700000	30.049208	-47.390847	0.000000	
570.750000	30.067454	-47.373760	0.000000	
570.800000	30.085693	-47.356664	0.000000	
570.850000	30.103917	-47.339553	0.000000	
570.900000	30.122132	-47.322432	0.000000	
570.950000	30.140341	-47.305304	0.000000	
571.000000	30.158539	-47.288165	0.000000	
571.050000	30.176728	-47.271016	0.000000	
571.100000	30.194921	-47.253872	0.000000	
571.150000	30.213118	-47.236732	0.000000	
571.200000	30.231308	-47.219584	0.000000	
571.250000	30.249498	-47.202436	0.000000	
571.300000	30.267690	-47.185290	0.000000	
571.350000	30.285883	-47.168146	0.000000	
571.400000	30.304077	-47.151003	0.000000	
571.450000	30.322283	-47.133871	0.000000	
571.500000	30.340493	-47.116744	0.000000	
571.550000	30.358705	-47.099620	0.000000	
571.600000	30.376910	-47.082487	0.000000	
571.650000	30.395113	-47.065352	0.000000	
571.700000	30.413304	-47.048206	0.000000	
571.750000	30.431451	-47.031015	0.000000	
571.800000	30.449535	-47.013761	0.000000	
571.850000	30.467529	-46.996420	0.000000	
571.900000	30.485412	-46.978975	0.000000	
571.950000	30.503161	-46.961406	0.000000	
572.000000	30.520740	-46.943687	0.000000	
572.050000	30.538144	-46.925817	0.000000	
572.100000	30.555344	-46.907778	0.000000	
572.150000	30.572300	-46.889539	0.000000	
572.200000	30.588988	-46.871084	0.000000	
572.250000	30.605387	-46.852400	0.000000	
572.300000	30.621455	-46.833458	0.000000	
572.350000	30.637157	-46.814244	0.000000	
572.400000	30.652476	-46.794756	0.000000	
572.450000	30.667408	-46.774995	0.000000	
572.500000	30.681921	-46.754952	0.000000	
572.550000	30.696010	-46.734626	0.000000	
572.600000	30.709646	-46.714005	0.000000	
572.650000	30.722808	-46.693084	0.000000	
572.700000	30.735479	-46.671857	0.000000	
572.750000	30.747660	-46.650334	0.000000	
572.800000	30.759360	-46.628531	0.000000	
572.850000	30.770582	-46.606457	0.000000	
572.900000	30.781338	-46.584132	0.000000	
572.950000	30.791655	-46.561579	0.000000	
573.000000	30.801541	-46.538811	0.000000	
573.050000	30.811037	-46.515856	0.000000	
573.100000	30.820165	-46.492726	0.000000	
573.150000	30.828968	-46.469448	0.000000	
573.200000	30.837484	-46.446041	0.000000	
573.250000	30.845716	-46.422512	0.000000	
573.300000	30.853684	-46.398874	0.000000	
573.350000	30.861428	-46.375146	0.000000	
573.400000	30.868985	-46.351347	0.000000	
573.450000	30.876378	-46.327488	0.000000	
573.500000	30.883628	-46.303577	0.000000	
573.550000	30.890772	-46.279629	0.000000	
573.600000	30.897829	-46.255652	0.000000	
573.650000	30.904838	-46.231658	0.000000	
573.700000	30.911812	-46.207652	0.000000	
573.750000	30.918770	-46.183642	0.000000	
573.800000	30.925726	-46.159631	0.000000	
573.850000	30.932682	-46.135620	0.000000	
573.900000	30.939631	-46.111607	0.000000	
573.950000	30.946607	-46.087602	0.000000	
574.000000	30.953609	-46.063605	0.000000	
574.050000	30.960646	-46.039617	0.000000	
574.100000	30.967710	-46.015637	0.000000	
574.150000	30.974815	-45.991669	0.000000	
574.200000	30.981948	-45.967709	0.000000	
574.250000	30.989110	-45.943759	0.000000	
574.300000	30.996317	-45.919822	0.000000	
574.350000	31.003582	-45.895903	0.000000	
574.400000	31.010897	-45.871999	0.000000	
574.450000	31.018264	-45.848112	0.000000	
574.500000	31.025691	-45.824244	0.000000	
574.550000	31.033176	-45.800394	0.000000	
574.600000	31.040718	-45.776562	0.000000	
574.650000	31.048298	-45.752743	0.000000	
574.700000	31.055911	-45.728934	0.000000	
574.750000	31.063558	-45.705137	0.000000	
574.800000	31.071230	-45.681347	0.000000	
574.850000	31.078919	-45.657563	0.000000	
574.900000	31.086634	-45.633787	0.000000	
574.950000	31.094381	-45.610021	0.000000	
575.000000	31.102147	-45.586260	0.000000	
575.050000	31.109916	-45.562500	0.000000	
575.100000	31.117693	-45.538743	0.000000	
575.150000	31.125484	-45.514990	0.000000	
575.200000	31.133281	-45.491239	0.000000	
575.250000	31.141068	-45.467485	0.000000	
575.300000	31.148830	-45.443723	0.000000	
575.350000	31.156550	-45.419948	0.000000	
575.400000	31.164206	-45.396154	0.000000	
575.450000	31.171813	-45.372344	0.000000	
575.500000	31.179369	-45.348519	0.000000	
575.550000	31.186879	-45.324678	0.000000	
575.600000	31.194349	-45.300825	0.000000	
575.650000	31.201764	-45.276954	0.000000	
575.700000	31.209124	-45.253065	0.000000	
575.750000	31.216419	-45.229156	0.000000	
575.800000	31.223677	-45.205235	0.000000	
575.850000	31.230889	-45.181301	0.000000	
575.900000	31.238069	-45.157356	0.000000	
575.950000	31.245210	-45.133399	0.000000	
576.000000	31.252331	-45.109436	0.000000	
576.050000	31.259424	-45.085464	0.000000	
576.100000	31.266508	-45.061490	0.000000	
576.150000	31.273575	-45.037511	0.000000	
576.200000	31.280606	-45.013521	0.000000	
576.250000	31.287595	-44.989519	0.000000	
576.300000	31.294572	-44.965513	0.000000	
576.350000	31.301552	-44.941508	0.000000	
576.400000	31.308561	-44.917511	0.000000	
576.450000	31.315618	-44.893529	0.000000	
576.500000	31.322716	-44.869559	0.000000	
576.550000	31.329849	-44.845601	0.000000	
576.600000	31.336993	-44.821645	0.000000	
576.650000	31.344123	-44.797685	0.000000	
576.700000	31.351251	-44.773725	0.000000	
576.750000	31.358372	-44.749763	0.000000	
576.800000	31.365492	-44.725800	0.000000	
576.850000	31.372616	-44.701839	0.000000	
576.900000	31.379746	-44.677879	0.000000	
576.950000	31.386885	-44.653922	0.000000	
577.000000	31.394057	-44.629975	0.000000	
577.050000	31.401244	-44.606033	0.000000	
577.100000	31.408446	-44.582095	0.000000	
577.150000	31.415644	-44.558156	0.000000	
577.200000	31.422864	-44.534224	0.000000	
577.250000	31.430122	-44.510302	0.000000	
577.300000	31.437433	-44.486397	0.000000	
577.350000	31.444775	-44.462502	0.000000	
577.400000	31.452150	-44.438616	0.000000	
577.450000	31.459553	-44.414741	0.000000	
577.500000	31.466978	-44.390872	0.000000	
577.550000	31.474410	-44.367006	0.000000	
577.600000	31.481873	-44.343150	0.000000	
577.650000	31.489379	-44.319308	0.000000	
577.700000	31.496931	-44.295481	0.000000	
577.750000	31.504535	-44.271670	0.000000	
577.800000	31.512201	-44.247878	0.000000	
577.850000	31.519924	-44.224105	0.000000	
577.900000	31.527696	-44.200348	0.000000	
577.950000	31.535515	-44.176605	0.000000	
578.000000	31.543376	-44.152876	0.000000	
578.050000	31.551269	-44.129157	0.000000	
578.100000	31.559212	-44.105456	0.000000	
578.150000	31.567201	-44.081769	0.000000	
578.200000	31.575263	-44.058107	0.000000	
578.250000	31.583396	-44.034468	0.000000	
578.300000	31.591591	-44.010852	0.000000	
578.350000	31.599847	-43.987257	0.000000	
578.400000	31.608174	-43.963688	0.000000	
578.450000	31.616550	-43.940136	0.000000	
578.500000	31.624956	-43.916595	0.000000	
578.550000	31.633379	-43.893060	0.000000	
578.600000	31.641809	-43.869527	0.000000	
578.650000	31.650237	-43.845994	0.000000	
578.700000	31.658649	-43.822455	0.000000	
578.750000	31.667047	-43.798911	0.000000	
578.800000	31.675438	-43.775365	0.000000	
578.850000	31.683844	-43.751825	0.000000	
578.900000	31.692250	-43.728284	0.000000	
578.950000	31.700643	-43.704738	0.000000	
579.000000	31.709030	-43.681191	0.000000	
579.050000	31.717413	-43.657642	0.000000	
579.100000	31.725785	-43.634090	0.000000	
579.150000	31.734154	-43.610537	0.000000	
579.200000	31.742538	-43.586988	0.000000	
579.250000	31.750927	-43.563442	0.000000	
579.300000	31.759296	-43.539889	0.000000	
579.350000	31.767650	-43.516329	0.000000	
579.400000	31.775977	-43.492760	0.000000	
579.450000	31.784288	-43.469184	0.000000	
579.500000	31.792601	-43.445610	0.000000	
579.550000	31.800936	-43.422043	0.000000	
579.600000	31.809295	-43.398486	0.000000	
579.650000	31.817697	-43.374944	0.000000	
579.700000	31.826146	-43.351420	0.000000	
579.750000	31.834659	-43.327919	0.000000	
579.800000	31.843243	-43.304444	0.000000	
579.850000	31.851895	-43.280994	0.000000	
579.900000	31.860613	-43.257570	0.000000	
579.950000	31.869409	-43.234175	0.000000	
580.000000	31.878297	-43.210816	0.000000	
580.050000	31.887275	-43.187491	0.000000	
580.100000	31.896338	-43.164199	0.000000	
580.150000	31.905483	-43.140938	0.000000	
580.200000	31.914700	-43.117705	0.000000	
580.250000	31.923985	-43.094499	0.000000	
580.300000	31.933338	-43.071321	0.000000	
580.350000	31.942780	-43.048180	0.000000	
580.400000	31.952292	-43.025065	0.000000	
580.450000	31.961854	-43.001971	0.000000	
580.500000	31.971441	-42.978886	0.000000	
580.550000	31.981045	-42.955808	0.000000	
580.600000	31.990670	-42.932738	0.000000	
580.650000	32.000330	-42.909682	0.000000	
580.700000	32.010032	-42.886644	0.000000	
580.750000	32.019768	-42.863620	0.000000	
580.800000	32.029538	-42.840610	0.000000	
580.850000	32.039329	-42.817608	0.000000	
580.900000	32.049147	-42.794618	0.000000	
580.950000	32.058988	-42.771638	0.000000	
581.000000	32.068840	-42.748662	0.000000	
581.050000	32.078706	-42.725693	0.000000	
581.100000	32.088590	-42.702732	0.000000	
581.150000	32.098498	-42.679781	0.000000	
581.200000	32.108447	-42.656848	0.000000	
581.250000	32.118445	-42.633938	0.000000	
581.300000	32.128492	-42.611051	0.000000	
581.350000	32.138595	-42.588190	0.000000	
581.400000	32.148741	-42.565350	0.000000	
581.450000	32.158943	-42.542536	0.000000	
581.500000	32.169227	-42.519759	0.000000	
581.550000	32.179603	-42.497025	0.000000	
581.600000	32.190070	-42.474332	0.000000	
581.650000	32.200602	-42.451667	0.000000	
581.700000	32.211190	-42.429029	0.000000	
581.750000	32.221820	-42.406409	0.000000	
581.800000	32.232486	-42.383806	0.000000	
581.850000	32.243166	-42.361209	0.000000	
581.900000	32.253853	-42.338615	0.000000	
581.950000	32.264519	-42.316011	0.000000	
582.000000	32.275124	-42.293383	0.000000	
582.050000	32.285631	-42.270717	0.000000	
582.100000	32.295988	-42.247995	0.000000	
582.150000	32.306161	-42.225210	0.000000	
582.200000	32.316095	-42.202345	0.000000	
582.250000	32.325725	-42.179384	0.000000	
582.300000	32.335006	-42.156316	0.000000	
582.350000	32.343878	-42.133131	0.000000	
582.400000	32.352298	-42.109820	0.000000	
582.450000	32.360256	-42.086385	0.000000	
582.500000	32.367733	-42.062827	0.000000	
582.550000	32.374697	-42.039141	0.000000	
582.600000	32.381132	-42.015324	0.000000	
582.650000	32.387037	-41.991381	0.000000	
582.700000	32.392402	-41.967319	0.000000	
582.750000	32.397211	-41.943137	0.000000	
582.800000	32.401452	-41.918841	0.000000	
582.850000	32.405113	-41.894432	0.000000	
582.900000	32.408207	-41.869922	0.000000	
582.950000	32.410748	-41.845318	0.000000	
583.000000	32.412751	-41.820626	0.000000	
583.050000	32.414245	-41.795860	0.000000	
583.100000	32.415282	-41.771034	0.000000	
583.150000	32.415916	-41.746162	0.000000	
583.200000	32.416195	-41.721253	0.000000	
583.250000	32.416148	-41.696319	0.000000	
583.300000	32.415817	-41.671370	0.000000	
583.350000	32.415235	-41.646411	0.000000	
583.400000	32.414444	-41.621451	0.000000	
583.450000	32.413479	-41.596490	0.000000	
583.500000	32.412361	-41.571530	0.000000	
583.550000	32.411111	-41.546572	0.000000	
583.600000	32.409768	-41.521615	0.000000	
583.650000	32.408352	-41.496660	0.000000	
583.700000	32.406879	-41.471706	0.000000	
583.750000	32.405356	-41.446754	0.000000	
583.800000	32.403787	-41.421805	0.000000	
583.850000	32.402195	-41.396856	0.000000	
583.900000	32.400577	-41.371910	0.000000	
583.950000	32.398941	-41.346964	0.000000	
584.000000	32.397304	-41.322019	0.000000	
584.050000	32.395661	-41.297075	0.000000	
584.100000	32.394015	-41.272130	0.000000	
584.150000	32.392371	-41.247185	0.000000	
584.200000	32.390707	-41.222242	0.000000	
584.250000	32.389019	-41.197300	0.000000	
584.300000	32.387305	-41.172360	0.000000	
584.350000	32.385579	-41.147421	0.000000	
584.400000	32.383842	-41.122482	0.000000	
584.450000	32.382095	-41.097545	0.000000	
584.500000	32.380328	-41.072609	0.000000	
584.550000	32.378531	-41.047675	0.000000	
584.600000	32.376707	-41.022744	0.000000	
584.650000	32.374857	-40.997814	0.000000	
584.700000	32.372966	-40.972887	0.000000	
584.750000	32.371043	-40.947963	0.000000	
584.800000	32.369117	-40.923038	0.000000	
584.850000	32.367185	-40.898114	0.000000	
584.900000	32.365248	-40.873190	0.000000	
584.950000	32.363324	-40.848265	0.000000	
585.000000	32.361426	-40.823338	0.000000	
585.050000	32.359538	-40.798410	0.000000	
585.100000	32.357666	-40.773482	0.000000	
585.150000	32.355799	-40.748553	0.000000	
585.200000	32.353915	-40.723626	0.000000	
585.250000	32.352026	-40.698698	0.000000	
585.300000	32.350146	-40.673770	0.000000	
585.350000	32.348298	-40.648840	0.000000	
585.400000	32.346479	-40.623908	0.000000	
585.450000	32.344694	-40.598974	0.000000	
585.500000	32.342955	-40.574037	0.000000	
585.550000	32.341256	-40.549097	0.000000	
585.600000	32.339601	-40.524153	0.000000	
585.650000	32.337970	-40.499208	0.000000	
585.700000	32.336345	-40.474262	0.000000	
585.750000	32.334728	-40.449316	0.000000	
585.800000	32.333091	-40.424371	0.000000	
585.850000	32.331422	-40.399428	0.000000	
585.900000	32.329717	-40.374489	0.000000	
585.950000	32.327963	-40.349554	0.000000	
586.000000	32.326165	-40.324623	0.000000	
586.050000	32.324309	-40.299697	0.000000	
586.100000	32.322400	-40.274775	0.000000	
586.150000	32.320446	-40.249857	0.000000	
586.200000	32.318463	-40.224942	0.000000	
586.250000	32.316468	-40.200027	0.000000	
586.300000	32.314467	-40.175113	0.000000	
586.350000	32.312450	-40.150200	0.000000	
586.400000	32.310423	-40.125288	0.000000	
586.450000	32.308391	-40.100376	0.000000	
586.500000	32.306336	-40.075465	0.000000	
586.550000	32.304239	-40.050557	0.000000	
586.600000	32.302112	-40.025651	0.000000	
586.650000	32.299964	-40.000747	0.000000	
586.700000	32.297814	-39.975842	0.000000	
586.750000	32.295655	-39.950939	0.000000	
586.800000	32.293479	-39.926036	0.000000	
586.850000	32.291297	-39.901135	0.000000	
586.900000	32.289094	-39.876235	0.000000	
586.950000	32.286902	-39.851334	0.000000	
587.000000	32.284739	-39.826431	0.000000	
587.050000	32.282611	-39.801524	0.000000	
587.100000	32.280502	-39.776615	0.000000	
587.150000	32.278404	-39.751705	0.000000	
587.200000	32.276321	-39.726794	0.000000	
587.250000	32.274253	-39.701881	0.000000	
587.300000	32.272196	-39.676967	0.000000	
587.350000	32.270157	-39.652052	0.000000	
587.400000	32.268141	-39.627136	0.000000	
587.450000	32.266151	-39.602218	0.000000	
587.500000	32.264195	-39.577299	0.000000	
587.550000	32.262268	-39.552378	0.000000	
587.600000	32.260391	-39.527454	0.000000	
587.650000	32.258569	-39.502527	0.000000	
587.700000	32.256790	-39.477597	0.000000	
587.750000	32.255067	-39.452665	0.000000	
587.800000	32.253395	-39.427729	0.000000	
587.850000	32.251779	-39.402790	0.000000	
587.900000	32.250204	-39.377847	0.000000	
587.950000	32.248698	-39.352899	0.000000	
588.000000	32.247261	-39.327947	0.000000	
588.050000	32.245896	-39.302990	0.000000	
588.100000	32.244583	-39.278031	0.000000	
588.150000	32.243350	-39.253067	0.000000	
588.200000	32.242224	-39.228097	0.000000	
588.250000	32.241180	-39.203123	0.000000	
588.300000	32.240209	-39.178145	0.000000	
588.350000	32.239311	-39.153164	0.000000	
588.400000	32.238480	-39.128180	0.000000	
588.450000	32.237721	-39.103194	0.000000	
588.500000	32.237017	-39.078207	0.000000	
588.550000	32.236358	-39.053220	0.000000	
588.600000	32.235764	-39.028232	0.000000	
588.650000	32.235244	-39.003243	0.000000	
588.700000	32.234790	-38.978254	0.000000	
588.750000	32.234395	-38.953263	0.000000	
588.800000	32.234049	-38.928273	0.000000	
588.850000	32.233786	-38.903282	0.000000	
588.900000	32.233613	-38.878291	0.000000	
588.950000	32.233549	-38.853297	0.000000	
589.000000	32.233580	-38.828304	0.000000	
589.050000	32.233686	-38.803310	0.000000	
589.100000	32.233869	-38.778316	0.000000	
589.150000	32.234130	-38.753322	0.000000	
589.200000	32.234449	-38.728328	0.000000	
589.250000	32.234810	-38.703334	0.000000	
589.300000	32.235228	-38.678341	0.000000	
589.350000	32.235710	-38.653349	0.000000	
589.400000	32.236257	-38.628356	0.000000	
589.450000	32.236862	-38.603365	0.000000	
589.500000	32.237500	-38.578375	0.000000	
589.550000	32.238164	-38.553384	0.000000	
589.600000	32.238860	-38.528395	0.000000	
589.650000	32.239575	-38.503406	0.000000	
589.700000	32.240307	-38.478417	0.000000	
589.750000	32.241070	-38.453429	0.000000	
589.800000	32.241884	-38.428443	0.000000	
589.850000	32.242727	-38.403458	0.000000	
589.900000	32.243581	-38.378473	0.000000	
589.950000	32.244458	-38.353489	0.000000	
590.000000	32.245351	-38.328506	0.000000	
590.050000	32.246272	-38.303524	0.000000	
590.100000	32.247228	-38.278543	0.000000	
590.150000	32.248202	-38.253563	0.000000	
590.200000	32.249190	-38.228584	0.000000	
590.250000	32.250212	-38.203606	0.000000	
590.300000	32.251277	-38.178630	0.000000	
590.350000	32.252368	-38.153655	0.000000	
590.400000	32.253484	-38.128681	0.000000	
590.450000	32.254633	-38.103709	0.000000	
590.500000	32.255802	-38.078738	0.000000	
590.550000	32.257004	-38.053768	0.000000	
590.600000	32.258249	-38.028801	0.000000	
590.650000	32.259522	-38.003834	0.000000	
590.700000	32.260833	-37.978869	0.000000	
590.750000	32.262175	-37.953906	0.000000	
590.800000	32.263554	-37.928945	0.000000	
590.850000	32.264946	-37.903985	0.000000	
590.900000	32.266379	-37.879027	0.000000	
590.950000	32.267875	-37.854073	0.000000	
591.000000	32.269426	-37.829124	0.000000	
591.050000	32.271049	-37.804179	0.000000	
591.100000	32.272730	-37.779240	0.000000	
591.150000	32.274467	-37.754305	0.000000	
591.200000	32.276257	-37.729374	0.000000	
591.250000	32.278113	-37.704447	0.000000	
591.300000	32.280023	-37.679525	0.000000	
591.350000	32.281974	-37.654606	0.000000	
591.400000	32.283977	-37.629690	0.000000	
591.450000	32.286017	-37.604778	0.000000	
591.500000	32.288091	-37.579868	0.000000	
591.550000	32.290206	-37.554961	0.000000	
591.600000	32.292364	-37.530058	0.000000	
591.650000	32.294567	-37.505158	0.000000	
591.700000	32.296834	-37.480263	0.000000	
591.750000	32.299171	-37.455375	0.000000	
591.800000	32.301555	-37.430491	0.000000	
591.850000	32.303986	-37.405611	0.000000	
591.900000	32.306471	-37.380736	0.000000	
591.950000	32.308994	-37.355865	0.000000	
592.000000	32.311543	-37.330996	0.000000	
592.050000	32.314096	-37.306127	0.000000	
592.100000	32.316609	-37.281255	0.000000	
592.150000	32.319071	-37.256379	0.000000	
592.200000	32.321464	-37.231498	0.000000	
592.250000	32.323783	-37.206611	0.000000	
592.300000	32.325989	-37.181720	0.000000	
592.350000	32.328061	-37.156822	0.000000	
592.400000	32.329983	-37.131919	0.000000	
592.450000	32.331730	-37.107012	0.000000	
592.500000	32.333288	-37.082104	0.000000	
592.550000	32.334624	-37.057196	0.000000	
592.600000	32.335690	-37.032294	0.000000	
592.650000	32.336432	-37.007406	0.000000	
592.700000	32.336802	-36.982538	0.000000	
592.750000	32.336755	-36.957697	0.000000	
592.800000	32.336249	-36.932892	0.000000	
592.850000	32.335277	-36.908130	0.000000	
592.900000	32.333788	-36.883422	0.000000	
592.950000	32.331753	-36.858783	0.000000	
593.000000	32.329134	-36.834227	0.000000	
593.050000	32.325889	-36.809769	0.000000	
593.100000	32.322020	-36.785418	0.000000	
593.150000	32.317552	-36.761182	0.000000	
593.200000	32.312480	-36.737067	0.000000	
593.250000	32.306810	-36.713082	0.000000	
593.300000	32.300558	-36.689226	0.000000	
593.350000	32.293744	-36.665510	0.000000	
593.400000	32.286366	-36.641945	0.000000	
593.450000	32.278439	-36.618531	0.000000	
593.500000	32.270003	-36.595261	0.000000	
593.550000	32.261071	-36.572141	0.000000	
593.600000	32.251663	-36.549172	0.000000	
593.650000	32.241830	-36.526345	0.000000	
593.700000	32.231629	-36.503649	0.000000	
593.750000	32.221104	-36.481074	0.000000	
593.800000	32.210276	-36.458621	0.000000	
593.850000	32.199192	-36.436272	0.000000	
593.900000	32.187872	-36.414023	0.000000	
593.950000	32.176344	-36.391866	0.000000	
594.000000	32.164647	-36.369788	0.000000	
594.050000	32.152815	-36.347777	0.000000	
594.100000	32.140883	-36.325816	0.000000	
594.150000	32.128877	-36.303893	0.000000	
594.200000	32.116802	-36.282007	0.000000	
594.250000	32.104681	-36.260144	0.000000	
594.300000	32.092536	-36.238294	0.000000	
594.350000	32.080359	-36.216461	0.000000	
594.400000	32.068162	-36.194639	0.000000	
594.450000	32.055955	-36.172822	0.000000	
594.500000	32.043740	-36.151010	0.000000	
594.550000	32.031499	-36.129213	0.000000	
594.600000	32.019239	-36.107426	0.000000	
594.650000	32.006975	-36.085642	0.000000	
594.700000	31.994705	-36.063861	0.000000	
594.750000	31.982426	-36.042085	0.000000	
594.800000	31.970129	-36.020320	0.000000	
594.850000	31.957841	-35.998549	0.000000	
594.900000	31.945557	-35.976776	0.000000	
594.950000	31.933280	-35.954999	0.000000	
595.000000	31.921028	-35.933209	0.000000	
595.050000	31.908813	-35.911399	0.000000	
595.100000	31.896638	-35.889566	0.000000	
595.150000	31.884502	-35.867713	0.000000	
595.200000	31.872377	-35.845853	0.000000	
595.250000	31.860276	-35.823980	0.000000	
595.300000	31.848199	-35.802094	0.000000	
595.350000	31.836137	-35.780200	0.000000	
595.400000	31.824082	-35.758303	0.000000	
595.450000	31.812046	-35.736395	0.000000	
595.500000	31.800044	-35.714468	0.000000	
595.550000	31.788085	-35.692518	0.000000	
595.600000	31.776170	-35.670544	0.000000	
595.650000	31.764309	-35.648539	0.000000	
595.700000	31.752483	-35.626516	0.000000	
595.750000	31.740690	-35.604474	0.000000	
595.800000	31.728941	-35.582409	0.000000	
595.850000	31.717227	-35.560324	0.000000	
595.900000	31.705540	-35.538225	0.000000	
595.950000	31.693859	-35.516122	0.000000	
596.000000	31.682183	-35.494017	0.000000	
596.050000	31.670500	-35.471915	0.000000	
596.100000	31.658813	-35.449816	0.000000	
596.150000	31.647124	-35.427717	0.000000	
596.200000	31.635442	-35.405615	0.000000	
596.250000	31.623774	-35.383506	0.000000	
596.300000	31.612115	-35.361392	0.000000	
596.350000	31.600437	-35.339287	0.000000	
596.400000	31.588746	-35.317190	0.000000	
596.450000	31.577053	-35.295094	0.000000	
596.500000	31.565359	-35.272998	0.000000	
596.550000	31.553658	-35.250906	0.000000	
596.600000	31.541941	-35.228823	0.000000	
596.650000	31.530222	-35.206740	0.000000	
596.700000	31.518489	-35.184665	0.000000	
596.750000	31.506761	-35.162588	0.000000	
596.800000	31.495029	-35.140512	0.000000	
596.850000	31.483297	-35.118436	0.000000	
596.900000	31.471584	-35.096351	0.000000	
596.950000	31.459889	-35.074256	0.000000	
597.000000	31.448222	-35.052146	0.000000	
597.050000	31.436583	-35.030023	0.000000	
597.100000	31.424975	-35.007882	0.000000	
597.150000	31.413381	-34.985735	0.000000	
597.200000	31.401801	-34.963580	0.000000	
597.250000	31.390242	-34.941415	0.000000	
597.300000	31.378713	-34.919235	0.000000	
597.350000	31.367223	-34.897034	0.000000	
597.400000	31.355775	-34.874812	0.000000	
597.450000	31.344367	-34.852570	0.000000	
597.500000	31.332995	-34.830309	0.000000	
597.550000	31.321656	-34.808031	0.000000	
597.600000	31.310352	-34.785735	0.000000	
597.650000	31.299091	-34.763417	0.000000	
597.700000	31.287862	-34.741082	0.000000	
597.750000	31.276672	-34.718728	0.000000	
597.800000	31.265499	-34.696364	0.000000	
597.850000	31.254345	-34.673991	0.000000	
597.900000	31.243211	-34.651608	0.000000	
597.950000	31.232102	-34.629213	0.000000	
598.000000	31.221006	-34.606811	0.000000	
598.050000	31.209931	-34.584399	0.000000	
598.100000	31.198895	-34.561968	0.000000	
598.150000	31.187908	-34.539514	0.000000	
598.200000	31.176981	-34.517030	0.000000	
598.250000	31.166117	-34.494518	0.000000	
598.300000	31.155309	-34.471980	0.000000	
598.350000	31.144569	-34.449411	0.000000	
598.400000	31.133893	-34.426813	0.000000	
598.450000	31.123281	-34.404187	0.000000	
598.500000	31.112724	-34.381535	0.000000	
598.550000	31.102220	-34.358859	0.000000	
598.600000	31.091765	-34.336159	0.000000	
598.650000	31.081365	-34.313434	0.000000	
598.700000	31.071015	-34.290686	0.000000	
598.750000	31.060715	-34.267915	0.000000	
598.800000	31.050482	-34.245113	0.000000	
598.850000	31.040325	-34.222277	0.000000	
598.900000	31.030258	-34.199399	0.000000	
598.950000	31.020258	-34.176491	0.000000	
599.000000	31.010321	-34.153555	0.000000	
599.050000	31.000471	-34.130581	0.000000	
599.100000	30.990687	-34.107578	0.000000	
599.150000	30.980958	-34.084551	0.000000	
599.200000	30.971257	-34.061511	0.000000	
599.250000	30.961577	-34.038463	0.000000	
599.300000	30.951910	-34.015409	0.000000	
599.350000	30.942262	-33.992347	0.000000	
599.400000	30.932626	-33.969280	0.000000	
599.450000	30.922991	-33.946213	0.000000	
599.500000	30.913376	-33.923138	0.000000	
599.550000	30.903783	-33.900053	0.000000	
599.600000	30.894221	-33.876956	0.000000	
599.650000	30.884701	-33.853840	0.000000	
599.700000	30.875216	-33.830711	0.000000	
599.750000	30.865754	-33.807571	0.000000	
599.800000	30.856325	-33.784418	0.000000	
599.850000	30.846919	-33.761256	0.000000	
599.900000	30.837551	-33.738078	0.000000	
599.950000	30.828223	-33.714886	0.000000	
600.000000	30.818936	-33.691676	0.000000	
600.050000	30.809678	-33.668456	0.000000	
600.100000	30.800440	-33.645227	0.000000	
600.150000	30.791232	-33.621988	0.000000	
600.200000	30.782061	-33.598733	0.000000	
600.250000	30.772927	-33.575464	0.000000	
600.300000	30.763824	-33.552183	0.000000	
600.350000	30.754754	-33.528888	0.000000	
600.400000	30.745690	-33.505591	0.000000	
600.450000	30.736629	-33.482293	0.000000	
600.500000	30.727593	-33.458985	0.000000	
600.550000	30.718559	-33.435676	0.000000	
600.600000	30.709520	-33.412369	0.000000	
600.650000	30.700467	-33.389068	0.000000	
600.700000	30.691403	-33.365771	0.000000	
600.750000	30.682337	-33.342475	0.000000	
600.800000	30.673273	-33.319178	0.000000	
600.850000	30.664202	-33.295884	0.000000	
600.900000	30.655133	-33.272590	0.000000	
600.950000	30.646058	-33.249298	0.000000	
601.000000	30.636964	-33.226012	0.000000	
601.050000	30.627873	-33.202726	0.000000	
601.100000	30.618801	-33.179432	0.000000	
601.150000	30.609736	-33.156136	0.000000	
601.200000	30.600674	-33.132839	0.000000	
601.250000	30.591595	-33.109548	0.000000	
601.300000	30.582528	-33.086253	0.000000	
601.350000	30.573478	-33.062951	0.000000	
601.400000	30.564459	-33.039638	0.000000	
601.450000	30.555495	-33.016305	0.000000	
601.500000	30.546593	-32.992948	0.000000	
601.550000	30.537749	-32.969571	0.000000	
601.600000	30.528993	-32.946163	0.000000	
601.650000	30.520330	-32.922721	0.000000	
601.700000	30.511774	-32.899240	0.000000	
601.750000	30.503298	-32.875730	0.000000	
601.800000	30.494888	-32.852196	0.000000	
601.850000	30.486537	-32.828640	0.000000	
601.900000	30.478263	-32.805056	0.000000	
601.950000	30.470047	-32.781450	0.000000	
602.000000	30.461888	-32.757825	0.000000	
602.050000	30.453764	-32.734187	0.000000	
602.100000	30.445665	-32.710539	0.000000	
602.150000	30.437594	-32.686882	0.000000	
602.200000	30.429552	-32.663215	0.000000	
602.250000	30.421536	-32.639538	0.000000	
602.300000	30.413562	-32.615846	0.000000	
602.350000	30.405605	-32.592148	0.000000	
602.400000	30.397671	-32.568443	0.000000	
602.450000	30.389748	-32.544733	0.000000	
602.500000	30.381842	-32.521017	0.000000	
602.550000	30.373931	-32.497303	0.000000	
602.600000	30.366010	-32.473593	0.000000	
602.650000	30.358054	-32.449893	0.000000	
602.700000	30.350079	-32.426201	0.000000	
602.750000	30.342097	-32.402510	0.000000	
602.800000	30.334136	-32.378812	0.000000	
602.850000	30.326219	-32.355101	0.000000	
602.900000	30.318376	-32.331368	0.000000	
602.950000	30.310581	-32.307619	0.000000	
603.000000	30.302854	-32.283851	0.000000	
603.050000	30.295191	-32.260063	0.000000	
603.100000	30.287620	-32.236248	0.000000	
603.150000	30.280135	-32.212406	0.000000	
603.200000	30.272717	-32.188544	0.000000	
603.250000	30.265384	-32.164657	0.000000	
603.300000	30.258167	-32.140736	0.000000	
603.350000	30.251040	-32.116789	0.000000	
603.400000	30.244028	-32.092807	0.000000	
603.450000	30.237116	-32.068796	0.000000	
603.500000	30.230317	-32.044753	0.000000	
603.550000	30.223610	-32.020683	0.000000	
603.600000	30.217013	-31.996582	0.000000	
603.650000	30.210526	-31.972449	0.000000	
603.700000	30.204146	-31.948286	0.000000	
603.750000	30.197852	-31.924097	0.000000	
603.800000	30.191645	-31.899884	0.000000	
603.850000	30.185500	-31.875653	0.000000	
603.900000	30.179403	-31.851410	0.000000	
603.950000	30.173322	-31.827163	0.000000	
604.000000	30.167263	-31.802910	0.000000	
604.050000	30.161220	-31.778653	0.000000	
604.100000	30.155181	-31.754395	0.000000	
604.150000	30.149117	-31.730143	0.000000	
604.200000	30.143026	-31.705899	0.000000	
604.250000	30.136876	-31.681672	0.000000	
604.300000	30.130616	-31.657479	0.000000	
604.350000	30.124188	-31.633340	0.000000	
604.400000	30.117563	-31.609269	0.000000	
604.450000	30.110710	-31.585278	0.000000	
604.500000	30.103615	-31.561377	0.000000	
604.550000	30.096206	-31.537597	0.000000	
604.600000	30.088449	-31.513965	0.000000	
604.650000	30.080302	-31.490502	0.000000	
604.700000	30.071722	-31.467237	0.000000	
604.750000	30.062677	-31.444199	0.000000	
604.800000	30.053154	-31.421409	0.000000	
604.850000	30.043111	-31.398892	0.000000	
604.900000	30.032523	-31.376677	0.000000	
604.950000	30.021369	-31.354782	0.000000	
605.000000	30.009634	-31.333236	0.000000	
605.050000	29.997294	-31.312068	0.000000	
605.100000	29.984330	-31.291291	0.000000	
605.150000	29.970754	-31.270907	0.000000	
605.200000	29.956580	-31.250914	0.000000	
605.250000	29.941802	-31.231330	0.000000	
605.300000	29.926450	-31.212148	0.000000	
605.350000	29.910563	-31.193356	0.000000	
605.400000	29.894173	-31.174945	0.000000	
605.450000	29.877311	-31.156916	0.000000	
605.500000	29.859994	-31.139262	0.000000	
605.550000	29.842252	-31.121967	0.000000	
605.600000	29.824129	-31.105011	0.000000	
605.650000	29.805677	-31.088359	0.000000	
605.700000	29.786921	-31.072003	0.000000	
605.750000	29.767899	-31.055913	0.000000	
605.800000	29.748648	-31.040066	0.000000	
605.850000	29.729186	-31.024454	0.000000	
605.900000	29.709546	-31.009044	0.000000	
605.950000	29.689754	-30.993813	0.000000	
606.000000	29.669831	-30.978740	0.000000	
606.050000	29.649801	-30.963803	0.000000	
606.100000	29.629687	-30.948976	0.000000	
606.150000	29.609503	-30.934241	0.000000	
606.200000	29.589248	-30.919602	0.000000	
606.250000	29.568925	-30.905055	0.000000	
606.300000	29.548540	-30.890593	0.000000	
606.350000	29.528095	-30.876219	0.000000	
606.400000	29.507586	-30.861933	0.000000	
606.450000	29.487015	-30.847737	0.000000	
606.500000	29.466390	-30.833621	0.000000	
606.550000	29.445721	-30.819571	0.000000	
606.600000	29.424999	-30.805597	0.000000	
606.650000	29.404235	-30.791687	0.000000	
606.700000	29.383431	-30.777834	0.000000	
606.750000	29.362594	-30.764030	0.000000	
606.800000	29.341722	-30.750276	0.000000	
606.850000	29.320827	-30.736556	0.000000	
606.900000	29.299912	-30.722867	0.000000	
606.950000	29.278965	-30.709226	0.000000	
607.000000	29.257988	-30.695632	0.000000	
607.050000	29.236974	-30.682093	0.000000	
607.100000	29.215923	-30.668613	0.000000	
607.150000	29.194830	-30.655200	0.000000	
607.200000	29.173695	-30.641852	0.000000	
607.250000	29.152523	-30.628564	0.000000	
607.300000	29.131309	-30.615343	0.000000	
607.350000	29.110068	-30.602166	0.000000	
607.400000	29.088803	-30.589029	0.000000	
607.450000	29.067504	-30.575947	0.000000	
607.500000	29.046182	-30.562904	0.000000	
607.550000	29.024840	-30.549895	0.000000	
607.600000	29.003470	-30.536931	0.000000	
607.650000	28.982072	-30.524015	0.000000	
607.700000	28.960642	-30.511153	0.000000	
607.750000	28.939181	-30.498342	0.000000	
607.800000	28.917683	-30.485592	0.000000	
607.850000	28.896143	-30.472912	0.000000	
607.900000	28.874564	-30.460297	0.000000	
607.950000	28.852958	-30.447724	0.000000	
608.000000	28.831337	-30.435176	0.000000	
608.050000	28.809709	-30.422641	0.000000	
608.100000	28.788080	-30.410108	0.000000	
608.150000	28.766453	-30.397570	0.000000	
608.200000	28.744841	-30.385007	0.000000	
608.250000	28.723251	-30.372409	0.000000	
608.300000	28.701676	-30.359786	0.000000	
608.350000	28.680129	-30.347116	0.000000	
608.400000	28.658596	-30.334423	0.000000	
608.450000	28.637076	-30.321710	0.000000	
608.500000	28.615572	-30.308967	0.000000	
608.550000	28.594087	-30.296195	0.000000	
608.600000	28.572631	-30.283373	0.000000	
608.650000	28.551201	-30.270507	0.000000	
608.700000	28.529796	-30.257601	0.000000	
608.750000	28.508418	-30.244647	0.000000	
608.800000	28.487055	-30.231669	0.000000	
608.850000	28.465720	-30.218644	0.000000	
608.900000	28.444425	-30.205551	0.000000	
608.950000	28.423173	-30.192389	0.000000	
609.000000	28.401964	-30.179157	0.000000	
609.050000	28.380799	-30.165859	0.000000	
609.100000	28.359672	-30.152500	0.000000	
609.150000	28.338578	-30.139091	0.000000	
609.200000	28.317522	-30.125622	0.000000	
609.250000	28.296499	-30.112104	0.000000	
609.300000	28.275504	-30.098543	0.000000	
609.350000	28.254541	-30.084932	0.000000	
609.400000	28.233600	-30.071289	0.000000	
609.450000	28.212679	-30.057615	0.000000	
609.500000	28.191775	-30.043915	0.000000	
609.550000	28.170887	-30.030188	0.000000	
609.600000	28.150015	-30.016436	0.000000	
609.650000	28.129154	-30.002667	0.000000	
609.700000	28.108317	-29.988862	0.000000	
609.750000	28.087500	-29.975025	0.000000	
609.800000	28.066699	-29.961162	0.000000	
609.850000	28.045921	-29.947265	0.000000	
609.900000	28.025153	-29.933350	0.000000	
609.950000	28.004382	-29.919442	0.000000	
610.000000	27.983595	-29.905557	0.000000	
610.050000	27.962790	-29.891701	0.000000	
610.100000	27.941962	-29.877878	0.000000	
610.150000	27.921121	-29.864074	0.000000	
610.200000	27.900263	-29.850297	0.000000	
610.250000	27.879394	-29.836535	0.000000	
610.300000	27.858524	-29.822776	0.000000	
610.350000	27.837638	-29.809039	0.000000	
610.400000	27.816734	-29.795331	0.000000	
610.450000	27.795807	-29.781656	0.000000	
610.500000	27.774863	-29.768007	0.000000	
610.550000	27.753913	-29.754368	0.000000	
610.600000	27.732957	-29.740738	0.000000	
610.650000	27.711984	-29.727135	0.000000	
610.700000	27.690983	-29.713577	0.000000	
610.750000	27.669943	-29.700080	0.000000	
610.800000	27.648871	-29.686634	0.000000	
610.850000	27.627763	-29.673247	0.000000	
610.900000	27.606615	-29.659924	0.000000	
610.950000	27.585438	-29.646649	0.000000	
611.000000	27.564234	-29.633417	0.000000	
611.050000	27.543014	-29.620214	0.000000	
611.100000	27.521778	-29.607034	0.000000	
611.150000	27.500517	-29.593896	0.000000	
611.200000	27.479218	-29.580820	0.000000	
611.250000	27.457895	-29.567783	0.000000	
611.300000	27.436540	-29.554795	0.000000	
611.350000	27.415150	-29.541864	0.000000	
611.400000	27.393735	-29.528970	0.000000	
611.450000	27.372297	-29.516115	0.000000	
611.500000	27.350847	-29.503278	0.000000	
611.550000	27.329380	-29.490468	0.000000	
611.600000	27.307900	-29.477681	0.000000	
611.650000	27.286403	-29.464919	0.000000	
611.700000	27.264906	-29.452160	0.000000	
611.750000	27.243414	-29.439391	0.000000	
611.800000	27.221923	-29.426620	0.000000	
611.850000	27.200429	-29.413855	0.000000	
611.900000	27.178932	-29.401096	0.000000	
611.950000	27.157435	-29.388336	0.000000	
612.000000	27.135934	-29.375583	0.000000	
612.050000	27.114440	-29.362817	0.000000	
612.100000	27.092953	-29.350041	0.000000	
612.150000	27.071465	-29.337266	0.000000	
612.200000	27.049988	-29.324472	0.000000	
612.250000	27.028522	-29.311660	0.000000	
612.300000	27.007066	-29.298830	0.000000	
612.350000	26.985618	-29.285989	0.000000	
612.400000	26.964178	-29.273133	0.000000	
612.450000	26.942745	-29.260268	0.000000	
612.500000	26.921320	-29.247387	0.000000	
612.550000	26.899906	-29.234490	0.000000	
612.600000	26.878520	-29.221548	0.000000	
612.650000	26.857164	-29.208559	0.000000	
612.700000	26.835849	-29.195506	0.000000	
612.750000	26.814570	-29.182397	0.000000	
612.800000	26.793318	-29.169245	0.000000	
612.850000	26.772105	-29.156033	0.000000	
612.900000	26.750931	-29.142759	0.000000	
612.950000	26.729804	-29.129409	0.000000	
613.000000	26.708725	-29.115981	0.000000	
613.050000	26.687700	-29.102470	0.000000	
613.100000	26.666731	-29.088870	0.000000	
613.150000	26.645816	-29.075191	0.000000	
613.200000	26.624962	-29.061420	0.000000	
613.250000	26.604155	-29.047577	0.000000	
613.300000	26.583392	-29.033667	0.000000	
613.350000	26.562661	-29.019708	0.000000	
613.400000	26.541966	-29.005692	0.000000	
613.450000	26.521299	-28.991635	0.000000	
613.500000	26.500649	-28.977550	0.000000	
613.550000	26.480028	-28.963422	0.000000	
613.600000	26.459432	-28.949255	0.000000	
613.650000	26.438860	-28.935052	0.000000	
613.700000	26.418299	-28.920835	0.000000	
613.750000	26.397730	-28.906629	0.000000	
613.800000	26.377161	-28.892422	0.000000	
613.850000	26.356589	-28.878221	0.000000	
613.900000	26.336015	-28.864021	0.000000	
613.950000	26.315452	-28.849806	0.000000	
614.000000	26.294907	-28.835565	0.000000	
614.050000	26.274368	-28.821315	0.000000	
614.100000	26.253829	-28.807066	0.000000	
614.150000	26.233272	-28.792841	0.000000	
614.200000	26.212687	-28.778658	0.000000	
614.250000	26.192074	-28.764514	0.000000	
614.300000	26.171450	-28.750387	0.000000	
614.350000	26.150829	-28.736255	0.000000	
614.400000	26.130220	-28.722105	0.000000	
614.450000	26.109611	-28.707955	0.000000	
614.500000	26.089001	-28.693807	0.000000	
614.550000	26.068394	-28.679655	0.000000	
614.600000	26.047775	-28.665521	0.000000	
614.650000	26.027131	-28.651423	0.000000	
614.700000	26.006459	-28.637368	0.000000	
614.750000	25.985759	-28.623354	0.000000	
614.800000	25.965034	-28.609381	0.000000	
614.850000	25.944274	-28.595459	0.000000	
614.900000	25.923492	-28.581573	0.000000	
614.950000	25.902684	-28.567727	0.000000	
615.000000	25.881838	-28.553940	0.000000	
615.050000	25.860944	-28.540225	0.000000	
615.100000	25.840019	-28.526558	0.000000	
615.150000	25.819055	-28.512950	0.000000	
615.200000	25.798066	-28.499382	0.000000	
615.250000	25.777056	-28.485845	0.000000	
615.300000	25.756026	-28.472340	0.000000	
615.350000	25.734972	-28.458871	0.000000	
615.400000	25.713896	-28.445433	0.000000	
615.450000	25.692796	-28.432032	0.000000	
615.500000	25.671670	-28.418669	0.000000	
615.550000	25.650522	-28.405340	0.000000	
615.600000	25.629363	-28.392027	0.000000	
615.650000	25.608194	-28.378731	0.000000	
615.700000	25.587022	-28.365439	0.000000	
615.750000	25.565850	-28.352148	0.000000	
615.800000	25.544691	-28.338835	0.000000	
615.850000	25.523554	-28.325489	0.000000	
615.900000	25.502430	-28.312121	0.000000	
615.950000	25.481318	-28.298734	0.000000	
616.000000	25.460215	-28.285334	0.000000	
616.050000	25.439131	-28.271903	0.000000	
616.100000	25.418064	-28.258445	0.000000	
616.150000	25.397007	-28.244971	0.000000	
616.200000	25.375960	-28.231481	0.000000	
616.250000	25.354922	-28.217977	0.000000	
616.300000	25.333905	-28.204440	0.000000	
616.350000	25.312910	-28.190870	0.000000	
616.400000	25.291937	-28.177265	0.000000	
616.450000	25.270973	-28.163648	0.000000	
616.500000	25.250024	-28.150007	0.000000	
616.550000	25.229091	-28.136344	0.000000	
616.600000	25.208173	-28.122656	0.000000	
616.650000	25.187255	-28.108968	0.000000	
616.700000	25.166345	-28.095269	0.000000	
616.750000	25.145438	-28.081563	0.000000	
616.800000	25.124524	-28.067871	0.000000	
616.850000	25.103601	-28.054190	0.000000	
616.900000	25.082663	-28.040534	0.000000	
616.950000	25.061718	-28.026888	0.000000	
617.000000	25.040760	-28.013262	0.000000	
617.050000	25.019795	-27.999649	0.000000	
617.100000	24.998809	-27.986068	0.000000	
617.150000	24.977805	-27.972517	0.000000	
617.200000	24.956782	-27.958997	0.000000	
617.250000	24.935738	-27.945509	0.000000	
617.300000	24.914671	-27.932060	0.000000	
617.350000	24.893563	-27.918678	0.000000	
617.400000	24.872404	-27.905377	0.000000	
617.450000	24.851186	-27.892172	0.000000	
617.500000	24.829915	-27.879054	0.000000	
617.550000	24.808591	-27.866019	0.000000	
617.600000	24.787221	-27.853059	0.000000	
617.650000	24.765816	-27.840154	0.000000	
617.700000	24.744380	-27.827299	0.000000	
617.750000	24.722916	-27.814491	0.000000	
617.800000	24.701418	-27.801740	0.000000	
617.850000	24.679897	-27.789026	0.000000	
617.900000	24.658347	-27.776360	0.000000	
617.950000	24.636769	-27.763741	0.000000	
618.000000	24.615165	-27.751165	0.000000	
618.050000	24.593537	-27.738629	0.000000	
618.100000	24.571881	-27.726142	0.000000	
618.150000	24.550201	-27.713696	0.000000	
618.200000	24.528502	-27.701282	0.000000	
618.250000	24.506779	-27.688910	0.000000	
618.300000	24.485031	-27.676583	0.000000	
618.350000	24.463255	-27.664306	0.000000	
618.400000	24.441458	-27.652069	0.000000	
618.450000	24.419644	-27.639862	0.000000	
618.500000	24.397816	-27.627679	0.000000	
618.550000	24.375981	-27.615511	0.000000	
618.600000	24.354141	-27.603351	0.000000	
618.650000	24.332304	-27.591187	0.000000	
618.700000	24.310458	-27.579037	0.000000	
618.750000	24.288610	-27.566890	0.000000	
618.800000	24.266768	-27.554735	0.000000	
618.850000	24.244933	-27.542566	0.000000	
618.900000	24.223108	-27.530380	0.000000	
618.950000	24.201297	-27.518171	0.000000	
619.000000	24.179509	-27.505922	0.000000	
619.050000	24.157744	-27.493636	0.000000	
619.100000	24.136001	-27.481312	0.000000	
619.150000	24.114274	-27.468960	0.000000	
619.200000	24.092556	-27.456592	0.000000	
619.250000	24.070845	-27.444212	0.000000	
619.300000	24.049144	-27.431814	0.000000	
619.350000	24.027471	-27.419367	0.000000	
619.400000	24.005827	-27.406866	0.000000	
619.450000	23.984209	-27.394320	0.000000	
619.500000	23.962619	-27.381722	0.000000	
619.550000	23.941054	-27.369080	0.000000	
619.600000	23.919510	-27.356400	0.000000	
619.650000	23.897982	-27.343694	0.000000	
619.700000	23.876461	-27.330974	0.000000	
619.750000	23.854956	-27.318228	0.000000	
619.800000	23.833464	-27.305461	0.000000	
619.850000	23.811974	-27.292687	0.000000	
619.900000	23.790491	-27.279905	0.000000	
619.950000	23.768999	-27.267137	0.000000	
620.000000	23.747494	-27.254390	0.000000	
620.050000	23.725979	-27.241660	0.000000	
620.100000	23.704442	-27.228967	0.000000	
620.150000	23.682886	-27.216307	0.000000	
620.200000	23.661319	-27.203665	0.000000	
620.250000	23.639751	-27.191024	0.000000	
620.300000	23.618188	-27.178375	0.000000	
620.350000	23.596621	-27.165733	0.000000	
620.400000	23.575037	-27.153121	0.000000	
620.450000	23.553431	-27.140548	0.000000	
620.500000	23.531815	-27.127990	0.000000	
620.550000	23.510177	-27.115473	0.000000	
620.600000	23.488528	-27.102976	0.000000	
620.650000	23.466865	-27.090503	0.000000	
620.700000	23.445188	-27.078053	0.000000	
620.750000	23.423503	-27.065617	0.000000	
620.800000	23.401799	-27.053215	0.000000	
620.850000	23.380072	-27.040852	0.000000	
620.900000	23.358332	-27.028509	0.000000	
620.950000	23.336576	-27.016198	0.000000	
621.000000	23.314808	-27.003905	0.000000	
621.050000	23.293021	-26.991647	0.000000	
621.100000	23.271211	-26.979428	0.000000	
621.150000	23.249389	-26.967233	0.000000	
621.200000	23.227561	-26.955047	0.000000	
621.250000	23.205719	-26.942887	0.000000	
621.300000	23.183859	-26.930758	0.000000	
621.350000	23.161977	-26.918671	0.000000	
621.400000	23.140084	-26.906603	0.000000	
621.450000	23.118184	-26.894546	0.000000	
621.500000	23.096283	-26.882493	0.000000	
621.550000	23.074369	-26.870463	0.000000	
621.600000	23.052449	-26.858444	0.000000	
621.650000	23.030516	-26.846450	0.000000	
621.700000	23.008565	-26.834489	0.000000	
621.750000	22.986589	-26.822574	0.000000	
621.800000	22.964590	-26.810702	0.000000	
621.850000	22.942573	-26.798863	0.000000	
621.900000	22.920536	-26.787061	0.000000	
621.950000	22.898466	-26.775321	0.000000	
622.000000	22.876374	-26.763622	0.000000	
622.050000	22.854267	-26.751953	0.000000	
622.100000	22.832155	-26.740292	0.000000	
622.150000	22.810029	-26.728658	0.000000	
622.200000	22.787894	-26.717039	0.000000	
622.250000	22.765751	-26.705438	0.000000	
622.300000	22.743601	-26.693847	0.000000	
622.350000	22.721441	-26.682277	0.000000	
622.400000	22.699274	-26.670720	0.000000	
622.450000	22.677091	-26.659192	0.000000	
622.500000	22.654890	-26.647699	0.000000	
622.550000	22.632677	-26.636232	0.000000	
622.600000	22.610451	-26.624787	0.000000	
622.650000	22.588212	-26.613369	0.000000	
622.700000	22.565958	-26.601979	0.000000	
622.750000	22.543686	-26.590626	0.000000	
622.800000	22.521405	-26.579291	0.000000	
622.850000	22.499113	-26.567979	0.000000	
622.900000	22.476800	-26.556709	0.000000	
622.950000	22.454464	-26.545485	0.000000	
623.000000	22.432116	-26.534288	0.000000	
623.050000	22.409745	-26.523137	0.000000	
623.100000	22.387346	-26.512044	0.000000	
623.150000	22.364922	-26.501003	0.000000	
623.200000	22.342476	-26.490007	0.000000	
623.250000	22.320005	-26.479060	0.000000	
623.300000	22.297511	-26.468159	0.000000	
623.350000	22.274997	-26.457298	0.000000	
623.400000	22.252471	-26.446459	0.000000	
623.450000	22.229926	-26.435661	0.000000	
623.500000	22.207361	-26.424906	0.000000	
623.550000	22.184776	-26.414190	0.000000	
623.600000	22.162171	-26.403516	0.000000	
623.650000	22.139554	-26.392868	0.000000	
623.700000	22.116926	-26.382243	0.000000	
623.750000	22.094293	-26.371626	0.000000	
623.800000	22.071661	-26.361009	0.000000	
623.850000	22.049023	-26.350403	0.000000	
623.900000	22.026377	-26.339814	0.000000	
623.950000	22.003735	-26.329218	0.000000	
624.000000	21.981107	-26.318592	0.000000	
624.050000	21.958491	-26.307940	0.000000	
624.100000	21.935896	-26.297244	0.000000	
624.150000	21.913315	-26.286517	0.000000	
624.200000	21.890742	-26.275777	0.000000	
624.250000	21.868175	-26.265020	0.000000	
624.300000	21.845617	-26.254247	0.000000	
624.350000	21.823067	-26.243457	0.000000	
624.400000	21.800518	-26.232665	0.000000	
624.450000	21.777975	-26.221860	0.000000	
624.500000	21.755437	-26.211044	0.000000	
624.550000	21.732912	-26.200203	0.000000	
624.600000	21.710391	-26.189350	0.000000	
624.650000	21.687871	-26.178498	0.000000	
624.700000	21.665348	-26.167650	0.000000	
624.750000	21.642826	-26.156800	0.000000	
624.800000	21.620303	-26.145955	0.000000	
624.850000	21.597771	-26.135125	0.000000	
624.900000	21.575239	-26.124298	0.000000	
624.950000	21.552703	-26.113478	0.000000	
625.000000	21.530154	-26.102686	0.000000	
625.050000	21.507594	-26.091918	0.000000	
625.100000	21.485015	-26.081189	0.000000	
625.150000	21.462418	-26.070500	0.000000	
625.200000	21.439810	-26.059832	0.000000	
625.250000	21.417200	-26.049168	0.000000	
625.300000	21.394592	-26.038501	0.000000	
625.350000	21.371981	-26.027838	0.000000	
625.400000	21.349357	-26.017204	0.000000	
625.450000	21.326725	-26.006586	0.000000	
625.500000	21.304079	-25.996000	0.000000	
625.550000	21.281422	-25.985434	0.000000	
625.600000	21.258758	-25.974883	0.000000	
625.650000	21.236088	-25.964345	0.000000	
625.700000	21.213416	-25.953814	0.000000	
625.750000	21.190730	-25.943312	0.000000	
625.800000	21.168027	-25.932848	0.000000	
625.850000	21.145304	-25.922427	0.000000	
625.900000	21.122573	-25.912026	0.000000	
625.950000	21.099832	-25.901646	0.000000	
626.000000	21.077094	-25.891259	0.000000	
626.050000	21.054359	-25.880866	0.000000	
626.100000	21.031614	-25.870494	0.000000	
626.150000	21.008860	-25.860143	0.000000	
626.200000	20.986092	-25.849824	0.000000	
626.250000	20.963304	-25.839549	0.000000	
626.300000	20.940498	-25.829317	0.000000	
626.350000	20.917676	-25.819117	0.000000	
626.400000	20.894836	-25.808957	0.000000	
626.450000	20.871989	-25.798812	0.000000	
626.500000	20.849131	-25.788693	0.000000	
626.550000	20.826263	-25.778594	0.000000	
626.600000	20.803389	-25.768509	0.000000	
626.650000	20.780505	-25.758446	0.000000	
626.700000	20.757622	-25.748381	0.000000	
626.750000	20.734739	-25.738316	0.000000	
626.800000	20.711855	-25.728255	0.000000	
626.850000	20.688970	-25.718194	0.000000	
626.900000	20.666081	-25.708144	0.000000	
626.950000	20.643179	-25.698124	0.000000	
627.000000	20.620253	-25.688159	0.000000	
627.050000	20.597293	-25.678278	0.000000	
627.100000	20.574306	-25.668460	0.000000	
627.150000	20.551297	-25.658695	0.000000	
627.200000	20.528270	-25.648973	0.000000	
627.250000	20.505232	-25.639282	0.000000	
627.300000	20.482180	-25.629622	0.000000	
627.350000	20.459104	-25.620025	0.000000	
627.400000	20.435994	-25.610511	0.000000	
627.450000	20.412849	-25.601088	0.000000	
627.500000	20.389667	-25.591757	0.000000	
627.550000	20.366458	-25.582495	0.000000	
627.600000	20.343222	-25.573300	0.000000	
627.650000	20.319953	-25.564187	0.000000	
627.700000	20.296651	-25.555155	0.000000	
627.750000	20.273313	-25.546213	0.000000	
627.800000	20.249941	-25.537353	0.000000	
627.850000	20.226544	-25.528559	0.000000	
627.900000	20.203126	-25.519814	0.000000	
627.950000	20.179695	-25.511104	0.000000	
628.000000	20.156252	-25.502426	0.000000	
628.050000	20.132800	-25.493769	0.000000	
628.100000	20.109342	-25.485129	0.000000	
628.150000	20.085878	-25.476505	0.000000	
628.200000	20.062407	-25.467899	0.000000	
628.250000	20.038932	-25.459303	0.000000	
628.300000	20.015457	-25.450708	0.000000	
628.350000	19.991991	-25.442092	0.000000	
628.400000	19.968533	-25.433451	0.000000	
628.450000	19.945084	-25.424789	0.000000	
628.500000	19.921651	-25.416080	0.000000	
628.550000	19.898239	-25.407317	0.000000	
628.600000	19.874839	-25.398524	0.000000	
628.650000	19.851445	-25.389714	0.000000	
628.700000	19.828064	-25.380868	0.000000	
628.750000	19.804697	-25.371987	0.000000	
628.800000	19.781341	-25.363076	0.000000	
628.850000	19.757993	-25.354144	0.000000	
628.900000	19.734647	-25.345206	0.000000	
628.950000	19.711299	-25.336271	0.000000	
629.000000	19.687944	-25.327357	0.000000	
629.050000	19.664579	-25.318473	0.000000	
629.100000	19.641202	-25.309621	0.000000	
629.150000	19.617814	-25.300802	0.000000	
629.200000	19.594404	-25.292047	0.000000	
629.250000	19.570970	-25.283364	0.000000	
629.300000	19.547499	-25.274797	0.000000	
629.350000	19.523984	-25.266369	0.000000	
629.400000	19.500414	-25.258116	0.000000	
629.450000	19.476790	-25.250040	0.000000	
629.500000	19.453114	-25.242144	0.000000	
629.550000	19.429376	-25.234461	0.000000	
629.600000	19.405568	-25.227029	0.000000	
629.650000	19.381685	-25.219885	0.000000	
629.700000	19.357728	-25.213064	0.000000	
629.750000	19.333690	-25.206600	0.000000	
629.800000	19.309571	-25.200523	0.000000	
629.850000	19.285370	-25.194849	0.000000	
629.900000	19.261090	-25.189591	0.000000	
629.950000	19.236737	-25.184783	0.000000	
630.000000	19.212311	-25.180470	0.000000	
630.050000	19.187819	-25.176664	0.000000	
630.100000	19.163271	-25.173371	0.000000	
630.150000	19.138668	-25.170590	0.000000	
630.200000	19.114013	-25.168320	0.000000	
630.250000	19.089314	-25.166537	0.000000	
630.300000	19.064576	-25.165240	0.000000	
630.350000	19.039809	-25.164400	0.000000	
630.400000	19.015016	-25.164015	0.000000	
630.450000	18.990205	-25.164065	0.000000	
630.500000	18.965379	-25.164551	0.000000	
630.550000	18.940542	-25.165456	0.000000	
630.600000	18.915700	-25.166775	0.000000	
630.650000	18.890857	-25.168484	0.000000	
630.700000	18.866022	-25.170546	0.000000	
630.750000	18.841197	-25.172901	0.000000	
630.800000	18.816387	-25.175533	0.000000	
630.850000	18.791593	-25.178418	0.000000	
630.900000	18.766818	-25.181548	0.000000	
630.950000	18.742062	-25.184903	0.000000	
631.000000	18.717329	-25.188452	0.000000	
631.050000	18.692614	-25.192146	0.000000	
631.100000	18.667915	-25.195957	0.000000	
631.150000	18.643228	-25.199850	0.000000	
631.200000	18.618550	-25.203807	0.000000	
631.250000	18.593879	-25.207812	0.000000	
631.300000	18.569215	-25.211872	0.000000	
631.350000	18.544559	-25.215985	0.000000	
631.400000	18.519912	-25.220157	0.000000	
631.450000	18.495275	-25.224384	0.000000	
631.500000	18.470648	-25.228677	0.000000	
631.550000	18.446029	-25.233012	0.000000	
631.600000	18.421419	-25.237400	0.000000	
631.650000	18.396819	-25.241841	0.000000	
631.700000	18.372230	-25.246339	0.000000	
631.750000	18.347649	-25.250884	0.000000	
631.800000	18.323078	-25.255480	0.000000	
631.850000	18.298512	-25.260100	0.000000	
631.900000	18.273948	-25.264736	0.000000	
631.950000	18.249385	-25.269374	0.000000	
632.000000	18.224824	-25.274023	0.000000	
632.050000	18.200262	-25.278670	0.000000	
632.100000	18.175702	-25.283323	0.000000	
632.150000	18.151144	-25.287989	0.000000	
632.200000	18.126591	-25.292684	0.000000	
632.250000	18.102049	-25.297434	0.000000	
632.300000	18.077521	-25.302256	0.000000	
632.350000	18.053009	-25.307156	0.000000	
632.400000	18.028508	-25.312116	0.000000	
632.450000	18.004014	-25.317111	0.000000	
632.500000	17.979526	-25.322132	0.000000	
632.550000	17.955039	-25.327162	0.000000	
632.600000	17.930558	-25.332218	0.000000	
632.650000	17.906076	-25.337273	0.000000	
632.700000	17.881590	-25.342308	0.000000	
632.750000	17.857102	-25.347331	0.000000	
632.800000	17.832613	-25.352352	0.000000	
632.850000	17.808128	-25.357389	0.000000	
632.900000	17.783650	-25.362464	0.000000	
632.950000	17.759182	-25.367583	0.000000	
633.000000	17.734722	-25.372742	0.000000	
633.050000	17.710266	-25.377923	0.000000	
633.100000	17.685815	-25.383128	0.000000	
633.150000	17.661371	-25.388365	0.000000	
633.200000	17.636929	-25.393614	0.000000	
633.250000	17.612492	-25.398884	0.000000	
633.300000	17.588054	-25.404147	0.000000	
633.350000	17.563611	-25.409391	0.000000	
633.400000	17.539161	-25.414604	0.000000	
633.450000	17.514706	-25.419790	0.000000	
633.500000	17.490251	-25.424976	0.000000	
633.550000	17.465799	-25.430177	0.000000	
633.600000	17.441353	-25.435404	0.000000	
633.650000	17.416909	-25.440643	0.000000	
633.700000	17.392469	-25.445901	0.000000	
633.750000	17.368036	-25.451193	0.000000	
633.800000	17.343608	-25.456507	0.000000	
633.850000	17.319181	-25.461823	0.000000	
633.900000	17.294755	-25.467145	0.000000	
633.950000	17.270329	-25.472471	0.000000	
634.000000	17.245907	-25.477812	0.000000	
634.050000	17.221494	-25.483188	0.000000	
634.100000	17.197086	-25.488589	0.000000	
634.150000	17.172685	-25.494022	0.000000	
634.200000	17.148289	-25.499473	0.000000	
634.250000	17.123896	-25.504941	0.000000	
634.300000	17.099503	-25.510407	0.000000	
634.350000	17.075111	-25.515877	0.000000	
634.400000	17.050717	-25.521343	0.000000	
634.450000	17.026323	-25.526802	0.000000	
634.500000	17.001931	-25.532275	0.000000	
634.550000	16.977543	-25.537761	0.000000	
634.600000	16.953158	-25.543265	0.000000	
634.650000	16.928778	-25.548787	0.000000	
634.700000	16.904404	-25.554336	0.000000	
634.750000	16.880039	-25.559926	0.000000	
634.800000	16.855682	-25.565547	0.000000	
634.850000	16.831329	-25.571183	0.000000	
634.900000	16.806984	-25.576857	0.000000	
634.950000	16.782645	-25.582554	0.000000	
635.000000	16.758309	-25.588267	0.000000	
635.050000	16.733972	-25.593971	0.000000	
635.100000	16.709626	-25.599639	0.000000	
635.150000	16.685275	-25.605288	0.000000	
635.200000	16.660922	-25.610924	0.000000	
635.250000	16.636568	-25.616558	0.000000	
635.300000	16.612214	-25.622192	0.000000	
635.350000	16.587864	-25.627845	0.000000	
635.400000	16.563521	-25.633529	0.000000	
635.450000	16.539189	-25.639260	0.000000	
635.500000	16.514871	-25.645055	0.000000	
635.550000	16.490567	-25.650903	0.000000	
635.600000	16.466269	-25.656782	0.000000	
635.650000	16.441973	-25.662667	0.000000	
635.700000	16.417677	-25.668554	0.000000	
635.750000	16.393381	-25.674435	0.000000	
635.800000	16.369078	-25.680292	0.000000	
635.850000	16.344768	-25.686120	0.000000	
635.900000	16.320452	-25.691920	0.000000	
635.950000	16.296126	-25.697675	0.000000	
636.000000	16.271793	-25.703403	0.000000	
636.050000	16.247458	-25.709120	0.000000	
636.100000	16.223124	-25.714843	0.000000	
636.150000	16.198795	-25.720589	0.000000	
636.200000	16.174474	-25.726366	0.000000	
636.250000	16.150157	-25.732159	0.000000	
636.300000	16.125841	-25.737962	0.000000	
636.350000	16.101527	-25.743769	0.000000	
636.400000	16.077216	-25.749586	0.000000	
636.450000	16.052909	-25.755425	0.000000	
636.500000	16.028610	-25.761292	0.000000	
636.550000	16.004316	-25.767176	0.000000	
636.600000	15.980028	-25.773085	0.000000	
636.650000	15.955748	-25.779020	0.000000	
636.700000	15.931475	-25.784985	0.000000	
636.750000	15.907206	-25.790964	0.000000	
636.800000	15.882941	-25.796961	0.000000	
636.850000	15.858679	-25.802969	0.000000	
636.900000	15.834422	-25.808999	0.000000	
636.950000	15.810172	-25.815062	0.000000	
637.000000	15.785929	-25.821154	0.000000	
637.050000	15.761691	-25.827268	0.000000	
637.100000	15.737458	-25.833404	0.000000	
637.150000	15.713232	-25.839565	0.000000	
637.200000	15.689014	-25.845760	0.000000	
637.250000	15.664807	-25.851996	0.000000	
637.300000	15.640613	-25.858281	0.000000	
637.350000	15.616438	-25.864633	0.000000	
637.400000	15.592291	-25.871082	0.000000	
637.450000	15.568167	-25.877617	0.000000	
637.500000	15.544059	-25.884205	0.000000	
637.550000	15.519967	-25.890848	0.000000	
637.600000	15.495888	-25.897534	0.000000	
637.650000	15.471819	-25.904253	0.000000	
637.700000	15.447765	-25.911021	0.000000	
637.750000	15.423723	-25.917831	0.000000	
637.800000	15.399695	-25.924691	0.000000	
637.850000	15.375678	-25.931592	0.000000	
637.900000	15.351672	-25.938534	0.000000	
637.950000	15.327680	-25.945528	0.000000	
638.000000	15.303706	-25.952585	0.000000	
638.050000	15.279754	-25.959727	0.000000	
638.100000	15.255823	-25.966944	0.000000	
638.150000	15.231908	-25.974217	0.000000	
638.200000	15.208008	-25.981542	0.000000	
638.250000	15.184120	-25.988909	0.000000	
638.300000	15.160245	-25.996319	0.000000	
638.350000	15.136381	-26.003766	0.000000	
638.400000	15.112522	-26.011227	0.000000	
638.450000	15.088666	-26.018696	0.000000	
638.500000	15.064807	-26.026158	0.000000	
638.550000	15.040952	-26.033629	0.000000	
638.600000	15.017099	-26.041111	0.000000	
638.650000	14.993255	-26.048617	0.000000	
638.700000	14.969422	-26.056156	0.000000	
638.750000	14.945595	-26.063714	0.000000	
638.800000	14.921780	-26.071309	0.000000	
638.850000	14.897978	-26.078943	0.000000	
638.900000	14.874195	-26.086634	0.000000	
638.950000	14.850434	-26.094396	0.000000	
639.000000	14.826691	-26.102216	0.000000	
639.050000	14.802962	-26.110080	0.000000	
639.100000	14.779247	-26.117983	0.000000	
639.150000	14.755552	-26.125945	0.000000	
639.200000	14.731873	-26.133957	0.000000	
639.250000	14.708206	-26.142006	0.000000	
639.300000	14.684551	-26.150091	0.000000	
639.350000	14.660900	-26.158188	0.000000	
639.400000	14.637255	-26.166301	0.000000	
639.450000	14.613616	-26.174435	0.000000	
639.500000	14.589978	-26.182570	0.000000	
639.550000	14.566342	-26.190713	0.000000	
639.600000	14.542712	-26.198871	0.000000	
639.650000	14.519079	-26.207024	0.000000	
639.700000	14.495449	-26.215182	0.000000	
639.750000	14.471810	-26.223317	0.000000	
639.800000	14.448165	-26.231432	0.000000	
639.850000	14.424510	-26.239517	0.000000	
639.900000	14.400840	-26.247555	0.000000	
639.950000	14.377149	-26.255530	0.000000	
640.000000	14.353441	-26.263450	0.000000	
640.050000	14.329719	-26.271328	0.000000	
640.100000	14.305989	-26.279184	0.000000	
640.150000	14.282254	-26.287024	0.000000	
640.200000	14.258512	-26.294843	0.000000	
640.250000	14.234769	-26.302660	0.000000	
640.300000	14.211032	-26.310494	0.000000	
640.350000	14.187300	-26.318345	0.000000	
640.400000	14.163574	-26.326210	0.000000	
640.450000	14.139847	-26.334073	0.000000	
640.500000	14.116116	-26.341924	0.000000	
640.550000	14.092391	-26.349792	0.000000	
640.600000	14.068670	-26.357673	0.000000	
640.650000	14.044953	-26.365564	0.000000	
640.700000	14.021243	-26.373478	0.000000	
640.750000	13.997541	-26.381413	0.000000	
640.800000	13.973853	-26.389389	0.000000	
640.850000	13.950178	-26.397402	0.000000	
640.900000	13.926514	-26.405449	0.000000	
640.950000	13.902868	-26.413552	0.000000	
641.000000	13.879244	-26.421719	0.000000	
641.050000	13.855644	-26.429961	0.000000	
641.100000	13.832061	-26.438256	0.000000	
641.150000	13.808489	-26.446580	0.000000	
641.200000	13.784919	-26.454912	0.000000	
641.250000	13.761346	-26.463237	0.000000	
641.300000	13.737768	-26.471543	0.000000	
641.350000	13.714177	-26.479813	0.000000	
641.400000	13.690570	-26.488038	0.000000	
641.450000	13.666955	-26.496239	0.000000	
641.500000	13.643339	-26.504436	0.000000	
641.550000	13.619723	-26.512632	0.000000	
641.600000	13.596096	-26.520796	0.000000	
641.650000	13.572458	-26.528927	0.000000	
641.700000	13.548806	-26.537016	0.000000	
641.750000	13.525134	-26.545040	0.000000	
641.800000	13.501435	-26.552979	0.000000	
641.850000	13.477703	-26.560817	0.000000	
641.900000	13.453943	-26.568569	0.000000	
641.950000	13.430157	-26.576233	0.000000	
642.000000	13.406345	-26.583816	0.000000	
642.050000	13.382509	-26.591322	0.000000	
642.100000	13.358646	-26.598747	0.000000	
642.150000	13.334764	-26.606114	0.000000	
642.200000	13.310869	-26.613442	0.000000	
642.250000	13.286962	-26.620733	0.000000	
642.300000	13.263049	-26.628009	0.000000	
642.350000	13.239138	-26.635287	0.000000	
642.400000	13.215230	-26.642576	0.000000	
642.450000	13.191326	-26.649877	0.000000	
642.500000	13.167417	-26.657162	0.000000	
642.550000	13.143504	-26.664434	0.000000	
642.600000	13.119590	-26.671704	0.000000	
642.650000	13.095680	-26.678987	0.000000	
642.700000	13.071778	-26.686294	0.000000	
642.750000	13.047883	-26.693624	0.000000	
642.800000	13.023999	-26.700992	0.000000	
642.850000	13.000136	-26.708424	0.000000	
642.900000	12.976295	-26.715930	0.000000	
642.950000	12.952480	-26.723517	0.000000	
643.000000	12.928697	-26.731205	0.000000	
643.050000	12.904948	-26.738997	0.000000	
643.100000	12.881234	-26.746895	0.000000	
643.150000	12.857552	-26.754891	0.000000	
643.200000	12.833899	-26.762968	0.000000	
643.250000	12.810272	-26.771121	0.000000	
643.300000	12.786676	-26.779362	0.000000	
643.350000	12.763111	-26.787685	0.000000	
643.400000	12.739575	-26.796087	0.000000	
643.450000	12.716068	-26.804568	0.000000	
643.500000	12.692596	-26.813139	0.000000	
643.550000	12.669168	-26.821828	0.000000	
643.600000	12.645778	-26.830618	0.000000	
643.650000	12.622429	-26.839516	0.000000	
643.700000	12.599130	-26.848538	0.000000	
643.750000	12.575882	-26.857691	0.000000	
643.800000	12.552684	-26.866969	0.000000	
643.850000	12.529536	-26.876375	0.000000	
643.900000	12.506430	-26.885888	0.000000	
643.950000	12.483369	-26.895514	0.000000	
644.000000	12.460349	-26.905241	0.000000	
644.050000	12.437366	-26.915057	0.000000	
644.100000	12.414417	-26.924953	0.000000	
644.150000	12.391504	-26.934934	0.000000	
644.200000	12.368634	-26.945011	0.000000	
644.250000	12.345814	-26.955201	0.000000	
644.300000	12.323040	-26.965497	0.000000	
644.350000	12.300303	-26.975875	0.000000	
644.400000	12.277592	-26.986312	0.000000	
644.450000	12.254900	-26.996794	0.000000	
644.500000	12.232235	-27.007334	0.000000	
644.550000	12.209590	-27.017918	0.000000	
644.600000	12.186961	-27.028538	0.000000	
644.650000	12.164346	-27.039191	0.000000	
644.700000	12.141742	-27.049867	0.000000	
644.750000	12.119143	-27.060552	0.000000	
644.800000	12.096544	-27.071240	0.000000	
644.850000	12.073949	-27.081934	0.000000	
644.900000	12.051347	-27.092614	0.000000	
644.950000	12.028738	-27.103277	0.000000	
645.000000	12.006118	-27.113916	0.000000	
645.050000	11.983487	-27.124531	0.000000	
645.100000	11.960842	-27.135114	0.000000	
645.150000	11.938184	-27.145670	0.000000	
645.200000	11.915515	-27.156200	0.000000	
645.250000	11.892827	-27.166689	0.000000	
645.300000	11.870106	-27.177108	0.000000	
645.350000	11.847347	-27.187446	0.000000	
645.400000	11.824559	-27.197716	0.000000	
645.450000	11.801749	-27.207939	0.000000	
645.500000	11.778921	-27.218122	0.000000	
645.550000	11.756075	-27.228263	0.000000	
645.600000	11.733215	-27.238377	0.000000	
645.650000	11.710345	-27.248467	0.000000	
645.700000	11.687471	-27.258549	0.000000	
645.750000	11.664597	-27.268630	0.000000	
645.800000	11.641716	-27.278698	0.000000	
645.850000	11.618825	-27.288742	0.000000	
645.900000	11.595930	-27.298777	0.000000	
645.950000	11.573045	-27.308835	0.000000	
646.000000	11.550180	-27.318938	0.000000	
646.050000	11.527339	-27.329093	0.000000	
646.100000	11.504525	-27.339304	0.000000	
646.150000	11.481748	-27.349593	0.000000	
646.200000	11.458993	-27.359933	0.000000	
646.250000	11.436260	-27.370317	0.000000	
646.300000	11.413546	-27.380742	0.000000	
646.350000	11.390858	-27.391224	0.000000	
646.400000	11.368209	-27.401791	0.000000	
646.450000	11.345604	-27.412452	0.000000	
646.500000	11.323045	-27.423210	0.000000	
646.550000	11.300525	-27.434052	0.000000	
646.600000	11.278044	-27.444974	0.000000	
646.650000	11.255599	-27.455970	0.000000	
646.700000	11.233185	-27.467031	0.000000	
646.750000	11.210803	-27.478157	0.000000	
646.800000	11.188454	-27.489347	0.000000	
646.850000	11.166153	-27.500631	0.000000	
646.900000	11.143899	-27.512011	0.000000	
646.950000	11.121685	-27.523468	0.000000	
647.000000	11.099510	-27.535002	0.000000	
647.050000	11.077366	-27.546596	0.000000	
647.100000	11.055256	-27.558255	0.000000	
647.150000	11.033179	-27.569973	0.000000	
647.200000	11.011138	-27.581759	0.000000	
647.250000	10.989138	-27.593619	0.000000	
647.300000	10.967177	-27.605552	0.000000	
647.350000	10.945254	-27.617556	0.000000	
647.400000	10.923370	-27.629633	0.000000	
647.450000	10.901515	-27.641764	0.000000	
647.500000	10.879691	-27.653949	0.000000	
647.550000	10.857884	-27.666167	0.000000	
647.600000	10.836103	-27.678430	0.000000	
647.650000	10.814343	-27.690733	0.000000	
647.700000	10.792610	-27.703085	0.000000	
647.750000	10.770897	-27.715472	0.000000	
647.800000	10.749205	-27.727897	0.000000	
647.850000	10.727529	-27.740351	0.000000	
647.900000	10.705861	-27.752819	0.000000	
647.950000	10.684209	-27.765314	0.000000	
648.000000	10.662579	-27.777850	0.000000	
648.050000	10.640967	-27.790415	0.000000	
648.100000	10.619386	-27.803032	0.000000	
648.150000	10.597830	-27.815691	0.000000	
648.200000	10.576304	-27.828400	0.000000	
648.250000	10.554797	-27.841140	0.000000	
648.300000	10.533305	-27.853905	0.000000	
648.350000	10.511830	-27.866697	0.000000	
648.400000	10.490377	-27.879526	0.000000	
648.450000	10.468941	-27.892384	0.000000	
648.500000	10.447534	-27.905291	0.000000	
648.550000	10.426157	-27.918244	0.000000	
648.600000	10.404826	-27.931272	0.000000	
648.650000	10.383548	-27.944383	0.000000	
648.700000	10.362319	-27.957572	0.000000	
648.750000	10.341141	-27.970842	0.000000	
648.800000	10.320017	-27.984196	0.000000	
648.850000	10.298941	-27.997627	0.000000	
648.900000	10.277918	-28.011142	0.000000	
648.950000	10.256941	-28.024727	0.000000	
649.000000	10.236009	-28.038385	0.000000	
649.050000	10.215133	-28.052126	0.000000	
649.100000	10.194318	-28.065959	0.000000	
649.150000	10.173550	-28.079863	0.000000	
649.200000	10.152821	-28.093824	0.000000	
649.250000	10.132113	-28.107818	0.000000	
649.300000	10.111432	-28.121851	0.000000	
649.350000	10.090788	-28.135941	0.000000	
649.400000	10.070183	-28.150089	0.000000	
649.450000	10.049620	-28.164301	0.000000	
649.500000	10.029108	-28.178586	0.000000	
649.550000	10.008637	-28.192933	0.000000	
649.600000	9.988210	-28.207342	0.000000	
649.650000	9.967822	-28.221806	0.000000	
649.700000	9.947474	-28.236325	0.000000	
649.750000	9.927168	-28.250899	0.000000	
649.800000	9.906898	-28.265524	0.000000	
649.850000	9.886661	-28.280195	0.000000	
649.900000	9.866460	-28.294915	0.000000	
649.950000	9.846297	-28.309686	0.000000	
650.000000	9.826185	-28.324526	0.000000	
650.050000	9.806113	-28.339421	0.000000	
650.100000	9.786071	-28.354355	0.000000	
650.150000	9.766051	-28.369319	0.000000	
650.200000	9.746061	-28.384321	0.000000	
650.250000	9.726114	-28.399382	0.000000	
650.300000	9.706212	-28.414502	0.000000	
650.350000	9.686348	-28.429675	0.000000	
650.400000	9.666512	-28.444886	0.000000	
650.450000	9.646701	-28.460130	0.000000	
650.500000	9.626904	-28.475393	0.000000	
650.550000	9.607109	-28.490660	0.000000	
650.600000	9.587314	-28.505926	0.000000	
650.650000	9.567509	-28.521179	0.000000	
650.700000	9.547683	-28.536404	0.000000	
650.750000	9.527832	-28.551596	0.000000	
650.800000	9.507953	-28.566749	0.000000	
650.850000	9.488040	-28.581857	0.000000	
650.900000	9.468099	-28.596927	0.000000	
650.950000	9.448137	-28.611968	0.000000	
651.000000	9.428135	-28.626954	0.000000	
651.050000	9.408092	-28.641887	0.000000	
651.100000	9.388002	-28.656755	0.000000	
651.150000	9.367860	-28.671551	0.000000	
651.200000	9.347667	-28.686276	0.000000	
651.250000	9.327426	-28.700936	0.000000	
651.300000	9.307129	-28.715522	0.000000	
651.350000	9.286789	-28.730051	0.000000	
651.400000	9.266413	-28.744529	0.000000	
651.450000	9.245994	-28.758947	0.000000	
651.500000	9.225538	-28.773314	0.000000	
651.550000	9.205052	-28.787639	0.000000	
651.600000	9.184540	-28.801929	0.000000	
651.650000	9.164003	-28.816181	0.000000	
651.700000	9.143446	-28.830405	0.000000	
651.750000	9.122878	-28.844614	0.000000	
651.800000	9.102303	-28.858813	0.000000	
651.850000	9.081724	-28.873006	0.000000	
651.900000	9.061151	-28.887208	0.000000	
651.950000	9.040582	-28.901416	0.000000	
652.000000	9.020012	-28.915622	0.000000	
652.050000	8.999454	-28.929846	0.000000	
652.100000	8.978901	-28.944075	0.000000	
652.150000	8.958362	-28.958326	0.000000	
652.200000	8.937850	-28.972615	0.000000	
652.250000	8.917372	-28.986952	0.000000	
652.300000	8.896915	-29.001318	0.000000	
652.350000	8.876488	-29.015726	0.000000	
652.400000	8.856088	-29.030171	0.000000	
652.450000	8.835723	-29.044665	0.000000	
652.500000	8.815403	-29.059221	0.000000	
652.550000	8.795127	-29.073838	0.000000	
652.600000	8.774890	-29.088508	0.000000	
652.650000	8.754691	-29.103229	0.000000	
652.700000	8.734529	-29.118005	0.000000	
652.750000	8.714407	-29.132835	0.000000	
652.800000	8.694319	-29.147711	0.000000	
652.850000	8.674260	-29.162627	0.000000	
652.900000	8.654225	-29.177575	0.000000	
652.950000	8.634206	-29.192545	0.000000	
653.000000	8.614215	-29.207553	0.000000	
653.050000	8.594258	-29.222606	0.000000	
653.100000	8.574335	-29.237705	0.000000	
653.150000	8.554456	-29.252861	0.000000	
653.200000	8.534626	-29.268081	0.000000	
653.250000	8.514831	-29.283346	0.000000	
653.300000	8.495061	-29.298645	0.000000	
653.350000	8.475331	-29.313994	0.000000	
653.400000	8.455634	-29.329385	0.000000	
653.450000	8.435968	-29.344817	0.000000	
653.500000	8.416329	-29.360281	0.000000	
653.550000	8.396723	-29.375787	0.000000	
653.600000	8.377158	-29.391342	0.000000	
653.650000	8.357639	-29.406954	0.000000	
653.700000	8.338180	-29.422638	0.000000	
653.750000	8.318785	-29.438401	0.000000	
653.800000	8.299437	-29.454219	0.000000	
653.850000	8.280143	-29.470104	0.000000	
653.900000	8.260896	-29.486046	0.000000	
653.950000	8.241702	-29.502053	0.000000	
654.000000	8.222568	-29.518133	0.000000	
654.050000	8.203492	-29.534283	0.000000	
654.100000	8.184466	-29.550492	0.000000	
654.150000	8.165484	-29.566754	0.000000	
654.200000	8.146550	-29.583070	0.000000	
654.250000	8.127657	-29.599435	0.000000	
654.300000	8.108809	-29.615852	0.000000	
654.350000	8.090016	-29.632333	0.000000	
654.400000	8.071264	-29.648861	0.000000	
654.450000	8.052556	-29.665440	0.000000	
654.500000	8.033883	-29.682060	0.000000	
654.550000	8.015234	-29.698707	0.000000	
654.600000	7.996601	-29.715373	0.000000	
654.650000	7.977982	-29.732055	0.000000	
654.700000	7.959368	-29.748742	0.000000	
654.750000	7.940742	-29.765417	0.000000	
654.800000	7.922101	-29.782073	0.000000	
654.850000	7.903446	-29.798714	0.000000	
654.900000	7.884774	-29.815335	0.000000	
654.950000	7.866094	-29.831947	0.000000	
655.000000	7.847406	-29.848549	0.000000	
655.050000	7.828692	-29.865122	0.000000	
655.100000	7.809949	-29.881660	0.000000	
655.150000	7.791181	-29.898170	0.000000	
655.200000	7.772395	-29.914659	0.000000	
655.250000	7.753591	-29.931129	0.000000	
655.300000	7.734774	-29.947584	0.000000	
655.350000	7.715948	-29.964029	0.000000	
655.400000	7.697111	-29.980461	0.000000	
655.450000	7.678259	-29.996877	0.000000	
655.500000	7.659378	-30.013260	0.000000	
655.550000	7.640474	-30.029618	0.000000	
655.600000	7.621559	-30.045962	0.000000	
655.650000	7.602619	-30.062277	0.000000	
655.700000	7.583647	-30.078556	0.000000	
655.750000	7.564644	-30.094797	0.000000	
655.800000	7.545622	-30.111016	0.000000	
655.850000	7.526578	-30.127209	0.000000	
655.900000	7.507521	-30.143386	0.000000	
655.950000	7.488443	-30.159539	0.000000	
656.000000	7.469327	-30.175644	0.000000	
656.050000	7.450185	-30.191719	0.000000	
656.100000	7.431028	-30.207774	0.000000	
656.150000	7.411857	-30.223811	0.000000	
656.200000	7.392657	-30.239814	0.000000	
656.250000	7.373415	-30.255765	0.000000	
656.300000	7.354130	-30.271664	0.000000	
656.350000	7.334808	-30.287519	0.000000	
656.400000	7.315460	-30.303342	0.000000	
656.450000	7.296079	-30.319129	0.000000	
656.500000	7.276672	-30.334884	0.000000	
656.550000	7.257241	-30.350611	0.000000	
656.600000	7.237788	-30.366311	0.000000	
656.650000	7.218304	-30.381972	0.000000	
656.700000	7.198787	-30.397593	0.000000	
656.750000	7.179244	-30.413181	0.000000	
656.800000	7.159681	-30.428743	0.000000	
656.850000	7.140086	-30.444264	0.000000	
656.900000	7.120472	-30.459763	0.000000	
656.950000	7.100844	-30.475243	0.000000	
657.000000	7.081211	-30.490717	0.000000	
657.050000	7.061584	-30.506199	0.000000	
657.100000	7.041951	-30.521672	0.000000	
657.150000	7.022306	-30.537131	0.000000	
657.200000	7.002651	-30.552578	0.000000	
657.250000	6.982992	-30.568019	0.000000	
657.300000	6.963332	-30.583459	0.000000	
657.350000	6.943677	-30.598905	0.000000	
657.400000	6.924023	-30.614352	0.000000	
657.450000	6.904358	-30.629785	0.000000	
657.500000	6.884695	-30.645222	0.000000	
657.550000	6.865044	-30.660673	0.000000	
657.600000	6.845423	-30.676159	0.000000	
657.650000	6.825859	-30.691712	0.000000	
657.700000	6.806388	-30.707369	0.000000	
657.750000	6.787032	-30.723157	0.000000	
657.800000	6.767803	-30.739087	0.000000	
657.850000	6.748722	-30.755175	0.000000	
657.900000	6.729819	-30.771452	0.000000	
657.950000	6.711097	-30.787917	0.000000	
658.000000	6.692591	-30.804595	0.000000	
658.050000	6.674329	-30.821505	0.000000	
658.100000	6.656322	-30.838654	0.000000	
658.150000	6.638611	-30.856073	0.000000	
658.200000	6.621233	-30.873788	0.000000	
658.250000	6.604213	-30.891809	0.000000	
658.300000	6.587568	-30.910151	0.000000	
658.350000	6.571321	-30.928827	0.000000	
658.400000	6.555479	-30.947831	0.000000	
658.450000	6.540038	-30.967156	0.000000	
658.500000	6.525002	-30.986807	0.000000	
658.550000	6.510359	-31.006766	0.000000	
658.600000	6.496115	-31.027033	0.000000	
658.650000	6.482275	-31.047600	0.000000	
658.700000	6.468825	-31.068445	0.000000	
658.750000	6.455740	-31.089541	0.000000	
658.800000	6.442993	-31.110868	0.000000	
658.850000	6.430567	-31.132414	0.000000	
658.900000	6.418448	-31.154158	0.000000	
658.950000	6.406622	-31.176086	0.000000	
659.000000	6.395082	-31.198190	0.000000	
659.050000	6.383777	-31.220434	0.000000	
659.100000	6.372686	-31.242799	0.000000	
659.150000	6.361800	-31.265277	0.000000	
659.200000	6.351099	-31.287853	0.000000	
659.250000	6.340535	-31.310498	0.000000	
659.300000	6.330085	-31.333200	0.000000	
659.350000	6.319725	-31.355946	0.000000	
659.400000	6.309444	-31.378729	0.000000	
659.450000	6.299232	-31.401544	0.000000	
659.500000	6.289096	-31.424393	0.000000	
659.550000	6.279038	-31.447276	0.000000	
659.600000	6.269067	-31.470199	0.000000	
659.650000	6.259163	-31.493150	0.000000	
659.700000	6.249319	-31.516126	0.000000	
659.750000	6.239510	-31.539118	0.000000	
659.800000	6.229745	-31.562127	0.000000	
659.850000	6.220024	-31.585156	0.000000	
659.900000	6.210372	-31.608214	0.000000	
659.950000	6.200763	-31.631291	0.000000	
660.000000	6.191178	-31.654377	0.000000	
660.050000	6.181616	-31.677473	0.000000	
660.100000	6.172100	-31.700589	0.000000	
660.150000	6.162610	-31.723716	0.000000	
660.200000	6.153136	-31.746849	0.000000	
660.250000	6.143666	-31.769985	0.000000	
660.300000	6.134219	-31.793130	0.000000	
660.350000	6.124792	-31.816283	0.000000	
660.400000	6.115386	-31.839445	0.000000	
660.450000	6.106005	-31.862617	0.000000	
660.500000	6.096638	-31.885796	0.000000	
660.550000	6.087263	-31.908971	0.000000	
660.600000	6.077874	-31.932140	0.000000	
660.650000	6.068459	-31.955298	0.000000	
660.700000	6.059026	-31.978449	0.000000	
660.750000	6.049563	-32.001589	0.000000	
660.800000	6.040072	-32.024716	0.000000	
660.850000	6.030526	-32.047820	0.000000	
660.900000	6.020936	-32.070905	0.000000	
660.950000	6.011274	-32.093959	0.000000	
661.000000	6.001557	-32.116990	0.000000	
661.050000	5.991787	-32.139997	0.000000	
661.100000	5.981945	-32.162972	0.000000	
661.150000	5.972030	-32.185915	0.000000	
661.200000	5.962037	-32.208823	0.000000	
661.250000	5.951966	-32.231695	0.000000	
661.300000	5.941830	-32.254538	0.000000	
661.350000	5.931630	-32.277352	0.000000	
661.400000	5.921383	-32.300146	0.000000	
661.450000	5.911094	-32.322922	0.000000	
661.500000	5.900745	-32.345672	0.000000	
661.550000	5.890357	-32.368405	0.000000	
661.600000	5.879925	-32.391119	0.000000	
661.650000	5.869470	-32.413823	0.000000	
661.700000	5.859000	-32.436521	0.000000	
661.750000	5.848530	-32.459218	0.000000	
661.800000	5.838057	-32.481915	0.000000	
661.850000	5.827605	-32.504619	0.000000	
661.900000	5.817188	-32.527340	0.000000	
661.950000	5.806813	-32.550078	0.000000	
662.000000	5.796505	-32.572846	0.000000	
662.050000	5.786265	-32.595642	0.000000	
662.100000	5.776112	-32.618475	0.000000	
662.150000	5.766042	-32.641344	0.000000	
662.200000	5.756065	-32.664254	0.000000	
662.250000	5.746186	-32.687207	0.000000	
662.300000	5.736428	-32.710212	0.000000	
662.350000	5.726787	-32.733267	0.000000	
662.400000	5.717269	-32.756372	0.000000	
662.450000	5.707871	-32.779524	0.000000	
662.500000	5.698603	-32.802727	0.000000	
662.550000	5.689467	-32.825982	0.000000	
662.600000	5.680452	-32.849284	0.000000	
662.650000	5.671563	-32.872636	0.000000	
662.700000	5.662793	-32.896034	0.000000	
662.750000	5.654141	-32.919475	0.000000	
662.800000	5.645591	-32.942954	0.000000	
662.850000	5.637134	-32.966468	0.000000	
662.900000	5.628755	-32.990011	0.000000	
662.950000	5.620465	-33.013587	0.000000	
663.000000	5.612245	-33.037189	0.000000	
663.050000	5.604078	-33.060811	0.000000	
663.100000	5.595946	-33.084445	0.000000	
663.150000	5.587850	-33.108092	0.000000	
663.200000	5.579791	-33.131754	0.000000	
663.250000	5.571768	-33.155428	0.000000	
663.300000	5.563770	-33.179112	0.000000	
663.350000	5.555781	-33.202799	0.000000	
663.400000	5.547807	-33.226491	0.000000	
663.450000	5.539840	-33.250186	0.000000	
663.500000	5.531854	-33.273874	0.000000	
663.550000	5.523834	-33.297551	0.000000	
663.600000	5.515784	-33.321217	0.000000	
663.650000	5.507693	-33.344869	0.000000	
663.700000	5.499568	-33.368510	0.000000	
663.750000	5.491389	-33.392131	0.000000	
663.800000	5.483144	-33.415730	0.000000	
663.850000	5.474854	-33.439313	0.000000	
663.900000	5.466530	-33.462884	0.000000	
663.950000	5.458171	-33.486444	0.000000	
664.000000	5.449772	-33.509989	0.000000	
664.050000	5.441355	-33.533529	0.000000	
664.100000	5.432935	-33.557067	0.000000	
664.150000	5.424520	-33.580607	0.000000	
664.200000	5.416090	-33.604142	0.000000	
664.250000	5.407653	-33.627674	0.000000	
664.300000	5.399210	-33.651204	0.000000	
664.350000	5.390775	-33.674736	0.000000	
664.400000	5.382341	-33.698270	0.000000	
664.450000	5.373893	-33.721798	0.000000	
664.500000	5.365416	-33.745317	0.000000	
664.550000	5.356920	-33.768828	0.000000	
664.600000	5.348410	-33.792334	0.000000	
664.650000	5.339873	-33.815830	0.000000	
664.700000	5.331324	-33.839322	0.000000	
664.750000	5.322758	-33.862807	0.000000	
664.800000	5.314207	-33.886298	0.000000	
664.850000	5.305677	-33.909796	0.000000	
664.900000	5.297155	-33.933298	0.000000	
664.950000	5.288631	-33.956798	0.000000	
665.000000	5.280122	-33.980305	0.000000	
665.050000	5.271625	-34.003815	0.000000	
665.100000	5.263132	-34.027327	0.000000	
665.150000	5.254635	-34.050838	0.000000	
665.200000	5.246133	-34.074346	0.000000	
665.250000	5.237655	-34.097863	0.000000	
665.300000	5.229190	-34.121385	0.000000	
665.350000	5.220719	-34.144905	0.000000	
665.400000	5.212240	-34.168421	0.000000	
665.450000	5.203748	-34.191933	0.000000	
665.500000	5.195252	-34.215444	0.000000	
665.550000	5.186748	-34.238951	0.000000	
665.600000	5.178247	-34.262460	0.000000	
665.650000	5.169766	-34.285976	0.000000	
665.700000	5.161314	-34.309503	0.000000	
665.750000	5.152875	-34.333035	0.000000	
665.800000	5.144470	-34.356579	0.000000	
665.850000	5.136067	-34.380123	0.000000	
665.900000	5.127639	-34.403658	0.000000	
665.950000	5.119179	-34.427182	0.000000	
666.000000	5.110687	-34.450693	0.000000	
666.050000	5.102160	-34.474192	0.000000	
666.100000	5.093604	-34.497680	0.000000	
666.150000	5.085029	-34.521160	0.000000	
666.200000	5.076424	-34.544630	0.000000	
666.250000	5.067784	-34.568088	0.000000	
666.300000	5.059082	-34.591522	0.000000	
666.350000	5.050333	-34.614939	0.000000	
666.400000	5.041536	-34.638337	0.000000	
666.450000	5.032706	-34.661723	0.000000	
666.500000	5.023858	-34.685103	0.000000	
666.550000	5.014994	-34.708476	0.000000	
666.600000	5.006141	-34.731853	0.000000	
666.650000	4.997290	-34.755231	0.000000	
666.700000	4.988425	-34.778604	0.000000	
666.750000	4.979561	-34.801977	0.000000	
666.800000	4.970715	-34.825357	0.000000	
666.850000	4.961863	-34.848734	0.000000	
666.900000	4.953024	-34.872117	0.000000	
666.950000	4.944230	-34.895515	0.000000	
667.000000	4.935476	-34.918928	0.000000	
667.050000	4.926755	-34.942354	0.000000	
667.100000	4.918059	-34.965788	0.000000	
667.150000	4.909380	-34.989230	0.000000	
667.200000	4.900706	-35.012673	0.000000	
667.250000	4.892057	-35.036125	0.000000	
667.300000	4.883444	-35.059591	0.000000	
667.350000	4.874879	-35.083074	0.000000	
667.400000	4.866348	-35.106571	0.000000	
667.450000	4.857876	-35.130089	0.000000	
667.500000	4.849436	-35.153620	0.000000	
667.550000	4.841020	-35.177160	0.000000	
667.600000	4.832627	-35.200708	0.000000	
667.650000	4.824246	-35.224260	0.000000	
667.700000	4.815871	-35.247815	0.000000	
667.750000	4.807514	-35.271376	0.000000	
667.800000	4.799171	-35.294942	0.000000	
667.850000	4.790842	-35.318513	0.000000	
667.900000	4.782552	-35.342097	0.000000	
667.950000	4.774306	-35.365695	0.000000	
668.000000	4.766100	-35.389306	0.000000	
668.050000	4.757935	-35.412930	0.000000	
668.100000	4.749809	-35.436568	0.000000	
668.150000	4.741726	-35.460221	0.000000	
668.200000	4.733677	-35.483885	0.000000	
668.250000	4.725661	-35.507561	0.000000	
668.300000	4.717661	-35.531242	0.000000	
668.350000	4.709675	-35.554928	0.000000	
668.400000	4.701716	-35.578623	0.000000	
668.450000	4.693780	-35.602327	0.000000	
668.500000	4.685838	-35.626028	0.000000	
668.550000	4.677900	-35.649730	0.000000	
668.600000	4.669966	-35.673434	0.000000	
668.650000	4.662024	-35.697135	0.000000	
668.700000	4.654068	-35.720832	0.000000	
668.750000	4.646105	-35.744525	0.000000	
668.800000	4.638125	-35.768212	0.000000	
668.850000	4.630113	-35.791889	0.000000	
668.900000	4.622066	-35.815552	0.000000	
668.950000	4.613983	-35.839204	0.000000	
669.000000	4.605872	-35.862847	0.000000	
669.050000	4.597720	-35.886477	0.000000	
669.100000	4.589533	-35.910096	0.000000	
669.150000	4.581317	-35.933704	0.000000	
669.200000	4.573075	-35.957304	0.000000	
669.250000	4.564824	-35.980902	0.000000	
669.300000	4.556573	-36.004499	0.000000	
669.350000	4.548318	-36.028094	0.000000	
669.400000	4.540052	-36.051686	0.000000	
669.450000	4.531772	-36.075274	0.000000	
669.500000	4.523484	-36.098858	0.000000	
669.550000	4.515218	-36.122450	0.000000	
669.600000	4.506959	-36.146045	0.000000	
669.650000	4.498717	-36.169646	0.000000	
669.700000	4.490503	-36.193256	0.000000	
669.750000	4.482316	-36.216876	0.000000	
669.800000	4.474144	-36.240502	0.000000	
669.850000	4.465995	-36.264135	0.000000	
669.900000	4.457869	-36.287777	0.000000	
669.950000	4.449751	-36.311422	0.000000	
670.000000	4.441623	-36.335063	0.000000	
670.050000	4.433470	-36.358696	0.000000	
670.100000	4.425276	-36.382314	0.000000	
670.150000	4.417066	-36.405926	0.000000	
670.200000	4.408837	-36.429532	0.000000	
670.250000	4.400571	-36.453123	0.000000	
670.300000	4.392244	-36.476693	0.000000	
670.350000	4.383860	-36.500242	0.000000	
670.400000	4.375412	-36.523767	0.000000	
670.450000	4.366893	-36.547265	0.000000	
670.500000	4.358289	-36.570731	0.000000	
670.550000	4.349630	-36.594176	0.000000	
670.600000	4.340915	-36.617600	0.000000	
670.650000	4.332152	-36.641007	0.000000	
670.700000	4.323337	-36.664395	0.000000	
670.750000	4.314482	-36.687768	0.000000	
670.800000	4.305582	-36.711125	0.000000	
670.850000	4.296634	-36.734464	0.000000	
670.900000	4.287633	-36.757784	0.000000	
670.950000	4.278597	-36.781090	0.000000	
671.000000	4.269542	-36.804390	0.000000	
671.050000	4.260475	-36.827685	0.000000	
671.100000	4.251396	-36.850975	0.000000	
671.150000	4.242316	-36.874266	0.000000	
671.200000	4.233233	-36.897555	0.000000	
671.250000	4.224158	-36.920847	0.000000	
671.300000	4.215113	-36.944150	0.000000	
671.350000	4.206095	-36.967464	0.000000	
671.400000	4.197118	-36.990793	0.000000	
671.450000	4.188199	-37.014144	0.000000	
671.500000	4.179334	-37.037516	0.000000	
671.550000	4.170535	-37.060913	0.000000	
671.600000	4.161795	-37.084332	0.000000	
671.650000	4.153089	-37.107765	0.000000	
671.700000	4.144411	-37.131208	0.000000	
671.750000	4.135756	-37.154659	0.000000	
671.800000	4.127099	-37.178110	0.000000	
671.850000	4.118428	-37.201556	0.000000	
671.900000	4.109742	-37.224995	0.000000	
671.950000	4.101042	-37.248429	0.000000	
672.000000	4.092330	-37.271858	0.000000	
672.050000	4.083588	-37.295275	0.000000	
672.100000	4.074817	-37.318681	0.000000	
672.150000	4.066016	-37.342076	0.000000	
672.200000	4.057180	-37.365456	0.000000	
672.250000	4.048288	-37.388815	0.000000	
672.300000	4.039342	-37.412152	0.000000	
672.350000	4.030344	-37.435470	0.000000	
672.400000	4.021316	-37.458776	0.000000	
672.450000	4.012233	-37.482061	0.000000	
672.500000	4.003071	-37.505316	0.000000	
672.550000	3.993858	-37.528551	0.000000	
672.600000	3.984576	-37.551759	0.000000	
672.650000	3.975218	-37.574937	0.000000	
672.700000	3.965790	-37.598089	0.000000	
672.750000	3.956309	-37.621219	0.000000	
672.800000	3.946765	-37.644324	0.000000	
672.850000	3.937160	-37.667404	0.000000	
672.900000	3.927520	-37.690469	0.000000	
672.950000	3.917863	-37.713527	0.000000	
673.000000	3.908187	-37.736577	0.000000	
673.050000	3.898493	-37.759619	0.000000	
673.100000	3.888802	-37.782663	0.000000	
673.150000	3.879119	-37.805710	0.000000	
673.200000	3.869460	-37.828766	0.000000	
673.250000	3.859852	-37.851842	0.000000	
673.300000	3.850342	-37.874954	0.000000	
673.350000	3.840975	-37.898116	0.000000	
673.400000	3.831773	-37.921331	0.000000	
673.450000	3.822758	-37.944604	0.000000	
673.500000	3.813970	-37.967944	0.000000	
673.550000	3.805469	-37.991367	0.000000	
673.600000	3.797283	-38.014872	0.000000	
673.650000	3.789479	-38.038469	0.000000	
673.700000	3.782107	-38.062160	0.000000	
673.750000	3.775218	-38.085947	0.000000	
673.800000	3.768846	-38.109827	0.000000	
673.850000	3.763023	-38.133806	0.000000	
673.900000	3.757778	-38.157884	0.000000	
673.950000	3.753111	-38.182058	0.000000	
674.000000	3.749059	-38.206321	0.000000	
674.050000	3.745645	-38.230671	0.000000	
674.100000	3.742866	-38.255100	0.000000	
674.150000	3.740715	-38.279603	0.000000	
674.200000	3.739176	-38.304174	0.000000	
674.250000	3.738246	-38.328808	0.000000	
674.300000	3.737929	-38.353494	0.000000	
674.350000	3.738191	-38.378218	0.000000	
674.400000	3.738999	-38.402963	0.000000	
674.450000	3.740318	-38.427720	0.000000	
674.500000	3.742112	-38.452484	0.000000	
674.550000	3.744355	-38.477249	0.000000	
674.600000	3.747006	-38.502005	0.000000	
674.650000	3.750017	-38.526749	0.000000	
674.700000	3.753341	-38.551474	0.000000	
674.750000	3.756941	-38.576175	0.000000	
674.800000	3.760780	-38.600849	0.000000	
674.850000	3.764820	-38.625496	0.000000	
674.900000	3.769027	-38.650121	0.000000	
674.950000	3.773383	-38.674726	0.000000	
675.000000	3.777877	-38.699310	0.000000	
675.050000	3.782481	-38.723876	0.000000	
675.100000	3.787169	-38.748427	0.000000	
675.150000	3.791939	-38.772963	0.000000	
675.200000	3.796775	-38.797486	0.000000	
675.250000	3.801674	-38.821999	0.000000	
675.300000	3.806620	-38.846503	0.000000	
675.350000	3.811591	-38.871002	0.000000	
675.400000	3.816581	-38.895498	0.000000	
675.450000	3.821580	-38.919992	0.000000	
675.500000	3.826578	-38.944486	0.000000	
675.550000	3.831585	-38.968979	0.000000	
675.600000	3.836608	-38.993468	0.000000	
675.650000	3.841661	-39.017951	0.000000	
675.700000	3.846742	-39.042428	0.000000	
675.750000	3.851849	-39.066900	0.000000	
675.800000	3.856971	-39.091369	0.000000	
675.850000	3.862090	-39.115839	0.000000	
675.900000	3.867202	-39.140310	0.000000	
675.950000	3.872332	-39.164777	0.000000	
676.000000	3.877467	-39.189243	0.000000	
676.050000	3.882617	-39.213706	0.000000	
676.100000	3.887756	-39.238171	0.000000	
676.150000	3.892889	-39.262638	0.000000	
676.200000	3.897992	-39.287110	0.000000	
676.250000	3.903071	-39.311588	0.000000	
676.300000	3.908122	-39.336071	0.000000	
676.350000	3.913170	-39.360555	0.000000	
676.400000	3.918223	-39.385037	0.000000	
676.450000	3.923288	-39.409517	0.000000	
676.500000	3.928355	-39.433997	0.000000	
676.550000	3.933448	-39.458471	0.000000	
676.600000	3.938560	-39.482942	0.000000	
676.650000	3.943671	-39.507412	0.000000	
676.700000	3.948775	-39.531885	0.000000	
676.750000	3.953889	-39.556355	0.000000	
676.800000	3.959015	-39.580822	0.000000	
676.850000	3.964158	-39.605286	0.000000	
676.900000	3.969315	-39.629746	0.000000	
676.950000	3.974488	-39.654203	0.000000	
677.000000	3.979671	-39.678657	0.000000	
677.050000	3.984865	-39.703110	0.000000	
677.100000	3.990048	-39.727564	0.000000	
677.150000	3.995225	-39.752020	0.000000	
677.200000	4.000410	-39.776474	0.000000	
677.250000	4.005629	-39.800921	0.000000	
677.300000	4.010894	-39.825358	0.000000	
677.350000	4.016198	-39.849788	0.000000	
677.400000	4.021524	-39.874213	0.000000	
677.450000	4.026865	-39.898635	0.000000	
677.500000	4.032232	-39.923051	0.000000	
677.550000	4.037627	-39.947460	0.000000	
677.600000	4.043048	-39.971864	0.000000	
677.650000	4.048519	-39.996257	0.000000	
677.700000	4.054056	-40.020633	0.000000	
677.750000	4.059645	-40.044998	0.000000	
677.800000	4.065259	-40.069356	0.000000	
677.850000	4.070880	-40.093713	0.000000	
677.900000	4.076509	-40.118068	0.000000	
677.950000	4.082148	-40.142421	0.000000	
678.000000	4.087794	-40.166771	0.000000	
678.050000	4.093431	-40.191124	0.000000	
678.100000	4.099059	-40.215479	0.000000	
678.150000	4.104685	-40.239835	0.000000	
678.200000	4.110305	-40.264191	0.000000	
678.250000	4.115902	-40.288553	0.000000	
678.300000	4.121459	-40.312922	0.000000	
678.350000	4.126972	-40.337301	0.000000	
678.400000	4.132460	-40.361685	0.000000	
678.450000	4.137929	-40.386073	0.000000	
678.500000	4.143383	-40.410464	0.000000	
678.550000	4.148800	-40.434863	0.000000	
678.600000	4.154183	-40.459270	0.000000	
678.650000	4.159524	-40.483686	0.000000	
678.700000	4.164807	-40.508115	0.000000	
678.750000	4.170021	-40.532560	0.000000	
678.800000	4.175187	-40.557017	0.000000	
678.850000	4.180308	-40.581484	0.000000	
678.900000	4.185409	-40.605956	0.000000	
678.950000	4.190495	-40.630431	0.000000	
679.000000	4.195564	-40.654910	0.000000	
679.050000	4.200612	-40.679393	0.000000	
679.100000	4.205647	-40.703880	0.000000	
679.150000	4.210688	-40.728365	0.000000	
679.200000	4.215757	-40.752844	0.000000	
679.250000	4.220879	-40.777311	0.000000	
679.300000	4.226041	-40.801770	0.000000	
679.350000	4.231259	-40.826217	0.000000	
679.400000	4.236546	-40.850648	0.000000	
679.450000	4.241888	-40.875068	0.000000	
679.500000	4.247278	-40.899477	0.000000	
679.550000	4.252721	-40.923873	0.000000	
679.600000	4.258213	-40.948259	0.000000	
679.650000	4.263741	-40.972637	0.000000	
679.700000	4.269309	-40.997006	0.000000	
679.750000	4.274901	-41.021370	0.000000	
679.800000	4.280509	-41.045730	0.000000	
679.850000	4.286110	-41.070092	0.000000	
679.900000	4.291712	-41.094454	0.000000	
679.950000	4.297316	-41.118815	0.000000	
680.000000	4.302909	-41.143179	0.000000	
680.050000	4.308508	-41.167542	0.000000	
680.100000	4.314109	-41.191904	0.000000	
680.150000	4.319728	-41.216262	0.000000	
680.200000	4.325365	-41.240616	0.000000	
680.250000	4.330990	-41.264973	0.000000	
680.300000	4.336591	-41.289335	0.000000	
680.350000	4.342187	-41.313699	0.000000	
680.400000	4.347755	-41.338069	0.000000	
680.450000	4.353274	-41.362450	0.000000	
680.500000	4.358771	-41.386837	0.000000	
680.550000	4.364233	-41.411231	0.000000	
680.600000	4.369637	-41.435639	0.000000	
680.650000	4.374982	-41.460059	0.000000	
680.700000	4.380269	-41.484492	0.000000	
680.750000	4.385496	-41.508937	0.000000	
680.800000	4.390682	-41.533391	0.000000	
680.850000	4.395840	-41.557850	0.000000	
680.900000	4.400981	-41.582313	0.000000	
680.950000	4.406128	-41.606775	0.000000	
681.000000	4.411284	-41.631234	0.000000	
681.050000	4.416448	-41.655692	0.000000	
681.100000	4.421625	-41.680147	0.000000	
681.150000	4.426833	-41.704595	0.000000	
681.200000	4.432046	-41.729041	0.000000	
681.250000	4.437246	-41.753491	0.000000	
681.300000	4.442442	-41.777941	0.000000	
681.350000	4.447625	-41.802394	0.000000	
681.400000	4.452783	-41.826853	0.000000	
681.450000	4.457930	-41.851314	0.000000	
681.500000	4.463070	-41.875776	0.000000	
681.550000	4.468199	-41.900241	0.000000	
681.600000	4.473341	-41.924703	0.000000	
681.650000	4.478490	-41.949164	0.000000	
681.700000	4.483647	-41.973623	0.000000	
681.750000	4.488812	-41.998080	0.000000	
681.800000	4.493971	-42.022539	0.000000	
681.850000	4.499111	-42.047001	0.000000	
681.900000	4.504242	-42.071465	0.000000	
681.950000	4.509357	-42.095931	0.000000	
682.000000	4.514457	-42.120401	0.000000	
682.050000	4.519514	-42.144880	0.000000	
682.100000	4.524542	-42.169365	0.000000	
682.150000	4.529539	-42.193857	0.000000	
682.200000	4.534500	-42.218357	0.000000	
682.250000	4.539437	-42.242862	0.000000	
682.300000	4.544365	-42.267370	0.000000	
682.350000	4.549296	-42.291876	0.000000	
682.400000	4.554233	-42.316382	0.000000	
682.450000	4.559184	-42.340884	0.000000	
682.500000	4.564131	-42.365387	0.000000	
682.550000	4.569081	-42.389890	0.000000	
682.600000	4.574021	-42.414395	0.000000	
682.650000	4.578925	-42.438907	0.000000	
682.700000	4.583793	-42.463426	0.000000	
682.750000	4.588638	-42.487950	0.000000	
682.800000	4.593472	-42.512475	0.000000	
682.850000	4.598309	-42.537000	0.000000	
682.900000	4.603168	-42.561521	0.000000	
682.950000	4.608019	-42.586043	0.000000	
683.000000	4.612866	-42.610567	0.000000	
683.050000	4.617678	-42.635096	0.000000	
683.100000	4.622471	-42.659629	0.000000	
683.150000	4.627215	-42.684170	0.000000	
683.200000	4.631883	-42.708726	0.000000	
683.250000	4.636471	-42.733295	0.000000	
683.300000	4.640986	-42.757877	0.000000	
683.350000	4.645437	-42.782471	0.000000	
683.400000	4.649816	-42.807079	0.000000	
683.450000	4.654138	-42.831698	0.000000	
683.500000	4.658402	-42.856327	0.000000	
683.550000	4.662620	-42.880965	0.000000	
683.600000	4.666784	-42.905613	0.000000	
683.650000	4.670905	-42.930268	0.000000	
683.700000	4.675015	-42.954926	0.000000	
683.750000	4.679120	-42.979585	0.000000	
683.800000	4.683203	-43.004247	0.000000	
683.850000	4.687269	-43.028912	0.000000	
683.900000	4.691300	-43.053583	0.000000	
683.950000	4.695300	-43.078260	0.000000	
684.000000	4.699280	-43.102940	0.000000	
684.050000	4.703235	-43.127624	0.000000	
684.100000	4.707172	-43.152311	0.000000	
684.150000	4.711091	-43.177001	0.000000	
684.200000	4.714991	-43.201694	0.000000	
684.250000	4.718904	-43.226385	0.000000	
684.300000	4.722848	-43.251071	0.000000	
684.350000	4.726824	-43.275752	0.000000	
684.400000	4.730828	-43.300428	0.000000	
684.450000	4.734858	-43.325100	0.000000	
684.500000	4.738904	-43.349769	0.000000	
684.550000	4.742979	-43.374433	0.000000	
684.600000	4.747097	-43.399089	0.000000	
684.650000	4.751277	-43.423734	0.000000	
684.700000	4.755497	-43.448371	0.000000	
684.750000	4.759740	-43.473004	0.000000	
684.800000	4.764013	-43.497632	0.000000	
684.850000	4.768324	-43.522253	0.000000	
684.900000	4.772673	-43.546867	0.000000	
684.950000	4.777080	-43.571470	0.000000	
685.000000	4.781553	-43.596061	0.000000	
685.050000	4.786087	-43.620641	0.000000	
685.100000	4.790698	-43.645205	0.000000	
685.150000	4.795403	-43.669752	0.000000	
685.200000	4.800196	-43.694282	0.000000	
685.250000	4.805090	-43.718792	0.000000	
685.300000	4.810063	-43.743288	0.000000	
685.350000	4.815095	-43.767772	0.000000	
685.400000	4.820193	-43.792243	0.000000	
685.450000	4.825333	-43.816706	0.000000	
685.500000	4.830511	-43.841161	0.000000	
685.550000	4.835721	-43.865610	0.000000	
685.600000	4.840956	-43.890053	0.000000	
685.650000	4.846202	-43.914495	0.000000	
685.700000	4.851447	-43.938937	0.000000	
685.750000	4.856713	-43.963374	0.000000	
685.800000	4.862004	-43.987806	0.000000	
685.850000	4.867339	-44.012229	0.000000	
685.900000	4.872714	-44.036642	0.000000	
685.950000	4.878136	-44.061046	0.000000	
686.000000	4.883593	-44.085442	0.000000	
686.050000	4.889057	-44.109837	0.000000	
686.100000	4.894520	-44.134232	0.000000	
686.150000	4.899962	-44.158631	0.000000	
686.200000	4.905376	-44.183037	0.000000	
686.250000	4.910780	-44.207444	0.000000	
686.300000	4.916179	-44.231853	0.000000	
686.350000	4.921583	-44.256261	0.000000	
686.400000	4.927014	-44.280663	0.000000	
686.450000	4.932452	-44.305063	0.000000	
686.500000	4.937924	-44.329455	0.000000	
686.550000	4.943453	-44.353833	0.000000	
686.600000	4.949051	-44.378194	0.000000	
686.650000	4.954703	-44.402543	0.000000	
686.700000	4.960418	-44.426877	0.000000	
686.750000	4.966210	-44.451192	0.000000	
686.800000	4.972051	-44.475495	0.000000	
686.850000	4.977925	-44.499791	0.000000	
686.900000	4.983816	-44.524082	0.000000	
686.950000	4.989748	-44.548362	0.000000	
687.000000	4.995728	-44.572631	0.000000	
687.050000	5.001754	-44.596887	0.000000	
687.100000	5.007830	-44.621132	0.000000	
687.150000	5.013962	-44.645362	0.000000	
687.200000	5.020171	-44.669574	0.000000	
687.250000	5.026453	-44.693769	0.000000	
687.300000	5.032810	-44.717944	0.000000	
687.350000	5.039232	-44.742102	0.000000	
687.400000	5.045722	-44.766243	0.000000	
687.450000	5.052249	-44.790373	0.000000	
687.500000	5.058832	-44.814489	0.000000	
687.550000	5.065451	-44.838596	0.000000	
687.600000	5.072104	-44.862692	0.000000	
687.650000	5.078800	-44.886777	0.000000	
687.700000	5.085533	-44.910851	0.000000	
687.750000	5.092290	-44.934918	0.000000	
687.800000	5.099052	-44.958984	0.000000	
687.850000	5.105853	-44.983039	0.000000	
687.900000	5.112692	-45.007084	0.000000	
687.950000	5.119561	-45.031120	0.000000	
688.000000	5.126448	-45.055152	0.000000	
688.050000	5.133354	-45.079178	0.000000	
688.100000	5.140281	-45.103197	0.000000	
688.150000	5.147247	-45.127206	0.000000	
688.200000	5.154260	-45.151201	0.000000	
688.250000	5.161300	-45.175189	0.000000	
688.300000	5.168368	-45.199168	0.000000	
688.350000	5.175463	-45.223139	0.000000	
688.400000	5.182596	-45.247098	0.000000	
688.450000	5.189773	-45.271043	0.000000	
688.500000	5.197024	-45.294966	0.000000	
688.550000	5.204338	-45.318868	0.000000	
688.600000	5.211715	-45.342750	0.000000	
688.650000	5.219157	-45.366611	0.000000	
688.700000	5.226656	-45.390452	0.000000	
688.750000	5.234220	-45.414272	0.000000	
688.800000	5.241839	-45.438075	0.000000	
688.850000	5.249510	-45.461861	0.000000	
688.900000	5.257218	-45.485636	0.000000	
688.950000	5.264966	-45.509398	0.000000	
689.000000	5.272765	-45.533145	0.000000	
689.050000	5.280604	-45.556879	0.000000	
689.100000	5.288480	-45.580602	0.000000	
689.150000	5.296393	-45.604314	0.000000	
689.200000	5.304336	-45.628015	0.000000	
689.250000	5.312304	-45.651708	0.000000	
689.300000	5.320316	-45.675387	0.000000	
689.350000	5.328366	-45.699054	0.000000	
689.400000	5.336426	-45.722717	0.000000	
689.450000	5.344503	-45.746376	0.000000	
689.500000	5.352577	-45.770034	0.000000	
689.550000	5.360622	-45.793703	0.000000	
689.600000	5.368644	-45.817380	0.000000	
689.650000	5.376652	-45.841061	0.000000	
689.700000	5.384640	-45.864749	0.000000	
689.750000	5.392613	-45.888443	0.000000	
689.800000	5.400568	-45.912143	0.000000	
689.850000	5.408533	-45.935839	0.000000	
689.900000	5.416500	-45.959535	0.000000	
689.950000	5.424471	-45.983229	0.000000	
690.000000	5.432461	-46.006917	0.000000	
690.050000	5.440449	-46.030606	0.000000	
690.100000	5.448441	-46.054293	0.000000	
690.150000	5.456434	-46.077980	0.000000	
690.200000	5.464410	-46.101673	0.000000	
690.250000	5.472368	-46.125371	0.000000	
690.300000	5.480299	-46.149079	0.000000	
690.350000	5.488193	-46.172798	0.000000	
690.400000	5.496068	-46.196524	0.000000	
690.450000	5.503937	-46.220252	0.000000	
690.500000	5.511774	-46.243990	0.000000	
690.550000	5.519595	-46.267733	0.000000	
690.600000	5.527401	-46.291481	0.000000	
690.650000	5.535170	-46.315240	0.000000	
690.700000	5.542897	-46.339013	0.000000	
690.750000	5.550585	-46.362798	0.000000	
690.800000	5.558203	-46.386606	0.000000	
690.850000	5.565772	-46.410429	0.000000	
690.900000	5.573280	-46.434271	0.000000	
690.950000	5.580758	-46.458124	0.000000	
691.000000	5.588217	-46.481983	0.000000	
691.050000	5.595647	-46.505851	0.000000	
691.100000	5.603053	-46.529727	0.000000	
691.150000	5.610427	-46.553613	0.000000	
691.200000	5.617766	-46.577510	0.000000	
691.250000	5.625088	-46.601413	0.000000	
691.300000	5.632408	-46.625316	0.000000	
691.350000	5.639726	-46.649219	0.000000	
691.400000	5.647039	-46.673125	0.000000	
691.450000	5.654353	-46.697029	0.000000	
691.500000	5.661680	-46.720930	0.000000	
691.550000	5.669035	-46.744822	0.000000	
691.600000	5.676420	-46.768703	0.000000	
691.650000	5.683875	-46.792561	0.000000	
691.700000	5.691449	-46.816377	0.000000	
691.750000	5.699156	-46.840145	0.000000	
691.800000	5.707003	-46.863862	0.000000	
691.850000	5.715034	-46.887508	0.000000	
691.900000	5.723278	-46.911070	0.000000	
691.950000	5.731763	-46.934530	0.000000	
692.000000	5.740508	-46.957874	0.000000	
692.050000	5.749525	-46.981091	0.000000	
692.100000	5.758838	-47.004165	0.000000	
692.150000	5.768487	-47.027076	0.000000	
692.200000	5.778506	-47.049803	0.000000	
692.250000	5.788916	-47.072327	0.000000	
692.300000	5.799725	-47.094641	0.000000	
692.350000	5.810924	-47.116742	0.000000	
692.400000	5.822548	-47.138612	0.000000	
692.450000	5.834616	-47.160232	0.000000	
692.500000	5.847131	-47.181588	0.000000	
692.550000	5.860094	-47.202674	0.000000	
692.600000	5.873517	-47.223475	0.000000	
692.650000	5.887396	-47.243988	0.000000	
692.700000	5.901701	-47.264225	0.000000	
692.750000	5.916400	-47.284198	0.000000	
692.800000	5.931484	-47.303908	0.000000	
692.850000	5.946931	-47.323365	0.000000	
692.900000	5.962723	-47.342575	0.000000	
692.950000	5.978823	-47.361555	0.000000	
693.000000	5.995189	-47.380334	0.000000	
693.050000	6.011784	-47.398935	0.000000	
693.100000	6.028573	-47.417383	0.000000	
693.150000	6.045531	-47.435694	0.000000	
693.200000	6.062635	-47.453885	0.000000	
693.250000	6.079858	-47.471975	0.000000	
693.300000	6.097175	-47.489984	0.000000	
693.350000	6.114561	-47.507932	0.000000	
693.400000	6.132020	-47.525816	0.000000	
693.450000	6.149537	-47.543647	0.000000	
693.500000	6.167083	-47.561452	0.000000	
693.550000	6.184637	-47.579248	0.000000	
693.600000	6.202199	-47.597038	0.000000	
693.650000	6.219750	-47.614838	0.000000	
693.700000	6.237288	-47.632651	0.000000	
693.750000	6.254825	-47.650465	0.000000	
693.800000	6.272367	-47.668273	0.000000	
693.850000	6.289913	-47.686079	0.000000	
693.900000	6.307465	-47.703877	0.000000	
693.950000	6.325012	-47.721680	0.000000	
694.000000	6.342555	-47.739488	0.000000	
694.050000	6.360101	-47.757293	0.000000	
694.100000	6.377653	-47.775092	0.000000	
694.150000	6.395209	-47.792886	0.000000	
694.200000	6.412773	-47.810674	0.000000	
694.250000	6.430345	-47.828453	0.000000	
694.300000	6.447928	-47.846222	0.000000	
694.350000	6.465530	-47.863971	0.000000	
694.400000	6.483157	-47.881696	0.000000	
694.450000	6.500799	-47.899407	0.000000	
694.500000	6.518446	-47.917114	0.000000	
694.550000	6.536105	-47.934808	0.000000	
694.600000	6.553772	-47.952494	0.000000	
694.650000	6.571437	-47.970183	0.000000	
694.700000	6.589089	-47.987884	0.000000	
694.750000	6.606735	-48.005591	0.000000	
694.800000	6.624367	-48.023312	0.000000	
694.850000	6.641991	-48.041040	0.000000	
694.900000	6.659594	-48.058791	0.000000	
694.950000	6.677169	-48.076569	0.000000	
695.000000	6.694716	-48.094375	0.000000	
695.050000	6.712226	-48.112217	0.000000	
695.100000	6.729708	-48.130086	0.000000	
695.150000	6.747160	-48.147985	0.000000	
695.200000	6.764592	-48.165902	0.000000	
695.250000	6.782011	-48.183833	0.000000	
695.300000	6.799406	-48.201787	0.000000	
695.350000	6.816784	-48.219757	0.000000	
695.400000	6.834138	-48.237751	0.000000	
695.450000	6.851470	-48.255766	0.000000	
695.500000	6.868772	-48.273810	0.000000	
695.550000	6.886050	-48.291877	0.000000	
695.600000	6.903303	-48.309967	0.000000	
695.650000	6.920537	-48.328076	0.000000	
695.700000	6.937748	-48.346207	0.000000	
695.750000	6.954949	-48.364346	0.000000	
695.800000	6.972126	-48.382509	0.000000	
695.850000	6.989284	-48.400689	0.000000	
695.900000	7.006423	-48.418889	0.000000	
695.950000	7.023545	-48.437104	0.000000	
696.000000	7.040656	-48.455330	0.000000	
696.050000	7.057770	-48.473553	0.000000	
696.100000	7.074882	-48.491778	0.000000	
696.150000	7.091984	-48.510013	0.000000	
696.200000	7.109086	-48.528247	0.000000	
696.250000	7.126185	-48.546484	0.000000	
696.300000	7.143268	-48.564736	0.000000	
696.350000	7.160332	-48.583006	0.000000	
696.400000	7.177372	-48.601297	0.000000	
696.450000	7.194398	-48.619603	0.000000	
696.500000	7.211424	-48.637908	0.000000	
696.550000	7.228449	-48.656213	0.000000	
696.600000	7.245474	-48.674519	0.000000	
696.650000	7.262509	-48.692816	0.000000	
696.700000	7.279539	-48.711117	0.000000	
696.750000	7.296573	-48.729415	0.000000	
696.800000	7.313610	-48.747709	0.000000	
696.850000	7.330670	-48.765983	0.000000	
696.900000	7.347732	-48.784254	0.000000	
696.950000	7.364796	-48.802523	0.000000	
697.000000	7.381870	-48.820783	0.000000	
697.050000	7.398942	-48.839045	0.000000	
697.100000	7.415997	-48.857323	0.000000	
697.150000	7.433034	-48.875617	0.000000	
697.200000	7.450064	-48.893917	0.000000	
697.250000	7.467081	-48.912230	0.000000	
697.300000	7.484081	-48.930558	0.000000	
697.350000	7.501071	-48.948895	0.000000	
697.400000	7.518055	-48.967238	0.000000	
697.450000	7.535045	-48.985576	0.000000	
697.500000	7.552038	-49.003910	0.000000	
697.550000	7.569028	-49.022247	0.000000	
697.600000	7.586026	-49.040577	0.000000	
697.650000	7.603026	-49.058905	0.000000	
697.700000	7.620023	-49.077236	0.000000	
697.750000	7.637039	-49.095549	0.000000	
697.800000	7.654062	-49.113855	0.000000	
697.850000	7.671084	-49.132162	0.000000	
697.900000	7.688105	-49.150471	0.000000	
697.950000	7.705130	-49.168775	0.000000	
698.000000	7.722145	-49.187089	0.000000	
698.050000	7.739146	-49.205416	0.000000	
698.100000	7.756131	-49.223758	0.000000	
698.150000	7.773099	-49.242116	0.000000	
698.200000	7.790053	-49.260486	0.000000	
698.250000	7.806982	-49.278878	0.000000	
698.300000	7.823901	-49.297279	0.000000	
698.350000	7.840821	-49.315679	0.000000	
698.400000	7.857743	-49.334078	0.000000	
698.450000	7.874660	-49.352481	0.000000	
698.500000	7.891567	-49.370892	0.000000	
698.550000	7.908446	-49.389330	0.000000	
698.600000	7.925297	-49.407792	0.000000	
698.650000	7.942132	-49.426270	0.000000	
698.700000	7.958937	-49.444774	0.000000	
698.750000	7.975704	-49.463313	0.000000	
698.800000	7.992414	-49.481903	0.000000	
698.850000	8.009078	-49.500534	0.000000	
698.900000	8.025692	-49.519209	0.000000	
698.950000	8.042241	-49.537943	0.000000	
699.000000	8.058724	-49.556734	0.000000	
699.050000	8.075133	-49.575589	0.000000	
699.100000	8.091458	-49.594516	0.000000	
699.150000	8.107725	-49.613492	0.000000	
699.200000	8.123941	-49.632511	0.000000	
699.250000	8.140108	-49.651570	0.000000	
699.300000	8.156239	-49.670659	0.000000	
699.350000	8.172318	-49.689792	0.000000	
699.400000	8.188352	-49.708964	0.000000	
699.450000	8.204330	-49.728182	0.000000	
699.500000	8.220258	-49.747443	0.000000	
699.550000	8.236114	-49.766762	0.000000	
699.600000	8.251901	-49.786138	0.000000	
699.650000	8.267613	-49.805574	0.000000	
699.700000	8.283250	-49.825073	0.000000	
699.750000	8.298835	-49.844615	0.000000	
699.800000	8.314371	-49.864197	0.000000	
699.850000	8.329861	-49.883816	0.000000	
699.900000	8.345295	-49.903479	0.000000	
699.950000	8.360695	-49.923169	0.000000	
700.000000	8.376054	-49.942893	0.000000	
700.050000	8.391374	-49.962647	0.000000	
700.100000	8.406662	-49.982424	0.000000	
700.150000	8.421938	-50.002212	0.000000	
700.200000	8.437176	-50.022029	0.000000	
700.250000	8.452365	-50.041882	0.000000	
700.300000	8.467510	-50.061768	0.000000	
700.350000	8.482593	-50.081700	0.000000	
700.400000	8.497616	-50.101677	0.000000	
700.450000	8.512564	-50.121710	0.000000	
700.500000	8.527461	-50.141782	0.000000	
700.550000	8.542304	-50.161894	0.000000	
700.600000	8.557101	-50.182038	0.000000	
700.650000	8.571870	-50.202204	0.000000	
700.700000	8.586617	-50.222385	0.000000	
700.750000	8.601316	-50.242601	0.000000	
700.800000	8.615947	-50.262867	0.000000	
700.850000	8.630510	-50.283181	0.000000	
700.900000	8.645018	-50.303535	0.000000	
700.950000	8.659488	-50.323916	0.000000	
701.000000	8.673923	-50.344323	0.000000	
701.050000	8.688341	-50.364743	0.000000	
701.100000	8.702753	-50.385168	0.000000	
701.150000	8.717170	-50.405588	0.000000	
701.200000	8.731598	-50.426000	0.000000	
701.250000	8.746048	-50.446396	0.000000	
701.300000	8.760533	-50.466766	0.000000	
701.350000	8.775077	-50.487091	0.000000	
701.400000	8.789698	-50.507357	0.000000	
701.450000	8.804413	-50.527551	0.000000	
701.500000	8.819244	-50.547654	0.000000	
701.550000	8.834206	-50.567648	0.000000	
701.600000	8.849339	-50.587499	0.000000	
701.650000	8.864671	-50.607177	0.000000	
701.700000	8.880218	-50.626660	0.000000	
701.750000	8.896001	-50.645921	0.000000	
701.800000	8.912053	-50.664925	0.000000	
701.850000	8.928392	-50.683658	0.000000	
701.900000	8.945036	-50.702096	0.000000	
701.950000	8.962001	-50.720215	0.000000	
702.000000	8.979277	-50.738015	0.000000	
702.050000	8.996859	-50.755498	0.000000	
702.100000	9.014749	-50.772653	0.000000	
702.150000	9.032945	-50.789472	0.000000	
702.200000	9.051456	-50.805936	0.000000	
702.250000	9.070270	-50.822053	0.000000	
702.300000	9.089398	-50.837807	0.000000	
702.350000	9.108847	-50.853185	0.000000	
702.400000	9.128604	-50.868189	0.000000	
702.450000	9.148657	-50.882826	0.000000	
702.500000	9.168990	-50.897112	0.000000	
702.550000	9.189578	-50.911078	0.000000	
702.600000	9.210388	-50.924753	0.000000	
702.650000	9.231394	-50.938165	0.000000	
702.700000	9.252576	-50.951327	0.000000	
702.750000	9.273912	-50.964263	0.000000	
702.800000	9.295379	-50.976999	0.000000	
702.850000	9.316948	-50.989577	0.000000	
702.900000	9.338607	-51.002017	0.000000	
702.950000	9.360346	-51.014330	0.000000	
703.000000	9.382137	-51.026557	0.000000	
703.050000	9.403972	-51.038714	0.000000	
703.100000	9.425850	-51.050801	0.000000	
703.150000	9.447751	-51.062848	0.000000	
703.200000	9.469662	-51.074880	0.000000	
703.250000	9.491570	-51.086916	0.000000	
703.300000	9.513481	-51.098947	0.000000	
703.350000	9.535383	-51.110993	0.000000	
703.400000	9.557275	-51.123059	0.000000	
703.450000	9.579154	-51.135148	0.000000	
703.500000	9.601020	-51.147261	0.000000	
703.550000	9.622883	-51.159380	0.000000	
703.600000	9.644742	-51.171507	0.000000	
703.650000	9.666597	-51.183641	0.000000	
703.700000	9.688442	-51.195793	0.000000	
703.750000	9.710272	-51.207971	0.000000	
703.800000	9.732087	-51.220179	0.000000	
703.850000	9.753884	-51.232419	0.000000	
703.900000	9.775675	-51.244669	0.000000	
703.950000	9.797470	-51.256913	0.000000	
704.000000	9.819272	-51.269144	0.000000	
704.050000	9.841093	-51.281340	0.000000	
704.100000	9.862934	-51.293498	0.000000	
704.150000	9.884797	-51.305616	0.000000	
704.200000	9.906685	-51.317690	0.000000	
704.250000	9.928597	-51.329719	0.000000	
704.300000	9.950523	-51.341723	0.000000	
704.350000	9.972450	-51.353727	0.000000	
704.400000	9.994382	-51.365722	0.000000	
704.450000	10.016309	-51.377725	0.000000	
704.500000	10.038231	-51.389737	0.000000	
704.550000	10.060143	-51.401768	0.000000	
704.600000	10.082032	-51.413839	0.000000	
704.650000	10.103907	-51.425934	0.000000	
704.700000	10.125770	-51.438051	0.000000	
704.750000	10.147628	-51.450177	0.000000	
704.800000	10.169488	-51.462299	0.000000	
704.850000	10.191353	-51.474411	0.000000	
704.900000	10.213218	-51.486524	0.000000	
704.950000	10.235075	-51.498652	0.000000	
705.000000	10.256918	-51.510804	0.000000	
705.050000	10.278733	-51.523005	0.000000	
705.100000	10.300517	-51.535264	0.000000	
705.150000	10.322267	-51.547584	0.000000	
705.200000	10.343982	-51.559965	0.000000	
705.250000	10.365662	-51.572411	0.000000	
705.300000	10.387308	-51.584914	0.000000	
705.350000	10.408934	-51.597453	0.000000	
705.400000	10.430557	-51.609999	0.000000	
705.450000	10.452170	-51.622561	0.000000	
705.500000	10.473782	-51.635124	0.000000	
705.550000	10.495381	-51.647710	0.000000	
705.600000	10.516976	-51.660302	0.000000	
705.650000	10.538572	-51.672894	0.000000	
705.700000	10.560157	-51.685504	0.000000	
705.750000	10.581727	-51.698138	0.000000	
705.800000	10.603277	-51.710806	0.000000	
705.850000	10.624800	-51.723520	0.000000	
705.900000	10.646283	-51.736301	0.000000	
705.950000	10.667741	-51.749126	0.000000	
706.000000	10.689176	-51.761988	0.000000	
706.050000	10.710592	-51.774882	0.000000	
706.100000	10.732004	-51.787784	0.000000	
706.150000	10.753415	-51.800687	0.000000	
706.200000	10.774827	-51.813588	0.000000	
706.250000	10.796230	-51.826504	0.000000	
706.300000	10.817639	-51.839410	0.000000	
706.350000	10.839046	-51.852320	0.000000	
706.400000	10.860447	-51.865238	0.000000	
706.450000	10.881828	-51.878191	0.000000	
706.500000	10.903184	-51.891185	0.000000	
706.550000	10.924521	-51.904209	0.000000	
706.600000	10.945846	-51.917255	0.000000	
706.650000	10.967156	-51.930324	0.000000	
706.700000	10.988453	-51.943416	0.000000	
706.750000	11.009753	-51.956503	0.000000	
706.800000	11.031068	-51.969565	0.000000	
706.850000	11.052400	-51.982597	0.000000	
706.900000	11.073743	-51.995613	0.000000	
706.950000	11.095096	-52.008612	0.000000	
707.000000	11.116458	-52.021597	0.000000	
707.050000	11.137823	-52.034577	0.000000	
707.100000	11.159190	-52.047552	0.000000	
707.150000	11.180545	-52.060550	0.000000	
707.200000	11.201873	-52.073589	0.000000	
707.250000	11.223179	-52.086664	0.000000	
707.300000	11.244473	-52.099757	0.000000	
707.350000	11.265749	-52.112881	0.000000	
707.400000	11.287009	-52.126031	0.000000	
707.450000	11.308250	-52.139209	0.000000	
707.500000	11.329489	-52.152392	0.000000	
707.550000	11.350734	-52.165564	0.000000	
707.600000	11.371975	-52.178745	0.000000	
707.650000	11.393208	-52.191937	0.000000	
707.700000	11.414439	-52.205131	0.000000	
707.750000	11.435670	-52.218327	0.000000	
707.800000	11.456893	-52.231536	0.000000	
707.850000	11.478106	-52.244761	0.000000	
707.900000	11.499315	-52.257993	0.000000	
707.950000	11.520528	-52.271218	0.000000	
708.000000	11.541747	-52.284432	0.000000	
708.050000	11.562975	-52.297633	0.000000	
708.100000	11.584209	-52.310823	0.000000	
708.150000	11.605456	-52.323993	0.000000	
708.200000	11.626718	-52.337136	0.000000	
708.250000	11.647999	-52.350250	0.000000	
708.300000	11.669294	-52.363341	0.000000	
708.350000	11.690600	-52.376416	0.000000	
708.400000	11.711914	-52.389477	0.000000	
708.450000	11.733234	-52.402528	0.000000	
708.500000	11.754555	-52.415579	0.000000	
708.550000	11.775871	-52.428637	0.000000	
708.600000	11.797182	-52.441702	0.000000	
708.650000	11.818498	-52.454761	0.000000	
708.700000	11.839811	-52.467824	0.000000	
708.750000	11.861122	-52.480890	0.000000	
708.800000	11.882429	-52.493963	0.000000	
708.850000	11.903726	-52.507051	0.000000	
708.900000	11.925000	-52.520174	0.000000	
708.950000	11.946241	-52.533353	0.000000	
709.000000	11.967441	-52.546594	0.000000	
709.050000	11.988607	-52.559890	0.000000	
709.100000	12.009725	-52.573261	0.000000	
709.150000	12.030796	-52.586705	0.000000	
709.200000	12.051810	-52.600238	0.000000	
709.250000	12.072763	-52.613861	0.000000	
709.300000	12.093657	-52.627573	0.000000	
709.350000	12.114492	-52.641374	0.000000	
709.400000	12.135285	-52.655237	0.000000	
709.450000	12.156041	-52.669156	0.000000	
709.500000	12.176775	-52.683111	0.000000	
709.550000	12.197495	-52.697085	0.000000	
709.600000	12.218218	-52.711056	0.000000	
709.650000	12.238955	-52.725003	0.000000	
709.700000	12.259713	-52.738915	0.000000	
709.750000	12.280519	-52.752745	0.000000	
709.800000	12.301383	-52.766474	0.000000	
709.850000	12.322319	-52.780065	0.000000	
709.900000	12.343352	-52.793473	0.000000	
709.950000	12.364494	-52.806670	0.000000	
710.000000	12.385769	-52.819604	0.000000	
710.050000	12.407186	-52.832249	0.000000	
710.100000	12.428755	-52.844571	0.000000	
710.150000	12.450489	-52.856543	0.000000	
710.200000	12.472404	-52.868117	0.000000	
710.250000	12.494510	-52.879269	0.000000	
710.300000	12.516818	-52.889968	0.000000	
710.350000	12.539335	-52.900193	0.000000	
710.400000	12.562068	-52.909920	0.000000	
710.450000	12.584998	-52.919174	0.000000	
710.500000	12.608127	-52.927934	0.000000	
710.550000	12.631453	-52.936187	0.000000	
710.600000	12.654971	-52.943938	0.000000	
710.650000	12.678667	-52.951196	0.000000	
710.700000	12.702525	-52.957993	0.000000	
710.750000	12.726531	-52.964360	0.000000	
710.800000	12.750665	-52.970341	0.000000	
710.850000	12.774911	-52.975954	0.000000	
710.900000	12.799255	-52.981231	0.000000	
710.950000	12.823676	-52.986227	0.000000	
711.000000	12.848167	-52.990966	0.000000	
711.050000	12.872716	-52.995479	0.000000	
711.100000	12.897310	-52.999803	0.000000	
711.150000	12.921940	-53.003969	0.000000	
711.200000	12.946602	-53.007988	0.000000	
711.250000	12.971288	-53.011885	0.000000	
711.300000	12.995992	-53.015680	0.000000	
711.350000	13.020709	-53.019405	0.000000	
711.400000	13.045437	-53.023070	0.000000	
711.450000	13.070169	-53.026711	0.000000	
711.500000	13.094907	-53.030313	0.000000	
711.550000	13.119646	-53.033913	0.000000	
711.600000	13.144383	-53.037523	0.000000	
711.650000	13.169118	-53.041144	0.000000	
711.700000	13.193850	-53.044787	0.000000	
711.750000	13.218580	-53.048447	0.000000	
711.800000	13.243308	-53.052123	0.000000	
711.850000	13.268034	-53.055811	0.000000	
711.900000	13.292758	-53.059516	0.000000	
711.950000	13.317477	-53.063245	0.000000	
712.000000	13.342194	-53.066999	0.000000	
712.050000	13.366907	-53.070770	0.000000	
712.100000	13.391618	-53.074557	0.000000	
712.150000	13.416330	-53.078333	0.000000	
712.200000	13.441043	-53.082107	0.000000	
712.250000	13.465754	-53.085893	0.000000	
712.300000	13.490459	-53.089716	0.000000	
712.350000	13.515158	-53.093574	0.000000	
712.400000	13.539853	-53.097463	0.000000	
712.450000	13.564541	-53.101390	0.000000	
712.500000	13.589225	-53.105343	0.000000	
712.550000	13.613904	-53.109328	0.000000	
712.600000	13.638577	-53.113347	0.000000	
712.650000	13.663243	-53.117405	0.000000	
712.700000	13.687904	-53.121493	0.000000	
712.750000	13.712562	-53.125606	0.000000	
712.800000	13.737218	-53.129731	0.000000	
712.850000	13.761872	-53.133869	0.000000	
712.900000	13.786524	-53.138017	0.000000	
712.950000	13.811171	-53.142195	0.000000	
713.000000	13.835811	-53.146414	0.000000	
713.050000	13.860448	-53.150651	0.000000	
713.100000	13.885083	-53.154902	0.000000	
713.150000	13.909714	-53.159173	0.000000	
713.200000	13.934336	-53.163492	0.000000	
713.250000	13.958953	-53.167848	0.000000	
713.300000	13.983568	-53.172213	0.000000	
713.350000	14.008186	-53.176560	0.000000	
713.400000	14.032809	-53.180876	0.000000	
713.450000	14.057436	-53.185168	0.000000	
713.500000	14.082067	-53.189439	0.000000	
713.550000	14.106703	-53.193675	0.000000	
713.600000	14.131343	-53.197891	0.000000	
713.650000	14.155989	-53.202068	0.000000	
713.700000	14.180642	-53.206205	0.000000	
713.750000	14.205298	-53.210324	0.000000	
713.800000	14.229952	-53.214454	0.000000	
713.850000	14.254600	-53.218620	0.000000	
713.900000	14.279240	-53.222825	0.000000	
713.950000	14.303873	-53.227074	0.000000	
714.000000	14.328498	-53.231362	0.000000	
714.050000	14.353120	-53.235666	0.000000	
714.100000	14.377739	-53.239981	0.000000	
714.150000	14.402359	-53.244293	0.000000	
714.200000	14.426981	-53.248597	0.000000	
714.250000	14.451609	-53.252867	0.000000	
714.300000	14.476238	-53.257128	0.000000	
714.350000	14.500863	-53.261411	0.000000	
714.400000	14.525481	-53.265737	0.000000	
714.450000	14.550092	-53.270104	0.000000	
714.500000	14.574701	-53.274483	0.000000	
714.550000	14.599312	-53.278852	0.000000	
714.600000	14.623920	-53.283237	0.000000	
714.650000	14.648527	-53.287630	0.000000	
714.700000	14.673131	-53.292038	0.000000	
714.750000	14.697731	-53.296479	0.000000	
714.800000	14.722324	-53.300951	0.000000	
714.850000	14.746915	-53.305437	0.000000	
714.900000	14.771504	-53.309936	0.000000	
714.950000	14.796096	-53.314421	0.000000	
715.000000	14.820691	-53.318886	0.000000	
715.050000	14.845290	-53.323332	0.000000	
715.100000	14.869892	-53.327765	0.000000	
715.150000	14.894492	-53.332205	0.000000	
715.200000	14.919089	-53.336663	0.000000	
715.250000	14.943682	-53.341143	0.000000	
715.300000	14.968270	-53.345655	0.000000	
715.350000	14.992856	-53.350173	0.000000	
715.400000	15.017443	-53.354685	0.000000	
715.450000	15.042031	-53.359193	0.000000	
715.500000	15.066614	-53.363727	0.000000	
715.550000	15.091189	-53.368305	0.000000	
715.600000	15.115756	-53.372928	0.000000	
715.650000	15.140321	-53.377566	0.000000	
715.700000	15.164883	-53.382219	0.000000	
715.750000	15.189440	-53.386899	0.000000	
715.800000	15.213995	-53.391592	0.000000	
715.850000	15.238549	-53.396289	0.000000	
715.900000	15.263101	-53.401000	0.000000	
715.950000	15.287655	-53.405697	0.000000	
716.000000	15.312208	-53.410401	0.000000	
716.050000	15.336762	-53.415098	0.000000	
716.100000	15.361318	-53.419785	0.000000	
716.150000	15.385875	-53.424465	0.000000	
716.200000	15.410435	-53.429132	0.000000	
716.250000	15.434998	-53.433782	0.000000	
716.300000	15.459566	-53.438409	0.000000	
716.350000	15.484134	-53.443028	0.000000	
716.400000	15.508701	-53.447660	0.000000	
716.450000	15.533266	-53.452300	0.000000	
716.500000	15.557830	-53.456942	0.000000	
716.550000	15.582398	-53.461566	0.000000	
716.600000	15.606970	-53.466170	0.000000	
716.650000	15.631540	-53.470784	0.000000	
716.700000	15.656104	-53.475428	0.000000	
716.750000	15.680662	-53.480108	0.000000	
716.800000	15.705216	-53.484803	0.000000	
716.850000	15.729767	-53.489514	0.000000	
716.900000	15.754314	-53.494248	0.000000	
716.950000	15.778858	-53.498994	0.000000	
717.000000	15.803398	-53.503758	0.000000	
717.050000	15.827938	-53.508527	0.000000	
717.100000	15.852473	-53.513318	0.000000	
717.150000	15.877001	-53.518146	0.000000	
717.200000	15.901520	-53.523017	0.000000	
717.250000	15.926030	-53.527933	0.000000	
717.300000	15.950531	-53.532890	0.000000	
717.350000	15.975018	-53.537919	0.000000	
717.400000	15.999495	-53.542994	0.000000	
717.450000	16.023967	-53.548094	0.000000	
717.500000	16.048433	-53.553224	0.000000	
717.550000	16.072891	-53.558392	0.000000	
717.600000	16.097337	-53.563618	0.000000	
717.650000	16.121766	-53.568920	0.000000	
717.700000	16.146181	-53.574280	0.000000	
717.750000	16.170586	-53.579687	0.000000	
717.800000	16.194982	-53.585135	0.000000	
717.850000	16.219367	-53.590629	0.000000	
717.900000	16.243745	-53.596158	0.000000	
717.950000	16.268114	-53.601724	0.000000	
718.000000	16.292473	-53.607334	0.000000	
718.050000	16.316824	-53.612982	0.000000	
718.100000	16.341162	-53.618689	0.000000	
718.150000	16.365486	-53.624454	0.000000	
718.200000	16.389804	-53.630247	0.000000	
718.250000	16.414116	-53.636065	0.000000	
718.300000	16.438424	-53.641898	0.000000	
718.350000	16.462726	-53.647758	0.000000	
718.400000	16.487025	-53.653632	0.000000	
718.450000	16.511316	-53.659534	0.000000	
718.500000	16.535599	-53.665477	0.000000	
718.550000	16.559874	-53.671449	0.000000	
718.600000	16.584148	-53.677432	0.000000	
718.650000	16.608418	-53.683427	0.000000	
718.700000	16.632687	-53.689425	0.000000	
718.750000	16.656955	-53.695427	0.000000	
718.800000	16.681217	-53.701457	0.000000	
718.850000	16.705474	-53.707499	0.000000	
718.900000	16.729724	-53.713573	0.000000	
718.950000	16.753966	-53.719678	0.000000	
719.000000	16.778204	-53.725801	0.000000	
719.050000	16.802436	-53.731943	0.000000	
719.100000	16.826660	-53.738122	0.000000	
719.150000	16.850875	-53.744330	0.000000	
719.200000	16.875081	-53.750572	0.000000	
719.250000	16.899273	-53.756868	0.000000	
719.300000	16.923449	-53.763222	0.000000	
719.350000	16.947611	-53.769628	0.000000	
719.400000	16.971759	-53.776084	0.000000	
719.450000	16.995890	-53.782603	0.000000	
719.500000	17.020006	-53.789178	0.000000	
719.550000	17.044103	-53.795817	0.000000	
719.600000	17.068178	-53.802536	0.000000	
719.650000	17.092228	-53.809345	0.000000	
719.700000	17.116261	-53.816215	0.000000	
719.750000	17.140283	-53.823122	0.000000	
719.800000	17.164294	-53.830071	0.000000	
719.850000	17.188300	-53.837037	0.000000	
719.900000	17.212300	-53.844025	0.000000	
719.950000	17.236302	-53.851007	0.000000	
720.000000	17.260302	-53.857994	0.000000	
720.050000	17.284298	-53.865000	0.000000	
720.100000	17.308290	-53.872015	0.000000	
720.150000	17.332281	-53.879038	0.000000	
720.200000	17.356274	-53.886052	0.000000	
720.250000	17.380273	-53.893045	0.000000	
720.300000	17.404280	-53.900010	0.000000	
720.350000	17.428295	-53.906947	0.000000	
720.400000	17.452316	-53.913862	0.000000	
720.450000	17.476342	-53.920759	0.000000	
720.500000	17.500379	-53.927618	0.000000	
720.550000	17.524427	-53.934443	0.000000	
720.600000	17.548488	-53.941216	0.000000	
720.650000	17.572568	-53.947927	0.000000	
720.700000	17.596676	-53.954538	0.000000	
720.750000	17.620812	-53.961034	0.000000	
720.800000	17.644978	-53.967408	0.000000	
720.850000	17.669178	-53.973630	0.000000	
720.900000	17.693414	-53.979687	0.000000	
720.950000	17.717685	-53.985561	0.000000	
721.000000	17.741991	-53.991244	0.000000	
721.050000	17.766335	-53.996700	0.000000	
721.100000	17.790721	-54.001874	0.000000	
721.150000	17.815152	-54.006726	0.000000	
721.200000	17.839625	-54.011244	0.000000	
721.250000	17.864139	-54.015419	0.000000	
721.300000	17.888693	-54.019221	0.000000	
721.350000	17.913283	-54.022622	0.000000	
721.400000	17.937909	-54.025582	0.000000	
721.450000	17.962566	-54.028067	0.000000	
721.500000	17.987252	-54.030058	0.000000	
721.550000	18.011962	-54.031534	0.000000	
721.600000	18.036695	-54.032488	0.000000	
721.650000	18.061446	-54.032916	0.000000	
721.700000	18.086209	-54.032792	0.000000	
721.750000	18.110971	-54.032136	0.000000	
721.800000	18.135723	-54.030964	0.000000	
721.850000	18.160461	-54.029298	0.000000	
721.900000	18.185181	-54.027166	0.000000	
721.950000	18.209877	-54.024580	0.000000	
722.000000	18.234542	-54.021555	0.000000	
722.050000	18.259176	-54.018120	0.000000	
722.100000	18.283775	-54.014311	0.000000	
722.150000	18.308339	-54.010171	0.000000	
722.200000	18.332867	-54.005746	0.000000	
722.250000	18.357359	-54.001041	0.000000	
722.300000	18.381809	-53.996060	0.000000	
722.350000	18.406221	-53.990832	0.000000	
722.400000	18.430594	-53.985388	0.000000	
722.450000	18.454935	-53.979762	0.000000	
722.500000	18.479246	-53.973991	0.000000	
722.550000	18.503529	-53.968088	0.000000	
722.600000	18.527792	-53.962089	0.000000	
722.650000	18.552034	-53.955996	0.000000	
722.700000	18.576253	-53.949807	0.000000	
722.750000	18.600455	-53.943547	0.000000	
722.800000	18.624645	-53.937243	0.000000	
722.850000	18.648830	-53.930914	0.000000	
722.900000	18.673006	-53.924554	0.000000	
722.950000	18.697174	-53.918162	0.000000	
723.000000	18.721340	-53.911760	0.000000	
723.050000	18.745509	-53.905373	0.000000	
723.100000	18.769681	-53.898993	0.000000	
723.150000	18.793854	-53.892621	0.000000	
723.200000	18.818028	-53.886252	0.000000	
723.250000	18.842205	-53.879896	0.000000	
723.300000	18.866391	-53.873576	0.000000	
723.350000	18.890586	-53.867294	0.000000	
723.400000	18.914795	-53.861065	0.000000	
723.450000	18.939015	-53.854885	0.000000	
723.500000	18.963247	-53.848752	0.000000	
723.550000	18.987494	-53.842682	0.000000	
723.600000	19.011756	-53.836677	0.000000	
723.650000	19.036029	-53.830713	0.000000	
723.700000	19.060309	-53.824779	0.000000	
723.750000	19.084598	-53.818880	0.000000	
723.800000	19.108897	-53.813017	0.000000	
723.850000	19.133201	-53.807174	0.000000	
723.900000	19.157505	-53.801331	0.000000	
723.950000	19.181812	-53.795500	0.000000	
724.000000	19.206117	-53.789663	0.000000	
724.050000	19.230414	-53.783795	0.000000	
724.100000	19.254700	-53.777885	0.000000	
724.150000	19.278971	-53.771922	0.000000	
724.200000	19.303226	-53.765900	0.000000	
724.250000	19.327471	-53.759840	0.000000	
724.300000	19.351701	-53.753723	0.000000	
724.350000	19.375908	-53.747520	0.000000	
724.400000	19.400098	-53.741249	0.000000	
724.450000	19.424263	-53.734889	0.000000	
724.500000	19.448407	-53.728446	0.000000	
724.550000	19.472531	-53.721923	0.000000	
724.600000	19.496634	-53.715319	0.000000	
724.650000	19.520721	-53.708647	0.000000	
724.700000	19.544789	-53.701901	0.000000	
724.750000	19.568837	-53.695084	0.000000	
724.800000	19.592865	-53.688192	0.000000	
724.850000	19.616871	-53.681222	0.000000	
724.900000	19.640848	-53.674159	0.000000	
724.950000	19.664803	-53.667018	0.000000	
725.000000	19.688733	-53.659795	0.000000	
725.050000	19.712640	-53.652500	0.000000	
725.100000	19.736524	-53.645131	0.000000	
725.150000	19.760386	-53.637695	0.000000	
725.200000	19.784232	-53.630209	0.000000	
725.250000	19.808065	-53.622682	0.000000	
725.300000	19.831879	-53.615094	0.000000	
725.350000	19.855674	-53.607448	0.000000	
725.400000	19.879453	-53.599755	0.000000	
725.450000	19.903221	-53.592021	0.000000	
725.500000	19.926979	-53.584261	0.000000	
725.550000	19.950727	-53.576467	0.000000	
725.600000	19.974468	-53.568651	0.000000	
725.650000	19.998201	-53.560808	0.000000	
725.700000	20.021923	-53.552928	0.000000	
725.750000	20.045633	-53.545010	0.000000	
725.800000	20.069337	-53.537071	0.000000	
725.850000	20.093037	-53.529118	0.000000	
725.900000	20.116734	-53.521159	0.000000	
725.950000	20.140439	-53.513224	0.000000	
726.000000	20.164150	-53.505307	0.000000	
726.050000	20.187864	-53.497396	0.000000	
726.100000	20.211587	-53.489515	0.000000	
726.150000	20.235321	-53.481666	0.000000	
726.200000	20.259062	-53.473837	0.000000	
726.250000	20.282813	-53.466038	0.000000	
726.300000	20.306569	-53.458255	0.000000	
726.350000	20.330328	-53.450479	0.000000	
726.400000	20.354091	-53.442717	0.000000	
726.450000	20.377858	-53.434963	0.000000	
726.500000	20.401619	-53.427195	0.000000	
726.550000	20.425373	-53.419404	0.000000	
726.600000	20.449117	-53.411585	0.000000	
726.650000	20.472853	-53.403742	0.000000	
726.700000	20.496571	-53.395847	0.000000	
726.750000	20.520279	-53.387918	0.000000	
726.800000	20.543979	-53.379969	0.000000	
726.850000	20.567670	-53.371989	0.000000	
726.900000	20.591346	-53.363970	0.000000	
726.950000	20.615011	-53.355917	0.000000	
727.000000	20.638660	-53.347815	0.000000	
727.050000	20.662287	-53.339655	0.000000	
727.100000	20.685897	-53.331443	0.000000	
727.150000	20.709487	-53.323175	0.000000	
727.200000	20.733054	-53.314845	0.000000	
727.250000	20.756608	-53.306475	0.000000	
727.300000	20.780148	-53.298064	0.000000	
727.350000	20.803674	-53.289614	0.000000	
727.400000	20.827186	-53.281123	0.000000	
727.450000	20.850676	-53.272571	0.000000	
727.500000	20.874152	-53.263982	0.000000	
727.550000	20.897622	-53.255377	0.000000	
727.600000	20.921087	-53.246757	0.000000	
727.650000	20.944547	-53.238124	0.000000	
727.700000	20.967997	-53.229463	0.000000	
727.750000	20.991440	-53.220782	0.000000	
727.800000	21.014871	-53.212067	0.000000	
727.850000	21.038284	-53.203305	0.000000	
727.900000	21.061679	-53.194495	0.000000	
727.950000	21.085053	-53.185631	0.000000	
728.000000	21.108407	-53.176718	0.000000	
728.050000	21.131742	-53.167756	0.000000	
728.100000	21.155058	-53.158746	0.000000	
728.150000	21.178362	-53.149704	0.000000	
728.200000	21.201649	-53.140622	0.000000	
728.250000	21.224924	-53.131509	0.000000	
728.300000	21.248185	-53.122361	0.000000	
728.350000	21.271435	-53.113183	0.000000	
728.400000	21.294669	-53.103963	0.000000	
728.450000	21.317899	-53.094735	0.000000	
728.500000	21.341133	-53.085514	0.000000	
728.550000	21.364362	-53.076282	0.000000	
728.600000	21.387588	-53.067041	0.000000	
728.650000	21.410809	-53.057786	0.000000	
728.700000	21.434027	-53.048526	0.000000	
728.750000	21.457240	-53.039250	0.000000	
728.800000	21.480454	-53.029978	0.000000	
728.850000	21.503675	-53.020726	0.000000	
728.900000	21.526909	-53.011508	0.000000	
728.950000	21.550163	-53.002340	0.000000	
729.000000	21.573442	-52.993238	0.000000	
729.050000	21.596749	-52.984211	0.000000	
729.100000	21.620084	-52.975258	0.000000	
729.150000	21.643448	-52.966381	0.000000	
729.200000	21.666837	-52.957566	0.000000	
729.250000	21.690249	-52.948812	0.000000	
729.300000	21.713686	-52.940123	0.000000	
729.350000	21.737139	-52.931475	0.000000	
729.400000	21.760605	-52.922862	0.000000	
729.450000	21.784094	-52.914312	0.000000	
729.500000	21.807600	-52.905804	0.000000	
729.550000	21.831122	-52.897343	0.000000	
729.600000	21.854661	-52.888930	0.000000	
729.650000	21.878216	-52.880560	0.000000	
729.700000	21.901790	-52.872242	0.000000	
729.750000	21.925381	-52.863975	0.000000	
729.800000	21.948992	-52.855761	0.000000	
729.850000	21.972621	-52.847601	0.000000	
729.900000	21.996267	-52.839492	0.000000	
729.950000	22.019931	-52.831434	0.000000	
730.000000	22.043615	-52.823439	0.000000	
730.050000	22.067321	-52.815517	0.000000	
730.100000	22.091051	-52.807670	0.000000	
730.150000	22.114802	-52.799891	0.000000	
730.200000	22.138581	-52.792207	0.000000	
730.250000	22.162389	-52.784614	0.000000	
730.300000	22.186223	-52.777109	0.000000	
730.350000	22.210086	-52.769694	0.000000	
730.400000	22.233985	-52.762395	0.000000	
730.450000	22.257913	-52.755191	0.000000	
730.500000	22.281869	-52.748082	0.000000	
730.550000	22.305853	-52.741068	0.000000	
730.600000	22.329861	-52.734128	0.000000	
730.650000	22.353895	-52.727282	0.000000	
730.700000	22.377959	-52.720534	0.000000	
730.750000	22.402046	-52.713869	0.000000	
730.800000	22.426160	-52.707299	0.000000	
730.850000	22.450302	-52.700829	0.000000	
730.900000	22.474470	-52.694451	0.000000	
730.950000	22.498658	-52.688145	0.000000	
731.000000	22.522864	-52.681900	0.000000	
731.050000	22.547080	-52.675698	0.000000	
731.100000	22.571302	-52.669513	0.000000	
731.150000	22.595524	-52.663331	0.000000	
731.200000	22.619753	-52.657174	0.000000	
731.250000	22.643985	-52.651032	0.000000	
731.300000	22.668218	-52.644889	0.000000	
731.350000	22.692451	-52.638752	0.000000	
731.400000	22.716686	-52.632619	0.000000	
731.450000	22.740921	-52.626485	0.000000	
731.500000	22.765154	-52.620346	0.000000	
731.550000	22.789380	-52.614177	0.000000	
731.600000	22.813603	-52.608000	0.000000	
731.650000	22.837826	-52.601821	0.000000	
731.700000	22.862048	-52.595638	0.000000	
731.750000	22.886267	-52.589445	0.000000	
731.800000	22.910486	-52.583251	0.000000	
731.850000	22.934703	-52.577046	0.000000	
731.900000	22.958914	-52.570821	0.000000	
731.950000	22.983122	-52.564584	0.000000	
732.000000	23.007333	-52.558355	0.000000	
732.050000	23.031544	-52.552129	0.000000	
732.100000	23.055760	-52.545923	0.000000	
732.150000	23.079982	-52.539740	0.000000	
732.200000	23.104208	-52.533572	0.000000	
732.250000	23.128432	-52.527398	0.000000	
732.300000	23.152657	-52.521227	0.000000	
732.350000	23.176890	-52.515089	0.000000	
732.400000	23.201131	-52.508983	0.000000	
732.450000	23.225376	-52.502893	0.000000	
732.500000	23.249626	-52.496822	0.000000	
732.550000	23.273886	-52.490789	0.000000	
732.600000	23.298155	-52.484794	0.000000	
732.650000	23.322434	-52.478839	0.000000	
732.700000	23.346727	-52.472938	0.000000	
732.750000	23.371029	-52.467077	0.000000	
732.800000	23.395342	-52.461266	0.000000	
732.850000	23.419666	-52.455502	0.000000	
732.900000	23.443998	-52.449771	0.000000	
732.950000	23.468340	-52.444085	0.000000	
733.000000	23.492691	-52.438437	0.000000	
733.050000	23.517047	-52.432807	0.000000	
733.100000	23.541411	-52.427218	0.000000	
733.150000	23.565783	-52.421659	0.000000	
733.200000	23.590161	-52.416132	0.000000	
733.250000	23.614545	-52.410628	0.000000	
733.300000	23.638936	-52.405149	0.000000	
733.350000	23.663328	-52.399676	0.000000	
733.400000	23.687717	-52.394194	0.000000	
733.450000	23.712106	-52.388710	0.000000	
733.500000	23.736496	-52.383227	0.000000	
733.550000	23.760881	-52.377726	0.000000	
733.600000	23.785265	-52.372222	0.000000	
733.650000	23.809652	-52.366731	0.000000	
733.700000	23.834042	-52.361250	0.000000	
733.750000	23.858434	-52.355782	0.000000	
733.800000	23.882830	-52.350331	0.000000	
733.850000	23.907224	-52.344872	0.000000	
733.900000	23.931615	-52.339397	0.000000	
733.950000	23.956004	-52.333913	0.000000	
734.000000	23.980391	-52.328423	0.000000	
734.050000	24.004773	-52.322907	0.000000	
734.100000	24.029148	-52.317361	0.000000	
734.150000	24.053511	-52.311767	0.000000	
734.200000	24.077863	-52.306120	0.000000	
734.250000	24.102203	-52.300428	0.000000	
734.300000	24.126536	-52.294700	0.000000	
734.350000	24.150864	-52.288960	0.000000	
734.400000	24.175189	-52.283200	0.000000	
734.450000	24.199506	-52.277414	0.000000	
734.500000	24.223816	-52.271596	0.000000	
734.550000	24.248122	-52.265764	0.000000	
734.600000	24.272423	-52.259915	0.000000	
734.650000	24.296713	-52.254021	0.000000	
734.700000	24.320990	-52.248078	0.000000	
734.750000	24.345248	-52.242056	0.000000	
734.800000	24.369485	-52.235952	0.000000	
734.850000	24.393699	-52.229752	0.000000	
734.900000	24.417893	-52.223474	0.000000	
734.950000	24.442071	-52.217134	0.000000	
735.000000	24.466234	-52.210732	0.000000	
735.050000	24.490382	-52.204272	0.000000	
735.100000	24.514516	-52.197759	0.000000	
735.150000	24.538639	-52.191200	0.000000	
735.200000	24.562750	-52.184600	0.000000	
735.250000	24.586848	-52.177953	0.000000	
735.300000	24.610933	-52.171259	0.000000	
735.350000	24.635009	-52.164532	0.000000	
735.400000	24.659071	-52.157756	0.000000	
735.450000	24.683122	-52.150937	0.000000	
735.500000	24.707163	-52.144084	0.000000	
735.550000	24.731191	-52.137186	0.000000	
735.600000	24.755202	-52.130226	0.000000	
735.650000	24.779200	-52.123224	0.000000	
735.700000	24.803188	-52.116189	0.000000	
735.750000	24.827161	-52.109104	0.000000	
735.800000	24.851120	-52.101971	0.000000	
735.850000	24.875058	-52.094776	0.000000	
735.900000	24.898975	-52.087512	0.000000	
735.950000	24.922865	-52.080168	0.000000	
736.000000	24.946731	-52.072745	0.000000	
736.050000	24.970572	-52.065245	0.000000	
736.100000	24.994382	-52.057651	0.000000	
736.150000	25.018161	-52.049963	0.000000	
736.200000	25.041907	-52.042174	0.000000	
736.250000	25.065627	-52.034307	0.000000	
736.300000	25.089326	-52.026379	0.000000	
736.350000	25.113012	-52.018408	0.000000	
736.400000	25.136680	-52.010381	0.000000	
736.450000	25.160328	-52.002290	0.000000	
736.500000	25.183955	-51.994139	0.000000	
736.550000	25.207559	-51.985917	0.000000	
736.600000	25.231137	-51.977618	0.000000	
736.650000	25.254697	-51.969269	0.000000	
736.700000	25.278231	-51.960844	0.000000	
736.750000	25.301739	-51.952345	0.000000	
736.800000	25.325220	-51.943771	0.000000	
736.850000	25.348682	-51.935143	0.000000	
736.900000	25.372121	-51.926456	0.000000	
736.950000	25.395548	-51.917735	0.000000	
737.000000	25.418963	-51.908984	0.000000	
737.050000	25.442357	-51.900178	0.000000	
737.100000	25.465727	-51.891310	0.000000	
737.150000	25.489073	-51.882384	0.000000	
737.200000	25.512396	-51.873398	0.000000	
737.250000	25.535701	-51.864371	0.000000	
737.300000	25.558986	-51.855290	0.000000	
737.350000	25.582238	-51.846131	0.000000	
737.400000	25.605457	-51.836884	0.000000	
737.450000	25.628647	-51.827561	0.000000	
737.500000	25.651812	-51.818175	0.000000	
737.550000	25.674953	-51.808726	0.000000	
737.600000	25.698071	-51.799221	0.000000	
737.650000	25.721178	-51.789689	0.000000	
737.700000	25.744265	-51.780103	0.000000	
737.750000	25.767335	-51.770478	0.000000	
737.800000	25.790379	-51.760790	0.000000	
737.850000	25.813394	-51.751035	0.000000	
737.900000	25.836366	-51.741183	0.000000	
737.950000	25.859292	-51.731231	0.000000	
738.000000	25.882169	-51.721171	0.000000	
738.050000	25.904983	-51.710977	0.000000	
738.100000	25.927727	-51.700641	0.000000	
738.150000	25.950400	-51.690163	0.000000	
738.200000	25.972987	-51.679523	0.000000	
738.250000	25.995472	-51.668696	0.000000	
738.300000	26.017847	-51.657668	0.000000	
738.350000	26.040094	-51.646415	0.000000	
738.400000	26.062213	-51.634939	0.000000	
738.450000	26.084192	-51.623221	0.000000	
738.500000	26.106019	-51.611245	0.000000	
738.550000	26.127689	-51.598999	0.000000	
738.600000	26.149193	-51.586473	0.000000	
738.650000	26.170513	-51.573648	0.000000	
738.700000	26.191630	-51.560496	0.000000	
738.750000	26.212530	-51.547006	0.000000	
738.800000	26.233195	-51.533160	0.000000	
738.850000	26.253633	-51.518980	0.000000	
738.900000	26.273836	-51.504464	0.000000	
738.950000	26.293804	-51.489629	0.000000	
739.000000	26.313541	-51.474481	0.000000	
739.050000	26.333045	-51.459022	0.000000	
739.100000	26.352341	-51.443286	0.000000	
739.150000	26.371448	-51.427303	0.000000	
739.200000	26.390369	-51.411082	0.000000	
739.250000	26.409133	-51.394662	0.000000	
739.300000	26.427759	-51.378073	0.000000	
739.350000	26.446261	-51.361330	0.000000	
739.400000	26.464645	-51.344448	0.000000	
739.450000	26.482921	-51.327438	0.000000	
739.500000	26.501088	-51.310301	0.000000	
739.550000	26.519157	-51.293052	0.000000	
739.600000	26.537125	-51.275690	0.000000	
739.650000	26.555013	-51.258237	0.000000	
739.700000	26.572842	-51.240718	0.000000	
739.750000	26.590625	-51.223151	0.000000	
739.800000	26.608375	-51.205547	0.000000	
739.850000	26.626113	-51.187933	0.000000	
739.900000	26.643853	-51.170320	0.000000	
739.950000	26.661607	-51.152720	0.000000	
740.000000	26.679391	-51.135152	0.000000	
740.050000	26.697208	-51.117616	0.000000	
740.100000	26.715069	-51.100126	0.000000	
740.150000	26.732975	-51.082682	0.000000	
740.200000	26.750927	-51.065287	0.000000	
740.250000	26.768937	-51.047954	0.000000	
740.300000	26.786999	-51.030677	0.000000	
740.350000	26.805120	-51.013466	0.000000	
740.400000	26.823303	-50.996324	0.000000	
740.450000	26.841544	-50.979245	0.000000	
740.500000	26.859850	-50.962240	0.000000	
740.550000	26.878224	-50.945308	0.000000	
740.600000	26.896674	-50.928461	0.000000	
740.650000	26.915214	-50.911714	0.000000	
740.700000	26.933842	-50.895068	0.000000	
740.750000	26.952562	-50.878528	0.000000	
740.800000	26.971385	-50.862108	0.000000	
740.850000	26.990318	-50.845817	0.000000	
740.900000	27.009357	-50.829648	0.000000	
740.950000	27.028497	-50.813601	0.000000	
741.000000	27.047740	-50.797674	0.000000	
741.050000	27.067083	-50.781867	0.000000	
741.100000	27.086532	-50.766188	0.000000	
741.150000	27.106079	-50.750628	0.000000	
741.200000	27.125713	-50.735177	0.000000	
741.250000	27.145426	-50.719823	0.000000	
741.300000	27.165208	-50.704557	0.000000	
741.350000	27.185052	-50.689369	0.000000	
741.400000	27.204956	-50.674258	0.000000	
741.450000	27.224915	-50.659220	0.000000	
741.500000	27.244937	-50.644263	0.000000	
741.550000	27.265006	-50.629367	0.000000	
741.600000	27.285127	-50.614538	0.000000	
741.650000	27.305299	-50.599774	0.000000	
741.700000	27.325510	-50.585064	0.000000	
741.750000	27.345747	-50.570387	0.000000	
741.800000	27.366005	-50.555739	0.000000	
741.850000	27.386276	-50.541108	0.000000	
741.900000	27.406568	-50.526507	0.000000	
741.950000	27.426887	-50.511943	0.000000	
742.000000	27.447227	-50.497410	0.000000	
742.050000	27.467585	-50.482901	0.000000	
742.100000	27.487963	-50.468420	0.000000	
742.150000	27.508352	-50.453955	0.000000	
742.200000	27.528738	-50.439485	0.000000	
742.250000	27.549126	-50.425019	0.000000	
742.300000	27.569529	-50.410574	0.000000	
742.350000	27.589943	-50.396144	0.000000	
742.400000	27.610373	-50.381737	0.000000	
742.450000	27.630815	-50.367347	0.000000	
742.500000	27.651258	-50.352959	0.000000	
742.550000	27.671714	-50.338589	0.000000	
742.600000	27.692190	-50.324248	0.000000	
742.650000	27.712697	-50.309952	0.000000	
742.700000	27.733223	-50.295683	0.000000	
742.750000	27.753769	-50.281443	0.000000	
742.800000	27.774335	-50.267232	0.000000	
742.850000	27.794917	-50.253044	0.000000	
742.900000	27.815501	-50.238858	0.000000	
742.950000	27.836067	-50.224647	0.000000	
743.000000	27.856596	-50.210385	0.000000	
743.050000	27.877065	-50.196043	0.000000	
743.100000	27.897470	-50.181618	0.000000	
743.150000	27.917783	-50.167076	0.000000	
743.200000	27.938006	-50.152419	0.000000	
743.250000	27.958138	-50.137652	0.000000	
743.300000	27.978149	-50.122739	0.000000	
743.350000	27.998018	-50.107656	0.000000	
743.400000	28.017743	-50.092403	0.000000	
743.450000	28.037301	-50.076958	0.000000	
743.500000	28.056664	-50.061291	0.000000	
743.550000	28.075821	-50.045398	0.000000	
743.600000	28.094753	-50.029257	0.000000	
743.650000	28.113457	-50.012866	0.000000	
743.700000	28.131906	-49.996197	0.000000	
743.750000	28.150092	-49.979246	0.000000	
743.800000	28.168012	-49.962011	0.000000	
743.850000	28.185657	-49.944491	0.000000	
743.900000	28.203034	-49.926690	0.000000	
743.950000	28.220163	-49.908634	0.000000	
744.000000	28.237048	-49.890332	0.000000	
744.050000	28.253697	-49.871797	0.000000	
744.100000	28.270137	-49.853063	0.000000	
744.150000	28.286367	-49.834133	0.000000	
744.200000	28.302410	-49.815033	0.000000	
744.250000	28.318274	-49.795771	0.000000	
744.300000	28.333962	-49.776352	0.000000	
744.350000	28.349512	-49.756812	0.000000	
744.400000	28.364926	-49.737156	0.000000	
744.450000	28.380222	-49.717399	0.000000	
744.500000	28.395434	-49.697570	0.000000	
744.550000	28.410579	-49.677686	0.000000	
744.600000	28.425681	-49.657768	0.000000	
744.650000	28.440757	-49.637829	0.000000	
744.700000	28.455819	-49.617878	0.000000	
744.750000	28.470893	-49.597937	0.000000	
744.800000	28.485989	-49.578013	0.000000	
744.850000	28.501109	-49.558108	0.000000	
744.900000	28.516273	-49.538238	0.000000	
744.950000	28.531467	-49.518390	0.000000	
745.000000	28.546687	-49.498563	0.000000	
745.050000	28.561947	-49.478767	0.000000	
745.100000	28.577249	-49.459004	0.000000	
745.150000	28.592600	-49.439280	0.000000	
745.200000	28.608023	-49.419612	0.000000	
745.250000	28.623511	-49.399996	0.000000	
745.300000	28.639053	-49.380422	0.000000	
745.350000	28.654648	-49.360888	0.000000	
745.400000	28.670287	-49.341389	0.000000	
745.450000	28.685987	-49.321938	0.000000	
745.500000	28.701726	-49.302517	0.000000	
745.550000	28.717487	-49.283115	0.000000	
745.600000	28.733281	-49.263737	0.000000	
745.650000	28.749098	-49.244378	0.000000	
745.700000	28.764939	-49.225039	0.000000	
745.750000	28.780779	-49.205698	0.000000	
745.800000	28.796621	-49.186359	0.000000	
745.850000	28.812459	-49.167017	0.000000	
745.900000	28.828307	-49.147683	0.000000	
745.950000	28.844149	-49.128345	0.000000	
746.000000	28.859992	-49.109007	0.000000	
746.050000	28.875816	-49.089654	0.000000	
746.100000	28.891611	-49.070277	0.000000	
746.150000	28.907386	-49.050886	0.000000	
746.200000	28.923130	-49.031469	0.000000	
746.250000	28.938838	-49.012023	0.000000	
746.300000	28.954523	-48.992558	0.000000	
746.350000	28.970199	-48.973085	0.000000	
746.400000	28.985860	-48.953600	0.000000	
746.450000	29.001512	-48.934108	0.000000	
746.500000	29.017150	-48.914604	0.000000	
746.550000	29.032790	-48.895103	0.000000	
746.600000	29.048429	-48.875600	0.000000	
746.650000	29.064078	-48.856105	0.000000	
746.700000	29.079728	-48.836611	0.000000	
746.750000	29.095377	-48.817117	0.000000	
746.800000	29.111039	-48.797633	0.000000	
746.850000	29.126717	-48.778162	0.000000	
746.900000	29.142421	-48.758713	0.000000	
746.950000	29.158153	-48.739287	0.000000	
747.000000	29.173922	-48.719893	0.000000	
747.050000	29.189735	-48.700536	0.000000	
747.100000	29.205604	-48.681225	0.000000	
747.150000	29.221537	-48.661967	0.000000	
747.200000	29.237529	-48.642757	0.000000	
747.250000	29.253572	-48.623590	0.000000	
747.300000	29.269656	-48.604456	0.000000	
747.350000	29.285762	-48.585341	0.000000	
747.400000	29.301882	-48.566237	0.000000	
747.450000	29.318039	-48.547164	0.000000	
747.500000	29.334228	-48.528117	0.000000	
747.550000	29.350453	-48.509100	0.000000	
747.600000	29.366706	-48.490108	0.000000	
747.650000	29.383000	-48.471150	0.000000	
747.700000	29.399313	-48.452209	0.000000	
747.750000	29.415647	-48.433285	0.000000	
747.800000	29.432009	-48.414384	0.000000	
747.850000	29.448398	-48.395506	0.000000	
747.900000	29.464792	-48.376634	0.000000	
747.950000	29.481182	-48.357756	0.000000	
748.000000	29.497551	-48.338863	0.000000	
748.050000	29.513915	-48.319964	0.000000	
748.100000	29.530268	-48.301055	0.000000	
748.150000	29.546605	-48.282132	0.000000	
748.200000	29.562916	-48.263188	0.000000	
748.250000	29.579194	-48.244215	0.000000	
748.300000	29.595441	-48.225216	0.000000	
748.350000	29.611651	-48.206187	0.000000	
748.400000	29.627835	-48.187135	0.000000	
748.450000	29.643983	-48.168056	0.000000	
748.500000	29.660098	-48.148948	0.000000	
748.550000	29.676187	-48.129819	0.000000	
748.600000	29.692255	-48.110673	0.000000	
748.650000	29.708293	-48.091500	0.000000	
748.700000	29.724309	-48.072308	0.000000	
748.750000	29.740312	-48.053106	0.000000	
748.800000	29.756311	-48.033899	0.000000	
748.850000	29.772287	-48.014674	0.000000	
748.900000	29.788240	-47.995429	0.000000	
748.950000	29.804188	-47.976179	0.000000	
749.000000	29.820149	-47.956941	0.000000	
749.050000	29.836112	-47.937704	0.000000	
749.100000	29.852050	-47.918446	0.000000	
749.150000	29.867952	-47.899159	0.000000	
749.200000	29.883831	-47.879853	0.000000	
749.250000	29.899697	-47.860536	0.000000	
749.300000	29.915562	-47.841217	0.000000	
749.350000	29.931430	-47.821902	0.000000	
749.400000	29.947310	-47.802596	0.000000	
749.450000	29.963194	-47.783293	0.000000	
749.500000	29.979083	-47.763995	0.000000	
749.550000	29.994971	-47.744695	0.000000	
749.600000	30.010841	-47.725381	0.000000	
749.650000	30.026681	-47.706043	0.000000	
749.700000	30.042491	-47.686681	0.000000	
749.750000	30.058237	-47.667268	0.000000	
749.800000	30.073894	-47.647787	0.000000	
749.850000	30.089463	-47.628238	0.000000	
749.900000	30.104940	-47.608621	0.000000	
749.950000	30.120305	-47.588921	0.000000	
750.000000	30.135532	-47.569120	0.000000	
750.050000	30.150589	-47.549196	0.000000	
750.100000	30.165474	-47.529152	0.000000	
750.150000	30.180178	-47.508984	0.000000	
750.200000	30.194689	-47.488693	0.000000	
750.250000	30.209000	-47.468270	0.000000	
750.300000	30.223093	-47.447708	0.000000	
750.350000	30.236943	-47.426991	0.000000	
750.400000	30.250530	-47.406111	0.000000	
750.450000	30.263846	-47.385064	0.000000	
750.500000	30.276899	-47.363857	0.000000	
750.550000	30.289689	-47.342495	0.000000	
750.600000	30.302208	-47.320970	0.000000	
750.650000	30.314461	-47.299288	0.000000	
750.700000	30.326463	-47.277454	0.000000	
750.750000	30.338225	-47.255478	0.000000	
750.800000	30.349761	-47.233372	0.000000	
750.850000	30.361105	-47.211157	0.000000	
750.900000	30.372246	-47.188828	0.000000	
750.950000	30.383201	-47.166395	0.000000	
751.000000	30.393975	-47.143867	0.000000	
751.050000	30.404599	-47.121259	0.000000	
751.100000	30.415090	-47.098582	0.000000	
751.150000	30.425474	-47.075851	0.000000	
751.200000	30.435788	-47.053084	0.000000	
751.250000	30.446070	-47.030301	0.000000	
751.300000	30.456326	-47.007505	0.000000	
751.350000	30.466565	-46.984701	0.000000	
751.400000	30.476803	-46.961897	0.000000	
751.450000	30.487070	-46.939106	0.000000	
751.500000	30.497385	-46.916337	0.000000	
751.550000	30.507748	-46.893592	0.000000	
751.600000	30.518173	-46.870874	0.000000	
751.650000	30.528667	-46.848190	0.000000	
751.700000	30.539230	-46.825537	0.000000	
751.750000	30.549840	-46.802906	0.000000	
751.800000	30.560481	-46.780290	0.000000	
751.850000	30.571159	-46.757691	0.000000	
751.900000	30.581870	-46.735108	0.000000	
751.950000	30.592640	-46.712552	0.000000	
752.000000	30.603450	-46.690014	0.000000	
752.050000	30.614299	-46.667495	0.000000	
752.100000	30.625190	-46.644994	0.000000	
752.150000	30.636134	-46.622519	0.000000	
752.200000	30.647122	-46.600064	0.000000	
752.250000	30.658150	-46.577630	0.000000	
752.300000	30.669209	-46.555210	0.000000	
752.350000	30.680301	-46.532807	0.000000	
752.400000	30.691425	-46.510420	0.000000	
752.450000	30.702592	-46.488054	0.000000	
752.500000	30.713778	-46.465698	0.000000	
752.550000	30.724991	-46.443356	0.000000	
752.600000	30.736229	-46.421027	0.000000	
752.650000	30.747505	-46.398717	0.000000	
752.700000	30.758803	-46.376419	0.000000	
752.750000	30.770137	-46.354140	0.000000	
752.800000	30.781507	-46.331880	0.000000	
752.850000	30.792932	-46.309648	0.000000	
752.900000	30.804429	-46.287453	0.000000	
752.950000	30.815972	-46.265282	0.000000	
753.000000	30.827544	-46.243126	0.000000	
753.050000	30.839143	-46.220984	0.000000	
753.100000	30.850797	-46.198870	0.000000	
753.150000	30.862493	-46.176776	0.000000	
753.200000	30.874232	-46.154706	0.000000	
753.250000	30.886028	-46.132666	0.000000	
753.300000	30.897883	-46.110658	0.000000	
753.350000	30.909793	-46.088681	0.000000	
753.400000	30.921754	-46.066732	0.000000	
753.450000	30.933773	-46.044815	0.000000	
753.500000	30.945835	-46.022922	0.000000	
753.550000	30.957962	-46.001065	0.000000	
753.600000	30.970157	-45.979246	0.000000	
753.650000	30.982409	-45.957459	0.000000	
753.700000	30.994721	-45.935708	0.000000	
753.750000	31.007092	-45.913990	0.000000	
753.800000	31.019492	-45.892289	0.000000	
753.850000	31.031917	-45.870601	0.000000	
753.900000	31.044365	-45.848927	0.000000	
753.950000	31.056825	-45.827259	0.000000	
754.000000	31.069303	-45.805602	0.000000	
754.050000	31.081794	-45.783951	0.000000	
754.100000	31.094310	-45.762314	0.000000	
754.150000	31.106841	-45.740685	0.000000	
754.200000	31.119381	-45.719061	0.000000	
754.250000	31.131932	-45.697443	0.000000	
754.300000	31.144481	-45.675824	0.000000	
754.350000	31.157029	-45.654204	0.000000	
754.400000	31.169575	-45.632584	0.000000	
754.450000	31.182131	-45.610969	0.000000	
754.500000	31.194704	-45.589365	0.000000	
754.550000	31.207311	-45.567780	0.000000	
754.600000	31.219949	-45.546215	0.000000	
754.650000	31.232608	-45.524663	0.000000	
754.700000	31.245276	-45.503117	0.000000	
754.750000	31.257945	-45.481570	0.000000	
754.800000	31.270619	-45.460028	0.000000	
754.850000	31.283316	-45.438499	0.000000	
754.900000	31.296029	-45.416979	0.000000	
754.950000	31.308744	-45.395461	0.000000	
755.000000	31.321455	-45.373940	0.000000	
755.050000	31.334162	-45.352417	0.000000	
755.100000	31.346856	-45.330887	0.000000	
755.150000	31.359527	-45.309344	0.000000	
755.200000	31.372137	-45.287771	0.000000	
755.250000	31.384665	-45.266155	0.000000	
755.300000	31.397076	-45.244483	0.000000	
755.350000	31.409347	-45.222742	0.000000	
755.400000	31.421454	-45.200922	0.000000	
755.450000	31.433387	-45.179018	0.000000	
755.500000	31.445119	-45.157018	0.000000	
755.550000	31.456628	-45.134911	0.000000	
755.600000	31.467881	-45.112685	0.000000	
755.650000	31.478849	-45.090326	0.000000	
755.700000	31.489523	-45.067831	0.000000	
755.750000	31.499891	-45.045203	0.000000	
755.800000	31.509943	-45.022437	0.000000	
755.850000	31.519663	-44.999529	0.000000	
755.900000	31.529036	-44.976477	0.000000	
755.950000	31.538083	-44.953293	0.000000	
756.000000	31.546810	-44.929980	0.000000	
756.050000	31.555222	-44.906543	0.000000	
756.100000	31.563313	-44.882981	0.000000	
756.150000	31.571077	-44.859301	0.000000	
756.200000	31.578525	-44.835510	0.000000	
756.250000	31.585704	-44.811626	0.000000	
756.300000	31.592650	-44.787665	0.000000	
756.350000	31.599366	-44.763632	0.000000	
756.400000	31.605886	-44.739539	0.000000	
756.450000	31.612218	-44.715389	0.000000	
756.500000	31.618380	-44.691188	0.000000	
756.550000	31.624371	-44.666938	0.000000	
756.600000	31.630219	-44.642647	0.000000	
756.650000	31.635947	-44.618323	0.000000	
756.700000	31.641569	-44.593972	0.000000	
756.750000	31.647082	-44.569592	0.000000	
756.800000	31.652519	-44.545194	0.000000	
756.850000	31.657887	-44.520780	0.000000	
756.900000	31.663202	-44.496354	0.000000	
756.950000	31.668496	-44.471922	0.000000	
757.000000	31.673770	-44.447486	0.000000	
757.050000	31.679045	-44.423050	0.000000	
757.100000	31.684320	-44.398614	0.000000	
757.150000	31.689621	-44.374184	0.000000	
757.200000	31.694973	-44.349766	0.000000	
757.250000	31.700374	-44.325359	0.000000	
757.300000	31.705830	-44.300965	0.000000	
757.350000	31.711322	-44.276580	0.000000	
757.400000	31.716860	-44.252204	0.000000	
757.450000	31.722439	-44.227839	0.000000	
757.500000	31.728044	-44.203479	0.000000	
757.550000	31.733668	-44.179124	0.000000	
757.600000	31.739335	-44.154778	0.000000	
757.650000	31.745016	-44.130435	0.000000	
757.700000	31.750702	-44.106094	0.000000	
757.750000	31.756397	-44.081755	0.000000	
757.800000	31.762092	-44.057415	0.000000	
757.850000	31.767799	-44.033078	0.000000	
757.900000	31.773511	-44.008743	0.000000	
757.950000	31.779228	-43.984408	0.000000	
758.000000	31.784944	-43.960073	0.000000	
758.050000	31.790668	-43.935740	0.000000	
758.100000	31.796376	-43.911403	0.000000	
758.150000	31.802057	-43.887060	0.000000	
758.200000	31.807684	-43.862704	0.000000	
758.250000	31.813238	-43.838333	0.000000	
758.300000	31.818738	-43.813950	0.000000	
758.350000	31.824155	-43.789549	0.000000	
758.400000	31.829498	-43.765131	0.000000	
758.450000	31.834789	-43.740701	0.000000	
758.500000	31.840010	-43.716256	0.000000	
758.550000	31.845194	-43.691803	0.000000	
758.600000	31.850342	-43.667342	0.000000	
758.650000	31.855436	-43.642869	0.000000	
758.700000	31.860500	-43.618389	0.000000	
758.750000	31.865554	-43.593907	0.000000	
758.800000	31.870608	-43.569426	0.000000	
758.850000	31.875672	-43.544946	0.000000	
758.900000	31.880741	-43.520467	0.000000	
758.950000	31.885833	-43.495994	0.000000	
759.000000	31.890951	-43.471526	0.000000	
759.050000	31.896101	-43.447066	0.000000	
759.100000	31.901261	-43.422608	0.000000	
759.150000	31.906422	-43.398151	0.000000	
759.200000	31.911603	-43.373697	0.000000	
759.250000	31.916828	-43.349254	0.000000	
759.300000	31.922119	-43.324825	0.000000	
759.350000	31.927476	-43.300411	0.000000	
759.400000	31.932895	-43.276010	0.000000	
759.450000	31.938363	-43.251619	0.000000	
759.500000	31.943880	-43.227240	0.000000	
759.550000	31.949450	-43.202871	0.000000	
759.600000	31.955069	-43.178514	0.000000	
759.650000	31.960742	-43.154168	0.000000	
759.700000	31.966487	-43.129840	0.000000	
759.750000	31.972307	-43.105529	0.000000	
759.800000	31.978201	-43.081237	0.000000	
759.850000	31.984152	-43.056959	0.000000	
759.900000	31.990168	-43.032697	0.000000	
759.950000	31.996234	-43.008447	0.000000	
760.000000	32.002321	-42.984202	0.000000	
760.050000	32.008419	-42.959960	0.000000	
760.100000	32.014526	-42.935720	0.000000	
760.150000	32.020660	-42.911487	0.000000	
760.200000	32.026829	-42.887263	0.000000	
760.250000	32.033037	-42.863048	0.000000	
760.300000	32.039259	-42.838837	0.000000	
760.350000	32.045479	-42.814625	0.000000	
760.400000	32.051667	-42.790405	0.000000	
760.450000	32.057838	-42.766182	0.000000	
760.500000	32.064002	-42.741956	0.000000	
760.550000	32.070132	-42.717723	0.000000	
760.600000	32.076247	-42.693487	0.000000	
760.650000	32.082346	-42.669247	0.000000	
760.700000	32.088420	-42.645001	0.000000	
760.750000	32.094444	-42.620742	0.000000	
760.800000	32.100423	-42.596472	0.000000	
760.850000	32.106345	-42.572188	0.000000	
760.900000	32.112216	-42.547891	0.000000	
760.950000	32.118031	-42.523580	0.000000	
761.000000	32.123793	-42.499256	0.000000	
761.050000	32.129526	-42.474925	0.000000	
761.100000	32.135236	-42.450589	0.000000	
761.150000	32.140904	-42.426243	0.000000	
761.200000	32.146534	-42.401887	0.000000	
761.250000	32.152125	-42.377522	0.000000	
761.300000	32.157685	-42.353149	0.000000	
761.350000	32.163216	-42.328769	0.000000	
761.400000	32.168732	-42.304385	0.000000	
761.450000	32.174253	-42.280003	0.000000	
761.500000	32.179766	-42.255619	0.000000	
761.550000	32.185286	-42.231236	0.000000	
761.600000	32.190828	-42.206858	0.000000	
761.650000	32.196383	-42.182484	0.000000	
761.700000	32.201925	-42.158106	0.000000	
761.750000	32.207445	-42.133724	0.000000	
761.800000	32.212965	-42.109341	0.000000	
761.850000	32.218482	-42.084958	0.000000	
761.900000	32.223994	-42.060573	0.000000	
761.950000	32.229490	-42.036186	0.000000	
762.000000	32.234976	-42.011796	0.000000	
762.050000	32.240472	-41.987408	0.000000	
762.100000	32.245952	-41.963017	0.000000	
762.150000	32.251433	-41.938626	0.000000	
762.200000	32.256926	-41.914237	0.000000	
762.250000	32.262434	-41.889852	0.000000	
762.300000	32.267977	-41.865476	0.000000	
762.350000	32.273553	-41.841108	0.000000	
762.400000	32.279167	-41.816749	0.000000	
762.450000	32.284815	-41.792399	0.000000	
762.500000	32.290487	-41.768054	0.000000	
762.550000	32.296185	-41.743716	0.000000	
762.600000	32.301885	-41.719378	0.000000	
762.650000	32.307579	-41.695038	0.000000	
762.700000	32.313268	-41.670698	0.000000	
762.750000	32.318955	-41.646357	0.000000	
762.800000	32.324659	-41.622019	0.000000	
762.850000	32.330371	-41.597684	0.000000	
762.900000	32.336097	-41.573352	0.000000	
762.950000	32.341838	-41.549023	0.000000	
763.000000	32.347607	-41.524700	0.000000	
763.050000	32.353393	-41.500382	0.000000	
763.100000	32.359184	-41.476064	0.000000	
763.150000	32.365008	-41.451754	0.000000	
763.200000	32.370848	-41.427448	0.000000	
763.250000	32.376704	-41.403145	0.000000	
763.300000	32.382577	-41.378847	0.000000	
763.350000	32.388454	-41.354550	0.000000	
763.400000	32.394316	-41.330248	0.000000	
763.450000	32.400180	-41.305948	0.000000	
763.500000	32.406045	-41.281648	0.000000	
763.550000	32.411901	-41.257345	0.000000	
763.600000	32.417749	-41.233040	0.000000	
763.650000	32.423610	-41.208739	0.000000	
763.700000	32.429479	-41.184439	0.000000	
763.750000	32.435337	-41.160137	0.000000	
763.800000	32.441195	-41.135835	0.000000	
763.850000	32.447032	-41.111529	0.000000	
763.900000	32.452818	-41.087212	0.000000	
763.950000	32.458522	-41.062878	0.000000	
764.000000	32.464120	-41.038524	0.000000	
764.050000	32.469596	-41.014148	0.000000	
764.100000	32.474934	-40.989748	0.000000	
764.150000	32.480127	-40.965324	0.000000	
764.200000	32.485128	-40.940870	0.000000	
764.250000	32.489931	-40.916385	0.000000	
764.300000	32.494498	-40.891867	0.000000	
764.350000	32.498808	-40.867312	0.000000	
764.400000	32.502827	-40.842719	0.000000	
764.450000	32.506538	-40.818088	0.000000	
764.500000	32.509914	-40.793418	0.000000	
764.550000	32.512950	-40.768711	0.000000	
764.600000	32.515654	-40.743969	0.000000	
764.650000	32.518021	-40.719198	0.000000	
764.700000	32.520025	-40.694395	0.000000	
764.750000	32.521659	-40.669564	0.000000	
764.800000	32.522946	-40.644709	0.000000	
764.850000	32.523874	-40.619831	0.000000	
764.900000	32.524446	-40.594934	0.000000	
764.950000	32.524690	-40.570023	0.000000	
765.000000	32.524626	-40.545101	0.000000	
765.050000	32.524295	-40.520171	0.000000	
765.100000	32.523711	-40.495235	0.000000	
765.150000	32.522892	-40.470297	0.000000	
765.200000	32.521851	-40.445357	0.000000	
765.250000	32.520614	-40.420417	0.000000	
765.300000	32.519182	-40.395482	0.000000	
765.350000	32.517581	-40.370550	0.000000	
765.400000	32.515807	-40.345626	0.000000	
765.450000	32.513886	-40.320710	0.000000	
765.500000	32.511855	-40.295800	0.000000	
765.550000	32.509723	-40.270897	0.000000	
765.600000	32.507505	-40.246000	0.000000	
765.650000	32.505216	-40.221107	0.000000	
765.700000	32.502865	-40.196220	0.000000	
765.750000	32.500475	-40.171336	0.000000	
765.800000	32.498050	-40.146455	0.000000	
765.850000	32.495599	-40.121577	0.000000	
765.900000	32.493138	-40.096700	0.000000	
765.950000	32.490686	-40.071821	0.000000	
766.000000	32.488265	-40.046940	0.000000	
766.050000	32.485882	-40.022057	0.000000	
766.100000	32.483540	-39.997170	0.000000	
766.150000	32.481260	-39.972280	0.000000	
766.200000	32.479062	-39.947385	0.000000	
766.250000	32.476956	-39.922487	0.000000	
766.300000	32.474953	-39.897583	0.000000	
766.350000	32.473055	-39.872674	0.000000	
766.400000	32.471272	-39.847759	0.000000	
766.450000	32.469630	-39.822837	0.000000	
766.500000	32.468136	-39.797907	0.000000	
766.550000	32.466769	-39.772970	0.000000	
766.600000	32.465530	-39.748026	0.000000	
766.650000	32.464399	-39.723075	0.000000	
766.700000	32.463385	-39.698119	0.000000	
766.750000	32.462496	-39.673156	0.000000	
766.800000	32.461714	-39.648187	0.000000	
766.850000	32.461059	-39.623211	0.000000	
766.900000	32.460532	-39.598229	0.000000	
766.950000	32.460143	-39.573242	0.000000	
767.000000	32.459885	-39.548250	0.000000	
767.050000	32.459751	-39.523256	0.000000	
767.100000	32.459713	-39.498260	0.000000	
767.150000	32.459764	-39.473263	0.000000	
767.200000	32.459887	-39.448266	0.000000	
767.250000	32.460084	-39.423270	0.000000	
767.300000	32.460327	-39.398275	0.000000	
767.350000	32.460607	-39.373280	0.000000	
767.400000	32.460944	-39.348285	0.000000	
767.450000	32.461321	-39.323291	0.000000	
767.500000	32.461746	-39.298299	0.000000	
767.550000	32.462219	-39.273308	0.000000	
767.600000	32.462744	-39.248318	0.000000	
767.650000	32.463336	-39.223330	0.000000	
767.700000	32.464028	-39.198345	0.000000	
767.750000	32.464815	-39.173363	0.000000	
767.800000	32.465696	-39.148385	0.000000	
767.850000	32.466677	-39.123410	0.000000	
767.900000	32.467750	-39.098438	0.000000	
767.950000	32.468886	-39.073469	0.000000	
768.000000	32.470080	-39.048502	0.000000	
768.050000	32.471316	-39.023537	0.000000	
768.100000	32.472587	-38.998573	0.000000	
768.150000	32.473909	-38.973612	0.000000	
768.200000	32.475282	-38.948653	0.000000	
768.250000	32.476715	-38.923697	0.000000	
768.300000	32.478178	-38.898743	0.000000	
768.350000	32.479674	-38.873791	0.000000	
768.400000	32.481210	-38.848840	0.000000	
768.450000	32.482779	-38.823891	0.000000	
768.500000	32.484376	-38.798943	0.000000	
768.550000	32.485970	-38.773996	0.000000	
768.600000	32.487545	-38.749047	0.000000	
768.650000	32.489117	-38.724098	0.000000	
768.700000	32.490658	-38.699148	0.000000	
768.750000	32.492145	-38.674195	0.000000	
768.800000	32.493547	-38.649239	0.000000	
768.850000	32.494860	-38.624279	0.000000	
768.900000	32.496094	-38.599316	0.000000	
768.950000	32.497223	-38.574350	0.000000	
769.000000	32.498234	-38.549382	0.000000	
769.050000	32.499129	-38.524412	0.000000	
769.100000	32.499919	-38.499441	0.000000	
769.150000	32.500581	-38.474468	0.000000	
769.200000	32.501099	-38.449495	0.000000	
769.250000	32.501443	-38.424523	0.000000	
769.300000	32.501597	-38.399551	0.000000	
769.350000	32.501546	-38.374583	0.000000	
769.400000	32.501290	-38.349620	0.000000	
769.450000	32.500795	-38.324666	0.000000	
769.500000	32.500045	-38.299723	0.000000	
769.550000	32.499034	-38.274794	0.000000	
769.600000	32.497777	-38.249880	0.000000	
769.650000	32.496284	-38.224982	0.000000	
769.700000	32.494527	-38.200101	0.000000	
769.750000	32.492512	-38.175242	0.000000	
769.800000	32.490235	-38.150405	0.000000	
769.850000	32.487727	-38.125590	0.000000	
769.900000	32.484993	-38.100794	0.000000	
769.950000	32.482040	-38.076018	0.000000	
770.000000	32.478897	-38.051260	0.000000	
770.050000	32.475589	-38.026519	0.000000	
770.100000	32.472096	-38.001799	0.000000	
770.150000	32.468423	-37.977097	0.000000	
770.200000	32.464602	-37.952412	0.000000	
770.250000	32.460658	-37.927741	0.000000	
770.300000	32.456615	-37.903081	0.000000	
770.350000	32.452484	-37.878432	0.000000	
770.400000	32.448302	-37.853789	0.000000	
770.450000	32.444072	-37.829152	0.000000	
770.500000	32.439822	-37.804519	0.000000	
770.550000	32.435579	-37.779884	0.000000	
770.600000	32.431370	-37.755245	0.000000	
770.650000	32.427193	-37.730600	0.000000	
770.700000	32.423059	-37.705949	0.000000	
770.750000	32.418981	-37.681289	0.000000	
770.800000	32.414984	-37.656617	0.000000	
770.850000	32.411071	-37.631931	0.000000	
770.900000	32.407241	-37.607232	0.000000	
770.950000	32.403471	-37.582524	0.000000	
771.000000	32.399740	-37.557809	0.000000	
771.050000	32.396015	-37.533092	0.000000	
771.100000	32.392310	-37.508373	0.000000	
771.150000	32.388649	-37.483646	0.000000	
771.200000	32.385039	-37.458911	0.000000	
771.250000	32.381445	-37.434173	0.000000	
771.300000	32.377839	-37.409437	0.000000	
771.350000	32.374233	-37.384701	0.000000	
771.400000	32.370610	-37.359968	0.000000	
771.450000	32.366940	-37.335243	0.000000	
771.500000	32.363214	-37.310528	0.000000	
771.550000	32.359434	-37.285822	0.000000	
771.600000	32.355572	-37.261132	0.000000	
771.650000	32.351596	-37.236462	0.000000	
771.700000	32.347508	-37.211814	0.000000	
771.750000	32.343291	-37.187189	0.000000	
771.800000	32.338933	-37.162593	0.000000	
771.850000	32.334434	-37.138021	0.000000	
771.900000	32.329792	-37.113477	0.000000	
771.950000	32.324993	-37.088963	0.000000	
772.000000	32.320050	-37.064477	0.000000	
772.050000	32.314969	-37.040019	0.000000	
772.100000	32.309770	-37.015588	0.000000	
772.150000	32.304438	-36.991187	0.000000	
772.200000	32.298969	-36.966814	0.000000	
772.250000	32.293351	-36.942472	0.000000	
772.300000	32.287593	-36.918161	0.000000	
772.350000	32.281723	-36.893875	0.000000	
772.400000	32.275731	-36.869615	0.000000	
772.450000	32.269634	-36.845379	0.000000	
772.500000	32.263459	-36.821159	0.000000	
772.550000	32.257238	-36.796951	0.000000	
772.600000	32.250956	-36.772756	0.000000	
772.650000	32.244628	-36.748572	0.000000	
772.700000	32.238256	-36.724400	0.000000	
772.750000	32.231833	-36.700240	0.000000	
772.800000	32.225369	-36.676092	0.000000	
772.850000	32.218865	-36.651955	0.000000	
772.900000	32.212320	-36.627828	0.000000	
772.950000	32.205735	-36.603713	0.000000	
773.000000	32.199125	-36.579604	0.000000	
773.050000	32.192478	-36.555506	0.000000	
773.100000	32.185798	-36.531417	0.000000	
773.150000	32.179080	-36.507339	0.000000	
773.200000	32.172337	-36.483268	0.000000	
773.250000	32.165579	-36.459202	0.000000	
773.300000	32.158802	-36.435141	0.000000	
773.350000	32.152033	-36.411078	0.000000	
773.400000	32.145247	-36.387020	0.000000	
773.450000	32.138424	-36.362972	0.000000	
773.500000	32.131556	-36.338937	0.000000	
773.550000	32.124624	-36.314921	0.000000	
773.600000	32.117605	-36.290930	0.000000	
773.650000	32.110510	-36.266961	0.000000	
773.700000	32.103347	-36.243012	0.000000	
773.750000	32.096132	-36.219079	0.000000	
773.800000	32.088868	-36.195161	0.000000	
773.850000	32.081536	-36.171264	0.000000	
773.900000	32.074140	-36.147388	0.000000	
773.950000	32.066676	-36.123534	0.000000	
774.000000	32.059153	-36.099698	0.000000	
774.050000	32.051575	-36.075879	0.000000	
774.100000	32.043949	-36.052077	0.000000	
774.150000	32.036276	-36.028289	0.000000	
774.200000	32.028580	-36.004508	0.000000	
774.250000	32.020857	-35.980737	0.000000	
774.300000	32.013103	-35.956974	0.000000	
774.350000	32.005313	-35.933223	0.000000	
774.400000	31.997473	-35.909487	0.000000	
774.450000	31.989593	-35.885763	0.000000	
774.500000	31.981686	-35.862048	0.000000	
774.550000	31.973753	-35.838341	0.000000	
774.600000	31.965822	-35.814633	0.000000	
774.650000	31.957914	-35.790918	0.000000	
774.700000	31.950037	-35.767194	0.000000	
774.750000	31.942194	-35.743459	0.000000	
774.800000	31.934400	-35.719709	0.000000	
774.850000	31.926650	-35.695946	0.000000	
774.900000	31.918943	-35.672168	0.000000	
774.950000	31.911304	-35.648368	0.000000	
775.000000	31.903722	-35.624551	0.000000	
775.050000	31.896182	-35.600719	0.000000	
775.100000	31.888654	-35.576883	0.000000	
775.150000	31.881133	-35.553045	0.000000	
775.200000	31.873614	-35.529206	0.000000	
775.250000	31.866069	-35.505376	0.000000	
775.300000	31.858500	-35.481555	0.000000	
775.350000	31.850894	-35.457746	0.000000	
775.400000	31.843267	-35.433944	0.000000	
775.450000	31.835605	-35.410154	0.000000	
775.500000	31.827898	-35.386380	0.000000	
775.550000	31.820139	-35.362624	0.000000	
775.600000	31.812334	-35.338885	0.000000	
775.650000	31.804484	-35.315161	0.000000	
775.700000	31.796578	-35.291456	0.000000	
775.750000	31.788604	-35.267774	0.000000	
775.800000	31.780552	-35.244117	0.000000	
775.850000	31.772397	-35.220495	0.000000	
775.900000	31.764141	-35.196906	0.000000	
775.950000	31.755801	-35.173347	0.000000	
776.000000	31.747364	-35.149820	0.000000	
776.050000	31.738820	-35.126331	0.000000	
776.100000	31.730174	-35.102878	0.000000	
776.150000	31.721446	-35.079455	0.000000	
776.200000	31.712642	-35.056061	0.000000	
776.250000	31.703785	-35.032686	0.000000	
776.300000	31.694894	-35.009324	0.000000	
776.350000	31.685959	-34.985979	0.000000	
776.400000	31.676976	-34.962653	0.000000	
776.450000	31.667926	-34.939351	0.000000	
776.500000	31.658839	-34.916064	0.000000	
776.550000	31.649715	-34.892791	0.000000	
776.600000	31.640563	-34.869530	0.000000	
776.650000	31.631380	-34.846280	0.000000	
776.700000	31.622144	-34.823052	0.000000	
776.750000	31.612839	-34.799850	0.000000	
776.800000	31.603465	-34.776677	0.000000	
776.850000	31.594026	-34.753530	0.000000	
776.900000	31.584546	-34.730399	0.000000	
776.950000	31.575027	-34.707284	0.000000	
777.000000	31.565476	-34.684183	0.000000	
777.050000	31.555879	-34.661100	0.000000	
777.100000	31.546250	-34.638031	0.000000	
777.150000	31.536605	-34.614968	0.000000	
777.200000	31.526931	-34.591918	0.000000	
777.250000	31.517231	-34.568878	0.000000	
777.300000	31.507489	-34.545857	0.000000	
777.350000	31.497685	-34.522862	0.000000	
777.400000	31.487821	-34.499893	0.000000	
777.450000	31.477905	-34.476946	0.000000	
777.500000	31.467955	-34.454014	0.000000	
777.550000	31.457949	-34.431107	0.000000	
777.600000	31.447899	-34.408218	0.000000	
777.650000	31.437804	-34.385349	0.000000	
777.700000	31.427678	-34.362494	0.000000	
777.750000	31.417526	-34.339649	0.000000	
777.800000	31.407363	-34.316810	0.000000	
777.850000	31.397188	-34.293976	0.000000	
777.900000	31.386995	-34.271150	0.000000	
777.950000	31.376754	-34.248345	0.000000	
778.000000	31.366485	-34.225554	0.000000	
778.050000	31.356188	-34.202774	0.000000	
778.100000	31.345863	-34.180007	0.000000	
778.150000	31.335503	-34.157256	0.000000	
778.200000	31.325089	-34.134529	0.000000	
778.250000	31.314636	-34.111821	0.000000	
778.300000	31.304156	-34.089125	0.000000	
778.350000	31.293643	-34.066444	0.000000	
778.400000	31.283112	-34.043772	0.000000	
778.450000	31.272560	-34.021110	0.000000	
778.500000	31.261982	-33.998460	0.000000	
778.550000	31.251378	-33.975822	0.000000	
778.600000	31.240766	-33.953189	0.000000	
778.650000	31.230145	-33.930559	0.000000	
778.700000	31.219520	-33.907931	0.000000	
778.750000	31.208877	-33.885311	0.000000	
778.800000	31.198215	-33.862700	0.000000	
778.850000	31.187544	-33.840093	0.000000	
778.900000	31.176874	-33.817486	0.000000	
778.950000	31.166202	-33.794879	0.000000	
779.000000	31.155539	-33.772269	0.000000	
779.050000	31.144871	-33.749660	0.000000	
779.100000	31.134203	-33.727052	0.000000	
779.150000	31.123550	-33.704437	0.000000	
779.200000	31.112904	-33.681818	0.000000	
779.250000	31.102293	-33.659183	0.000000	
779.300000	31.091714	-33.636533	0.000000	
779.350000	31.081171	-33.613867	0.000000	
779.400000	31.070676	-33.591179	0.000000	
779.450000	31.060210	-33.568477	0.000000	
779.500000	31.049771	-33.545763	0.000000	
779.550000	31.039374	-33.523029	0.000000	
779.600000	31.028997	-33.500285	0.000000	
779.650000	31.018615	-33.477544	0.000000	
779.700000	31.008223	-33.454808	0.000000	
779.750000	30.997827	-33.432073	0.000000	
779.800000	30.987424	-33.409343	0.000000	
779.850000	30.977020	-33.386612	0.000000	
779.900000	30.966606	-33.363886	0.000000	
779.950000	30.956185	-33.341163	0.000000	
780.000000	30.945750	-33.318446	0.000000	
780.050000	30.935315	-33.295730	0.000000	
780.100000	30.924866	-33.273021	0.000000	
780.150000	30.914381	-33.250328	0.000000	
780.200000	30.903848	-33.227659	0.000000	
780.250000	30.893270	-33.205011	0.000000	
780.300000	30.882635	-33.182391	0.000000	
780.350000	30.871931	-33.159804	0.000000	
780.400000	30.861135	-33.137262	0.000000	
780.450000	30.850239	-33.114769	0.000000	
780.500000	30.839251	-33.092322	0.000000	
780.550000	30.828171	-33.069922	0.000000	
780.600000	30.816998	-33.047568	0.000000	
780.650000	30.805741	-33.025257	0.000000	
780.700000	30.794403	-33.002988	0.000000	
780.750000	30.782991	-32.980758	0.000000	
780.800000	30.771490	-32.958575	0.000000	
780.850000	30.759916	-32.936430	0.000000	
780.900000	30.748253	-32.914331	0.000000	
780.950000	30.736493	-32.892283	0.000000	
781.000000	30.724629	-32.870289	0.000000	
781.050000	30.712675	-32.848343	0.000000	
781.100000	30.700608	-32.826457	0.000000	
781.150000	30.688436	-32.804628	0.000000	
781.200000	30.676167	-32.782854	0.000000	
781.250000	30.663802	-32.761133	0.000000	
781.300000	30.651361	-32.739456	0.000000	
781.350000	30.638852	-32.717816	0.000000	
781.400000	30.626279	-32.696213	0.000000	
781.450000	30.613654	-32.674639	0.000000	
781.500000	30.600975	-32.653097	0.000000	
781.550000	30.588256	-32.631578	0.000000	
781.600000	30.575517	-32.610071	0.000000	
781.650000	30.562761	-32.588573	0.000000	
781.700000	30.549992	-32.567083	0.000000	
781.750000	30.537231	-32.545588	0.000000	
781.800000	30.524482	-32.524086	0.000000	
781.850000	30.511733	-32.502585	0.000000	
781.900000	30.498981	-32.481085	0.000000	
781.950000	30.486237	-32.459580	0.000000	
782.000000	30.473506	-32.438068	0.000000	
782.050000	30.460793	-32.416545	0.000000	
782.100000	30.448098	-32.395013	0.000000	
782.150000	30.435431	-32.373464	0.000000	
782.200000	30.422807	-32.351889	0.000000	
782.250000	30.410224	-32.330291	0.000000	
782.300000	30.397679	-32.308669	0.000000	
782.350000	30.385174	-32.287025	0.000000	
782.400000	30.372710	-32.265356	0.000000	
782.450000	30.360291	-32.243661	0.000000	
782.500000	30.347903	-32.221949	0.000000	
782.550000	30.335559	-32.200211	0.000000	
782.600000	30.323243	-32.178456	0.000000	
782.650000	30.310944	-32.156691	0.000000	
782.700000	30.298651	-32.134922	0.000000	
782.750000	30.286378	-32.113143	0.000000	
782.800000	30.274100	-32.091366	0.000000	
782.850000	30.261831	-32.069584	0.000000	
782.900000	30.249594	-32.047785	0.000000	
782.950000	30.237371	-32.025977	0.000000	
783.000000	30.225168	-32.004159	0.000000	
783.050000	30.212990	-31.982326	0.000000	
783.100000	30.200850	-31.960474	0.000000	
783.150000	30.188737	-31.938606	0.000000	
783.200000	30.176659	-31.916720	0.000000	
783.250000	30.164592	-31.894827	0.000000	
783.300000	30.152548	-31.872921	0.000000	
783.350000	30.140538	-31.850997	0.000000	
783.400000	30.128543	-31.829065	0.000000	
783.450000	30.116562	-31.807124	0.000000	
783.500000	30.104592	-31.785179	0.000000	
783.550000	30.092639	-31.763223	0.000000	
783.600000	30.080696	-31.741262	0.000000	
783.650000	30.068764	-31.719295	0.000000	
783.700000	30.056829	-31.697329	0.000000	
783.750000	30.044892	-31.675365	0.000000	
783.800000	30.032953	-31.653402	0.000000	
783.850000	30.021014	-31.631439	0.000000	
783.900000	30.009058	-31.609485	0.000000	
783.950000	29.997065	-31.587552	0.000000	
784.000000	29.985051	-31.565631	0.000000	
784.050000	29.973008	-31.543725	0.000000	
784.100000	29.960942	-31.521834	0.000000	
784.150000	29.948839	-31.499961	0.000000	
784.200000	29.936709	-31.478103	0.000000	
784.250000	29.924554	-31.456259	0.000000	
784.300000	29.912386	-31.434422	0.000000	
784.350000	29.900201	-31.412595	0.000000	
784.400000	29.888012	-31.390769	0.000000	
784.450000	29.875827	-31.368942	0.000000	
784.500000	29.863636	-31.347117	0.000000	
784.550000	29.851444	-31.325293	0.000000	
784.600000	29.839265	-31.303462	0.000000	
784.650000	29.827101	-31.281623	0.000000	
784.700000	29.814965	-31.259769	0.000000	
784.750000	29.802888	-31.237883	0.000000	
784.800000	29.790859	-31.215972	0.000000	
784.850000	29.778871	-31.194038	0.000000	
784.900000	29.766928	-31.172081	0.000000	
784.950000	29.755046	-31.150091	0.000000	
785.000000	29.743243	-31.128058	0.000000	
785.050000	29.731499	-31.105994	0.000000	
785.100000	29.719811	-31.083899	0.000000	
785.150000	29.708155	-31.061788	0.000000	
785.200000	29.696510	-31.039669	0.000000	
785.250000	29.684855	-31.017557	0.000000	
785.300000	29.673184	-30.995454	0.000000	
785.350000	29.661484	-30.973367	0.000000	
785.400000	29.649732	-30.951311	0.000000	
785.450000	29.637911	-30.929296	0.000000	
785.500000	29.626011	-30.907327	0.000000	
785.550000	29.614004	-30.885423	0.000000	
785.600000	29.601868	-30.863599	0.000000	
785.650000	29.589569	-30.841879	0.000000	
785.700000	29.577101	-30.820268	0.000000	
785.750000	29.564432	-30.798789	0.000000	
785.800000	29.551542	-30.777453	0.000000	
785.850000	29.538423	-30.756270	0.000000	
785.900000	29.525043	-30.735266	0.000000	
785.950000	29.511383	-30.714461	0.000000	
786.000000	29.497420	-30.693870	0.000000	
786.050000	29.483148	-30.673496	0.000000	
786.100000	29.468564	-30.653350	0.000000	
786.150000	29.453656	-30.633445	0.000000	
786.200000	29.438438	-30.613775	0.000000	
786.250000	29.422925	-30.594332	0.000000	
786.300000	29.407141	-30.575103	0.000000	
786.350000	29.391072	-30.556105	0.000000	
786.400000	29.374722	-30.537337	0.000000	
786.450000	29.358117	-30.518785	0.000000	
786.500000	29.341260	-30.500447	0.000000	
786.550000	29.324160	-30.482313	0.000000	
786.600000	29.306847	-30.464365	0.000000	
786.650000	29.289340	-30.446592	0.000000	
786.700000	29.271656	-30.428983	0.000000	
786.750000	29.253807	-30.411529	0.000000	
786.800000	29.235821	-30.394205	0.000000	
786.850000	29.217709	-30.377002	0.000000	
786.900000	29.199495	-30.359895	0.000000	
786.950000	29.181206	-30.342863	0.000000	
787.000000	29.162864	-30.325884	0.000000	
787.050000	29.144486	-30.308942	0.000000	
787.100000	29.126077	-30.292031	0.000000	
787.150000	29.107650	-30.275140	0.000000	
787.200000	29.089210	-30.258262	0.000000	
787.250000	29.070753	-30.241402	0.000000	
787.300000	29.052279	-30.224561	0.000000	
787.350000	29.033784	-30.207743	0.000000	
787.400000	29.015281	-30.190933	0.000000	
787.450000	28.996785	-30.174116	0.000000	
787.500000	28.978290	-30.157297	0.000000	
787.550000	28.959801	-30.140472	0.000000	
787.600000	28.941307	-30.123652	0.000000	
787.650000	28.922797	-30.106851	0.000000	
787.700000	28.904287	-30.090050	0.000000	
787.750000	28.885779	-30.073245	0.000000	
787.800000	28.867282	-30.056430	0.000000	
787.850000	28.848793	-30.039605	0.000000	
787.900000	28.830301	-30.022783	0.000000	
787.950000	28.811783	-30.005989	0.000000	
788.000000	28.793244	-29.989220	0.000000	
788.050000	28.774686	-29.972472	0.000000	
788.100000	28.756106	-29.955747	0.000000	
788.150000	28.737491	-29.939061	0.000000	
788.200000	28.718843	-29.922412	0.000000	
788.250000	28.700169	-29.905791	0.000000	
788.300000	28.681471	-29.889198	0.000000	
788.350000	28.662745	-29.872636	0.000000	
788.400000	28.643989	-29.856110	0.000000	
788.450000	28.625211	-29.839609	0.000000	
788.500000	28.606395	-29.823153	0.000000	
788.550000	28.587542	-29.806739	0.000000	
788.600000	28.568647	-29.790374	0.000000	
788.650000	28.549723	-29.774044	0.000000	
788.700000	28.530787	-29.757727	0.000000	
788.750000	28.511819	-29.741448	0.000000	
788.800000	28.492811	-29.725215	0.000000	
788.850000	28.473763	-29.709030	0.000000	
788.900000	28.454674	-29.692893	0.000000	
788.950000	28.435553	-29.676792	0.000000	
789.000000	28.416409	-29.660717	0.000000	
789.050000	28.397241	-29.644672	0.000000	
789.100000	28.378054	-29.628649	0.000000	
789.150000	28.358850	-29.612645	0.000000	
789.200000	28.339643	-29.596644	0.000000	
789.250000	28.320431	-29.580651	0.000000	
789.300000	28.301203	-29.564675	0.000000	
789.350000	28.281969	-29.548706	0.000000	
789.400000	28.262730	-29.532743	0.000000	
789.450000	28.243500	-29.516770	0.000000	
789.500000	28.224275	-29.500790	0.000000	
789.550000	28.205059	-29.484801	0.000000	
789.600000	28.185841	-29.468813	0.000000	
789.650000	28.166625	-29.452823	0.000000	
789.700000	28.147391	-29.436855	0.000000	
789.750000	28.128138	-29.420910	0.000000	
789.800000	28.108875	-29.404978	0.000000	
789.850000	28.089616	-29.389040	0.000000	
789.900000	28.070351	-29.373110	0.000000	
789.950000	28.051072	-29.357197	0.000000	
790.000000	28.031781	-29.341301	0.000000	
790.050000	28.012487	-29.325406	0.000000	
790.100000	27.993188	-29.309518	0.000000	
790.150000	27.973888	-29.293632	0.000000	
790.200000	27.954571	-29.277765	0.000000	
790.250000	27.935246	-29.261908	0.000000	
790.300000	27.915917	-29.246055	0.000000	
790.350000	27.896605	-29.230183	0.000000	
790.400000	27.877302	-29.214299	0.000000	
790.450000	27.858018	-29.198394	0.000000	
790.500000	27.838738	-29.182484	0.000000	
790.550000	27.819455	-29.166578	0.000000	
790.600000	27.800178	-29.150664	0.000000	
790.650000	27.780917	-29.134731	0.000000	
790.700000	27.761666	-29.118786	0.000000	
790.750000	27.742431	-29.102821	0.000000	
790.800000	27.723208	-29.086842	0.000000	
790.850000	27.703987	-29.070860	0.000000	
790.900000	27.684770	-29.054873	0.000000	
790.950000	27.665575	-29.038859	0.000000	
791.000000	27.646402	-29.022818	0.000000	
791.050000	27.627246	-29.006756	0.000000	
791.100000	27.608107	-28.990674	0.000000	
791.150000	27.588984	-28.974573	0.000000	
791.200000	27.569863	-28.958469	0.000000	
791.250000	27.550758	-28.942346	0.000000	
791.300000	27.531654	-28.926223	0.000000	
791.350000	27.512551	-28.910097	0.000000	
791.400000	27.493431	-28.893993	0.000000	
791.450000	27.474282	-28.877923	0.000000	
791.500000	27.455099	-28.861893	0.000000	
791.550000	27.435881	-28.845907	0.000000	
791.600000	27.416625	-28.829967	0.000000	
791.650000	27.397329	-28.814077	0.000000	
791.700000	27.377995	-28.798235	0.000000	
791.750000	27.358624	-28.782438	0.000000	
791.800000	27.339216	-28.766690	0.000000	
791.850000	27.319765	-28.750996	0.000000	
791.900000	27.300280	-28.735347	0.000000	
791.950000	27.280744	-28.719765	0.000000	
792.000000	27.261142	-28.704269	0.000000	
792.050000	27.241469	-28.688867	0.000000	
792.100000	27.221735	-28.673543	0.000000	
792.150000	27.201936	-28.658303	0.000000	
792.200000	27.182075	-28.643143	0.000000	
792.250000	27.162158	-28.628054	0.000000	
792.300000	27.142185	-28.613037	0.000000	
792.350000	27.122166	-28.598078	0.000000	
792.400000	27.102109	-28.583165	0.000000	
792.450000	27.082029	-28.568281	0.000000	
792.500000	27.061943	-28.553405	0.000000	
792.550000	27.041865	-28.538519	0.000000	
792.600000	27.021814	-28.523599	0.000000	
792.650000	27.001801	-28.508633	0.000000	
792.700000	26.981836	-28.493608	0.000000	
792.750000	26.961904	-28.478541	0.000000	
792.800000	26.942017	-28.463418	0.000000	
792.850000	26.922181	-28.448231	0.000000	
792.900000	26.902395	-28.432980	0.000000	
792.950000	26.882670	-28.417653	0.000000	
793.000000	26.863010	-28.402241	0.000000	
793.050000	26.843420	-28.386739	0.000000	
793.100000	26.823896	-28.371150	0.000000	
793.150000	26.804428	-28.355488	0.000000	
793.200000	26.785016	-28.339753	0.000000	
793.250000	26.765657	-28.323949	0.000000	
793.300000	26.746352	-28.308075	0.000000	
793.350000	26.727087	-28.292149	0.000000	
793.400000	26.707852	-28.276185	0.000000	
793.450000	26.688630	-28.260203	0.000000	
793.500000	26.669412	-28.244218	0.000000	
793.550000	26.650195	-28.228230	0.000000	
793.600000	26.630969	-28.212254	0.000000	
793.650000	26.611716	-28.196312	0.000000	
793.700000	26.592435	-28.180403	0.000000	
793.750000	26.573130	-28.164524	0.000000	
793.800000	26.553818	-28.148653	0.000000	
793.850000	26.534492	-28.132797	0.000000	
793.900000	26.515163	-28.116946	0.000000	
793.950000	26.495836	-28.101092	0.000000	
794.000000	26.476508	-28.085240	0.000000	
794.050000	26.457184	-28.069384	0.000000	
794.100000	26.437860	-28.053527	0.000000	
794.150000	26.418550	-28.037653	0.000000	
794.200000	26.399249	-28.021768	0.000000	
794.250000	26.379947	-28.005885	0.000000	
794.300000	26.360641	-27.990006	0.000000	
794.350000	26.341320	-27.974147	0.000000	
794.400000	26.321980	-27.958310	0.000000	
794.450000	26.302618	-27.942502	0.000000	
794.500000	26.283246	-27.926707	0.000000	
794.550000	26.263878	-27.910907	0.000000	
794.600000	26.244503	-27.895116	0.000000	
794.650000	26.225115	-27.879341	0.000000	
794.700000	26.205722	-27.863571	0.000000	
794.750000	26.186325	-27.847808	0.000000	
794.800000	26.166904	-27.832075	0.000000	
794.850000	26.147452	-27.816381	0.000000	
794.900000	26.127968	-27.800729	0.000000	
794.950000	26.108448	-27.785121	0.000000	
795.000000	26.088886	-27.769566	0.000000	
795.050000	26.069271	-27.754076	0.000000	
795.100000	26.049611	-27.738642	0.000000	
795.150000	26.029914	-27.723254	0.000000	
795.200000	26.010184	-27.707905	0.000000	
795.250000	25.990423	-27.692596	0.000000	
795.300000	25.970644	-27.677307	0.000000	
795.350000	25.950864	-27.662021	0.000000	
795.400000	25.931084	-27.646735	0.000000	
795.450000	25.911308	-27.631443	0.000000	
795.500000	25.891544	-27.616136	0.000000	
795.550000	25.871777	-27.600833	0.000000	
795.600000	25.852002	-27.585541	0.000000	
795.650000	25.832225	-27.570250	0.000000	
795.700000	25.812462	-27.554941	0.000000	
795.750000	25.792708	-27.539622	0.000000	
795.800000	25.772965	-27.524288	0.000000	
795.850000	25.753235	-27.508937	0.000000	
795.900000	25.733512	-27.493577	0.000000	
795.950000	25.713809	-27.478191	0.000000	
796.000000	25.694119	-27.462790	0.000000	
796.050000	25.674454	-27.447355	0.000000	
796.100000	25.654814	-27.431888	0.000000	
796.150000	25.635191	-27.416400	0.000000	
796.200000	25.615584	-27.400890	0.000000	
796.250000	25.595989	-27.385367	0.000000	
796.300000	25.576407	-27.369827	0.000000	
796.350000	25.556831	-27.354279	0.000000	
796.400000	25.537257	-27.338729	0.000000	
796.450000	25.517702	-27.323155	0.000000	
796.500000	25.498180	-27.307542	0.000000	
796.550000	25.478686	-27.291895	0.000000	
796.600000	25.459239	-27.276189	0.000000	
796.650000	25.439834	-27.260432	0.000000	
796.700000	25.420462	-27.244636	0.000000	
796.750000	25.401106	-27.228818	0.000000	
796.800000	25.381760	-27.212989	0.000000	
796.850000	25.362422	-27.197150	0.000000	
796.900000	25.343087	-27.181307	0.000000	
796.950000	25.323773	-27.165437	0.000000	
797.000000	25.304475	-27.149548	0.000000	
797.050000	25.285202	-27.133629	0.000000	
797.100000	25.265944	-27.117690	0.000000	
797.150000	25.246715	-27.101718	0.000000	
797.200000	25.227500	-27.085728	0.000000	
797.250000	25.208284	-27.069739	0.000000	
797.300000	25.189055	-27.053767	0.000000	
797.350000	25.169802	-27.037825	0.000000	
797.400000	25.150504	-27.021943	0.000000	
797.450000	25.131147	-27.006139	0.000000	
797.500000	25.111701	-26.990454	0.000000	
797.550000	25.092143	-26.974925	0.000000	
797.600000	25.072458	-26.959575	0.000000	
797.650000	25.052623	-26.944441	0.000000	
797.700000	25.032638	-26.929527	0.000000	
797.750000	25.012507	-26.914830	0.000000	
797.800000	24.992224	-26.900366	0.000000	
797.850000	24.971791	-26.886142	0.000000	
797.900000	24.951186	-26.872198	0.000000	
797.950000	24.930414	-26.858539	0.000000	
798.000000	24.909460	-26.845184	0.000000	
798.050000	24.888311	-26.832159	0.000000	
798.100000	24.866951	-26.819503	0.000000	
798.150000	24.845378	-26.807214	0.000000	
798.200000	24.823588	-26.795297	0.000000	
798.250000	24.801597	-26.783729	0.000000	
798.300000	24.779415	-26.772500	0.000000	
798.350000	24.757052	-26.761598	0.000000	
798.400000	24.734526	-26.750992	0.000000	
798.450000	24.711858	-26.740651	0.000000	
798.500000	24.689056	-26.730563	0.000000	
798.550000	24.666137	-26.720710	0.000000	
798.600000	24.643120	-26.711057	0.000000	
798.650000	24.620025	-26.701568	0.000000	
798.700000	24.596860	-26.692236	0.000000	
798.750000	24.573633	-26.683038	0.000000	
798.800000	24.550347	-26.673974	0.000000	
798.850000	24.527018	-26.665006	0.000000	
798.900000	24.503661	-26.656102	0.000000	
798.950000	24.480286	-26.647241	0.000000	
799.000000	24.456908	-26.638389	0.000000	
799.050000	24.433526	-26.629547	0.000000	
799.100000	24.410146	-26.620699	0.000000	
799.150000	24.386785	-26.611800	0.000000	
799.200000	24.363449	-26.602840	0.000000	
799.250000	24.340134	-26.593825	0.000000	
799.300000	24.316832	-26.584775	0.000000	
799.350000	24.293544	-26.575690	0.000000	
799.400000	24.270264	-26.566582	0.000000	
799.450000	24.246990	-26.557460	0.000000	
799.500000	24.223721	-26.548326	0.000000	
799.550000	24.200454	-26.539184	0.000000	
799.600000	24.177193	-26.530027	0.000000	
799.650000	24.153935	-26.520862	0.000000	
799.700000	24.130675	-26.511704	0.000000	
799.750000	24.107412	-26.502552	0.000000	
799.800000	24.084149	-26.493402	0.000000	
799.850000	24.060883	-26.484259	0.000000	
799.900000	24.037606	-26.475145	0.000000	
799.950000	24.014308	-26.466088	0.000000	
800.000000	23.990997	-26.457066	0.000000	
800.050000	23.967672	-26.448081	0.000000	
800.100000	23.944338	-26.439116	0.000000	
800.150000	23.921001	-26.430161	0.000000	
800.200000	23.897653	-26.421234	0.000000	
800.250000	23.874283	-26.412364	0.000000	
800.300000	23.850889	-26.403555	0.000000	
800.350000	23.827481	-26.394780	0.000000	
800.400000	23.804068	-26.386020	0.000000	
800.450000	23.780650	-26.377272	0.000000	
800.500000	23.757225	-26.368543	0.000000	
800.550000	23.733791	-26.359838	0.000000	
800.600000	23.710349	-26.351155	0.000000	
800.650000	23.686905	-26.342476	0.000000	
800.700000	23.663456	-26.333809	0.000000	
800.750000	23.640010	-26.325136	0.000000	
800.800000	23.616567	-26.316454	0.000000	
800.850000	23.593123	-26.307776	0.000000	
800.900000	23.569675	-26.299106	0.000000	
800.950000	23.546231	-26.290429	0.000000	
801.000000	23.522796	-26.281723	0.000000	
801.050000	23.499372	-26.272990	0.000000	
801.100000	23.475952	-26.264242	0.000000	
801.150000	23.452529	-26.255507	0.000000	
801.200000	23.429096	-26.246796	0.000000	
801.250000	23.405652	-26.238116	0.000000	
801.300000	23.382200	-26.229461	0.000000	
801.350000	23.358737	-26.220834	0.000000	
801.400000	23.335259	-26.212253	0.000000	
801.450000	23.311759	-26.203734	0.000000	
801.500000	23.288245	-26.195256	0.000000	
801.550000	23.264718	-26.186813	0.000000	
801.600000	23.241180	-26.178400	0.000000	
801.650000	23.217628	-26.170028	0.000000	
801.700000	23.194055	-26.161719	0.000000	
801.750000	23.170457	-26.153480	0.000000	
801.800000	23.146834	-26.145314	0.000000	
801.850000	23.123189	-26.137214	0.000000	
801.900000	23.099517	-26.129195	0.000000	
801.950000	23.075824	-26.121240	0.000000	
802.000000	23.052104	-26.113368	0.000000	
802.050000	23.028359	-26.105569	0.000000	
802.100000	23.004591	-26.097838	0.000000	
802.150000	22.980796	-26.090185	0.000000	
802.200000	22.956980	-26.082593	0.000000	
802.250000	22.933147	-26.075055	0.000000	
802.300000	22.909296	-26.067569	0.000000	
802.350000	22.885432	-26.060128	0.000000	
802.400000	22.861556	-26.052724	0.000000	
802.450000	22.837674	-26.045338	0.000000	
802.500000	22.813782	-26.037986	0.000000	
802.550000	22.789871	-26.030695	0.000000	
802.600000	22.765939	-26.023474	0.000000	
802.650000	22.741987	-26.016319	0.000000	
802.700000	22.718020	-26.009214	0.000000	
802.750000	22.694039	-26.002156	0.000000	
802.800000	22.670046	-25.995140	0.000000	
802.850000	22.646036	-25.988183	0.000000	
802.900000	22.622010	-25.981284	0.000000	
802.950000	22.597970	-25.974438	0.000000	
803.000000	22.573913	-25.967652	0.000000	
803.050000	22.549842	-25.960926	0.000000	
803.100000	22.525748	-25.954282	0.000000	
803.150000	22.501631	-25.947723	0.000000	
803.200000	22.477491	-25.941255	0.000000	
803.250000	22.453324	-25.934891	0.000000	
803.300000	22.429131	-25.928625	0.000000	
803.350000	22.404919	-25.922432	0.000000	
803.400000	22.380689	-25.916309	0.000000	
803.450000	22.356439	-25.910261	0.000000	
803.500000	22.332170	-25.904286	0.000000	
803.550000	22.307883	-25.898379	0.000000	
803.600000	22.283580	-25.892537	0.000000	
803.650000	22.259267	-25.886737	0.000000	
803.700000	22.234941	-25.880987	0.000000	
803.750000	22.210601	-25.875293	0.000000	
803.800000	22.186249	-25.869643	0.000000	
803.850000	22.161889	-25.864029	0.000000	
803.900000	22.137523	-25.858441	0.000000	
803.950000	22.113153	-25.852868	0.000000	
804.000000	22.088784	-25.847289	0.000000	
804.050000	22.064420	-25.841689	0.000000	
804.100000	22.040064	-25.836062	0.000000	
804.150000	22.015712	-25.830411	0.000000	
804.200000	21.991363	-25.824753	0.000000	
804.250000	21.967015	-25.819087	0.000000	
804.300000	21.942672	-25.813400	0.000000	
804.350000	21.918329	-25.807714	0.000000	
804.400000	21.893979	-25.802059	0.000000	
804.450000	21.869623	-25.796431	0.000000	
804.500000	21.845261	-25.790829	0.000000	
804.550000	21.820894	-25.785254	0.000000	
804.600000	21.796524	-25.779688	0.000000	
804.650000	21.772157	-25.774115	0.000000	
804.700000	21.747786	-25.768552	0.000000	
804.750000	21.723415	-25.762994	0.000000	
804.800000	21.699043	-25.757440	0.000000	
804.850000	21.674666	-25.751906	0.000000	
804.900000	21.650288	-25.746377	0.000000	
804.950000	21.625912	-25.740842	0.000000	
805.000000	21.601539	-25.735295	0.000000	
805.050000	21.577167	-25.729740	0.000000	
805.100000	21.552798	-25.724174	0.000000	
805.150000	21.528429	-25.718611	0.000000	
805.200000	21.504066	-25.713025	0.000000	
805.250000	21.479710	-25.707411	0.000000	
805.300000	21.455366	-25.701746	0.000000	
805.350000	21.431036	-25.696025	0.000000	
805.400000	21.406728	-25.690222	0.000000	
805.450000	21.382440	-25.684334	0.000000	
805.500000	21.358170	-25.678369	0.000000	
805.550000	21.333919	-25.672326	0.000000	
805.600000	21.309682	-25.666220	0.000000	
805.650000	21.285461	-25.660052	0.000000	
805.700000	21.261254	-25.653828	0.000000	
805.750000	21.237060	-25.647554	0.000000	
805.800000	21.212874	-25.641243	0.000000	
805.850000	21.188698	-25.634891	0.000000	
805.900000	21.164539	-25.628471	0.000000	
805.950000	21.140391	-25.622006	0.000000	
806.000000	21.116254	-25.615497	0.000000	
806.050000	21.092123	-25.608965	0.000000	
806.100000	21.067992	-25.602434	0.000000	
806.150000	21.043860	-25.595906	0.000000	
806.200000	21.019730	-25.589373	0.000000	
806.250000	20.995602	-25.582831	0.000000	
806.300000	20.971476	-25.576279	0.000000	
806.350000	20.947353	-25.569720	0.000000	
806.400000	20.923229	-25.563164	0.000000	
806.450000	20.899104	-25.556609	0.000000	
806.500000	20.874984	-25.550038	0.000000	
806.550000	20.850868	-25.543453	0.000000	
806.600000	20.826755	-25.536855	0.000000	
806.650000	20.802652	-25.530224	0.000000	
806.700000	20.778552	-25.523585	0.000000	
806.750000	20.754452	-25.516943	0.000000	
806.800000	20.730351	-25.510301	0.000000	
806.850000	20.706258	-25.503636	0.000000	
806.900000	20.682174	-25.496935	0.000000	
806.950000	20.658093	-25.490225	0.000000	
807.000000	20.634017	-25.483495	0.000000	
807.050000	20.609945	-25.476752	0.000000	
807.100000	20.585880	-25.469983	0.000000	
807.150000	20.561824	-25.463183	0.000000	
807.200000	20.537771	-25.456370	0.000000	
807.250000	20.513726	-25.449531	0.000000	
807.300000	20.489682	-25.442685	0.000000	
807.350000	20.465637	-25.435842	0.000000	
807.400000	20.441593	-25.428996	0.000000	
807.450000	20.417556	-25.422127	0.000000	
807.500000	20.393520	-25.415254	0.000000	
807.550000	20.369483	-25.408384	0.000000	
807.600000	20.345450	-25.401504	0.000000	
807.650000	20.321417	-25.394618	0.000000	
807.700000	20.297387	-25.387728	0.000000	
807.750000	20.273358	-25.380828	0.000000	
807.800000	20.249337	-25.373903	0.000000	
807.850000	20.225323	-25.366954	0.000000	
807.900000	20.201309	-25.360006	0.000000	
807.950000	20.177285	-25.353092	0.000000	
808.000000	20.153253	-25.346206	0.000000	
808.050000	20.129210	-25.339363	0.000000	
808.100000	20.105148	-25.332598	0.000000	
808.150000	20.081063	-25.325918	0.000000	
808.200000	20.056955	-25.319334	0.000000	
808.250000	20.032822	-25.312866	0.000000	
808.300000	20.008659	-25.306527	0.000000	
808.350000	19.984467	-25.300319	0.000000	
808.400000	19.960248	-25.294233	0.000000	
808.450000	19.935996	-25.288307	0.000000	
808.500000	19.911703	-25.282580	0.000000	
808.550000	19.887368	-25.277067	0.000000	
808.600000	19.862988	-25.271797	0.000000	
808.650000	19.838561	-25.266792	0.000000	
808.700000	19.814089	-25.262050	0.000000	
808.750000	19.789568	-25.257593	0.000000	
808.800000	19.764998	-25.253433	0.000000	
808.850000	19.740379	-25.249576	0.000000	
808.900000	19.715714	-25.246022	0.000000	
808.950000	19.691005	-25.242759	0.000000	
809.000000	19.666256	-25.239767	0.000000	
809.050000	19.641471	-25.237044	0.000000	
809.100000	19.616651	-25.234567	0.000000	
809.150000	19.591804	-25.232334	0.000000	
809.200000	19.566931	-25.230354	0.000000	
809.250000	19.542034	-25.228607	0.000000	
809.300000	19.517120	-25.227057	0.000000	
809.350000	19.492190	-25.225692	0.000000	
809.400000	19.467245	-25.224507	0.000000	
809.450000	19.442284	-25.223520	0.000000	
809.500000	19.417311	-25.222722	0.000000	
809.550000	19.392331	-25.222106	0.000000	
809.600000	19.367346	-25.221654	0.000000	
809.650000	19.342358	-25.221327	0.000000	
809.700000	19.317368	-25.221116	0.000000	
809.750000	19.292377	-25.221021	0.000000	
809.800000	19.267385	-25.221028	0.000000	
809.850000	19.242394	-25.221130	0.000000	
809.900000	19.217404	-25.221343	0.000000	
809.950000	19.192417	-25.221659	0.000000	
810.000000	19.167432	-25.222093	0.000000	
810.050000	19.142452	-25.222664	0.000000	
810.100000	19.117476	-25.223373	0.000000	
810.150000	19.092503	-25.224212	0.000000	
810.200000	19.067532	-25.225141	0.000000	
810.250000	19.042564	-25.226136	0.000000	
810.300000	19.017598	-25.227198	0.000000	
810.350000	18.992633	-25.228327	0.000000	
810.400000	18.967669	-25.229524	0.000000	
810.450000	18.942707	-25.230795	0.000000	
810.500000	18.917746	-25.232115	0.000000	
810.550000	18.892787	-25.233478	0.000000	
810.600000	18.867830	-25.234877	0.000000	
810.650000	18.842875	-25.236312	0.000000	
810.700000	18.817921	-25.237789	0.000000	
810.750000	18.792970	-25.239304	0.000000	
810.800000	18.768019	-25.240845	0.000000	
810.850000	18.743070	-25.242412	0.000000	
810.900000	18.718122	-25.243991	0.000000	
810.950000	18.693174	-25.245582	0.000000	
811.000000	18.668226	-25.247171	0.000000	
811.050000	18.643277	-25.248740	0.000000	
811.100000	18.618326	-25.250289	0.000000	
811.150000	18.593375	-25.251831	0.000000	
811.200000	18.568423	-25.253366	0.000000	
811.250000	18.543473	-25.254925	0.000000	
811.300000	18.518524	-25.256502	0.000000	
811.350000	18.493577	-25.258105	0.000000	
811.400000	18.468631	-25.259724	0.000000	
811.450000	18.443686	-25.261361	0.000000	
811.500000	18.418741	-25.263008	0.000000	
811.550000	18.393797	-25.264668	0.000000	
811.600000	18.368854	-25.266335	0.000000	
811.650000	18.343911	-25.268014	0.000000	
811.700000	18.318968	-25.269686	0.000000	
811.750000	18.294025	-25.271366	0.000000	
811.800000	18.269084	-25.273061	0.000000	
811.850000	18.244143	-25.274769	0.000000	
811.900000	18.219204	-25.276500	0.000000	
811.950000	18.194266	-25.278241	0.000000	
812.000000	18.169328	-25.279987	0.000000	
812.050000	18.144392	-25.281760	0.000000	
812.100000	18.119459	-25.283575	0.000000	
812.150000	18.094529	-25.285426	0.000000	
812.200000	18.069601	-25.287298	0.000000	
812.250000	18.044677	-25.289211	0.000000	
812.300000	18.019756	-25.291153	0.000000	
812.350000	17.994839	-25.293141	0.000000	
812.400000	17.969927	-25.295181	0.000000	
812.450000	17.945020	-25.297276	0.000000	
812.500000	17.920117	-25.299422	0.000000	
812.550000	17.895218	-25.301612	0.000000	
812.600000	17.870323	-25.303847	0.000000	
812.650000	17.845430	-25.306118	0.000000	
812.700000	17.820540	-25.308424	0.000000	
812.750000	17.795653	-25.310768	0.000000	
812.800000	17.770769	-25.313138	0.000000	
812.850000	17.745885	-25.315525	0.000000	
812.900000	17.721003	-25.317926	0.000000	
812.950000	17.696124	-25.320354	0.000000	
813.000000	17.671248	-25.322826	0.000000	
813.050000	17.646375	-25.325340	0.000000	
813.100000	17.621505	-25.327877	0.000000	
813.150000	17.596637	-25.330431	0.000000	
813.200000	17.571770	-25.332991	0.000000	
813.250000	17.546904	-25.335568	0.000000	
813.300000	17.522038	-25.338143	0.000000	
813.350000	17.497172	-25.340717	0.000000	
813.400000	17.472305	-25.343285	0.000000	
813.450000	17.447437	-25.345844	0.000000	
813.500000	17.422569	-25.348396	0.000000	
813.550000	17.397700	-25.350950	0.000000	
813.600000	17.372832	-25.353510	0.000000	
813.650000	17.347965	-25.356071	0.000000	
813.700000	17.323099	-25.358653	0.000000	
813.750000	17.298233	-25.361232	0.000000	
813.800000	17.273368	-25.363820	0.000000	
813.850000	17.248505	-25.366423	0.000000	
813.900000	17.223643	-25.369043	0.000000	
813.950000	17.198784	-25.371692	0.000000	
814.000000	17.173926	-25.374352	0.000000	
814.050000	17.149068	-25.377011	0.000000	
814.100000	17.124209	-25.379661	0.000000	
814.150000	17.099349	-25.382292	0.000000	
814.200000	17.074486	-25.384905	0.000000	
814.250000	17.049622	-25.387501	0.000000	
814.300000	17.024754	-25.390063	0.000000	
814.350000	16.999883	-25.392589	0.000000	
814.400000	16.975009	-25.395085	0.000000	
814.450000	16.950132	-25.397541	0.000000	
814.500000	16.925251	-25.399961	0.000000	
814.550000	16.900368	-25.402366	0.000000	
814.600000	16.875484	-25.404754	0.000000	
814.650000	16.850597	-25.407114	0.000000	
814.700000	16.825708	-25.409446	0.000000	
814.750000	16.800814	-25.411734	0.000000	
814.800000	16.775917	-25.413978	0.000000	
814.850000	16.751018	-25.416198	0.000000	
814.900000	16.726116	-25.418382	0.000000	
814.950000	16.701209	-25.420512	0.000000	
815.000000	16.676296	-25.422576	0.000000	
815.050000	16.651378	-25.424564	0.000000	
815.100000	16.626455	-25.426492	0.000000	
815.150000	16.601529	-25.428379	0.000000	
815.200000	16.576601	-25.430251	0.000000	
815.250000	16.551673	-25.432116	0.000000	
815.300000	16.526744	-25.433964	0.000000	
815.350000	16.501813	-25.435804	0.000000	
815.400000	16.476882	-25.437634	0.000000	
815.450000	16.451951	-25.439458	0.000000	
815.500000	16.427020	-25.441296	0.000000	
815.550000	16.402089	-25.443117	0.000000	
815.600000	16.377154	-25.444900	0.000000	
815.650000	16.352216	-25.446640	0.000000	
815.700000	16.327277	-25.448358	0.000000	
815.750000	16.302337	-25.450069	0.000000	
815.800000	16.277397	-25.451779	0.000000	
815.850000	16.252457	-25.453490	0.000000	
815.900000	16.227517	-25.455194	0.000000	
815.950000	16.202577	-25.456900	0.000000	
816.000000	16.177637	-25.458612	0.000000	
816.050000	16.152699	-25.460347	0.000000	
816.100000	16.127762	-25.462106	0.000000	
816.150000	16.102825	-25.463880	0.000000	
816.200000	16.077889	-25.465656	0.000000	
816.250000	16.052952	-25.467410	0.000000	
816.300000	16.028012	-25.469126	0.000000	
816.350000	16.003069	-25.470807	0.000000	
816.400000	15.978124	-25.472434	0.000000	
816.450000	15.953177	-25.474034	0.000000	
816.500000	15.928227	-25.475599	0.000000	
816.550000	15.903275	-25.477111	0.000000	
816.600000	15.878320	-25.478595	0.000000	
816.650000	15.853365	-25.480055	0.000000	
816.700000	15.828408	-25.481499	0.000000	
816.750000	15.803451	-25.482925	0.000000	
816.800000	15.778492	-25.484323	0.000000	
816.850000	15.753532	-25.485694	0.000000	
816.900000	15.728569	-25.487026	0.000000	
816.950000	15.703605	-25.488328	0.000000	
817.000000	15.678638	-25.489587	0.000000	
817.050000	15.653670	-25.490811	0.000000	
817.100000	15.628699	-25.492003	0.000000	
817.150000	15.603728	-25.493188	0.000000	
817.200000	15.578757	-25.494372	0.000000	
817.250000	15.553786	-25.495546	0.000000	
817.300000	15.528815	-25.496736	0.000000	
817.350000	15.503845	-25.497927	0.000000	
817.400000	15.478874	-25.499124	0.000000	
817.450000	15.453905	-25.500333	0.000000	
817.500000	15.428935	-25.501543	0.000000	
817.550000	15.403964	-25.502737	0.000000	
817.600000	15.378994	-25.503918	0.000000	
817.650000	15.354022	-25.505082	0.000000	
817.700000	15.329050	-25.506229	0.000000	
817.750000	15.304077	-25.507366	0.000000	
817.800000	15.279105	-25.508506	0.000000	
817.850000	15.254133	-25.509648	0.000000	
817.900000	15.229162	-25.510806	0.000000	
817.950000	15.204193	-25.512015	0.000000	
818.000000	15.179227	-25.513258	0.000000	
818.050000	15.154265	-25.514566	0.000000	
818.100000	15.129310	-25.515970	0.000000	
818.150000	15.104366	-25.517485	0.000000	
818.200000	15.079432	-25.519098	0.000000	
818.250000	15.054510	-25.520824	0.000000	
818.300000	15.029607	-25.522698	0.000000	
818.350000	15.004727	-25.524741	0.000000	
818.400000	14.979875	-25.526980	0.000000	
818.450000	14.955055	-25.529437	0.000000	
818.500000	14.930274	-25.532145	0.000000	
818.550000	14.905540	-25.535137	0.000000	
818.600000	14.880854	-25.538419	0.000000	
818.650000	14.856223	-25.542030	0.000000	
818.700000	14.831656	-25.545986	0.000000	
818.750000	14.807165	-25.550331	0.000000	
818.800000	14.782754	-25.555066	0.000000	
818.850000	14.758430	-25.560196	0.000000	
818.900000	14.734203	-25.565744	0.000000	
818.950000	14.710081	-25.571710	0.000000	
819.000000	14.686067	-25.578088	0.000000	
819.050000	14.662156	-25.584869	0.000000	
819.100000	14.638343	-25.592020	0.000000	
819.150000	14.614631	-25.599530	0.000000	
819.200000	14.591022	-25.607385	0.000000	
819.250000	14.567516	-25.615580	0.000000	
819.300000	14.544106	-25.624088	0.000000	
819.350000	14.520792	-25.632892	0.000000	
819.400000	14.497564	-25.641950	0.000000	
819.450000	14.474417	-25.651247	0.000000	
819.500000	14.451352	-25.660773	0.000000	
819.550000	14.428356	-25.670490	0.000000	
819.600000	14.405413	-25.680354	0.000000	
819.650000	14.382521	-25.690356	0.000000	
819.700000	14.359678	-25.700487	0.000000	
819.750000	14.336870	-25.710708	0.000000	
819.800000	14.314080	-25.720973	0.000000	
819.850000	14.291299	-25.731261	0.000000	
819.900000	14.268512	-25.741536	0.000000	
819.950000	14.245715	-25.751785	0.000000	
820.000000	14.222903	-25.762000	0.000000	
820.050000	14.200065	-25.772156	0.000000	
820.100000	14.177213	-25.782279	0.000000	
820.150000	14.154351	-25.792379	0.000000	
820.200000	14.131475	-25.802448	0.000000	
820.250000	14.108583	-25.812482	0.000000	
820.300000	14.085673	-25.822476	0.000000	
820.350000	14.062750	-25.832441	0.000000	
820.400000	14.039806	-25.842358	0.000000	
820.450000	14.016845	-25.852239	0.000000	
820.500000	13.993873	-25.862094	0.000000	
820.550000	13.970888	-25.871922	0.000000	
820.600000	13.947892	-25.881726	0.000000	
820.650000	13.924893	-25.891521	0.000000	
820.700000	13.901898	-25.901327	0.000000	
820.750000	13.878898	-25.911120	0.000000	
820.800000	13.855893	-25.920903	0.000000	
820.850000	13.832890	-25.930690	0.000000	
820.900000	13.809895	-25.940496	0.000000	
820.950000	13.786917	-25.950343	0.000000	
821.000000	13.763958	-25.960233	0.000000	
821.050000	13.741007	-25.970144	0.000000	
821.100000	13.718067	-25.980080	0.000000	
821.150000	13.695132	-25.990028	0.000000	
821.200000	13.672209	-26.000004	0.000000	
821.250000	13.649302	-26.010016	0.000000	
821.300000	13.626402	-26.020042	0.000000	
821.350000	13.603508	-26.030083	0.000000	
821.400000	13.580614	-26.040125	0.000000	
821.450000	13.557719	-26.050164	0.000000	
821.500000	13.534820	-26.060192	0.000000	
821.550000	13.511914	-26.070204	0.000000	
821.600000	13.489001	-26.080203	0.000000	
821.650000	13.466088	-26.090199	0.000000	
821.700000	13.443168	-26.100179	0.000000	
821.750000	13.420241	-26.110144	0.000000	
821.800000	13.397306	-26.120088	0.000000	
821.850000	13.374363	-26.130016	0.000000	
821.900000	13.351417	-26.139936	0.000000	
821.950000	13.328459	-26.149826	0.000000	
822.000000	13.305490	-26.159691	0.000000	
822.050000	13.282511	-26.169533	0.000000	
822.100000	13.259523	-26.179352	0.000000	
822.150000	13.236531	-26.189165	0.000000	
822.200000	13.213533	-26.198963	0.000000	
822.250000	13.190527	-26.208742	0.000000	
822.300000	13.167507	-26.218488	0.000000	
822.350000	13.144470	-26.228198	0.000000	
822.400000	13.121419	-26.237874	0.000000	
822.450000	13.098360	-26.247531	0.000000	
822.500000	13.075299	-26.257183	0.000000	
822.550000	13.052239	-26.266837	0.000000	
822.600000	13.029184	-26.276504	0.000000	
822.650000	13.006133	-26.286178	0.000000	
822.700000	12.983080	-26.295849	0.000000	
822.750000	12.960034	-26.305536	0.000000	
822.800000	12.936994	-26.315237	0.000000	
822.850000	12.913962	-26.324957	0.000000	
822.900000	12.890942	-26.334707	0.000000	
822.950000	12.867930	-26.344472	0.000000	
823.000000	12.844934	-26.354276	0.000000	
823.050000	12.821950	-26.364110	0.000000	
823.100000	12.798981	-26.373977	0.000000	
823.150000	12.776025	-26.383874	0.000000	
823.200000	12.753073	-26.393779	0.000000	
823.250000	12.730124	-26.403692	0.000000	
823.300000	12.707174	-26.413602	0.000000	
823.350000	12.684221	-26.423506	0.000000	
823.400000	12.661276	-26.433430	0.000000	
823.450000	12.638340	-26.443373	0.000000	
823.500000	12.615414	-26.453341	0.000000	
823.550000	12.592501	-26.463339	0.000000	
823.600000	12.569598	-26.473360	0.000000	
823.650000	12.546698	-26.483387	0.000000	
823.700000	12.523800	-26.493419	0.000000	
823.750000	12.500913	-26.503476	0.000000	
823.800000	12.478026	-26.513534	0.000000	
823.850000	12.455140	-26.523593	0.000000	
823.900000	12.432251	-26.533645	0.000000	
823.950000	12.409353	-26.543677	0.000000	
824.000000	12.386456	-26.553711	0.000000	
824.050000	12.363560	-26.563747	0.000000	
824.100000	12.340661	-26.573777	0.000000	
824.150000	12.317751	-26.583782	0.000000	
824.200000	12.294837	-26.593777	0.000000	
824.250000	12.271931	-26.603791	0.000000	
824.300000	12.249033	-26.613823	0.000000	
824.350000	12.226145	-26.623877	0.000000	
824.400000	12.203262	-26.633945	0.000000	
824.450000	12.180375	-26.644000	0.000000	
824.500000	12.157480	-26.654041	0.000000	
824.550000	12.134580	-26.664068	0.000000	
824.600000	12.111677	-26.674087	0.000000	
824.650000	12.088773	-26.684104	0.000000	
824.700000	12.065875	-26.694137	0.000000	
824.750000	12.042986	-26.704188	0.000000	
824.800000	12.020097	-26.714239	0.000000	
824.850000	11.997220	-26.724315	0.000000	
824.900000	11.974348	-26.734405	0.000000	
824.950000	11.951486	-26.744517	0.000000	
825.000000	11.928634	-26.754652	0.000000	
825.050000	11.905787	-26.764796	0.000000	
825.100000	11.882937	-26.774936	0.000000	
825.150000	11.860082	-26.785062	0.000000	
825.200000	11.837224	-26.795183	0.000000	
825.250000	11.814360	-26.805290	0.000000	
825.300000	11.791491	-26.815386	0.000000	
825.350000	11.768620	-26.825477	0.000000	
825.400000	11.745750	-26.835570	0.000000	
825.450000	11.722883	-26.845670	0.000000	
825.500000	11.700023	-26.855787	0.000000	
825.550000	11.677181	-26.865943	0.000000	
825.600000	11.654344	-26.876113	0.000000	
825.650000	11.631508	-26.886285	0.000000	
825.700000	11.608681	-26.896476	0.000000	
825.750000	11.585856	-26.906672	0.000000	
825.800000	11.563028	-26.916861	0.000000	
825.850000	11.540200	-26.927051	0.000000	
825.900000	11.517362	-26.937217	0.000000	
825.950000	11.494517	-26.947368	0.000000	
826.000000	11.471672	-26.957521	0.000000	
826.050000	11.448826	-26.967669	0.000000	
826.100000	11.425978	-26.977814	0.000000	
826.150000	11.403137	-26.987974	0.000000	
826.200000	11.380307	-26.998161	0.000000	
826.250000	11.357483	-27.008360	0.000000	
826.300000	11.334665	-27.018573	0.000000	
826.350000	11.311840	-27.028769	0.000000	
826.400000	11.289010	-27.038955	0.000000	
826.450000	11.266168	-27.049113	0.000000	
826.500000	11.243316	-27.059249	0.000000	
826.550000	11.220452	-27.069356	0.000000	
826.600000	11.197566	-27.079411	0.000000	
826.650000	11.174671	-27.089444	0.000000	
826.700000	11.151766	-27.099455	0.000000	
826.750000	11.128842	-27.109422	0.000000	
826.800000	11.105894	-27.119335	0.000000	
826.850000	11.082923	-27.129193	0.000000	
826.900000	11.059933	-27.139006	0.000000	
826.950000	11.036933	-27.148796	0.000000	
827.000000	11.013919	-27.158554	0.000000	
827.050000	10.990886	-27.168269	0.000000	
827.100000	10.967842	-27.177955	0.000000	
827.150000	10.944787	-27.187618	0.000000	
827.200000	10.921714	-27.197238	0.000000	
827.250000	10.898628	-27.206829	0.000000	
827.300000	10.875532	-27.216395	0.000000	
827.350000	10.852425	-27.225938	0.000000	
827.400000	10.829315	-27.235472	0.000000	
827.450000	10.806199	-27.244991	0.000000	
827.500000	10.783084	-27.254513	0.000000	
827.550000	10.759964	-27.264024	0.000000	
827.600000	10.736842	-27.273529	0.000000	
827.650000	10.713724	-27.283045	0.000000	
827.700000	10.690602	-27.292551	0.000000	
827.750000	10.667475	-27.302044	0.000000	
827.800000	10.644354	-27.311552	0.000000	
827.850000	10.621249	-27.321095	0.000000	
827.900000	10.598166	-27.330692	0.000000	
827.950000	10.575109	-27.340349	0.000000	
828.000000	10.552087	-27.350083	0.000000	
828.050000	10.529117	-27.359926	0.000000	
828.100000	10.506205	-27.369892	0.000000	
828.150000	10.483354	-27.379985	0.000000	
828.200000	10.460581	-27.390232	0.000000	
828.250000	10.437908	-27.400672	0.000000	
828.300000	10.415336	-27.411301	0.000000	
828.350000	10.392887	-27.422154	0.000000	
828.400000	10.370568	-27.433244	0.000000	
828.450000	10.348385	-27.444576	0.000000	
828.500000	10.326358	-27.456181	0.000000	
828.550000	10.304503	-27.468069	0.000000	
828.600000	10.282831	-27.480265	0.000000	
828.650000	10.261350	-27.492779	0.000000	
828.700000	10.240068	-27.505618	0.000000	
828.750000	10.218993	-27.518793	0.000000	
828.800000	10.198129	-27.532307	0.000000	
828.850000	10.177463	-27.546137	0.000000	
828.900000	10.156991	-27.560270	0.000000	
828.950000	10.136706	-27.574692	0.000000	
829.000000	10.116607	-27.589398	0.000000	
829.050000	10.096685	-27.604364	0.000000	
829.100000	10.076933	-27.619572	0.000000	
829.150000	10.057358	-27.635023	0.000000	
829.200000	10.037965	-27.650722	0.000000	
829.250000	10.018738	-27.666636	0.000000	
829.300000	9.999661	-27.682737	0.000000	
829.350000	9.980731	-27.699022	0.000000	
829.400000	9.961938	-27.715471	0.000000	
829.450000	9.943287	-27.732083	0.000000	
829.500000	9.924780	-27.748861	0.000000	
829.550000	9.906386	-27.765766	0.000000	
829.600000	9.888095	-27.782783	0.000000	
829.650000	9.869910	-27.799912	0.000000	
829.700000	9.851817	-27.817139	0.000000	
829.750000	9.833802	-27.834450	0.000000	
829.800000	9.815864	-27.851840	0.000000	
829.850000	9.797993	-27.869300	0.000000	
829.900000	9.780184	-27.886825	0.000000	
829.950000	9.762422	-27.904401	0.000000	
830.000000	9.744705	-27.922026	0.000000	
830.050000	9.727024	-27.939690	0.000000	
830.100000	9.709378	-27.957392	0.000000	
830.150000	9.691767	-27.975130	0.000000	
830.200000	9.674179	-27.992892	0.000000	
830.250000	9.656615	-28.010677	0.000000	
830.300000	9.639075	-28.028488	0.000000	
830.350000	9.621545	-28.046308	0.000000	
830.400000	9.604027	-28.064140	0.000000	
830.450000	9.586511	-28.081974	0.000000	
830.500000	9.568996	-28.099810	0.000000	
830.550000	9.551484	-28.117648	0.000000	
830.600000	9.533998	-28.135511	0.000000	
830.650000	9.516533	-28.153393	0.000000	
830.700000	9.499075	-28.171282	0.000000	
830.750000	9.481642	-28.189194	0.000000	
830.800000	9.464225	-28.207120	0.000000	
830.850000	9.446830	-28.225068	0.000000	
830.900000	9.429460	-28.243038	0.000000	
830.950000	9.412127	-28.261044	0.000000	
831.000000	9.394856	-28.279108	0.000000	
831.050000	9.377651	-28.297235	0.000000	
831.100000	9.360510	-28.315422	0.000000	
831.150000	9.343419	-28.333659	0.000000	
831.200000	9.326382	-28.351947	0.000000	
831.250000	9.309412	-28.370297	0.000000	
831.300000	9.292499	-28.388699	0.000000	
831.350000	9.275648	-28.407158	0.000000	
831.400000	9.258877	-28.425690	0.000000	
831.450000	9.242170	-28.444280	0.000000	
831.500000	9.225525	-28.462928	0.000000	
831.550000	9.208931	-28.481623	0.000000	
831.600000	9.192385	-28.500359	0.000000	
831.650000	9.175873	-28.519126	0.000000	
831.700000	9.159386	-28.537916	0.000000	
831.750000	9.142938	-28.556740	0.000000	
831.800000	9.126533	-28.575600	0.000000	
831.850000	9.110185	-28.594510	0.000000	
831.900000	9.093892	-28.613467	0.000000	
831.950000	9.077645	-28.632463	0.000000	
832.000000	9.061452	-28.651505	0.000000	
832.050000	9.045312	-28.670591	0.000000	
832.100000	9.029215	-28.689713	0.000000	
832.150000	9.013155	-28.708867	0.000000	
832.200000	8.997154	-28.728071	0.000000	
832.250000	8.981208	-28.747321	0.000000	
832.300000	8.965302	-28.766604	0.000000	
832.350000	8.949434	-28.785919	0.000000	
832.400000	8.933601	-28.805262	0.000000	
832.450000	8.917790	-28.824623	0.000000	
832.500000	8.902022	-28.844018	0.000000	
832.550000	8.886300	-28.863451	0.000000	
832.600000	8.870614	-28.882915	0.000000	
832.650000	8.854961	-28.902405	0.000000	
832.700000	8.839337	-28.921919	0.000000	
832.750000	8.823758	-28.941470	0.000000	
832.800000	8.808212	-28.961047	0.000000	
832.850000	8.792690	-28.980644	0.000000	
832.900000	8.777179	-29.000249	0.000000	
832.950000	8.761679	-29.019863	0.000000	
833.000000	8.746199	-29.039493	0.000000	
833.050000	8.730726	-29.059130	0.000000	
833.100000	8.715256	-29.078767	0.000000	
833.150000	8.699797	-29.098414	0.000000	
833.200000	8.684350	-29.118071	0.000000	
833.250000	8.668907	-29.137731	0.000000	
833.300000	8.653463	-29.157390	0.000000	
833.350000	8.638009	-29.177040	0.000000	
833.400000	8.622549	-29.196686	0.000000	
833.450000	8.607091	-29.216334	0.000000	
833.500000	8.591645	-29.235991	0.000000	
833.550000	8.576214	-29.255659	0.000000	
833.600000	8.560802	-29.275342	0.000000	
833.650000	8.545418	-29.295047	0.000000	
833.700000	8.530058	-29.314770	0.000000	
833.750000	8.514740	-29.334525	0.000000	
833.800000	8.499442	-29.354294	0.000000	
833.850000	8.484169	-29.374084	0.000000	
833.900000	8.468921	-29.393892	0.000000	
833.950000	8.453702	-29.413722	0.000000	
834.000000	8.438512	-29.433574	0.000000	
834.050000	8.423348	-29.453446	0.000000	
834.100000	8.408224	-29.473348	0.000000	
834.150000	8.393124	-29.493268	0.000000	
834.200000	8.378059	-29.513215	0.000000	
834.250000	8.363045	-29.533199	0.000000	
834.300000	8.348093	-29.553230	0.000000	
834.350000	8.333213	-29.573313	0.000000	
834.400000	8.318422	-29.593462	0.000000	
834.450000	8.303705	-29.613665	0.000000	
834.500000	8.289049	-29.633913	0.000000	
834.550000	8.274455	-29.654206	0.000000	
834.600000	8.259915	-29.674538	0.000000	
834.650000	8.245416	-29.694898	0.000000	
834.700000	8.230960	-29.715289	0.000000	
834.750000	8.216561	-29.735719	0.000000	
834.800000	8.202203	-29.756179	0.000000	
834.850000	8.187891	-29.776671	0.000000	
834.900000	8.173623	-29.797194	0.000000	
834.950000	8.159408	-29.817754	0.000000	
835.000000	8.145259	-29.838359	0.000000	
835.050000	8.131175	-29.859009	0.000000	
835.100000	8.117158	-29.879705	0.000000	
835.150000	8.103201	-29.900441	0.000000	
835.200000	8.089318	-29.921228	0.000000	
835.250000	8.075498	-29.942058	0.000000	
835.300000	8.061727	-29.962920	0.000000	
835.350000	8.047984	-29.983801	0.000000	
835.400000	8.034241	-30.004682	0.000000	
835.450000	8.020501	-30.025565	0.000000	
835.500000	8.006787	-30.046465	0.000000	
835.550000	7.993088	-30.067376	0.000000	
835.600000	7.979397	-30.088292	0.000000	
835.650000	7.965719	-30.109216	0.000000	
835.700000	7.952067	-30.130158	0.000000	
835.750000	7.938443	-30.151118	0.000000	
835.800000	7.924836	-30.172088	0.000000	
835.850000	7.911248	-30.193072	0.000000	
835.900000	7.897674	-30.214065	0.000000	
835.950000	7.884113	-30.235066	0.000000	
836.000000	7.870539	-30.256059	0.000000	
836.050000	7.856957	-30.277046	0.000000	
836.100000	7.843341	-30.298011	0.000000	
836.150000	7.829702	-30.318961	0.000000	
836.200000	7.816042	-30.339898	0.000000	
836.250000	7.802352	-30.360814	0.000000	
836.300000	7.788627	-30.381709	0.000000	
836.350000	7.774880	-30.402588	0.000000	
836.400000	7.761106	-30.423450	0.000000	
836.450000	7.747312	-30.444298	0.000000	
836.500000	7.733499	-30.465133	0.000000	
836.550000	7.719668	-30.485956	0.000000	
836.600000	7.705828	-30.506773	0.000000	
836.650000	7.691986	-30.527589	0.000000	
836.700000	7.678119	-30.548388	0.000000	
836.750000	7.664219	-30.569166	0.000000	
836.800000	7.650276	-30.589913	0.000000	
836.850000	7.636273	-30.610621	0.000000	
836.900000	7.622197	-30.631278	0.000000	
836.950000	7.608075	-30.651905	0.000000	
837.000000	7.593910	-30.672500	0.000000	
837.050000	7.579719	-30.693079	0.000000	
837.100000	7.565479	-30.713623	0.000000	
837.150000	7.551201	-30.734140	0.000000	
837.200000	7.536881	-30.754628	0.000000	
837.250000	7.522511	-30.775080	0.000000	
837.300000	7.508097	-30.795503	0.000000	
837.350000	7.493642	-30.815895	0.000000	
837.400000	7.479137	-30.836253	0.000000	
837.450000	7.464600	-30.856587	0.000000	
837.500000	7.450054	-30.876915	0.000000	
837.550000	7.435495	-30.897234	0.000000	
837.600000	7.420917	-30.917540	0.000000	
837.650000	7.406312	-30.937827	0.000000	
837.700000	7.391665	-30.958084	0.000000	
837.750000	7.376992	-30.978324	0.000000	
837.800000	7.362305	-30.998553	0.000000	
837.850000	7.347613	-31.018780	0.000000	
837.900000	7.332925	-31.039009	0.000000	
837.950000	7.318241	-31.059241	0.000000	
838.000000	7.303535	-31.079456	0.000000	
838.050000	7.288804	-31.099654	0.000000	
838.100000	7.274048	-31.119833	0.000000	
838.150000	7.259281	-31.140004	0.000000	
838.200000	7.244505	-31.160168	0.000000	
838.250000	7.229717	-31.180323	0.000000	
838.300000	7.214929	-31.200478	0.000000	
838.350000	7.200129	-31.220624	0.000000	
838.400000	7.185315	-31.240759	0.000000	
838.450000	7.170489	-31.260886	0.000000	
838.500000	7.155658	-31.281008	0.000000	
838.550000	7.140808	-31.301117	0.000000	
838.600000	7.125931	-31.321206	0.000000	
838.650000	7.111004	-31.341259	0.000000	
838.700000	7.096036	-31.361280	0.000000	
838.750000	7.081028	-31.381271	0.000000	
838.800000	7.065969	-31.401223	0.000000	
838.850000	7.050850	-31.421129	0.000000	
838.900000	7.035652	-31.440974	0.000000	
838.950000	7.020388	-31.460768	0.000000	
839.000000	7.005068	-31.480518	0.000000	
839.050000	6.989696	-31.500226	0.000000	
839.100000	6.974267	-31.519889	0.000000	
839.150000	6.958777	-31.539501	0.000000	
839.200000	6.943218	-31.559059	0.000000	
839.250000	6.927601	-31.578569	0.000000	
839.300000	6.911937	-31.598041	0.000000	
839.350000	6.896206	-31.617462	0.000000	
839.400000	6.880429	-31.636845	0.000000	
839.450000	6.864626	-31.656207	0.000000	
839.500000	6.848791	-31.675545	0.000000	
839.550000	6.832909	-31.694845	0.000000	
839.600000	6.816966	-31.714096	0.000000	
839.650000	6.800961	-31.733298	0.000000	
839.700000	6.784900	-31.752452	0.000000	
839.750000	6.768792	-31.771569	0.000000	
839.800000	6.752639	-31.790647	0.000000	
839.850000	6.736442	-31.809688	0.000000	
839.900000	6.720210	-31.828699	0.000000	
839.950000	6.703944	-31.847681	0.000000	
840.000000	6.687632	-31.866622	0.000000	
840.050000	6.671277	-31.885526	0.000000	
840.100000	6.654887	-31.904398	0.000000	
840.150000	6.638454	-31.923232	0.000000	
840.200000	6.621986	-31.942034	0.000000	
840.250000	6.605481	-31.960803	0.000000	
840.300000	6.588932	-31.979531	0.000000	
840.350000	6.572332	-31.998215	0.000000	
840.400000	6.555701	-32.016871	0.000000	
840.450000	6.539019	-32.035483	0.000000	
840.500000	6.522272	-32.054037	0.000000	
840.550000	6.505469	-32.072542	0.000000	
840.600000	6.488617	-32.091004	0.000000	
840.650000	6.471723	-32.109428	0.000000	
840.700000	6.454803	-32.127829	0.000000	
840.750000	6.437859	-32.146208	0.000000	
840.800000	6.420890	-32.164565	0.000000	
840.850000	6.403917	-32.182919	0.000000	
840.900000	6.386951	-32.201279	0.000000	
840.950000	6.369980	-32.219634	0.000000	
841.000000	6.353018	-32.237998	0.000000	
841.050000	6.336070	-32.256374	0.000000	
841.100000	6.319123	-32.274751	0.000000	
841.150000	6.302181	-32.293132	0.000000	
841.200000	6.285264	-32.311537	0.000000	
841.250000	6.268365	-32.329957	0.000000	
841.300000	6.251477	-32.348390	0.000000	
841.350000	6.234605	-32.366836	0.000000	
841.400000	6.217753	-32.385300	0.000000	
841.450000	6.200901	-32.403765	0.000000	
841.500000	6.184054	-32.422235	0.000000	
841.550000	6.167228	-32.440723	0.000000	
841.600000	6.150428	-32.459235	0.000000	
841.650000	6.133661	-32.477777	0.000000	
841.700000	6.116935	-32.496356	0.000000	
841.750000	6.100228	-32.514952	0.000000	
841.800000	6.083542	-32.533567	0.000000	
841.850000	6.066863	-32.552187	0.000000	
841.900000	6.050181	-32.570806	0.000000	
841.950000	6.033480	-32.589407	0.000000	
842.000000	6.016759	-32.607990	0.000000	
842.050000	6.000020	-32.626558	0.000000	
842.100000	5.983265	-32.645109	0.000000	
842.150000	5.966504	-32.663656	0.000000	
842.200000	5.949740	-32.682200	0.000000	
842.250000	5.932955	-32.700725	0.000000	
842.300000	5.916152	-32.719233	0.000000	
842.350000	5.899350	-32.737742	0.000000	
842.400000	5.882550	-32.756253	0.000000	
842.450000	5.865738	-32.774753	0.000000	
842.500000	5.848933	-32.793259	0.000000	
842.550000	5.832129	-32.811767	0.000000	
842.600000	5.815317	-32.830267	0.000000	
842.650000	5.798491	-32.848754	0.000000	
842.700000	5.781633	-32.867214	0.000000	
842.750000	5.764741	-32.885642	0.000000	
842.800000	5.747825	-32.904049	0.000000	
842.850000	5.730884	-32.922433	0.000000	
842.900000	5.713918	-32.940794	0.000000	
842.950000	5.696916	-32.959122	0.000000	
843.000000	5.679880	-32.977416	0.000000	
843.050000	5.662817	-32.995686	0.000000	
843.100000	5.645725	-33.013926	0.000000	
843.150000	5.628592	-33.032127	0.000000	
843.200000	5.611421	-33.050292	0.000000	
843.250000	5.594205	-33.068412	0.000000	
843.300000	5.576955	-33.086499	0.000000	
843.350000	5.559668	-33.104551	0.000000	
843.400000	5.542325	-33.122547	0.000000	
843.450000	5.524919	-33.140481	0.000000	
843.500000	5.507451	-33.158354	0.000000	
843.550000	5.489902	-33.176146	0.000000	
843.600000	5.472289	-33.193875	0.000000	
843.650000	5.454620	-33.211548	0.000000	
843.700000	5.436888	-33.229160	0.000000	
843.750000	5.419110	-33.246727	0.000000	
843.800000	5.401276	-33.264239	0.000000	
843.850000	5.383392	-33.281701	0.000000	
843.900000	5.365460	-33.299116	0.000000	
843.950000	5.347497	-33.316500	0.000000	
844.000000	5.329513	-33.333862	0.000000	
844.050000	5.311521	-33.351217	0.000000	
844.100000	5.293521	-33.368565	0.000000	
844.150000	5.275521	-33.385911	0.000000	
844.200000	5.257528	-33.403266	0.000000	
844.250000	5.239544	-33.420629	0.000000	
844.300000	5.221561	-33.437992	0.000000	
844.350000	5.203578	-33.455357	0.000000	
844.400000	5.185601	-33.472726	0.000000	
844.450000	5.167652	-33.490125	0.000000	
844.500000	5.149753	-33.507573	0.000000	
844.550000	5.131904	-33.525072	0.000000	
844.600000	5.114121	-33.542638	0.000000	
844.650000	5.096409	-33.560273	0.000000	
844.700000	5.078768	-33.577978	0.000000	
844.750000	5.061230	-33.595778	0.000000	
844.800000	5.043822	-33.613694	0.000000	
844.850000	5.026585	-33.631759	0.000000	
844.900000	5.009567	-33.650005	0.000000	
844.950000	4.992808	-33.668457	0.000000	
845.000000	4.976347	-33.687131	0.000000	
845.050000	4.960227	-33.706050	0.000000	
845.100000	4.944490	-33.725227	0.000000	
845.150000	4.929178	-33.744681	0.000000	
845.200000	4.914329	-33.764420	0.000000	
845.250000	4.900002	-33.784466	0.000000	
845.300000	4.886245	-33.804827	0.000000	
845.350000	4.873100	-33.825521	0.000000	
845.400000	4.860586	-33.846549	0.000000	
845.450000	4.848737	-33.867915	0.000000	
845.500000	4.837559	-33.889611	0.000000	
845.550000	4.827076	-33.911626	0.000000	
845.600000	4.817313	-33.933962	0.000000	
845.650000	4.808290	-33.956617	0.000000	
845.700000	4.800006	-33.979579	0.000000	
845.750000	4.792452	-34.002839	0.000000	
845.800000	4.785595	-34.026372	0.000000	
845.850000	4.779404	-34.050148	0.000000	
845.900000	4.773835	-34.074146	0.000000	
845.950000	4.768821	-34.098329	0.000000	
846.000000	4.764316	-34.122673	0.000000	
846.050000	4.760255	-34.147148	0.000000	
846.100000	4.756603	-34.171734	0.000000	
846.150000	4.753317	-34.196410	0.000000	
846.200000	4.750367	-34.221161	0.000000	
846.250000	4.747711	-34.245970	0.000000	
846.300000	4.745303	-34.270821	0.000000	
846.350000	4.743094	-34.295700	0.000000	
846.400000	4.741068	-34.320603	0.000000	
846.450000	4.739194	-34.345523	0.000000	
846.500000	4.737443	-34.370456	0.000000	
846.550000	4.735782	-34.395397	0.000000	
846.600000	4.734160	-34.420342	0.000000	
846.650000	4.732563	-34.445289	0.000000	
846.700000	4.730959	-34.470236	0.000000	
846.750000	4.729331	-34.495180	0.000000	
846.800000	4.727678	-34.520124	0.000000	
846.850000	4.726003	-34.545066	0.000000	
846.900000	4.724298	-34.570006	0.000000	
846.950000	4.722576	-34.594945	0.000000	
847.000000	4.720839	-34.619883	0.000000	
847.050000	4.719080	-34.644819	0.000000	
847.100000	4.717300	-34.669752	0.000000	
847.150000	4.715510	-34.694685	0.000000	
847.200000	4.713703	-34.719616	0.000000	
847.250000	4.711854	-34.744544	0.000000	
847.300000	4.709966	-34.769468	0.000000	
847.350000	4.708035	-34.794389	0.000000	
847.400000	4.706059	-34.819306	0.000000	
847.450000	4.704016	-34.844218	0.000000	
847.500000	4.701926	-34.869126	0.000000	
847.550000	4.699798	-34.894033	0.000000	
847.600000	4.697663	-34.918938	0.000000	
847.650000	4.695518	-34.943843	0.000000	
847.700000	4.693361	-34.968748	0.000000	
847.750000	4.691195	-34.993651	0.000000	
847.800000	4.689042	-35.018556	0.000000	
847.850000	4.686917	-35.043462	0.000000	
847.900000	4.684829	-35.068370	0.000000	
847.950000	4.682789	-35.093281	0.000000	
848.000000	4.680777	-35.118193	0.000000	
848.050000	4.678804	-35.143109	0.000000	
848.100000	4.676886	-35.168028	0.000000	
848.150000	4.675030	-35.192953	0.000000	
848.200000	4.673208	-35.217880	0.000000	
848.250000	4.671436	-35.242811	0.000000	
848.300000	4.669732	-35.267748	0.000000	
848.350000	4.668091	-35.292689	0.000000	
848.400000	4.666495	-35.317634	0.000000	
848.450000	4.664939	-35.342583	0.000000	
848.500000	4.663436	-35.367535	0.000000	
848.550000	4.661969	-35.392490	0.000000	
848.600000	4.660519	-35.417447	0.000000	
848.650000	4.659072	-35.442403	0.000000	
848.700000	4.657658	-35.467362	0.000000	
848.750000	4.656272	-35.492323	0.000000	
848.800000	4.654902	-35.517284	0.000000	
848.850000	4.653526	-35.542246	0.000000	
848.900000	4.652118	-35.567205	0.000000	
848.950000	4.650657	-35.592161	0.000000	
849.000000	4.649153	-35.617115	0.000000	
849.050000	4.647607	-35.642065	0.000000	
849.100000	4.646030	-35.667014	0.000000	
849.150000	4.644429	-35.691961	0.000000	
849.200000	4.642795	-35.716906	0.000000	
849.250000	4.641148	-35.741850	0.000000	
849.300000	4.639462	-35.766792	0.000000	
849.350000	4.637743	-35.791731	0.000000	
849.400000	4.635988	-35.816667	0.000000	
849.450000	4.634209	-35.841603	0.000000	
849.500000	4.632409	-35.866536	0.000000	
849.550000	4.630585	-35.891468	0.000000	
849.600000	4.628739	-35.916398	0.000000	
849.650000	4.626873	-35.941327	0.000000	
849.700000	4.624981	-35.966254	0.000000	
849.750000	4.623045	-35.991178	0.000000	
849.800000	4.621072	-36.016099	0.000000	
849.850000	4.619064	-36.041018	0.000000	
849.900000	4.617022	-36.065934	0.000000	
849.950000	4.614959	-36.090849	0.000000	
850.000000	4.612876	-36.115761	0.000000	
850.050000	4.610754	-36.140670	0.000000	
850.100000	4.608592	-36.165575	0.000000	
850.150000	4.606375	-36.190474	0.000000	
850.200000	4.604109	-36.215369	0.000000	
850.250000	4.601816	-36.240261	0.000000	
850.300000	4.599472	-36.265148	0.000000	
850.350000	4.597098	-36.290032	0.000000	
850.400000	4.594681	-36.314912	0.000000	
850.450000	4.592207	-36.339786	0.000000	
850.500000	4.589666	-36.364653	0.000000	
850.550000	4.587057	-36.389512	0.000000	
850.600000	4.584370	-36.414362	0.000000	
850.650000	4.581610	-36.439204	0.000000	
850.700000	4.578757	-36.464035	0.000000	
850.750000	4.575816	-36.488855	0.000000	
850.800000	4.572787	-36.513664	0.000000	
850.850000	4.569643	-36.538458	0.000000	
850.900000	4.566386	-36.563236	0.000000	
850.950000	4.563027	-36.588000	0.000000	
851.000000	4.559561	-36.612750	0.000000	
851.050000	4.556013	-36.637488	0.000000	
851.100000	4.552386	-36.662215	0.000000	
851.150000	4.548686	-36.686931	0.000000	
851.200000	4.544914	-36.711636	0.000000	
851.250000	4.541046	-36.736325	0.000000	
851.300000	4.537078	-36.761000	0.000000	
851.350000	4.533034	-36.785663	0.000000	
851.400000	4.528912	-36.810314	0.000000	
851.450000	4.524720	-36.834955	0.000000	
851.500000	4.520486	-36.859590	0.000000	
851.550000	4.516206	-36.884218	0.000000	
851.600000	4.511896	-36.908842	0.000000	
851.650000	4.507574	-36.933463	0.000000	
851.700000	4.503249	-36.958084	0.000000	
851.750000	4.498932	-36.982706	0.000000	
851.800000	4.494627	-37.007331	0.000000	
851.850000	4.490334	-37.031957	0.000000	
851.900000	4.486055	-37.056585	0.000000	
851.950000	4.481804	-37.081219	0.000000	
852.000000	4.477577	-37.105856	0.000000	
852.050000	4.473365	-37.130496	0.000000	
852.100000	4.469150	-37.155136	0.000000	
852.150000	4.464920	-37.179773	0.000000	
852.200000	4.460685	-37.204409	0.000000	
852.250000	4.456458	-37.229047	0.000000	
852.300000	4.452266	-37.253691	0.000000	
852.350000	4.448088	-37.278338	0.000000	
852.400000	4.443929	-37.302988	0.000000	
852.450000	4.439798	-37.327642	0.000000	
852.500000	4.435670	-37.352298	0.000000	
852.550000	4.431527	-37.376950	0.000000	
852.600000	4.427389	-37.401604	0.000000	
852.650000	4.423248	-37.426257	0.000000	
852.700000	4.419093	-37.450908	0.000000	
852.750000	4.414927	-37.475557	0.000000	
852.800000	4.410751	-37.500205	0.000000	
852.850000	4.406556	-37.524849	0.000000	
852.900000	4.402362	-37.549494	0.000000	
852.950000	4.398167	-37.574138	0.000000	
853.000000	4.393977	-37.598784	0.000000	
853.050000	4.389772	-37.623427	0.000000	
853.100000	4.385584	-37.648072	0.000000	
853.150000	4.381423	-37.672722	0.000000	
853.200000	4.377317	-37.697381	0.000000	
853.250000	4.373255	-37.722048	0.000000	
853.300000	4.369227	-37.746720	0.000000	
853.350000	4.365225	-37.771396	0.000000	
853.400000	4.361277	-37.796081	0.000000	
853.450000	4.357365	-37.820771	0.000000	
853.500000	4.353479	-37.845465	0.000000	
853.550000	4.349646	-37.870167	0.000000	
853.600000	4.345886	-37.894879	0.000000	
853.650000	4.342182	-37.919600	0.000000	
853.700000	4.338530	-37.944329	0.000000	
853.750000	4.334925	-37.969064	0.000000	
853.800000	4.331343	-37.993803	0.000000	
853.850000	4.327802	-38.018548	0.000000	
853.900000	4.324305	-38.043299	0.000000	
853.950000	4.320838	-38.068055	0.000000	
854.000000	4.317410	-38.092816	0.000000	
854.050000	4.313995	-38.117580	0.000000	
854.100000	4.310599	-38.142346	0.000000	
854.150000	4.307214	-38.167114	0.000000	
854.200000	4.303821	-38.191881	0.000000	
854.250000	4.300413	-38.216646	0.000000	
854.300000	4.297009	-38.241412	0.000000	
854.350000	4.293623	-38.266180	0.000000	
854.400000	4.290233	-38.290947	0.000000	
854.450000	4.286814	-38.315710	0.000000	
854.500000	4.283379	-38.340471	0.000000	
854.550000	4.279934	-38.365231	0.000000	
854.600000	4.276454	-38.389985	0.000000	
854.650000	4.272941	-38.414735	0.000000	
854.700000	4.269422	-38.439485	0.000000	
854.750000	4.265908	-38.464235	0.000000	
854.800000	4.262385	-38.488984	0.000000	
854.850000	4.258873	-38.513734	0.000000	
854.900000	4.255348	-38.538483	0.000000	
854.950000	4.251825	-38.563232	0.000000	
855.000000	4.248299	-38.587980	0.000000	
855.050000	4.244763	-38.612727	0.000000	
855.100000	4.241231	-38.637475	0.000000	
855.150000	4.237730	-38.662227	0.000000	
855.200000	4.234250	-38.686982	0.000000	
855.250000	4.230792	-38.711741	0.000000	
855.300000	4.227363	-38.736503	0.000000	
855.350000	4.223947	-38.761267	0.000000	
855.400000	4.220524	-38.786031	0.000000	
855.450000	4.217119	-38.810797	0.000000	
855.500000	4.213758	-38.835569	0.000000	
855.550000	4.210439	-38.860346	0.000000	
855.600000	4.207149	-38.885128	0.000000	
855.650000	4.203890	-38.909914	0.000000	
855.700000	4.200639	-38.934701	0.000000	
855.750000	4.197371	-38.959485	0.000000	
855.800000	4.194093	-38.984269	0.000000	
855.850000	4.190814	-39.009052	0.000000	
855.900000	4.187515	-39.033833	0.000000	
855.950000	4.184220	-39.058614	0.000000	
856.000000	4.180901	-39.083392	0.000000	
856.050000	4.177544	-39.108164	0.000000	
856.100000	4.174165	-39.132933	0.000000	
856.150000	4.170775	-39.157700	0.000000	
856.200000	4.167360	-39.182464	0.000000	
856.250000	4.163914	-39.207223	0.000000	
856.300000	4.160441	-39.231978	0.000000	
856.350000	4.156923	-39.256727	0.000000	
856.400000	4.153369	-39.281470	0.000000	
856.450000	4.149780	-39.306208	0.000000	
856.500000	4.146155	-39.330940	0.000000	
856.550000	4.142484	-39.355666	0.000000	
856.600000	4.138770	-39.380386	0.000000	
856.650000	4.135014	-39.405100	0.000000	
856.700000	4.131217	-39.429808	0.000000	
856.750000	4.127397	-39.454513	0.000000	
856.800000	4.123564	-39.479216	0.000000	
856.850000	4.119697	-39.503914	0.000000	
856.900000	4.115810	-39.528609	0.000000	
856.950000	4.111922	-39.553304	0.000000	
857.000000	4.108032	-39.577999	0.000000	
857.050000	4.104159	-39.602696	0.000000	
857.100000	4.100309	-39.627397	0.000000	
857.150000	4.096491	-39.652102	0.000000	
857.200000	4.092689	-39.676810	0.000000	
857.250000	4.088887	-39.701517	0.000000	
857.300000	4.085086	-39.726225	0.000000	
857.350000	4.081304	-39.750936	0.000000	
857.400000	4.077546	-39.775651	0.000000	
857.450000	4.073807	-39.800368	0.000000	
857.500000	4.070114	-39.825093	0.000000	
857.550000	4.066458	-39.849823	0.000000	
857.600000	4.062829	-39.874557	0.000000	
857.650000	4.059211	-39.899293	0.000000	
857.700000	4.055607	-39.924031	0.000000	
857.750000	4.052020	-39.948771	0.000000	
857.800000	4.048450	-39.973514	0.000000	
857.850000	4.044898	-39.998260	0.000000	
857.900000	4.041364	-40.023008	0.000000	
857.950000	4.037848	-40.047759	0.000000	
858.000000	4.034342	-40.072512	0.000000	
858.050000	4.030820	-40.097262	0.000000	
858.100000	4.027290	-40.122011	0.000000	
858.150000	4.023758	-40.146760	0.000000	
858.200000	4.020232	-40.171510	0.000000	
858.250000	4.016711	-40.196260	0.000000	
858.300000	4.013220	-40.221014	0.000000	
858.350000	4.009752	-40.245772	0.000000	
858.400000	4.006301	-40.270532	0.000000	
858.450000	4.002879	-40.295296	0.000000	
858.500000	3.999485	-40.320064	0.000000	
858.550000	3.996120	-40.344835	0.000000	
858.600000	3.992777	-40.369609	0.000000	
858.650000	3.989448	-40.394385	0.000000	
858.700000	3.986135	-40.419163	0.000000	
858.750000	3.982837	-40.443943	0.000000	
858.800000	3.979577	-40.468729	0.000000	
858.850000	3.976346	-40.493518	0.000000	
858.900000	3.973139	-40.518310	0.000000	
858.950000	3.969976	-40.543107	0.000000	
859.000000	3.966861	-40.567910	0.000000	
859.050000	3.963794	-40.592719	0.000000	
859.100000	3.960787	-40.617535	0.000000	
859.150000	3.957838	-40.642358	0.000000	
859.200000	3.954951	-40.667188	0.000000	
859.250000	3.952100	-40.692022	0.000000	
859.300000	3.949305	-40.716863	0.000000	
859.350000	3.946554	-40.741708	0.000000	
859.400000	3.943863	-40.766560	0.000000	
859.450000	3.941212	-40.791416	0.000000	
859.500000	3.938596	-40.816277	0.000000	
859.550000	3.936030	-40.841142	0.000000	
859.600000	3.933503	-40.866011	0.000000	
859.650000	3.931009	-40.890883	0.000000	
859.700000	3.928566	-40.915760	0.000000	
859.750000	3.926171	-40.940643	0.000000	
859.800000	3.923813	-40.965530	0.000000	
859.850000	3.921486	-40.990420	0.000000	
859.900000	3.919193	-41.015314	0.000000	
859.950000	3.916954	-41.040213	0.000000	
860.000000	3.914749	-41.065114	0.000000	
860.050000	3.912557	-41.090017	0.000000	
860.100000	3.910390	-41.114923	0.000000	
860.150000	3.908260	-41.139831	0.000000	
860.200000	3.906156	-41.164741	0.000000	
860.250000	3.904060	-41.189652	0.000000	
860.300000	3.901989	-41.214566	0.000000	
860.350000	3.899919	-41.239479	0.000000	
860.400000	3.897863	-41.264393	0.000000	
860.450000	3.895824	-41.289309	0.000000	
860.500000	3.893810	-41.314227	0.000000	
860.550000	3.891811	-41.339146	0.000000	
860.600000	3.889834	-41.364067	0.000000	
860.650000	3.887893	-41.388990	0.000000	
860.700000	3.886004	-41.413916	0.000000	
860.750000	3.884166	-41.438846	0.000000	
860.800000	3.882402	-41.463779	0.000000	
860.850000	3.880748	-41.488719	0.000000	
860.900000	3.879205	-41.513663	0.000000	
860.950000	3.877783	-41.538612	0.000000	
861.000000	3.876493	-41.563563	0.000000	
861.050000	3.875356	-41.588515	0.000000	
861.100000	3.874420	-41.613467	0.000000	
861.150000	3.873699	-41.638417	0.000000	
861.200000	3.873188	-41.663362	0.000000	
861.250000	3.872909	-41.688300	0.000000	
861.300000	3.872888	-41.713233	0.000000	
861.350000	3.873156	-41.738151	0.000000	
861.400000	3.873768	-41.763050	0.000000	
861.450000	3.874738	-41.787922	0.000000	
861.500000	3.876097	-41.812758	0.000000	
861.550000	3.877864	-41.837554	0.000000	
861.600000	3.880075	-41.862300	0.000000	
861.650000	3.882734	-41.886987	0.000000	
861.700000	3.885853	-41.911605	0.000000	
861.750000	3.889429	-41.936152	0.000000	
861.800000	3.893454	-41.960629	0.000000	
861.850000	3.897930	-41.985031	0.000000	
861.900000	3.902839	-42.009355	0.000000	
861.950000	3.908171	-42.033599	0.000000	
862.000000	3.913906	-42.057766	0.000000	
862.050000	3.920019	-42.081856	0.000000	
862.100000	3.926482	-42.105874	0.000000	
862.150000	3.933269	-42.129817	0.000000	
862.200000	3.940355	-42.153690	0.000000	
862.250000	3.947729	-42.177493	0.000000	
862.300000	3.955364	-42.201233	0.000000	
862.350000	3.963256	-42.224910	0.000000	
862.400000	3.971358	-42.248530	0.000000	
862.450000	3.979629	-42.272102	0.000000	
862.500000	3.988041	-42.295632	0.000000	
862.550000	3.996560	-42.319129	0.000000	
862.600000	4.005169	-42.342597	0.000000	
862.650000	4.013843	-42.366043	0.000000	
862.700000	4.022571	-42.389469	0.000000	
862.750000	4.031304	-42.412893	0.000000	
862.800000	4.040036	-42.436318	0.000000	
862.850000	4.048778	-42.459739	0.000000	
862.900000	4.057516	-42.483162	0.000000	
862.950000	4.066252	-42.506585	0.000000	
863.000000	4.074988	-42.530009	0.000000	
863.050000	4.083721	-42.553433	0.000000	
863.100000	4.092459	-42.576856	0.000000	
863.150000	4.101198	-42.600279	0.000000	
863.200000	4.109931	-42.623703	0.000000	
863.250000	4.118685	-42.647119	0.000000	
863.300000	4.127450	-42.670531	0.000000	
863.350000	4.136239	-42.693935	0.000000	
863.400000	4.145051	-42.717329	0.000000	
863.450000	4.153888	-42.740714	0.000000	
863.500000	4.162762	-42.764085	0.000000	
863.550000	4.171658	-42.787447	0.000000	
863.600000	4.180584	-42.810798	0.000000	
863.650000	4.189523	-42.834144	0.000000	
863.700000	4.198465	-42.857489	0.000000	
863.750000	4.207389	-42.880840	0.000000	
863.800000	4.216325	-42.904187	0.000000	
863.850000	4.225274	-42.927530	0.000000	
863.900000	4.234213	-42.950876	0.000000	
863.950000	4.243159	-42.974220	0.000000	
864.000000	4.252097	-42.997566	0.000000	
864.050000	4.261017	-43.020919	0.000000	
864.100000	4.269941	-43.044271	0.000000	
864.150000	4.278875	-43.067619	0.000000	
864.200000	4.287819	-43.090963	0.000000	
864.250000	4.296765	-43.114306	0.000000	
864.300000	4.305694	-43.137656	0.000000	
864.350000	4.314610	-43.161011	0.000000	
864.400000	4.323520	-43.184368	0.000000	
864.450000	4.332429	-43.207726	0.000000	
864.500000	4.341324	-43.231089	0.000000	
864.550000	4.350187	-43.254464	0.000000	
864.600000	4.359039	-43.277844	0.000000	
864.650000	4.367885	-43.301226	0.000000	
864.700000	4.376758	-43.324598	0.000000	
864.750000	4.385647	-43.347963	0.000000	
864.800000	4.394557	-43.371320	0.000000	
864.850000	4.403466	-43.394678	0.000000	
864.900000	4.412390	-43.418029	0.000000	
864.950000	4.421330	-43.441375	0.000000	
865.000000	4.430285	-43.464716	0.000000	
865.050000	4.439244	-43.488055	0.000000	
865.100000	4.448215	-43.511389	0.000000	
865.150000	4.457174	-43.534727	0.000000	
865.200000	4.466092	-43.558081	0.000000	
865.250000	4.474974	-43.581449	0.000000	
865.300000	4.483800	-43.604836	0.000000	
865.350000	4.492584	-43.628237	0.000000	
865.400000	4.501325	-43.651655	0.000000	
865.450000	4.509999	-43.675095	0.000000	
865.500000	4.518600	-43.698562	0.000000	
865.550000	4.527136	-43.722051	0.000000	
865.600000	4.535627	-43.745556	0.000000	
865.650000	4.544056	-43.769082	0.000000	
865.700000	4.552402	-43.792638	0.000000	
865.750000	4.560653	-43.816227	0.000000	
865.800000	4.568823	-43.839845	0.000000	
865.850000	4.576919	-43.863489	0.000000	
865.900000	4.584955	-43.887154	0.000000	
865.950000	4.592907	-43.910848	0.000000	
866.000000	4.600773	-43.934570	0.000000	
866.050000	4.608540	-43.958327	0.000000	
866.100000	4.616238	-43.982108	0.000000	
866.150000	4.623858	-44.005915	0.000000	
866.200000	4.631405	-44.029746	0.000000	
866.250000	4.638889	-44.053597	0.000000	
866.300000	4.646318	-44.077466	0.000000	
866.350000	4.653691	-44.101351	0.000000	
866.400000	4.660991	-44.125259	0.000000	
866.450000	4.668234	-44.149184	0.000000	
866.500000	4.675429	-44.173124	0.000000	
866.550000	4.682571	-44.197078	0.000000	
866.600000	4.689650	-44.221051	0.000000	
866.650000	4.696647	-44.245047	0.000000	
866.700000	4.703558	-44.269067	0.000000	
866.750000	4.710389	-44.293108	0.000000	
866.800000	4.717138	-44.317172	0.000000	
866.850000	4.723798	-44.341260	0.000000	
866.900000	4.730369	-44.365372	0.000000	
866.950000	4.736857	-44.389508	0.000000	
867.000000	4.743278	-44.413662	0.000000	
867.050000	4.749644	-44.437830	0.000000	
867.100000	4.755964	-44.462011	0.000000	
867.150000	4.762216	-44.486211	0.000000	
867.200000	4.768424	-44.510423	0.000000	
867.250000	4.774584	-44.534649	0.000000	
867.300000	4.780710	-44.558883	0.000000	
867.350000	4.786801	-44.583127	0.000000	
867.400000	4.792858	-44.607380	0.000000	
867.450000	4.798906	-44.631636	0.000000	
867.500000	4.804936	-44.655896	0.000000	
867.550000	4.810958	-44.680158	0.000000	
867.600000	4.816979	-44.704421	0.000000	
867.650000	4.823013	-44.728680	0.000000	
867.700000	4.829072	-44.752933	0.000000	
867.750000	4.835186	-44.777172	0.000000	
867.800000	4.841348	-44.801398	0.000000	
867.850000	4.847565	-44.825610	0.000000	
867.900000	4.853833	-44.849809	0.000000	
867.950000	4.860144	-44.873997	0.000000	
868.000000	4.866487	-44.898177	0.000000	
868.050000	4.872859	-44.922350	0.000000	
868.100000	4.879260	-44.946515	0.000000	
868.150000	4.885690	-44.970672	0.000000	
868.200000	4.892145	-44.994823	0.000000	
868.250000	4.898596	-45.018976	0.000000	
868.300000	4.905047	-45.043128	0.000000	
868.350000	4.911490	-45.067282	0.000000	
868.400000	4.917913	-45.091441	0.000000	
868.450000	4.924335	-45.115601	0.000000	
868.500000	4.930734	-45.139766	0.000000	
868.550000	4.937125	-45.163933	0.000000	
868.600000	4.943500	-45.188104	0.000000	
868.650000	4.949847	-45.212282	0.000000	
868.700000	4.956179	-45.236465	0.000000	
868.750000	4.962501	-45.260650	0.000000	
868.800000	4.968796	-45.284842	0.000000	
868.850000	4.975072	-45.309039	0.000000	
868.900000	4.981312	-45.333247	0.000000	
868.950000	4.987521	-45.357462	0.000000	
869.000000	4.993705	-45.381684	0.000000	
869.050000	4.999883	-45.405907	0.000000	
869.100000	5.006063	-45.430130	0.000000	
869.150000	5.012248	-45.454351	0.000000	
869.200000	5.018450	-45.478568	0.000000	
869.250000	5.024694	-45.502772	0.000000	
869.300000	5.031004	-45.526958	0.000000	
869.350000	5.037394	-45.551120	0.000000	
869.400000	5.043875	-45.575256	0.000000	
869.450000	5.050471	-45.599358	0.000000	
869.500000	5.057207	-45.623417	0.000000	
869.550000	5.064113	-45.647421	0.000000	
869.600000	5.071204	-45.671362	0.000000	
869.650000	5.078491	-45.695236	0.000000	
869.700000	5.086003	-45.719030	0.000000	
869.750000	5.093749	-45.742739	0.000000	
869.800000	5.101726	-45.766360	0.000000	
869.850000	5.109959	-45.789882	0.000000	
869.900000	5.118476	-45.813290	0.000000	
869.950000	5.127300	-45.836573	0.000000	
870.000000	5.136450	-45.859721	0.000000	
870.050000	5.145930	-45.882732	0.000000	
870.100000	5.155747	-45.905594	0.000000	
870.150000	5.165920	-45.928293	0.000000	
870.200000	5.176462	-45.950819	0.000000	
870.250000	5.187352	-45.973177	0.000000	
870.300000	5.198579	-45.995369	0.000000	
870.350000	5.210141	-46.017393	0.000000	
870.400000	5.222034	-46.039247	0.000000	
870.450000	5.234258	-46.060927	0.000000	
870.500000	5.246806	-46.082435	0.000000	
870.550000	5.259639	-46.103787	0.000000	
870.600000	5.272738	-46.124991	0.000000	
870.650000	5.286081	-46.146050	0.000000	
870.700000	5.299664	-46.166967	0.000000	
870.750000	5.313474	-46.187745	0.000000	
870.800000	5.327482	-46.208399	0.000000	
870.850000	5.341669	-46.228943	0.000000	
870.900000	5.356000	-46.249398	0.000000	
870.950000	5.370461	-46.269768	0.000000	
871.000000	5.385041	-46.290059	0.000000	
871.050000	5.399735	-46.310272	0.000000	
871.100000	5.414552	-46.330400	0.000000	
871.150000	5.429476	-46.350450	0.000000	
871.200000	5.444491	-46.370432	0.000000	
871.250000	5.459590	-46.390350	0.000000	
871.300000	5.474777	-46.410199	0.000000	
871.350000	5.490051	-46.429980	0.000000	
871.400000	5.505394	-46.449709	0.000000	
871.450000	5.520796	-46.469391	0.000000	
871.500000	5.536237	-46.489042	0.000000	
871.550000	5.551708	-46.508670	0.000000	
871.600000	5.567207	-46.528277	0.000000	
871.650000	5.582735	-46.547862	0.000000	
871.700000	5.598295	-46.567422	0.000000	
871.750000	5.613892	-46.586951	0.000000	
871.800000	5.629515	-46.606460	0.000000	
871.850000	5.645160	-46.625952	0.000000	
871.900000	5.660835	-46.645420	0.000000	
871.950000	5.676541	-46.664866	0.000000	
872.000000	5.692255	-46.684305	0.000000	
872.050000	5.707977	-46.703738	0.000000	
872.100000	5.723695	-46.723174	0.000000	
872.150000	5.739386	-46.742631	0.000000	
872.200000	5.755039	-46.762118	0.000000	
872.250000	5.770649	-46.781638	0.000000	
872.300000	5.786209	-46.801199	0.000000	
872.350000	5.801723	-46.820797	0.000000	
872.400000	5.817197	-46.840427	0.000000	
872.450000	5.832650	-46.860075	0.000000	
872.500000	5.848073	-46.879747	0.000000	
872.550000	5.863470	-46.899438	0.000000	
872.600000	5.878864	-46.919134	0.000000	
872.650000	5.894266	-46.938822	0.000000	
872.700000	5.909670	-46.958509	0.000000	
872.750000	5.925059	-46.978208	0.000000	
872.800000	5.940410	-46.997937	0.000000	
872.850000	5.955732	-47.017689	0.000000	
872.900000	5.971038	-47.037455	0.000000	
872.950000	5.986343	-47.057221	0.000000	
873.000000	6.001658	-47.076978	0.000000	
873.050000	6.016989	-47.096724	0.000000	
873.100000	6.032324	-47.116467	0.000000	
873.150000	6.047662	-47.136207	0.000000	
873.200000	6.063021	-47.155931	0.000000	
873.250000	6.078391	-47.175647	0.000000	
873.300000	6.093768	-47.195358	0.000000	
873.350000	6.109143	-47.215070	0.000000	
873.400000	6.124503	-47.234793	0.000000	
873.450000	6.139830	-47.254542	0.000000	
873.500000	6.155128	-47.274313	0.000000	
873.550000	6.170398	-47.294105	0.000000	
873.600000	6.185643	-47.313916	0.000000	
873.650000	6.200857	-47.333750	0.000000	
873.700000	6.216036	-47.353612	0.000000	
873.750000	6.231193	-47.373490	0.000000	
873.800000	6.246323	-47.393389	0.000000	
873.850000	6.261424	-47.413311	0.000000	
873.900000	6.276478	-47.433266	0.000000	
873.950000	6.291492	-47.453251	0.000000	
874.000000	6.306441	-47.473284	0.000000	
874.050000	6.321338	-47.493357	0.000000	
874.100000	6.336189	-47.513463	0.000000	
874.150000	6.351006	-47.533595	0.000000	
874.200000	6.365802	-47.553743	0.000000	
874.250000	6.380565	-47.573916	0.000000	
874.300000	6.395316	-47.594099	0.000000	
874.350000	6.410041	-47.614299	0.000000	
874.400000	6.424749	-47.634514	0.000000	
874.450000	6.439436	-47.654743	0.000000	
874.500000	6.454121	-47.674973	0.000000	
874.550000	6.468798	-47.695209	0.000000	
874.600000	6.483469	-47.715450	0.000000	
874.650000	6.498135	-47.735694	0.000000	
874.700000	6.512777	-47.755957	0.000000	
874.750000	6.527399	-47.776233	0.000000	
874.800000	6.541986	-47.796535	0.000000	
874.850000	6.556545	-47.816856	0.000000	
874.900000	6.571096	-47.837184	0.000000	
874.950000	6.585666	-47.857499	0.000000	
875.000000	6.600250	-47.877803	0.000000	
875.050000	6.614865	-47.898084	0.000000	
875.100000	6.629496	-47.918355	0.000000	
875.150000	6.644148	-47.938610	0.000000	
875.200000	6.658804	-47.958862	0.000000	
875.250000	6.673447	-47.979124	0.000000	
875.300000	6.688075	-47.999397	0.000000	
875.350000	6.702665	-48.019696	0.000000	
875.400000	6.717217	-48.040022	0.000000	
875.450000	6.731737	-48.060370	0.000000	
875.500000	6.746240	-48.080730	0.000000	
875.550000	6.760711	-48.101113	0.000000	
875.600000	6.775139	-48.121525	0.000000	
875.650000	6.789523	-48.141969	0.000000	
875.700000	6.803871	-48.162437	0.000000	
875.750000	6.818189	-48.182925	0.000000	
875.800000	6.832485	-48.203429	0.000000	
875.850000	6.846767	-48.223943	0.000000	
875.900000	6.861027	-48.244471	0.000000	
875.950000	6.875258	-48.265019	0.000000	
876.000000	6.889437	-48.285603	0.000000	
876.050000	6.903562	-48.306225	0.000000	
876.100000	6.917629	-48.326886	0.000000	
876.150000	6.931646	-48.347583	0.000000	
876.200000	6.945592	-48.368329	0.000000	
876.250000	6.959491	-48.389106	0.000000	
876.300000	6.973349	-48.409912	0.000000	
876.350000	6.987169	-48.430744	0.000000	
876.400000	7.000950	-48.451601	0.000000	
876.450000	7.014698	-48.472480	0.000000	
876.500000	7.028422	-48.493374	0.000000	
876.550000	7.042117	-48.514288	0.000000	
876.600000	7.055800	-48.535208	0.000000	
876.650000	7.069483	-48.556130	0.000000	
876.700000	7.083184	-48.577040	0.000000	
876.750000	7.096884	-48.597950	0.000000	
876.800000	7.110582	-48.618861	0.000000	
876.850000	7.124250	-48.639792	0.000000	
876.900000	7.137886	-48.660744	0.000000	
876.950000	7.151494	-48.681714	0.000000	
877.000000	7.165071	-48.702704	0.000000	
877.050000	7.178625	-48.723709	0.000000	
877.100000	7.192157	-48.744728	0.000000	
877.150000	7.205664	-48.765762	0.000000	
877.200000	7.219142	-48.786815	0.000000	
877.250000	7.232602	-48.807879	0.000000	
877.300000	7.246022	-48.828969	0.000000	
877.350000	7.259417	-48.850074	0.000000	
877.400000	7.272791	-48.871193	0.000000	
877.450000	7.286153	-48.892319	0.000000	
877.500000	7.299521	-48.913441	0.000000	
877.550000	7.312880	-48.934569	0.000000	
877.600000	7.326228	-48.955704	0.000000	
877.650000	7.339539	-48.976863	0.000000	
877.700000	7.352820	-48.998040	0.000000	
877.750000	7.366074	-49.019236	0.000000	
877.800000	7.379320	-49.040437	0.000000	
877.850000	7.392572	-49.061634	0.000000	
877.900000	7.405841	-49.082820	0.000000	
877.950000	7.419136	-49.103989	0.000000	
878.000000	7.432471	-49.125132	0.000000	
878.050000	7.445849	-49.146247	0.000000	
878.100000	7.459256	-49.167344	0.000000	
878.150000	7.472678	-49.188430	0.000000	
878.200000	7.486106	-49.209514	0.000000	
878.250000	7.499524	-49.230604	0.000000	
878.300000	7.512934	-49.251698	0.000000	
878.350000	7.526343	-49.272792	0.000000	
878.400000	7.539760	-49.293883	0.000000	
878.450000	7.553177	-49.314972	0.000000	
878.500000	7.566601	-49.336058	0.000000	
878.550000	7.580049	-49.357128	0.000000	
878.600000	7.593541	-49.378169	0.000000	
878.650000	7.607090	-49.399172	0.000000	
878.700000	7.620738	-49.420109	0.000000	
878.750000	7.634481	-49.440978	0.000000	
878.800000	7.648319	-49.461779	0.000000	
878.850000	7.662268	-49.482498	0.000000	
878.900000	7.676355	-49.503111	0.000000	
878.950000	7.690592	-49.523607	0.000000	
879.000000	7.704977	-49.543984	0.000000	
879.050000	7.719518	-49.564235	0.000000	
879.100000	7.734243	-49.584331	0.000000	
879.150000	7.749176	-49.604253	0.000000	
879.200000	7.764351	-49.623969	0.000000	
879.250000	7.779797	-49.643454	0.000000	
879.300000	7.795549	-49.662672	0.000000	
879.350000	7.811622	-49.681607	0.000000	
879.400000	7.828032	-49.700240	0.000000	
879.450000	7.844777	-49.718558	0.000000	
879.500000	7.861878	-49.736536	0.000000	
879.550000	7.879333	-49.754174	0.000000	
879.600000	7.897130	-49.771467	0.000000	
879.650000	7.915262	-49.788410	0.000000	
879.700000	7.933715	-49.805010	0.000000	
879.750000	7.952472	-49.821272	0.000000	
879.800000	7.971522	-49.837206	0.000000	
879.850000	7.990843	-49.852833	0.000000	
879.900000	8.010409	-49.868180	0.000000	
879.950000	8.030181	-49.883287	0.000000	
880.000000	8.050147	-49.898165	0.000000	
880.050000	8.070289	-49.912832	0.000000	
880.100000	8.090593	-49.927308	0.000000	
880.150000	8.111039	-49.941606	0.000000	
880.200000	8.131623	-49.955729	0.000000	
880.250000	8.152312	-49.969715	0.000000	
880.300000	8.173095	-49.983579	0.000000	
880.350000	8.193952	-49.997341	0.000000	
880.400000	8.214874	-50.011012	0.000000	
880.450000	8.235847	-50.024609	0.000000	
880.500000	8.256852	-50.038160	0.000000	
880.550000	8.277869	-50.051693	0.000000	
880.600000	8.298903	-50.065200	0.000000	
880.650000	8.319938	-50.078706	0.000000	
880.700000	8.340960	-50.092233	0.000000	
880.750000	8.361967	-50.105782	0.000000	
880.800000	8.382957	-50.119361	0.000000	
880.850000	8.403925	-50.132972	0.000000	
880.900000	8.424880	-50.146605	0.000000	
880.950000	8.445833	-50.160243	0.000000	
881.000000	8.466791	-50.173871	0.000000	
881.050000	8.487759	-50.187484	0.000000	
881.100000	8.508739	-50.201078	0.000000	
881.150000	8.529743	-50.214635	0.000000	
881.200000	8.550762	-50.228169	0.000000	
881.250000	8.571786	-50.241695	0.000000	
881.300000	8.592826	-50.255196	0.000000	
881.350000	8.613885	-50.268667	0.000000	
881.400000	8.634965	-50.282105	0.000000	
881.450000	8.656059	-50.295521	0.000000	
881.500000	8.677159	-50.308928	0.000000	
881.550000	8.698268	-50.322320	0.000000	
881.600000	8.719391	-50.335690	0.000000	
881.650000	8.740525	-50.349044	0.000000	
881.700000	8.761664	-50.362389	0.000000	
881.750000	8.782817	-50.375712	0.000000	
881.800000	8.803984	-50.389013	0.000000	
881.850000	8.825157	-50.402305	0.000000	
881.900000	8.846332	-50.415594	0.000000	
881.950000	8.867517	-50.428866	0.000000	
882.000000	8.888714	-50.442121	0.000000	
882.050000	8.909919	-50.455362	0.000000	
882.100000	8.931135	-50.468584	0.000000	
882.150000	8.952360	-50.481793	0.000000	
882.200000	8.973581	-50.495008	0.000000	
882.250000	8.994797	-50.508230	0.000000	
882.300000	9.016020	-50.521443	0.000000	
882.350000	9.037245	-50.534651	0.000000	
882.400000	9.058461	-50.547874	0.000000	
882.450000	9.079669	-50.561112	0.000000	
882.500000	9.100878	-50.574345	0.000000	
882.550000	9.122105	-50.587550	0.000000	
882.600000	9.143350	-50.600726	0.000000	
882.650000	9.164613	-50.613871	0.000000	
882.700000	9.185886	-50.627001	0.000000	
882.750000	9.207171	-50.640110	0.000000	
882.800000	9.228458	-50.653217	0.000000	
882.850000	9.249736	-50.666338	0.000000	
882.900000	9.271009	-50.679468	0.000000	
882.950000	9.292285	-50.692592	0.000000	
883.000000	9.313551	-50.705731	0.000000	
883.050000	9.334795	-50.718907	0.000000	
883.100000	9.356021	-50.732110	0.000000	
883.150000	9.377217	-50.745361	0.000000	
883.200000	9.398398	-50.758633	0.000000	
883.250000	9.419564	-50.771931	0.000000	
883.300000	9.440721	-50.785243	0.000000	
883.350000	9.461864	-50.798575	0.000000	
883.400000	9.482999	-50.811921	0.000000	
883.450000	9.504139	-50.825260	0.000000	
883.500000	9.525273	-50.838606	0.000000	
883.550000	9.546400	-50.851966	0.000000	
883.600000	9.567501	-50.865367	0.000000	
883.650000	9.588570	-50.878819	0.000000	
883.700000	9.609600	-50.892332	0.000000	
883.750000	9.630607	-50.905884	0.000000	
883.800000	9.651594	-50.919466	0.000000	
883.850000	9.672563	-50.933077	0.000000	
883.900000	9.693518	-50.946710	0.000000	
883.950000	9.714460	-50.960362	0.000000	
884.000000	9.735385	-50.974041	0.000000	
884.050000	9.756301	-50.987732	0.000000	
884.100000	9.777211	-51.001433	0.000000	
884.150000	9.798115	-51.015143	0.000000	
884.200000	9.819012	-51.028864	0.000000	
884.250000	9.839901	-51.042595	0.000000	
884.300000	9.860792	-51.056325	0.000000	
884.350000	9.881676	-51.070065	0.000000	
884.400000	9.902556	-51.083811	0.000000	
884.450000	9.923432	-51.097564	0.000000	
884.500000	9.944290	-51.111344	0.000000	
884.550000	9.965143	-51.125132	0.000000	
884.600000	9.985984	-51.138940	0.000000	
884.650000	10.006815	-51.152762	0.000000	
884.700000	10.027650	-51.166578	0.000000	
884.750000	10.048498	-51.180374	0.000000	
884.800000	10.069353	-51.194159	0.000000	
884.850000	10.090206	-51.207947	0.000000	
884.900000	10.111053	-51.221744	0.000000	
884.950000	10.131906	-51.235533	0.000000	
885.000000	10.152767	-51.249308	0.000000	
885.050000	10.173630	-51.263081	0.000000	
885.100000	10.194487	-51.276864	0.000000	
885.150000	10.215338	-51.290654	0.000000	
885.200000	10.236186	-51.304450	0.000000	
885.250000	10.257046	-51.318227	0.000000	
885.300000	10.277914	-51.331993	0.000000	
885.350000	10.298787	-51.345751	0.000000	
885.400000	10.319667	-51.359498	0.000000	
885.450000	10.340552	-51.373237	0.000000	
885.500000	10.361442	-51.386968	0.000000	
885.550000	10.382350	-51.400673	0.000000	
885.600000	10.403262	-51.414369	0.000000	
885.650000	10.424182	-51.428055	0.000000	
885.700000	10.445121	-51.441712	0.000000	
885.750000	10.466069	-51.455353	0.000000	
885.800000	10.487021	-51.468989	0.000000	
885.850000	10.507967	-51.482633	0.000000	
885.900000	10.528911	-51.496281	0.000000	
885.950000	10.549862	-51.509919	0.000000	
886.000000	10.570813	-51.523556	0.000000	
886.050000	10.591752	-51.537211	0.000000	
886.100000	10.612683	-51.550878	0.000000	
886.150000	10.633603	-51.564561	0.000000	
886.200000	10.654516	-51.578255	0.000000	
886.250000	10.675414	-51.591970	0.000000	
886.300000	10.696280	-51.605731	0.000000	
886.350000	10.717104	-51.619554	0.000000	
886.400000	10.737892	-51.633426	0.000000	
886.450000	10.758653	-51.647341	0.000000	
886.500000	10.779391	-51.661289	0.000000	
886.550000	10.800093	-51.675290	0.000000	
886.600000	10.820760	-51.689344	0.000000	
886.650000	10.841395	-51.703445	0.000000	
886.700000	10.862007	-51.717581	0.000000	
886.750000	10.882589	-51.731763	0.000000	
886.800000	10.903151	-51.745975	0.000000	
886.850000	10.923687	-51.760225	0.000000	
886.900000	10.944202	-51.774509	0.000000	
886.950000	10.964703	-51.788812	0.000000	
887.000000	10.985198	-51.803124	0.000000	
887.050000	11.005693	-51.817437	0.000000	
887.100000	11.026195	-51.831738	0.000000	
887.150000	11.046705	-51.846029	0.000000	
887.200000	11.067232	-51.860294	0.000000	
887.250000	11.087779	-51.874529	0.000000	
887.300000	11.108346	-51.888736	0.000000	
887.350000	11.128949	-51.902891	0.000000	
887.400000	11.149588	-51.916994	0.000000	
887.450000	11.170251	-51.931062	0.000000	
887.500000	11.190926	-51.945113	0.000000	
887.550000	11.211617	-51.959141	0.000000	
887.600000	11.232332	-51.973134	0.000000	
887.650000	11.253058	-51.987112	0.000000	
887.700000	11.273790	-52.001081	0.000000	
887.750000	11.294529	-52.015039	0.000000	
887.800000	11.315267	-52.028999	0.000000	
887.850000	11.336003	-52.042963	0.000000	
887.900000	11.356730	-52.056938	0.000000	
887.950000	11.377454	-52.070919	0.000000	
888.000000	11.398179	-52.084896	0.000000	
888.050000	11.418891	-52.098895	0.000000	
888.100000	11.439581	-52.112925	0.000000	
888.150000	11.460260	-52.126971	0.000000	
888.200000	11.480940	-52.141016	0.000000	
888.250000	11.501621	-52.155059	0.000000	
888.300000	11.522289	-52.169121	0.000000	
888.350000	11.542945	-52.183202	0.000000	
888.400000	11.563577	-52.197318	0.000000	
888.450000	11.584199	-52.211449	0.000000	
888.500000	11.604821	-52.225580	0.000000	
888.550000	11.625449	-52.239702	0.000000	
888.600000	11.646066	-52.253841	0.000000	
888.650000	11.666671	-52.267997	0.000000	
888.700000	11.687265	-52.282168	0.000000	
888.750000	11.707853	-52.296349	0.000000	
888.800000	11.728421	-52.310558	0.000000	
888.850000	11.748985	-52.324773	0.000000	
888.900000	11.769542	-52.338998	0.000000	
888.950000	11.790101	-52.353220	0.000000	
889.000000	11.810652	-52.367453	0.000000	
889.050000	11.831181	-52.381718	0.000000	
889.100000	11.851688	-52.396012	0.000000	
889.150000	11.872168	-52.410344	0.000000	
889.200000	11.892620	-52.424715	0.000000	
889.250000	11.913026	-52.439149	0.000000	
889.300000	11.933394	-52.453638	0.000000	
889.350000	11.953729	-52.468174	0.000000	
889.400000	11.974047	-52.482732	0.000000	
889.450000	11.994349	-52.497314	0.000000	
889.500000	12.014630	-52.511924	0.000000	
889.550000	12.034885	-52.526572	0.000000	
889.600000	12.055109	-52.541264	0.000000	
889.650000	12.075307	-52.555991	0.000000	
889.700000	12.095488	-52.570744	0.000000	
889.750000	12.115649	-52.585523	0.000000	
889.800000	12.135795	-52.600323	0.000000	
889.850000	12.155934	-52.615134	0.000000	
889.900000	12.176044	-52.629983	0.000000	
889.950000	12.196121	-52.644877	0.000000	
890.000000	12.216173	-52.659807	0.000000	
890.050000	12.236208	-52.674759	0.000000	
890.100000	12.256235	-52.689721	0.000000	
890.150000	12.276259	-52.704688	0.000000	
890.200000	12.296290	-52.719645	0.000000	
890.250000	12.316325	-52.734597	0.000000	
890.300000	12.336384	-52.749517	0.000000	
890.350000	12.356469	-52.764401	0.000000	
890.400000	12.376606	-52.779209	0.000000	
890.450000	12.396803	-52.793926	0.000000	
890.500000	12.417083	-52.808516	0.000000	
890.550000	12.437447	-52.822971	0.000000	
890.600000	12.457923	-52.837240	0.000000	
890.650000	12.478521	-52.851303	0.000000	
890.700000	12.499262	-52.865115	0.000000	
890.750000	12.520149	-52.878664	0.000000	
890.800000	12.541203	-52.891899	0.000000	
890.850000	12.562437	-52.904783	0.000000	
890.900000	12.583860	-52.917276	0.000000	
890.950000	12.605491	-52.929336	0.000000	
891.000000	12.627342	-52.940924	0.000000	
891.050000	12.649412	-52.952023	0.000000	
891.100000	12.671705	-52.962616	0.000000	
891.150000	12.694219	-52.972696	0.000000	
891.200000	12.716961	-52.982237	0.000000	
891.250000	12.739925	-52.991248	0.000000	
891.300000	12.763109	-52.999723	0.000000	
891.350000	12.786505	-53.007668	0.000000	
891.400000	12.810103	-53.015077	0.000000	
891.450000	12.833880	-53.021986	0.000000	
891.500000	12.857815	-53.028439	0.000000	
891.550000	12.881893	-53.034459	0.000000	
891.600000	12.906103	-53.040059	0.000000	
891.650000	12.930424	-53.045276	0.000000	
891.700000	12.954849	-53.050126	0.000000	
891.750000	12.979359	-53.054642	0.000000	
891.800000	13.003946	-53.058851	0.000000	
891.850000	13.028593	-53.062800	0.000000	
891.900000	13.053290	-53.066510	0.000000	
891.950000	13.078025	-53.070008	0.000000	
892.000000	13.102791	-53.073311	0.000000	
892.050000	13.127580	-53.076466	0.000000	
892.100000	13.152385	-53.079515	0.000000	
892.150000	13.177202	-53.082480	0.000000	
892.200000	13.202029	-53.085381	0.000000	
892.250000	13.226861	-53.088234	0.000000	
892.300000	13.251702	-53.091026	0.000000	
892.350000	13.276550	-53.093759	0.000000	
892.400000	13.301404	-53.096432	0.000000	
892.450000	13.326263	-53.099056	0.000000	
892.500000	13.351128	-53.101619	0.000000	
892.550000	13.376001	-53.104104	0.000000	
892.600000	13.400881	-53.106501	0.000000	
892.650000	13.425768	-53.108826	0.000000	
892.700000	13.450659	-53.111101	0.000000	
892.750000	13.475555	-53.113329	0.000000	
892.800000	13.500455	-53.115506	0.000000	
892.850000	13.525360	-53.117618	0.000000	
892.900000	13.550271	-53.119671	0.000000	
892.950000	13.575186	-53.121670	0.000000	
893.000000	13.600105	-53.123617	0.000000	
893.050000	13.625026	-53.125513	0.000000	
893.100000	13.649951	-53.127355	0.000000	
893.150000	13.674882	-53.129132	0.000000	
893.200000	13.699817	-53.130846	0.000000	
893.250000	13.724758	-53.132490	0.000000	
893.300000	13.749706	-53.134053	0.000000	
893.350000	13.774658	-53.135561	0.000000	
893.400000	13.799613	-53.137019	0.000000	
893.450000	13.824572	-53.138426	0.000000	
893.500000	13.849533	-53.139795	0.000000	
893.550000	13.874495	-53.141161	0.000000	
893.600000	13.899457	-53.142517	0.000000	
893.650000	13.924419	-53.143876	0.000000	
893.700000	13.949382	-53.145217	0.000000	
893.750000	13.974346	-53.146529	0.000000	
893.800000	13.999314	-53.147790	0.000000	
893.850000	14.024282	-53.149019	0.000000	
893.900000	14.049252	-53.150229	0.000000	
893.950000	14.074224	-53.151408	0.000000	
894.000000	14.099196	-53.152562	0.000000	
894.050000	14.124169	-53.153699	0.000000	
894.100000	14.149143	-53.154824	0.000000	
894.150000	14.174117	-53.155919	0.000000	
894.200000	14.199093	-53.156988	0.000000	
894.250000	14.224069	-53.158033	0.000000	
894.300000	14.249047	-53.159064	0.000000	
894.350000	14.274024	-53.160099	0.000000	
894.400000	14.299001	-53.161124	0.000000	
894.450000	14.323980	-53.162126	0.000000	
894.500000	14.348959	-53.163102	0.000000	
894.550000	14.373940	-53.164046	0.000000	
894.600000	14.398922	-53.164943	0.000000	
894.650000	14.423907	-53.165791	0.000000	
894.700000	14.448892	-53.166589	0.000000	
894.750000	14.473880	-53.167328	0.000000	
894.800000	14.498868	-53.167998	0.000000	
894.850000	14.523856	-53.168612	0.000000	
894.900000	14.548845	-53.169155	0.000000	
894.950000	14.573835	-53.169624	0.000000	
895.000000	14.598826	-53.170037	0.000000	
895.050000	14.623817	-53.170401	0.000000	
895.100000	14.648809	-53.170739	0.000000	
895.150000	14.673801	-53.171073	0.000000	
895.200000	14.698793	-53.171405	0.000000	
895.250000	14.723786	-53.171715	0.000000	
895.300000	14.748778	-53.172007	0.000000	
895.350000	14.773772	-53.172275	0.000000	
895.400000	14.798766	-53.172531	0.000000	
895.450000	14.823761	-53.172780	0.000000	
895.500000	14.848755	-53.173050	0.000000	
895.550000	14.873747	-53.173361	0.000000	
895.600000	14.898737	-53.173713	0.000000	
895.650000	14.923727	-53.174098	0.000000	
895.700000	14.948714	-53.174529	0.000000	
895.750000	14.973700	-53.175022	0.000000	
895.800000	14.998682	-53.175602	0.000000	
895.850000	15.023662	-53.176287	0.000000	
895.900000	15.048637	-53.177090	0.000000	
895.950000	15.073608	-53.178023	0.000000	
896.000000	15.098574	-53.179093	0.000000	
896.050000	15.123536	-53.180277	0.000000	
896.100000	15.148492	-53.181582	0.000000	
896.150000	15.173442	-53.182999	0.000000	
896.200000	15.198387	-53.184507	0.000000	
896.250000	15.223326	-53.186111	0.000000	
896.300000	15.248259	-53.187831	0.000000	
896.350000	15.273183	-53.189663	0.000000	
896.400000	15.298101	-53.191600	0.000000	
896.450000	15.323012	-53.193625	0.000000	
896.500000	15.347915	-53.195753	0.000000	
896.550000	15.372809	-53.197970	0.000000	
896.600000	15.397698	-53.200261	0.000000	
896.650000	15.422579	-53.202627	0.000000	
896.700000	15.447456	-53.205058	0.000000	
896.750000	15.472326	-53.207563	0.000000	
896.800000	15.497190	-53.210137	0.000000	
896.850000	15.522047	-53.212785	0.000000	
896.900000	15.546898	-53.215491	0.000000	
896.950000	15.571745	-53.218233	0.000000	
897.000000	15.596589	-53.221006	0.000000	
897.050000	15.621431	-53.223798	0.000000	
897.100000	15.646270	-53.226622	0.000000	
897.150000	15.671105	-53.229480	0.000000	
897.200000	15.695936	-53.232374	0.000000	
897.250000	15.720760	-53.235320	0.000000	
897.300000	15.745579	-53.238315	0.000000	
897.350000	15.770395	-53.241335	0.000000	
897.400000	15.795209	-53.244373	0.000000	
897.450000	15.820021	-53.247422	0.000000	
897.500000	15.844830	-53.250496	0.000000	
897.550000	15.869636	-53.253594	0.000000	
897.600000	15.894438	-53.256719	0.000000	
897.650000	15.919238	-53.259864	0.000000	
897.700000	15.944036	-53.263025	0.000000	
897.750000	15.968831	-53.266209	0.000000	
897.800000	15.993627	-53.269385	0.000000	
897.850000	16.018423	-53.272556	0.000000	
897.900000	16.043222	-53.275709	0.000000	
897.950000	16.068023	-53.278846	0.000000	
898.000000	16.092825	-53.281967	0.000000	
898.050000	16.117627	-53.285091	0.000000	
898.100000	16.142428	-53.288228	0.000000	
898.150000	16.167228	-53.291363	0.000000	
898.200000	16.192031	-53.294484	0.000000	
898.250000	16.216835	-53.297593	0.000000	
898.300000	16.241640	-53.300692	0.000000	
898.350000	16.266446	-53.303788	0.000000	
898.400000	16.291250	-53.306899	0.000000	
898.450000	16.316053	-53.310015	0.000000	
898.500000	16.340855	-53.313141	0.000000	
898.550000	16.365655	-53.316278	0.000000	
898.600000	16.390456	-53.319410	0.000000	
898.650000	16.415259	-53.322526	0.000000	
898.700000	16.440064	-53.325628	0.000000	
898.750000	16.464872	-53.328712	0.000000	
898.800000	16.489681	-53.331774	0.000000	
898.850000	16.514492	-53.334829	0.000000	
898.900000	16.539305	-53.337862	0.000000	
898.950000	16.564121	-53.340862	0.000000	
899.000000	16.588940	-53.343836	0.000000	
899.050000	16.613761	-53.346787	0.000000	
899.100000	16.638585	-53.349715	0.000000	
899.150000	16.663411	-53.352625	0.000000	
899.200000	16.688238	-53.355513	0.000000	
899.250000	16.713068	-53.358380	0.000000	
899.300000	16.737902	-53.361220	0.000000	
899.350000	16.762738	-53.364031	0.000000	
899.400000	16.787579	-53.366807	0.000000	
899.450000	16.812426	-53.369532	0.000000	
899.500000	16.837279	-53.372198	0.000000	
899.550000	16.862139	-53.374807	0.000000	
899.600000	16.887005	-53.377362	0.000000	
899.650000	16.911877	-53.379870	0.000000	
899.700000	16.936753	-53.382345	0.000000	
899.750000	16.961631	-53.384800	0.000000	
899.800000	16.986511	-53.387233	0.000000	
899.850000	17.011395	-53.389636	0.000000	
899.900000	17.036280	-53.392016	0.000000	
899.950000	17.061168	-53.394372	0.000000	
900.000000	17.086057	-53.396702	0.000000	
900.050000	17.110950	-53.398989	0.000000	
900.100000	17.135844	-53.401252	0.000000	
900.150000	17.160742	-53.403476	0.000000	
900.200000	17.185643	-53.405660	0.000000	
900.250000	17.210547	-53.407798	0.000000	
900.300000	17.235454	-53.409908	0.000000	
900.350000	17.260365	-53.411966	0.000000	
900.400000	17.285280	-53.413975	0.000000	
900.450000	17.310200	-53.415933	0.000000	
900.500000	17.335122	-53.417865	0.000000	
900.550000	17.360045	-53.419782	0.000000	
900.600000	17.384969	-53.421683	0.000000	
900.650000	17.409896	-53.423546	0.000000	
900.700000	17.434828	-53.425353	0.000000	
900.750000	17.459765	-53.427098	0.000000	
900.800000	17.484707	-53.428780	0.000000	
900.850000	17.509651	-53.430423	0.000000	
900.900000	17.534598	-53.432043	0.000000	
900.950000	17.559547	-53.433635	0.000000	
901.000000	17.584497	-53.435197	0.000000	
901.050000	17.609449	-53.436745	0.000000	
901.100000	17.634400	-53.438283	0.000000	
901.150000	17.659354	-53.439789	0.000000	
901.200000	17.684309	-53.441253	0.000000	
901.250000	17.709267	-53.442663	0.000000	
901.300000	17.734227	-53.444030	0.000000	
901.350000	17.759189	-53.445324	0.000000	
901.400000	17.784153	-53.446561	0.000000	
901.450000	17.809120	-53.447732	0.000000	
901.500000	17.834090	-53.448837	0.000000	
901.550000	17.859062	-53.449867	0.000000	
901.600000	17.884038	-53.450831	0.000000	
901.650000	17.909016	-53.451751	0.000000	
901.700000	17.933995	-53.452641	0.000000	
901.750000	17.958975	-53.453510	0.000000	
901.800000	17.983957	-53.454344	0.000000	
901.850000	18.008940	-53.455160	0.000000	
901.900000	18.033924	-53.455934	0.000000	
901.950000	18.058910	-53.456676	0.000000	
902.000000	18.083898	-53.457379	0.000000	
902.050000	18.108887	-53.458052	0.000000	
902.100000	18.133877	-53.458681	0.000000	
902.150000	18.158869	-53.459285	0.000000	
902.200000	18.183861	-53.459871	0.000000	
902.250000	18.208853	-53.460455	0.000000	
902.300000	18.233845	-53.461021	0.000000	
902.350000	18.258838	-53.461571	0.000000	
902.400000	18.283830	-53.462104	0.000000	
902.450000	18.308823	-53.462616	0.000000	
902.500000	18.333815	-53.463116	0.000000	
902.550000	18.358808	-53.463604	0.000000	
902.600000	18.383801	-53.464064	0.000000	
902.650000	18.408794	-53.464490	0.000000	
902.700000	18.433787	-53.464866	0.000000	
902.750000	18.458781	-53.465164	0.000000	
902.800000	18.483775	-53.465385	0.000000	
902.850000	18.508769	-53.465532	0.000000	
902.900000	18.533763	-53.465587	0.000000	
902.950000	18.558756	-53.465554	0.000000	
903.000000	18.583749	-53.465437	0.000000	
903.050000	18.608741	-53.465236	0.000000	
903.100000	18.633733	-53.464942	0.000000	
903.150000	18.658721	-53.464550	0.000000	
903.200000	18.683709	-53.464061	0.000000	
903.250000	18.708695	-53.463487	0.000000	
903.300000	18.733679	-53.462820	0.000000	
903.350000	18.758662	-53.462062	0.000000	
903.400000	18.783642	-53.461222	0.000000	
903.450000	18.808619	-53.460313	0.000000	
903.500000	18.833595	-53.459346	0.000000	
903.550000	18.858568	-53.458303	0.000000	
903.600000	18.883538	-53.457174	0.000000	
903.650000	18.908505	-53.455973	0.000000	
903.700000	18.933469	-53.454694	0.000000	
903.750000	18.958429	-53.453338	0.000000	
903.800000	18.983387	-53.451930	0.000000	
903.850000	19.008342	-53.450474	0.000000	
903.900000	19.033296	-53.448976	0.000000	
903.950000	19.058247	-53.447442	0.000000	
904.000000	19.083196	-53.445868	0.000000	
904.050000	19.108141	-53.444232	0.000000	
904.100000	19.133082	-53.442536	0.000000	
904.150000	19.158019	-53.440786	0.000000	
904.200000	19.182951	-53.438981	0.000000	
904.250000	19.207878	-53.437118	0.000000	
904.300000	19.232800	-53.435189	0.000000	
904.350000	19.257717	-53.433196	0.000000	
904.400000	19.282630	-53.431161	0.000000	
904.450000	19.307542	-53.429098	0.000000	
904.500000	19.332450	-53.427001	0.000000	
904.550000	19.357354	-53.424845	0.000000	
904.600000	19.382253	-53.422627	0.000000	
904.650000	19.407148	-53.420381	0.000000	
904.700000	19.432041	-53.418096	0.000000	
904.750000	19.456931	-53.415784	0.000000	
904.800000	19.481820	-53.413453	0.000000	
904.850000	19.506707	-53.411101	0.000000	
904.900000	19.531593	-53.408745	0.000000	
904.950000	19.556479	-53.406378	0.000000	
905.000000	19.581365	-53.404012	0.000000	
905.050000	19.606252	-53.401668	0.000000	
905.100000	19.631142	-53.399367	0.000000	
905.150000	19.656035	-53.397097	0.000000	
905.200000	19.680930	-53.394854	0.000000	
905.250000	19.705830	-53.392665	0.000000	
905.300000	19.730735	-53.390539	0.000000	
905.350000	19.755645	-53.388468	0.000000	
905.400000	19.780558	-53.386439	0.000000	
905.450000	19.805473	-53.384427	0.000000	
905.500000	19.830389	-53.382427	0.000000	
905.550000	19.855306	-53.380441	0.000000	
905.600000	19.880225	-53.378471	0.000000	
905.650000	19.905145	-53.376513	0.000000	
905.700000	19.930063	-53.374534	0.000000	
905.750000	19.954981	-53.372556	0.000000	
905.800000	19.979896	-53.370557	0.000000	
905.850000	20.004809	-53.368530	0.000000	
905.900000	20.029716	-53.366450	0.000000	
905.950000	20.054616	-53.364300	0.000000	
906.000000	20.079508	-53.362081	0.000000	
906.050000	20.104392	-53.359786	0.000000	
906.100000	20.129271	-53.357426	0.000000	
906.150000	20.154144	-53.354990	0.000000	
906.200000	20.179011	-53.352500	0.000000	
906.250000	20.203877	-53.349985	0.000000	
906.300000	20.228740	-53.347438	0.000000	
906.350000	20.253599	-53.344836	0.000000	
906.400000	20.278454	-53.342186	0.000000	
906.450000	20.303306	-53.339509	0.000000	
906.500000	20.328158	-53.336818	0.000000	
906.550000	20.353006	-53.334091	0.000000	
906.600000	20.377852	-53.331348	0.000000	
906.650000	20.402699	-53.328605	0.000000	
906.700000	20.427545	-53.325861	0.000000	
906.750000	20.452394	-53.323139	0.000000	
906.800000	20.477243	-53.320415	0.000000	
906.850000	20.502094	-53.317710	0.000000	
906.900000	20.526948	-53.315038	0.000000	
906.950000	20.551806	-53.312404	0.000000	
907.000000	20.576672	-53.309831	0.000000	
907.050000	20.601544	-53.307319	0.000000	
907.100000	20.626423	-53.304874	0.000000	
907.150000	20.651307	-53.302494	0.000000	
907.200000	20.676199	-53.300192	0.000000	
907.250000	20.701095	-53.297959	0.000000	
907.300000	20.725995	-53.295769	0.000000	
907.350000	20.750899	-53.293628	0.000000	
907.400000	20.775807	-53.291533	0.000000	
907.450000	20.800718	-53.289487	0.000000	
907.500000	20.825631	-53.287465	0.000000	
907.550000	20.850548	-53.285478	0.000000	
907.600000	20.875467	-53.283522	0.000000	
907.650000	20.900386	-53.281566	0.000000	
907.700000	20.925305	-53.279609	0.000000	
907.750000	20.950224	-53.277648	0.000000	
907.800000	20.975139	-53.275655	0.000000	
907.850000	21.000051	-53.273632	0.000000	
907.900000	21.024957	-53.271563	0.000000	
907.950000	21.049856	-53.269432	0.000000	
908.000000	21.074749	-53.267255	0.000000	
908.050000	21.099636	-53.265016	0.000000	
908.100000	21.124517	-53.262726	0.000000	
908.150000	21.149389	-53.260355	0.000000	
908.200000	21.174254	-53.257908	0.000000	
908.250000	21.199110	-53.255358	0.000000	
908.300000	21.223956	-53.252706	0.000000	
908.350000	21.248794	-53.249968	0.000000	
908.400000	21.273623	-53.247143	0.000000	
908.450000	21.298446	-53.244239	0.000000	
908.500000	21.323259	-53.241242	0.000000	
908.550000	21.348065	-53.238181	0.000000	
908.600000	21.372866	-53.235060	0.000000	
908.650000	21.397664	-53.231902	0.000000	
908.700000	21.422459	-53.228723	0.000000	
908.750000	21.447251	-53.225519	0.000000	
908.800000	21.472042	-53.222299	0.000000	
908.850000	21.496831	-53.219063	0.000000	
908.900000	21.521617	-53.215810	0.000000	
908.950000	21.546404	-53.212564	0.000000	
909.000000	21.571194	-53.209335	0.000000	
909.050000	21.595983	-53.206102	0.000000	
909.100000	21.620769	-53.202852	0.000000	
909.150000	21.645551	-53.199572	0.000000	
909.200000	21.670332	-53.196282	0.000000	
909.250000	21.695111	-53.192975	0.000000	
909.300000	21.719890	-53.189674	0.000000	
909.350000	21.744672	-53.186394	0.000000	
909.400000	21.769458	-53.183147	0.000000	
909.450000	21.794247	-53.179935	0.000000	
909.500000	21.819042	-53.176765	0.000000	
909.550000	21.843844	-53.173659	0.000000	
909.600000	21.868650	-53.170596	0.000000	
909.650000	21.893459	-53.167555	0.000000	
909.700000	21.918269	-53.164531	0.000000	
909.750000	21.943081	-53.161516	0.000000	
909.800000	21.967893	-53.158502	0.000000	
909.850000	21.992704	-53.155489	0.000000	
909.900000	22.017518	-53.152490	0.000000	
909.950000	22.042336	-53.149525	0.000000	
910.000000	22.067158	-53.146590	0.000000	
910.050000	22.091982	-53.143678	0.000000	
910.100000	22.116811	-53.140796	0.000000	
910.150000	22.141644	-53.137952	0.000000	
910.200000	22.166482	-53.135141	0.000000	
910.250000	22.191323	-53.132352	0.000000	
910.300000	22.216165	-53.129565	0.000000	
910.350000	22.241006	-53.126780	0.000000	
910.400000	22.265848	-53.123991	0.000000	
910.450000	22.290687	-53.121182	0.000000	
910.500000	22.315522	-53.118337	0.000000	
910.550000	22.340352	-53.115447	0.000000	
910.600000	22.365177	-53.112516	0.000000	
910.650000	22.390001	-53.109561	0.000000	
910.700000	22.414821	-53.106580	0.000000	
910.750000	22.439639	-53.103580	0.000000	
910.800000	22.464455	-53.100556	0.000000	
910.850000	22.489269	-53.097520	0.000000	
910.900000	22.514083	-53.094479	0.000000	
910.950000	22.538897	-53.091448	0.000000	
911.000000	22.563711	-53.088407	0.000000	
911.050000	22.588524	-53.085357	0.000000	
911.100000	22.613333	-53.082282	0.000000	
911.150000	22.638141	-53.079190	0.000000	
911.200000	22.662946	-53.076081	0.000000	
911.250000	22.687750	-53.072964	0.000000	
911.300000	22.712557	-53.069864	0.000000	
911.350000	22.737364	-53.066772	0.000000	
911.400000	22.762172	-53.063678	0.000000	
911.450000	22.786976	-53.060562	0.000000	
911.500000	22.811776	-53.057414	0.000000	
911.550000	22.836572	-53.054239	0.000000	
911.600000	22.861367	-53.051054	0.000000	
911.650000	22.886158	-53.047841	0.000000	
911.700000	22.910947	-53.044602	0.000000	
911.750000	22.935736	-53.041371	0.000000	
911.800000	22.960526	-53.038155	0.000000	
911.850000	22.985317	-53.034946	0.000000	
911.900000	23.010111	-53.031756	0.000000	
911.950000	23.034906	-53.028577	0.000000	
912.000000	23.059701	-53.025395	0.000000	
912.050000	23.084497	-53.022223	0.000000	
912.100000	23.109291	-53.019039	0.000000	
912.150000	23.134085	-53.015850	0.000000	
912.200000	23.158878	-53.012652	0.000000	
912.250000	23.183669	-53.009444	0.000000	
912.300000	23.208458	-53.006220	0.000000	
912.350000	23.233244	-53.002976	0.000000	
912.400000	23.258027	-52.999708	0.000000	
912.450000	23.282805	-52.996402	0.000000	
912.500000	23.307576	-52.993059	0.000000	
912.550000	23.332341	-52.989677	0.000000	
912.600000	23.357092	-52.986221	0.000000	
912.650000	23.381822	-52.982649	0.000000	
912.700000	23.406526	-52.978953	0.000000	
912.750000	23.431195	-52.975086	0.000000	
912.800000	23.455821	-52.971010	0.000000	
912.850000	23.480387	-52.966667	0.000000	
912.900000	23.504887	-52.962046	0.000000	
912.950000	23.529312	-52.957125	0.000000	
913.000000	23.553658	-52.951894	0.000000	
913.050000	23.577915	-52.946331	0.000000	
913.100000	23.602066	-52.940398	0.000000	
913.150000	23.626108	-52.934098	0.000000	
913.200000	23.650031	-52.927416	0.000000	
913.250000	23.673819	-52.920324	0.000000	
913.300000	23.697461	-52.912806	0.000000	
913.350000	23.720940	-52.904838	0.000000	
913.400000	23.744248	-52.896402	0.000000	
913.450000	23.767371	-52.887487	0.000000	
913.500000	23.790301	-52.878091	0.000000	
913.550000	23.813032	-52.868216	0.000000	
913.600000	23.835548	-52.857849	0.000000	
913.650000	23.857853	-52.847017	0.000000	
913.700000	23.879946	-52.835741	0.000000	
913.750000	23.901840	-52.824050	0.000000	
913.800000	23.923549	-52.811981	0.000000	
913.850000	23.945079	-52.799555	0.000000	
913.900000	23.966438	-52.786805	0.000000	
913.950000	23.987625	-52.773746	0.000000	
914.000000	24.008642	-52.760385	0.000000	
914.050000	24.029488	-52.746735	0.000000	
914.100000	24.050178	-52.732820	0.000000	
914.150000	24.070732	-52.718685	0.000000	
914.200000	24.091158	-52.704342	0.000000	
914.250000	24.111458	-52.689801	0.000000	
914.300000	24.131651	-52.675099	0.000000	
914.350000	24.151740	-52.660243	0.000000	
914.400000	24.171746	-52.645269	0.000000	
914.450000	24.191673	-52.630184	0.000000	
914.500000	24.211529	-52.615002	0.000000	
914.550000	24.231316	-52.599730	0.000000	
914.600000	24.251034	-52.584370	0.000000	
914.650000	24.270710	-52.568956	0.000000	
914.700000	24.290359	-52.553506	0.000000	
914.750000	24.309978	-52.538019	0.000000	
914.800000	24.329555	-52.522480	0.000000	
914.850000	24.349094	-52.506891	0.000000	
914.900000	24.368609	-52.491271	0.000000	
914.950000	24.388104	-52.475625	0.000000	
915.000000	24.407587	-52.459964	0.000000	
915.050000	24.427054	-52.444281	0.000000	
915.100000	24.446499	-52.428572	0.000000	
915.150000	24.465912	-52.412825	0.000000	
915.200000	24.485298	-52.397044	0.000000	
915.250000	24.504653	-52.381224	0.000000	
915.300000	24.523989	-52.365380	0.000000	
915.350000	24.543312	-52.349521	0.000000	
915.400000	24.562634	-52.333660	0.000000	
915.450000	24.581959	-52.317803	0.000000	
915.500000	24.601294	-52.301958	0.000000	
915.550000	24.620645	-52.286133	0.000000	
915.600000	24.640027	-52.270347	0.000000	
915.650000	24.659453	-52.254616	0.000000	
915.700000	24.678923	-52.238942	0.000000	
915.750000	24.698423	-52.223305	0.000000	
915.800000	24.717963	-52.207720	0.000000	
915.850000	24.737554	-52.192199	0.000000	
915.900000	24.757194	-52.176743	0.000000	
915.950000	24.776864	-52.161327	0.000000	
916.000000	24.796556	-52.145940	0.000000	
916.050000	24.816276	-52.130589	0.000000	
916.100000	24.836037	-52.115291	0.000000	
916.150000	24.855852	-52.100063	0.000000	
916.200000	24.875719	-52.084899	0.000000	
916.250000	24.895628	-52.069790	0.000000	
916.300000	24.915586	-52.054742	0.000000	
916.350000	24.935596	-52.039763	0.000000	
916.400000	24.955657	-52.024851	0.000000	
916.450000	24.975767	-52.010003	0.000000	
916.500000	24.995906	-51.995195	0.000000	
916.550000	25.016078	-51.980431	0.000000	
916.600000	25.036296	-51.965729	0.000000	
916.650000	25.056553	-51.951082	0.000000	
916.700000	25.076838	-51.936473	0.000000	
916.750000	25.097137	-51.921883	0.000000	
916.800000	25.117447	-51.907309	0.000000	
916.850000	25.137769	-51.892751	0.000000	
916.900000	25.158089	-51.878190	0.000000	
916.950000	25.178399	-51.863615	0.000000	
917.000000	25.198710	-51.849042	0.000000	
917.050000	25.219031	-51.834483	0.000000	
917.100000	25.239364	-51.819939	0.000000	
917.150000	25.259696	-51.805395	0.000000	
917.200000	25.280017	-51.790836	0.000000	
917.250000	25.300330	-51.776266	0.000000	
917.300000	25.320634	-51.761684	0.000000	
917.350000	25.340931	-51.747093	0.000000	
917.400000	25.361217	-51.732486	0.000000	
917.450000	25.381478	-51.717845	0.000000	
917.500000	25.401712	-51.703167	0.000000	
917.550000	25.421924	-51.688460	0.000000	
917.600000	25.442114	-51.673722	0.000000	
917.650000	25.462280	-51.658951	0.000000	
917.700000	25.482409	-51.644128	0.000000	
917.750000	25.502512	-51.629269	0.000000	
917.800000	25.522594	-51.614382	0.000000	
917.850000	25.542665	-51.599479	0.000000	
917.900000	25.562729	-51.584567	0.000000	
917.950000	25.582786	-51.569646	0.000000	
918.000000	25.602844	-51.554726	0.000000	
918.050000	25.622898	-51.539800	0.000000	
918.100000	25.642938	-51.524856	0.000000	
918.150000	25.662965	-51.509892	0.000000	
918.200000	25.682978	-51.494911	0.000000	
918.250000	25.702997	-51.479938	0.000000	
918.300000	25.723037	-51.464992	0.000000	
918.350000	25.743102	-51.450081	0.000000	
918.400000	25.763192	-51.435205	0.000000	
918.450000	25.783308	-51.420366	0.000000	
918.500000	25.803465	-51.405584	0.000000	
918.550000	25.823667	-51.390866	0.000000	
918.600000	25.843915	-51.376213	0.000000	
918.650000	25.864197	-51.361606	0.000000	
918.700000	25.884513	-51.347048	0.000000	
918.750000	25.904868	-51.332543	0.000000	
918.800000	25.925268	-51.318104	0.000000	
918.850000	25.945719	-51.303737	0.000000	
918.900000	25.966220	-51.289443	0.000000	
918.950000	25.986757	-51.275202	0.000000	
919.000000	26.007339	-51.261024	0.000000	
919.050000	26.027960	-51.246903	0.000000	
919.100000	26.048618	-51.232838	0.000000	
919.150000	26.069325	-51.218841	0.000000	
919.200000	26.090079	-51.204913	0.000000	
919.250000	26.110883	-51.191059	0.000000	
919.300000	26.131740	-51.177280	0.000000	
919.350000	26.152640	-51.163568	0.000000	
919.400000	26.173583	-51.149920	0.000000	
919.450000	26.194571	-51.136342	0.000000	
919.500000	26.215592	-51.122816	0.000000	
919.550000	26.236643	-51.109338	0.000000	
919.600000	26.257723	-51.095906	0.000000	
919.650000	26.278833	-51.082520	0.000000	
919.700000	26.299987	-51.069205	0.000000	
919.750000	26.321179	-51.055949	0.000000	
919.800000	26.342406	-51.042750	0.000000	
919.850000	26.363660	-51.029592	0.000000	
919.900000	26.384932	-51.016465	0.000000	
919.950000	26.406230	-51.003380	0.000000	
920.000000	26.427556	-50.990340	0.000000	
920.050000	26.448907	-50.977341	0.000000	
920.100000	26.470271	-50.964363	0.000000	
920.150000	26.491653	-50.951413	0.000000	
920.200000	26.513044	-50.938477	0.000000	
920.250000	26.534451	-50.925566	0.000000	
920.300000	26.555878	-50.912689	0.000000	
920.350000	26.577324	-50.899843	0.000000	
920.400000	26.598793	-50.887034	0.000000	
920.450000	26.620279	-50.874256	0.000000	
920.500000	26.641773	-50.861492	0.000000	
920.550000	26.663279	-50.848747	0.000000	
920.600000	26.684784	-50.836000	0.000000	
920.650000	26.706280	-50.823239	0.000000	
920.700000	26.727776	-50.810478	0.000000	
920.750000	26.749270	-50.797712	0.000000	
920.800000	26.770761	-50.784942	0.000000	
920.850000	26.792254	-50.772176	0.000000	
920.900000	26.813744	-50.759404	0.000000	
920.950000	26.835229	-50.746625	0.000000	
921.000000	26.856702	-50.733825	0.000000	
921.050000	26.878173	-50.721021	0.000000	
921.100000	26.899651	-50.708230	0.000000	
921.150000	26.921140	-50.695457	0.000000	
921.200000	26.942635	-50.682694	0.000000	
921.250000	26.964140	-50.669947	0.000000	
921.300000	26.985652	-50.657212	0.000000	
921.350000	27.007168	-50.644484	0.000000	
921.400000	27.028692	-50.631768	0.000000	
921.450000	27.050211	-50.619046	0.000000	
921.500000	27.071725	-50.606314	0.000000	
921.550000	27.093237	-50.593579	0.000000	
921.600000	27.114745	-50.580837	0.000000	
921.650000	27.136263	-50.568112	0.000000	
921.700000	27.157798	-50.555416	0.000000	
921.750000	27.179351	-50.542751	0.000000	
921.800000	27.200910	-50.530094	0.000000	
921.850000	27.222469	-50.517439	0.000000	
921.900000	27.244024	-50.504777	0.000000	
921.950000	27.265577	-50.492112	0.000000	
922.000000	27.287125	-50.479439	0.000000	
922.050000	27.308665	-50.466752	0.000000	
922.100000	27.330185	-50.454034	0.000000	
922.150000	27.351684	-50.441279	0.000000	
922.200000	27.373173	-50.428510	0.000000	
922.250000	27.394647	-50.415714	0.000000	
922.300000	27.416106	-50.402895	0.000000	
922.350000	27.437553	-50.390056	0.000000	
922.400000	27.458978	-50.377180	0.000000	
922.450000	27.480375	-50.364257	0.000000	
922.500000	27.501743	-50.351288	0.000000	
922.550000	27.523088	-50.338280	0.000000	
922.600000	27.544398	-50.325216	0.000000	
922.650000	27.565675	-50.312098	0.000000	
922.700000	27.586914	-50.298921	0.000000	
922.750000	27.608109	-50.285671	0.000000	
922.800000	27.629254	-50.272341	0.000000	
922.850000	27.650365	-50.258957	0.000000	
922.900000	27.671442	-50.245518	0.000000	
922.950000	27.692498	-50.232044	0.000000	
923.000000	27.713534	-50.218539	0.000000	
923.050000	27.734546	-50.204998	0.000000	
923.100000	27.755532	-50.191416	0.000000	
923.150000	27.776499	-50.177804	0.000000	
923.200000	27.797432	-50.164143	0.000000	
923.250000	27.818324	-50.150419	0.000000	
923.300000	27.839181	-50.136642	0.000000	
923.350000	27.859994	-50.122800	0.000000	
923.400000	27.880749	-50.108872	0.000000	
923.450000	27.901454	-50.094872	0.000000	
923.500000	27.922113	-50.080805	0.000000	
923.550000	27.942730	-50.066675	0.000000	
923.600000	27.963307	-50.052487	0.000000	
923.650000	27.983845	-50.038243	0.000000	
923.700000	28.004358	-50.023963	0.000000	
923.750000	28.024833	-50.009629	0.000000	
923.800000	28.045279	-49.995252	0.000000	
923.850000	28.065692	-49.980831	0.000000	
923.900000	28.086052	-49.966334	0.000000	
923.950000	28.106362	-49.951767	0.000000	
924.000000	28.126614	-49.937118	0.000000	
924.050000	28.146807	-49.922388	0.000000	
924.100000	28.166951	-49.907590	0.000000	
924.150000	28.187045	-49.892723	0.000000	
924.200000	28.207083	-49.877781	0.000000	
924.250000	28.227073	-49.862775	0.000000	
924.300000	28.247005	-49.847694	0.000000	
924.350000	28.266860	-49.832514	0.000000	
924.400000	28.286629	-49.817229	0.000000	
924.450000	28.306302	-49.801830	0.000000	
924.500000	28.325862	-49.786301	0.000000	
924.550000	28.345286	-49.770617	0.000000	
924.600000	28.364559	-49.754761	0.000000	
924.650000	28.383654	-49.738711	0.000000	
924.700000	28.402556	-49.722455	0.000000	
924.750000	28.421234	-49.705965	0.000000	
924.800000	28.439686	-49.689244	0.000000	
924.850000	28.457904	-49.672286	0.000000	
924.900000	28.475871	-49.655077	0.000000	
924.950000	28.493593	-49.637631	0.000000	
925.000000	28.511069	-49.619947	0.000000	
925.050000	28.528302	-49.602029	0.000000	
925.100000	28.545290	-49.583875	0.000000	
925.150000	28.562038	-49.565488	0.000000	
925.200000	28.578559	-49.546884	0.000000	
925.250000	28.594845	-49.528057	0.000000	
925.300000	28.610885	-49.508999	0.000000	
925.350000	28.626688	-49.489724	0.000000	
925.400000	28.642292	-49.470267	0.000000	
925.450000	28.657721	-49.450654	0.000000	
925.500000	28.672991	-49.430903	0.000000	
925.550000	28.688128	-49.411037	0.000000	
925.600000	28.703157	-49.391079	0.000000	
925.650000	28.718085	-49.371036	0.000000	
925.700000	28.732933	-49.350929	0.000000	
925.750000	28.747735	-49.330786	0.000000	
925.800000	28.762502	-49.310616	0.000000	
925.850000	28.777242	-49.290425	0.000000	
925.900000	28.791976	-49.270230	0.000000	
925.950000	28.806726	-49.250047	0.000000	
926.000000	28.821487	-49.229872	0.000000	
926.050000	28.836259	-49.209705	0.000000	
926.100000	28.851050	-49.189551	0.000000	
926.150000	28.865867	-49.169418	0.000000	
926.200000	28.880713	-49.149306	0.000000	
926.250000	28.895587	-49.129215	0.000000	
926.300000	28.910497	-49.109150	0.000000	
926.350000	28.925453	-49.089121	0.000000	
926.400000	28.940462	-49.069129	0.000000	
926.450000	28.955514	-49.049170	0.000000	
926.500000	28.970599	-49.029237	0.000000	
926.550000	28.985716	-49.009327	0.000000	
926.600000	29.000840	-48.989423	0.000000	
926.650000	29.015972	-48.969524	0.000000	
926.700000	29.031122	-48.949640	0.000000	
926.750000	29.046285	-48.929765	0.000000	
926.800000	29.061457	-48.909897	0.000000	
926.850000	29.076656	-48.890049	0.000000	
926.900000	29.091889	-48.870227	0.000000	
926.950000	29.107158	-48.850434	0.000000	
927.000000	29.122448	-48.830656	0.000000	
927.050000	29.137782	-48.810913	0.000000	
927.100000	29.153175	-48.791217	0.000000	
927.150000	29.168629	-48.771569	0.000000	
927.200000	29.184134	-48.751964	0.000000	
927.250000	29.199681	-48.732391	0.000000	
927.300000	29.215251	-48.712837	0.000000	
927.350000	29.230841	-48.693299	0.000000	
927.400000	29.246456	-48.673781	0.000000	
927.450000	29.262080	-48.654270	0.000000	
927.500000	29.277711	-48.634764	0.000000	
927.550000	29.293352	-48.615267	0.000000	
927.600000	29.309000	-48.595775	0.000000	
927.650000	29.324672	-48.576301	0.000000	
927.700000	29.340366	-48.556846	0.000000	
927.750000	29.356082	-48.537406	0.000000	
927.800000	29.371820	-48.517985	0.000000	
927.850000	29.387583	-48.498584	0.000000	
927.900000	29.403373	-48.479204	0.000000	
927.950000	29.419172	-48.459830	0.000000	
928.000000	29.434963	-48.440451	0.000000	
928.050000	29.450764	-48.421079	0.000000	
928.100000	29.466570	-48.401712	0.000000	
928.150000	29.482362	-48.382334	0.000000	
928.200000	29.498127	-48.362932	0.000000	
928.250000	29.513871	-48.343513	0.000000	
928.300000	29.529589	-48.324073	0.000000	
928.350000	29.545302	-48.304629	0.000000	
928.400000	29.561021	-48.285189	0.000000	
928.450000	29.576729	-48.265741	0.000000	
928.500000	29.592435	-48.246291	0.000000	
928.550000	29.608131	-48.226834	0.000000	
928.600000	29.623821	-48.207371	0.000000	
928.650000	29.639510	-48.187907	0.000000	
928.700000	29.655208	-48.168451	0.000000	
928.750000	29.670902	-48.148992	0.000000	
928.800000	29.686605	-48.129540	0.000000	
928.850000	29.702321	-48.110098	0.000000	
928.900000	29.718036	-48.090656	0.000000	
928.950000	29.733736	-48.071201	0.000000	
929.000000	29.749429	-48.051741	0.000000	
929.050000	29.765109	-48.032270	0.000000	
929.100000	29.780784	-48.012795	0.000000	
929.150000	29.796455	-47.993318	0.000000	
929.200000	29.812138	-47.973851	0.000000	
929.250000	29.827842	-47.954400	0.000000	
929.300000	29.843578	-47.934976	0.000000	
929.350000	29.859344	-47.915577	0.000000	
929.400000	29.875145	-47.896209	0.000000	
929.450000	29.890981	-47.876869	0.000000	
929.500000	29.906871	-47.857576	0.000000	
929.550000	29.922811	-47.838324	0.000000	
929.600000	29.938810	-47.819122	0.000000	
929.650000	29.954867	-47.799970	0.000000	
929.700000	29.970985	-47.780868	0.000000	
929.750000	29.987132	-47.761791	0.000000	
929.800000	30.003314	-47.742743	0.000000	
929.850000	30.019515	-47.723712	0.000000	
929.900000	30.035727	-47.704688	0.000000	
929.950000	30.051946	-47.685671	0.000000	
930.000000	30.068157	-47.666648	0.000000	
930.050000	30.084338	-47.647602	0.000000	
930.100000	30.100464	-47.628515	0.000000	
930.150000	30.116499	-47.609362	0.000000	
930.200000	30.132407	-47.590118	0.000000	
930.250000	30.148174	-47.570772	0.000000	
930.300000	30.163781	-47.551312	0.000000	
930.350000	30.179195	-47.531715	0.000000	
930.400000	30.194410	-47.511980	0.000000	
930.450000	30.209397	-47.492088	0.000000	
930.500000	30.224133	-47.472024	0.000000	
930.550000	30.238576	-47.451766	0.000000	
930.600000	30.252735	-47.431322	0.000000	
930.650000	30.266586	-47.410677	0.000000	
930.700000	30.280114	-47.389824	0.000000	
930.750000	30.293323	-47.368766	0.000000	
930.800000	30.306239	-47.347520	0.000000	
930.850000	30.318872	-47.326092	0.000000	
930.900000	30.331210	-47.304479	0.000000	
930.950000	30.343261	-47.282686	0.000000	
931.000000	30.355034	-47.260722	0.000000	
931.050000	30.366553	-47.238605	0.000000	
931.100000	30.377838	-47.216353	0.000000	
931.150000	30.388921	-47.193988	0.000000	
931.200000	30.399825	-47.171527	0.000000	
931.250000	30.410584	-47.148989	0.000000	
931.300000	30.421220	-47.126384	0.000000	
931.350000	30.431755	-47.103726	0.000000	
931.400000	30.442226	-47.081033	0.000000	
931.450000	30.452654	-47.058319	0.000000	
931.500000	30.463058	-47.035592	0.000000	
931.550000	30.473460	-47.012864	0.000000	
931.600000	30.483878	-46.990143	0.000000	
931.650000	30.494300	-46.967424	0.000000	
931.700000	30.504739	-46.944713	0.000000	
931.750000	30.515202	-46.922014	0.000000	
931.800000	30.525695	-46.899327	0.000000	
931.850000	30.536216	-46.876653	0.000000	
931.900000	30.546766	-46.853994	0.000000	
931.950000	30.557380	-46.831364	0.000000	
932.000000	30.568043	-46.808758	0.000000	
932.050000	30.578765	-46.786180	0.000000	
932.100000	30.589535	-46.763624	0.000000	
932.150000	30.600346	-46.741087	0.000000	
932.200000	30.611189	-46.718564	0.000000	
932.250000	30.622078	-46.696063	0.000000	
932.300000	30.633014	-46.673584	0.000000	
932.350000	30.643991	-46.651125	0.000000	
932.400000	30.654984	-46.628673	0.000000	
932.450000	30.665977	-46.606222	0.000000	
932.500000	30.676970	-46.583770	0.000000	
932.550000	30.687965	-46.561320	0.000000	
932.600000	30.698967	-46.538873	0.000000	
932.650000	30.709977	-46.516430	0.000000	
932.700000	30.721001	-46.493994	0.000000	
932.750000	30.732055	-46.471572	0.000000	
932.800000	30.743140	-46.449165	0.000000	
932.850000	30.754234	-46.426762	0.000000	
932.900000	30.765321	-46.404356	0.000000	
932.950000	30.776382	-46.381938	0.000000	
933.000000	30.787403	-46.359500	0.000000	
933.050000	30.798410	-46.337055	0.000000	
933.100000	30.809403	-46.314604	0.000000	
933.150000	30.820379	-46.292144	0.000000	
933.200000	30.831335	-46.269674	0.000000	
933.250000	30.842290	-46.247204	0.000000	
933.300000	30.853225	-46.224725	0.000000	
933.350000	30.864132	-46.202232	0.000000	
933.400000	30.875000	-46.179720	0.000000	
933.450000	30.885852	-46.157201	0.000000	
933.500000	30.896696	-46.134677	0.000000	
933.550000	30.907523	-46.112145	0.000000	
933.600000	30.918316	-46.089597	0.000000	
933.650000	30.929081	-46.067034	0.000000	
933.700000	30.939833	-46.044466	0.000000	
933.750000	30.950595	-46.021902	0.000000	
933.800000	30.961350	-45.999335	0.000000	
933.850000	30.972097	-45.976764	0.000000	
933.900000	30.982841	-45.954191	0.000000	
933.950000	30.993602	-45.931627	0.000000	
934.000000	31.004378	-45.909070	0.000000	
934.050000	31.015166	-45.886518	0.000000	
934.100000	31.025952	-45.863966	0.000000	
934.150000	31.036733	-45.841411	0.000000	
934.200000	31.047514	-45.818856	0.000000	
934.250000	31.058310	-45.796308	0.000000	
934.300000	31.069113	-45.773763	0.000000	
934.350000	31.079922	-45.751221	0.000000	
934.400000	31.090742	-45.728685	0.000000	
934.450000	31.101559	-45.706147	0.000000	
934.500000	31.112356	-45.683599	0.000000	
934.550000	31.123118	-45.661036	0.000000	
934.600000	31.133862	-45.638464	0.000000	
934.650000	31.144584	-45.615882	0.000000	
934.700000	31.155275	-45.593286	0.000000	
934.750000	31.165932	-45.570674	0.000000	
934.800000	31.176537	-45.548038	0.000000	
934.850000	31.187098	-45.525381	0.000000	
934.900000	31.197603	-45.502698	0.000000	
934.950000	31.208060	-45.479994	0.000000	
935.000000	31.218464	-45.457265	0.000000	
935.050000	31.228816	-45.434513	0.000000	
935.100000	31.239106	-45.411733	0.000000	
935.150000	31.249323	-45.388922	0.000000	
935.200000	31.259447	-45.366069	0.000000	
935.250000	31.269501	-45.343187	0.000000	
935.300000	31.279491	-45.320276	0.000000	
935.350000	31.289401	-45.297330	0.000000	
935.400000	31.299226	-45.274348	0.000000	
935.450000	31.308948	-45.251324	0.000000	
935.500000	31.318566	-45.228256	0.000000	
935.550000	31.328101	-45.205155	0.000000	
935.600000	31.337556	-45.182022	0.000000	
935.650000	31.346905	-45.158846	0.000000	
935.700000	31.356168	-45.135637	0.000000	
935.750000	31.365359	-45.112398	0.000000	
935.800000	31.374469	-45.089126	0.000000	
935.850000	31.383497	-45.065822	0.000000	
935.900000	31.392430	-45.042481	0.000000	
935.950000	31.401276	-45.019106	0.000000	
936.000000	31.410035	-44.995699	0.000000	
936.050000	31.418688	-44.972251	0.000000	
936.100000	31.427253	-44.948771	0.000000	
936.150000	31.435730	-44.925258	0.000000	
936.200000	31.444147	-44.901723	0.000000	
936.250000	31.452530	-44.878176	0.000000	
936.300000	31.460854	-44.854607	0.000000	
936.350000	31.469097	-44.831008	0.000000	
936.400000	31.477280	-44.807388	0.000000	
936.450000	31.485403	-44.783747	0.000000	
936.500000	31.493474	-44.760088	0.000000	
936.550000	31.501513	-44.736418	0.000000	
936.600000	31.509493	-44.712729	0.000000	
936.650000	31.517417	-44.689020	0.000000	
936.700000	31.525311	-44.665303	0.000000	
936.750000	31.533182	-44.641577	0.000000	
936.800000	31.541031	-44.617843	0.000000	
936.850000	31.548862	-44.594103	0.000000	
936.900000	31.556663	-44.570353	0.000000	
936.950000	31.564462	-44.546602	0.000000	
937.000000	31.572272	-44.522855	0.000000	
937.050000	31.580101	-44.499115	0.000000	
937.100000	31.587947	-44.475380	0.000000	
937.150000	31.595814	-44.451652	0.000000	
937.200000	31.603718	-44.427937	0.000000	
937.250000	31.611657	-44.404234	0.000000	
937.300000	31.619603	-44.380534	0.000000	
937.350000	31.627567	-44.356840	0.000000	
937.400000	31.635570	-44.333160	0.000000	
937.450000	31.643613	-44.309493	0.000000	
937.500000	31.651720	-44.285849	0.000000	
937.550000	31.659907	-44.262234	0.000000	
937.600000	31.668185	-44.238651	0.000000	
937.650000	31.676571	-44.215108	0.000000	
937.700000	31.685086	-44.191612	0.000000	
937.750000	31.693719	-44.168160	0.000000	
937.800000	31.702456	-44.144749	0.000000	
937.850000	31.711292	-44.121376	0.000000	
937.900000	31.720225	-44.098041	0.000000	
937.950000	31.729284	-44.074756	0.000000	
938.000000	31.738461	-44.051517	0.000000	
938.050000	31.747755	-44.028327	0.000000	
938.100000	31.757174	-44.005189	0.000000	
938.150000	31.766739	-43.982112	0.000000	
938.200000	31.776421	-43.959083	0.000000	
938.250000	31.786225	-43.936106	0.000000	
938.300000	31.796123	-43.913169	0.000000	
938.350000	31.806123	-43.890273	0.000000	
938.400000	31.816228	-43.867421	0.000000	
938.450000	31.826424	-43.844606	0.000000	
938.500000	31.836716	-43.821831	0.000000	
938.550000	31.847079	-43.799086	0.000000	
938.600000	31.857510	-43.776371	0.000000	
938.650000	31.867979	-43.753672	0.000000	
938.700000	31.878465	-43.730980	0.000000	
938.750000	31.888958	-43.708292	0.000000	
938.800000	31.899452	-43.685604	0.000000	
938.850000	31.909936	-43.662911	0.000000	
938.900000	31.920408	-43.640213	0.000000	
938.950000	31.930855	-43.617505	0.000000	
939.000000	31.941266	-43.594781	0.000000	
939.050000	31.951621	-43.572032	0.000000	
939.100000	31.961908	-43.549254	0.000000	
939.150000	31.972114	-43.526440	0.000000	
939.200000	31.982228	-43.503585	0.000000	
939.250000	31.992256	-43.480693	0.000000	
939.300000	32.002173	-43.457753	0.000000	
939.350000	32.011996	-43.434774	0.000000	
939.400000	32.021703	-43.411748	0.000000	
939.450000	32.031292	-43.388675	0.000000	
939.500000	32.040760	-43.365553	0.000000	
939.550000	32.050070	-43.342370	0.000000	
939.600000	32.059208	-43.319124	0.000000	
939.650000	32.068152	-43.295806	0.000000	
939.700000	32.076903	-43.272420	0.000000	
939.750000	32.085444	-43.248965	0.000000	
939.800000	32.093734	-43.225431	0.000000	
939.850000	32.101769	-43.201818	0.000000	
939.900000	32.109552	-43.178128	0.000000	
939.950000	32.117076	-43.154360	0.000000	
940.000000	32.124324	-43.130514	0.000000	
940.050000	32.131297	-43.106590	0.000000	
940.100000	32.137991	-43.082592	0.000000	
940.150000	32.144406	-43.058520	0.000000	
940.200000	32.150522	-43.034372	0.000000	
940.250000	32.156321	-43.010147	0.000000	
940.300000	32.161789	-42.985846	0.000000	
940.350000	32.166952	-42.961476	0.000000	
940.400000	32.171800	-42.937036	0.000000	
940.450000	32.176352	-42.912535	0.000000	
940.500000	32.180598	-42.887971	0.000000	
940.550000	32.184560	-42.863351	0.000000	
940.600000	32.188258	-42.838680	0.000000	
940.650000	32.191721	-42.813968	0.000000	
940.700000	32.194971	-42.789218	0.000000	
940.750000	32.198032	-42.764435	0.000000	
940.800000	32.200928	-42.739626	0.000000	
940.850000	32.203683	-42.714798	0.000000	
940.900000	32.206319	-42.689954	0.000000	
940.950000	32.208838	-42.665094	0.000000	
941.000000	32.211238	-42.640219	0.000000	
941.050000	32.213541	-42.615332	0.000000	
941.100000	32.215763	-42.590436	0.000000	
941.150000	32.217926	-42.565533	0.000000	
941.200000	32.220026	-42.540622	0.000000	
941.250000	32.222088	-42.515708	0.000000	
941.300000	32.224140	-42.490793	0.000000	
941.350000	32.226191	-42.465878	0.000000	
941.400000	32.228231	-42.440962	0.000000	
941.450000	32.230267	-42.416045	0.000000	
941.500000	32.232319	-42.391130	0.000000	
941.550000	32.234391	-42.366217	0.000000	
941.600000	32.236463	-42.341303	0.000000	
941.650000	32.238541	-42.316390	0.000000	
941.700000	32.240616	-42.291476	0.000000	
941.750000	32.242658	-42.266561	0.000000	
941.800000	32.244658	-42.241642	0.000000	
941.850000	32.246612	-42.216720	0.000000	
941.900000	32.248514	-42.191796	0.000000	
941.950000	32.250347	-42.166867	0.000000	
942.000000	32.252106	-42.141935	0.000000	
942.050000	32.253783	-42.116998	0.000000	
942.100000	32.255376	-42.092059	0.000000	
942.150000	32.256869	-42.067115	0.000000	
942.200000	32.258256	-42.042167	0.000000	
942.250000	32.259555	-42.017214	0.000000	
942.300000	32.260766	-41.992257	0.000000	
942.350000	32.261867	-41.967295	0.000000	
942.400000	32.262865	-41.942329	0.000000	
942.450000	32.263766	-41.917359	0.000000	
942.500000	32.264560	-41.892385	0.000000	
942.550000	32.265242	-41.867407	0.000000	
942.600000	32.265812	-41.842424	0.000000	
942.650000	32.266263	-41.817438	0.000000	
942.700000	32.266602	-41.792448	0.000000	
942.750000	32.266825	-41.767456	0.000000	
942.800000	32.266944	-41.742462	0.000000	
942.850000	32.266964	-41.717467	0.000000	
942.900000	32.266882	-41.692471	0.000000	
942.950000	32.266721	-41.667476	0.000000	
943.000000	32.266473	-41.642481	0.000000	
943.050000	32.266143	-41.617488	0.000000	
943.100000	32.265754	-41.592495	0.000000	
943.150000	32.265332	-41.567502	0.000000	
943.200000	32.264863	-41.542511	0.000000	
943.250000	32.264332	-41.517521	0.000000	
943.300000	32.263733	-41.492532	0.000000	
943.350000	32.263081	-41.467544	0.000000	
943.400000	32.262381	-41.442556	0.000000	
943.450000	32.261639	-41.417570	0.000000	
943.500000	32.260839	-41.392585	0.000000	
943.550000	32.259996	-41.367601	0.000000	
943.600000	32.259083	-41.342620	0.000000	
943.650000	32.258105	-41.317641	0.000000	
943.700000	32.257077	-41.292664	0.000000	
943.750000	32.255991	-41.267689	0.000000	
943.800000	32.254864	-41.242717	0.000000	
943.850000	32.253690	-41.217746	0.000000	
943.900000	32.252468	-41.192778	0.000000	
943.950000	32.251204	-41.167812	0.000000	
944.000000	32.249897	-41.142848	0.000000	
944.050000	32.248571	-41.117886	0.000000	
944.100000	32.247232	-41.092924	0.000000	
944.150000	32.245878	-41.067963	0.000000	
944.200000	32.244495	-41.043003	0.000000	
944.250000	32.243102	-41.018043	0.000000	
944.300000	32.241727	-40.993083	0.000000	
944.350000	32.240380	-40.968122	0.000000	
944.400000	32.239046	-40.943160	0.000000	
944.450000	32.237735	-40.918198	0.000000	
944.500000	32.236428	-40.893235	0.000000	
944.550000	32.235137	-40.868272	0.000000	
944.600000	32.233845	-40.843309	0.000000	
944.650000	32.232568	-40.818345	0.000000	
944.700000	32.231302	-40.793380	0.000000	
944.750000	32.230040	-40.768415	0.000000	
944.800000	32.228772	-40.743450	0.000000	
944.850000	32.227498	-40.718486	0.000000	
944.900000	32.226219	-40.693522	0.000000	
944.950000	32.224922	-40.668560	0.000000	
945.000000	32.223613	-40.643598	0.000000	
945.050000	32.222291	-40.618638	0.000000	
945.100000	32.220928	-40.593681	0.000000	
945.150000	32.219502	-40.568729	0.000000	
945.200000	32.218018	-40.543781	0.000000	
945.250000	32.216490	-40.518836	0.000000	
945.300000	32.214915	-40.493895	0.000000	
945.350000	32.213281	-40.468957	0.000000	
945.400000	32.211556	-40.444024	0.000000	
945.450000	32.209730	-40.419099	0.000000	
945.500000	32.207813	-40.394178	0.000000	
945.550000	32.205829	-40.369262	0.000000	
945.600000	32.203771	-40.344351	0.000000	
945.650000	32.201665	-40.319443	0.000000	
945.700000	32.199506	-40.294539	0.000000	
945.750000	32.197294	-40.269639	0.000000	
945.800000	32.195040	-40.244743	0.000000	
945.850000	32.192746	-40.219850	0.000000	
945.900000	32.190408	-40.194960	0.000000	
945.950000	32.188022	-40.170075	0.000000	
946.000000	32.185597	-40.145194	0.000000	
946.050000	32.183118	-40.120319	0.000000	
946.100000	32.180598	-40.095448	0.000000	
946.150000	32.178065	-40.070578	0.000000	
946.200000	32.175533	-40.045708	0.000000	
946.250000	32.172977	-40.020841	0.000000	
946.300000	32.170386	-39.995977	0.000000	
946.350000	32.167742	-39.971120	0.000000	
946.400000	32.165062	-39.946266	0.000000	
946.450000	32.162358	-39.921414	0.000000	
946.500000	32.159644	-39.896563	0.000000	
946.550000	32.156916	-39.871715	0.000000	
946.600000	32.154148	-39.846870	0.000000	
946.650000	32.151365	-39.822027	0.000000	
946.700000	32.148562	-39.797186	0.000000	
946.750000	32.145745	-39.772346	0.000000	
946.800000	32.142912	-39.747508	0.000000	
946.850000	32.140048	-39.722673	0.000000	
946.900000	32.137167	-39.697841	0.000000	
946.950000	32.134290	-39.673008	0.000000	
947.000000	32.131419	-39.648174	0.000000	
947.050000	32.128572	-39.623338	0.000000	
947.100000	32.125771	-39.598496	0.000000	
947.150000	32.123013	-39.573651	0.000000	
947.200000	32.120293	-39.548801	0.000000	
947.250000	32.117624	-39.523948	0.000000	
947.300000	32.115029	-39.499087	0.000000	
947.350000	32.112513	-39.474220	0.000000	
947.400000	32.110095	-39.449345	0.000000	
947.450000	32.107751	-39.424463	0.000000	
947.500000	32.105496	-39.399574	0.000000	
947.550000	32.103341	-39.374677	0.000000	
947.600000	32.101285	-39.349773	0.000000	
947.650000	32.099359	-39.324861	0.000000	
947.700000	32.097549	-39.299941	0.000000	
947.750000	32.095832	-39.275015	0.000000	
947.800000	32.094218	-39.250083	0.000000	
947.850000	32.092736	-39.225143	0.000000	
947.900000	32.091393	-39.200193	0.000000	
947.950000	32.090176	-39.175236	0.000000	
948.000000	32.089070	-39.150273	0.000000	
948.050000	32.088091	-39.125303	0.000000	
948.100000	32.087226	-39.100328	0.000000	
948.150000	32.086468	-39.075347	0.000000	
948.200000	32.085800	-39.050363	0.000000	
948.250000	32.085198	-39.025375	0.000000	
948.300000	32.084659	-39.000386	0.000000	
948.350000	32.084189	-38.975394	0.000000	
948.400000	32.083785	-38.950400	0.000000	
948.450000	32.083456	-38.925406	0.000000	
948.500000	32.083206	-38.900409	0.000000	
948.550000	32.083022	-38.875412	0.000000	
948.600000	32.082873	-38.850414	0.000000	
948.650000	32.082754	-38.825416	0.000000	
948.700000	32.082660	-38.800417	0.000000	
948.750000	32.082591	-38.775418	0.000000	
948.800000	32.082556	-38.750419	0.000000	
948.850000	32.082537	-38.725420	0.000000	
948.900000	32.082504	-38.700421	0.000000	
948.950000	32.082460	-38.675422	0.000000	
949.000000	32.082400	-38.650424	0.000000	
949.050000	32.082340	-38.625425	0.000000	
949.100000	32.082269	-38.600426	0.000000	
949.150000	32.082191	-38.575428	0.000000	
949.200000	32.082107	-38.550429	0.000000	
949.250000	32.082034	-38.525431	0.000000	
949.300000	32.081987	-38.500432	0.000000	
949.350000	32.081975	-38.475433	0.000000	
949.400000	32.081969	-38.450434	0.000000	
949.450000	32.081952	-38.425436	0.000000	
949.500000	32.081897	-38.400437	0.000000	
949.550000	32.081793	-38.375439	0.000000	
949.600000	32.081633	-38.350441	0.000000	
949.650000	32.081440	-38.325444	0.000000	
949.700000	32.081223	-38.300447	0.000000	
949.750000	32.080992	-38.275451	0.000000	
949.800000	32.080759	-38.250454	0.000000	
949.850000	32.080538	-38.225457	0.000000	
949.900000	32.080328	-38.200460	0.000000	
949.950000	32.080128	-38.175464	0.000000	
950.000000	32.079943	-38.150467	0.000000	
950.050000	32.079791	-38.125469	0.000000	
950.100000	32.079667	-38.100472	0.000000	
950.150000	32.079571	-38.075475	0.000000	
950.200000	32.079499	-38.050478	0.000000	
950.250000	32.079448	-38.025482	0.000000	
950.300000	32.079416	-38.000485	0.000000	
950.350000	32.079414	-37.975489	0.000000	
950.400000	32.079442	-37.950494	0.000000	
950.450000	32.079532	-37.925500	0.000000	
950.500000	32.079700	-37.900509	0.000000	
950.550000	32.079974	-37.875521	0.000000	
950.600000	32.080379	-37.850536	0.000000	
950.650000	32.080935	-37.825555	0.000000	
950.700000	32.081623	-37.800578	0.000000	
950.750000	32.082447	-37.775606	0.000000	
950.800000	32.083375	-37.750637	0.000000	
950.850000	32.084383	-37.725672	0.000000	
950.900000	32.085481	-37.700711	0.000000	
950.950000	32.086670	-37.675754	0.000000	
951.000000	32.087964	-37.650801	0.000000	
951.050000	32.089357	-37.625852	0.000000	
951.100000	32.090844	-37.600907	0.000000	
951.150000	32.092429	-37.575967	0.000000	
951.200000	32.094130	-37.551035	0.000000	
951.250000	32.095932	-37.526109	0.000000	
951.300000	32.097832	-37.501188	0.000000	
951.350000	32.099815	-37.476271	0.000000	
951.400000	32.101860	-37.451358	0.000000	
951.450000	32.103939	-37.426446	0.000000	
951.500000	32.106021	-37.401535	0.000000	
951.550000	32.108111	-37.376624	0.000000	
951.600000	32.110207	-37.351714	0.000000	
951.650000	32.112282	-37.326802	0.000000	
951.700000	32.114307	-37.301886	0.000000	
951.750000	32.116311	-37.276969	0.000000	
951.800000	32.118268	-37.252049	0.000000	
951.850000	32.120210	-37.227127	0.000000	
951.900000	32.122142	-37.202205	0.000000	
951.950000	32.124063	-37.177282	0.000000	
952.000000	32.125970	-37.152358	0.000000	
952.050000	32.127865	-37.127433	0.000000	
952.100000	32.129745	-37.102507	0.000000	
952.150000	32.131594	-37.077578	0.000000	
952.200000	32.133400	-37.052646	0.000000	
952.250000	32.135163	-37.027710	0.000000	
952.300000	32.136901	-37.002772	0.000000	
952.350000	32.138627	-36.977833	0.000000	
952.400000	32.140361	-36.952894	0.000000	
952.450000	32.142096	-36.927956	0.000000	
952.500000	32.143839	-36.903018	0.000000	
952.550000	32.145617	-36.878083	0.000000	
952.600000	32.147422	-36.853150	0.000000	
952.650000	32.149247	-36.828218	0.000000	
952.700000	32.151114	-36.803290	0.000000	
952.750000	32.153054	-36.778368	0.000000	
952.800000	32.155054	-36.753451	0.000000	
952.850000	32.157137	-36.728542	0.000000	
952.900000	32.159298	-36.703641	0.000000	
952.950000	32.161546	-36.678748	0.000000	
953.000000	32.163868	-36.653864	0.000000	
953.050000	32.166253	-36.628985	0.000000	
953.100000	32.168699	-36.604113	0.000000	
953.150000	32.171190	-36.579244	0.000000	
953.200000	32.173720	-36.554379	0.000000	
953.250000	32.176278	-36.529515	0.000000	
953.300000	32.178801	-36.504649	0.000000	
953.350000	32.181266	-36.479781	0.000000	
953.400000	32.183613	-36.454908	0.000000	
953.450000	32.185806	-36.430030	0.000000	
953.500000	32.187817	-36.405152	0.000000	
953.550000	32.189593	-36.380278	0.000000	
953.600000	32.191067	-36.355416	0.000000	
953.650000	32.192201	-36.330573	0.000000	
953.700000	32.192934	-36.305760	0.000000	
953.750000	32.193202	-36.280993	0.000000	
953.800000	32.192970	-36.256275	0.000000	
953.850000	32.192192	-36.231625	0.000000	
953.900000	32.190804	-36.207059	0.000000	
953.950000	32.188777	-36.182584	0.000000	
954.000000	32.186086	-36.158206	0.000000	
954.050000	32.182697	-36.133942	0.000000	
954.100000	32.178607	-36.109807	0.000000	
954.150000	32.173809	-36.085803	0.000000	
954.200000	32.168320	-36.061938	0.000000	
954.250000	32.162145	-36.038215	0.000000	
954.300000	32.155296	-36.014634	0.000000	
954.350000	32.147803	-35.991209	0.000000	
954.400000	32.139665	-35.967952	0.000000	
954.450000	32.130920	-35.944871	0.000000	
954.500000	32.121585	-35.921972	0.000000	
954.550000	32.111689	-35.899260	0.000000	
954.600000	32.101276	-35.876737	0.000000	
954.650000	32.090391	-35.854404	0.000000	
954.700000	32.079063	-35.832259	0.000000	
954.750000	32.067362	-35.810280	0.000000	
954.800000	32.055339	-35.788455	0.000000	
954.850000	32.043014	-35.766777	0.000000	
954.900000	32.030447	-35.745221	0.000000	
954.950000	32.017699	-35.723761	0.000000	
955.000000	32.004781	-35.702394	0.000000	
955.050000	31.991720	-35.681104	0.000000	
955.100000	31.978555	-35.659873	0.000000	
955.150000	31.965293	-35.638699	0.000000	
955.200000	31.951941	-35.617579	0.000000	
955.250000	31.938490	-35.596519	0.000000	
955.300000	31.924954	-35.575510	0.000000	
955.350000	31.911341	-35.554547	0.000000	
955.400000	31.897679	-35.533614	0.000000	
955.450000	31.883998	-35.512693	0.000000	
955.500000	31.870300	-35.491782	0.000000	
955.550000	31.856584	-35.470883	0.000000	
955.600000	31.842879	-35.449977	0.000000	
955.650000	31.829208	-35.429048	0.000000	
955.700000	31.815576	-35.408095	0.000000	
955.750000	31.801980	-35.387118	0.000000	
955.800000	31.788397	-35.366132	0.000000	
955.850000	31.774813	-35.345147	0.000000	
955.900000	31.761219	-35.324168	0.000000	
955.950000	31.747590	-35.303215	0.000000	
956.000000	31.733925	-35.282284	0.000000	
956.050000	31.720235	-35.261371	0.000000	
956.100000	31.706497	-35.240489	0.000000	
956.150000	31.692713	-35.219639	0.000000	
956.200000	31.678888	-35.198816	0.000000	
956.250000	31.665039	-35.178010	0.000000	
956.300000	31.651176	-35.157213	0.000000	
956.350000	31.637288	-35.136433	0.000000	
956.400000	31.623381	-35.115666	0.000000	
956.450000	31.609446	-35.094917	0.000000	
956.500000	31.595486	-35.074185	0.000000	
956.550000	31.581496	-35.053472	0.000000	
956.600000	31.567485	-35.032773	0.000000	
956.650000	31.553432	-35.012101	0.000000	
956.700000	31.539323	-34.991467	0.000000	
956.750000	31.525154	-34.970873	0.000000	
956.800000	31.510931	-34.950315	0.000000	
956.850000	31.496669	-34.929783	0.000000	
956.900000	31.482379	-34.909272	0.000000	
956.950000	31.468075	-34.888770	0.000000	
957.000000	31.453783	-34.868259	0.000000	
957.050000	31.439493	-34.847748	0.000000	
957.100000	31.425208	-34.827232	0.000000	
957.150000	31.410947	-34.806701	0.000000	
957.200000	31.396693	-34.786164	0.000000	
957.250000	31.382444	-34.765624	0.000000	
957.300000	31.368200	-34.745081	0.000000	
957.350000	31.353963	-34.724532	0.000000	
957.400000	31.339746	-34.703970	0.000000	
957.450000	31.325551	-34.683393	0.000000	
957.500000	31.311380	-34.662801	0.000000	
957.550000	31.297211	-34.642207	0.000000	
957.600000	31.283069	-34.621595	0.000000	
957.650000	31.268954	-34.600966	0.000000	
957.700000	31.254871	-34.580314	0.000000	
957.750000	31.240833	-34.559634	0.000000	
957.800000	31.226860	-34.538910	0.000000	
957.850000	31.212959	-34.518139	0.000000	
957.900000	31.199132	-34.497318	0.000000	
957.950000	31.185395	-34.476439	0.000000	
958.000000	31.171761	-34.455494	0.000000	
958.050000	31.158206	-34.434498	0.000000	
958.100000	31.144728	-34.413454	0.000000	
958.150000	31.131337	-34.392355	0.000000	
958.200000	31.118027	-34.371207	0.000000	
958.250000	31.104803	-34.350004	0.000000	
958.300000	31.091669	-34.328744	0.000000	
958.350000	31.078608	-34.307438	0.000000	
958.400000	31.065609	-34.286091	0.000000	
958.450000	31.052665	-34.264710	0.000000	
958.500000	31.039771	-34.243299	0.000000	
958.550000	31.026923	-34.221859	0.000000	
958.600000	31.014150	-34.200374	0.000000	
958.650000	31.001431	-34.178857	0.000000	
958.700000	30.988779	-34.157299	0.000000	
958.750000	30.976192	-34.135702	0.000000	
958.800000	30.963659	-34.114073	0.000000	
958.850000	30.951180	-34.092413	0.000000	
958.900000	30.938737	-34.070731	0.000000	
958.950000	30.926338	-34.049024	0.000000	
959.000000	30.913969	-34.027300	0.000000	
959.050000	30.901617	-34.005566	0.000000	
959.100000	30.889279	-33.983825	0.000000	
959.150000	30.876953	-33.962076	0.000000	
959.200000	30.864620	-33.940332	0.000000	
959.250000	30.852282	-33.918590	0.000000	
959.300000	30.839933	-33.896855	0.000000	
959.350000	30.827592	-33.875115	0.000000	
959.400000	30.815271	-33.853363	0.000000	
959.450000	30.802984	-33.831592	0.000000	
959.500000	30.790736	-33.809799	0.000000	
959.550000	30.778523	-33.787986	0.000000	
959.600000	30.766353	-33.766150	0.000000	
959.650000	30.754199	-33.744305	0.000000	
959.700000	30.742081	-33.722440	0.000000	
959.750000	30.729980	-33.700566	0.000000	
959.800000	30.717907	-33.678677	0.000000	
959.850000	30.705867	-33.656770	0.000000	
959.900000	30.693847	-33.634852	0.000000	
959.950000	30.681865	-33.612914	0.000000	
960.000000	30.669904	-33.590964	0.000000	
960.050000	30.657954	-33.569009	0.000000	
960.100000	30.646007	-33.547052	0.000000	
960.150000	30.634088	-33.525079	0.000000	
960.200000	30.622192	-33.503094	0.000000	
960.250000	30.610315	-33.481098	0.000000	
960.300000	30.598445	-33.459098	0.000000	
960.350000	30.586591	-33.437089	0.000000	
960.400000	30.574742	-33.415078	0.000000	
960.450000	30.562879	-33.393073	0.000000	
960.500000	30.550990	-33.371085	0.000000	
960.550000	30.539049	-33.349126	0.000000	
960.600000	30.527060	-33.327194	0.000000	
960.650000	30.514997	-33.305305	0.000000	
960.700000	30.502882	-33.283444	0.000000	
960.750000	30.490693	-33.261627	0.000000	
960.800000	30.478437	-33.239848	0.000000	
960.850000	30.466124	-33.218100	0.000000	
960.900000	30.453761	-33.196380	0.000000	
960.950000	30.441359	-33.174682	0.000000	
961.000000	30.428907	-33.153011	0.000000	
961.050000	30.416407	-33.131366	0.000000	
961.100000	30.403882	-33.109735	0.000000	
961.150000	30.391354	-33.088107	0.000000	
961.200000	30.378808	-33.066487	0.000000	
961.250000	30.366251	-33.044874	0.000000	
961.300000	30.353685	-33.023265	0.000000	
961.350000	30.341105	-33.001665	0.000000	
961.400000	30.328519	-32.980068	0.000000	
961.450000	30.315916	-32.958481	0.000000	
961.500000	30.303313	-32.936894	0.000000	
961.550000	30.290719	-32.915301	0.000000	
961.600000	30.278150	-32.893694	0.000000	
961.650000	30.265593	-32.872080	0.000000	
961.700000	30.253065	-32.850448	0.000000	
961.750000	30.240564	-32.828800	0.000000	
961.800000	30.228098	-32.807132	0.000000	
961.850000	30.215679	-32.785436	0.000000	
961.900000	30.203279	-32.763729	0.000000	
961.950000	30.190893	-32.742014	0.000000	
962.000000	30.178503	-32.720301	0.000000	
962.050000	30.166118	-32.698585	0.000000	
962.100000	30.153755	-32.676857	0.000000	
962.150000	30.141415	-32.655116	0.000000	
962.200000	30.129070	-32.633377	0.000000	
962.250000	30.116734	-32.611635	0.000000	
962.300000	30.104394	-32.589894	0.000000	
962.350000	30.092049	-32.568156	0.000000	
962.400000	30.079705	-32.546417	0.000000	
962.450000	30.067369	-32.524674	0.000000	
962.500000	30.055064	-32.502913	0.000000	
962.550000	30.042774	-32.481144	0.000000	
962.600000	30.030505	-32.459363	0.000000	
962.650000	30.018243	-32.437578	0.000000	
962.700000	30.005992	-32.415786	0.000000	
962.750000	29.993756	-32.393986	0.000000	
962.800000	29.981513	-32.372190	0.000000	
962.850000	29.969281	-32.350388	0.000000	
962.900000	29.957056	-32.328582	0.000000	
962.950000	29.944838	-32.306772	0.000000	
963.000000	29.932626	-32.284959	0.000000	
963.050000	29.920430	-32.263136	0.000000	
963.100000	29.908250	-32.241305	0.000000	
963.150000	29.896062	-32.219478	0.000000	
963.200000	29.883845	-32.197668	0.000000	
963.250000	29.871615	-32.175864	0.000000	
963.300000	29.859362	-32.154073	0.000000	
963.350000	29.847109	-32.132283	0.000000	
963.400000	29.834861	-32.110489	0.000000	
963.450000	29.822632	-32.088685	0.000000	
963.500000	29.810400	-32.066882	0.000000	
963.550000	29.798140	-32.045096	0.000000	
963.600000	29.785850	-32.023326	0.000000	
963.650000	29.773525	-32.001577	0.000000	
963.700000	29.761172	-31.979844	0.000000	
963.750000	29.748784	-31.958132	0.000000	
963.800000	29.736342	-31.936451	0.000000	
963.850000	29.723876	-31.914786	0.000000	
963.900000	29.711369	-31.893144	0.000000	
963.950000	29.698797	-31.871540	0.000000	
964.000000	29.686172	-31.849968	0.000000	
964.050000	29.673489	-31.828431	0.000000	
964.100000	29.660742	-31.806932	0.000000	
964.150000	29.647941	-31.785465	0.000000	
964.200000	29.635087	-31.764029	0.000000	
964.250000	29.622187	-31.742621	0.000000	
964.300000	29.609246	-31.721238	0.000000	
964.350000	29.596250	-31.699888	0.000000	
964.400000	29.583193	-31.678575	0.000000	
964.450000	29.570066	-31.657304	0.000000	
964.500000	29.556856	-31.636084	0.000000	
964.550000	29.543563	-31.614915	0.000000	
964.600000	29.530190	-31.593796	0.000000	
964.650000	29.516735	-31.572731	0.000000	
964.700000	29.503199	-31.551720	0.000000	
964.750000	29.489590	-31.530755	0.000000	
964.800000	29.475916	-31.509834	0.000000	
964.850000	29.462188	-31.488949	0.000000	
964.900000	29.448404	-31.468101	0.000000	
964.950000	29.434553	-31.447297	0.000000	
965.000000	29.420657	-31.426523	0.000000	
965.050000	29.406719	-31.405777	0.000000	
965.100000	29.392750	-31.385050	0.000000	
965.150000	29.378746	-31.364348	0.000000	
965.200000	29.364695	-31.343676	0.000000	
965.250000	29.350617	-31.323022	0.000000	
965.300000	29.336523	-31.302378	0.000000	
965.350000	29.322413	-31.281744	0.000000	
965.400000	29.308291	-31.261119	0.000000	
965.450000	29.294149	-31.240506	0.000000	
965.500000	29.279992	-31.219903	0.000000	
965.550000	29.265818	-31.199311	0.000000	
965.600000	29.251627	-31.178732	0.000000	
965.650000	29.237424	-31.158161	0.000000	
965.700000	29.223216	-31.137594	0.000000	
965.750000	29.209015	-31.117021	0.000000	
965.800000	29.194812	-31.096450	0.000000	
965.850000	29.180611	-31.075878	0.000000	
965.900000	29.166394	-31.055317	0.000000	
965.950000	29.152145	-31.034779	0.000000	
966.000000	29.137887	-31.014247	0.000000	
966.050000	29.123604	-30.993734	0.000000	
966.100000	29.109288	-30.973244	0.000000	
966.150000	29.094933	-30.952782	0.000000	
966.200000	29.080543	-30.932345	0.000000	
966.250000	29.066105	-30.911942	0.000000	
966.300000	29.051615	-30.891578	0.000000	
966.350000	29.037057	-30.871261	0.000000	
966.400000	29.022425	-30.850996	0.000000	
966.450000	29.007732	-30.830775	0.000000	
966.500000	28.992980	-30.810596	0.000000	
966.550000	28.978179	-30.790452	0.000000	
966.600000	28.963338	-30.770337	0.000000	
966.650000	28.948472	-30.750240	0.000000	
966.700000	28.933594	-30.730150	0.000000	
966.750000	28.918716	-30.710062	0.000000	
966.800000	28.903818	-30.689988	0.000000	
966.850000	28.888913	-30.669918	0.000000	
966.900000	28.873996	-30.649858	0.000000	
966.950000	28.859092	-30.629788	0.000000	
967.000000	28.844198	-30.609711	0.000000	
967.050000	28.829289	-30.589644	0.000000	
967.100000	28.814369	-30.569587	0.000000	
967.150000	28.799431	-30.549542	0.000000	
967.200000	28.784485	-30.529504	0.000000	
967.250000	28.769535	-30.509468	0.000000	
967.300000	28.754594	-30.489426	0.000000	
967.350000	28.739666	-30.469374	0.000000	
967.400000	28.724745	-30.449316	0.000000	
967.450000	28.709837	-30.429250	0.000000	
967.500000	28.694925	-30.409186	0.000000	
967.550000	28.680020	-30.389116	0.000000	
967.600000	28.665121	-30.369042	0.000000	
967.650000	28.650220	-30.348970	0.000000	
967.700000	28.635304	-30.328909	0.000000	
967.750000	28.620365	-30.308865	0.000000	
967.800000	28.605393	-30.288846	0.000000	
967.850000	28.590394	-30.268848	0.000000	
967.900000	28.575344	-30.248888	0.000000	
967.950000	28.560263	-30.228951	0.000000	
968.000000	28.545143	-30.209044	0.000000	
968.050000	28.529982	-30.189167	0.000000	
968.100000	28.514802	-30.169305	0.000000	
968.150000	28.499606	-30.149456	0.000000	
968.200000	28.484402	-30.129612	0.000000	
968.250000	28.469182	-30.109781	0.000000	
968.300000	28.453940	-30.089967	0.000000	
968.350000	28.438684	-30.070164	0.000000	
968.400000	28.423390	-30.050389	0.000000	
968.450000	28.408072	-30.030633	0.000000	
968.500000	28.392727	-30.010899	0.000000	
968.550000	28.377354	-29.991185	0.000000	
968.600000	28.361942	-29.971502	0.000000	
968.650000	28.346498	-29.951845	0.000000	
968.700000	28.331035	-29.932201	0.000000	
968.750000	28.315552	-29.912573	0.000000	
968.800000	28.300058	-29.892955	0.000000	
968.850000	28.284543	-29.873352	0.000000	
968.900000	28.269019	-29.853757	0.000000	
968.950000	28.253503	-29.834155	0.000000	
969.000000	28.237996	-29.814546	0.000000	
969.050000	28.222506	-29.794924	0.000000	
969.100000	28.207032	-29.775290	0.000000	
969.150000	28.191567	-29.755649	0.000000	
969.200000	28.176130	-29.735987	0.000000	
969.250000	28.160710	-29.716311	0.000000	
969.300000	28.145298	-29.696630	0.000000	
969.350000	28.129903	-29.676934	0.000000	
969.400000	28.114511	-29.657237	0.000000	
969.450000	28.099119	-29.637540	0.000000	
969.500000	28.083725	-29.617844	0.000000	
969.550000	28.068339	-29.598142	0.000000	
969.600000	28.052974	-29.578424	0.000000	
969.650000	28.037638	-29.558683	0.000000	
969.700000	28.022315	-29.538931	0.000000	
969.750000	28.006988	-29.519182	0.000000	
969.800000	27.991664	-29.499431	0.000000	
969.850000	27.976324	-29.479694	0.000000	
969.900000	27.960968	-29.459969	0.000000	
969.950000	27.945604	-29.440250	0.000000	
970.000000	27.930216	-29.420551	0.000000	
970.050000	27.914780	-29.400891	0.000000	
970.100000	27.899291	-29.381273	0.000000	
970.150000	27.883765	-29.361685	0.000000	
970.200000	27.868199	-29.342128	0.000000	
970.250000	27.852583	-29.322611	0.000000	
970.300000	27.836913	-29.303135	0.000000	
970.350000	27.821199	-29.283697	0.000000	
970.400000	27.805428	-29.264304	0.000000	
970.450000	27.789616	-29.244945	0.000000	
970.500000	27.773773	-29.225611	0.000000	
970.550000	27.757893	-29.206307	0.000000	
970.600000	27.741969	-29.187040	0.000000	
970.650000	27.725989	-29.167820	0.000000	
970.700000	27.709948	-29.148648	0.000000	
970.750000	27.693848	-29.129526	0.000000	
970.800000	27.677689	-29.110453	0.000000	
970.850000	27.661471	-29.091431	0.000000	
970.900000	27.645206	-29.072449	0.000000	
970.950000	27.628904	-29.053500	0.000000	
971.000000	27.612544	-29.034601	0.000000	
971.050000	27.596141	-29.015739	0.000000	
971.100000	27.579711	-28.996901	0.000000	
971.150000	27.563245	-28.978095	0.000000	
971.200000	27.546726	-28.959335	0.000000	
971.250000	27.530162	-28.940615	0.000000	
971.300000	27.513558	-28.921930	0.000000	
971.350000	27.496908	-28.903285	0.000000	
971.400000	27.480211	-28.884683	0.000000	
971.450000	27.463479	-28.866112	0.000000	
971.500000	27.446711	-28.847572	0.000000	
971.550000	27.429913	-28.829060	0.000000	
971.600000	27.413090	-28.810570	0.000000	
971.650000	27.396233	-28.792110	0.000000	
971.700000	27.379346	-28.773677	0.000000	
971.750000	27.362419	-28.755280	0.000000	
971.800000	27.345467	-28.736906	0.000000	
971.850000	27.328495	-28.718551	0.000000	
971.900000	27.311513	-28.700205	0.000000	
971.950000	27.294527	-28.681863	0.000000	
972.000000	27.277548	-28.663514	0.000000	
972.050000	27.260581	-28.645154	0.000000	
972.100000	27.243617	-28.626792	0.000000	
972.150000	27.226642	-28.608439	0.000000	
972.200000	27.209669	-28.590086	0.000000	
972.250000	27.192721	-28.571709	0.000000	
972.300000	27.175786	-28.553320	0.000000	
972.350000	27.158868	-28.534916	0.000000	
972.400000	27.141966	-28.516498	0.000000	
972.450000	27.125084	-28.498060	0.000000	
972.500000	27.108222	-28.479606	0.000000	
972.550000	27.091383	-28.461130	0.000000	
972.600000	27.074578	-28.442624	0.000000	
972.650000	27.057809	-28.424087	0.000000	
972.700000	27.041079	-28.405515	0.000000	
972.750000	27.024397	-28.386900	0.000000	
972.800000	27.007771	-28.368235	0.000000	
972.850000	26.991195	-28.349526	0.000000	
972.900000	26.974676	-28.330766	0.000000	
972.950000	26.958206	-28.311964	0.000000	
973.000000	26.941776	-28.293126	0.000000	
973.050000	26.925385	-28.274254	0.000000	
973.100000	26.909042	-28.255342	0.000000	
973.150000	26.892750	-28.236386	0.000000	
973.200000	26.876530	-28.217368	0.000000	
973.250000	26.860362	-28.198306	0.000000	
973.300000	26.844239	-28.179206	0.000000	
973.350000	26.828171	-28.160059	0.000000	
973.400000	26.812130	-28.140889	0.000000	
973.450000	26.796123	-28.121691	0.000000	
973.500000	26.780127	-28.102482	0.000000	
973.550000	26.764134	-28.083271	0.000000	
973.600000	26.748120	-28.064078	0.000000	
973.650000	26.732055	-28.044931	0.000000	
973.700000	26.715907	-28.025861	0.000000	
973.750000	26.699647	-28.006900	0.000000	
973.800000	26.683240	-27.988086	0.000000	
973.850000	26.666665	-27.969445	0.000000	
973.900000	26.649909	-27.950994	0.000000	
973.950000	26.632935	-27.932778	0.000000	
974.000000	26.615738	-27.914813	0.000000	
974.050000	26.598289	-27.897138	0.000000	
974.100000	26.580571	-27.879778	0.000000	
974.150000	26.562567	-27.862752	0.000000	
974.200000	26.544268	-27.846081	0.000000	
974.250000	26.525649	-27.829798	0.000000	
974.300000	26.506718	-27.813901	0.000000	
974.350000	26.487459	-27.798417	0.000000	
974.400000	26.467857	-27.783367	0.000000	
974.450000	26.447921	-27.768757	0.000000	
974.500000	26.427648	-27.754610	0.000000	
974.550000	26.407049	-27.740932	0.000000	
974.600000	26.386119	-27.727743	0.000000	
974.650000	26.364873	-27.715025	0.000000	
974.700000	26.343335	-27.702748	0.000000	
974.750000	26.321538	-27.690872	0.000000	
974.800000	26.299511	-27.679374	0.000000	
974.850000	26.277285	-27.668210	0.000000	
974.900000	26.254883	-27.657358	0.000000	
974.950000	26.232312	-27.646808	0.000000	
975.000000	26.209608	-27.636509	0.000000	
975.050000	26.186789	-27.626427	0.000000	
975.100000	26.163883	-27.616518	0.000000	
975.150000	26.140902	-27.606759	0.000000	
975.200000	26.117858	-27.597125	0.000000	
975.250000	26.094769	-27.587584	0.000000	
975.300000	26.071653	-27.578098	0.000000	
975.350000	26.048512	-27.568666	0.000000	
975.400000	26.025359	-27.559259	0.000000	
975.450000	26.002195	-27.549876	0.000000	
975.500000	25.979024	-27.540509	0.000000	
975.550000	25.955860	-27.531125	0.000000	
975.600000	25.932719	-27.521686	0.000000	
975.650000	25.909612	-27.512162	0.000000	
975.700000	25.886535	-27.502564	0.000000	
975.750000	25.863490	-27.492889	0.000000	
975.800000	25.840475	-27.483145	0.000000	
975.850000	25.817496	-27.473315	0.000000	
975.900000	25.794556	-27.463395	0.000000	
975.950000	25.771650	-27.453395	0.000000	
976.000000	25.748787	-27.443296	0.000000	
976.050000	25.725965	-27.433103	0.000000	
976.100000	25.703183	-27.422821	0.000000	
976.150000	25.680442	-27.412449	0.000000	
976.200000	25.657739	-27.401996	0.000000	
976.250000	25.635066	-27.391477	0.000000	
976.300000	25.612415	-27.380912	0.000000	
976.350000	25.589778	-27.370316	0.000000	
976.400000	25.567159	-27.359681	0.000000	
976.450000	25.544554	-27.349017	0.000000	
976.500000	25.521964	-27.338321	0.000000	
976.550000	25.499387	-27.327592	0.000000	
976.600000	25.476817	-27.316850	0.000000	
976.650000	25.454250	-27.306101	0.000000	
976.700000	25.431676	-27.295366	0.000000	
976.750000	25.409104	-27.284629	0.000000	
976.800000	25.386525	-27.273905	0.000000	
976.850000	25.363943	-27.263190	0.000000	
976.900000	25.341348	-27.252500	0.000000	
976.950000	25.318732	-27.241859	0.000000	
977.000000	25.296094	-27.231268	0.000000	
977.050000	25.273421	-27.220753	0.000000	
977.100000	25.250709	-27.210328	0.000000	
977.150000	25.227960	-27.199986	0.000000	
977.200000	25.205172	-27.189727	0.000000	
977.250000	25.182350	-27.179543	0.000000	
977.300000	25.159495	-27.169428	0.000000	
977.350000	25.136608	-27.159385	0.000000	
977.400000	25.113691	-27.149411	0.000000	
977.450000	25.090747	-27.139494	0.000000	
977.500000	25.067780	-27.129628	0.000000	
977.550000	25.044800	-27.119789	0.000000	
977.600000	25.021810	-27.109974	0.000000	
977.650000	24.998814	-27.100174	0.000000	
977.700000	24.975814	-27.090381	0.000000	
977.750000	24.952814	-27.080588	0.000000	
977.800000	24.929809	-27.070809	0.000000	
977.850000	24.906794	-27.061050	0.000000	
977.900000	24.883766	-27.051322	0.000000	
977.950000	24.860724	-27.041626	0.000000	
978.000000	24.837671	-27.031958	0.000000	
978.050000	24.814614	-27.022300	0.000000	
978.100000	24.791560	-27.012633	0.000000	
978.150000	24.768513	-27.002950	0.000000	
978.200000	24.745470	-26.993256	0.000000	
978.250000	24.722430	-26.983554	0.000000	
978.300000	24.699392	-26.973850	0.000000	
978.350000	24.676354	-26.964145	0.000000	
978.400000	24.653327	-26.954413	0.000000	
978.450000	24.630304	-26.944671	0.000000	
978.500000	24.607277	-26.934941	0.000000	
978.550000	24.584241	-26.925231	0.000000	
978.600000	24.561187	-26.915564	0.000000	
978.650000	24.538126	-26.905913	0.000000	
978.700000	24.515058	-26.896280	0.000000	
978.750000	24.491977	-26.886677	0.000000	
978.800000	24.468888	-26.877093	0.000000	
978.850000	24.445795	-26.867518	0.000000	
978.900000	24.422703	-26.857940	0.000000	
978.950000	24.399621	-26.848340	0.000000	
979.000000	24.376551	-26.838712	0.000000	
979.050000	24.353495	-26.829051	0.000000	
979.100000	24.330455	-26.819352	0.000000	
979.150000	24.307424	-26.809630	0.000000	
979.200000	24.284399	-26.799895	0.000000	
979.250000	24.261372	-26.790164	0.000000	
979.300000	24.238341	-26.780443	0.000000	
979.350000	24.215311	-26.770720	0.000000	
979.400000	24.192283	-26.760991	0.000000	
979.450000	24.169253	-26.751269	0.000000	
979.500000	24.146222	-26.741547	0.000000	
979.550000	24.123189	-26.731833	0.000000	
979.600000	24.100153	-26.722123	0.000000	
979.650000	24.077114	-26.712422	0.000000	
979.700000	24.054060	-26.702760	0.000000	
979.750000	24.030993	-26.693130	0.000000	
979.800000	24.007921	-26.683514	0.000000	
979.850000	23.984836	-26.673930	0.000000	
979.900000	23.961727	-26.664405	0.000000	
979.950000	23.938592	-26.654951	0.000000	
980.000000	23.915423	-26.645579	0.000000	
980.050000	23.892220	-26.636294	0.000000	
980.100000	23.868989	-26.627082	0.000000	
980.150000	23.845729	-26.617937	0.000000	
980.200000	23.822453	-26.608834	0.000000	
980.250000	23.799169	-26.599748	0.000000	
980.300000	23.775879	-26.590678	0.000000	
980.350000	23.752587	-26.581612	0.000000	
980.400000	23.729282	-26.572579	0.000000	
980.450000	23.705964	-26.563576	0.000000	
980.500000	23.682627	-26.554622	0.000000	
980.550000	23.659268	-26.545722	0.000000	
980.600000	23.635898	-26.536850	0.000000	
980.650000	23.612514	-26.528016	0.000000	
980.700000	23.589115	-26.519223	0.000000	
980.750000	23.565709	-26.510448	0.000000	
980.800000	23.542302	-26.501678	0.000000	
980.850000	23.518893	-26.492911	0.000000	
980.900000	23.495487	-26.484136	0.000000	
980.950000	23.472085	-26.475351	0.000000	
981.000000	23.448694	-26.466537	0.000000	
981.050000	23.425309	-26.457705	0.000000	
981.100000	23.401934	-26.448844	0.000000	
981.150000	23.378560	-26.439982	0.000000	
981.200000	23.355178	-26.431143	0.000000	
981.250000	23.331781	-26.422343	0.000000	
981.300000	23.308365	-26.413594	0.000000	
981.350000	23.284928	-26.404901	0.000000	
981.400000	23.261467	-26.396273	0.000000	
981.450000	23.237984	-26.387706	0.000000	
981.500000	23.214477	-26.379204	0.000000	
981.550000	23.190954	-26.370747	0.000000	
981.600000	23.167423	-26.362313	0.000000	
981.650000	23.143877	-26.353922	0.000000	
981.700000	23.120317	-26.345572	0.000000	
981.750000	23.096747	-26.337250	0.000000	
981.800000	23.073165	-26.328965	0.000000	
981.850000	23.049561	-26.320744	0.000000	
981.900000	23.025933	-26.312591	0.000000	
981.950000	23.002285	-26.304497	0.000000	
982.000000	22.978617	-26.296458	0.000000	
982.050000	22.954925	-26.288490	0.000000	
982.100000	22.931207	-26.280597	0.000000	
982.150000	22.907465	-26.272776	0.000000	
982.200000	22.883706	-26.265003	0.000000	
982.250000	22.859932	-26.257278	0.000000	
982.300000	22.836149	-26.249581	0.000000	
982.350000	22.812350	-26.241930	0.000000	
982.400000	22.788537	-26.234323	0.000000	
982.450000	22.764714	-26.226750	0.000000	
982.500000	22.740887	-26.219185	0.000000	
982.550000	22.717056	-26.211636	0.000000	
982.600000	22.693215	-26.204114	0.000000	
982.650000	22.669359	-26.196643	0.000000	
982.700000	22.645484	-26.189230	0.000000	
982.750000	22.621593	-26.181877	0.000000	
982.800000	22.597682	-26.174590	0.000000	
982.850000	22.573751	-26.167373	0.000000	
982.900000	22.549806	-26.160208	0.000000	
982.950000	22.525842	-26.153106	0.000000	
983.000000	22.501853	-26.146095	0.000000	
983.050000	22.477842	-26.139158	0.000000	
983.100000	22.453817	-26.132275	0.000000	
983.150000	22.429781	-26.125426	0.000000	
983.200000	22.405732	-26.118627	0.000000	
983.250000	22.381666	-26.111883	0.000000	
983.300000	22.357592	-26.105170	0.000000	
983.350000	22.333504	-26.098503	0.000000	
983.400000	22.309406	-26.091870	0.000000	
983.450000	22.285305	-26.085244	0.000000	
983.500000	22.261195	-26.078655	0.000000	
983.550000	22.237071	-26.072108	0.000000	
983.600000	22.212941	-26.065583	0.000000	
983.650000	22.188804	-26.059077	0.000000	
983.700000	22.164664	-26.052585	0.000000	
983.750000	22.140526	-26.046088	0.000000	
983.800000	22.116395	-26.039562	0.000000	
983.850000	22.092279	-26.032982	0.000000	
983.900000	22.068176	-26.026358	0.000000	
983.950000	22.044081	-26.019703	0.000000	
984.000000	22.019998	-26.013006	0.000000	
984.050000	21.995924	-26.006270	0.000000	
984.100000	21.971857	-25.999512	0.000000	
984.150000	21.947792	-25.992743	0.000000	
984.200000	21.923723	-25.985991	0.000000	
984.250000	21.899651	-25.979252	0.000000	
984.300000	21.875576	-25.972522	0.000000	
984.350000	21.851493	-25.965825	0.000000	
984.400000	21.827402	-25.959159	0.000000	
984.450000	21.803300	-25.952535	0.000000	
984.500000	21.779180	-25.945976	0.000000	
984.550000	21.755053	-25.939450	0.000000	
984.600000	21.730917	-25.932953	0.000000	
984.650000	21.706775	-25.926481	0.000000	
984.700000	21.682627	-25.920028	0.000000	
984.750000	21.658478	-25.913577	0.000000	
984.800000	21.634325	-25.907142	0.000000	
984.850000	21.610166	-25.900729	0.000000	
984.900000	21.586000	-25.894342	0.000000	
984.950000	21.561830	-25.887965	0.000000	
985.000000	21.537655	-25.881609	0.000000	
985.050000	21.513471	-25.875283	0.000000	
985.100000	21.489286	-25.868960	0.000000	
985.150000	21.465109	-25.862612	0.000000	
985.200000	21.440942	-25.856226	0.000000	
985.250000	21.416785	-25.849802	0.000000	
985.300000	21.392640	-25.843336	0.000000	
985.350000	21.368500	-25.836848	0.000000	
985.400000	21.344368	-25.830332	0.000000	
985.450000	21.320238	-25.823809	0.000000	
985.500000	21.296111	-25.817270	0.000000	
985.550000	21.271988	-25.810714	0.000000	
985.600000	21.247869	-25.804145	0.000000	
985.650000	21.223752	-25.797568	0.000000	
985.700000	21.199632	-25.790999	0.000000	
985.750000	21.175516	-25.784420	0.000000	
985.800000	21.151395	-25.777854	0.000000	
985.850000	21.127271	-25.771306	0.000000	
985.900000	21.103137	-25.764791	0.000000	
985.950000	21.078994	-25.758316	0.000000	
986.000000	21.054835	-25.751900	0.000000	
986.050000	21.030663	-25.745537	0.000000	
986.100000	21.006479	-25.739221	0.000000	
986.150000	20.982279	-25.732972	0.000000	
986.200000	20.958056	-25.726819	0.000000	
986.250000	20.933806	-25.720769	0.000000	
986.300000	20.909532	-25.714813	0.000000	
986.350000	20.885241	-25.708930	0.000000	
986.400000	20.860935	-25.703106	0.000000	
986.450000	20.836615	-25.697337	0.000000	
986.500000	20.812286	-25.691611	0.000000	
986.550000	20.787946	-25.685926	0.000000	
986.600000	20.763596	-25.680288	0.000000	
986.650000	20.739234	-25.674706	0.000000	
986.700000	20.714856	-25.669186	0.000000	
986.750000	20.690465	-25.663725	0.000000	
986.800000	20.666055	-25.658341	0.000000	
986.850000	20.641632	-25.653008	0.000000	
986.900000	20.617199	-25.647724	0.000000	
986.950000	20.592755	-25.642485	0.000000	
987.000000	20.568300	-25.637298	0.000000	
987.050000	20.543838	-25.632142	0.000000	
987.100000	20.519374	-25.626994	0.000000	
987.150000	20.494912	-25.621842	0.000000	
987.200000	20.470452	-25.616676	0.000000	
987.250000	20.445999	-25.611480	0.000000	
987.300000	20.421551	-25.606261	0.000000	
987.350000	20.397111	-25.601006	0.000000	
987.400000	20.372679	-25.595715	0.000000	
987.450000	20.348254	-25.590398	0.000000	
987.500000	20.323832	-25.585064	0.000000	
987.550000	20.299412	-25.579723	0.000000	
987.600000	20.274995	-25.574368	0.000000	
987.650000	20.250582	-25.568992	0.000000	
987.700000	20.226171	-25.563612	0.000000	
987.750000	20.201761	-25.558220	0.000000	
987.800000	20.177351	-25.552835	0.000000	
987.850000	20.152938	-25.547460	0.000000	
987.900000	20.128519	-25.542114	0.000000	
987.950000	20.104095	-25.536796	0.000000	
988.000000	20.079664	-25.531515	0.000000	
988.050000	20.055228	-25.526257	0.000000	
988.100000	20.030789	-25.521020	0.000000	
988.150000	20.006340	-25.515831	0.000000	
988.200000	19.981880	-25.510700	0.000000	
988.250000	19.957410	-25.505615	0.000000	
988.300000	19.932928	-25.500590	0.000000	
988.350000	19.908434	-25.495626	0.000000	
988.400000	19.883928	-25.490716	0.000000	
988.450000	19.859409	-25.485864	0.000000	
988.500000	19.834880	-25.481059	0.000000	
988.550000	19.810346	-25.476274	0.000000	
988.600000	19.785810	-25.471502	0.000000	
988.650000	19.761270	-25.466742	0.000000	
988.700000	19.736732	-25.461977	0.000000	
988.750000	19.712200	-25.457186	0.000000	
988.800000	19.687673	-25.452369	0.000000	
988.850000	19.663154	-25.447517	0.000000	
988.900000	19.638645	-25.442621	0.000000	
988.950000	19.614150	-25.437664	0.000000	
989.000000	19.589670	-25.432633	0.000000	
989.050000	19.565212	-25.427498	0.000000	
989.100000	19.540772	-25.422283	0.000000	
989.150000	19.516345	-25.417003	0.000000	
989.200000	19.491932	-25.411657	0.000000	
989.250000	19.467528	-25.406262	0.000000	
989.300000	19.443128	-25.400846	0.000000	
989.350000	19.418736	-25.395392	0.000000	
989.400000	19.394348	-25.389914	0.000000	
989.450000	19.369960	-25.384437	0.000000	
989.500000	19.345568	-25.378983	0.000000	
989.550000	19.321167	-25.373573	0.000000	
989.600000	19.296758	-25.368211	0.000000	
989.650000	19.272340	-25.362892	0.000000	
989.700000	19.247915	-25.357606	0.000000	
989.750000	19.223479	-25.352374	0.000000	
989.800000	19.199029	-25.347214	0.000000	
989.850000	19.174563	-25.342133	0.000000	
989.900000	19.150078	-25.337149	0.000000	
989.950000	19.125577	-25.332243	0.000000	
990.000000	19.101056	-25.327432	0.000000	
990.050000	19.076515	-25.322721	0.000000	
990.100000	19.051948	-25.318141	0.000000	
990.150000	19.027359	-25.313668	0.000000	
990.200000	19.002749	-25.309302	0.000000	
990.250000	18.978121	-25.305040	0.000000	
990.300000	18.953476	-25.300867	0.000000	
990.350000	18.928818	-25.296777	0.000000	
990.400000	18.904144	-25.292779	0.000000	
990.450000	18.879456	-25.288864	0.000000	
990.500000	18.854758	-25.285014	0.000000	
990.550000	18.830052	-25.281219	0.000000	
990.600000	18.805340	-25.277461	0.000000	
990.650000	18.780620	-25.273756	0.000000	
990.700000	18.755893	-25.270101	0.000000	
990.750000	18.731157	-25.266501	0.000000	
990.800000	18.706411	-25.262961	0.000000	
990.850000	18.681657	-25.259479	0.000000	
990.900000	18.656894	-25.256064	0.000000	
990.950000	18.632123	-25.252717	0.000000	
991.000000	18.607341	-25.249449	0.000000	
991.050000	18.582551	-25.246240	0.000000	
991.100000	18.557754	-25.243079	0.000000	
991.150000	18.532953	-25.239950	0.000000	
991.200000	18.508145	-25.236875	0.000000	
991.250000	18.483333	-25.233831	0.000000	
991.300000	18.458516	-25.230825	0.000000	
991.350000	18.433693	-25.227868	0.000000	
991.400000	18.408865	-25.224959	0.000000	
991.450000	18.384033	-25.222090	0.000000	
991.500000	18.359197	-25.219245	0.000000	
991.550000	18.334358	-25.216433	0.000000	
991.600000	18.309515	-25.213654	0.000000	
991.650000	18.284668	-25.210911	0.000000	
991.700000	18.259817	-25.208210	0.000000	
991.750000	18.234961	-25.205541	0.000000	
991.800000	18.210099	-25.202932	0.000000	
991.850000	18.185233	-25.200359	0.000000	
991.900000	18.160362	-25.197836	0.000000	
991.950000	18.135486	-25.195359	0.000000	
992.000000	18.110608	-25.192932	0.000000	
992.050000	18.085724	-25.190567	0.000000	
992.100000	18.060834	-25.188284	0.000000	
992.150000	18.035936	-25.186113	0.000000	
992.200000	18.011031	-25.184052	0.000000	
992.250000	17.986119	-25.182098	0.000000	
992.300000	17.961199	-25.180294	0.000000	
992.350000	17.936272	-25.178644	0.000000	
992.400000	17.911341	-25.177168	0.000000	
992.450000	17.886408	-25.175874	0.000000	
992.500000	17.861472	-25.174781	0.000000	
992.550000	17.836535	-25.173924	0.000000	
992.600000	17.811600	-25.173324	0.000000	
992.650000	17.786668	-25.172987	0.000000	
992.700000	17.761742	-25.172941	0.000000	
992.750000	17.736826	-25.173197	0.000000	
992.800000	17.711921	-25.173769	0.000000	
992.850000	17.687029	-25.174655	0.000000	
992.900000	17.662154	-25.175877	0.000000	
992.950000	17.637297	-25.177423	0.000000	
993.000000	17.612464	-25.179299	0.000000	
993.050000	17.587658	-25.181495	0.000000	
993.100000	17.562880	-25.184017	0.000000	
993.150000	17.538133	-25.186858	0.000000	
993.200000	17.513414	-25.189988	0.000000	
993.250000	17.488724	-25.193408	0.000000	
993.300000	17.464061	-25.197099	0.000000	
993.350000	17.439427	-25.201047	0.000000	
993.400000	17.414826	-25.205243	0.000000	
993.450000	17.390255	-25.209649	0.000000	
993.500000	17.365714	-25.214265	0.000000	
993.550000	17.341202	-25.219061	0.000000	
993.600000	17.316711	-25.223999	0.000000	
993.650000	17.292237	-25.229039	0.000000	
993.700000	17.267775	-25.234156	0.000000	
993.750000	17.243323	-25.239336	0.000000	
993.800000	17.218878	-25.244547	0.000000	
993.850000	17.194437	-25.249788	0.000000	
993.900000	17.170002	-25.255058	0.000000	
993.950000	17.145572	-25.260350	0.000000	
994.000000	17.121141	-25.265642	0.000000	
994.050000	17.096711	-25.270934	0.000000	
994.100000	17.072277	-25.276214	0.000000	
994.150000	17.047840	-25.281473	0.000000	
994.200000	17.023400	-25.286726	0.000000	
994.250000	16.998961	-25.291977	0.000000	
994.300000	16.974524	-25.297241	0.000000	
994.350000	16.950090	-25.302515	0.000000	
994.400000	16.925651	-25.307767	0.000000	
994.450000	16.901205	-25.312990	0.000000	
994.500000	16.876756	-25.318202	0.000000	
994.550000	16.852304	-25.323398	0.000000	
994.600000	16.827848	-25.328577	0.000000	
994.650000	16.803392	-25.333753	0.000000	
994.700000	16.778934	-25.338925	0.000000	
994.750000	16.754476	-25.344092	0.000000	
994.800000	16.730014	-25.349238	0.000000	
994.850000	16.705546	-25.354354	0.000000	
994.900000	16.681071	-25.359425	0.000000	
994.950000	16.656583	-25.364426	0.000000	
995.000000	16.632081	-25.369344	0.000000	
995.050000	16.607568	-25.374194	0.000000	
995.100000	16.583039	-25.378953	0.000000	
995.150000	16.558493	-25.383614	0.000000	
995.200000	16.533931	-25.388179	0.000000	
995.250000	16.509350	-25.392634	0.000000	
995.300000	16.484748	-25.396970	0.000000	
995.350000	16.460122	-25.401173	0.000000	
995.400000	16.435475	-25.405246	0.000000	
995.450000	16.410811	-25.409214	0.000000	
995.500000	16.386127	-25.413057	0.000000	
995.550000	16.361422	-25.416776	0.000000	
995.600000	16.336696	-25.420376	0.000000	
995.650000	16.311952	-25.423859	0.000000	
995.700000	16.287190	-25.427244	0.000000	
995.750000	16.262415	-25.430553	0.000000	
995.800000	16.237633	-25.433816	0.000000	
995.850000	16.212847	-25.437058	0.000000	
995.900000	16.188058	-25.440279	0.000000	
995.950000	16.163266	-25.443483	0.000000	
996.000000	16.138473	-25.446670	0.000000	
996.050000	16.113675	-25.449833	0.000000	
996.100000	16.088874	-25.452958	0.000000	
996.150000	16.064070	-25.456060	0.000000	
996.200000	16.039264	-25.459153	0.000000	
996.250000	16.014458	-25.462242	0.000000	
996.300000	15.989651	-25.465323	0.000000	
996.350000	15.964846	-25.468423	0.000000	
996.400000	15.940046	-25.471553	0.000000	
996.450000	15.915252	-25.474738	0.000000	
996.500000	15.890466	-25.477972	0.000000	
996.550000	15.865689	-25.481274	0.000000	
996.600000	15.840917	-25.484619	0.000000	
996.650000	15.816149	-25.487989	0.000000	
996.700000	15.791384	-25.491389	0.000000	
996.750000	15.766621	-25.494803	0.000000	
996.800000	15.741860	-25.498228	0.000000	
996.850000	15.717097	-25.501639	0.000000	
996.900000	15.692332	-25.505036	0.000000	
996.950000	15.667567	-25.508437	0.000000	
997.000000	15.642803	-25.511837	0.000000	
997.050000	15.618039	-25.515246	0.000000	
997.100000	15.593279	-25.518683	0.000000	
997.150000	15.568524	-25.522162	0.000000	
997.200000	15.543773	-25.525668	0.000000	
997.250000	15.519024	-25.529189	0.000000	
997.300000	15.494276	-25.532726	0.000000	
997.350000	15.469530	-25.536277	0.000000	
997.400000	15.444785	-25.539833	0.000000	
997.450000	15.420040	-25.543386	0.000000	
997.500000	15.395294	-25.546934	0.000000	
997.550000	15.370545	-25.550461	0.000000	
997.600000	15.345790	-25.553953	0.000000	
997.650000	15.321034	-25.557432	0.000000	
997.700000	15.296277	-25.560906	0.000000	
997.750000	15.271521	-25.564391	0.000000	
997.800000	15.246769	-25.567899	0.000000	
997.850000	15.222020	-25.571425	0.000000	
997.900000	15.197275	-25.574983	0.000000	
997.950000	15.172535	-25.578565	0.000000	
998.000000	15.147798	-25.582172	0.000000	
998.050000	15.123068	-25.585821	0.000000	
998.100000	15.098346	-25.589522	0.000000	
998.150000	15.073634	-25.593282	0.000000	
998.200000	15.048931	-25.597096	0.000000	
998.250000	15.024239	-25.600976	0.000000	
998.300000	14.999559	-25.604934	0.000000	
998.350000	14.974890	-25.608951	0.000000	
998.400000	14.950232	-25.613042	0.000000	
998.450000	14.925584	-25.617188	0.000000	
998.500000	14.900944	-25.621383	0.000000	
998.550000	14.876309	-25.625611	0.000000	
998.600000	14.851680	-25.629872	0.000000	
998.650000	14.827055	-25.634165	0.000000	
998.700000	14.802433	-25.638480	0.000000	
998.750000	14.777813	-25.642804	0.000000	
998.800000	14.753192	-25.647121	0.000000	
998.850000	14.728569	-25.651430	0.000000	
998.900000	14.703945	-25.655727	0.000000	
998.950000	14.679319	-25.660017	0.000000	
999.000000	14.654690	-25.664282	0.000000	
999.050000	14.630055	-25.668515	0.000000	
999.100000	14.605413	-25.672700	0.000000	
999.150000	14.580760	-25.676809	0.000000	
999.200000	14.556094	-25.680838	0.000000	
999.250000	14.531416	-25.684787	0.000000	
999.300000	14.506726	-25.688667	0.000000	
999.350000	14.482025	-25.692478	0.000000	
999.400000	14.457315	-25.696236	0.000000	
999.450000	14.432595	-25.699935	0.000000	
999.500000	14.420245	-25.701852	0.000000	
999.550000	14.407889	-25.703733	0.000000	
999.600000	14.395526	-25.705573	0.000000	
999.650000	14.383159	-25.707381	0.000000	
999.700000	14.370788	-25.709167	0.000000	
999.750000	14.358414	-25.710932	0.000000	
999.800000	14.346039	-25.712689	0.000000	
999.850000	14.333663	-25.714442	0.000000	
999.900000	14.321284	-25.716167	0.000000	
999.950000	14.308902	-25.717872	0.000000	
