0.000000	28.561958	-40.322899	0.000000	
0.050000	28.636588	-40.330336	0.000000	
0.100000	28.711218	-40.337774	0.000000	
0.150000	28.785849	-40.345211	0.000000	
0.200000	28.860479	-40.352648	0.000000	
0.250000	28.935109	-40.360085	0.000000	
0.300000	29.009740	-40.367522	0.000000	
0.350000	29.084370	-40.374960	0.000000	
0.400000	29.159000	-40.382397	0.000000	
0.450000	29.233631	-40.389834	0.000000	
0.500000	29.308261	-40.397271	0.000000	
0.550000	29.382891	-40.404708	0.000000	
0.600000	29.457522	-40.412145	0.000000	
0.650000	29.532152	-40.419583	0.000000	
0.700000	29.606782	-40.427020	0.000000	
0.750000	29.681413	-40.434457	0.000000	
0.800000	29.756043	-40.441894	0.000000	
0.850000	29.830673	-40.449331	0.000000	
0.900000	29.905304	-40.456768	0.000000	
0.950000	29.979934	-40.464206	0.000000	
1.000000	30.054565	-40.471643	0.000000	
1.050000	30.129195	-40.479080	0.000000	
1.100000	30.203825	-40.486517	0.000000	
1.150000	30.278456	-40.493954	0.000000	
1.200000	30.353086	-40.501391	0.000000	
1.250000	30.427716	-40.508829	0.000000	
1.300000	30.502347	-40.516266	0.000000	
1.350000	30.576977	-40.523703	0.000000	
1.400000	30.651607	-40.531140	0.000000	
1.450000	30.726238	-40.538577	0.000000	
1.500000	30.800868	-40.546014	0.000000	
1.550000	30.875498	-40.553452	0.000000	
1.600000	30.950129	-40.560889	0.000000	
1.650000	31.024759	-40.568326	0.000000	
1.700000	31.099389	-40.575763	0.000000	
1.750000	31.174020	-40.583200	0.000000	
1.800000	31.248650	-40.590638	0.000000	
1.850000	31.323280	-40.598075	0.000000	
1.900000	31.397911	-40.605512	0.000000	
1.950000	31.472541	-40.612949	0.000000	
2.000000	31.547171	-40.620386	0.000000	
2.050000	31.621802	-40.627823	0.000000	
2.100000	31.696432	-40.635261	0.000000	
2.150000	31.771062	-40.642698	0.000000	
2.200000	31.845693	-40.650135	0.000000	
2.250000	31.920323	-40.657572	0.000000	
2.300000	31.994954	-40.665009	0.000000	
2.350000	32.069584	-40.672446	0.000000	
2.400000	32.144214	-40.679884	0.000000	
2.450000	32.218845	-40.687321	0.000000	
2.500000	32.293475	-40.694758	0.000000	
2.550000	32.368105	-40.702195	0.000000	
2.600000	32.442736	-40.709632	0.000000	
2.650000	32.517366	-40.717069	0.000000	
2.700000	32.591996	-40.724507	0.000000	
2.750000	32.666627	-40.731944	0.000000	
2.800000	32.741257	-40.739381	0.000000	
2.850000	32.815887	-40.746818	0.000000	
2.900000	32.890518	-40.754255	0.000000	
2.950000	32.965148	-40.761692	0.000000	
3.000000	33.039778	-40.769130	0.000000	
3.050000	33.114409	-40.776567	0.000000	
3.100000	33.189039	-40.784004	0.000000	
3.150000	33.263669	-40.791441	0.000000	
3.200000	33.338300	-40.798878	0.000000	
3.250000	33.412930	-40.806315	0.000000	
3.300000	33.487560	-40.813753	0.000000	
3.350000	33.562191	-40.821190	0.000000	
3.400000	33.636821	-40.828627	0.000000	
3.450000	33.711451	-40.836064	0.000000	
3.500000	33.786082	-40.843501	0.000000	
3.550000	33.860712	-40.850939	0.000000	
3.600000	33.935342	-40.858376	0.000000	
3.650000	34.009973	-40.865813	0.000000	
3.700000	34.084603	-40.873250	0.000000	
3.750000	34.159234	-40.880687	0.000000	
3.800000	34.233864	-40.888124	0.000000	
3.850000	34.308494	-40.895562	0.000000	
3.900000	34.383125	-40.902999	0.000000	
3.950000	34.457755	-40.910436	0.000000	
4.000000	34.532385	-40.917873	0.000000	
4.050000	34.607016	-40.925310	0.000000	
4.100000	34.681646	-40.932747	0.000000	
4.150000	34.756276	-40.940185	0.000000	
4.200000	34.830907	-40.947622	0.000000	
4.250000	34.905537	-40.955059	0.000000	
4.300000	34.980167	-40.962496	0.000000	
4.350000	35.054798	-40.969933	0.000000	
4.400000	35.129428	-40.977370	0.000000	
4.450000	35.204058	-40.984808	0.000000	
4.500000	35.278689	-40.992245	0.000000	
4.550000	35.353319	-40.999682	0.000000	
4.600000	35.427949	-41.007119	0.000000	
4.650000	35.502580	-41.014556	0.000000	
4.700000	35.577210	-41.021993	0.000000	
4.750000	35.651840	-41.029431	0.000000	
4.800000	35.726471	-41.036868	0.000000	
4.850000	35.801101	-41.044305	0.000000	
4.900000	35.875731	-41.051742	0.000000	
4.950000	35.950362	-41.059179	0.000000	
5.000000	36.024992	-41.066617	0.000000	
5.050000	36.099623	-41.074054	0.000000	
5.100000	36.174253	-41.081491	0.000000	
5.150000	36.248883	-41.088928	0.000000	
5.200000	36.323514	-41.096365	0.000000	
5.250000	36.398144	-41.103802	0.000000	
5.300000	36.472774	-41.111240	0.000000	
5.350000	36.547405	-41.118677	0.000000	
5.400000	36.622035	-41.126114	0.000000	
5.450000	36.696665	-41.133551	0.000000	
5.500000	36.771296	-41.140988	0.000000	
5.550000	36.845926	-41.148425	0.000000	
5.600000	36.920556	-41.155863	0.000000	
5.650000	36.995187	-41.163300	0.000000	
5.700000	37.069817	-41.170737	0.000000	
5.750000	37.144447	-41.178174	0.000000	
5.800000	37.219078	-41.185611	0.000000	
5.850000	37.293708	-41.193048	0.000000	
5.900000	37.368338	-41.200486	0.000000	
5.950000	37.442969	-41.207923	0.000000	
6.000000	37.517599	-41.215360	0.000000	
6.050000	37.592229	-41.222797	0.000000	
6.100000	37.666860	-41.230234	0.000000	
6.150000	37.741490	-41.237671	0.000000	
6.200000	37.816120	-41.245109	0.000000	
6.250000	37.890751	-41.252546	0.000000	
6.300000	37.965381	-41.259983	0.000000	
6.350000	38.040011	-41.267420	0.000000	
6.400000	38.114642	-41.274857	0.000000	
6.450000	38.189272	-41.282295	0.000000	
6.500000	38.263903	-41.289732	0.000000	
6.550000	38.338533	-41.297169	0.000000	
6.600000	38.413163	-41.304606	0.000000	
6.650000	38.487794	-41.312043	0.000000	
6.700000	38.562424	-41.319480	0.000000	
6.750000	38.637054	-41.326918	0.000000	
6.800000	38.711685	-41.334355	0.000000	
6.850000	38.786315	-41.341792	0.000000	
6.900000	38.860945	-41.349229	0.000000	
6.950000	38.935576	-41.356666	0.000000	
7.000000	39.010206	-41.364103	0.000000	
7.050000	39.084836	-41.371541	0.000000	
7.100000	39.159467	-41.378978	0.000000	
7.150000	39.234097	-41.386415	0.000000	
7.200000	39.308727	-41.393852	0.000000	
7.250000	39.383358	-41.401289	0.000000	
7.300000	39.457988	-41.408726	0.000000	
7.350000	39.532618	-41.416164	0.000000	
7.400000	39.607249	-41.423601	0.000000	
7.450000	39.681879	-41.431038	0.000000	
7.500000	39.737130	-41.432790	0.000000	
7.550000	39.670309	-41.398730	0.000000	
7.600000	39.603489	-41.364671	0.000000	
7.650000	39.536669	-41.330611	0.000000	
7.700000	39.469848	-41.296552	0.000000	
7.750000	39.403028	-41.262492	0.000000	
7.800000	39.336208	-41.228433	0.000000	
7.850000	39.269388	-41.194373	0.000000	
7.900000	39.202567	-41.160314	0.000000	
7.950000	39.135747	-41.126254	0.000000	
8.000000	39.068927	-41.092195	0.000000	
8.050000	39.002107	-41.058135	0.000000	
8.100000	38.935286	-41.024076	0.000000	
8.150000	38.868466	-40.990016	0.000000	
8.200000	38.801646	-40.955956	0.000000	
8.250000	38.734825	-40.921897	0.000000	
8.300000	38.668005	-40.887837	0.000000	
8.350000	38.601185	-40.853778	0.000000	
8.400000	38.534365	-40.819718	0.000000	
8.450000	38.467544	-40.785659	0.000000	
8.500000	38.400724	-40.751599	0.000000	
8.550000	38.333904	-40.717540	0.000000	
8.600000	38.267084	-40.683480	0.000000	
8.650000	38.200263	-40.649421	0.000000	
8.700000	38.133443	-40.615361	0.000000	
8.750000	38.066623	-40.581302	0.000000	
8.800000	37.999802	-40.547242	0.000000	
8.850000	37.932982	-40.513183	0.000000	
8.900000	37.866162	-40.479123	0.000000	
8.950000	37.799342	-40.445064	0.000000	
9.000000	37.732521	-40.411004	0.000000	
9.050000	37.665701	-40.376945	0.000000	
9.100000	37.598881	-40.342885	0.000000	
9.150000	37.532060	-40.308826	0.000000	
9.200000	37.465240	-40.274766	0.000000	
9.250000	37.398420	-40.240707	0.000000	
9.300000	37.331600	-40.206647	0.000000	
9.350000	37.264779	-40.172588	0.000000	
9.400000	37.197959	-40.138528	0.000000	
9.450000	37.131139	-40.104469	0.000000	
9.500000	37.064319	-40.070409	0.000000	
9.550000	36.997498	-40.036350	0.000000	
9.600000	36.930678	-40.002290	0.000000	
9.650000	36.863858	-39.968230	0.000000	
9.700000	36.797037	-39.934171	0.000000	
9.750000	36.730217	-39.900111	0.000000	
9.800000	36.663397	-39.866052	0.000000	
9.850000	36.596577	-39.831992	0.000000	
9.900000	36.529756	-39.797933	0.000000	
9.950000	36.462936	-39.763873	0.000000	
10.000000	36.396116	-39.729814	0.000000	
10.050000	36.329296	-39.695754	0.000000	
10.100000	36.262475	-39.661695	0.000000	
10.150000	36.195655	-39.627635	0.000000	
10.200000	36.128835	-39.593576	0.000000	
10.250000	36.062014	-39.559516	0.000000	
10.300000	35.995194	-39.525457	0.000000	
10.350000	35.928374	-39.491397	0.000000	
10.400000	35.861554	-39.457338	0.000000	
10.450000	35.794733	-39.423278	0.000000	
10.500000	35.727913	-39.389219	0.000000	
10.550000	35.661093	-39.355159	0.000000	
10.600000	35.594273	-39.321100	0.000000	
10.650000	35.527452	-39.287040	0.000000	
10.700000	35.460632	-39.252981	0.000000	
10.750000	35.393812	-39.218921	0.000000	
10.800000	35.326991	-39.184862	0.000000	
10.850000	35.260171	-39.150802	0.000000	
10.900000	35.193351	-39.116743	0.000000	
10.950000	35.126531	-39.082683	0.000000	
11.000000	35.059710	-39.048623	0.000000	
11.050000	34.992890	-39.014564	0.000000	
11.100000	34.926070	-38.980504	0.000000	
11.150000	34.859249	-38.946445	0.000000	
11.200000	34.792429	-38.912385	0.000000	
11.250000	34.725609	-38.878326	0.000000	
11.300000	34.658789	-38.844266	0.000000	
11.350000	34.591968	-38.810207	0.000000	
11.400000	34.525148	-38.776147	0.000000	
11.450000	34.458328	-38.742088	0.000000	
11.500000	34.391508	-38.708028	0.000000	
11.550000	34.324687	-38.673969	0.000000	
11.600000	34.257867	-38.639909	0.000000	
11.650000	34.191047	-38.605850	0.000000	
11.700000	34.124226	-38.571790	0.000000	
11.750000	34.057406	-38.537731	0.000000	
11.800000	33.990586	-38.503671	0.000000	
11.850000	33.923766	-38.469612	0.000000	
11.900000	33.856945	-38.435552	0.000000	
11.950000	33.790125	-38.401493	0.000000	
12.000000	33.723305	-38.367433	0.000000	
12.050000	33.656485	-38.333374	0.000000	
12.100000	33.589664	-38.299314	0.000000	
12.150000	33.522844	-38.265255	0.000000	
12.200000	33.456024	-38.231195	0.000000	
12.250000	33.389203	-38.197136	0.000000	
12.300000	33.322383	-38.163076	0.000000	
12.350000	33.255563	-38.129016	0.000000	
12.400000	33.188743	-38.094957	0.000000	
12.450000	33.121922	-38.060897	0.000000	
12.500000	33.055102	-38.026838	0.000000	
12.550000	32.988282	-37.992778	0.000000	
12.600000	32.921461	-37.958719	0.000000	
12.650000	32.854641	-37.924659	0.000000	
12.700000	32.787821	-37.890600	0.000000	
12.750000	32.721001	-37.856540	0.000000	
12.800000	32.654180	-37.822481	0.000000	
12.850000	32.587360	-37.788421	0.000000	
12.900000	32.520540	-37.754362	0.000000	
12.950000	32.453720	-37.720302	0.000000	
13.000000	32.386899	-37.686243	0.000000	
13.050000	32.320079	-37.652183	0.000000	
13.100000	32.253259	-37.618124	0.000000	
13.150000	32.186438	-37.584064	0.000000	
13.200000	32.119618	-37.550005	0.000000	
13.250000	32.052798	-37.515945	0.000000	
13.300000	31.985978	-37.481886	0.000000	
13.350000	31.919157	-37.447826	0.000000	
13.400000	31.852337	-37.413767	0.000000	
13.450000	31.785517	-37.379707	0.000000	
13.500000	31.718697	-37.345648	0.000000	
13.550000	31.651876	-37.311588	0.000000	
13.600000	31.585056	-37.277529	0.000000	
13.650000	31.518236	-37.243469	0.000000	
13.700000	31.451415	-37.209409	0.000000	
13.750000	31.384595	-37.175350	0.000000	
13.800000	31.317775	-37.141290	0.000000	
13.850000	31.250955	-37.107231	0.000000	
13.900000	31.184134	-37.073171	0.000000	
13.950000	31.117314	-37.039112	0.000000	
14.000000	31.050494	-37.005052	0.000000	
14.050000	30.983674	-36.970993	0.000000	
14.100000	30.916853	-36.936933	0.000000	
14.150000	30.850033	-36.902874	0.000000	
14.200000	30.783213	-36.868814	0.000000	
14.250000	30.716392	-36.834755	0.000000	
14.300000	30.649572	-36.800695	0.000000	
14.350000	30.582752	-36.766636	0.000000	
14.400000	30.515932	-36.732576	0.000000	
14.450000	30.449111	-36.698517	0.000000	
14.500000	30.382291	-36.664457	0.000000	
14.550000	30.315471	-36.630398	0.000000	
14.600000	30.248650	-36.596338	0.000000	
14.650000	30.181830	-36.562279	0.000000	
14.700000	30.115010	-36.528219	0.000000	
14.750000	30.048190	-36.494160	0.000000	
14.800000	29.981369	-36.460100	0.000000	
14.850000	29.914549	-36.426041	0.000000	
14.900000	29.847729	-36.391981	0.000000	
14.950000	29.780909	-36.357922	0.000000	
15.000000	29.714088	-36.323862	0.000000	
15.050000	29.647268	-36.289802	0.000000	
15.100000	29.580448	-36.255743	0.000000	
15.150000	29.513627	-36.221683	0.000000	
15.200000	29.446807	-36.187624	0.000000	
15.250000	29.379987	-36.153564	0.000000	
15.300000	29.313167	-36.119505	0.000000	
15.350000	29.246346	-36.085445	0.000000	
15.400000	29.179526	-36.051386	0.000000	
15.450000	29.112706	-36.017326	0.000000	
15.500000	29.045886	-35.983267	0.000000	
15.550000	28.979065	-35.949207	0.000000	
15.600000	28.912245	-35.915148	0.000000	
15.650000	28.845425	-35.881088	0.000000	
15.700000	28.778604	-35.847029	0.000000	
15.750000	28.711784	-35.812969	0.000000	
15.800000	28.644964	-35.778910	0.000000	
15.850000	28.578144	-35.744850	0.000000	
15.900000	28.511323	-35.710791	0.000000	
15.950000	28.444503	-35.676731	0.000000	
16.000000	28.377683	-35.642672	0.000000	
16.050000	28.310862	-35.608612	0.000000	
16.100000	28.244042	-35.574553	0.000000	
16.150000	28.177222	-35.540493	0.000000	
16.200000	28.110402	-35.506434	0.000000	
16.250000	28.043581	-35.472374	0.000000	
16.300000	27.976761	-35.438315	0.000000	
16.350000	27.909941	-35.404255	0.000000	
16.400000	27.843121	-35.370195	0.000000	
16.450000	27.776300	-35.336136	0.000000	
16.500000	27.709480	-35.302076	0.000000	
16.550000	27.642660	-35.268017	0.000000	
16.600000	27.575839	-35.233957	0.000000	
16.650000	27.509019	-35.199898	0.000000	
16.700000	27.442199	-35.165838	0.000000	
16.750000	27.375379	-35.131779	0.000000	
16.800000	27.308558	-35.097719	0.000000	
16.850000	27.241738	-35.063660	0.000000	
16.900000	27.174918	-35.029600	0.000000	
16.950000	27.108098	-34.995541	0.000000	
17.000000	27.041277	-34.961481	0.000000	
17.050000	26.974457	-34.927422	0.000000	
17.100000	26.907637	-34.893362	0.000000	
17.150000	26.840816	-34.859303	0.000000	
17.200000	26.773996	-34.825243	0.000000	
17.250000	26.707176	-34.791184	0.000000	
17.300000	26.640356	-34.757124	0.000000	
17.350000	26.573535	-34.723065	0.000000	
17.400000	26.506715	-34.689005	0.000000	
17.450000	26.439895	-34.654946	0.000000	
17.500000	26.373075	-34.620886	0.000000	
17.550000	26.306254	-34.586827	0.000000	
17.600000	26.239434	-34.552767	0.000000	
17.650000	26.172614	-34.518708	0.000000	
17.700000	26.105793	-34.484648	0.000000	
17.750000	26.038973	-34.450588	0.000000	
17.800000	25.972153	-34.416529	0.000000	
17.850000	25.905333	-34.382469	0.000000	
17.900000	25.838512	-34.348410	0.000000	
17.950000	25.771692	-34.314350	0.000000	
18.000000	25.704872	-34.280291	0.000000	
18.050000	25.638051	-34.246231	0.000000	
18.100000	25.571231	-34.212172	0.000000	
18.150000	25.504411	-34.178112	0.000000	
18.200000	25.437591	-34.144053	0.000000	
18.250000	25.370770	-34.109993	0.000000	
18.300000	25.303950	-34.075934	0.000000	
18.350000	25.237130	-34.041874	0.000000	
18.400000	25.170310	-34.007815	0.000000	
18.450000	25.103489	-33.973755	0.000000	
18.500000	25.036669	-33.939696	0.000000	
18.550000	24.969849	-33.905636	0.000000	
18.600000	24.903028	-33.871577	0.000000	
18.650000	24.836208	-33.837517	0.000000	
18.700000	24.805605	-33.859539	0.000000	
18.750000	24.809162	-33.934454	0.000000	
18.800000	24.812718	-34.009370	0.000000	
18.850000	24.816274	-34.084286	0.000000	
18.900000	24.819830	-34.159201	0.000000	
18.950000	24.823387	-34.234117	0.000000	
19.000000	24.826943	-34.309033	0.000000	
19.050000	24.830499	-34.383948	0.000000	
19.100000	24.834056	-34.458864	0.000000	
19.150000	24.837612	-34.533780	0.000000	
19.200000	24.841168	-34.608695	0.000000	
19.250000	24.844724	-34.683611	0.000000	
19.300000	24.848281	-34.758527	0.000000	
19.350000	24.851837	-34.833442	0.000000	
19.400000	24.855393	-34.908358	0.000000	
19.450000	24.858949	-34.983273	0.000000	
19.500000	24.862506	-35.058189	0.000000	
19.550000	24.866062	-35.133105	0.000000	
19.600000	24.869618	-35.208020	0.000000	
19.650000	24.873175	-35.282936	0.000000	
19.700000	24.876731	-35.357852	0.000000	
19.750000	24.880287	-35.432767	0.000000	
19.800000	24.883843	-35.507683	0.000000	
19.850000	24.887400	-35.582599	0.000000	
19.900000	24.890956	-35.657514	0.000000	
19.950000	24.894512	-35.732430	0.000000	
20.000000	24.898068	-35.807345	0.000000	
20.050000	24.901625	-35.882261	0.000000	
20.100000	24.905181	-35.957177	0.000000	
20.150000	24.908737	-36.032092	0.000000	
20.200000	24.912294	-36.107008	0.000000	
20.250000	24.915850	-36.181924	0.000000	
20.300000	24.919406	-36.256839	0.000000	
20.350000	24.922962	-36.331755	0.000000	
20.400000	24.926519	-36.406671	0.000000	
20.450000	24.930075	-36.481586	0.000000	
20.500000	24.933631	-36.556502	0.000000	
20.550000	24.937187	-36.631417	0.000000	
20.600000	24.940744	-36.706333	0.000000	
20.650000	24.944300	-36.781249	0.000000	
20.700000	24.947856	-36.856164	0.000000	
20.750000	24.951413	-36.931080	0.000000	
20.800000	24.954969	-37.005996	0.000000	
20.850000	24.958525	-37.080911	0.000000	
20.900000	24.962081	-37.155827	0.000000	
20.950000	24.965638	-37.230743	0.000000	
21.000000	24.969194	-37.305658	0.000000	
21.050000	24.972750	-37.380574	0.000000	
21.100000	24.976307	-37.455490	0.000000	
21.150000	24.979863	-37.530405	0.000000	
21.200000	24.983419	-37.605321	0.000000	
21.250000	24.986975	-37.680236	0.000000	
21.300000	24.990532	-37.755152	0.000000	
21.350000	24.994088	-37.830068	0.000000	
21.400000	24.997644	-37.904983	0.000000	
21.450000	25.001200	-37.979899	0.000000	
21.500000	25.004757	-38.054815	0.000000	
21.550000	25.008313	-38.129730	0.000000	
21.600000	25.011869	-38.204646	0.000000	
21.650000	25.015426	-38.279562	0.000000	
21.700000	25.018982	-38.354477	0.000000	
21.750000	25.022538	-38.429393	0.000000	
21.800000	25.026094	-38.504308	0.000000	
21.850000	25.029651	-38.579224	0.000000	
21.900000	25.033207	-38.654140	0.000000	
21.950000	25.036763	-38.729055	0.000000	
22.000000	25.040319	-38.803971	0.000000	
22.050000	25.043876	-38.878887	0.000000	
22.100000	25.047432	-38.953802	0.000000	
22.150000	25.050988	-39.028718	0.000000	
22.200000	25.054545	-39.103634	0.000000	
22.250000	25.058101	-39.178549	0.000000	
22.300000	25.061657	-39.253465	0.000000	
22.350000	25.065213	-39.328380	0.000000	
22.400000	25.068770	-39.403296	0.000000	
22.450000	25.072326	-39.478212	0.000000	
22.500000	25.075882	-39.553127	0.000000	
22.550000	25.079438	-39.628043	0.000000	
22.600000	25.082995	-39.702959	0.000000	
22.650000	25.086551	-39.777874	0.000000	
22.700000	25.090107	-39.852790	0.000000	
22.750000	25.093664	-39.927706	0.000000	
22.800000	25.097220	-40.002621	0.000000	
22.850000	25.100776	-40.077537	0.000000	
22.900000	25.104332	-40.152453	0.000000	
22.950000	25.107889	-40.227368	0.000000	
23.000000	25.111445	-40.302284	0.000000	
23.050000	25.115001	-40.377199	0.000000	
23.100000	25.118557	-40.452115	0.000000	
23.150000	25.122114	-40.527031	0.000000	
23.200000	25.125670	-40.601946	0.000000	
23.250000	25.129226	-40.676862	0.000000	
23.300000	25.132783	-40.751778	0.000000	
23.350000	25.136339	-40.826693	0.000000	
23.400000	25.139895	-40.901609	0.000000	
23.450000	25.143451	-40.976525	0.000000	
23.500000	25.147008	-41.051440	0.000000	
23.550000	25.150564	-41.126356	0.000000	
23.600000	25.154120	-41.201271	0.000000	
23.650000	25.157677	-41.276187	0.000000	
23.700000	25.161233	-41.351103	0.000000	
23.750000	25.164789	-41.426018	0.000000	
23.800000	25.168345	-41.500934	0.000000	
23.850000	25.171902	-41.575850	0.000000	
23.900000	25.175458	-41.650765	0.000000	
23.950000	25.179014	-41.725681	0.000000	
24.000000	25.182570	-41.800597	0.000000	
24.050000	25.186127	-41.875512	0.000000	
24.100000	25.189683	-41.950428	0.000000	
24.150000	25.193239	-42.025343	0.000000	
24.200000	25.196796	-42.100259	0.000000	
24.250000	25.200352	-42.175175	0.000000	
24.300000	25.203908	-42.250090	0.000000	
24.350000	25.207464	-42.325006	0.000000	
24.400000	25.211021	-42.399922	0.000000	
24.450000	25.214577	-42.474837	0.000000	
24.500000	25.218133	-42.549753	0.000000	
24.550000	25.221689	-42.624669	0.000000	
24.600000	25.225246	-42.699584	0.000000	
24.650000	25.228802	-42.774500	0.000000	
24.700000	25.232358	-42.849415	0.000000	
24.750000	25.235915	-42.924331	0.000000	
24.800000	25.239471	-42.999247	0.000000	
24.850000	25.243027	-43.074162	0.000000	
24.900000	25.246583	-43.149078	0.000000	
24.950000	25.250140	-43.223994	0.000000	
25.000000	25.253696	-43.298909	0.000000	
25.050000	25.257252	-43.373825	0.000000	
25.100000	25.260808	-43.448741	0.000000	
25.150000	25.264365	-43.523656	0.000000	
25.200000	25.267921	-43.598572	0.000000	
25.250000	25.271477	-43.673488	0.000000	
25.300000	25.275034	-43.748403	0.000000	
25.350000	25.278590	-43.823319	0.000000	
25.400000	25.282146	-43.898234	0.000000	
25.450000	25.285702	-43.973150	0.000000	
25.500000	25.289259	-44.048066	0.000000	
25.550000	25.292815	-44.122981	0.000000	
25.600000	25.296371	-44.197897	0.000000	
25.650000	25.299927	-44.272813	0.000000	
25.700000	25.303484	-44.347728	0.000000	
25.750000	25.307040	-44.422644	0.000000	
25.800000	25.310596	-44.497560	0.000000	
25.850000	25.314153	-44.572475	0.000000	
25.900000	25.317709	-44.647391	0.000000	
25.950000	25.321265	-44.722306	0.000000	
26.000000	25.324821	-44.797222	0.000000	
26.050000	25.328378	-44.872138	0.000000	
26.100000	25.331934	-44.947053	0.000000	
26.150000	25.335490	-45.021969	0.000000	
26.200000	25.339046	-45.096885	0.000000	
26.250000	25.342603	-45.171800	0.000000	
26.300000	25.346159	-45.246716	0.000000	
26.350000	25.349715	-45.321632	0.000000	
26.400000	25.353272	-45.396547	0.000000	
26.450000	25.356828	-45.471463	0.000000	
26.500000	25.360384	-45.546378	0.000000	
26.550000	25.363940	-45.621294	0.000000	
26.600000	25.367497	-45.696210	0.000000	
26.650000	25.371053	-45.771125	0.000000	
26.700000	25.374609	-45.846041	0.000000	
26.750000	25.378166	-45.920957	0.000000	
26.800000	25.381722	-45.995872	0.000000	
26.850000	25.385278	-46.070788	0.000000	
26.900000	25.388834	-46.145704	0.000000	
26.950000	25.392391	-46.220619	0.000000	
27.000000	25.395947	-46.295535	0.000000	
27.050000	25.399503	-46.370451	0.000000	
27.100000	25.418609	-46.365136	0.000000	
27.150000	25.449896	-46.296973	0.000000	
27.200000	25.481183	-46.228811	0.000000	
27.250000	25.512470	-46.160648	0.000000	
27.300000	25.543757	-46.092486	0.000000	
27.350000	25.575044	-46.024323	0.000000	
27.400000	25.606331	-45.956161	0.000000	
27.450000	25.637618	-45.887998	0.000000	
27.500000	25.668905	-45.819835	0.000000	
27.550000	25.700191	-45.751673	0.000000	
27.600000	25.731478	-45.683510	0.000000	
27.650000	25.762765	-45.615348	0.000000	
27.700000	25.794052	-45.547185	0.000000	
27.750000	25.825339	-45.479023	0.000000	
27.800000	25.856626	-45.410860	0.000000	
27.850000	25.887913	-45.342698	0.000000	
27.900000	25.919200	-45.274535	0.000000	
27.950000	25.950487	-45.206373	0.000000	
28.000000	25.981774	-45.138210	0.000000	
28.050000	26.013061	-45.070048	0.000000	
28.100000	26.044348	-45.001885	0.000000	
28.150000	26.075634	-44.933723	0.000000	
28.200000	26.106921	-44.865560	0.000000	
28.250000	26.138208	-44.797398	0.000000	
28.300000	26.169495	-44.729235	0.000000	
28.350000	26.200782	-44.661073	0.000000	
28.400000	26.232069	-44.592910	0.000000	
28.450000	26.263356	-44.524748	0.000000	
28.500000	26.294643	-44.456585	0.000000	
28.550000	26.325930	-44.388423	0.000000	
28.600000	26.357217	-44.320260	0.000000	
28.650000	26.388504	-44.252098	0.000000	
28.700000	26.419790	-44.183935	0.000000	
28.750000	26.451077	-44.115773	0.000000	
28.800000	26.482364	-44.047610	0.000000	
28.850000	26.513651	-43.979447	0.000000	
28.900000	26.544938	-43.911285	0.000000	
28.950000	26.576225	-43.843122	0.000000	
29.000000	26.607512	-43.774960	0.000000	
29.050000	26.638799	-43.706797	0.000000	
29.100000	26.670086	-43.638635	0.000000	
29.150000	26.701373	-43.570472	0.000000	
29.200000	26.732660	-43.502310	0.000000	
29.250000	26.763947	-43.434147	0.000000	
29.300000	26.795233	-43.365985	0.000000	
29.350000	26.826520	-43.297822	0.000000	
29.400000	26.857807	-43.229660	0.000000	
29.450000	26.889094	-43.161497	0.000000	
29.500000	26.920381	-43.093335	0.000000	
29.550000	26.951668	-43.025172	0.000000	
29.600000	26.982955	-42.957010	0.000000	
29.650000	27.014242	-42.888847	0.000000	
29.700000	27.045529	-42.820685	0.000000	
29.750000	27.076816	-42.752522	0.000000	
29.800000	27.108103	-42.684360	0.000000	
29.850000	27.139389	-42.616197	0.000000	
29.900000	27.170676	-42.548035	0.000000	
29.950000	27.201963	-42.479872	0.000000	
30.000000	27.233250	-42.411710	0.000000	
30.050000	27.264537	-42.343547	0.000000	
30.100000	27.295824	-42.275384	0.000000	
30.150000	27.327111	-42.207222	0.000000	
30.200000	27.358398	-42.139059	0.000000	
30.250000	27.389685	-42.070897	0.000000	
30.300000	27.420972	-42.002734	0.000000	
30.350000	27.452259	-41.934572	0.000000	
30.400000	27.483546	-41.866409	0.000000	
30.450000	27.514832	-41.798247	0.000000	
30.500000	27.546119	-41.730084	0.000000	
30.550000	27.577406	-41.661922	0.000000	
30.600000	27.608693	-41.593759	0.000000	
30.650000	27.639980	-41.525597	0.000000	
30.700000	27.671267	-41.457434	0.000000	
30.750000	27.702554	-41.389272	0.000000	
30.800000	27.733841	-41.321109	0.000000	
30.850000	27.765128	-41.252947	0.000000	
30.900000	27.796415	-41.184784	0.000000	
30.950000	27.827702	-41.116622	0.000000	
31.000000	27.858988	-41.048459	0.000000	
31.050000	27.890275	-40.980297	0.000000	
31.100000	27.921562	-40.912134	0.000000	
31.150000	27.952849	-40.843972	0.000000	
31.200000	27.984136	-40.775809	0.000000	
31.250000	28.015423	-40.707647	0.000000	
31.300000	28.046710	-40.639484	0.000000	
31.350000	28.077997	-40.571321	0.000000	
31.400000	28.109284	-40.503159	0.000000	
31.450000	28.140571	-40.434996	0.000000	
31.500000	28.171858	-40.366834	0.000000	
31.550000	28.203145	-40.298671	0.000000	
31.600000	28.234431	-40.230509	0.000000	
31.650000	28.265718	-40.162346	0.000000	
31.700000	28.297005	-40.094184	0.000000	
31.750000	28.328292	-40.026021	0.000000	
31.800000	28.359579	-39.957859	0.000000	
31.850000	28.390866	-39.889696	0.000000	
31.900000	28.422153	-39.821534	0.000000	
31.950000	28.453440	-39.753371	0.000000	
32.000000	28.484727	-39.685209	0.000000	
32.050000	28.516014	-39.617046	0.000000	
32.100000	28.547301	-39.548884	0.000000	
32.150000	28.578587	-39.480721	0.000000	
32.200000	28.609874	-39.412559	0.000000	
32.250000	28.641161	-39.344396	0.000000	
32.300000	28.672448	-39.276234	0.000000	
32.350000	28.703735	-39.208071	0.000000	
32.400000	28.735022	-39.139909	0.000000	
32.450000	28.766309	-39.071746	0.000000	
32.500000	28.797596	-39.003584	0.000000	
32.550000	28.828883	-38.935421	0.000000	
32.600000	28.860170	-38.867258	0.000000	
32.650000	28.891457	-38.799096	0.000000	
32.700000	28.922744	-38.730933	0.000000	
32.750000	28.954030	-38.662771	0.000000	
32.800000	28.985317	-38.594608	0.000000	
32.850000	29.016604	-38.526446	0.000000	
32.900000	29.047891	-38.458283	0.000000	
32.950000	29.079178	-38.390121	0.000000	
33.000000	29.110465	-38.321958	0.000000	
33.050000	29.141752	-38.253796	0.000000	
33.100000	29.173039	-38.185633	0.000000	
33.150000	29.204326	-38.117471	0.000000	
33.200000	29.235613	-38.049308	0.000000	
33.250000	29.266900	-37.981146	0.000000	
33.300000	29.298186	-37.912983	0.000000	
33.350000	29.329473	-37.844821	0.000000	
33.400000	29.360760	-37.776658	0.000000	
33.450000	29.392047	-37.708496	0.000000	
33.500000	29.423334	-37.640333	0.000000	
33.550000	29.454621	-37.572171	0.000000	
33.600000	29.485908	-37.504008	0.000000	
33.650000	29.517195	-37.435846	0.000000	
33.700000	29.548482	-37.367683	0.000000	
33.750000	29.579769	-37.299521	0.000000	
33.800000	29.611056	-37.231358	0.000000	
33.850000	29.642342	-37.163195	0.000000	
33.900000	29.673629	-37.095033	0.000000	
33.950000	29.704916	-37.026870	0.000000	
34.000000	29.736203	-36.958708	0.000000	
34.050000	29.722374	-36.903266	0.000000	
34.100000	29.660088	-36.861488	0.000000	
34.150000	29.597802	-36.819709	0.000000	
34.200000	29.535516	-36.777931	0.000000	
34.250000	29.473230	-36.736152	0.000000	
34.300000	29.410944	-36.694374	0.000000	
34.350000	29.348658	-36.652595	0.000000	
34.400000	29.286372	-36.610817	0.000000	
34.450000	29.224086	-36.569038	0.000000	
34.500000	29.161800	-36.527259	0.000000	
34.550000	29.099514	-36.485481	0.000000	
34.600000	29.037228	-36.443702	0.000000	
34.650000	28.974942	-36.401924	0.000000	
34.700000	28.912656	-36.360145	0.000000	
34.750000	28.850370	-36.318367	0.000000	
34.800000	28.788083	-36.276588	0.000000	
34.850000	28.725797	-36.234810	0.000000	
34.900000	28.663511	-36.193031	0.000000	
34.950000	28.601225	-36.151253	0.000000	
35.000000	28.538939	-36.109474	0.000000	
35.050000	28.476653	-36.067696	0.000000	
35.100000	28.414367	-36.025917	0.000000	
35.150000	28.352081	-35.984138	0.000000	
35.200000	28.289795	-35.942360	0.000000	
35.250000	28.227509	-35.900581	0.000000	
35.300000	28.165223	-35.858803	0.000000	
35.350000	28.102937	-35.817024	0.000000	
35.400000	28.040651	-35.775246	0.000000	
35.450000	27.978365	-35.733467	0.000000	
35.500000	27.916079	-35.691689	0.000000	
35.550000	27.853793	-35.649910	0.000000	
35.600000	27.791506	-35.608132	0.000000	
35.650000	27.729220	-35.566353	0.000000	
35.700000	27.666934	-35.524575	0.000000	
35.750000	27.604648	-35.482796	0.000000	
35.800000	27.542362	-35.441017	0.000000	
35.850000	27.480076	-35.399239	0.000000	
35.900000	27.417790	-35.357460	0.000000	
35.950000	27.355504	-35.315682	0.000000	
36.000000	27.293218	-35.273903	0.000000	
36.050000	27.230932	-35.232125	0.000000	
36.100000	27.168646	-35.190346	0.000000	
36.150000	27.106360	-35.148568	0.000000	
36.200000	27.044074	-35.106789	0.000000	
36.250000	26.981788	-35.065011	0.000000	
36.300000	26.919502	-35.023232	0.000000	
36.350000	26.857216	-34.981454	0.000000	
36.400000	26.794929	-34.939675	0.000000	
36.450000	26.732643	-34.897896	0.000000	
36.500000	26.670357	-34.856118	0.000000	
36.550000	26.608071	-34.814339	0.000000	
36.600000	26.545785	-34.772561	0.000000	
36.650000	26.483499	-34.730782	0.000000	
36.700000	26.421213	-34.689004	0.000000	
36.750000	26.358927	-34.647225	0.000000	
36.800000	26.296641	-34.605447	0.000000	
36.850000	26.234355	-34.563668	0.000000	
36.900000	26.172069	-34.521890	0.000000	
36.950000	26.109783	-34.480111	0.000000	
37.000000	26.047497	-34.438333	0.000000	
37.050000	25.985211	-34.396554	0.000000	
37.100000	25.922925	-34.354775	0.000000	
37.150000	25.860638	-34.312997	0.000000	
37.200000	25.798352	-34.271218	0.000000	
37.250000	25.736066	-34.229440	0.000000	
37.300000	25.673780	-34.187661	0.000000	
37.350000	25.611494	-34.145883	0.000000	
37.400000	25.549208	-34.104104	0.000000	
37.450000	25.486922	-34.062326	0.000000	
37.500000	25.424636	-34.020547	0.000000	
37.550000	25.362350	-33.978769	0.000000	
37.600000	25.300064	-33.936990	0.000000	
37.650000	25.237778	-33.895212	0.000000	
37.700000	25.175492	-33.853433	0.000000	
37.750000	25.113206	-33.811654	0.000000	
37.800000	25.050920	-33.769876	0.000000	
37.850000	24.988634	-33.728097	0.000000	
37.900000	24.926348	-33.686319	0.000000	
37.950000	24.864061	-33.644540	0.000000	
38.000000	24.801775	-33.602762	0.000000	
38.050000	24.739489	-33.560983	0.000000	
38.100000	24.677203	-33.519205	0.000000	
38.150000	24.614917	-33.477426	0.000000	
38.200000	24.552631	-33.435648	0.000000	
38.250000	24.490345	-33.393869	0.000000	
38.300000	24.428059	-33.352091	0.000000	
38.350000	24.365773	-33.310312	0.000000	
38.400000	24.303487	-33.268533	0.000000	
38.450000	24.241201	-33.226755	0.000000	
38.500000	24.178915	-33.184976	0.000000	
38.550000	24.116629	-33.143198	0.000000	
38.600000	24.054343	-33.101419	0.000000	
38.650000	23.992057	-33.059641	0.000000	
38.700000	23.929771	-33.017862	0.000000	
38.750000	23.867484	-32.976084	0.000000	
38.800000	23.805198	-32.934305	0.000000	
38.850000	23.742912	-32.892527	0.000000	
38.900000	23.680626	-32.850748	0.000000	
38.950000	23.618340	-32.808970	0.000000	
39.000000	23.556054	-32.767191	0.000000	
39.050000	23.493768	-32.725412	0.000000	
39.100000	23.431482	-32.683634	0.000000	
39.150000	23.369196	-32.641855	0.000000	
39.200000	23.306910	-32.600077	0.000000	
39.250000	23.244624	-32.558298	0.000000	
39.300000	23.182338	-32.516520	0.000000	
39.350000	23.120052	-32.474741	0.000000	
39.400000	23.057766	-32.432963	0.000000	
39.450000	22.995480	-32.391184	0.000000	
39.500000	22.933193	-32.349406	0.000000	
39.550000	22.870907	-32.307627	0.000000	
39.600000	22.808621	-32.265849	0.000000	
39.650000	22.746335	-32.224070	0.000000	
39.700000	22.684049	-32.182291	0.000000	
39.750000	22.621763	-32.140513	0.000000	
39.800000	22.559477	-32.098734	0.000000	
39.850000	22.497191	-32.056956	0.000000	
39.900000	22.434905	-32.015177	0.000000	
39.950000	22.372619	-31.973399	0.000000	
40.000000	22.310333	-31.931620	0.000000	
40.050000	22.248047	-31.889842	0.000000	
40.100000	22.185761	-31.848063	0.000000	
40.150000	22.123475	-31.806285	0.000000	
40.200000	22.061189	-31.764506	0.000000	
40.250000	21.998903	-31.722728	0.000000	
40.300000	21.936616	-31.680949	0.000000	
40.350000	21.874607	-31.639447	0.000000	
40.400000	21.916402	-31.701722	0.000000	
40.450000	21.958197	-31.763997	0.000000	
40.500000	21.999992	-31.826273	0.000000	
40.550000	22.041787	-31.888548	0.000000	
40.600000	22.083582	-31.950823	0.000000	
40.650000	22.125377	-32.013098	0.000000	
40.700000	22.167172	-32.075373	0.000000	
40.750000	22.208967	-32.137648	0.000000	
40.800000	22.250762	-32.199923	0.000000	
40.850000	22.292557	-32.262198	0.000000	
40.900000	22.334352	-32.324473	0.000000	
40.950000	22.376147	-32.386748	0.000000	
41.000000	22.417942	-32.449023	0.000000	
41.050000	22.459737	-32.511298	0.000000	
41.100000	22.501532	-32.573573	0.000000	
41.150000	22.543327	-32.635848	0.000000	
41.200000	22.585122	-32.698123	0.000000	
41.250000	22.626917	-32.760398	0.000000	
41.300000	22.668712	-32.822673	0.000000	
41.350000	22.710507	-32.884948	0.000000	
41.400000	22.752301	-32.947223	0.000000	
41.450000	22.794096	-33.009498	0.000000	
41.500000	22.835891	-33.071774	0.000000	
41.550000	22.877686	-33.134049	0.000000	
41.600000	22.919481	-33.196324	0.000000	
41.650000	22.961276	-33.258599	0.000000	
41.700000	23.003071	-33.320874	0.000000	
41.750000	23.044866	-33.383149	0.000000	
41.800000	23.086661	-33.445424	0.000000	
41.850000	23.128456	-33.507699	0.000000	
41.900000	23.170251	-33.569974	0.000000	
41.950000	23.212046	-33.632249	0.000000	
42.000000	23.253841	-33.694524	0.000000	
42.050000	23.295636	-33.756799	0.000000	
42.100000	23.337431	-33.819074	0.000000	
42.150000	23.379226	-33.881349	0.000000	
42.200000	23.421021	-33.943624	0.000000	
42.250000	23.462816	-34.005899	0.000000	
42.300000	23.504611	-34.068174	0.000000	
42.350000	23.546406	-34.130449	0.000000	
42.400000	23.588201	-34.192724	0.000000	
42.450000	23.629996	-34.254999	0.000000	
42.500000	23.671790	-34.317274	0.000000	
42.550000	23.713585	-34.379550	0.000000	
42.600000	23.755380	-34.441825	0.000000	
42.650000	23.797175	-34.504100	0.000000	
42.700000	23.838970	-34.566375	0.000000	
42.750000	23.880765	-34.628650	0.000000	
42.800000	23.922560	-34.690925	0.000000	
42.850000	23.964355	-34.753200	0.000000	
42.900000	24.006150	-34.815475	0.000000	
42.950000	24.047945	-34.877750	0.000000	
43.000000	24.089740	-34.940025	0.000000	
43.050000	24.131535	-35.002300	0.000000	
43.100000	24.173330	-35.064575	0.000000	
43.150000	24.215125	-35.126850	0.000000	
43.200000	24.256920	-35.189125	0.000000	
43.250000	24.298715	-35.251400	0.000000	
43.300000	24.340510	-35.313675	0.000000	
43.350000	24.382305	-35.375950	0.000000	
43.400000	24.424100	-35.438225	0.000000	
43.450000	24.465895	-35.500500	0.000000	
43.500000	24.507690	-35.562775	0.000000	
43.550000	24.549485	-35.625051	0.000000	
43.600000	24.591280	-35.687326	0.000000	
43.650000	24.633074	-35.749601	0.000000	
43.700000	24.674869	-35.811876	0.000000	
43.750000	24.716664	-35.874151	0.000000	
43.800000	24.758459	-35.936426	0.000000	
43.850000	24.800254	-35.998701	0.000000	
43.900000	24.842049	-36.060976	0.000000	
43.950000	24.883844	-36.123251	0.000000	
44.000000	24.925639	-36.185526	0.000000	
44.050000	24.967434	-36.247801	0.000000	
44.100000	25.009229	-36.310076	0.000000	
44.150000	25.051024	-36.372351	0.000000	
44.200000	25.092819	-36.434626	0.000000	
44.250000	25.134614	-36.496901	0.000000	
44.300000	25.176409	-36.559176	0.000000	
44.350000	25.218204	-36.621451	0.000000	
44.400000	25.259999	-36.683726	0.000000	
44.450000	25.301794	-36.746001	0.000000	
44.500000	25.343589	-36.808276	0.000000	
44.550000	25.385384	-36.870551	0.000000	
44.600000	25.427179	-36.932827	0.000000	
44.650000	25.468974	-36.995102	0.000000	
44.700000	25.510769	-37.057377	0.000000	
44.750000	25.552563	-37.119652	0.000000	
44.800000	25.594358	-37.181927	0.000000	
44.850000	25.636153	-37.244202	0.000000	
44.900000	25.677948	-37.306477	0.000000	
44.950000	25.719743	-37.368752	0.000000	
45.000000	25.761538	-37.431027	0.000000	
45.050000	25.803333	-37.493302	0.000000	
45.100000	25.845128	-37.555577	0.000000	
45.150000	25.886923	-37.617852	0.000000	
45.200000	25.928718	-37.680127	0.000000	
45.250000	25.970513	-37.742402	0.000000	
45.300000	26.012308	-37.804677	0.000000	
45.350000	26.054103	-37.866952	0.000000	
45.400000	26.095898	-37.929227	0.000000	
45.450000	26.137693	-37.991502	0.000000	
45.500000	26.179488	-38.053777	0.000000	
45.550000	26.221283	-38.116052	0.000000	
45.600000	26.263078	-38.178328	0.000000	
45.650000	26.304873	-38.240603	0.000000	
45.700000	26.346668	-38.302878	0.000000	
45.750000	26.388463	-38.365153	0.000000	
45.800000	26.430258	-38.427428	0.000000	
45.850000	26.472053	-38.489703	0.000000	
45.900000	26.513847	-38.551978	0.000000	
45.950000	26.555642	-38.614253	0.000000	
46.000000	26.597437	-38.676528	0.000000	
46.050000	26.639232	-38.738803	0.000000	
46.100000	26.681027	-38.801078	0.000000	
46.150000	26.722822	-38.863353	0.000000	
46.200000	26.764617	-38.925628	0.000000	
46.250000	26.806412	-38.987903	0.000000	
46.300000	26.848207	-39.050178	0.000000	
46.350000	26.890002	-39.112453	0.000000	
46.400000	26.931797	-39.174728	0.000000	
46.450000	26.973592	-39.237003	0.000000	
46.500000	27.015387	-39.299278	0.000000	
46.550000	27.057182	-39.361553	0.000000	
46.600000	27.098977	-39.423828	0.000000	
46.650000	27.140772	-39.486104	0.000000	
46.700000	27.182567	-39.548379	0.000000	
46.750000	27.224362	-39.610654	0.000000	
46.800000	27.266157	-39.672929	0.000000	
46.850000	27.307952	-39.735204	0.000000	
46.900000	27.349747	-39.797479	0.000000	
46.950000	27.391542	-39.859754	0.000000	
47.000000	27.433336	-39.922029	0.000000	
47.050000	27.475131	-39.984304	0.000000	
47.100000	27.516926	-40.046579	0.000000	
47.150000	27.558721	-40.108854	0.000000	
47.200000	27.600516	-40.171129	0.000000	
47.250000	27.642311	-40.233404	0.000000	
47.300000	27.684106	-40.295679	0.000000	
47.350000	27.725901	-40.357954	0.000000	
47.400000	27.767696	-40.420229	0.000000	
47.450000	27.809491	-40.482504	0.000000	
47.500000	27.851286	-40.544779	0.000000	
47.550000	27.893081	-40.607054	0.000000	
47.600000	27.934876	-40.669329	0.000000	
47.650000	27.976671	-40.731605	0.000000	
47.700000	28.018466	-40.793880	0.000000	
47.750000	28.060261	-40.856155	0.000000	
47.800000	28.102056	-40.918430	0.000000	
47.850000	28.143851	-40.980705	0.000000	
47.900000	28.185646	-41.042980	0.000000	
47.950000	28.227441	-41.105255	0.000000	
48.000000	28.269236	-41.167530	0.000000	
48.050000	28.311031	-41.229805	0.000000	
48.100000	28.352825	-41.292080	0.000000	
48.150000	28.394620	-41.354355	0.000000	
48.200000	28.436415	-41.416630	0.000000	
48.250000	28.478210	-41.478905	0.000000	
48.300000	28.520005	-41.541180	0.000000	
48.350000	28.561800	-41.603455	0.000000	
48.400000	28.603595	-41.665730	0.000000	
48.450000	28.645390	-41.728005	0.000000	
48.500000	28.687185	-41.790280	0.000000	
48.550000	28.728980	-41.852555	0.000000	
48.600000	28.770775	-41.914830	0.000000	
48.650000	28.812570	-41.977105	0.000000	
48.700000	28.854365	-42.039381	0.000000	
48.750000	28.896160	-42.101656	0.000000	
48.800000	28.937955	-42.163931	0.000000	
48.850000	28.979750	-42.226206	0.000000	
48.900000	29.021545	-42.288481	0.000000	
48.950000	29.063340	-42.350756	0.000000	
49.000000	29.105135	-42.413031	0.000000	
49.050000	29.146930	-42.475306	0.000000	
49.100000	29.188725	-42.537581	0.000000	
49.150000	29.230520	-42.599856	0.000000	
49.200000	29.272315	-42.662131	0.000000	
49.250000	29.314109	-42.724406	0.000000	
49.300000	29.355904	-42.786681	0.000000	
49.350000	29.397699	-42.848956	0.000000	
49.400000	29.439494	-42.911231	0.000000	
49.450000	29.481289	-42.973506	0.000000	
49.500000	29.523084	-43.035781	0.000000	
49.550000	29.564879	-43.098056	0.000000	
49.600000	29.606674	-43.160331	0.000000	
49.650000	29.648469	-43.222606	0.000000	
49.700000	29.690264	-43.284882	0.000000	
49.750000	29.732059	-43.347157	0.000000	
49.800000	29.773854	-43.409432	0.000000	
49.850000	29.815649	-43.471707	0.000000	
49.900000	29.857444	-43.533982	0.000000	
49.950000	29.899239	-43.596257	0.000000	
50.000000	29.941034	-43.658532	0.000000	
50.050000	29.982829	-43.720807	0.000000	
50.100000	30.001551	-43.718986	0.000000	
50.150000	29.994066	-43.644361	0.000000	
50.200000	29.986581	-43.569735	0.000000	
50.250000	29.979096	-43.495110	0.000000	
50.300000	29.971610	-43.420484	0.000000	
50.350000	29.964125	-43.345858	0.000000	
50.400000	29.956640	-43.271233	0.000000	
50.450000	29.949155	-43.196607	0.000000	
50.500000	29.941670	-43.121982	0.000000	
50.550000	29.934184	-43.047356	0.000000	
50.600000	29.926699	-42.972731	0.000000	
50.650000	29.919214	-42.898105	0.000000	
50.700000	29.911729	-42.823480	0.000000	
50.750000	29.904244	-42.748854	0.000000	
50.800000	29.896758	-42.674229	0.000000	
50.850000	29.889273	-42.599603	0.000000	
50.900000	29.881788	-42.524978	0.000000	
50.950000	29.874303	-42.450352	0.000000	
51.000000	29.866818	-42.375726	0.000000	
51.050000	29.859332	-42.301101	0.000000	
51.100000	29.851847	-42.226475	0.000000	
51.150000	29.844362	-42.151850	0.000000	
51.200000	29.836877	-42.077224	0.000000	
51.250000	29.829392	-42.002599	0.000000	
51.300000	29.821906	-41.927973	0.000000	
51.350000	29.814421	-41.853348	0.000000	
51.400000	29.806936	-41.778722	0.000000	
51.450000	29.799451	-41.704097	0.000000	
51.500000	29.791966	-41.629471	0.000000	
51.550000	29.784480	-41.554845	0.000000	
51.600000	29.776995	-41.480220	0.000000	
51.650000	29.769510	-41.405594	0.000000	
51.700000	29.762025	-41.330969	0.000000	
51.750000	29.754540	-41.256343	0.000000	
51.800000	29.747054	-41.181718	0.000000	
51.850000	29.739569	-41.107092	0.000000	
51.900000	29.732084	-41.032467	0.000000	
51.950000	29.724599	-40.957841	0.000000	
52.000000	29.717114	-40.883216	0.000000	
52.050000	29.709628	-40.808590	0.000000	
52.100000	29.702143	-40.733964	0.000000	
52.150000	29.694658	-40.659339	0.000000	
52.200000	29.687173	-40.584713	0.000000	
52.250000	29.679688	-40.510088	0.000000	
52.300000	29.672202	-40.435462	0.000000	
52.350000	29.664717	-40.360837	0.000000	
52.400000	29.657232	-40.286211	0.000000	
52.450000	29.649747	-40.211586	0.000000	
52.500000	29.642262	-40.136960	0.000000	
52.550000	29.634776	-40.062335	0.000000	
52.600000	29.627291	-39.987709	0.000000	
52.650000	29.619806	-39.913083	0.000000	
52.700000	29.612321	-39.838458	0.000000	
52.750000	29.604836	-39.763832	0.000000	
52.800000	29.597350	-39.689207	0.000000	
52.850000	29.589865	-39.614581	0.000000	
52.900000	29.582380	-39.539956	0.000000	
52.950000	29.574895	-39.465330	0.000000	
53.000000	29.567410	-39.390705	0.000000	
53.050000	29.559924	-39.316079	0.000000	
53.100000	29.552439	-39.241454	0.000000	
53.150000	29.544954	-39.166828	0.000000	
53.200000	29.537469	-39.092203	0.000000	
53.250000	29.529984	-39.017577	0.000000	
53.300000	29.522498	-38.942951	0.000000	
53.350000	29.515013	-38.868326	0.000000	
53.400000	29.507528	-38.793700	0.000000	
53.450000	29.500043	-38.719075	0.000000	
53.500000	29.492558	-38.644449	0.000000	
53.550000	29.485072	-38.569824	0.000000	
53.600000	29.477587	-38.495198	0.000000	
53.650000	29.470102	-38.420573	0.000000	
53.700000	29.462617	-38.345947	0.000000	
53.750000	29.455132	-38.271322	0.000000	
53.800000	29.447646	-38.196696	0.000000	
53.850000	29.440161	-38.122070	0.000000	
53.900000	29.432676	-38.047445	0.000000	
53.950000	29.425191	-37.972819	0.000000	
54.000000	29.417706	-37.898194	0.000000	
54.050000	29.410220	-37.823568	0.000000	
54.100000	29.402735	-37.748943	0.000000	
54.150000	29.395250	-37.674317	0.000000	
54.200000	29.387765	-37.599692	0.000000	
54.250000	29.380280	-37.525066	0.000000	
54.300000	29.372794	-37.450441	0.000000	
54.350000	29.365309	-37.375815	0.000000	
54.400000	29.357824	-37.301189	0.000000	
54.450000	29.350339	-37.226564	0.000000	
54.500000	29.342854	-37.151938	0.000000	
54.550000	29.335368	-37.077313	0.000000	
54.600000	29.327883	-37.002687	0.000000	
54.650000	29.320398	-36.928062	0.000000	
54.700000	29.312913	-36.853436	0.000000	
54.750000	29.305428	-36.778811	0.000000	
54.800000	29.297942	-36.704185	0.000000	
54.850000	29.290457	-36.629560	0.000000	
54.900000	29.282972	-36.554934	0.000000	
54.950000	29.275487	-36.480308	0.000000	
55.000000	29.268002	-36.405683	0.000000	
55.050000	29.260516	-36.331057	0.000000	
55.100000	29.253031	-36.256432	0.000000	
55.150000	29.245546	-36.181806	0.000000	
55.200000	29.238061	-36.107181	0.000000	
55.250000	29.230576	-36.032555	0.000000	
55.300000	29.223090	-35.957930	0.000000	
55.350000	29.215605	-35.883304	0.000000	
55.400000	29.208120	-35.808679	0.000000	
55.450000	29.200635	-35.734053	0.000000	
55.500000	29.193150	-35.659427	0.000000	
55.550000	29.185664	-35.584802	0.000000	
55.600000	29.178179	-35.510176	0.000000	
55.650000	29.170694	-35.435551	0.000000	
55.700000	29.163209	-35.360925	0.000000	
55.750000	29.155724	-35.286300	0.000000	
55.800000	29.148238	-35.211674	0.000000	
55.850000	29.140753	-35.137049	0.000000	
55.900000	29.133268	-35.062423	0.000000	
55.950000	29.125783	-34.987798	0.000000	
56.000000	29.118298	-34.913172	0.000000	
56.050000	29.110812	-34.838547	0.000000	
56.100000	29.103327	-34.763921	0.000000	
56.150000	29.095842	-34.689295	0.000000	
56.200000	29.088357	-34.614670	0.000000	
56.250000	29.080872	-34.540044	0.000000	
56.300000	29.073386	-34.465419	0.000000	
56.350000	29.065901	-34.390793	0.000000	
56.400000	29.058416	-34.316168	0.000000	
56.450000	29.050931	-34.241542	0.000000	
56.500000	29.043446	-34.166917	0.000000	
56.550000	29.035960	-34.092291	0.000000	
56.600000	29.028475	-34.017666	0.000000	
56.650000	29.020990	-33.943040	0.000000	
56.700000	29.013505	-33.868414	0.000000	
56.750000	29.006020	-33.793789	0.000000	
56.800000	28.998534	-33.719163	0.000000	
56.850000	28.991049	-33.644538	0.000000	
56.900000	28.983564	-33.569912	0.000000	
56.950000	28.976079	-33.495287	0.000000	
57.000000	28.968594	-33.420661	0.000000	
57.050000	28.961108	-33.346036	0.000000	
57.100000	28.953623	-33.271410	0.000000	
57.150000	28.946138	-33.196785	0.000000	
57.200000	28.938653	-33.122159	0.000000	
57.250000	28.931168	-33.047533	0.000000	
57.300000	28.923682	-32.972908	0.000000	
57.350000	28.916197	-32.898282	0.000000	
57.400000	28.908712	-32.823657	0.000000	
57.450000	28.901227	-32.749031	0.000000	
57.500000	28.893742	-32.674406	0.000000	
57.550000	28.886256	-32.599780	0.000000	
57.600000	28.878771	-32.525155	0.000000	
57.650000	28.871286	-32.450529	0.000000	
57.700000	28.863801	-32.375904	0.000000	
57.750000	28.856316	-32.301278	0.000000	
57.800000	28.848830	-32.226652	0.000000	
57.850000	28.841345	-32.152027	0.000000	
57.900000	28.833860	-32.077401	0.000000	
57.950000	28.826375	-32.002776	0.000000	
58.000000	28.818890	-31.928150	0.000000	
58.050000	28.811404	-31.853525	0.000000	
58.100000	28.803919	-31.778899	0.000000	
58.150000	28.796434	-31.704274	0.000000	
58.200000	28.788949	-31.629648	0.000000	
58.250000	28.781464	-31.555023	0.000000	
58.300000	28.773978	-31.480397	0.000000	
58.350000	28.766493	-31.405771	0.000000	
58.400000	28.759008	-31.331146	0.000000	
58.450000	28.751523	-31.256520	0.000000	
58.500000	28.744038	-31.181895	0.000000	
58.550000	28.736552	-31.107269	0.000000	
58.600000	28.729067	-31.032644	0.000000	
58.650000	28.721582	-30.958018	0.000000	
58.700000	28.714097	-30.883393	0.000000	
58.750000	28.706612	-30.808767	0.000000	
58.800000	28.699126	-30.734142	0.000000	
58.850000	28.686406	-30.672443	0.000000	
58.900000	28.629100	-30.720828	0.000000	
58.950000	28.571794	-30.769212	0.000000	
59.000000	28.514489	-30.817597	0.000000	
59.050000	28.457183	-30.865981	0.000000	
59.100000	28.399877	-30.914366	0.000000	
59.150000	28.342572	-30.962750	0.000000	
59.200000	28.285266	-31.011135	0.000000	
59.250000	28.227961	-31.059519	0.000000	
59.300000	28.170655	-31.107904	0.000000	
59.350000	28.113349	-31.156289	0.000000	
59.400000	28.056044	-31.204673	0.000000	
59.450000	27.998738	-31.253058	0.000000	
59.500000	27.941432	-31.301442	0.000000	
59.550000	27.884127	-31.349827	0.000000	
59.600000	27.826821	-31.398211	0.000000	
59.650000	27.769515	-31.446596	0.000000	
59.700000	27.712210	-31.494980	0.000000	
59.750000	27.654904	-31.543365	0.000000	
59.800000	27.597598	-31.591749	0.000000	
59.850000	27.540293	-31.640134	0.000000	
59.900000	27.482987	-31.688518	0.000000	
59.950000	27.425682	-31.736903	0.000000	
60.000000	27.368376	-31.785288	0.000000	
60.050000	27.311070	-31.833672	0.000000	
60.100000	27.253765	-31.882057	0.000000	
60.150000	27.196459	-31.930441	0.000000	
60.200000	27.139153	-31.978826	0.000000	
60.250000	27.081848	-32.027210	0.000000	
60.300000	27.024542	-32.075595	0.000000	
60.350000	26.967236	-32.123979	0.000000	
60.400000	26.909931	-32.172364	0.000000	
60.450000	26.852625	-32.220748	0.000000	
60.500000	26.795319	-32.269133	0.000000	
60.550000	26.738014	-32.317517	0.000000	
60.600000	26.680708	-32.365902	0.000000	
60.650000	26.623403	-32.414287	0.000000	
60.700000	26.566097	-32.462671	0.000000	
60.750000	26.508791	-32.511056	0.000000	
60.800000	26.451486	-32.559440	0.000000	
60.850000	26.394180	-32.607825	0.000000	
60.900000	26.336874	-32.656209	0.000000	
60.950000	26.279569	-32.704594	0.000000	
61.000000	26.222263	-32.752978	0.000000	
61.050000	26.164957	-32.801363	0.000000	
61.100000	26.107652	-32.849747	0.000000	
61.150000	26.050346	-32.898132	0.000000	
61.200000	25.993041	-32.946516	0.000000	
61.250000	25.935735	-32.994901	0.000000	
61.300000	25.878429	-33.043286	0.000000	
61.350000	25.821124	-33.091670	0.000000	
61.400000	25.763818	-33.140055	0.000000	
61.450000	25.706512	-33.188439	0.000000	
61.500000	25.649207	-33.236824	0.000000	
61.550000	25.591901	-33.285208	0.000000	
61.600000	25.534595	-33.333593	0.000000	
61.650000	25.477290	-33.381977	0.000000	
61.700000	25.419984	-33.430362	0.000000	
61.750000	25.362678	-33.478746	0.000000	
61.800000	25.305373	-33.527131	0.000000	
61.850000	25.248067	-33.575515	0.000000	
61.900000	25.190762	-33.623900	0.000000	
61.950000	25.133456	-33.672285	0.000000	
62.000000	25.076150	-33.720669	0.000000	
62.050000	25.018845	-33.769054	0.000000	
62.100000	24.961539	-33.817438	0.000000	
62.150000	24.904233	-33.865823	0.000000	
62.200000	24.846928	-33.914207	0.000000	
62.250000	24.789622	-33.962592	0.000000	
62.300000	24.732316	-34.010976	0.000000	
62.350000	24.675011	-34.059361	0.000000	
62.400000	24.617705	-34.107745	0.000000	
62.450000	24.560400	-34.156130	0.000000	
62.500000	24.503094	-34.204514	0.000000	
62.550000	24.445788	-34.252899	0.000000	
62.600000	24.388483	-34.301284	0.000000	
62.650000	24.331177	-34.349668	0.000000	
62.700000	24.273871	-34.398053	0.000000	
62.750000	24.216566	-34.446437	0.000000	
62.800000	24.159260	-34.494822	0.000000	
62.850000	24.101954	-34.543206	0.000000	
62.900000	24.044649	-34.591591	0.000000	
62.950000	23.987343	-34.639975	0.000000	
63.000000	23.930037	-34.688360	0.000000	
63.050000	23.872732	-34.736744	0.000000	
63.100000	23.815426	-34.785129	0.000000	
63.150000	23.758121	-34.833513	0.000000	
63.200000	23.700815	-34.881898	0.000000	
63.250000	23.643509	-34.930283	0.000000	
63.300000	23.586204	-34.978667	0.000000	
63.350000	23.528898	-35.027052	0.000000	
63.400000	23.471592	-35.075436	0.000000	
63.450000	23.414287	-35.123821	0.000000	
63.500000	23.356981	-35.172205	0.000000	
63.550000	23.299675	-35.220590	0.000000	
63.600000	23.242370	-35.268974	0.000000	
63.650000	23.185064	-35.317359	0.000000	
63.700000	23.127758	-35.365743	0.000000	
63.750000	23.070453	-35.414128	0.000000	
63.800000	23.013147	-35.462512	0.000000	
63.850000	22.955842	-35.510897	0.000000	
63.900000	22.898536	-35.559282	0.000000	
63.950000	22.841230	-35.607666	0.000000	
64.000000	22.783925	-35.656051	0.000000	
64.050000	22.726619	-35.704435	0.000000	
64.100000	22.669313	-35.752820	0.000000	
64.150000	22.612008	-35.801204	0.000000	
64.200000	22.554702	-35.849589	0.000000	
64.250000	22.497396	-35.897973	0.000000	
64.300000	22.440091	-35.946358	0.000000	
64.350000	22.382785	-35.994742	0.000000	
64.400000	22.325480	-36.043127	0.000000	
64.450000	22.268174	-36.091511	0.000000	
64.500000	22.210868	-36.139896	0.000000	
64.550000	22.153563	-36.188281	0.000000	
64.600000	22.096257	-36.236665	0.000000	
64.650000	22.038951	-36.285050	0.000000	
64.700000	21.981646	-36.333434	0.000000	
64.750000	21.924340	-36.381819	0.000000	
64.800000	21.867034	-36.430203	0.000000	
64.850000	21.809729	-36.478588	0.000000	
64.900000	21.752423	-36.526972	0.000000	
64.950000	21.695117	-36.575357	0.000000	
65.000000	21.637812	-36.623741	0.000000	
65.050000	21.580506	-36.672126	0.000000	
65.100000	21.523201	-36.720510	0.000000	
65.150000	21.465895	-36.768895	0.000000	
65.200000	21.408589	-36.817280	0.000000	
65.250000	21.351284	-36.865664	0.000000	
65.300000	21.293978	-36.914049	0.000000	
65.350000	21.236672	-36.962433	0.000000	
65.400000	21.179367	-37.010818	0.000000	
65.450000	21.122061	-37.059202	0.000000	
65.500000	21.064755	-37.107587	0.000000	
65.550000	21.007450	-37.155971	0.000000	
65.600000	20.950144	-37.204356	0.000000	
65.650000	20.892838	-37.252740	0.000000	
65.700000	20.835533	-37.301125	0.000000	
65.750000	20.778227	-37.349509	0.000000	
65.800000	20.720922	-37.397894	0.000000	
65.850000	20.663616	-37.446279	0.000000	
65.900000	20.606310	-37.494663	0.000000	
65.950000	20.549005	-37.543048	0.000000	
66.000000	20.491699	-37.591432	0.000000	
66.050000	20.434393	-37.639817	0.000000	
66.100000	20.377088	-37.688201	0.000000	
66.150000	20.319782	-37.736586	0.000000	
66.200000	20.262476	-37.784970	0.000000	
66.250000	20.205171	-37.833355	0.000000	
66.300000	20.147865	-37.881739	0.000000	
66.350000	20.090560	-37.930124	0.000000	
66.400000	20.033254	-37.978508	0.000000	
66.450000	19.975948	-38.026893	0.000000	
66.500000	20.025056	-38.051418	0.000000	
66.550000	20.097535	-38.070703	0.000000	
66.600000	20.170013	-38.089988	0.000000	
66.650000	20.242491	-38.109272	0.000000	
66.700000	20.314969	-38.128557	0.000000	
66.750000	20.387448	-38.147842	0.000000	
66.800000	20.459926	-38.167127	0.000000	
66.850000	20.532404	-38.186412	0.000000	
66.900000	20.604882	-38.205697	0.000000	
66.950000	20.677360	-38.224982	0.000000	
67.000000	20.749839	-38.244266	0.000000	
67.050000	20.822317	-38.263551	0.000000	
67.100000	20.894795	-38.282836	0.000000	
67.150000	20.967273	-38.302121	0.000000	
67.200000	21.039752	-38.321406	0.000000	
67.250000	21.112230	-38.340691	0.000000	
67.300000	21.184708	-38.359976	0.000000	
67.350000	21.257186	-38.379260	0.000000	
67.400000	21.329665	-38.398545	0.000000	
67.450000	21.402143	-38.417830	0.000000	
67.500000	21.474621	-38.437115	0.000000	
67.550000	21.547099	-38.456400	0.000000	
67.600000	21.619577	-38.475685	0.000000	
67.650000	21.692056	-38.494970	0.000000	
67.700000	21.764534	-38.514254	0.000000	
67.750000	21.837012	-38.533539	0.000000	
67.800000	21.909490	-38.552824	0.000000	
67.850000	21.981969	-38.572109	0.000000	
67.900000	22.054447	-38.591394	0.000000	
67.950000	22.126925	-38.610679	0.000000	
68.000000	22.199403	-38.629964	0.000000	
68.050000	22.271882	-38.649249	0.000000	
68.100000	22.344360	-38.668533	0.000000	
68.150000	22.416838	-38.687818	0.000000	
68.200000	22.489316	-38.707103	0.000000	
68.250000	22.561794	-38.726388	0.000000	
68.300000	22.634273	-38.745673	0.000000	
68.350000	22.706751	-38.764958	0.000000	
68.400000	22.779229	-38.784243	0.000000	
68.450000	22.851707	-38.803527	0.000000	
68.500000	22.924186	-38.822812	0.000000	
68.550000	22.996664	-38.842097	0.000000	
68.600000	23.069142	-38.861382	0.000000	
68.650000	23.141620	-38.880667	0.000000	
68.700000	23.214099	-38.899952	0.000000	
68.750000	23.286577	-38.919237	0.000000	
68.800000	23.359055	-38.938521	0.000000	
68.850000	23.431533	-38.957806	0.000000	
68.900000	23.504011	-38.977091	0.000000	
68.950000	23.576490	-38.996376	0.000000	
69.000000	23.648968	-39.015661	0.000000	
69.050000	23.721446	-39.034946	0.000000	
69.100000	23.793924	-39.054231	0.000000	
69.150000	23.866403	-39.073515	0.000000	
69.200000	23.938881	-39.092800	0.000000	
69.250000	24.011359	-39.112085	0.000000	
69.300000	24.083837	-39.131370	0.000000	
69.350000	24.156316	-39.150655	0.000000	
69.400000	24.228794	-39.169940	0.000000	
69.450000	24.301272	-39.189225	0.000000	
69.500000	24.373750	-39.208510	0.000000	
69.550000	24.446228	-39.227794	0.000000	
69.600000	24.518707	-39.247079	0.000000	
69.650000	24.591185	-39.266364	0.000000	
69.700000	24.663663	-39.285649	0.000000	
69.750000	24.736141	-39.304934	0.000000	
69.800000	24.808620	-39.324219	0.000000	
69.850000	24.881098	-39.343504	0.000000	
69.900000	24.953576	-39.362788	0.000000	
69.950000	25.026054	-39.382073	0.000000	
70.000000	25.098533	-39.401358	0.000000	
70.050000	25.171011	-39.420643	0.000000	
70.100000	25.243489	-39.439928	0.000000	
70.150000	25.315967	-39.459213	0.000000	
70.200000	25.388446	-39.478498	0.000000	
70.250000	25.460924	-39.497782	0.000000	
70.300000	25.533402	-39.517067	0.000000	
70.350000	25.605880	-39.536352	0.000000	
70.400000	25.678358	-39.555637	0.000000	
70.450000	25.750837	-39.574922	0.000000	
70.500000	25.823315	-39.594207	0.000000	
70.550000	25.895793	-39.613492	0.000000	
70.600000	25.968271	-39.632776	0.000000	
70.650000	26.040750	-39.652061	0.000000	
70.700000	26.113228	-39.671346	0.000000	
70.750000	26.185706	-39.690631	0.000000	
70.800000	26.258184	-39.709916	0.000000	
70.850000	26.330663	-39.729201	0.000000	
70.900000	26.403141	-39.748486	0.000000	
70.950000	26.475619	-39.767771	0.000000	
71.000000	26.548097	-39.787055	0.000000	
71.050000	26.620575	-39.806340	0.000000	
71.100000	26.693054	-39.825625	0.000000	
71.150000	26.765532	-39.844910	0.000000	
71.200000	26.838010	-39.864195	0.000000	
71.250000	26.910488	-39.883480	0.000000	
71.300000	26.982967	-39.902765	0.000000	
71.350000	27.055445	-39.922049	0.000000	
71.400000	27.127923	-39.941334	0.000000	
71.450000	27.200401	-39.960619	0.000000	
71.500000	27.272880	-39.979904	0.000000	
71.550000	27.345358	-39.999189	0.000000	
71.600000	27.417836	-40.018474	0.000000	
71.650000	27.490314	-40.037759	0.000000	
71.700000	27.562792	-40.057043	0.000000	
71.750000	27.635271	-40.076328	0.000000	
71.800000	27.707749	-40.095613	0.000000	
71.850000	27.780227	-40.114898	0.000000	
71.900000	27.852705	-40.134183	0.000000	
71.950000	27.925184	-40.153468	0.000000	
72.000000	27.997662	-40.172753	0.000000	
72.050000	28.070140	-40.192037	0.000000	
72.100000	28.142618	-40.211322	0.000000	
72.150000	28.215097	-40.230607	0.000000	
72.200000	28.287575	-40.249892	0.000000	
72.250000	28.360053	-40.269177	0.000000	
72.300000	28.432531	-40.288462	0.000000	
72.350000	28.505009	-40.307747	0.000000	
72.400000	28.577949	-40.324493	0.000000	
72.450000	28.652579	-40.331930	0.000000	
72.500000	28.727210	-40.339367	0.000000	
72.550000	28.801840	-40.346804	0.000000	
72.600000	28.876470	-40.354242	0.000000	
72.650000	28.951101	-40.361679	0.000000	
72.700000	29.025731	-40.369116	0.000000	
72.750000	29.100361	-40.376553	0.000000	
72.800000	29.174992	-40.383990	0.000000	
72.850000	29.249622	-40.391427	0.000000	
72.900000	29.324252	-40.398865	0.000000	
72.950000	29.398883	-40.406302	0.000000	
73.000000	29.473513	-40.413739	0.000000	
73.050000	29.548143	-40.421176	0.000000	
73.100000	29.622774	-40.428613	0.000000	
73.150000	29.697404	-40.436050	0.000000	
73.200000	29.772034	-40.443488	0.000000	
73.250000	29.846665	-40.450925	0.000000	
73.300000	29.921295	-40.458362	0.000000	
73.350000	29.995925	-40.465799	0.000000	
73.400000	30.070556	-40.473236	0.000000	
73.450000	30.145186	-40.480673	0.000000	
73.500000	30.219816	-40.488111	0.000000	
73.550000	30.294447	-40.495548	0.000000	
73.600000	30.369077	-40.502985	0.000000	
73.650000	30.443707	-40.510422	0.000000	
73.700000	30.518338	-40.517859	0.000000	
73.750000	30.592968	-40.525297	0.000000	
73.800000	30.667599	-40.532734	0.000000	
73.850000	30.742229	-40.540171	0.000000	
73.900000	30.816859	-40.547608	0.000000	
73.950000	30.891490	-40.555045	0.000000	
74.000000	30.966120	-40.562482	0.000000	
74.050000	31.040750	-40.569920	0.000000	
74.100000	31.115381	-40.577357	0.000000	
74.150000	31.190011	-40.584794	0.000000	
74.200000	31.264641	-40.592231	0.000000	
74.250000	31.339272	-40.599668	0.000000	
74.300000	31.413902	-40.607105	0.000000	
74.350000	31.488532	-40.614543	0.000000	
74.400000	31.563163	-40.621980	0.000000	
74.450000	31.637793	-40.629417	0.000000	
74.500000	31.712423	-40.636854	0.000000	
74.550000	31.787054	-40.644291	0.000000	
74.600000	31.861684	-40.651728	0.000000	
74.650000	31.936314	-40.659166	0.000000	
74.700000	32.010945	-40.666603	0.000000	
74.750000	32.085575	-40.674040	0.000000	
74.800000	32.160205	-40.681477	0.000000	
74.850000	32.234836	-40.688914	0.000000	
74.900000	32.309466	-40.696351	0.000000	
74.950000	32.384096	-40.703789	0.000000	
75.000000	32.458727	-40.711226	0.000000	
75.050000	32.533357	-40.718663	0.000000	
75.100000	32.607988	-40.726100	0.000000	
75.150000	32.682618	-40.733537	0.000000	
75.200000	32.757248	-40.740975	0.000000	
75.250000	32.831879	-40.748412	0.000000	
75.300000	32.906509	-40.755849	0.000000	
75.350000	32.981139	-40.763286	0.000000	
75.400000	33.055770	-40.770723	0.000000	
75.450000	33.130400	-40.778160	0.000000	
75.500000	33.205030	-40.785598	0.000000	
75.550000	33.279661	-40.793035	0.000000	
75.600000	33.354291	-40.800472	0.000000	
75.650000	33.428921	-40.807909	0.000000	
75.700000	33.503552	-40.815346	0.000000	
75.750000	33.578182	-40.822783	0.000000	
75.800000	33.652812	-40.830221	0.000000	
75.850000	33.727443	-40.837658	0.000000	
75.900000	33.802073	-40.845095	0.000000	
75.950000	33.876703	-40.852532	0.000000	
76.000000	33.951334	-40.859969	0.000000	
76.050000	34.025964	-40.867406	0.000000	
76.100000	34.100594	-40.874844	0.000000	
76.150000	34.175225	-40.882281	0.000000	
76.200000	34.249855	-40.889718	0.000000	
76.250000	34.324485	-40.897155	0.000000	
76.300000	34.399116	-40.904592	0.000000	
76.350000	34.473746	-40.912029	0.000000	
76.400000	34.548376	-40.919467	0.000000	
76.450000	34.623007	-40.926904	0.000000	
76.500000	34.697637	-40.934341	0.000000	
76.550000	34.772268	-40.941778	0.000000	
76.600000	34.846898	-40.949215	0.000000	
76.650000	34.921528	-40.956653	0.000000	
76.700000	34.996159	-40.964090	0.000000	
76.750000	35.070789	-40.971527	0.000000	
76.800000	35.145419	-40.978964	0.000000	
76.850000	35.220050	-40.986401	0.000000	
76.900000	35.294680	-40.993838	0.000000	
76.950000	35.369310	-41.001276	0.000000	
77.000000	35.443941	-41.008713	0.000000	
77.050000	35.518571	-41.016150	0.000000	
77.100000	35.593201	-41.023587	0.000000	
77.150000	35.667832	-41.031024	0.000000	
77.200000	35.742462	-41.038461	0.000000	
77.250000	35.817092	-41.045899	0.000000	
77.300000	35.891723	-41.053336	0.000000	
77.350000	35.966353	-41.060773	0.000000	
77.400000	36.040983	-41.068210	0.000000	
77.450000	36.115614	-41.075647	0.000000	
77.500000	36.190244	-41.083084	0.000000	
77.550000	36.264874	-41.090522	0.000000	
77.600000	36.339505	-41.097959	0.000000	
77.650000	36.414135	-41.105396	0.000000	
77.700000	36.488765	-41.112833	0.000000	
77.750000	36.563396	-41.120270	0.000000	
77.800000	36.638026	-41.127707	0.000000	
77.850000	36.712657	-41.135145	0.000000	
77.900000	36.787287	-41.142582	0.000000	
77.950000	36.861917	-41.150019	0.000000	
78.000000	36.936548	-41.157456	0.000000	
78.050000	37.011178	-41.164893	0.000000	
78.100000	37.085808	-41.172331	0.000000	
78.150000	37.160439	-41.179768	0.000000	
78.200000	37.235069	-41.187205	0.000000	
78.250000	37.309699	-41.194642	0.000000	
78.300000	37.384330	-41.202079	0.000000	
78.350000	37.458960	-41.209516	0.000000	
78.400000	37.533590	-41.216954	0.000000	
78.450000	37.608221	-41.224391	0.000000	
78.500000	37.682851	-41.231828	0.000000	
78.550000	37.757481	-41.239265	0.000000	
78.600000	37.832112	-41.246702	0.000000	
78.650000	37.906742	-41.254139	0.000000	
78.700000	37.981372	-41.261577	0.000000	
78.750000	38.056003	-41.269014	0.000000	
78.800000	38.130633	-41.276451	0.000000	
78.850000	38.205263	-41.283888	0.000000	
78.900000	38.279894	-41.291325	0.000000	
78.950000	38.354524	-41.298762	0.000000	
79.000000	38.429154	-41.306200	0.000000	
79.050000	38.503785	-41.313637	0.000000	
79.100000	38.578415	-41.321074	0.000000	
79.150000	38.653045	-41.328511	0.000000	
79.200000	38.727676	-41.335948	0.000000	
79.250000	38.802306	-41.343385	0.000000	
79.300000	38.876937	-41.350823	0.000000	
79.350000	38.951567	-41.358260	0.000000	
79.400000	39.026197	-41.365697	0.000000	
79.450000	39.100828	-41.373134	0.000000	
79.500000	39.175458	-41.380571	0.000000	
79.550000	39.250088	-41.388009	0.000000	
79.600000	39.324719	-41.395446	0.000000	
79.650000	39.399349	-41.402883	0.000000	
79.700000	39.473979	-41.410320	0.000000	
79.750000	39.548610	-41.417757	0.000000	
79.800000	39.623240	-41.425194	0.000000	
79.850000	39.697870	-41.432632	0.000000	
79.900000	39.722812	-41.425492	0.000000	
79.950000	39.655992	-41.391432	0.000000	
80.000000	39.589171	-41.357373	0.000000	
80.050000	39.522351	-41.323313	0.000000	
80.100000	39.455531	-41.289254	0.000000	
80.150000	39.388710	-41.255194	0.000000	
80.200000	39.321890	-41.221135	0.000000	
80.250000	39.255070	-41.187075	0.000000	
80.300000	39.188250	-41.153016	0.000000	
80.350000	39.121429	-41.118956	0.000000	
80.400000	39.054609	-41.084897	0.000000	
80.450000	38.987789	-41.050837	0.000000	
80.500000	38.920969	-41.016778	0.000000	
80.550000	38.854148	-40.982718	0.000000	
80.600000	38.787328	-40.948658	0.000000	
80.650000	38.720508	-40.914599	0.000000	
80.700000	38.653687	-40.880539	0.000000	
80.750000	38.586867	-40.846480	0.000000	
80.800000	38.520047	-40.812420	0.000000	
80.850000	38.453227	-40.778361	0.000000	
80.900000	38.386406	-40.744301	0.000000	
80.950000	38.319586	-40.710242	0.000000	
81.000000	38.252766	-40.676182	0.000000	
81.050000	38.185946	-40.642123	0.000000	
81.100000	38.119125	-40.608063	0.000000	
81.150000	38.052305	-40.574004	0.000000	
81.200000	37.985485	-40.539944	0.000000	
81.250000	37.918664	-40.505885	0.000000	
81.300000	37.851844	-40.471825	0.000000	
81.350000	37.785024	-40.437766	0.000000	
81.400000	37.718204	-40.403706	0.000000	
81.450000	37.651383	-40.369647	0.000000	
81.500000	37.584563	-40.335587	0.000000	
81.550000	37.517743	-40.301528	0.000000	
81.600000	37.450922	-40.267468	0.000000	
81.650000	37.384102	-40.233409	0.000000	
81.700000	37.317282	-40.199349	0.000000	
81.750000	37.250462	-40.165290	0.000000	
81.800000	37.183641	-40.131230	0.000000	
81.850000	37.116821	-40.097171	0.000000	
81.900000	37.050001	-40.063111	0.000000	
81.950000	36.983181	-40.029051	0.000000	
82.000000	36.916360	-39.994992	0.000000	
82.050000	36.849540	-39.960932	0.000000	
82.100000	36.782720	-39.926873	0.000000	
82.150000	36.715899	-39.892813	0.000000	
82.200000	36.649079	-39.858754	0.000000	
82.250000	36.582259	-39.824694	0.000000	
82.300000	36.515439	-39.790635	0.000000	
82.350000	36.448618	-39.756575	0.000000	
82.400000	36.381798	-39.722516	0.000000	
82.450000	36.314978	-39.688456	0.000000	
82.500000	36.248158	-39.654397	0.000000	
82.550000	36.181337	-39.620337	0.000000	
82.600000	36.114517	-39.586278	0.000000	
82.650000	36.047697	-39.552218	0.000000	
82.700000	35.980876	-39.518159	0.000000	
82.750000	35.914056	-39.484099	0.000000	
82.800000	35.847236	-39.450040	0.000000	
82.850000	35.780416	-39.415980	0.000000	
82.900000	35.713595	-39.381921	0.000000	
82.950000	35.646775	-39.347861	0.000000	
83.000000	35.579955	-39.313802	0.000000	
83.050000	35.513134	-39.279742	0.000000	
83.100000	35.446314	-39.245683	0.000000	
83.150000	35.379494	-39.211623	0.000000	
83.200000	35.312674	-39.177564	0.000000	
83.250000	35.245853	-39.143504	0.000000	
83.300000	35.179033	-39.109444	0.000000	
83.350000	35.112213	-39.075385	0.000000	
83.400000	35.045393	-39.041325	0.000000	
83.450000	34.978572	-39.007266	0.000000	
83.500000	34.911752	-38.973206	0.000000	
83.550000	34.844932	-38.939147	0.000000	
83.600000	34.778111	-38.905087	0.000000	
83.650000	34.711291	-38.871028	0.000000	
83.700000	34.644471	-38.836968	0.000000	
83.750000	34.577651	-38.802909	0.000000	
83.800000	34.510830	-38.768849	0.000000	
83.850000	34.444010	-38.734790	0.000000	
83.900000	34.377190	-38.700730	0.000000	
83.950000	34.310370	-38.666671	0.000000	
84.000000	34.243549	-38.632611	0.000000	
84.050000	34.176729	-38.598552	0.000000	
84.100000	34.109909	-38.564492	0.000000	
84.150000	34.043088	-38.530433	0.000000	
84.200000	33.976268	-38.496373	0.000000	
84.250000	33.909448	-38.462314	0.000000	
84.300000	33.842628	-38.428254	0.000000	
84.350000	33.775807	-38.394195	0.000000	
84.400000	33.708987	-38.360135	0.000000	
84.450000	33.642167	-38.326076	0.000000	
84.500000	33.575347	-38.292016	0.000000	
84.550000	33.508526	-38.257957	0.000000	
84.600000	33.441706	-38.223897	0.000000	
84.650000	33.374886	-38.189837	0.000000	
84.700000	33.308065	-38.155778	0.000000	
84.750000	33.241245	-38.121718	0.000000	
84.800000	33.174425	-38.087659	0.000000	
84.850000	33.107605	-38.053599	0.000000	
84.900000	33.040784	-38.019540	0.000000	
84.950000	32.973964	-37.985480	0.000000	
85.000000	32.907144	-37.951421	0.000000	
85.050000	32.840323	-37.917361	0.000000	
85.100000	32.773503	-37.883302	0.000000	
85.150000	32.706683	-37.849242	0.000000	
85.200000	32.639863	-37.815183	0.000000	
85.250000	32.573042	-37.781123	0.000000	
85.300000	32.506222	-37.747064	0.000000	
85.350000	32.439402	-37.713004	0.000000	
85.400000	32.372582	-37.678945	0.000000	
85.450000	32.305761	-37.644885	0.000000	
85.500000	32.238941	-37.610826	0.000000	
85.550000	32.172121	-37.576766	0.000000	
85.600000	32.105300	-37.542707	0.000000	
85.650000	32.038480	-37.508647	0.000000	
85.700000	31.971660	-37.474588	0.000000	
85.750000	31.904840	-37.440528	0.000000	
85.800000	31.838019	-37.406469	0.000000	
85.850000	31.771199	-37.372409	0.000000	
85.900000	31.704379	-37.338350	0.000000	
85.950000	31.637559	-37.304290	0.000000	
86.000000	31.570738	-37.270230	0.000000	
86.050000	31.503918	-37.236171	0.000000	
86.100000	31.437098	-37.202111	0.000000	
86.150000	31.370277	-37.168052	0.000000	
86.200000	31.303457	-37.133992	0.000000	
86.250000	31.236637	-37.099933	0.000000	
86.300000	31.169817	-37.065873	0.000000	
86.350000	31.102996	-37.031814	0.000000	
86.400000	31.036176	-36.997754	0.000000	
86.450000	30.969356	-36.963695	0.000000	
86.500000	30.902535	-36.929635	0.000000	
86.550000	30.835715	-36.895576	0.000000	
86.600000	30.768895	-36.861516	0.000000	
86.650000	30.702075	-36.827457	0.000000	
86.700000	30.635254	-36.793397	0.000000	
86.750000	30.568434	-36.759338	0.000000	
86.800000	30.501614	-36.725278	0.000000	
86.850000	30.434794	-36.691219	0.000000	
86.900000	30.367973	-36.657159	0.000000	
86.950000	30.301153	-36.623100	0.000000	
87.000000	30.234333	-36.589040	0.000000	
87.050000	30.167512	-36.554981	0.000000	
87.100000	30.100692	-36.520921	0.000000	
87.150000	30.033872	-36.486862	0.000000	
87.200000	29.967052	-36.452802	0.000000	
87.250000	29.900231	-36.418743	0.000000	
87.300000	29.833411	-36.384683	0.000000	
87.350000	29.766591	-36.350624	0.000000	
87.400000	29.699771	-36.316564	0.000000	
87.450000	29.632950	-36.282504	0.000000	
87.500000	29.566130	-36.248445	0.000000	
87.550000	29.499310	-36.214385	0.000000	
87.600000	29.432489	-36.180326	0.000000	
87.650000	29.365669	-36.146266	0.000000	
87.700000	29.298849	-36.112207	0.000000	
87.750000	29.232029	-36.078147	0.000000	
87.800000	29.165208	-36.044088	0.000000	
87.850000	29.098388	-36.010028	0.000000	
87.900000	29.031568	-35.975969	0.000000	
87.950000	28.964748	-35.941909	0.000000	
88.000000	28.897927	-35.907850	0.000000	
88.050000	28.831107	-35.873790	0.000000	
88.100000	28.764287	-35.839731	0.000000	
88.150000	28.697466	-35.805671	0.000000	
88.200000	28.630646	-35.771612	0.000000	
88.250000	28.563826	-35.737552	0.000000	
88.300000	28.497006	-35.703493	0.000000	
88.350000	28.430185	-35.669433	0.000000	
88.400000	28.363365	-35.635374	0.000000	
88.450000	28.296545	-35.601314	0.000000	
88.500000	28.229724	-35.567255	0.000000	
88.550000	28.162904	-35.533195	0.000000	
88.600000	28.096084	-35.499136	0.000000	
88.650000	28.029264	-35.465076	0.000000	
88.700000	27.962443	-35.431017	0.000000	
88.750000	27.895623	-35.396957	0.000000	
88.800000	27.828803	-35.362897	0.000000	
88.850000	27.761983	-35.328838	0.000000	
88.900000	27.695162	-35.294778	0.000000	
88.950000	27.628342	-35.260719	0.000000	
89.000000	27.561522	-35.226659	0.000000	
89.050000	27.494701	-35.192600	0.000000	
89.100000	27.427881	-35.158540	0.000000	
89.150000	27.361061	-35.124481	0.000000	
89.200000	27.294241	-35.090421	0.000000	
89.250000	27.227420	-35.056362	0.000000	
89.300000	27.160600	-35.022302	0.000000	
89.350000	27.093780	-34.988243	0.000000	
89.400000	27.026960	-34.954183	0.000000	
89.450000	26.960139	-34.920124	0.000000	
89.500000	26.893319	-34.886064	0.000000	
89.550000	26.826499	-34.852005	0.000000	
89.600000	26.759678	-34.817945	0.000000	
89.650000	26.692858	-34.783886	0.000000	
89.700000	26.626038	-34.749826	0.000000	
89.750000	26.559218	-34.715767	0.000000	
89.800000	26.492397	-34.681707	0.000000	
89.850000	26.425577	-34.647648	0.000000	
89.900000	26.358757	-34.613588	0.000000	
89.950000	26.291936	-34.579529	0.000000	
90.000000	26.225116	-34.545469	0.000000	
90.050000	26.158296	-34.511410	0.000000	
90.100000	26.091476	-34.477350	0.000000	
90.150000	26.024655	-34.443290	0.000000	
90.200000	25.957835	-34.409231	0.000000	
90.250000	25.891015	-34.375171	0.000000	
90.300000	25.824195	-34.341112	0.000000	
90.350000	25.757374	-34.307052	0.000000	
90.400000	25.690554	-34.272993	0.000000	
90.450000	25.623734	-34.238933	0.000000	
90.500000	25.556913	-34.204874	0.000000	
90.550000	25.490093	-34.170814	0.000000	
90.600000	25.423273	-34.136755	0.000000	
90.650000	25.356453	-34.102695	0.000000	
90.700000	25.289632	-34.068636	0.000000	
90.750000	25.222812	-34.034576	0.000000	
90.800000	25.155992	-34.000517	0.000000	
90.850000	25.089172	-33.966457	0.000000	
90.900000	25.022351	-33.932398	0.000000	
90.950000	24.955531	-33.898338	0.000000	
91.000000	24.888711	-33.864279	0.000000	
91.050000	24.821890	-33.830219	0.000000	
91.100000	24.806367	-33.875591	0.000000	
91.150000	24.809924	-33.950507	0.000000	
91.200000	24.813480	-34.025422	0.000000	
91.250000	24.817036	-34.100338	0.000000	
91.300000	24.820592	-34.175254	0.000000	
91.350000	24.824149	-34.250169	0.000000	
91.400000	24.827705	-34.325085	0.000000	
91.450000	24.831261	-34.400001	0.000000	
91.500000	24.834818	-34.474916	0.000000	
91.550000	24.838374	-34.549832	0.000000	
91.600000	24.841930	-34.624748	0.000000	
91.650000	24.845486	-34.699663	0.000000	
91.700000	24.849043	-34.774579	0.000000	
91.750000	24.852599	-34.849495	0.000000	
91.800000	24.856155	-34.924410	0.000000	
91.850000	24.859711	-34.999326	0.000000	
91.900000	24.863268	-35.074241	0.000000	
91.950000	24.866824	-35.149157	0.000000	
92.000000	24.870380	-35.224073	0.000000	
92.050000	24.873937	-35.298988	0.000000	
92.100000	24.877493	-35.373904	0.000000	
92.150000	24.881049	-35.448820	0.000000	
92.200000	24.884605	-35.523735	0.000000	
92.250000	24.888162	-35.598651	0.000000	
92.300000	24.891718	-35.673567	0.000000	
92.350000	24.895274	-35.748482	0.000000	
92.400000	24.898830	-35.823398	0.000000	
92.450000	24.902387	-35.898313	0.000000	
92.500000	24.905943	-35.973229	0.000000	
92.550000	24.909499	-36.048145	0.000000	
92.600000	24.913056	-36.123060	0.000000	
92.650000	24.916612	-36.197976	0.000000	
92.700000	24.920168	-36.272892	0.000000	
92.750000	24.923724	-36.347807	0.000000	
92.800000	24.927281	-36.422723	0.000000	
92.850000	24.930837	-36.497639	0.000000	
92.900000	24.934393	-36.572554	0.000000	
92.950000	24.937950	-36.647470	0.000000	
93.000000	24.941506	-36.722385	0.000000	
93.050000	24.945062	-36.797301	0.000000	
93.100000	24.948618	-36.872217	0.000000	
93.150000	24.952175	-36.947132	0.000000	
93.200000	24.955731	-37.022048	0.000000	
93.250000	24.959287	-37.096964	0.000000	
93.300000	24.962843	-37.171879	0.000000	
93.350000	24.966400	-37.246795	0.000000	
93.400000	24.969956	-37.321711	0.000000	
93.450000	24.973512	-37.396626	0.000000	
93.500000	24.977069	-37.471542	0.000000	
93.550000	24.980625	-37.546458	0.000000	
93.600000	24.984181	-37.621373	0.000000	
93.650000	24.987737	-37.696289	0.000000	
93.700000	24.991294	-37.771204	0.000000	
93.750000	24.994850	-37.846120	0.000000	
93.800000	24.998406	-37.921036	0.000000	
93.850000	25.001962	-37.995951	0.000000	
93.900000	25.005519	-38.070867	0.000000	
93.950000	25.009075	-38.145783	0.000000	
94.000000	25.012631	-38.220698	0.000000	
94.050000	25.016188	-38.295614	0.000000	
94.100000	25.019744	-38.370530	0.000000	
94.150000	25.023300	-38.445445	0.000000	
94.200000	25.026856	-38.520361	0.000000	
94.250000	25.030413	-38.595276	0.000000	
94.300000	25.033969	-38.670192	0.000000	
94.350000	25.037525	-38.745108	0.000000	
94.400000	25.041081	-38.820023	0.000000	
94.450000	25.044638	-38.894939	0.000000	
94.500000	25.048194	-38.969855	0.000000	
94.550000	25.051750	-39.044770	0.000000	
94.600000	25.055307	-39.119686	0.000000	
94.650000	25.058863	-39.194602	0.000000	
94.700000	25.062419	-39.269517	0.000000	
94.750000	25.065975	-39.344433	0.000000	
94.800000	25.069532	-39.419348	0.000000	
94.850000	25.073088	-39.494264	0.000000	
94.900000	25.076644	-39.569180	0.000000	
94.950000	25.080200	-39.644095	0.000000	
95.000000	25.083757	-39.719011	0.000000	
95.050000	25.087313	-39.793927	0.000000	
95.100000	25.090869	-39.868842	0.000000	
95.150000	25.094426	-39.943758	0.000000	
95.200000	25.097982	-40.018674	0.000000	
95.250000	25.101538	-40.093589	0.000000	
95.300000	25.105094	-40.168505	0.000000	
95.350000	25.108651	-40.243421	0.000000	
95.400000	25.112207	-40.318336	0.000000	
95.450000	25.115763	-40.393252	0.000000	
95.500000	25.119319	-40.468167	0.000000	
95.550000	25.122876	-40.543083	0.000000	
95.600000	25.126432	-40.617999	0.000000	
95.650000	25.129988	-40.692914	0.000000	
95.700000	25.133545	-40.767830	0.000000	
95.750000	25.137101	-40.842746	0.000000	
95.800000	25.140657	-40.917661	0.000000	
95.850000	25.144213	-40.992577	0.000000	
95.900000	25.147770	-41.067493	0.000000	
95.950000	25.151326	-41.142408	0.000000	
96.000000	25.154882	-41.217324	0.000000	
96.050000	25.158439	-41.292239	0.000000	
96.100000	25.161995	-41.367155	0.000000	
96.150000	25.165551	-41.442071	0.000000	
96.200000	25.169107	-41.516986	0.000000	
96.250000	25.172664	-41.591902	0.000000	
96.300000	25.176220	-41.666818	0.000000	
96.350000	25.179776	-41.741733	0.000000	
96.400000	25.183332	-41.816649	0.000000	
96.450000	25.186889	-41.891565	0.000000	
96.500000	25.190445	-41.966480	0.000000	
96.550000	25.194001	-42.041396	0.000000	
96.600000	25.197558	-42.116311	0.000000	
96.650000	25.201114	-42.191227	0.000000	
96.700000	25.204670	-42.266143	0.000000	
96.750000	25.208226	-42.341058	0.000000	
96.800000	25.211783	-42.415974	0.000000	
96.850000	25.215339	-42.490890	0.000000	
96.900000	25.218895	-42.565805	0.000000	
96.950000	25.222451	-42.640721	0.000000	
97.000000	25.226008	-42.715637	0.000000	
97.050000	25.229564	-42.790552	0.000000	
97.100000	25.233120	-42.865468	0.000000	
97.150000	25.236677	-42.940383	0.000000	
97.200000	25.240233	-43.015299	0.000000	
97.250000	25.243789	-43.090215	0.000000	
97.300000	25.247345	-43.165130	0.000000	
97.350000	25.250902	-43.240046	0.000000	
97.400000	25.254458	-43.314962	0.000000	
97.450000	25.258014	-43.389877	0.000000	
97.500000	25.261570	-43.464793	0.000000	
97.550000	25.265127	-43.539709	0.000000	
97.600000	25.268683	-43.614624	0.000000	
97.650000	25.272239	-43.689540	0.000000	
97.700000	25.275796	-43.764456	0.000000	
97.750000	25.279352	-43.839371	0.000000	
97.800000	25.282908	-43.914287	0.000000	
97.850000	25.286464	-43.989202	0.000000	
97.900000	25.290021	-44.064118	0.000000	
97.950000	25.293577	-44.139034	0.000000	
98.000000	25.297133	-44.213949	0.000000	
98.050000	25.300689	-44.288865	0.000000	
98.100000	25.304246	-44.363781	0.000000	
98.150000	25.307802	-44.438696	0.000000	
98.200000	25.311358	-44.513612	0.000000	
98.250000	25.314915	-44.588528	0.000000	
98.300000	25.318471	-44.663443	0.000000	
98.350000	25.322027	-44.738359	0.000000	
98.400000	25.325583	-44.813274	0.000000	
98.450000	25.329140	-44.888190	0.000000	
98.500000	25.332696	-44.963106	0.000000	
98.550000	25.336252	-45.038021	0.000000	
98.600000	25.339808	-45.112937	0.000000	
98.650000	25.343365	-45.187853	0.000000	
98.700000	25.346921	-45.262768	0.000000	
98.750000	25.350477	-45.337684	0.000000	
98.800000	25.354034	-45.412600	0.000000	
98.850000	25.357590	-45.487515	0.000000	
98.900000	25.361146	-45.562431	0.000000	
98.950000	25.364702	-45.637346	0.000000	
99.000000	25.368259	-45.712262	0.000000	
99.050000	25.371815	-45.787178	0.000000	
99.100000	25.375371	-45.862093	0.000000	
99.150000	25.378928	-45.937009	0.000000	
99.200000	25.382484	-46.011925	0.000000	
99.250000	25.386040	-46.086840	0.000000	
99.300000	25.389596	-46.161756	0.000000	
99.350000	25.393153	-46.236672	0.000000	
99.400000	25.396709	-46.311587	0.000000	
99.450000	25.400265	-46.386503	0.000000	
99.500000	25.425313	-46.350530	0.000000	
99.550000	25.456600	-46.282368	0.000000	
99.600000	25.487887	-46.214205	0.000000	
99.650000	25.519174	-46.146043	0.000000	
99.700000	25.550461	-46.077880	0.000000	
99.750000	25.581748	-46.009718	0.000000	
99.800000	25.613035	-45.941555	0.000000	
99.850000	25.644322	-45.873393	0.000000	
99.900000	25.675608	-45.805230	0.000000	
99.950000	25.706895	-45.737068	0.000000	
100.000000	25.738182	-45.668905	0.000000	
100.050000	25.769469	-45.600743	0.000000	
100.100000	25.800756	-45.532580	0.000000	
100.150000	25.832043	-45.464418	0.000000	
100.200000	25.863330	-45.396255	0.000000	
100.250000	25.894617	-45.328093	0.000000	
100.300000	25.925904	-45.259930	0.000000	
100.350000	25.957191	-45.191767	0.000000	
100.400000	25.988478	-45.123605	0.000000	
100.450000	26.019765	-45.055442	0.000000	
100.500000	26.051051	-44.987280	0.000000	
100.550000	26.082338	-44.919117	0.000000	
100.600000	26.113625	-44.850955	0.000000	
100.650000	26.144912	-44.782792	0.000000	
100.700000	26.176199	-44.714630	0.000000	
100.750000	26.207486	-44.646467	0.000000	
100.800000	26.238773	-44.578305	0.000000	
100.850000	26.270060	-44.510142	0.000000	
100.900000	26.301347	-44.441980	0.000000	
100.950000	26.332634	-44.373817	0.000000	
101.000000	26.363921	-44.305655	0.000000	
101.050000	26.395207	-44.237492	0.000000	
101.100000	26.426494	-44.169330	0.000000	
101.150000	26.457781	-44.101167	0.000000	
101.200000	26.489068	-44.033005	0.000000	
101.250000	26.520355	-43.964842	0.000000	
101.300000	26.551642	-43.896680	0.000000	
101.350000	26.582929	-43.828517	0.000000	
101.400000	26.614216	-43.760355	0.000000	
101.450000	26.645503	-43.692192	0.000000	
101.500000	26.676790	-43.624030	0.000000	
101.550000	26.708077	-43.555867	0.000000	
101.600000	26.739364	-43.487704	0.000000	
101.650000	26.770650	-43.419542	0.000000	
101.700000	26.801937	-43.351379	0.000000	
101.750000	26.833224	-43.283217	0.000000	
101.800000	26.864511	-43.215054	0.000000	
101.850000	26.895798	-43.146892	0.000000	
101.900000	26.927085	-43.078729	0.000000	
101.950000	26.958372	-43.010567	0.000000	
102.000000	26.989659	-42.942404	0.000000	
102.050000	27.020946	-42.874242	0.000000	
102.100000	27.052233	-42.806079	0.000000	
102.150000	27.083520	-42.737917	0.000000	
102.200000	27.114806	-42.669754	0.000000	
102.250000	27.146093	-42.601592	0.000000	
102.300000	27.177380	-42.533429	0.000000	
102.350000	27.208667	-42.465267	0.000000	
102.400000	27.239954	-42.397104	0.000000	
102.450000	27.271241	-42.328942	0.000000	
102.500000	27.302528	-42.260779	0.000000	
102.550000	27.333815	-42.192617	0.000000	
102.600000	27.365102	-42.124454	0.000000	
102.650000	27.396389	-42.056292	0.000000	
102.700000	27.427676	-41.988129	0.000000	
102.750000	27.458963	-41.919967	0.000000	
102.800000	27.490249	-41.851804	0.000000	
102.850000	27.521536	-41.783641	0.000000	
102.900000	27.552823	-41.715479	0.000000	
102.950000	27.584110	-41.647316	0.000000	
103.000000	27.615397	-41.579154	0.000000	
103.050000	27.646684	-41.510991	0.000000	
103.100000	27.677971	-41.442829	0.000000	
103.150000	27.709258	-41.374666	0.000000	
103.200000	27.740545	-41.306504	0.000000	
103.250000	27.771832	-41.238341	0.000000	
103.300000	27.803119	-41.170179	0.000000	
103.350000	27.834405	-41.102016	0.000000	
103.400000	27.865692	-41.033854	0.000000	
103.450000	27.896979	-40.965691	0.000000	
103.500000	27.928266	-40.897529	0.000000	
103.550000	27.959553	-40.829366	0.000000	
103.600000	27.990840	-40.761204	0.000000	
103.650000	28.022127	-40.693041	0.000000	
103.700000	28.053414	-40.624879	0.000000	
103.750000	28.084701	-40.556716	0.000000	
103.800000	28.115988	-40.488554	0.000000	
103.850000	28.147275	-40.420391	0.000000	
103.900000	28.178562	-40.352229	0.000000	
103.950000	28.209848	-40.284066	0.000000	
104.000000	28.241135	-40.215904	0.000000	
104.050000	28.272422	-40.147741	0.000000	
104.100000	28.303709	-40.079578	0.000000	
104.150000	28.334996	-40.011416	0.000000	
104.200000	28.366283	-39.943253	0.000000	
104.250000	28.397570	-39.875091	0.000000	
104.300000	28.428857	-39.806928	0.000000	
104.350000	28.460144	-39.738766	0.000000	
104.400000	28.491431	-39.670603	0.000000	
104.450000	28.522718	-39.602441	0.000000	
104.500000	28.554004	-39.534278	0.000000	
104.550000	28.585291	-39.466116	0.000000	
104.600000	28.616578	-39.397953	0.000000	
104.650000	28.647865	-39.329791	0.000000	
104.700000	28.679152	-39.261628	0.000000	
104.750000	28.710439	-39.193466	0.000000	
104.800000	28.741726	-39.125303	0.000000	
104.850000	28.773013	-39.057141	0.000000	
104.900000	28.804300	-38.988978	0.000000	
104.950000	28.835587	-38.920816	0.000000	
105.000000	28.866874	-38.852653	0.000000	
105.050000	28.898161	-38.784491	0.000000	
105.100000	28.929447	-38.716328	0.000000	
105.150000	28.960734	-38.648166	0.000000	
105.200000	28.992021	-38.580003	0.000000	
105.250000	29.023308	-38.511841	0.000000	
105.300000	29.054595	-38.443678	0.000000	
105.350000	29.085882	-38.375516	0.000000	
105.400000	29.117169	-38.307353	0.000000	
105.450000	29.148456	-38.239190	0.000000	
105.500000	29.179743	-38.171028	0.000000	
105.550000	29.211030	-38.102865	0.000000	
105.600000	29.242317	-38.034703	0.000000	
105.650000	29.273603	-37.966540	0.000000	
105.700000	29.304890	-37.898378	0.000000	
105.750000	29.336177	-37.830215	0.000000	
105.800000	29.367464	-37.762053	0.000000	
105.850000	29.398751	-37.693890	0.000000	
105.900000	29.430038	-37.625728	0.000000	
105.950000	29.461325	-37.557565	0.000000	
106.000000	29.492612	-37.489403	0.000000	
106.050000	29.523899	-37.421240	0.000000	
106.100000	29.555186	-37.353078	0.000000	
106.150000	29.586473	-37.284915	0.000000	
106.200000	29.617760	-37.216753	0.000000	
106.250000	29.649046	-37.148590	0.000000	
106.300000	29.680333	-37.080428	0.000000	
106.350000	29.711620	-37.012265	0.000000	
106.400000	29.742907	-36.944103	0.000000	
106.450000	29.709028	-36.894314	0.000000	
106.500000	29.646742	-36.852536	0.000000	
106.550000	29.584456	-36.810757	0.000000	
106.600000	29.522170	-36.768979	0.000000	
106.650000	29.459884	-36.727200	0.000000	
106.700000	29.397598	-36.685422	0.000000	
106.750000	29.335312	-36.643643	0.000000	
106.800000	29.273026	-36.601865	0.000000	
106.850000	29.210740	-36.560086	0.000000	
106.900000	29.148454	-36.518307	0.000000	
106.950000	29.086168	-36.476529	0.000000	
107.000000	29.023882	-36.434750	0.000000	
107.050000	28.961595	-36.392972	0.000000	
107.100000	28.899309	-36.351193	0.000000	
107.150000	28.837023	-36.309415	0.000000	
107.200000	28.774737	-36.267636	0.000000	
107.250000	28.712451	-36.225858	0.000000	
107.300000	28.650165	-36.184079	0.000000	
107.350000	28.587879	-36.142301	0.000000	
107.400000	28.525593	-36.100522	0.000000	
107.450000	28.463307	-36.058744	0.000000	
107.500000	28.401021	-36.016965	0.000000	
107.550000	28.338735	-35.975186	0.000000	
107.600000	28.276449	-35.933408	0.000000	
107.650000	28.214163	-35.891629	0.000000	
107.700000	28.151877	-35.849851	0.000000	
107.750000	28.089591	-35.808072	0.000000	
107.800000	28.027305	-35.766294	0.000000	
107.850000	27.965018	-35.724515	0.000000	
107.900000	27.902732	-35.682737	0.000000	
107.950000	27.840446	-35.640958	0.000000	
108.000000	27.778160	-35.599180	0.000000	
108.050000	27.715874	-35.557401	0.000000	
108.100000	27.653588	-35.515623	0.000000	
108.150000	27.591302	-35.473844	0.000000	
108.200000	27.529016	-35.432065	0.000000	
108.250000	27.466730	-35.390287	0.000000	
108.300000	27.404444	-35.348508	0.000000	
108.350000	27.342158	-35.306730	0.000000	
108.400000	27.279872	-35.264951	0.000000	
108.450000	27.217586	-35.223173	0.000000	
108.500000	27.155300	-35.181394	0.000000	
108.550000	27.093014	-35.139616	0.000000	
108.600000	27.030728	-35.097837	0.000000	
108.650000	26.968441	-35.056059	0.000000	
108.700000	26.906155	-35.014280	0.000000	
108.750000	26.843869	-34.972502	0.000000	
108.800000	26.781583	-34.930723	0.000000	
108.850000	26.719297	-34.888944	0.000000	
108.900000	26.657011	-34.847166	0.000000	
108.950000	26.594725	-34.805387	0.000000	
109.000000	26.532439	-34.763609	0.000000	
109.050000	26.470153	-34.721830	0.000000	
109.100000	26.407867	-34.680052	0.000000	
109.150000	26.345581	-34.638273	0.000000	
109.200000	26.283295	-34.596495	0.000000	
109.250000	26.221009	-34.554716	0.000000	
109.300000	26.158723	-34.512938	0.000000	
109.350000	26.096437	-34.471159	0.000000	
109.400000	26.034150	-34.429381	0.000000	
109.450000	25.971864	-34.387602	0.000000	
109.500000	25.909578	-34.345823	0.000000	
109.550000	25.847292	-34.304045	0.000000	
109.600000	25.785006	-34.262266	0.000000	
109.650000	25.722720	-34.220488	0.000000	
109.700000	25.660434	-34.178709	0.000000	
109.750000	25.598148	-34.136931	0.000000	
109.800000	25.535862	-34.095152	0.000000	
109.850000	25.473576	-34.053374	0.000000	
109.900000	25.411290	-34.011595	0.000000	
109.950000	25.349004	-33.969817	0.000000	
110.000000	25.286718	-33.928038	0.000000	
110.050000	25.224432	-33.886260	0.000000	
110.100000	25.162146	-33.844481	0.000000	
110.150000	25.099860	-33.802702	0.000000	
110.200000	25.037573	-33.760924	0.000000	
110.250000	24.975287	-33.719145	0.000000	
110.300000	24.913001	-33.677367	0.000000	
110.350000	24.850715	-33.635588	0.000000	
110.400000	24.788429	-33.593810	0.000000	
110.450000	24.726143	-33.552031	0.000000	
110.500000	24.663857	-33.510253	0.000000	
110.550000	24.601571	-33.468474	0.000000	
110.600000	24.539285	-33.426696	0.000000	
110.650000	24.476999	-33.384917	0.000000	
110.700000	24.414713	-33.343139	0.000000	
110.750000	24.352427	-33.301360	0.000000	
110.800000	24.290141	-33.259581	0.000000	
110.850000	24.227855	-33.217803	0.000000	
110.900000	24.165569	-33.176024	0.000000	
110.950000	24.103283	-33.134246	0.000000	
111.000000	24.040996	-33.092467	0.000000	
111.050000	23.978710	-33.050689	0.000000	
111.100000	23.916424	-33.008910	0.000000	
111.150000	23.854138	-32.967132	0.000000	
111.200000	23.791852	-32.925353	0.000000	
111.250000	23.729566	-32.883575	0.000000	
111.300000	23.667280	-32.841796	0.000000	
111.350000	23.604994	-32.800018	0.000000	
111.400000	23.542708	-32.758239	0.000000	
111.450000	23.480422	-32.716460	0.000000	
111.500000	23.418136	-32.674682	0.000000	
111.550000	23.355850	-32.632903	0.000000	
111.600000	23.293564	-32.591125	0.000000	
111.650000	23.231278	-32.549346	0.000000	
111.700000	23.168992	-32.507568	0.000000	
111.750000	23.106706	-32.465789	0.000000	
111.800000	23.044419	-32.424011	0.000000	
111.850000	22.982133	-32.382232	0.000000	
111.900000	22.919847	-32.340454	0.000000	
111.950000	22.857561	-32.298675	0.000000	
112.000000	22.795275	-32.256897	0.000000	
112.050000	22.732989	-32.215118	0.000000	
112.100000	22.670703	-32.173339	0.000000	
112.150000	22.608417	-32.131561	0.000000	
112.200000	22.546131	-32.089782	0.000000	
112.250000	22.483845	-32.048004	0.000000	
112.300000	22.421559	-32.006225	0.000000	
112.350000	22.359273	-31.964447	0.000000	
112.400000	22.296987	-31.922668	0.000000	
112.450000	22.234701	-31.880890	0.000000	
112.500000	22.172415	-31.839111	0.000000	
112.550000	22.110128	-31.797333	0.000000	
112.600000	22.047842	-31.755554	0.000000	
112.650000	21.985556	-31.713776	0.000000	
112.700000	21.923270	-31.671997	0.000000	
112.750000	21.883563	-31.652791	0.000000	
112.800000	21.925358	-31.715066	0.000000	
112.850000	21.967153	-31.777341	0.000000	
112.900000	22.008948	-31.839616	0.000000	
112.950000	22.050743	-31.901891	0.000000	
113.000000	22.092538	-31.964166	0.000000	
113.050000	22.134333	-32.026442	0.000000	
113.100000	22.176128	-32.088717	0.000000	
113.150000	22.217923	-32.150992	0.000000	
113.200000	22.259718	-32.213267	0.000000	
113.250000	22.301512	-32.275542	0.000000	
113.300000	22.343307	-32.337817	0.000000	
113.350000	22.385102	-32.400092	0.000000	
113.400000	22.426897	-32.462367	0.000000	
113.450000	22.468692	-32.524642	0.000000	
113.500000	22.510487	-32.586917	0.000000	
113.550000	22.552282	-32.649192	0.000000	
113.600000	22.594077	-32.711467	0.000000	
113.650000	22.635872	-32.773742	0.000000	
113.700000	22.677667	-32.836017	0.000000	
113.750000	22.719462	-32.898292	0.000000	
113.800000	22.761257	-32.960567	0.000000	
113.850000	22.803052	-33.022842	0.000000	
113.900000	22.844847	-33.085117	0.000000	
113.950000	22.886642	-33.147392	0.000000	
114.000000	22.928437	-33.209667	0.000000	
114.050000	22.970232	-33.271942	0.000000	
114.100000	23.012027	-33.334218	0.000000	
114.150000	23.053822	-33.396493	0.000000	
114.200000	23.095617	-33.458768	0.000000	
114.250000	23.137412	-33.521043	0.000000	
114.300000	23.179207	-33.583318	0.000000	
114.350000	23.221001	-33.645593	0.000000	
114.400000	23.262796	-33.707868	0.000000	
114.450000	23.304591	-33.770143	0.000000	
114.500000	23.346386	-33.832418	0.000000	
114.550000	23.388181	-33.894693	0.000000	
114.600000	23.429976	-33.956968	0.000000	
114.650000	23.471771	-34.019243	0.000000	
114.700000	23.513566	-34.081518	0.000000	
114.750000	23.555361	-34.143793	0.000000	
114.800000	23.597156	-34.206068	0.000000	
114.850000	23.638951	-34.268343	0.000000	
114.900000	23.680746	-34.330618	0.000000	
114.950000	23.722541	-34.392893	0.000000	
115.000000	23.764336	-34.455168	0.000000	
115.050000	23.806131	-34.517443	0.000000	
115.100000	23.847926	-34.579719	0.000000	
115.150000	23.889721	-34.641994	0.000000	
115.200000	23.931516	-34.704269	0.000000	
115.250000	23.973311	-34.766544	0.000000	
115.300000	24.015106	-34.828819	0.000000	
115.350000	24.056901	-34.891094	0.000000	
115.400000	24.098696	-34.953369	0.000000	
115.450000	24.140491	-35.015644	0.000000	
115.500000	24.182285	-35.077919	0.000000	
115.550000	24.224080	-35.140194	0.000000	
115.600000	24.265875	-35.202469	0.000000	
115.650000	24.307670	-35.264744	0.000000	
115.700000	24.349465	-35.327019	0.000000	
115.750000	24.391260	-35.389294	0.000000	
115.800000	24.433055	-35.451569	0.000000	
115.850000	24.474850	-35.513844	0.000000	
115.900000	24.516645	-35.576119	0.000000	
115.950000	24.558440	-35.638394	0.000000	
116.000000	24.600235	-35.700669	0.000000	
116.050000	24.642030	-35.762944	0.000000	
116.100000	24.683825	-35.825219	0.000000	
116.150000	24.725620	-35.887495	0.000000	
116.200000	24.767415	-35.949770	0.000000	
116.250000	24.809210	-36.012045	0.000000	
116.300000	24.851005	-36.074320	0.000000	
116.350000	24.892800	-36.136595	0.000000	
116.400000	24.934595	-36.198870	0.000000	
116.450000	24.976390	-36.261145	0.000000	
116.500000	25.018185	-36.323420	0.000000	
116.550000	25.059980	-36.385695	0.000000	
116.600000	25.101774	-36.447970	0.000000	
116.650000	25.143569	-36.510245	0.000000	
116.700000	25.185364	-36.572520	0.000000	
116.750000	25.227159	-36.634795	0.000000	
116.800000	25.268954	-36.697070	0.000000	
116.850000	25.310749	-36.759345	0.000000	
116.900000	25.352544	-36.821620	0.000000	
116.950000	25.394339	-36.883895	0.000000	
117.000000	25.436134	-36.946170	0.000000	
117.050000	25.477929	-37.008445	0.000000	
117.100000	25.519724	-37.070720	0.000000	
117.150000	25.561519	-37.132996	0.000000	
117.200000	25.603314	-37.195271	0.000000	
117.250000	25.645109	-37.257546	0.000000	
117.300000	25.686904	-37.319821	0.000000	
117.350000	25.728699	-37.382096	0.000000	
117.400000	25.770494	-37.444371	0.000000	
117.450000	25.812289	-37.506646	0.000000	
117.500000	25.854084	-37.568921	0.000000	
117.550000	25.895879	-37.631196	0.000000	
117.600000	25.937674	-37.693471	0.000000	
117.650000	25.979469	-37.755746	0.000000	
117.700000	26.021264	-37.818021	0.000000	
117.750000	26.063058	-37.880296	0.000000	
117.800000	26.104853	-37.942571	0.000000	
117.850000	26.146648	-38.004846	0.000000	
117.900000	26.188443	-38.067121	0.000000	
117.950000	26.230238	-38.129396	0.000000	
118.000000	26.272033	-38.191671	0.000000	
118.050000	26.313828	-38.253946	0.000000	
118.100000	26.355623	-38.316221	0.000000	
118.150000	26.397418	-38.378496	0.000000	
118.200000	26.439213	-38.440772	0.000000	
118.250000	26.481008	-38.503047	0.000000	
118.300000	26.522803	-38.565322	0.000000	
118.350000	26.564598	-38.627597	0.000000	
118.400000	26.606393	-38.689872	0.000000	
118.450000	26.648188	-38.752147	0.000000	
118.500000	26.689983	-38.814422	0.000000	
118.550000	26.731778	-38.876697	0.000000	
118.600000	26.773573	-38.938972	0.000000	
118.650000	26.815368	-39.001247	0.000000	
118.700000	26.857163	-39.063522	0.000000	
118.750000	26.898958	-39.125797	0.000000	
118.800000	26.940753	-39.188072	0.000000	
118.850000	26.982547	-39.250347	0.000000	
118.900000	27.024342	-39.312622	0.000000	
118.950000	27.066137	-39.374897	0.000000	
119.000000	27.107932	-39.437172	0.000000	
119.050000	27.149727	-39.499447	0.000000	
119.100000	27.191522	-39.561722	0.000000	
119.150000	27.233317	-39.623997	0.000000	
119.200000	27.275112	-39.686273	0.000000	
119.250000	27.316907	-39.748548	0.000000	
119.300000	27.358702	-39.810823	0.000000	
119.350000	27.400497	-39.873098	0.000000	
119.400000	27.442292	-39.935373	0.000000	
119.450000	27.484087	-39.997648	0.000000	
119.500000	27.525882	-40.059923	0.000000	
119.550000	27.567677	-40.122198	0.000000	
119.600000	27.609472	-40.184473	0.000000	
119.650000	27.651267	-40.246748	0.000000	
119.700000	27.693062	-40.309023	0.000000	
119.750000	27.734857	-40.371298	0.000000	
119.800000	27.776652	-40.433573	0.000000	
119.850000	27.818447	-40.495848	0.000000	
119.900000	27.860242	-40.558123	0.000000	
119.950000	27.902036	-40.620398	0.000000	
120.000000	27.943831	-40.682673	0.000000	
120.050000	27.985626	-40.744948	0.000000	
120.100000	28.027421	-40.807223	0.000000	
120.150000	28.069216	-40.869498	0.000000	
120.200000	28.111011	-40.931773	0.000000	
120.250000	28.152806	-40.994049	0.000000	
120.300000	28.194601	-41.056324	0.000000	
120.350000	28.236396	-41.118599	0.000000	
120.400000	28.278191	-41.180874	0.000000	
120.450000	28.319986	-41.243149	0.000000	
120.500000	28.361781	-41.305424	0.000000	
120.550000	28.403576	-41.367699	0.000000	
120.600000	28.445371	-41.429974	0.000000	
120.650000	28.487166	-41.492249	0.000000	
120.700000	28.528961	-41.554524	0.000000	
120.750000	28.570756	-41.616799	0.000000	
120.800000	28.612551	-41.679074	0.000000	
120.850000	28.654346	-41.741349	0.000000	
120.900000	28.696141	-41.803624	0.000000	
120.950000	28.737936	-41.865899	0.000000	
121.000000	28.779731	-41.928174	0.000000	
121.050000	28.821526	-41.990449	0.000000	
121.100000	28.863320	-42.052724	0.000000	
121.150000	28.905115	-42.114999	0.000000	
121.200000	28.946910	-42.177274	0.000000	
121.250000	28.988705	-42.239550	0.000000	
121.300000	29.030500	-42.301825	0.000000	
121.350000	29.072295	-42.364100	0.000000	
121.400000	29.114090	-42.426375	0.000000	
121.450000	29.155885	-42.488650	0.000000	
121.500000	29.197680	-42.550925	0.000000	
121.550000	29.239475	-42.613200	0.000000	
121.600000	29.281270	-42.675475	0.000000	
121.650000	29.323065	-42.737750	0.000000	
121.700000	29.364860	-42.800025	0.000000	
121.750000	29.406655	-42.862300	0.000000	
121.800000	29.448450	-42.924575	0.000000	
121.850000	29.490245	-42.986850	0.000000	
121.900000	29.532040	-43.049125	0.000000	
121.950000	29.573835	-43.111400	0.000000	
122.000000	29.615630	-43.173675	0.000000	
122.050000	29.657425	-43.235950	0.000000	
122.100000	29.699220	-43.298225	0.000000	
122.150000	29.741015	-43.360500	0.000000	
122.200000	29.782809	-43.422775	0.000000	
122.250000	29.824604	-43.485050	0.000000	
122.300000	29.866399	-43.547326	0.000000	
122.350000	29.908194	-43.609601	0.000000	
122.400000	29.949989	-43.671876	0.000000	
122.450000	29.991784	-43.734151	0.000000	
122.500000	29.999947	-43.702996	0.000000	
122.550000	29.992462	-43.628370	0.000000	
122.600000	29.984977	-43.553745	0.000000	
122.650000	29.977492	-43.479119	0.000000	
122.700000	29.970006	-43.404494	0.000000	
122.750000	29.962521	-43.329868	0.000000	
122.800000	29.955036	-43.255243	0.000000	
122.850000	29.947551	-43.180617	0.000000	
122.900000	29.940066	-43.105992	0.000000	
122.950000	29.932580	-43.031366	0.000000	
123.000000	29.925095	-42.956741	0.000000	
123.050000	29.917610	-42.882115	0.000000	
123.100000	29.910125	-42.807489	0.000000	
123.150000	29.902640	-42.732864	0.000000	
123.200000	29.895155	-42.658238	0.000000	
123.250000	29.887669	-42.583613	0.000000	
123.300000	29.880184	-42.508987	0.000000	
123.350000	29.872699	-42.434362	0.000000	
123.400000	29.865214	-42.359736	0.000000	
123.450000	29.857729	-42.285111	0.000000	
123.500000	29.850243	-42.210485	0.000000	
123.550000	29.842758	-42.135860	0.000000	
123.600000	29.835273	-42.061234	0.000000	
123.650000	29.827788	-41.986609	0.000000	
123.700000	29.820303	-41.911983	0.000000	
123.750000	29.812817	-41.837357	0.000000	
123.800000	29.805332	-41.762732	0.000000	
123.850000	29.797847	-41.688106	0.000000	
123.900000	29.790362	-41.613481	0.000000	
123.950000	29.782877	-41.538855	0.000000	
124.000000	29.775391	-41.464230	0.000000	
124.050000	29.767906	-41.389604	0.000000	
124.100000	29.760421	-41.314979	0.000000	
124.150000	29.752936	-41.240353	0.000000	
124.200000	29.745451	-41.165728	0.000000	
124.250000	29.737965	-41.091102	0.000000	
124.300000	29.730480	-41.016476	0.000000	
124.350000	29.722995	-40.941851	0.000000	
124.400000	29.715510	-40.867225	0.000000	
124.450000	29.708025	-40.792600	0.000000	
124.500000	29.700539	-40.717974	0.000000	
124.550000	29.693054	-40.643349	0.000000	
124.600000	29.685569	-40.568723	0.000000	
124.650000	29.678084	-40.494098	0.000000	
124.700000	29.670599	-40.419472	0.000000	
124.750000	29.663113	-40.344847	0.000000	
124.800000	29.655628	-40.270221	0.000000	
124.850000	29.648143	-40.195595	0.000000	
124.900000	29.640658	-40.120970	0.000000	
124.950000	29.633173	-40.046344	0.000000	
125.000000	29.625687	-39.971719	0.000000	
125.050000	29.618202	-39.897093	0.000000	
125.100000	29.610717	-39.822468	0.000000	
125.150000	29.603232	-39.747842	0.000000	
125.200000	29.595747	-39.673217	0.000000	
125.250000	29.588261	-39.598591	0.000000	
125.300000	29.580776	-39.523966	0.000000	
125.350000	29.573291	-39.449340	0.000000	
125.400000	29.565806	-39.374714	0.000000	
125.450000	29.558321	-39.300089	0.000000	
125.500000	29.550835	-39.225463	0.000000	
125.550000	29.543350	-39.150838	0.000000	
125.600000	29.535865	-39.076212	0.000000	
125.650000	29.528380	-39.001587	0.000000	
125.700000	29.520895	-38.926961	0.000000	
125.750000	29.513409	-38.852336	0.000000	
125.800000	29.505924	-38.777710	0.000000	
125.850000	29.498439	-38.703085	0.000000	
125.900000	29.490954	-38.628459	0.000000	
125.950000	29.483469	-38.553833	0.000000	
126.000000	29.475983	-38.479208	0.000000	
126.050000	29.468498	-38.404582	0.000000	
126.100000	29.461013	-38.329957	0.000000	
126.150000	29.453528	-38.255331	0.000000	
126.200000	29.446043	-38.180706	0.000000	
126.250000	29.438557	-38.106080	0.000000	
126.300000	29.431072	-38.031455	0.000000	
126.350000	29.423587	-37.956829	0.000000	
126.400000	29.416102	-37.882204	0.000000	
126.450000	29.408617	-37.807578	0.000000	
126.500000	29.401131	-37.732953	0.000000	
126.550000	29.393646	-37.658327	0.000000	
126.600000	29.386161	-37.583701	0.000000	
126.650000	29.378676	-37.509076	0.000000	
126.700000	29.371191	-37.434450	0.000000	
126.750000	29.363705	-37.359825	0.000000	
126.800000	29.356220	-37.285199	0.000000	
126.850000	29.348735	-37.210574	0.000000	
126.900000	29.341250	-37.135948	0.000000	
126.950000	29.333765	-37.061323	0.000000	
127.000000	29.326279	-36.986697	0.000000	
127.050000	29.318794	-36.912072	0.000000	
127.100000	29.311309	-36.837446	0.000000	
127.150000	29.303824	-36.762820	0.000000	
127.200000	29.296339	-36.688195	0.000000	
127.250000	29.288853	-36.613569	0.000000	
127.300000	29.281368	-36.538944	0.000000	
127.350000	29.273883	-36.464318	0.000000	
127.400000	29.266398	-36.389693	0.000000	
127.450000	29.258913	-36.315067	0.000000	
127.500000	29.251427	-36.240442	0.000000	
127.550000	29.243942	-36.165816	0.000000	
127.600000	29.236457	-36.091191	0.000000	
127.650000	29.228972	-36.016565	0.000000	
127.700000	29.221487	-35.941939	0.000000	
127.750000	29.214001	-35.867314	0.000000	
127.800000	29.206516	-35.792688	0.000000	
127.850000	29.199031	-35.718063	0.000000	
127.900000	29.191546	-35.643437	0.000000	
127.950000	29.184061	-35.568812	0.000000	
128.000000	29.176575	-35.494186	0.000000	
128.050000	29.169090	-35.419561	0.000000	
128.100000	29.161605	-35.344935	0.000000	
128.150000	29.154120	-35.270310	0.000000	
128.200000	29.146635	-35.195684	0.000000	
128.250000	29.139149	-35.121058	0.000000	
128.300000	29.131664	-35.046433	0.000000	
128.350000	29.124179	-34.971807	0.000000	
128.400000	29.116694	-34.897182	0.000000	
128.450000	29.109209	-34.822556	0.000000	
128.500000	29.101723	-34.747931	0.000000	
128.550000	29.094238	-34.673305	0.000000	
128.600000	29.086753	-34.598680	0.000000	
128.650000	29.079268	-34.524054	0.000000	
128.700000	29.071783	-34.449429	0.000000	
128.750000	29.064297	-34.374803	0.000000	
128.800000	29.056812	-34.300178	0.000000	
128.850000	29.049327	-34.225552	0.000000	
128.900000	29.041842	-34.150926	0.000000	
128.950000	29.034357	-34.076301	0.000000	
129.000000	29.026871	-34.001675	0.000000	
129.050000	29.019386	-33.927050	0.000000	
129.100000	29.011901	-33.852424	0.000000	
129.150000	29.004416	-33.777799	0.000000	
129.200000	28.996931	-33.703173	0.000000	
129.250000	28.989445	-33.628548	0.000000	
129.300000	28.981960	-33.553922	0.000000	
129.350000	28.974475	-33.479297	0.000000	
129.400000	28.966990	-33.404671	0.000000	
129.450000	28.959505	-33.330045	0.000000	
129.500000	28.952019	-33.255420	0.000000	
129.550000	28.944534	-33.180794	0.000000	
129.600000	28.937049	-33.106169	0.000000	
129.650000	28.929564	-33.031543	0.000000	
129.700000	28.922079	-32.956918	0.000000	
129.750000	28.914593	-32.882292	0.000000	
129.800000	28.907108	-32.807667	0.000000	
129.850000	28.899623	-32.733041	0.000000	
129.900000	28.892138	-32.658416	0.000000	
129.950000	28.884653	-32.583790	0.000000	
130.000000	28.877167	-32.509164	0.000000	
130.050000	28.869682	-32.434539	0.000000	
130.100000	28.862197	-32.359913	0.000000	
130.150000	28.854712	-32.285288	0.000000	
130.200000	28.847227	-32.210662	0.000000	
130.250000	28.839741	-32.136037	0.000000	
130.300000	28.832256	-32.061411	0.000000	
130.350000	28.824771	-31.986786	0.000000	
130.400000	28.817286	-31.912160	0.000000	
130.450000	28.809801	-31.837535	0.000000	
130.500000	28.802315	-31.762909	0.000000	
130.550000	28.794830	-31.688283	0.000000	
130.600000	28.787345	-31.613658	0.000000	
130.650000	28.779860	-31.539032	0.000000	
130.700000	28.772375	-31.464407	0.000000	
130.750000	28.764889	-31.389781	0.000000	
130.800000	28.757404	-31.315156	0.000000	
130.850000	28.749919	-31.240530	0.000000	
130.900000	28.742434	-31.165905	0.000000	
130.950000	28.734949	-31.091279	0.000000	
131.000000	28.727463	-31.016654	0.000000	
131.050000	28.719978	-30.942028	0.000000	
131.100000	28.712493	-30.867402	0.000000	
131.150000	28.705008	-30.792777	0.000000	
131.200000	28.697523	-30.718151	0.000000	
131.250000	28.674127	-30.682811	0.000000	
131.300000	28.616821	-30.731195	0.000000	
131.350000	28.559515	-30.779580	0.000000	
131.400000	28.502210	-30.827964	0.000000	
131.450000	28.444904	-30.876349	0.000000	
131.500000	28.387598	-30.924733	0.000000	
131.550000	28.330293	-30.973118	0.000000	
131.600000	28.272987	-31.021502	0.000000	
131.650000	28.215681	-31.069887	0.000000	
131.700000	28.158376	-31.118271	0.000000	
131.750000	28.101070	-31.166656	0.000000	
131.800000	28.043765	-31.215041	0.000000	
131.850000	27.986459	-31.263425	0.000000	
131.900000	27.929153	-31.311810	0.000000	
131.950000	27.871848	-31.360194	0.000000	
132.000000	27.814542	-31.408579	0.000000	
132.050000	27.757236	-31.456963	0.000000	
132.100000	27.699931	-31.505348	0.000000	
132.150000	27.642625	-31.553732	0.000000	
132.200000	27.585319	-31.602117	0.000000	
132.250000	27.528014	-31.650501	0.000000	
132.300000	27.470708	-31.698886	0.000000	
132.350000	27.413403	-31.747270	0.000000	
132.400000	27.356097	-31.795655	0.000000	
132.450000	27.298791	-31.844040	0.000000	
132.500000	27.241486	-31.892424	0.000000	
132.550000	27.184180	-31.940809	0.000000	
132.600000	27.126874	-31.989193	0.000000	
132.650000	27.069569	-32.037578	0.000000	
132.700000	27.012263	-32.085962	0.000000	
132.750000	26.954957	-32.134347	0.000000	
132.800000	26.897652	-32.182731	0.000000	
132.850000	26.840346	-32.231116	0.000000	
132.900000	26.783040	-32.279500	0.000000	
132.950000	26.725735	-32.327885	0.000000	
133.000000	26.668429	-32.376269	0.000000	
133.050000	26.611124	-32.424654	0.000000	
133.100000	26.553818	-32.473039	0.000000	
133.150000	26.496512	-32.521423	0.000000	
133.200000	26.439207	-32.569808	0.000000	
133.250000	26.381901	-32.618192	0.000000	
133.300000	26.324595	-32.666577	0.000000	
133.350000	26.267290	-32.714961	0.000000	
133.400000	26.209984	-32.763346	0.000000	
133.450000	26.152678	-32.811730	0.000000	
133.500000	26.095373	-32.860115	0.000000	
133.550000	26.038067	-32.908499	0.000000	
133.600000	25.980762	-32.956884	0.000000	
133.650000	25.923456	-33.005268	0.000000	
133.700000	25.866150	-33.053653	0.000000	
133.750000	25.808845	-33.102038	0.000000	
133.800000	25.751539	-33.150422	0.000000	
133.850000	25.694233	-33.198807	0.000000	
133.900000	25.636928	-33.247191	0.000000	
133.950000	25.579622	-33.295576	0.000000	
134.000000	25.522316	-33.343960	0.000000	
134.050000	25.465011	-33.392345	0.000000	
134.100000	25.407705	-33.440729	0.000000	
134.150000	25.350399	-33.489114	0.000000	
134.200000	25.293094	-33.537498	0.000000	
134.250000	25.235788	-33.585883	0.000000	
134.300000	25.178483	-33.634267	0.000000	
134.350000	25.121177	-33.682652	0.000000	
134.400000	25.063871	-33.731037	0.000000	
134.450000	25.006566	-33.779421	0.000000	
134.500000	24.949260	-33.827806	0.000000	
134.550000	24.891954	-33.876190	0.000000	
134.600000	24.834649	-33.924575	0.000000	
134.650000	24.777343	-33.972959	0.000000	
134.700000	24.720037	-34.021344	0.000000	
134.750000	24.662732	-34.069728	0.000000	
134.800000	24.605426	-34.118113	0.000000	
134.850000	24.548120	-34.166497	0.000000	
134.900000	24.490815	-34.214882	0.000000	
134.950000	24.433509	-34.263266	0.000000	
135.000000	24.376204	-34.311651	0.000000	
135.050000	24.318898	-34.360036	0.000000	
135.100000	24.261592	-34.408420	0.000000	
135.150000	24.204287	-34.456805	0.000000	
135.200000	24.146981	-34.505189	0.000000	
135.250000	24.089675	-34.553574	0.000000	
135.300000	24.032370	-34.601958	0.000000	
135.350000	23.975064	-34.650343	0.000000	
135.400000	23.917758	-34.698727	0.000000	
135.450000	23.860453	-34.747112	0.000000	
135.500000	23.803147	-34.795496	0.000000	
135.550000	23.745842	-34.843881	0.000000	
135.600000	23.688536	-34.892265	0.000000	
135.650000	23.631230	-34.940650	0.000000	
135.700000	23.573925	-34.989035	0.000000	
135.750000	23.516619	-35.037419	0.000000	
135.800000	23.459313	-35.085804	0.000000	
135.850000	23.402008	-35.134188	0.000000	
135.900000	23.344702	-35.182573	0.000000	
135.950000	23.287396	-35.230957	0.000000	
136.000000	23.230091	-35.279342	0.000000	
136.050000	23.172785	-35.327726	0.000000	
136.100000	23.115479	-35.376111	0.000000	
136.150000	23.058174	-35.424495	0.000000	
136.200000	23.000868	-35.472880	0.000000	
136.250000	22.943563	-35.521264	0.000000	
136.300000	22.886257	-35.569649	0.000000	
136.350000	22.828951	-35.618034	0.000000	
136.400000	22.771646	-35.666418	0.000000	
136.450000	22.714340	-35.714803	0.000000	
136.500000	22.657034	-35.763187	0.000000	
136.550000	22.599729	-35.811572	0.000000	
136.600000	22.542423	-35.859956	0.000000	
136.650000	22.485117	-35.908341	0.000000	
136.700000	22.427812	-35.956725	0.000000	
136.750000	22.370506	-36.005110	0.000000	
136.800000	22.313200	-36.053494	0.000000	
136.850000	22.255895	-36.101879	0.000000	
136.900000	22.198589	-36.150263	0.000000	
136.950000	22.141284	-36.198648	0.000000	
137.000000	22.083978	-36.247033	0.000000	
137.050000	22.026672	-36.295417	0.000000	
137.100000	21.969367	-36.343802	0.000000	
137.150000	21.912061	-36.392186	0.000000	
137.200000	21.854755	-36.440571	0.000000	
137.250000	21.797450	-36.488955	0.000000	
137.300000	21.740144	-36.537340	0.000000	
137.350000	21.682838	-36.585724	0.000000	
137.400000	21.625533	-36.634109	0.000000	
137.450000	21.568227	-36.682493	0.000000	
137.500000	21.510922	-36.730878	0.000000	
137.550000	21.453616	-36.779262	0.000000	
137.600000	21.396310	-36.827647	0.000000	
137.650000	21.339005	-36.876032	0.000000	
137.700000	21.281699	-36.924416	0.000000	
137.750000	21.224393	-36.972801	0.000000	
137.800000	21.167088	-37.021185	0.000000	
137.850000	21.109782	-37.069570	0.000000	
137.900000	21.052476	-37.117954	0.000000	
137.950000	20.995171	-37.166339	0.000000	
138.000000	20.937865	-37.214723	0.000000	
138.050000	20.880559	-37.263108	0.000000	
138.100000	20.823254	-37.311492	0.000000	
138.150000	20.765948	-37.359877	0.000000	
138.200000	20.708643	-37.408261	0.000000	
138.250000	20.651337	-37.456646	0.000000	
138.300000	20.594031	-37.505031	0.000000	
138.350000	20.536726	-37.553415	0.000000	
138.400000	20.479420	-37.601800	0.000000	
138.450000	20.422114	-37.650184	0.000000	
138.500000	20.364809	-37.698569	0.000000	
138.550000	20.307503	-37.746953	0.000000	
138.600000	20.250197	-37.795338	0.000000	
138.650000	20.192892	-37.843722	0.000000	
138.700000	20.135586	-37.892107	0.000000	
138.750000	20.078281	-37.940491	0.000000	
138.800000	20.020975	-37.988876	0.000000	
138.850000	19.968108	-38.036265	0.000000	
138.900000	20.040586	-38.055550	0.000000	
138.950000	20.113065	-38.074835	0.000000	
139.000000	20.185543	-38.094120	0.000000	
139.050000	20.258021	-38.113405	0.000000	
139.100000	20.330499	-38.132689	0.000000	
139.150000	20.402978	-38.151974	0.000000	
139.200000	20.475456	-38.171259	0.000000	
139.250000	20.547934	-38.190544	0.000000	
139.300000	20.620412	-38.209829	0.000000	
139.350000	20.692891	-38.229114	0.000000	
139.400000	20.765369	-38.248399	0.000000	
139.450000	20.837847	-38.267683	0.000000	
139.500000	20.910325	-38.286968	0.000000	
139.550000	20.982803	-38.306253	0.000000	
139.600000	21.055282	-38.325538	0.000000	
139.650000	21.127760	-38.344823	0.000000	
139.700000	21.200238	-38.364108	0.000000	
139.750000	21.272716	-38.383393	0.000000	
139.800000	21.345195	-38.402678	0.000000	
139.850000	21.417673	-38.421962	0.000000	
139.900000	21.490151	-38.441247	0.000000	
139.950000	21.562629	-38.460532	0.000000	
140.000000	21.635108	-38.479817	0.000000	
140.050000	21.707586	-38.499102	0.000000	
140.100000	21.780064	-38.518387	0.000000	
140.150000	21.852542	-38.537672	0.000000	
140.200000	21.925020	-38.556956	0.000000	
140.250000	21.997499	-38.576241	0.000000	
140.300000	22.069977	-38.595526	0.000000	
140.350000	22.142455	-38.614811	0.000000	
140.400000	22.214933	-38.634096	0.000000	
140.450000	22.287412	-38.653381	0.000000	
140.500000	22.359890	-38.672666	0.000000	
140.550000	22.432368	-38.691950	0.000000	
140.600000	22.504846	-38.711235	0.000000	
140.650000	22.577325	-38.730520	0.000000	
140.700000	22.649803	-38.749805	0.000000	
140.750000	22.722281	-38.769090	0.000000	
140.800000	22.794759	-38.788375	0.000000	
140.850000	22.867237	-38.807660	0.000000	
140.900000	22.939716	-38.826944	0.000000	
140.950000	23.012194	-38.846229	0.000000	
141.000000	23.084672	-38.865514	0.000000	
141.050000	23.157150	-38.884799	0.000000	
141.100000	23.229629	-38.904084	0.000000	
141.150000	23.302107	-38.923369	0.000000	
141.200000	23.374585	-38.942654	0.000000	
141.250000	23.447063	-38.961939	0.000000	
141.300000	23.519542	-38.981223	0.000000	
141.350000	23.592020	-39.000508	0.000000	
141.400000	23.664498	-39.019793	0.000000	
141.450000	23.736976	-39.039078	0.000000	
141.500000	23.809454	-39.058363	0.000000	
141.550000	23.881933	-39.077648	0.000000	
141.600000	23.954411	-39.096933	0.000000	
141.650000	24.026889	-39.116217	0.000000	
141.700000	24.099367	-39.135502	0.000000	
141.750000	24.171846	-39.154787	0.000000	
141.800000	24.244324	-39.174072	0.000000	
141.850000	24.316802	-39.193357	0.000000	
141.900000	24.389280	-39.212642	0.000000	
141.950000	24.461759	-39.231927	0.000000	
142.000000	24.534237	-39.251211	0.000000	
142.050000	24.606715	-39.270496	0.000000	
142.100000	24.679193	-39.289781	0.000000	
142.150000	24.751672	-39.309066	0.000000	
142.200000	24.824150	-39.328351	0.000000	
142.250000	24.896628	-39.347636	0.000000	
142.300000	24.969106	-39.366921	0.000000	
142.350000	25.041584	-39.386205	0.000000	
142.400000	25.114063	-39.405490	0.000000	
142.450000	25.186541	-39.424775	0.000000	
142.500000	25.259019	-39.444060	0.000000	
142.550000	25.331497	-39.463345	0.000000	
142.600000	25.403976	-39.482630	0.000000	
142.650000	25.476454	-39.501915	0.000000	
142.700000	25.548932	-39.521200	0.000000	
142.750000	25.621410	-39.540484	0.000000	
142.800000	25.693889	-39.559769	0.000000	
142.850000	25.766367	-39.579054	0.000000	
142.900000	25.838845	-39.598339	0.000000	
142.950000	25.911323	-39.617624	0.000000	
143.000000	25.983801	-39.636909	0.000000	
143.050000	26.056280	-39.656194	0.000000	
143.100000	26.128758	-39.675478	0.000000	
143.150000	26.201236	-39.694763	0.000000	
143.200000	26.273714	-39.714048	0.000000	
143.250000	26.346193	-39.733333	0.000000	
143.300000	26.418671	-39.752618	0.000000	
143.350000	26.491149	-39.771903	0.000000	
143.400000	26.563627	-39.791188	0.000000	
143.450000	26.636106	-39.810472	0.000000	
143.500000	26.708584	-39.829757	0.000000	
143.550000	26.781062	-39.849042	0.000000	
143.600000	26.853540	-39.868327	0.000000	
143.650000	26.926018	-39.887612	0.000000	
143.700000	26.998497	-39.906897	0.000000	
143.750000	27.070975	-39.926182	0.000000	
143.800000	27.143453	-39.945466	0.000000	
143.850000	27.215931	-39.964751	0.000000	
143.900000	27.288410	-39.984036	0.000000	
143.950000	27.360888	-40.003321	0.000000	
144.000000	27.433366	-40.022606	0.000000	
144.050000	27.505844	-40.041891	0.000000	
144.100000	27.578323	-40.061176	0.000000	
144.150000	27.650801	-40.080461	0.000000	
144.200000	27.723279	-40.099745	0.000000	
144.250000	27.795757	-40.119030	0.000000	
144.300000	27.868235	-40.138315	0.000000	
144.350000	27.940714	-40.157600	0.000000	
144.400000	28.013192	-40.176885	0.000000	
144.450000	28.085670	-40.196170	0.000000	
144.500000	28.158148	-40.215455	0.000000	
144.550000	28.230627	-40.234739	0.000000	
144.600000	28.303105	-40.254024	0.000000	
144.650000	28.375583	-40.273309	0.000000	
144.700000	28.448061	-40.292594	0.000000	
144.750000	28.520540	-40.311879	0.000000	
144.800000	28.593940	-40.326086	0.000000	
144.850000	28.668570	-40.333524	0.000000	
144.900000	28.743201	-40.340961	0.000000	
144.950000	28.817831	-40.348398	0.000000	
145.000000	28.892461	-40.355835	0.000000	
145.050000	28.967092	-40.363272	0.000000	
145.100000	29.041722	-40.370709	0.000000	
145.150000	29.116352	-40.378147	0.000000	
145.200000	29.190983	-40.385584	0.000000	
145.250000	29.265613	-40.393021	0.000000	
145.300000	29.340244	-40.400458	0.000000	
145.350000	29.414874	-40.407895	0.000000	
145.400000	29.489504	-40.415333	0.000000	
145.450000	29.564135	-40.422770	0.000000	
145.500000	29.638765	-40.430207	0.000000	
145.550000	29.713395	-40.437644	0.000000	
145.600000	29.788026	-40.445081	0.000000	
145.650000	29.862656	-40.452518	0.000000	
145.700000	29.937286	-40.459956	0.000000	
145.750000	30.011917	-40.467393	0.000000	
145.800000	30.086547	-40.474830	0.000000	
145.850000	30.161177	-40.482267	0.000000	
145.900000	30.235808	-40.489704	0.000000	
145.950000	30.310438	-40.497141	0.000000	
146.000000	30.385068	-40.504579	0.000000	
146.050000	30.459699	-40.512016	0.000000	
146.100000	30.534329	-40.519453	0.000000	
146.150000	30.608959	-40.526890	0.000000	
146.200000	30.683590	-40.534327	0.000000	
146.250000	30.758220	-40.541764	0.000000	
146.300000	30.832850	-40.549202	0.000000	
146.350000	30.907481	-40.556639	0.000000	
146.400000	30.982111	-40.564076	0.000000	
146.450000	31.056741	-40.571513	0.000000	
146.500000	31.131372	-40.578950	0.000000	
146.550000	31.206002	-40.586387	0.000000	
146.600000	31.280633	-40.593825	0.000000	
146.650000	31.355263	-40.601262	0.000000	
146.700000	31.429893	-40.608699	0.000000	
146.750000	31.504524	-40.616136	0.000000	
146.800000	31.579154	-40.623573	0.000000	
146.850000	31.653784	-40.631011	0.000000	
146.900000	31.728415	-40.638448	0.000000	
146.950000	31.803045	-40.645885	0.000000	
147.000000	31.877675	-40.653322	0.000000	
147.050000	31.952306	-40.660759	0.000000	
147.100000	32.026936	-40.668196	0.000000	
147.150000	32.101566	-40.675634	0.000000	
147.200000	32.176197	-40.683071	0.000000	
147.250000	32.250827	-40.690508	0.000000	
147.300000	32.325457	-40.697945	0.000000	
147.350000	32.400088	-40.705382	0.000000	
147.400000	32.474718	-40.712819	0.000000	
147.450000	32.549348	-40.720257	0.000000	
147.500000	32.623979	-40.727694	0.000000	
147.550000	32.698609	-40.735131	0.000000	
147.600000	32.773239	-40.742568	0.000000	
147.650000	32.847870	-40.750005	0.000000	
147.700000	32.922500	-40.757442	0.000000	
147.750000	32.997130	-40.764880	0.000000	
147.800000	33.071761	-40.772317	0.000000	
147.850000	33.146391	-40.779754	0.000000	
147.900000	33.221021	-40.787191	0.000000	
147.950000	33.295652	-40.794628	0.000000	
148.000000	33.370282	-40.802065	0.000000	
148.050000	33.444913	-40.809503	0.000000	
148.100000	33.519543	-40.816940	0.000000	
148.150000	33.594173	-40.824377	0.000000	
148.200000	33.668804	-40.831814	0.000000	
148.250000	33.743434	-40.839251	0.000000	
148.300000	33.818064	-40.846689	0.000000	
148.350000	33.892695	-40.854126	0.000000	
148.400000	33.967325	-40.861563	0.000000	
148.450000	34.041955	-40.869000	0.000000	
148.500000	34.116586	-40.876437	0.000000	
148.550000	34.191216	-40.883874	0.000000	
148.600000	34.265846	-40.891312	0.000000	
148.650000	34.340477	-40.898749	0.000000	
148.700000	34.415107	-40.906186	0.000000	
148.750000	34.489737	-40.913623	0.000000	
148.800000	34.564368	-40.921060	0.000000	
148.850000	34.638998	-40.928497	0.000000	
148.900000	34.713628	-40.935935	0.000000	
148.950000	34.788259	-40.943372	0.000000	
149.000000	34.862889	-40.950809	0.000000	
149.050000	34.937519	-40.958246	0.000000	
149.100000	35.012150	-40.965683	0.000000	
149.150000	35.086780	-40.973120	0.000000	
149.200000	35.161410	-40.980558	0.000000	
149.250000	35.236041	-40.987995	0.000000	
149.300000	35.310671	-40.995432	0.000000	
149.350000	35.385302	-41.002869	0.000000	
149.400000	35.459932	-41.010306	0.000000	
149.450000	35.534562	-41.017743	0.000000	
149.500000	35.609193	-41.025181	0.000000	
149.550000	35.683823	-41.032618	0.000000	
149.600000	35.758453	-41.040055	0.000000	
149.650000	35.833084	-41.047492	0.000000	
149.700000	35.907714	-41.054929	0.000000	
149.750000	35.982344	-41.062367	0.000000	
149.800000	36.056975	-41.069804	0.000000	
149.850000	36.131605	-41.077241	0.000000	
149.900000	36.206235	-41.084678	0.000000	
149.950000	36.280866	-41.092115	0.000000	
150.000000	36.355496	-41.099552	0.000000	
150.050000	36.430126	-41.106990	0.000000	
150.100000	36.504757	-41.114427	0.000000	
150.150000	36.579387	-41.121864	0.000000	
150.200000	36.654017	-41.129301	0.000000	
150.250000	36.728648	-41.136738	0.000000	
150.300000	36.803278	-41.144175	0.000000	
150.350000	36.877908	-41.151613	0.000000	
150.400000	36.952539	-41.159050	0.000000	
150.450000	37.027169	-41.166487	0.000000	
150.500000	37.101799	-41.173924	0.000000	
150.550000	37.176430	-41.181361	0.000000	
150.600000	37.251060	-41.188798	0.000000	
150.650000	37.325690	-41.196236	0.000000	
150.700000	37.400321	-41.203673	0.000000	
150.750000	37.474951	-41.211110	0.000000	
150.800000	37.549582	-41.218547	0.000000	
150.850000	37.624212	-41.225984	0.000000	
150.900000	37.698842	-41.233421	0.000000	
150.950000	37.773473	-41.240859	0.000000	
151.000000	37.848103	-41.248296	0.000000	
151.050000	37.922733	-41.255733	0.000000	
151.100000	37.997364	-41.263170	0.000000	
151.150000	38.071994	-41.270607	0.000000	
151.200000	38.146624	-41.278045	0.000000	
151.250000	38.221255	-41.285482	0.000000	
151.300000	38.295885	-41.292919	0.000000	
151.350000	38.370515	-41.300356	0.000000	
151.400000	38.445146	-41.307793	0.000000	
151.450000	38.519776	-41.315230	0.000000	
151.500000	38.594406	-41.322668	0.000000	
151.550000	38.669037	-41.330105	0.000000	
151.600000	38.743667	-41.337542	0.000000	
151.650000	38.818297	-41.344979	0.000000	
151.700000	38.892928	-41.352416	0.000000	
151.750000	38.967558	-41.359853	0.000000	
151.800000	39.042188	-41.367291	0.000000	
151.850000	39.116819	-41.374728	0.000000	
151.900000	39.191449	-41.382165	0.000000	
151.950000	39.266079	-41.389602	0.000000	
152.000000	39.340710	-41.397039	0.000000	
152.050000	39.415340	-41.404476	0.000000	
152.100000	39.489971	-41.411914	0.000000	
152.150000	39.564601	-41.419351	0.000000	
152.200000	39.639231	-41.426788	0.000000	
152.250000	39.713862	-41.434225	0.000000	
152.300000	39.708494	-41.418194	0.000000	
152.350000	39.641674	-41.384134	0.000000	
152.400000	39.574854	-41.350075	0.000000	
152.450000	39.508033	-41.316015	0.000000	
152.500000	39.441213	-41.281956	0.000000	
152.550000	39.374393	-41.247896	0.000000	
152.600000	39.307572	-41.213837	0.000000	
152.650000	39.240752	-41.179777	0.000000	
152.700000	39.173932	-41.145718	0.000000	
152.750000	39.107112	-41.111658	0.000000	
152.800000	39.040291	-41.077599	0.000000	
152.850000	38.973471	-41.043539	0.000000	
152.900000	38.906651	-41.009480	0.000000	
152.950000	38.839831	-40.975420	0.000000	
153.000000	38.773010	-40.941360	0.000000	
153.050000	38.706190	-40.907301	0.000000	
153.100000	38.639370	-40.873241	0.000000	
153.150000	38.572549	-40.839182	0.000000	
153.200000	38.505729	-40.805122	0.000000	
153.250000	38.438909	-40.771063	0.000000	
153.300000	38.372089	-40.737003	0.000000	
153.350000	38.305268	-40.702944	0.000000	
153.400000	38.238448	-40.668884	0.000000	
153.450000	38.171628	-40.634825	0.000000	
153.500000	38.104807	-40.600765	0.000000	
153.550000	38.037987	-40.566706	0.000000	
153.600000	37.971167	-40.532646	0.000000	
153.650000	37.904347	-40.498587	0.000000	
153.700000	37.837526	-40.464527	0.000000	
153.750000	37.770706	-40.430468	0.000000	
153.800000	37.703886	-40.396408	0.000000	
153.850000	37.637066	-40.362349	0.000000	
153.900000	37.570245	-40.328289	0.000000	
153.950000	37.503425	-40.294230	0.000000	
154.000000	37.436605	-40.260170	0.000000	
154.050000	37.369784	-40.226111	0.000000	
154.100000	37.302964	-40.192051	0.000000	
154.150000	37.236144	-40.157992	0.000000	
154.200000	37.169324	-40.123932	0.000000	
154.250000	37.102503	-40.089873	0.000000	
154.300000	37.035683	-40.055813	0.000000	
154.350000	36.968863	-40.021753	0.000000	
154.400000	36.902043	-39.987694	0.000000	
154.450000	36.835222	-39.953634	0.000000	
154.500000	36.768402	-39.919575	0.000000	
154.550000	36.701582	-39.885515	0.000000	
154.600000	36.634761	-39.851456	0.000000	
154.650000	36.567941	-39.817396	0.000000	
154.700000	36.501121	-39.783337	0.000000	
154.750000	36.434301	-39.749277	0.000000	
154.800000	36.367480	-39.715218	0.000000	
154.850000	36.300660	-39.681158	0.000000	
154.900000	36.233840	-39.647099	0.000000	
154.950000	36.167020	-39.613039	0.000000	
155.000000	36.100199	-39.578980	0.000000	
155.050000	36.033379	-39.544920	0.000000	
155.100000	35.966559	-39.510861	0.000000	
155.150000	35.899738	-39.476801	0.000000	
155.200000	35.832918	-39.442742	0.000000	
155.250000	35.766098	-39.408682	0.000000	
155.300000	35.699278	-39.374623	0.000000	
155.350000	35.632457	-39.340563	0.000000	
155.400000	35.565637	-39.306504	0.000000	
155.450000	35.498817	-39.272444	0.000000	
155.500000	35.431996	-39.238385	0.000000	
155.550000	35.365176	-39.204325	0.000000	
155.600000	35.298356	-39.170266	0.000000	
155.650000	35.231536	-39.136206	0.000000	
155.700000	35.164715	-39.102146	0.000000	
155.750000	35.097895	-39.068087	0.000000	
155.800000	35.031075	-39.034027	0.000000	
155.850000	34.964255	-38.999968	0.000000	
155.900000	34.897434	-38.965908	0.000000	
155.950000	34.830614	-38.931849	0.000000	
156.000000	34.763794	-38.897789	0.000000	
156.050000	34.696973	-38.863730	0.000000	
156.100000	34.630153	-38.829670	0.000000	
156.150000	34.563333	-38.795611	0.000000	
156.200000	34.496513	-38.761551	0.000000	
156.250000	34.429692	-38.727492	0.000000	
156.300000	34.362872	-38.693432	0.000000	
156.350000	34.296052	-38.659373	0.000000	
156.400000	34.229232	-38.625313	0.000000	
156.450000	34.162411	-38.591254	0.000000	
156.500000	34.095591	-38.557194	0.000000	
156.550000	34.028771	-38.523135	0.000000	
156.600000	33.961950	-38.489075	0.000000	
156.650000	33.895130	-38.455016	0.000000	
156.700000	33.828310	-38.420956	0.000000	
156.750000	33.761490	-38.386897	0.000000	
156.800000	33.694669	-38.352837	0.000000	
156.850000	33.627849	-38.318778	0.000000	
156.900000	33.561029	-38.284718	0.000000	
156.950000	33.494208	-38.250659	0.000000	
157.000000	33.427388	-38.216599	0.000000	
157.050000	33.360568	-38.182539	0.000000	
157.100000	33.293748	-38.148480	0.000000	
157.150000	33.226927	-38.114420	0.000000	
157.200000	33.160107	-38.080361	0.000000	
157.250000	33.093287	-38.046301	0.000000	
157.300000	33.026467	-38.012242	0.000000	
157.350000	32.959646	-37.978182	0.000000	
157.400000	32.892826	-37.944123	0.000000	
157.450000	32.826006	-37.910063	0.000000	
157.500000	32.759185	-37.876004	0.000000	
157.550000	32.692365	-37.841944	0.000000	
157.600000	32.625545	-37.807885	0.000000	
157.650000	32.558725	-37.773825	0.000000	
157.700000	32.491904	-37.739766	0.000000	
157.750000	32.425084	-37.705706	0.000000	
157.800000	32.358264	-37.671647	0.000000	
157.850000	32.291444	-37.637587	0.000000	
157.900000	32.224623	-37.603528	0.000000	
157.950000	32.157803	-37.569468	0.000000	
158.000000	32.090983	-37.535409	0.000000	
158.050000	32.024162	-37.501349	0.000000	
158.100000	31.957342	-37.467290	0.000000	
158.150000	31.890522	-37.433230	0.000000	
158.200000	31.823702	-37.399171	0.000000	
158.250000	31.756881	-37.365111	0.000000	
158.300000	31.690061	-37.331052	0.000000	
158.350000	31.623241	-37.296992	0.000000	
158.400000	31.556421	-37.262932	0.000000	
158.450000	31.489600	-37.228873	0.000000	
158.500000	31.422780	-37.194813	0.000000	
158.550000	31.355960	-37.160754	0.000000	
158.600000	31.289139	-37.126694	0.000000	
158.650000	31.222319	-37.092635	0.000000	
158.700000	31.155499	-37.058575	0.000000	
158.750000	31.088679	-37.024516	0.000000	
158.800000	31.021858	-36.990456	0.000000	
158.850000	30.955038	-36.956397	0.000000	
158.900000	30.888218	-36.922337	0.000000	
158.950000	30.821397	-36.888278	0.000000	
159.000000	30.754577	-36.854218	0.000000	
159.050000	30.687757	-36.820159	0.000000	
159.100000	30.620937	-36.786099	0.000000	
159.150000	30.554116	-36.752040	0.000000	
159.200000	30.487296	-36.717980	0.000000	
159.250000	30.420476	-36.683921	0.000000	
159.300000	30.353656	-36.649861	0.000000	
159.350000	30.286835	-36.615802	0.000000	
159.400000	30.220015	-36.581742	0.000000	
159.450000	30.153195	-36.547683	0.000000	
159.500000	30.086374	-36.513623	0.000000	
159.550000	30.019554	-36.479564	0.000000	
159.600000	29.952734	-36.445504	0.000000	
159.650000	29.885914	-36.411445	0.000000	
159.700000	29.819093	-36.377385	0.000000	
159.750000	29.752273	-36.343325	0.000000	
159.800000	29.685453	-36.309266	0.000000	
159.850000	29.618633	-36.275206	0.000000	
159.900000	29.551812	-36.241147	0.000000	
159.950000	29.484992	-36.207087	0.000000	
160.000000	29.418172	-36.173028	0.000000	
160.050000	29.351351	-36.138968	0.000000	
160.100000	29.284531	-36.104909	0.000000	
160.150000	29.217711	-36.070849	0.000000	
160.200000	29.150891	-36.036790	0.000000	
160.250000	29.084070	-36.002730	0.000000	
160.300000	29.017250	-35.968671	0.000000	
160.350000	28.950430	-35.934611	0.000000	
160.400000	28.883609	-35.900552	0.000000	
160.450000	28.816789	-35.866492	0.000000	
160.500000	28.749969	-35.832433	0.000000	
160.550000	28.683149	-35.798373	0.000000	
160.600000	28.616328	-35.764314	0.000000	
160.650000	28.549508	-35.730254	0.000000	
160.700000	28.482688	-35.696195	0.000000	
160.750000	28.415868	-35.662135	0.000000	
160.800000	28.349047	-35.628076	0.000000	
160.850000	28.282227	-35.594016	0.000000	
160.900000	28.215407	-35.559957	0.000000	
160.950000	28.148586	-35.525897	0.000000	
161.000000	28.081766	-35.491838	0.000000	
161.050000	28.014946	-35.457778	0.000000	
161.100000	27.948126	-35.423718	0.000000	
161.150000	27.881305	-35.389659	0.000000	
161.200000	27.814485	-35.355599	0.000000	
161.250000	27.747665	-35.321540	0.000000	
161.300000	27.680845	-35.287480	0.000000	
161.350000	27.614024	-35.253421	0.000000	
161.400000	27.547204	-35.219361	0.000000	
161.450000	27.480384	-35.185302	0.000000	
161.500000	27.413563	-35.151242	0.000000	
161.550000	27.346743	-35.117183	0.000000	
161.600000	27.279923	-35.083123	0.000000	
161.650000	27.213103	-35.049064	0.000000	
161.700000	27.146282	-35.015004	0.000000	
161.750000	27.079462	-34.980945	0.000000	
161.800000	27.012642	-34.946885	0.000000	
161.850000	26.945821	-34.912826	0.000000	
161.900000	26.879001	-34.878766	0.000000	
161.950000	26.812181	-34.844707	0.000000	
162.000000	26.745361	-34.810647	0.000000	
162.050000	26.678540	-34.776588	0.000000	
162.100000	26.611720	-34.742528	0.000000	
162.150000	26.544900	-34.708469	0.000000	
162.200000	26.478080	-34.674409	0.000000	
162.250000	26.411259	-34.640350	0.000000	
162.300000	26.344439	-34.606290	0.000000	
162.350000	26.277619	-34.572231	0.000000	
162.400000	26.210798	-34.538171	0.000000	
162.450000	26.143978	-34.504111	0.000000	
162.500000	26.077158	-34.470052	0.000000	
162.550000	26.010338	-34.435992	0.000000	
162.600000	25.943517	-34.401933	0.000000	
162.650000	25.876697	-34.367873	0.000000	
162.700000	25.809877	-34.333814	0.000000	
162.750000	25.743057	-34.299754	0.000000	
162.800000	25.676236	-34.265695	0.000000	
162.850000	25.609416	-34.231635	0.000000	
162.900000	25.542596	-34.197576	0.000000	
162.950000	25.475775	-34.163516	0.000000	
163.000000	25.408955	-34.129457	0.000000	
163.050000	25.342135	-34.095397	0.000000	
163.100000	25.275315	-34.061338	0.000000	
163.150000	25.208494	-34.027278	0.000000	
163.200000	25.141674	-33.993219	0.000000	
163.250000	25.074854	-33.959159	0.000000	
163.300000	25.008034	-33.925100	0.000000	
163.350000	24.941213	-33.891040	0.000000	
163.400000	24.874393	-33.856981	0.000000	
163.450000	24.807573	-33.822921	0.000000	
163.500000	24.807129	-33.891644	0.000000	
163.550000	24.810686	-33.966559	0.000000	
163.600000	24.814242	-34.041475	0.000000	
163.650000	24.817798	-34.116390	0.000000	
163.700000	24.821354	-34.191306	0.000000	
163.750000	24.824911	-34.266222	0.000000	
163.800000	24.828467	-34.341137	0.000000	
163.850000	24.832023	-34.416053	0.000000	
163.900000	24.835580	-34.490969	0.000000	
163.950000	24.839136	-34.565884	0.000000	
164.000000	24.842692	-34.640800	0.000000	
164.050000	24.846248	-34.715716	0.000000	
164.100000	24.849805	-34.790631	0.000000	
164.150000	24.853361	-34.865547	0.000000	
164.200000	24.856917	-34.940463	0.000000	
164.250000	24.860473	-35.015378	0.000000	
164.300000	24.864030	-35.090294	0.000000	
164.350000	24.867586	-35.165209	0.000000	
164.400000	24.871142	-35.240125	0.000000	
164.450000	24.874699	-35.315041	0.000000	
164.500000	24.878255	-35.389956	0.000000	
164.550000	24.881811	-35.464872	0.000000	
164.600000	24.885367	-35.539788	0.000000	
164.650000	24.888924	-35.614703	0.000000	
164.700000	24.892480	-35.689619	0.000000	
164.750000	24.896036	-35.764535	0.000000	
164.800000	24.899593	-35.839450	0.000000	
164.850000	24.903149	-35.914366	0.000000	
164.900000	24.906705	-35.989281	0.000000	
164.950000	24.910261	-36.064197	0.000000	
165.000000	24.913818	-36.139113	0.000000	
165.050000	24.917374	-36.214028	0.000000	
165.100000	24.920930	-36.288944	0.000000	
165.150000	24.924486	-36.363860	0.000000	
165.200000	24.928043	-36.438775	0.000000	
165.250000	24.931599	-36.513691	0.000000	
165.300000	24.935155	-36.588607	0.000000	
165.350000	24.938712	-36.663522	0.000000	
165.400000	24.942268	-36.738438	0.000000	
165.450000	24.945824	-36.813353	0.000000	
165.500000	24.949380	-36.888269	0.000000	
165.550000	24.952937	-36.963185	0.000000	
165.600000	24.956493	-37.038100	0.000000	
165.650000	24.960049	-37.113016	0.000000	
165.700000	24.963605	-37.187932	0.000000	
165.750000	24.967162	-37.262847	0.000000	
165.800000	24.970718	-37.337763	0.000000	
165.850000	24.974274	-37.412679	0.000000	
165.900000	24.977831	-37.487594	0.000000	
165.950000	24.981387	-37.562510	0.000000	
166.000000	24.984943	-37.637426	0.000000	
166.050000	24.988499	-37.712341	0.000000	
166.100000	24.992056	-37.787257	0.000000	
166.150000	24.995612	-37.862172	0.000000	
166.200000	24.999168	-37.937088	0.000000	
166.250000	25.002724	-38.012004	0.000000	
166.300000	25.006281	-38.086919	0.000000	
166.350000	25.009837	-38.161835	0.000000	
166.400000	25.013393	-38.236751	0.000000	
166.450000	25.016950	-38.311666	0.000000	
166.500000	25.020506	-38.386582	0.000000	
166.550000	25.024062	-38.461498	0.000000	
166.600000	25.027618	-38.536413	0.000000	
166.650000	25.031175	-38.611329	0.000000	
166.700000	25.034731	-38.686244	0.000000	
166.750000	25.038287	-38.761160	0.000000	
166.800000	25.041843	-38.836076	0.000000	
166.850000	25.045400	-38.910991	0.000000	
166.900000	25.048956	-38.985907	0.000000	
166.950000	25.052512	-39.060823	0.000000	
167.000000	25.056069	-39.135738	0.000000	
167.050000	25.059625	-39.210654	0.000000	
167.100000	25.063181	-39.285570	0.000000	
167.150000	25.066737	-39.360485	0.000000	
167.200000	25.070294	-39.435401	0.000000	
167.250000	25.073850	-39.510316	0.000000	
167.300000	25.077406	-39.585232	0.000000	
167.350000	25.080962	-39.660148	0.000000	
167.400000	25.084519	-39.735063	0.000000	
167.450000	25.088075	-39.809979	0.000000	
167.500000	25.091631	-39.884895	0.000000	
167.550000	25.095188	-39.959810	0.000000	
167.600000	25.098744	-40.034726	0.000000	
167.650000	25.102300	-40.109642	0.000000	
167.700000	25.105856	-40.184557	0.000000	
167.750000	25.109413	-40.259473	0.000000	
167.800000	25.112969	-40.334388	0.000000	
167.850000	25.116525	-40.409304	0.000000	
167.900000	25.120082	-40.484220	0.000000	
167.950000	25.123638	-40.559135	0.000000	
168.000000	25.127194	-40.634051	0.000000	
168.050000	25.130750	-40.708967	0.000000	
168.100000	25.134307	-40.783882	0.000000	
168.150000	25.137863	-40.858798	0.000000	
168.200000	25.141419	-40.933714	0.000000	
168.250000	25.144975	-41.008629	0.000000	
168.300000	25.148532	-41.083545	0.000000	
168.350000	25.152088	-41.158461	0.000000	
168.400000	25.155644	-41.233376	0.000000	
168.450000	25.159201	-41.308292	0.000000	
168.500000	25.162757	-41.383207	0.000000	
168.550000	25.166313	-41.458123	0.000000	
168.600000	25.169869	-41.533039	0.000000	
168.650000	25.173426	-41.607954	0.000000	
168.700000	25.176982	-41.682870	0.000000	
168.750000	25.180538	-41.757786	0.000000	
168.800000	25.184094	-41.832701	0.000000	
168.850000	25.187651	-41.907617	0.000000	
168.900000	25.191207	-41.982533	0.000000	
168.950000	25.194763	-42.057448	0.000000	
169.000000	25.198320	-42.132364	0.000000	
169.050000	25.201876	-42.207279	0.000000	
169.100000	25.205432	-42.282195	0.000000	
169.150000	25.208988	-42.357111	0.000000	
169.200000	25.212545	-42.432026	0.000000	
169.250000	25.216101	-42.506942	0.000000	
169.300000	25.219657	-42.581858	0.000000	
169.350000	25.223213	-42.656773	0.000000	
169.400000	25.226770	-42.731689	0.000000	
169.450000	25.230326	-42.806605	0.000000	
169.500000	25.233882	-42.881520	0.000000	
169.550000	25.237439	-42.956436	0.000000	
169.600000	25.240995	-43.031351	0.000000	
169.650000	25.244551	-43.106267	0.000000	
169.700000	25.248107	-43.181183	0.000000	
169.750000	25.251664	-43.256098	0.000000	
169.800000	25.255220	-43.331014	0.000000	
169.850000	25.258776	-43.405930	0.000000	
169.900000	25.262332	-43.480845	0.000000	
169.950000	25.265889	-43.555761	0.000000	
170.000000	25.269445	-43.630677	0.000000	
170.050000	25.273001	-43.705592	0.000000	
170.100000	25.276558	-43.780508	0.000000	
170.150000	25.280114	-43.855424	0.000000	
170.200000	25.283670	-43.930339	0.000000	
170.250000	25.287226	-44.005255	0.000000	
170.300000	25.290783	-44.080170	0.000000	
170.350000	25.294339	-44.155086	0.000000	
170.400000	25.297895	-44.230002	0.000000	
170.450000	25.301451	-44.304917	0.000000	
170.500000	25.305008	-44.379833	0.000000	
170.550000	25.308564	-44.454749	0.000000	
170.600000	25.312120	-44.529664	0.000000	
170.650000	25.315677	-44.604580	0.000000	
170.700000	25.319233	-44.679496	0.000000	
170.750000	25.322789	-44.754411	0.000000	
170.800000	25.326345	-44.829327	0.000000	
170.850000	25.329902	-44.904242	0.000000	
170.900000	25.333458	-44.979158	0.000000	
170.950000	25.337014	-45.054074	0.000000	
171.000000	25.340571	-45.128989	0.000000	
171.050000	25.344127	-45.203905	0.000000	
171.100000	25.347683	-45.278821	0.000000	
171.150000	25.351239	-45.353736	0.000000	
171.200000	25.354796	-45.428652	0.000000	
171.250000	25.358352	-45.503568	0.000000	
171.300000	25.361908	-45.578483	0.000000	
171.350000	25.365464	-45.653399	0.000000	
171.400000	25.369021	-45.728314	0.000000	
171.450000	25.372577	-45.803230	0.000000	
171.500000	25.376133	-45.878146	0.000000	
171.550000	25.379690	-45.953061	0.000000	
171.600000	25.383246	-46.027977	0.000000	
171.650000	25.386802	-46.102893	0.000000	
171.700000	25.390358	-46.177808	0.000000	
171.750000	25.393915	-46.252724	0.000000	
171.800000	25.397471	-46.327640	0.000000	
171.850000	25.401027	-46.402555	0.000000	
171.900000	25.432017	-46.335925	0.000000	
171.950000	25.463304	-46.267762	0.000000	
172.000000	25.494591	-46.199600	0.000000	
172.050000	25.525878	-46.131437	0.000000	
172.100000	25.557165	-46.063275	0.000000	
172.150000	25.588452	-45.995112	0.000000	
172.200000	25.619739	-45.926950	0.000000	
172.250000	25.651026	-45.858787	0.000000	
172.300000	25.682312	-45.790625	0.000000	
172.350000	25.713599	-45.722462	0.000000	
172.400000	25.744886	-45.654300	0.000000	
172.450000	25.776173	-45.586137	0.000000	
172.500000	25.807460	-45.517975	0.000000	
172.550000	25.838747	-45.449812	0.000000	
172.600000	25.870034	-45.381650	0.000000	
172.650000	25.901321	-45.313487	0.000000	
172.700000	25.932608	-45.245325	0.000000	
172.750000	25.963895	-45.177162	0.000000	
172.800000	25.995182	-45.109000	0.000000	
172.850000	26.026468	-45.040837	0.000000	
172.900000	26.057755	-44.972675	0.000000	
172.950000	26.089042	-44.904512	0.000000	
173.000000	26.120329	-44.836350	0.000000	
173.050000	26.151616	-44.768187	0.000000	
173.100000	26.182903	-44.700024	0.000000	
173.150000	26.214190	-44.631862	0.000000	
173.200000	26.245477	-44.563699	0.000000	
173.250000	26.276764	-44.495537	0.000000	
173.300000	26.308051	-44.427374	0.000000	
173.350000	26.339338	-44.359212	0.000000	
173.400000	26.370624	-44.291049	0.000000	
173.450000	26.401911	-44.222887	0.000000	
173.500000	26.433198	-44.154724	0.000000	
173.550000	26.464485	-44.086562	0.000000	
173.600000	26.495772	-44.018399	0.000000	
173.650000	26.527059	-43.950237	0.000000	
173.700000	26.558346	-43.882074	0.000000	
173.750000	26.589633	-43.813912	0.000000	
173.800000	26.620920	-43.745749	0.000000	
173.850000	26.652207	-43.677587	0.000000	
173.900000	26.683494	-43.609424	0.000000	
173.950000	26.714781	-43.541262	0.000000	
174.000000	26.746067	-43.473099	0.000000	
174.050000	26.777354	-43.404937	0.000000	
174.100000	26.808641	-43.336774	0.000000	
174.150000	26.839928	-43.268612	0.000000	
174.200000	26.871215	-43.200449	0.000000	
174.250000	26.902502	-43.132287	0.000000	
174.300000	26.933789	-43.064124	0.000000	
174.350000	26.965076	-42.995961	0.000000	
174.400000	26.996363	-42.927799	0.000000	
174.450000	27.027650	-42.859636	0.000000	
174.500000	27.058937	-42.791474	0.000000	
174.550000	27.090223	-42.723311	0.000000	
174.600000	27.121510	-42.655149	0.000000	
174.650000	27.152797	-42.586986	0.000000	
174.700000	27.184084	-42.518824	0.000000	
174.750000	27.215371	-42.450661	0.000000	
174.800000	27.246658	-42.382499	0.000000	
174.850000	27.277945	-42.314336	0.000000	
174.900000	27.309232	-42.246174	0.000000	
174.950000	27.340519	-42.178011	0.000000	
175.000000	27.371806	-42.109849	0.000000	
175.050000	27.403093	-42.041686	0.000000	
175.100000	27.434380	-41.973524	0.000000	
175.150000	27.465666	-41.905361	0.000000	
175.200000	27.496953	-41.837199	0.000000	
175.250000	27.528240	-41.769036	0.000000	
175.300000	27.559527	-41.700874	0.000000	
175.350000	27.590814	-41.632711	0.000000	
175.400000	27.622101	-41.564549	0.000000	
175.450000	27.653388	-41.496386	0.000000	
175.500000	27.684675	-41.428224	0.000000	
175.550000	27.715962	-41.360061	0.000000	
175.600000	27.747249	-41.291898	0.000000	
175.650000	27.778536	-41.223736	0.000000	
175.700000	27.809822	-41.155573	0.000000	
175.750000	27.841109	-41.087411	0.000000	
175.800000	27.872396	-41.019248	0.000000	
175.850000	27.903683	-40.951086	0.000000	
175.900000	27.934970	-40.882923	0.000000	
175.950000	27.966257	-40.814761	0.000000	
176.000000	27.997544	-40.746598	0.000000	
176.050000	28.028831	-40.678436	0.000000	
176.100000	28.060118	-40.610273	0.000000	
176.150000	28.091405	-40.542111	0.000000	
176.200000	28.122692	-40.473948	0.000000	
176.250000	28.153979	-40.405786	0.000000	
176.300000	28.185265	-40.337623	0.000000	
176.350000	28.216552	-40.269461	0.000000	
176.400000	28.247839	-40.201298	0.000000	
176.450000	28.279126	-40.133136	0.000000	
176.500000	28.310413	-40.064973	0.000000	
176.550000	28.341700	-39.996811	0.000000	
176.600000	28.372987	-39.928648	0.000000	
176.650000	28.404274	-39.860486	0.000000	
176.700000	28.435561	-39.792323	0.000000	
176.750000	28.466848	-39.724161	0.000000	
176.800000	28.498135	-39.655998	0.000000	
176.850000	28.529421	-39.587836	0.000000	
176.900000	28.560708	-39.519673	0.000000	
176.950000	28.591995	-39.451510	0.000000	
177.000000	28.623282	-39.383348	0.000000	
177.050000	28.654569	-39.315185	0.000000	
177.100000	28.685856	-39.247023	0.000000	
177.150000	28.717143	-39.178860	0.000000	
177.200000	28.748430	-39.110698	0.000000	
177.250000	28.779717	-39.042535	0.000000	
177.300000	28.811004	-38.974373	0.000000	
177.350000	28.842291	-38.906210	0.000000	
177.400000	28.873578	-38.838048	0.000000	
177.450000	28.904864	-38.769885	0.000000	
177.500000	28.936151	-38.701723	0.000000	
177.550000	28.967438	-38.633560	0.000000	
177.600000	28.998725	-38.565398	0.000000	
177.650000	29.030012	-38.497235	0.000000	
177.700000	29.061299	-38.429073	0.000000	
177.750000	29.092586	-38.360910	0.000000	
177.800000	29.123873	-38.292748	0.000000	
177.850000	29.155160	-38.224585	0.000000	
177.900000	29.186447	-38.156423	0.000000	
177.950000	29.217734	-38.088260	0.000000	
178.000000	29.249020	-38.020098	0.000000	
178.050000	29.280307	-37.951935	0.000000	
178.100000	29.311594	-37.883773	0.000000	
178.150000	29.342881	-37.815610	0.000000	
178.200000	29.374168	-37.747447	0.000000	
178.250000	29.405455	-37.679285	0.000000	
178.300000	29.436742	-37.611122	0.000000	
178.350000	29.468029	-37.542960	0.000000	
178.400000	29.499316	-37.474797	0.000000	
178.450000	29.530603	-37.406635	0.000000	
178.500000	29.561890	-37.338472	0.000000	
178.550000	29.593177	-37.270310	0.000000	
178.600000	29.624463	-37.202147	0.000000	
178.650000	29.655750	-37.133985	0.000000	
178.700000	29.687037	-37.065822	0.000000	
178.750000	29.718324	-36.997660	0.000000	
178.800000	29.749611	-36.929497	0.000000	
178.850000	29.695682	-36.885362	0.000000	
178.900000	29.633396	-36.843584	0.000000	
178.950000	29.571110	-36.801805	0.000000	
179.000000	29.508824	-36.760027	0.000000	
179.050000	29.446538	-36.718248	0.000000	
179.100000	29.384252	-36.676470	0.000000	
179.150000	29.321966	-36.634691	0.000000	
179.200000	29.259680	-36.592913	0.000000	
179.250000	29.197394	-36.551134	0.000000	
179.300000	29.135107	-36.509355	0.000000	
179.350000	29.072821	-36.467577	0.000000	
179.400000	29.010535	-36.425798	0.000000	
179.450000	28.948249	-36.384020	0.000000	
179.500000	28.885963	-36.342241	0.000000	
179.550000	28.823677	-36.300463	0.000000	
179.600000	28.761391	-36.258684	0.000000	
179.650000	28.699105	-36.216906	0.000000	
179.700000	28.636819	-36.175127	0.000000	
179.750000	28.574533	-36.133349	0.000000	
179.800000	28.512247	-36.091570	0.000000	
179.850000	28.449961	-36.049792	0.000000	
179.900000	28.387675	-36.008013	0.000000	
179.950000	28.325389	-35.966234	0.000000	
180.000000	28.263103	-35.924456	0.000000	
180.050000	28.200817	-35.882677	0.000000	
180.100000	28.138530	-35.840899	0.000000	
180.150000	28.076244	-35.799120	0.000000	
180.200000	28.013958	-35.757342	0.000000	
180.250000	27.951672	-35.715563	0.000000	
180.300000	27.889386	-35.673785	0.000000	
180.350000	27.827100	-35.632006	0.000000	
180.400000	27.764814	-35.590228	0.000000	
180.450000	27.702528	-35.548449	0.000000	
180.500000	27.640242	-35.506671	0.000000	
180.550000	27.577956	-35.464892	0.000000	
180.600000	27.515670	-35.423113	0.000000	
180.650000	27.453384	-35.381335	0.000000	
180.700000	27.391098	-35.339556	0.000000	
180.750000	27.328812	-35.297778	0.000000	
180.800000	27.266526	-35.255999	0.000000	
180.850000	27.204240	-35.214221	0.000000	
180.900000	27.141953	-35.172442	0.000000	
180.950000	27.079667	-35.130664	0.000000	
181.000000	27.017381	-35.088885	0.000000	
181.050000	26.955095	-35.047107	0.000000	
181.100000	26.892809	-35.005328	0.000000	
181.150000	26.830523	-34.963550	0.000000	
181.200000	26.768237	-34.921771	0.000000	
181.250000	26.705951	-34.879992	0.000000	
181.300000	26.643665	-34.838214	0.000000	
181.350000	26.581379	-34.796435	0.000000	
181.400000	26.519093	-34.754657	0.000000	
181.450000	26.456807	-34.712878	0.000000	
181.500000	26.394521	-34.671100	0.000000	
181.550000	26.332235	-34.629321	0.000000	
181.600000	26.269949	-34.587543	0.000000	
181.650000	26.207662	-34.545764	0.000000	
181.700000	26.145376	-34.503986	0.000000	
181.750000	26.083090	-34.462207	0.000000	
181.800000	26.020804	-34.420429	0.000000	
181.850000	25.958518	-34.378650	0.000000	
181.900000	25.896232	-34.336871	0.000000	
181.950000	25.833946	-34.295093	0.000000	
182.000000	25.771660	-34.253314	0.000000	
182.050000	25.709374	-34.211536	0.000000	
182.100000	25.647088	-34.169757	0.000000	
182.150000	25.584802	-34.127979	0.000000	
182.200000	25.522516	-34.086200	0.000000	
182.250000	25.460230	-34.044422	0.000000	
182.300000	25.397944	-34.002643	0.000000	
182.350000	25.335658	-33.960865	0.000000	
182.400000	25.273372	-33.919086	0.000000	
182.450000	25.211085	-33.877308	0.000000	
182.500000	25.148799	-33.835529	0.000000	
182.550000	25.086513	-33.793750	0.000000	
182.600000	25.024227	-33.751972	0.000000	
182.650000	24.961941	-33.710193	0.000000	
182.700000	24.899655	-33.668415	0.000000	
182.750000	24.837369	-33.626636	0.000000	
182.800000	24.775083	-33.584858	0.000000	
182.850000	24.712797	-33.543079	0.000000	
182.900000	24.650511	-33.501301	0.000000	
182.950000	24.588225	-33.459522	0.000000	
183.000000	24.525939	-33.417744	0.000000	
183.050000	24.463653	-33.375965	0.000000	
183.100000	24.401367	-33.334187	0.000000	
183.150000	24.339081	-33.292408	0.000000	
183.200000	24.276795	-33.250629	0.000000	
183.250000	24.214508	-33.208851	0.000000	
183.300000	24.152222	-33.167072	0.000000	
183.350000	24.089936	-33.125294	0.000000	
183.400000	24.027650	-33.083515	0.000000	
183.450000	23.965364	-33.041737	0.000000	
183.500000	23.903078	-32.999958	0.000000	
183.550000	23.840792	-32.958180	0.000000	
183.600000	23.778506	-32.916401	0.000000	
183.650000	23.716220	-32.874623	0.000000	
183.700000	23.653934	-32.832844	0.000000	
183.750000	23.591648	-32.791066	0.000000	
183.800000	23.529362	-32.749287	0.000000	
183.850000	23.467076	-32.707508	0.000000	
183.900000	23.404790	-32.665730	0.000000	
183.950000	23.342504	-32.623951	0.000000	
184.000000	23.280218	-32.582173	0.000000	
184.050000	23.217931	-32.540394	0.000000	
184.100000	23.155645	-32.498616	0.000000	
184.150000	23.093359	-32.456837	0.000000	
184.200000	23.031073	-32.415059	0.000000	
184.250000	22.968787	-32.373280	0.000000	
184.300000	22.906501	-32.331502	0.000000	
184.350000	22.844215	-32.289723	0.000000	
184.400000	22.781929	-32.247945	0.000000	
184.450000	22.719643	-32.206166	0.000000	
184.500000	22.657357	-32.164387	0.000000	
184.550000	22.595071	-32.122609	0.000000	
184.600000	22.532785	-32.080830	0.000000	
184.650000	22.470499	-32.039052	0.000000	
184.700000	22.408213	-31.997273	0.000000	
184.750000	22.345927	-31.955495	0.000000	
184.800000	22.283640	-31.913716	0.000000	
184.850000	22.221354	-31.871938	0.000000	
184.900000	22.159068	-31.830159	0.000000	
184.950000	22.096782	-31.788381	0.000000	
185.000000	22.034496	-31.746602	0.000000	
185.050000	21.972210	-31.704824	0.000000	
185.100000	21.909924	-31.663045	0.000000	
185.150000	21.892518	-31.666135	0.000000	
185.200000	21.934313	-31.728410	0.000000	
185.250000	21.976108	-31.790685	0.000000	
185.300000	22.017903	-31.852960	0.000000	
185.350000	22.059698	-31.915235	0.000000	
185.400000	22.101493	-31.977510	0.000000	
185.450000	22.143288	-32.039785	0.000000	
185.500000	22.185083	-32.102060	0.000000	
185.550000	22.226878	-32.164335	0.000000	
185.600000	22.268673	-32.226610	0.000000	
185.650000	22.310468	-32.288886	0.000000	
185.700000	22.352263	-32.351161	0.000000	
185.750000	22.394058	-32.413436	0.000000	
185.800000	22.435853	-32.475711	0.000000	
185.850000	22.477648	-32.537986	0.000000	
185.900000	22.519443	-32.600261	0.000000	
185.950000	22.561238	-32.662536	0.000000	
186.000000	22.603033	-32.724811	0.000000	
186.050000	22.644828	-32.787086	0.000000	
186.100000	22.686623	-32.849361	0.000000	
186.150000	22.728418	-32.911636	0.000000	
186.200000	22.770212	-32.973911	0.000000	
186.250000	22.812007	-33.036186	0.000000	
186.300000	22.853802	-33.098461	0.000000	
186.350000	22.895597	-33.160736	0.000000	
186.400000	22.937392	-33.223011	0.000000	
186.450000	22.979187	-33.285286	0.000000	
186.500000	23.020982	-33.347561	0.000000	
186.550000	23.062777	-33.409836	0.000000	
186.600000	23.104572	-33.472111	0.000000	
186.650000	23.146367	-33.534387	0.000000	
186.700000	23.188162	-33.596662	0.000000	
186.750000	23.229957	-33.658937	0.000000	
186.800000	23.271752	-33.721212	0.000000	
186.850000	23.313547	-33.783487	0.000000	
186.900000	23.355342	-33.845762	0.000000	
186.950000	23.397137	-33.908037	0.000000	
187.000000	23.438932	-33.970312	0.000000	
187.050000	23.480727	-34.032587	0.000000	
187.100000	23.522522	-34.094862	0.000000	
187.150000	23.564317	-34.157137	0.000000	
187.200000	23.606112	-34.219412	0.000000	
187.250000	23.647907	-34.281687	0.000000	
187.300000	23.689702	-34.343962	0.000000	
187.350000	23.731496	-34.406237	0.000000	
187.400000	23.773291	-34.468512	0.000000	
187.450000	23.815086	-34.530787	0.000000	
187.500000	23.856881	-34.593062	0.000000	
187.550000	23.898676	-34.655337	0.000000	
187.600000	23.940471	-34.717612	0.000000	
187.650000	23.982266	-34.779887	0.000000	
187.700000	24.024061	-34.842163	0.000000	
187.750000	24.065856	-34.904438	0.000000	
187.800000	24.107651	-34.966713	0.000000	
187.850000	24.149446	-35.028988	0.000000	
187.900000	24.191241	-35.091263	0.000000	
187.950000	24.233036	-35.153538	0.000000	
188.000000	24.274831	-35.215813	0.000000	
188.050000	24.316626	-35.278088	0.000000	
188.100000	24.358421	-35.340363	0.000000	
188.150000	24.400216	-35.402638	0.000000	
188.200000	24.442011	-35.464913	0.000000	
188.250000	24.483806	-35.527188	0.000000	
188.300000	24.525601	-35.589463	0.000000	
188.350000	24.567396	-35.651738	0.000000	
188.400000	24.609191	-35.714013	0.000000	
188.450000	24.650985	-35.776288	0.000000	
188.500000	24.692780	-35.838563	0.000000	
188.550000	24.734575	-35.900838	0.000000	
188.600000	24.776370	-35.963113	0.000000	
188.650000	24.818165	-36.025388	0.000000	
188.700000	24.859960	-36.087664	0.000000	
188.750000	24.901755	-36.149939	0.000000	
188.800000	24.943550	-36.212214	0.000000	
188.850000	24.985345	-36.274489	0.000000	
188.900000	25.027140	-36.336764	0.000000	
188.950000	25.068935	-36.399039	0.000000	
189.000000	25.110730	-36.461314	0.000000	
189.050000	25.152525	-36.523589	0.000000	
189.100000	25.194320	-36.585864	0.000000	
189.150000	25.236115	-36.648139	0.000000	
189.200000	25.277910	-36.710414	0.000000	
189.250000	25.319705	-36.772689	0.000000	
189.300000	25.361500	-36.834964	0.000000	
189.350000	25.403295	-36.897239	0.000000	
189.400000	25.445090	-36.959514	0.000000	
189.450000	25.486885	-37.021789	0.000000	
189.500000	25.528680	-37.084064	0.000000	
189.550000	25.570475	-37.146339	0.000000	
189.600000	25.612269	-37.208614	0.000000	
189.650000	25.654064	-37.270889	0.000000	
189.700000	25.695859	-37.333164	0.000000	
189.750000	25.737654	-37.395440	0.000000	
189.800000	25.779449	-37.457715	0.000000	
189.850000	25.821244	-37.519990	0.000000	
189.900000	25.863039	-37.582265	0.000000	
189.950000	25.904834	-37.644540	0.000000	
190.000000	25.946629	-37.706815	0.000000	
190.050000	25.988424	-37.769090	0.000000	
190.100000	26.030219	-37.831365	0.000000	
190.150000	26.072014	-37.893640	0.000000	
190.200000	26.113809	-37.955915	0.000000	
190.250000	26.155604	-38.018190	0.000000	
190.300000	26.197399	-38.080465	0.000000	
190.350000	26.239194	-38.142740	0.000000	
190.400000	26.280989	-38.205015	0.000000	
190.450000	26.322784	-38.267290	0.000000	
190.500000	26.364579	-38.329565	0.000000	
190.550000	26.406374	-38.391840	0.000000	
190.600000	26.448169	-38.454115	0.000000	
190.650000	26.489964	-38.516390	0.000000	
190.700000	26.531758	-38.578665	0.000000	
190.750000	26.573553	-38.640941	0.000000	
190.800000	26.615348	-38.703216	0.000000	
190.850000	26.657143	-38.765491	0.000000	
190.900000	26.698938	-38.827766	0.000000	
190.950000	26.740733	-38.890041	0.000000	
191.000000	26.782528	-38.952316	0.000000	
191.050000	26.824323	-39.014591	0.000000	
191.100000	26.866118	-39.076866	0.000000	
191.150000	26.907913	-39.139141	0.000000	
191.200000	26.949708	-39.201416	0.000000	
191.250000	26.991503	-39.263691	0.000000	
191.300000	27.033298	-39.325966	0.000000	
191.350000	27.075093	-39.388241	0.000000	
191.400000	27.116888	-39.450516	0.000000	
191.450000	27.158683	-39.512791	0.000000	
191.500000	27.200478	-39.575066	0.000000	
191.550000	27.242273	-39.637341	0.000000	
191.600000	27.284068	-39.699616	0.000000	
191.650000	27.325863	-39.761891	0.000000	
191.700000	27.367658	-39.824166	0.000000	
191.750000	27.409453	-39.886441	0.000000	
191.800000	27.451247	-39.948717	0.000000	
191.850000	27.493042	-40.010992	0.000000	
191.900000	27.534837	-40.073267	0.000000	
191.950000	27.576632	-40.135542	0.000000	
192.000000	27.618427	-40.197817	0.000000	
192.050000	27.660222	-40.260092	0.000000	
192.100000	27.702017	-40.322367	0.000000	
192.150000	27.743812	-40.384642	0.000000	
192.200000	27.785607	-40.446917	0.000000	
192.250000	27.827402	-40.509192	0.000000	
192.300000	27.869197	-40.571467	0.000000	
192.350000	27.910992	-40.633742	0.000000	
192.400000	27.952787	-40.696017	0.000000	
192.450000	27.994582	-40.758292	0.000000	
192.500000	28.036377	-40.820567	0.000000	
192.550000	28.078172	-40.882842	0.000000	
192.600000	28.119967	-40.945117	0.000000	
192.650000	28.161762	-41.007392	0.000000	
192.700000	28.203557	-41.069667	0.000000	
192.750000	28.245352	-41.131942	0.000000	
192.800000	28.287147	-41.194218	0.000000	
192.850000	28.328942	-41.256493	0.000000	
192.900000	28.370737	-41.318768	0.000000	
192.950000	28.412531	-41.381043	0.000000	
193.000000	28.454326	-41.443318	0.000000	
193.050000	28.496121	-41.505593	0.000000	
193.100000	28.537916	-41.567868	0.000000	
193.150000	28.579711	-41.630143	0.000000	
193.200000	28.621506	-41.692418	0.000000	
193.250000	28.663301	-41.754693	0.000000	
193.300000	28.705096	-41.816968	0.000000	
193.350000	28.746891	-41.879243	0.000000	
193.400000	28.788686	-41.941518	0.000000	
193.450000	28.830481	-42.003793	0.000000	
193.500000	28.872276	-42.066068	0.000000	
193.550000	28.914071	-42.128343	0.000000	
193.600000	28.955866	-42.190618	0.000000	
193.650000	28.997661	-42.252893	0.000000	
193.700000	29.039456	-42.315168	0.000000	
193.750000	29.081251	-42.377443	0.000000	
193.800000	29.123046	-42.439718	0.000000	
193.850000	29.164841	-42.501994	0.000000	
193.900000	29.206636	-42.564269	0.000000	
193.950000	29.248431	-42.626544	0.000000	
194.000000	29.290226	-42.688819	0.000000	
194.050000	29.332020	-42.751094	0.000000	
194.100000	29.373815	-42.813369	0.000000	
194.150000	29.415610	-42.875644	0.000000	
194.200000	29.457405	-42.937919	0.000000	
194.250000	29.499200	-43.000194	0.000000	
194.300000	29.540995	-43.062469	0.000000	
194.350000	29.582790	-43.124744	0.000000	
194.400000	29.624585	-43.187019	0.000000	
194.450000	29.666380	-43.249294	0.000000	
194.500000	29.708175	-43.311569	0.000000	
194.550000	29.749970	-43.373844	0.000000	
194.600000	29.791765	-43.436119	0.000000	
194.650000	29.833560	-43.498394	0.000000	
194.700000	29.875355	-43.560669	0.000000	
194.750000	29.917150	-43.622944	0.000000	
194.800000	29.958945	-43.685219	0.000000	
194.850000	30.000740	-43.747495	0.000000	
194.900000	29.998343	-43.687006	0.000000	
194.950000	29.990858	-43.612380	0.000000	
195.000000	29.983373	-43.537755	0.000000	
195.050000	29.975888	-43.463129	0.000000	
195.100000	29.968403	-43.388504	0.000000	
195.150000	29.960917	-43.313878	0.000000	
195.200000	29.953432	-43.239253	0.000000	
195.250000	29.945947	-43.164627	0.000000	
195.300000	29.938462	-43.090001	0.000000	
195.350000	29.930977	-43.015376	0.000000	
195.400000	29.923491	-42.940750	0.000000	
195.450000	29.916006	-42.866125	0.000000	
195.500000	29.908521	-42.791499	0.000000	
195.550000	29.901036	-42.716874	0.000000	
195.600000	29.893551	-42.642248	0.000000	
195.650000	29.886065	-42.567623	0.000000	
195.700000	29.878580	-42.492997	0.000000	
195.750000	29.871095	-42.418372	0.000000	
195.800000	29.863610	-42.343746	0.000000	
195.850000	29.856125	-42.269120	0.000000	
195.900000	29.848639	-42.194495	0.000000	
195.950000	29.841154	-42.119869	0.000000	
196.000000	29.833669	-42.045244	0.000000	
196.050000	29.826184	-41.970618	0.000000	
196.100000	29.818699	-41.895993	0.000000	
196.150000	29.811213	-41.821367	0.000000	
196.200000	29.803728	-41.746742	0.000000	
196.250000	29.796243	-41.672116	0.000000	
196.300000	29.788758	-41.597491	0.000000	
196.350000	29.781273	-41.522865	0.000000	
196.400000	29.773787	-41.448240	0.000000	
196.450000	29.766302	-41.373614	0.000000	
196.500000	29.758817	-41.298988	0.000000	
196.550000	29.751332	-41.224363	0.000000	
196.600000	29.743847	-41.149737	0.000000	
196.650000	29.736361	-41.075112	0.000000	
196.700000	29.728876	-41.000486	0.000000	
196.750000	29.721391	-40.925861	0.000000	
196.800000	29.713906	-40.851235	0.000000	
196.850000	29.706421	-40.776610	0.000000	
196.900000	29.698935	-40.701984	0.000000	
196.950000	29.691450	-40.627359	0.000000	
197.000000	29.683965	-40.552733	0.000000	
197.050000	29.676480	-40.478107	0.000000	
197.100000	29.668995	-40.403482	0.000000	
197.150000	29.661509	-40.328856	0.000000	
197.200000	29.654024	-40.254231	0.000000	
197.250000	29.646539	-40.179605	0.000000	
197.300000	29.639054	-40.104980	0.000000	
197.350000	29.631569	-40.030354	0.000000	
197.400000	29.624083	-39.955729	0.000000	
197.450000	29.616598	-39.881103	0.000000	
197.500000	29.609113	-39.806478	0.000000	
197.550000	29.601628	-39.731852	0.000000	
197.600000	29.594143	-39.657226	0.000000	
197.650000	29.586657	-39.582601	0.000000	
197.700000	29.579172	-39.507975	0.000000	
197.750000	29.571687	-39.433350	0.000000	
197.800000	29.564202	-39.358724	0.000000	
197.850000	29.556717	-39.284099	0.000000	
197.900000	29.549231	-39.209473	0.000000	
197.950000	29.541746	-39.134848	0.000000	
198.000000	29.534261	-39.060222	0.000000	
198.050000	29.526776	-38.985597	0.000000	
198.100000	29.519291	-38.910971	0.000000	
198.150000	29.511805	-38.836345	0.000000	
198.200000	29.504320	-38.761720	0.000000	
198.250000	29.496835	-38.687094	0.000000	
198.300000	29.489350	-38.612469	0.000000	
198.350000	29.481865	-38.537843	0.000000	
198.400000	29.474379	-38.463218	0.000000	
198.450000	29.466894	-38.388592	0.000000	
198.500000	29.459409	-38.313967	0.000000	
198.550000	29.451924	-38.239341	0.000000	
198.600000	29.444439	-38.164716	0.000000	
198.650000	29.436953	-38.090090	0.000000	
198.700000	29.429468	-38.015464	0.000000	
198.750000	29.421983	-37.940839	0.000000	
198.800000	29.414498	-37.866213	0.000000	
198.850000	29.407013	-37.791588	0.000000	
198.900000	29.399527	-37.716962	0.000000	
198.950000	29.392042	-37.642337	0.000000	
199.000000	29.384557	-37.567711	0.000000	
199.050000	29.377072	-37.493086	0.000000	
199.100000	29.369587	-37.418460	0.000000	
199.150000	29.362101	-37.343835	0.000000	
199.200000	29.354616	-37.269209	0.000000	
199.250000	29.347131	-37.194584	0.000000	
199.300000	29.339646	-37.119958	0.000000	
199.350000	29.332161	-37.045332	0.000000	
199.400000	29.324675	-36.970707	0.000000	
199.450000	29.317190	-36.896081	0.000000	
199.500000	29.309705	-36.821456	0.000000	
199.550000	29.302220	-36.746830	0.000000	
199.600000	29.294735	-36.672205	0.000000	
199.650000	29.287249	-36.597579	0.000000	
199.700000	29.279764	-36.522954	0.000000	
199.750000	29.272279	-36.448328	0.000000	
199.800000	29.264794	-36.373703	0.000000	
199.850000	29.257309	-36.299077	0.000000	
199.900000	29.249823	-36.224451	0.000000	
199.950000	29.242338	-36.149826	0.000000	
200.000000	29.234853	-36.075200	0.000000	
200.050000	29.227368	-36.000575	0.000000	
200.100000	29.219883	-35.925949	0.000000	
200.150000	29.212397	-35.851324	0.000000	
200.200000	29.204912	-35.776698	0.000000	
200.250000	29.197427	-35.702073	0.000000	
200.300000	29.189942	-35.627447	0.000000	
200.350000	29.182457	-35.552822	0.000000	
200.400000	29.174971	-35.478196	0.000000	
200.450000	29.167486	-35.403570	0.000000	
200.500000	29.160001	-35.328945	0.000000	
200.550000	29.152516	-35.254319	0.000000	
200.600000	29.145031	-35.179694	0.000000	
200.650000	29.137545	-35.105068	0.000000	
200.700000	29.130060	-35.030443	0.000000	
200.750000	29.122575	-34.955817	0.000000	
200.800000	29.115090	-34.881192	0.000000	
200.850000	29.107605	-34.806566	0.000000	
200.900000	29.100119	-34.731941	0.000000	
200.950000	29.092634	-34.657315	0.000000	
201.000000	29.085149	-34.582689	0.000000	
201.050000	29.077664	-34.508064	0.000000	
201.100000	29.070179	-34.433438	0.000000	
201.150000	29.062693	-34.358813	0.000000	
201.200000	29.055208	-34.284187	0.000000	
201.250000	29.047723	-34.209562	0.000000	
201.300000	29.040238	-34.134936	0.000000	
201.350000	29.032753	-34.060311	0.000000	
201.400000	29.025267	-33.985685	0.000000	
201.450000	29.017782	-33.911060	0.000000	
201.500000	29.010297	-33.836434	0.000000	
201.550000	29.002812	-33.761808	0.000000	
201.600000	28.995327	-33.687183	0.000000	
201.650000	28.987842	-33.612557	0.000000	
201.700000	28.980356	-33.537932	0.000000	
201.750000	28.972871	-33.463306	0.000000	
201.800000	28.965386	-33.388681	0.000000	
201.850000	28.957901	-33.314055	0.000000	
201.900000	28.950416	-33.239430	0.000000	
201.950000	28.942930	-33.164804	0.000000	
202.000000	28.935445	-33.090179	0.000000	
202.050000	28.927960	-33.015553	0.000000	
202.100000	28.920475	-32.940928	0.000000	
202.150000	28.912990	-32.866302	0.000000	
202.200000	28.905504	-32.791676	0.000000	
202.250000	28.898019	-32.717051	0.000000	
202.300000	28.890534	-32.642425	0.000000	
202.350000	28.883049	-32.567800	0.000000	
202.400000	28.875564	-32.493174	0.000000	
202.450000	28.868078	-32.418549	0.000000	
202.500000	28.860593	-32.343923	0.000000	
202.550000	28.853108	-32.269298	0.000000	
202.600000	28.845623	-32.194672	0.000000	
202.650000	28.838138	-32.120047	0.000000	
202.700000	28.830652	-32.045421	0.000000	
202.750000	28.823167	-31.970795	0.000000	
202.800000	28.815682	-31.896170	0.000000	
202.850000	28.808197	-31.821544	0.000000	
202.900000	28.800712	-31.746919	0.000000	
202.950000	28.793226	-31.672293	0.000000	
203.000000	28.785741	-31.597668	0.000000	
203.050000	28.778256	-31.523042	0.000000	
203.100000	28.770771	-31.448417	0.000000	
203.150000	28.763286	-31.373791	0.000000	
203.200000	28.755800	-31.299166	0.000000	
203.250000	28.748315	-31.224540	0.000000	
203.300000	28.740830	-31.149914	0.000000	
203.350000	28.733345	-31.075289	0.000000	
203.400000	28.725860	-31.000663	0.000000	
203.450000	28.718374	-30.926038	0.000000	
203.500000	28.710889	-30.851412	0.000000	
203.550000	28.703404	-30.776787	0.000000	
203.600000	28.695919	-30.702161	0.000000	
203.650000	28.661848	-30.693178	0.000000	
203.700000	28.604542	-30.741563	0.000000	
203.750000	28.547236	-30.789947	0.000000	
203.800000	28.489931	-30.838332	0.000000	
203.850000	28.432625	-30.886716	0.000000	
203.900000	28.375319	-30.935101	0.000000	
203.950000	28.318014	-30.983485	0.000000	
204.000000	28.260708	-31.031870	0.000000	
204.050000	28.203402	-31.080254	0.000000	
204.100000	28.146097	-31.128639	0.000000	
204.150000	28.088791	-31.177023	0.000000	
204.200000	28.031486	-31.225408	0.000000	
204.250000	27.974180	-31.273793	0.000000	
204.300000	27.916874	-31.322177	0.000000	
204.350000	27.859569	-31.370562	0.000000	
204.400000	27.802263	-31.418946	0.000000	
204.450000	27.744957	-31.467331	0.000000	
204.500000	27.687652	-31.515715	0.000000	
204.550000	27.630346	-31.564100	0.000000	
204.600000	27.573040	-31.612484	0.000000	
204.650000	27.515735	-31.660869	0.000000	
204.700000	27.458429	-31.709253	0.000000	
204.750000	27.401124	-31.757638	0.000000	
204.800000	27.343818	-31.806022	0.000000	
204.850000	27.286512	-31.854407	0.000000	
204.900000	27.229207	-31.902792	0.000000	
204.950000	27.171901	-31.951176	0.000000	
205.000000	27.114595	-31.999561	0.000000	
205.050000	27.057290	-32.047945	0.000000	
205.100000	26.999984	-32.096330	0.000000	
205.150000	26.942678	-32.144714	0.000000	
205.200000	26.885373	-32.193099	0.000000	
205.250000	26.828067	-32.241483	0.000000	
205.300000	26.770761	-32.289868	0.000000	
205.350000	26.713456	-32.338252	0.000000	
205.400000	26.656150	-32.386637	0.000000	
205.450000	26.598845	-32.435021	0.000000	
205.500000	26.541539	-32.483406	0.000000	
205.550000	26.484233	-32.531791	0.000000	
205.600000	26.426928	-32.580175	0.000000	
205.650000	26.369622	-32.628560	0.000000	
205.700000	26.312316	-32.676944	0.000000	
205.750000	26.255011	-32.725329	0.000000	
205.800000	26.197705	-32.773713	0.000000	
205.850000	26.140399	-32.822098	0.000000	
205.900000	26.083094	-32.870482	0.000000	
205.950000	26.025788	-32.918867	0.000000	
206.000000	25.968482	-32.967251	0.000000	
206.050000	25.911177	-33.015636	0.000000	
206.100000	25.853871	-33.064020	0.000000	
206.150000	25.796566	-33.112405	0.000000	
206.200000	25.739260	-33.160790	0.000000	
206.250000	25.681954	-33.209174	0.000000	
206.300000	25.624649	-33.257559	0.000000	
206.350000	25.567343	-33.305943	0.000000	
206.400000	25.510037	-33.354328	0.000000	
206.450000	25.452732	-33.402712	0.000000	
206.500000	25.395426	-33.451097	0.000000	
206.550000	25.338120	-33.499481	0.000000	
206.600000	25.280815	-33.547866	0.000000	
206.650000	25.223509	-33.596250	0.000000	
206.700000	25.166204	-33.644635	0.000000	
206.750000	25.108898	-33.693019	0.000000	
206.800000	25.051592	-33.741404	0.000000	
206.850000	24.994287	-33.789789	0.000000	
206.900000	24.936981	-33.838173	0.000000	
206.950000	24.879675	-33.886558	0.000000	
207.000000	24.822370	-33.934942	0.000000	
207.050000	24.765064	-33.983327	0.000000	
207.100000	24.707758	-34.031711	0.000000	
207.150000	24.650453	-34.080096	0.000000	
207.200000	24.593147	-34.128480	0.000000	
207.250000	24.535841	-34.176865	0.000000	
207.300000	24.478536	-34.225249	0.000000	
207.350000	24.421230	-34.273634	0.000000	
207.400000	24.363925	-34.322018	0.000000	
207.450000	24.306619	-34.370403	0.000000	
207.500000	24.249313	-34.418788	0.000000	
207.550000	24.192008	-34.467172	0.000000	
207.600000	24.134702	-34.515557	0.000000	
207.650000	24.077396	-34.563941	0.000000	
207.700000	24.020091	-34.612326	0.000000	
207.750000	23.962785	-34.660710	0.000000	
207.800000	23.905479	-34.709095	0.000000	
207.850000	23.848174	-34.757479	0.000000	
207.900000	23.790868	-34.805864	0.000000	
207.950000	23.733562	-34.854248	0.000000	
208.000000	23.676257	-34.902633	0.000000	
208.050000	23.618951	-34.951017	0.000000	
208.100000	23.561646	-34.999402	0.000000	
208.150000	23.504340	-35.047787	0.000000	
208.200000	23.447034	-35.096171	0.000000	
208.250000	23.389729	-35.144556	0.000000	
208.300000	23.332423	-35.192940	0.000000	
208.350000	23.275117	-35.241325	0.000000	
208.400000	23.217812	-35.289709	0.000000	
208.450000	23.160506	-35.338094	0.000000	
208.500000	23.103200	-35.386478	0.000000	
208.550000	23.045895	-35.434863	0.000000	
208.600000	22.988589	-35.483247	0.000000	
208.650000	22.931284	-35.531632	0.000000	
208.700000	22.873978	-35.580016	0.000000	
208.750000	22.816672	-35.628401	0.000000	
208.800000	22.759367	-35.676786	0.000000	
208.850000	22.702061	-35.725170	0.000000	
208.900000	22.644755	-35.773555	0.000000	
208.950000	22.587450	-35.821939	0.000000	
209.000000	22.530144	-35.870324	0.000000	
209.050000	22.472838	-35.918708	0.000000	
209.100000	22.415533	-35.967093	0.000000	
209.150000	22.358227	-36.015477	0.000000	
209.200000	22.300921	-36.063862	0.000000	
209.250000	22.243616	-36.112246	0.000000	
209.300000	22.186310	-36.160631	0.000000	
209.350000	22.129005	-36.209015	0.000000	
209.400000	22.071699	-36.257400	0.000000	
209.450000	22.014393	-36.305785	0.000000	
209.500000	21.957088	-36.354169	0.000000	
209.550000	21.899782	-36.402554	0.000000	
209.600000	21.842476	-36.450938	0.000000	
209.650000	21.785171	-36.499323	0.000000	
209.700000	21.727865	-36.547707	0.000000	
209.750000	21.670559	-36.596092	0.000000	
209.800000	21.613254	-36.644476	0.000000	
209.850000	21.555948	-36.692861	0.000000	
209.900000	21.498643	-36.741245	0.000000	
209.950000	21.441337	-36.789630	0.000000	
210.000000	21.384031	-36.838014	0.000000	
210.050000	21.326726	-36.886399	0.000000	
210.100000	21.269420	-36.934784	0.000000	
210.150000	21.212114	-36.983168	0.000000	
210.200000	21.154809	-37.031553	0.000000	
210.250000	21.097503	-37.079937	0.000000	
210.300000	21.040197	-37.128322	0.000000	
210.350000	20.982892	-37.176706	0.000000	
210.400000	20.925586	-37.225091	0.000000	
210.450000	20.868280	-37.273475	0.000000	
210.500000	20.810975	-37.321860	0.000000	
210.550000	20.753669	-37.370244	0.000000	
210.600000	20.696364	-37.418629	0.000000	
210.650000	20.639058	-37.467013	0.000000	
210.700000	20.581752	-37.515398	0.000000	
210.750000	20.524447	-37.563783	0.000000	
210.800000	20.467141	-37.612167	0.000000	
210.850000	20.409835	-37.660552	0.000000	
210.900000	20.352530	-37.708936	0.000000	
210.950000	20.295224	-37.757321	0.000000	
211.000000	20.237918	-37.805705	0.000000	
211.050000	20.180613	-37.854090	0.000000	
211.100000	20.123307	-37.902474	0.000000	
211.150000	20.066001	-37.950859	0.000000	
211.200000	20.008696	-37.999243	0.000000	
211.250000	19.983638	-38.040397	0.000000	
211.300000	20.056117	-38.059682	0.000000	
211.350000	20.128595	-38.078967	0.000000	
211.400000	20.201073	-38.098252	0.000000	
211.450000	20.273551	-38.117537	0.000000	
211.500000	20.346029	-38.136822	0.000000	
211.550000	20.418508	-38.156107	0.000000	
211.600000	20.490986	-38.175391	0.000000	
211.650000	20.563464	-38.194676	0.000000	
211.700000	20.635942	-38.213961	0.000000	
211.750000	20.708421	-38.233246	0.000000	
211.800000	20.780899	-38.252531	0.000000	
211.850000	20.853377	-38.271816	0.000000	
211.900000	20.925855	-38.291101	0.000000	
211.950000	20.998334	-38.310385	0.000000	
212.000000	21.070812	-38.329670	0.000000	
212.050000	21.143290	-38.348955	0.000000	
212.100000	21.215768	-38.368240	0.000000	
212.150000	21.288246	-38.387525	0.000000	
212.200000	21.360725	-38.406810	0.000000	
212.250000	21.433203	-38.426095	0.000000	
212.300000	21.505681	-38.445379	0.000000	
212.350000	21.578159	-38.464664	0.000000	
212.400000	21.650638	-38.483949	0.000000	
212.450000	21.723116	-38.503234	0.000000	
212.500000	21.795594	-38.522519	0.000000	
212.550000	21.868072	-38.541804	0.000000	
212.600000	21.940551	-38.561089	0.000000	
212.650000	22.013029	-38.580374	0.000000	
212.700000	22.085507	-38.599658	0.000000	
212.750000	22.157985	-38.618943	0.000000	
212.800000	22.230463	-38.638228	0.000000	
212.850000	22.302942	-38.657513	0.000000	
212.900000	22.375420	-38.676798	0.000000	
212.950000	22.447898	-38.696083	0.000000	
213.000000	22.520376	-38.715368	0.000000	
213.050000	22.592855	-38.734652	0.000000	
213.100000	22.665333	-38.753937	0.000000	
213.150000	22.737811	-38.773222	0.000000	
213.200000	22.810289	-38.792507	0.000000	
213.250000	22.882768	-38.811792	0.000000	
213.300000	22.955246	-38.831077	0.000000	
213.350000	23.027724	-38.850362	0.000000	
213.400000	23.100202	-38.869646	0.000000	
213.450000	23.172680	-38.888931	0.000000	
213.500000	23.245159	-38.908216	0.000000	
213.550000	23.317637	-38.927501	0.000000	
213.600000	23.390115	-38.946786	0.000000	
213.650000	23.462593	-38.966071	0.000000	
213.700000	23.535072	-38.985356	0.000000	
213.750000	23.607550	-39.004640	0.000000	
213.800000	23.680028	-39.023925	0.000000	
213.850000	23.752506	-39.043210	0.000000	
213.900000	23.824985	-39.062495	0.000000	
213.950000	23.897463	-39.081780	0.000000	
214.000000	23.969941	-39.101065	0.000000	
214.050000	24.042419	-39.120350	0.000000	
214.100000	24.114898	-39.139634	0.000000	
214.150000	24.187376	-39.158919	0.000000	
214.200000	24.259854	-39.178204	0.000000	
214.250000	24.332332	-39.197489	0.000000	
214.300000	24.404810	-39.216774	0.000000	
214.350000	24.477289	-39.236059	0.000000	
214.400000	24.549767	-39.255344	0.000000	
214.450000	24.622245	-39.274629	0.000000	
214.500000	24.694723	-39.293913	0.000000	
214.550000	24.767202	-39.313198	0.000000	
214.600000	24.839680	-39.332483	0.000000	
214.650000	24.912158	-39.351768	0.000000	
214.700000	24.984636	-39.371053	0.000000	
214.750000	25.057115	-39.390338	0.000000	
214.800000	25.129593	-39.409623	0.000000	
214.850000	25.202071	-39.428907	0.000000	
214.900000	25.274549	-39.448192	0.000000	
214.950000	25.347027	-39.467477	0.000000	
215.000000	25.419506	-39.486762	0.000000	
215.050000	25.491984	-39.506047	0.000000	
215.100000	25.564462	-39.525332	0.000000	
215.150000	25.636940	-39.544617	0.000000	
215.200000	25.709419	-39.563901	0.000000	
215.250000	25.781897	-39.583186	0.000000	
215.300000	25.854375	-39.602471	0.000000	
215.350000	25.926853	-39.621756	0.000000	
215.400000	25.999332	-39.641041	0.000000	
215.450000	26.071810	-39.660326	0.000000	
215.500000	26.144288	-39.679611	0.000000	
215.550000	26.216766	-39.698895	0.000000	
215.600000	26.289244	-39.718180	0.000000	
215.650000	26.361723	-39.737465	0.000000	
215.700000	26.434201	-39.756750	0.000000	
215.750000	26.506679	-39.776035	0.000000	
215.800000	26.579157	-39.795320	0.000000	
215.850000	26.651636	-39.814605	0.000000	
215.900000	26.724114	-39.833890	0.000000	
215.950000	26.796592	-39.853174	0.000000	
216.000000	26.869070	-39.872459	0.000000	
216.050000	26.941549	-39.891744	0.000000	
216.100000	27.014027	-39.911029	0.000000	
216.150000	27.086505	-39.930314	0.000000	
216.200000	27.158983	-39.949599	0.000000	
216.250000	27.231461	-39.968884	0.000000	
216.300000	27.303940	-39.988168	0.000000	
216.350000	27.376418	-40.007453	0.000000	
216.400000	27.448896	-40.026738	0.000000	
216.450000	27.521374	-40.046023	0.000000	
216.500000	27.593853	-40.065308	0.000000	
216.550000	27.666331	-40.084593	0.000000	
216.600000	27.738809	-40.103878	0.000000	
216.650000	27.811287	-40.123162	0.000000	
216.700000	27.883766	-40.142447	0.000000	
216.750000	27.956244	-40.161732	0.000000	
216.800000	28.028722	-40.181017	0.000000	
216.850000	28.101200	-40.200302	0.000000	
216.900000	28.173678	-40.219587	0.000000	
216.950000	28.246157	-40.238872	0.000000	
217.000000	28.318635	-40.258156	0.000000	
217.050000	28.391113	-40.277441	0.000000	
217.100000	28.463591	-40.296726	0.000000	
217.150000	28.536070	-40.316011	0.000000	
217.200000	28.609931	-40.327680	0.000000	
217.250000	28.684562	-40.335117	0.000000	
217.300000	28.759192	-40.342554	0.000000	
217.350000	28.833822	-40.349992	0.000000	
217.400000	28.908453	-40.357429	0.000000	
217.450000	28.983083	-40.364866	0.000000	
217.500000	29.057713	-40.372303	0.000000	
217.550000	29.132344	-40.379740	0.000000	
217.600000	29.206974	-40.387177	0.000000	
217.650000	29.281604	-40.394615	0.000000	
217.700000	29.356235	-40.402052	0.000000	
217.750000	29.430865	-40.409489	0.000000	
217.800000	29.505495	-40.416926	0.000000	
217.850000	29.580126	-40.424363	0.000000	
217.900000	29.654756	-40.431800	0.000000	
217.950000	29.729386	-40.439238	0.000000	
218.000000	29.804017	-40.446675	0.000000	
218.050000	29.878647	-40.454112	0.000000	
218.100000	29.953278	-40.461549	0.000000	
218.150000	30.027908	-40.468986	0.000000	
218.200000	30.102538	-40.476423	0.000000	
218.250000	30.177169	-40.483861	0.000000	
218.300000	30.251799	-40.491298	0.000000	
218.350000	30.326429	-40.498735	0.000000	
218.400000	30.401060	-40.506172	0.000000	
218.450000	30.475690	-40.513609	0.000000	
218.500000	30.550320	-40.521047	0.000000	
218.550000	30.624951	-40.528484	0.000000	
218.600000	30.699581	-40.535921	0.000000	
218.650000	30.774211	-40.543358	0.000000	
218.700000	30.848842	-40.550795	0.000000	
218.750000	30.923472	-40.558232	0.000000	
218.800000	30.998102	-40.565670	0.000000	
218.850000	31.072733	-40.573107	0.000000	
218.900000	31.147363	-40.580544	0.000000	
218.950000	31.221993	-40.587981	0.000000	
219.000000	31.296624	-40.595418	0.000000	
219.050000	31.371254	-40.602855	0.000000	
219.100000	31.445884	-40.610293	0.000000	
219.150000	31.520515	-40.617730	0.000000	
219.200000	31.595145	-40.625167	0.000000	
219.250000	31.669775	-40.632604	0.000000	
219.300000	31.744406	-40.640041	0.000000	
219.350000	31.819036	-40.647478	0.000000	
219.400000	31.893666	-40.654916	0.000000	
219.450000	31.968297	-40.662353	0.000000	
219.500000	32.042927	-40.669790	0.000000	
219.550000	32.117558	-40.677227	0.000000	
219.600000	32.192188	-40.684664	0.000000	
219.650000	32.266818	-40.692101	0.000000	
219.700000	32.341449	-40.699539	0.000000	
219.750000	32.416079	-40.706976	0.000000	
219.800000	32.490709	-40.714413	0.000000	
219.850000	32.565340	-40.721850	0.000000	
219.900000	32.639970	-40.729287	0.000000	
219.950000	32.714600	-40.736725	0.000000	
220.000000	32.789231	-40.744162	0.000000	
220.050000	32.863861	-40.751599	0.000000	
220.100000	32.938491	-40.759036	0.000000	
220.150000	33.013122	-40.766473	0.000000	
220.200000	33.087752	-40.773910	0.000000	
220.250000	33.162382	-40.781348	0.000000	
220.300000	33.237013	-40.788785	0.000000	
220.350000	33.311643	-40.796222	0.000000	
220.400000	33.386273	-40.803659	0.000000	
220.450000	33.460904	-40.811096	0.000000	
220.500000	33.535534	-40.818533	0.000000	
220.550000	33.610164	-40.825971	0.000000	
220.600000	33.684795	-40.833408	0.000000	
220.650000	33.759425	-40.840845	0.000000	
220.700000	33.834055	-40.848282	0.000000	
220.750000	33.908686	-40.855719	0.000000	
220.800000	33.983316	-40.863156	0.000000	
220.850000	34.057947	-40.870594	0.000000	
220.900000	34.132577	-40.878031	0.000000	
220.950000	34.207207	-40.885468	0.000000	
221.000000	34.281838	-40.892905	0.000000	
221.050000	34.356468	-40.900342	0.000000	
221.100000	34.431098	-40.907779	0.000000	
221.150000	34.505729	-40.915217	0.000000	
221.200000	34.580359	-40.922654	0.000000	
221.250000	34.654989	-40.930091	0.000000	
221.300000	34.729620	-40.937528	0.000000	
221.350000	34.804250	-40.944965	0.000000	
221.400000	34.878880	-40.952403	0.000000	
221.450000	34.953511	-40.959840	0.000000	
221.500000	35.028141	-40.967277	0.000000	
221.550000	35.102771	-40.974714	0.000000	
221.600000	35.177402	-40.982151	0.000000	
221.650000	35.252032	-40.989588	0.000000	
221.700000	35.326662	-40.997026	0.000000	
221.750000	35.401293	-41.004463	0.000000	
221.800000	35.475923	-41.011900	0.000000	
221.850000	35.550553	-41.019337	0.000000	
221.900000	35.625184	-41.026774	0.000000	
221.950000	35.699814	-41.034211	0.000000	
222.000000	35.774444	-41.041649	0.000000	
222.050000	35.849075	-41.049086	0.000000	
222.100000	35.923705	-41.056523	0.000000	
222.150000	35.998336	-41.063960	0.000000	
222.200000	36.072966	-41.071397	0.000000	
222.250000	36.147596	-41.078834	0.000000	
222.300000	36.222227	-41.086272	0.000000	
222.350000	36.296857	-41.093709	0.000000	
222.400000	36.371487	-41.101146	0.000000	
222.450000	36.446118	-41.108583	0.000000	
222.500000	36.520748	-41.116020	0.000000	
222.550000	36.595378	-41.123457	0.000000	
222.600000	36.670009	-41.130895	0.000000	
222.650000	36.744639	-41.138332	0.000000	
222.700000	36.819269	-41.145769	0.000000	
222.750000	36.893900	-41.153206	0.000000	
222.800000	36.968530	-41.160643	0.000000	
222.850000	37.043160	-41.168081	0.000000	
222.900000	37.117791	-41.175518	0.000000	
222.950000	37.192421	-41.182955	0.000000	
223.000000	37.267051	-41.190392	0.000000	
223.050000	37.341682	-41.197829	0.000000	
223.100000	37.416312	-41.205266	0.000000	
223.150000	37.490942	-41.212704	0.000000	
223.200000	37.565573	-41.220141	0.000000	
223.250000	37.640203	-41.227578	0.000000	
223.300000	37.714833	-41.235015	0.000000	
223.350000	37.789464	-41.242452	0.000000	
223.400000	37.864094	-41.249889	0.000000	
223.450000	37.938724	-41.257327	0.000000	
223.500000	38.013355	-41.264764	0.000000	
223.550000	38.087985	-41.272201	0.000000	
223.600000	38.162616	-41.279638	0.000000	
223.650000	38.237246	-41.287075	0.000000	
223.700000	38.311876	-41.294512	0.000000	
223.750000	38.386507	-41.301950	0.000000	
223.800000	38.461137	-41.309387	0.000000	
223.850000	38.535767	-41.316824	0.000000	
223.900000	38.610398	-41.324261	0.000000	
223.950000	38.685028	-41.331698	0.000000	
224.000000	38.759658	-41.339135	0.000000	
224.050000	38.834289	-41.346573	0.000000	
224.100000	38.908919	-41.354010	0.000000	
224.150000	38.983549	-41.361447	0.000000	
224.200000	39.058180	-41.368884	0.000000	
224.250000	39.132810	-41.376321	0.000000	
224.300000	39.207440	-41.383758	0.000000	
224.350000	39.282071	-41.391196	0.000000	
224.400000	39.356701	-41.398633	0.000000	
224.450000	39.431331	-41.406070	0.000000	
224.500000	39.505962	-41.413507	0.000000	
224.550000	39.580592	-41.420944	0.000000	
224.600000	39.655222	-41.428382	0.000000	
224.650000	39.729853	-41.435819	0.000000	
224.700000	39.694176	-41.410896	0.000000	
224.750000	39.627356	-41.376836	0.000000	
224.800000	39.560536	-41.342777	0.000000	
224.850000	39.493716	-41.308717	0.000000	
224.900000	39.426895	-41.274658	0.000000	
224.950000	39.360075	-41.240598	0.000000	
225.000000	39.293255	-41.206539	0.000000	
225.050000	39.226434	-41.172479	0.000000	
225.100000	39.159614	-41.138420	0.000000	
225.150000	39.092794	-41.104360	0.000000	
225.200000	39.025974	-41.070301	0.000000	
225.250000	38.959153	-41.036241	0.000000	
225.300000	38.892333	-41.002181	0.000000	
225.350000	38.825513	-40.968122	0.000000	
225.400000	38.758693	-40.934062	0.000000	
225.450000	38.691872	-40.900003	0.000000	
225.500000	38.625052	-40.865943	0.000000	
225.550000	38.558232	-40.831884	0.000000	
225.600000	38.491411	-40.797824	0.000000	
225.650000	38.424591	-40.763765	0.000000	
225.700000	38.357771	-40.729705	0.000000	
225.750000	38.290951	-40.695646	0.000000	
225.800000	38.224130	-40.661586	0.000000	
225.850000	38.157310	-40.627527	0.000000	
225.900000	38.090490	-40.593467	0.000000	
225.950000	38.023669	-40.559408	0.000000	
226.000000	37.956849	-40.525348	0.000000	
226.050000	37.890029	-40.491289	0.000000	
226.100000	37.823209	-40.457229	0.000000	
226.150000	37.756388	-40.423170	0.000000	
226.200000	37.689568	-40.389110	0.000000	
226.250000	37.622748	-40.355051	0.000000	
226.300000	37.555928	-40.320991	0.000000	
226.350000	37.489107	-40.286932	0.000000	
226.400000	37.422287	-40.252872	0.000000	
226.450000	37.355467	-40.218813	0.000000	
226.500000	37.288646	-40.184753	0.000000	
226.550000	37.221826	-40.150694	0.000000	
226.600000	37.155006	-40.116634	0.000000	
226.650000	37.088186	-40.082574	0.000000	
226.700000	37.021365	-40.048515	0.000000	
226.750000	36.954545	-40.014455	0.000000	
226.800000	36.887725	-39.980396	0.000000	
226.850000	36.820905	-39.946336	0.000000	
226.900000	36.754084	-39.912277	0.000000	
226.950000	36.687264	-39.878217	0.000000	
227.000000	36.620444	-39.844158	0.000000	
227.050000	36.553623	-39.810098	0.000000	
227.100000	36.486803	-39.776039	0.000000	
227.150000	36.419983	-39.741979	0.000000	
227.200000	36.353163	-39.707920	0.000000	
227.250000	36.286342	-39.673860	0.000000	
227.300000	36.219522	-39.639801	0.000000	
227.350000	36.152702	-39.605741	0.000000	
227.400000	36.085881	-39.571682	0.000000	
227.450000	36.019061	-39.537622	0.000000	
227.500000	35.952241	-39.503563	0.000000	
227.550000	35.885421	-39.469503	0.000000	
227.600000	35.818600	-39.435444	0.000000	
227.650000	35.751780	-39.401384	0.000000	
227.700000	35.684960	-39.367325	0.000000	
227.750000	35.618140	-39.333265	0.000000	
227.800000	35.551319	-39.299206	0.000000	
227.850000	35.484499	-39.265146	0.000000	
227.900000	35.417679	-39.231087	0.000000	
227.950000	35.350858	-39.197027	0.000000	
228.000000	35.284038	-39.162967	0.000000	
228.050000	35.217218	-39.128908	0.000000	
228.100000	35.150398	-39.094848	0.000000	
228.150000	35.083577	-39.060789	0.000000	
228.200000	35.016757	-39.026729	0.000000	
228.250000	34.949937	-38.992670	0.000000	
228.300000	34.883117	-38.958610	0.000000	
228.350000	34.816296	-38.924551	0.000000	
228.400000	34.749476	-38.890491	0.000000	
228.450000	34.682656	-38.856432	0.000000	
228.500000	34.615835	-38.822372	0.000000	
228.550000	34.549015	-38.788313	0.000000	
228.600000	34.482195	-38.754253	0.000000	
228.650000	34.415375	-38.720194	0.000000	
228.700000	34.348554	-38.686134	0.000000	
228.750000	34.281734	-38.652075	0.000000	
228.800000	34.214914	-38.618015	0.000000	
228.850000	34.148093	-38.583956	0.000000	
228.900000	34.081273	-38.549896	0.000000	
228.950000	34.014453	-38.515837	0.000000	
229.000000	33.947633	-38.481777	0.000000	
229.050000	33.880812	-38.447718	0.000000	
229.100000	33.813992	-38.413658	0.000000	
229.150000	33.747172	-38.379599	0.000000	
229.200000	33.680352	-38.345539	0.000000	
229.250000	33.613531	-38.311480	0.000000	
229.300000	33.546711	-38.277420	0.000000	
229.350000	33.479891	-38.243360	0.000000	
229.400000	33.413070	-38.209301	0.000000	
229.450000	33.346250	-38.175241	0.000000	
229.500000	33.279430	-38.141182	0.000000	
229.550000	33.212610	-38.107122	0.000000	
229.600000	33.145789	-38.073063	0.000000	
229.650000	33.078969	-38.039003	0.000000	
229.700000	33.012149	-38.004944	0.000000	
229.750000	32.945329	-37.970884	0.000000	
229.800000	32.878508	-37.936825	0.000000	
229.850000	32.811688	-37.902765	0.000000	
229.900000	32.744868	-37.868706	0.000000	
229.950000	32.678047	-37.834646	0.000000	
230.000000	32.611227	-37.800587	0.000000	
230.050000	32.544407	-37.766527	0.000000	
230.100000	32.477587	-37.732468	0.000000	
230.150000	32.410766	-37.698408	0.000000	
230.200000	32.343946	-37.664349	0.000000	
230.250000	32.277126	-37.630289	0.000000	
230.300000	32.210306	-37.596230	0.000000	
230.350000	32.143485	-37.562170	0.000000	
230.400000	32.076665	-37.528111	0.000000	
230.450000	32.009845	-37.494051	0.000000	
230.500000	31.943024	-37.459992	0.000000	
230.550000	31.876204	-37.425932	0.000000	
230.600000	31.809384	-37.391873	0.000000	
230.650000	31.742564	-37.357813	0.000000	
230.700000	31.675743	-37.323754	0.000000	
230.750000	31.608923	-37.289694	0.000000	
230.800000	31.542103	-37.255634	0.000000	
230.850000	31.475282	-37.221575	0.000000	
230.900000	31.408462	-37.187515	0.000000	
230.950000	31.341642	-37.153456	0.000000	
231.000000	31.274822	-37.119396	0.000000	
231.050000	31.208001	-37.085337	0.000000	
231.100000	31.141181	-37.051277	0.000000	
231.150000	31.074361	-37.017218	0.000000	
231.200000	31.007541	-36.983158	0.000000	
231.250000	30.940720	-36.949099	0.000000	
231.300000	30.873900	-36.915039	0.000000	
231.350000	30.807080	-36.880980	0.000000	
231.400000	30.740259	-36.846920	0.000000	
231.450000	30.673439	-36.812861	0.000000	
231.500000	30.606619	-36.778801	0.000000	
231.550000	30.539799	-36.744742	0.000000	
231.600000	30.472978	-36.710682	0.000000	
231.650000	30.406158	-36.676623	0.000000	
231.700000	30.339338	-36.642563	0.000000	
231.750000	30.272518	-36.608504	0.000000	
231.800000	30.205697	-36.574444	0.000000	
231.850000	30.138877	-36.540385	0.000000	
231.900000	30.072057	-36.506325	0.000000	
231.950000	30.005236	-36.472266	0.000000	
232.000000	29.938416	-36.438206	0.000000	
232.050000	29.871596	-36.404147	0.000000	
232.100000	29.804776	-36.370087	0.000000	
232.150000	29.737955	-36.336027	0.000000	
232.200000	29.671135	-36.301968	0.000000	
232.250000	29.604315	-36.267908	0.000000	
232.300000	29.537494	-36.233849	0.000000	
232.350000	29.470674	-36.199789	0.000000	
232.400000	29.403854	-36.165730	0.000000	
232.450000	29.337034	-36.131670	0.000000	
232.500000	29.270213	-36.097611	0.000000	
232.550000	29.203393	-36.063551	0.000000	
232.600000	29.136573	-36.029492	0.000000	
232.650000	29.069753	-35.995432	0.000000	
232.700000	29.002932	-35.961373	0.000000	
232.750000	28.936112	-35.927313	0.000000	
232.800000	28.869292	-35.893254	0.000000	
232.850000	28.802471	-35.859194	0.000000	
232.900000	28.735651	-35.825135	0.000000	
232.950000	28.668831	-35.791075	0.000000	
233.000000	28.602011	-35.757016	0.000000	
233.050000	28.535190	-35.722956	0.000000	
233.100000	28.468370	-35.688897	0.000000	
233.150000	28.401550	-35.654837	0.000000	
233.200000	28.334730	-35.620778	0.000000	
233.250000	28.267909	-35.586718	0.000000	
233.300000	28.201089	-35.552659	0.000000	
233.350000	28.134269	-35.518599	0.000000	
233.400000	28.067448	-35.484540	0.000000	
233.450000	28.000628	-35.450480	0.000000	
233.500000	27.933808	-35.416420	0.000000	
233.550000	27.866988	-35.382361	0.000000	
233.600000	27.800167	-35.348301	0.000000	
233.650000	27.733347	-35.314242	0.000000	
233.700000	27.666527	-35.280182	0.000000	
233.750000	27.599707	-35.246123	0.000000	
233.800000	27.532886	-35.212063	0.000000	
233.850000	27.466066	-35.178004	0.000000	
233.900000	27.399246	-35.143944	0.000000	
233.950000	27.332425	-35.109885	0.000000	
234.000000	27.265605	-35.075825	0.000000	
234.050000	27.198785	-35.041766	0.000000	
234.100000	27.131965	-35.007706	0.000000	
234.150000	27.065144	-34.973647	0.000000	
234.200000	26.998324	-34.939587	0.000000	
234.250000	26.931504	-34.905528	0.000000	
234.300000	26.864683	-34.871468	0.000000	
234.350000	26.797863	-34.837409	0.000000	
234.400000	26.731043	-34.803349	0.000000	
234.450000	26.664223	-34.769290	0.000000	
234.500000	26.597402	-34.735230	0.000000	
234.550000	26.530582	-34.701171	0.000000	
234.600000	26.463762	-34.667111	0.000000	
234.650000	26.396942	-34.633052	0.000000	
234.700000	26.330121	-34.598992	0.000000	
234.750000	26.263301	-34.564933	0.000000	
234.800000	26.196481	-34.530873	0.000000	
234.850000	26.129660	-34.496813	0.000000	
234.900000	26.062840	-34.462754	0.000000	
234.950000	25.996020	-34.428694	0.000000	
235.000000	25.929200	-34.394635	0.000000	
235.050000	25.862379	-34.360575	0.000000	
235.100000	25.795559	-34.326516	0.000000	
235.150000	25.728739	-34.292456	0.000000	
235.200000	25.661919	-34.258397	0.000000	
235.250000	25.595098	-34.224337	0.000000	
235.300000	25.528278	-34.190278	0.000000	
235.350000	25.461458	-34.156218	0.000000	
235.400000	25.394637	-34.122159	0.000000	
235.450000	25.327817	-34.088099	0.000000	
235.500000	25.260997	-34.054040	0.000000	
235.550000	25.194177	-34.019980	0.000000	
235.600000	25.127356	-33.985921	0.000000	
235.650000	25.060536	-33.951861	0.000000	
235.700000	24.993716	-33.917802	0.000000	
235.750000	24.926895	-33.883742	0.000000	
235.800000	24.860075	-33.849683	0.000000	
235.850000	24.804335	-33.832780	0.000000	
235.900000	24.807891	-33.907696	0.000000	
235.950000	24.811448	-33.982612	0.000000	
236.000000	24.815004	-34.057527	0.000000	
236.050000	24.818560	-34.132443	0.000000	
236.100000	24.822116	-34.207358	0.000000	
236.150000	24.825673	-34.282274	0.000000	
236.200000	24.829229	-34.357190	0.000000	
236.250000	24.832785	-34.432105	0.000000	
236.300000	24.836342	-34.507021	0.000000	
236.350000	24.839898	-34.581937	0.000000	
236.400000	24.843454	-34.656852	0.000000	
236.450000	24.847010	-34.731768	0.000000	
236.500000	24.850567	-34.806684	0.000000	
236.550000	24.854123	-34.881599	0.000000	
236.600000	24.857679	-34.956515	0.000000	
236.650000	24.861235	-35.031431	0.000000	
236.700000	24.864792	-35.106346	0.000000	
236.750000	24.868348	-35.181262	0.000000	
236.800000	24.871904	-35.256177	0.000000	
236.850000	24.875461	-35.331093	0.000000	
236.900000	24.879017	-35.406009	0.000000	
236.950000	24.882573	-35.480924	0.000000	
237.000000	24.886129	-35.555840	0.000000	
237.050000	24.889686	-35.630756	0.000000	
237.100000	24.893242	-35.705671	0.000000	
237.150000	24.896798	-35.780587	0.000000	
237.200000	24.900355	-35.855503	0.000000	
237.250000	24.903911	-35.930418	0.000000	
237.300000	24.907467	-36.005334	0.000000	
237.350000	24.911023	-36.080249	0.000000	
237.400000	24.914580	-36.155165	0.000000	
237.450000	24.918136	-36.230081	0.000000	
237.500000	24.921692	-36.304996	0.000000	
237.550000	24.925248	-36.379912	0.000000	
237.600000	24.928805	-36.454828	0.000000	
237.650000	24.932361	-36.529743	0.000000	
237.700000	24.935917	-36.604659	0.000000	
237.750000	24.939474	-36.679575	0.000000	
237.800000	24.943030	-36.754490	0.000000	
237.850000	24.946586	-36.829406	0.000000	
237.900000	24.950142	-36.904321	0.000000	
237.950000	24.953699	-36.979237	0.000000	
238.000000	24.957255	-37.054153	0.000000	
238.050000	24.960811	-37.129068	0.000000	
238.100000	24.964367	-37.203984	0.000000	
238.150000	24.967924	-37.278900	0.000000	
238.200000	24.971480	-37.353815	0.000000	
238.250000	24.975036	-37.428731	0.000000	
238.300000	24.978593	-37.503647	0.000000	
238.350000	24.982149	-37.578562	0.000000	
238.400000	24.985705	-37.653478	0.000000	
238.450000	24.989261	-37.728393	0.000000	
238.500000	24.992818	-37.803309	0.000000	
238.550000	24.996374	-37.878225	0.000000	
238.600000	24.999930	-37.953140	0.000000	
238.650000	25.003486	-38.028056	0.000000	
238.700000	25.007043	-38.102972	0.000000	
238.750000	25.010599	-38.177887	0.000000	
238.800000	25.014155	-38.252803	0.000000	
238.850000	25.017712	-38.327719	0.000000	
238.900000	25.021268	-38.402634	0.000000	
238.950000	25.024824	-38.477550	0.000000	
239.000000	25.028380	-38.552466	0.000000	
239.050000	25.031937	-38.627381	0.000000	
239.100000	25.035493	-38.702297	0.000000	
239.150000	25.039049	-38.777212	0.000000	
239.200000	25.042605	-38.852128	0.000000	
239.250000	25.046162	-38.927044	0.000000	
239.300000	25.049718	-39.001959	0.000000	
239.350000	25.053274	-39.076875	0.000000	
239.400000	25.056831	-39.151791	0.000000	
239.450000	25.060387	-39.226706	0.000000	
239.500000	25.063943	-39.301622	0.000000	
239.550000	25.067499	-39.376538	0.000000	
239.600000	25.071056	-39.451453	0.000000	
239.650000	25.074612	-39.526369	0.000000	
239.700000	25.078168	-39.601284	0.000000	
239.750000	25.081725	-39.676200	0.000000	
239.800000	25.085281	-39.751116	0.000000	
239.850000	25.088837	-39.826031	0.000000	
239.900000	25.092393	-39.900947	0.000000	
239.950000	25.095950	-39.975863	0.000000	
240.000000	25.099506	-40.050778	0.000000	
240.050000	25.103062	-40.125694	0.000000	
240.100000	25.106618	-40.200610	0.000000	
240.150000	25.110175	-40.275525	0.000000	
240.200000	25.113731	-40.350441	0.000000	
240.250000	25.117287	-40.425356	0.000000	
240.300000	25.120844	-40.500272	0.000000	
240.350000	25.124400	-40.575188	0.000000	
240.400000	25.127956	-40.650103	0.000000	
240.450000	25.131512	-40.725019	0.000000	
240.500000	25.135069	-40.799935	0.000000	
240.550000	25.138625	-40.874850	0.000000	
240.600000	25.142181	-40.949766	0.000000	
240.650000	25.145737	-41.024682	0.000000	
240.700000	25.149294	-41.099597	0.000000	
240.750000	25.152850	-41.174513	0.000000	
240.800000	25.156406	-41.249429	0.000000	
240.850000	25.159963	-41.324344	0.000000	
240.900000	25.163519	-41.399260	0.000000	
240.950000	25.167075	-41.474175	0.000000	
241.000000	25.170631	-41.549091	0.000000	
241.050000	25.174188	-41.624007	0.000000	
241.100000	25.177744	-41.698922	0.000000	
241.150000	25.181300	-41.773838	0.000000	
241.200000	25.184856	-41.848754	0.000000	
241.250000	25.188413	-41.923669	0.000000	
241.300000	25.191969	-41.998585	0.000000	
241.350000	25.195525	-42.073501	0.000000	
241.400000	25.199082	-42.148416	0.000000	
241.450000	25.202638	-42.223332	0.000000	
241.500000	25.206194	-42.298247	0.000000	
241.550000	25.209750	-42.373163	0.000000	
241.600000	25.213307	-42.448079	0.000000	
241.650000	25.216863	-42.522994	0.000000	
241.700000	25.220419	-42.597910	0.000000	
241.750000	25.223975	-42.672826	0.000000	
241.800000	25.227532	-42.747741	0.000000	
241.850000	25.231088	-42.822657	0.000000	
241.900000	25.234644	-42.897573	0.000000	
241.950000	25.238201	-42.972488	0.000000	
242.000000	25.241757	-43.047404	0.000000	
242.050000	25.245313	-43.122319	0.000000	
242.100000	25.248869	-43.197235	0.000000	
242.150000	25.252426	-43.272151	0.000000	
242.200000	25.255982	-43.347066	0.000000	
242.250000	25.259538	-43.421982	0.000000	
242.300000	25.263094	-43.496898	0.000000	
242.350000	25.266651	-43.571813	0.000000	
242.400000	25.270207	-43.646729	0.000000	
242.450000	25.273763	-43.721645	0.000000	
242.500000	25.277320	-43.796560	0.000000	
242.550000	25.280876	-43.871476	0.000000	
242.600000	25.284432	-43.946392	0.000000	
242.650000	25.287988	-44.021307	0.000000	
242.700000	25.291545	-44.096223	0.000000	
242.750000	25.295101	-44.171138	0.000000	
242.800000	25.298657	-44.246054	0.000000	
242.850000	25.302214	-44.320970	0.000000	
242.900000	25.305770	-44.395885	0.000000	
242.950000	25.309326	-44.470801	0.000000	
243.000000	25.312882	-44.545717	0.000000	
243.050000	25.316439	-44.620632	0.000000	
243.100000	25.319995	-44.695548	0.000000	
243.150000	25.323551	-44.770464	0.000000	
243.200000	25.327107	-44.845379	0.000000	
243.250000	25.330664	-44.920295	0.000000	
243.300000	25.334220	-44.995210	0.000000	
243.350000	25.337776	-45.070126	0.000000	
243.400000	25.341333	-45.145042	0.000000	
243.450000	25.344889	-45.219957	0.000000	
243.500000	25.348445	-45.294873	0.000000	
243.550000	25.352001	-45.369789	0.000000	
243.600000	25.355558	-45.444704	0.000000	
243.650000	25.359114	-45.519620	0.000000	
243.700000	25.362670	-45.594536	0.000000	
243.750000	25.366226	-45.669451	0.000000	
243.800000	25.369783	-45.744367	0.000000	
243.850000	25.373339	-45.819282	0.000000	
243.900000	25.376895	-45.894198	0.000000	
243.950000	25.380452	-45.969114	0.000000	
244.000000	25.384008	-46.044029	0.000000	
244.050000	25.387564	-46.118945	0.000000	
244.100000	25.391120	-46.193861	0.000000	
244.150000	25.394677	-46.268776	0.000000	
244.200000	25.398233	-46.343692	0.000000	
244.250000	25.407434	-46.389482	0.000000	
244.300000	25.438721	-46.321320	0.000000	
244.350000	25.470008	-46.253157	0.000000	
244.400000	25.501295	-46.184995	0.000000	
244.450000	25.532582	-46.116832	0.000000	
244.500000	25.563869	-46.048670	0.000000	
244.550000	25.595156	-45.980507	0.000000	
244.600000	25.626443	-45.912344	0.000000	
244.650000	25.657729	-45.844182	0.000000	
244.700000	25.689016	-45.776019	0.000000	
244.750000	25.720303	-45.707857	0.000000	
244.800000	25.751590	-45.639694	0.000000	
244.850000	25.782877	-45.571532	0.000000	
244.900000	25.814164	-45.503369	0.000000	
244.950000	25.845451	-45.435207	0.000000	
245.000000	25.876738	-45.367044	0.000000	
245.050000	25.908025	-45.298882	0.000000	
245.100000	25.939312	-45.230719	0.000000	
245.150000	25.970599	-45.162557	0.000000	
245.200000	26.001885	-45.094394	0.000000	
245.250000	26.033172	-45.026232	0.000000	
245.300000	26.064459	-44.958069	0.000000	
245.350000	26.095746	-44.889907	0.000000	
245.400000	26.127033	-44.821744	0.000000	
245.450000	26.158320	-44.753582	0.000000	
245.500000	26.189607	-44.685419	0.000000	
245.550000	26.220894	-44.617257	0.000000	
245.600000	26.252181	-44.549094	0.000000	
245.650000	26.283468	-44.480932	0.000000	
245.700000	26.314755	-44.412769	0.000000	
245.750000	26.346042	-44.344607	0.000000	
245.800000	26.377328	-44.276444	0.000000	
245.850000	26.408615	-44.208281	0.000000	
245.900000	26.439902	-44.140119	0.000000	
245.950000	26.471189	-44.071956	0.000000	
246.000000	26.502476	-44.003794	0.000000	
246.050000	26.533763	-43.935631	0.000000	
246.100000	26.565050	-43.867469	0.000000	
246.150000	26.596337	-43.799306	0.000000	
246.200000	26.627624	-43.731144	0.000000	
246.250000	26.658911	-43.662981	0.000000	
246.300000	26.690198	-43.594819	0.000000	
246.350000	26.721484	-43.526656	0.000000	
246.400000	26.752771	-43.458494	0.000000	
246.450000	26.784058	-43.390331	0.000000	
246.500000	26.815345	-43.322169	0.000000	
246.550000	26.846632	-43.254006	0.000000	
246.600000	26.877919	-43.185844	0.000000	
246.650000	26.909206	-43.117681	0.000000	
246.700000	26.940493	-43.049519	0.000000	
246.750000	26.971780	-42.981356	0.000000	
246.800000	27.003067	-42.913194	0.000000	
246.850000	27.034354	-42.845031	0.000000	
246.900000	27.065641	-42.776869	0.000000	
246.950000	27.096927	-42.708706	0.000000	
247.000000	27.128214	-42.640544	0.000000	
247.050000	27.159501	-42.572381	0.000000	
247.100000	27.190788	-42.504219	0.000000	
247.150000	27.222075	-42.436056	0.000000	
247.200000	27.253362	-42.367893	0.000000	
247.250000	27.284649	-42.299731	0.000000	
247.300000	27.315936	-42.231568	0.000000	
247.350000	27.347223	-42.163406	0.000000	
247.400000	27.378510	-42.095243	0.000000	
247.450000	27.409797	-42.027081	0.000000	
247.500000	27.441083	-41.958918	0.000000	
247.550000	27.472370	-41.890756	0.000000	
247.600000	27.503657	-41.822593	0.000000	
247.650000	27.534944	-41.754431	0.000000	
247.700000	27.566231	-41.686268	0.000000	
247.750000	27.597518	-41.618106	0.000000	
247.800000	27.628805	-41.549943	0.000000	
247.850000	27.660092	-41.481781	0.000000	
247.900000	27.691379	-41.413618	0.000000	
247.950000	27.722666	-41.345456	0.000000	
248.000000	27.753953	-41.277293	0.000000	
248.050000	27.785239	-41.209131	0.000000	
248.100000	27.816526	-41.140968	0.000000	
248.150000	27.847813	-41.072806	0.000000	
248.200000	27.879100	-41.004643	0.000000	
248.250000	27.910387	-40.936481	0.000000	
248.300000	27.941674	-40.868318	0.000000	
248.350000	27.972961	-40.800156	0.000000	
248.400000	28.004248	-40.731993	0.000000	
248.450000	28.035535	-40.663830	0.000000	
248.500000	28.066822	-40.595668	0.000000	
248.550000	28.098109	-40.527505	0.000000	
248.600000	28.129396	-40.459343	0.000000	
248.650000	28.160682	-40.391180	0.000000	
248.700000	28.191969	-40.323018	0.000000	
248.750000	28.223256	-40.254855	0.000000	
248.800000	28.254543	-40.186693	0.000000	
248.850000	28.285830	-40.118530	0.000000	
248.900000	28.317117	-40.050368	0.000000	
248.950000	28.348404	-39.982205	0.000000	
249.000000	28.379691	-39.914043	0.000000	
249.050000	28.410978	-39.845880	0.000000	
249.100000	28.442265	-39.777718	0.000000	
249.150000	28.473552	-39.709555	0.000000	
249.200000	28.504838	-39.641393	0.000000	
249.250000	28.536125	-39.573230	0.000000	
249.300000	28.567412	-39.505068	0.000000	
249.350000	28.598699	-39.436905	0.000000	
249.400000	28.629986	-39.368743	0.000000	
249.450000	28.661273	-39.300580	0.000000	
249.500000	28.692560	-39.232418	0.000000	
249.550000	28.723847	-39.164255	0.000000	
249.600000	28.755134	-39.096093	0.000000	
249.650000	28.786421	-39.027930	0.000000	
249.700000	28.817708	-38.959767	0.000000	
249.750000	28.848995	-38.891605	0.000000	
249.800000	28.880281	-38.823442	0.000000	
249.850000	28.911568	-38.755280	0.000000	
249.900000	28.942855	-38.687117	0.000000	
249.950000	28.974142	-38.618955	0.000000	
250.000000	29.005429	-38.550792	0.000000	
250.050000	29.036716	-38.482630	0.000000	
250.100000	29.068003	-38.414467	0.000000	
250.150000	29.099290	-38.346305	0.000000	
250.200000	29.130577	-38.278142	0.000000	
250.250000	29.161864	-38.209980	0.000000	
250.300000	29.193151	-38.141817	0.000000	
250.350000	29.224437	-38.073655	0.000000	
250.400000	29.255724	-38.005492	0.000000	
250.450000	29.287011	-37.937330	0.000000	
250.500000	29.318298	-37.869167	0.000000	
250.550000	29.349585	-37.801005	0.000000	
250.600000	29.380872	-37.732842	0.000000	
250.650000	29.412159	-37.664680	0.000000	
250.700000	29.443446	-37.596517	0.000000	
250.750000	29.474733	-37.528355	0.000000	
250.800000	29.506020	-37.460192	0.000000	
250.850000	29.537307	-37.392030	0.000000	
250.900000	29.568594	-37.323867	0.000000	
250.950000	29.599880	-37.255704	0.000000	
251.000000	29.631167	-37.187542	0.000000	
251.050000	29.662454	-37.119379	0.000000	
251.100000	29.693741	-37.051217	0.000000	
251.150000	29.725028	-36.983054	0.000000	
251.200000	29.744622	-36.918189	0.000000	
251.250000	29.682336	-36.876410	0.000000	
251.300000	29.620050	-36.834632	0.000000	
251.350000	29.557764	-36.792853	0.000000	
251.400000	29.495478	-36.751075	0.000000	
251.450000	29.433192	-36.709296	0.000000	
251.500000	29.370906	-36.667518	0.000000	
251.550000	29.308619	-36.625739	0.000000	
251.600000	29.246333	-36.583961	0.000000	
251.650000	29.184047	-36.542182	0.000000	
251.700000	29.121761	-36.500404	0.000000	
251.750000	29.059475	-36.458625	0.000000	
251.800000	28.997189	-36.416846	0.000000	
251.850000	28.934903	-36.375068	0.000000	
251.900000	28.872617	-36.333289	0.000000	
251.950000	28.810331	-36.291511	0.000000	
252.000000	28.748045	-36.249732	0.000000	
252.050000	28.685759	-36.207954	0.000000	
252.100000	28.623473	-36.166175	0.000000	
252.150000	28.561187	-36.124397	0.000000	
252.200000	28.498901	-36.082618	0.000000	
252.250000	28.436615	-36.040840	0.000000	
252.300000	28.374329	-35.999061	0.000000	
252.350000	28.312042	-35.957282	0.000000	
252.400000	28.249756	-35.915504	0.000000	
252.450000	28.187470	-35.873725	0.000000	
252.500000	28.125184	-35.831947	0.000000	
252.550000	28.062898	-35.790168	0.000000	
252.600000	28.000612	-35.748390	0.000000	
252.650000	27.938326	-35.706611	0.000000	
252.700000	27.876040	-35.664833	0.000000	
252.750000	27.813754	-35.623054	0.000000	
252.800000	27.751468	-35.581276	0.000000	
252.850000	27.689182	-35.539497	0.000000	
252.900000	27.626896	-35.497719	0.000000	
252.950000	27.564610	-35.455940	0.000000	
253.000000	27.502324	-35.414161	0.000000	
253.050000	27.440038	-35.372383	0.000000	
253.100000	27.377752	-35.330604	0.000000	
253.150000	27.315465	-35.288826	0.000000	
253.200000	27.253179	-35.247047	0.000000	
253.250000	27.190893	-35.205269	0.000000	
253.300000	27.128607	-35.163490	0.000000	
253.350000	27.066321	-35.121712	0.000000	
253.400000	27.004035	-35.079933	0.000000	
253.450000	26.941749	-35.038155	0.000000	
253.500000	26.879463	-34.996376	0.000000	
253.550000	26.817177	-34.954598	0.000000	
253.600000	26.754891	-34.912819	0.000000	
253.650000	26.692605	-34.871040	0.000000	
253.700000	26.630319	-34.829262	0.000000	
253.750000	26.568033	-34.787483	0.000000	
253.800000	26.505747	-34.745705	0.000000	
253.850000	26.443461	-34.703926	0.000000	
253.900000	26.381175	-34.662148	0.000000	
253.950000	26.318888	-34.620369	0.000000	
254.000000	26.256602	-34.578591	0.000000	
254.050000	26.194316	-34.536812	0.000000	
254.100000	26.132030	-34.495034	0.000000	
254.150000	26.069744	-34.453255	0.000000	
254.200000	26.007458	-34.411477	0.000000	
254.250000	25.945172	-34.369698	0.000000	
254.300000	25.882886	-34.327919	0.000000	
254.350000	25.820600	-34.286141	0.000000	
254.400000	25.758314	-34.244362	0.000000	
254.450000	25.696028	-34.202584	0.000000	
254.500000	25.633742	-34.160805	0.000000	
254.550000	25.571456	-34.119027	0.000000	
254.600000	25.509170	-34.077248	0.000000	
254.650000	25.446884	-34.035470	0.000000	
254.700000	25.384597	-33.993691	0.000000	
254.750000	25.322311	-33.951913	0.000000	
254.800000	25.260025	-33.910134	0.000000	
254.850000	25.197739	-33.868356	0.000000	
254.900000	25.135453	-33.826577	0.000000	
254.950000	25.073167	-33.784798	0.000000	
255.000000	25.010881	-33.743020	0.000000	
255.050000	24.948595	-33.701241	0.000000	
255.100000	24.886309	-33.659463	0.000000	
255.150000	24.824023	-33.617684	0.000000	
255.200000	24.761737	-33.575906	0.000000	
255.250000	24.699451	-33.534127	0.000000	
255.300000	24.637165	-33.492349	0.000000	
255.350000	24.574879	-33.450570	0.000000	
255.400000	24.512593	-33.408792	0.000000	
255.450000	24.450307	-33.367013	0.000000	
255.500000	24.388020	-33.325235	0.000000	
255.550000	24.325734	-33.283456	0.000000	
255.600000	24.263448	-33.241677	0.000000	
255.650000	24.201162	-33.199899	0.000000	
255.700000	24.138876	-33.158120	0.000000	
255.750000	24.076590	-33.116342	0.000000	
255.800000	24.014304	-33.074563	0.000000	
255.850000	23.952018	-33.032785	0.000000	
255.900000	23.889732	-32.991006	0.000000	
255.950000	23.827446	-32.949228	0.000000	
256.000000	23.765160	-32.907449	0.000000	
256.050000	23.702874	-32.865671	0.000000	
256.100000	23.640588	-32.823892	0.000000	
256.150000	23.578302	-32.782114	0.000000	
256.200000	23.516016	-32.740335	0.000000	
256.250000	23.453730	-32.698556	0.000000	
256.300000	23.391443	-32.656778	0.000000	
256.350000	23.329157	-32.614999	0.000000	
256.400000	23.266871	-32.573221	0.000000	
256.450000	23.204585	-32.531442	0.000000	
256.500000	23.142299	-32.489664	0.000000	
256.550000	23.080013	-32.447885	0.000000	
256.600000	23.017727	-32.406107	0.000000	
256.650000	22.955441	-32.364328	0.000000	
256.700000	22.893155	-32.322550	0.000000	
256.750000	22.830869	-32.280771	0.000000	
256.800000	22.768583	-32.238993	0.000000	
256.850000	22.706297	-32.197214	0.000000	
256.900000	22.644011	-32.155435	0.000000	
256.950000	22.581725	-32.113657	0.000000	
257.000000	22.519439	-32.071878	0.000000	
257.050000	22.457152	-32.030100	0.000000	
257.100000	22.394866	-31.988321	0.000000	
257.150000	22.332580	-31.946543	0.000000	
257.200000	22.270294	-31.904764	0.000000	
257.250000	22.208008	-31.862986	0.000000	
257.300000	22.145722	-31.821207	0.000000	
257.350000	22.083436	-31.779429	0.000000	
257.400000	22.021150	-31.737650	0.000000	
257.450000	21.958864	-31.695872	0.000000	
257.500000	21.896578	-31.654093	0.000000	
257.550000	21.901474	-31.679479	0.000000	
257.600000	21.943269	-31.741754	0.000000	
257.650000	21.985064	-31.804029	0.000000	
257.700000	22.026859	-31.866304	0.000000	
257.750000	22.068654	-31.928579	0.000000	
257.800000	22.110449	-31.990854	0.000000	
257.850000	22.152244	-32.053129	0.000000	
257.900000	22.194039	-32.115404	0.000000	
257.950000	22.235834	-32.177679	0.000000	
258.000000	22.277629	-32.239954	0.000000	
258.050000	22.319423	-32.302229	0.000000	
258.100000	22.361218	-32.364504	0.000000	
258.150000	22.403013	-32.426779	0.000000	
258.200000	22.444808	-32.489054	0.000000	
258.250000	22.486603	-32.551330	0.000000	
258.300000	22.528398	-32.613605	0.000000	
258.350000	22.570193	-32.675880	0.000000	
258.400000	22.611988	-32.738155	0.000000	
258.450000	22.653783	-32.800430	0.000000	
258.500000	22.695578	-32.862705	0.000000	
258.550000	22.737373	-32.924980	0.000000	
258.600000	22.779168	-32.987255	0.000000	
258.650000	22.820963	-33.049530	0.000000	
258.700000	22.862758	-33.111805	0.000000	
258.750000	22.904553	-33.174080	0.000000	
258.800000	22.946348	-33.236355	0.000000	
258.850000	22.988143	-33.298630	0.000000	
258.900000	23.029938	-33.360905	0.000000	
258.950000	23.071733	-33.423180	0.000000	
259.000000	23.113528	-33.485455	0.000000	
259.050000	23.155323	-33.547730	0.000000	
259.100000	23.197118	-33.610005	0.000000	
259.150000	23.238913	-33.672280	0.000000	
259.200000	23.280707	-33.734555	0.000000	
259.250000	23.322502	-33.796831	0.000000	
259.300000	23.364297	-33.859106	0.000000	
259.350000	23.406092	-33.921381	0.000000	
259.400000	23.447887	-33.983656	0.000000	
259.450000	23.489682	-34.045931	0.000000	
259.500000	23.531477	-34.108206	0.000000	
259.550000	23.573272	-34.170481	0.000000	
259.600000	23.615067	-34.232756	0.000000	
259.650000	23.656862	-34.295031	0.000000	
259.700000	23.698657	-34.357306	0.000000	
259.750000	23.740452	-34.419581	0.000000	
259.800000	23.782247	-34.481856	0.000000	
259.850000	23.824042	-34.544131	0.000000	
259.900000	23.865837	-34.606406	0.000000	
259.950000	23.907632	-34.668681	0.000000	
260.000000	23.949427	-34.730956	0.000000	
260.050000	23.991222	-34.793231	0.000000	
260.100000	24.033017	-34.855506	0.000000	
260.150000	24.074812	-34.917781	0.000000	
260.200000	24.116607	-34.980056	0.000000	
260.250000	24.158402	-35.042332	0.000000	
260.300000	24.200196	-35.104607	0.000000	
260.350000	24.241991	-35.166882	0.000000	
260.400000	24.283786	-35.229157	0.000000	
260.450000	24.325581	-35.291432	0.000000	
260.500000	24.367376	-35.353707	0.000000	
260.550000	24.409171	-35.415982	0.000000	
260.600000	24.450966	-35.478257	0.000000	
260.650000	24.492761	-35.540532	0.000000	
260.700000	24.534556	-35.602807	0.000000	
260.750000	24.576351	-35.665082	0.000000	
260.800000	24.618146	-35.727357	0.000000	
260.850000	24.659941	-35.789632	0.000000	
260.900000	24.701736	-35.851907	0.000000	
260.950000	24.743531	-35.914182	0.000000	
261.000000	24.785326	-35.976457	0.000000	
261.050000	24.827121	-36.038732	0.000000	
261.100000	24.868916	-36.101007	0.000000	
261.150000	24.910711	-36.163282	0.000000	
261.200000	24.952506	-36.225557	0.000000	
261.250000	24.994301	-36.287832	0.000000	
261.300000	25.036096	-36.350108	0.000000	
261.350000	25.077891	-36.412383	0.000000	
261.400000	25.119685	-36.474658	0.000000	
261.450000	25.161480	-36.536933	0.000000	
261.500000	25.203275	-36.599208	0.000000	
261.550000	25.245070	-36.661483	0.000000	
261.600000	25.286865	-36.723758	0.000000	
261.650000	25.328660	-36.786033	0.000000	
261.700000	25.370455	-36.848308	0.000000	
261.750000	25.412250	-36.910583	0.000000	
261.800000	25.454045	-36.972858	0.000000	
261.850000	25.495840	-37.035133	0.000000	
261.900000	25.537635	-37.097408	0.000000	
261.950000	25.579430	-37.159683	0.000000	
262.000000	25.621225	-37.221958	0.000000	
262.050000	25.663020	-37.284233	0.000000	
262.100000	25.704815	-37.346508	0.000000	
262.150000	25.746610	-37.408783	0.000000	
262.200000	25.788405	-37.471058	0.000000	
262.250000	25.830200	-37.533333	0.000000	
262.300000	25.871995	-37.595609	0.000000	
262.350000	25.913790	-37.657884	0.000000	
262.400000	25.955585	-37.720159	0.000000	
262.450000	25.997380	-37.782434	0.000000	
262.500000	26.039175	-37.844709	0.000000	
262.550000	26.080969	-37.906984	0.000000	
262.600000	26.122764	-37.969259	0.000000	
262.650000	26.164559	-38.031534	0.000000	
262.700000	26.206354	-38.093809	0.000000	
262.750000	26.248149	-38.156084	0.000000	
262.800000	26.289944	-38.218359	0.000000	
262.850000	26.331739	-38.280634	0.000000	
262.900000	26.373534	-38.342909	0.000000	
262.950000	26.415329	-38.405184	0.000000	
263.000000	26.457124	-38.467459	0.000000	
263.050000	26.498919	-38.529734	0.000000	
263.100000	26.540714	-38.592009	0.000000	
263.150000	26.582509	-38.654284	0.000000	
263.200000	26.624304	-38.716559	0.000000	
263.250000	26.666099	-38.778834	0.000000	
263.300000	26.707894	-38.841109	0.000000	
263.350000	26.749689	-38.903385	0.000000	
263.400000	26.791484	-38.965660	0.000000	
263.450000	26.833279	-39.027935	0.000000	
263.500000	26.875074	-39.090210	0.000000	
263.550000	26.916869	-39.152485	0.000000	
263.600000	26.958664	-39.214760	0.000000	
263.650000	27.000458	-39.277035	0.000000	
263.700000	27.042253	-39.339310	0.000000	
263.750000	27.084048	-39.401585	0.000000	
263.800000	27.125843	-39.463860	0.000000	
263.850000	27.167638	-39.526135	0.000000	
263.900000	27.209433	-39.588410	0.000000	
263.950000	27.251228	-39.650685	0.000000	
264.000000	27.293023	-39.712960	0.000000	
264.050000	27.334818	-39.775235	0.000000	
264.100000	27.376613	-39.837510	0.000000	
264.150000	27.418408	-39.899785	0.000000	
264.200000	27.460203	-39.962060	0.000000	
264.250000	27.501998	-40.024335	0.000000	
264.300000	27.543793	-40.086610	0.000000	
264.350000	27.585588	-40.148886	0.000000	
264.400000	27.627383	-40.211161	0.000000	
264.450000	27.669178	-40.273436	0.000000	
264.500000	27.710973	-40.335711	0.000000	
264.550000	27.752768	-40.397986	0.000000	
264.600000	27.794563	-40.460261	0.000000	
264.650000	27.836358	-40.522536	0.000000	
264.700000	27.878153	-40.584811	0.000000	
264.750000	27.919948	-40.647086	0.000000	
264.800000	27.961742	-40.709361	0.000000	
264.850000	28.003537	-40.771636	0.000000	
264.900000	28.045332	-40.833911	0.000000	
264.950000	28.087127	-40.896186	0.000000	
265.000000	28.128922	-40.958461	0.000000	
265.050000	28.170717	-41.020736	0.000000	
265.100000	28.212512	-41.083011	0.000000	
265.150000	28.254307	-41.145286	0.000000	
265.200000	28.296102	-41.207561	0.000000	
265.250000	28.337897	-41.269836	0.000000	
265.300000	28.379692	-41.332111	0.000000	
265.350000	28.421487	-41.394386	0.000000	
265.400000	28.463282	-41.456662	0.000000	
265.450000	28.505077	-41.518937	0.000000	
265.500000	28.546872	-41.581212	0.000000	
265.550000	28.588667	-41.643487	0.000000	
265.600000	28.630462	-41.705762	0.000000	
265.650000	28.672257	-41.768037	0.000000	
265.700000	28.714052	-41.830312	0.000000	
265.750000	28.755847	-41.892587	0.000000	
265.800000	28.797642	-41.954862	0.000000	
265.850000	28.839437	-42.017137	0.000000	
265.900000	28.881231	-42.079412	0.000000	
265.950000	28.923026	-42.141687	0.000000	
266.000000	28.964821	-42.203962	0.000000	
266.050000	29.006616	-42.266237	0.000000	
266.100000	29.048411	-42.328512	0.000000	
266.150000	29.090206	-42.390787	0.000000	
266.200000	29.132001	-42.453062	0.000000	
266.250000	29.173796	-42.515337	0.000000	
266.300000	29.215591	-42.577612	0.000000	
266.350000	29.257386	-42.639887	0.000000	
266.400000	29.299181	-42.702163	0.000000	
266.450000	29.340976	-42.764438	0.000000	
266.500000	29.382771	-42.826713	0.000000	
266.550000	29.424566	-42.888988	0.000000	
266.600000	29.466361	-42.951263	0.000000	
266.650000	29.508156	-43.013538	0.000000	
266.700000	29.549951	-43.075813	0.000000	
266.750000	29.591746	-43.138088	0.000000	
266.800000	29.633541	-43.200363	0.000000	
266.850000	29.675336	-43.262638	0.000000	
266.900000	29.717131	-43.324913	0.000000	
266.950000	29.758926	-43.387188	0.000000	
267.000000	29.800721	-43.449463	0.000000	
267.050000	29.842515	-43.511738	0.000000	
267.100000	29.884310	-43.574013	0.000000	
267.150000	29.926105	-43.636288	0.000000	
267.200000	29.967900	-43.698563	0.000000	
267.250000	30.004225	-43.745641	0.000000	
267.300000	29.996740	-43.671016	0.000000	
267.350000	29.989254	-43.596390	0.000000	
267.400000	29.981769	-43.521765	0.000000	
267.450000	29.974284	-43.447139	0.000000	
267.500000	29.966799	-43.372513	0.000000	
267.550000	29.959314	-43.297888	0.000000	
267.600000	29.951828	-43.223262	0.000000	
267.650000	29.944343	-43.148637	0.000000	
267.700000	29.936858	-43.074011	0.000000	
267.750000	29.929373	-42.999386	0.000000	
267.800000	29.921888	-42.924760	0.000000	
267.850000	29.914402	-42.850135	0.000000	
267.900000	29.906917	-42.775509	0.000000	
267.950000	29.899432	-42.700884	0.000000	
268.000000	29.891947	-42.626258	0.000000	
268.050000	29.884462	-42.551632	0.000000	
268.100000	29.876976	-42.477007	0.000000	
268.150000	29.869491	-42.402381	0.000000	
268.200000	29.862006	-42.327756	0.000000	
268.250000	29.854521	-42.253130	0.000000	
268.300000	29.847036	-42.178505	0.000000	
268.350000	29.839550	-42.103879	0.000000	
268.400000	29.832065	-42.029254	0.000000	
268.450000	29.824580	-41.954628	0.000000	
268.500000	29.817095	-41.880003	0.000000	
268.550000	29.809610	-41.805377	0.000000	
268.600000	29.802124	-41.730751	0.000000	
268.650000	29.794639	-41.656126	0.000000	
268.700000	29.787154	-41.581500	0.000000	
268.750000	29.779669	-41.506875	0.000000	
268.800000	29.772184	-41.432249	0.000000	
268.850000	29.764698	-41.357624	0.000000	
268.900000	29.757213	-41.282998	0.000000	
268.950000	29.749728	-41.208373	0.000000	
269.000000	29.742243	-41.133747	0.000000	
269.050000	29.734758	-41.059122	0.000000	
269.100000	29.727272	-40.984496	0.000000	
269.150000	29.719787	-40.909871	0.000000	
269.200000	29.712302	-40.835245	0.000000	
269.250000	29.704817	-40.760619	0.000000	
269.300000	29.697332	-40.685994	0.000000	
269.350000	29.689846	-40.611368	0.000000	
269.400000	29.682361	-40.536743	0.000000	
269.450000	29.674876	-40.462117	0.000000	
269.500000	29.667391	-40.387492	0.000000	
269.550000	29.659906	-40.312866	0.000000	
269.600000	29.652420	-40.238241	0.000000	
269.650000	29.644935	-40.163615	0.000000	
269.700000	29.637450	-40.088990	0.000000	
269.750000	29.629965	-40.014364	0.000000	
269.800000	29.622480	-39.939738	0.000000	
269.850000	29.614994	-39.865113	0.000000	
269.900000	29.607509	-39.790487	0.000000	
269.950000	29.600024	-39.715862	0.000000	
270.000000	29.592539	-39.641236	0.000000	
270.050000	29.585054	-39.566611	0.000000	
270.100000	29.577568	-39.491985	0.000000	
270.150000	29.570083	-39.417360	0.000000	
270.200000	29.562598	-39.342734	0.000000	
270.250000	29.555113	-39.268109	0.000000	
270.300000	29.547628	-39.193483	0.000000	
270.350000	29.540142	-39.118857	0.000000	
270.400000	29.532657	-39.044232	0.000000	
270.450000	29.525172	-38.969606	0.000000	
270.500000	29.517687	-38.894981	0.000000	
270.550000	29.510202	-38.820355	0.000000	
270.600000	29.502716	-38.745730	0.000000	
270.650000	29.495231	-38.671104	0.000000	
270.700000	29.487746	-38.596479	0.000000	
270.750000	29.480261	-38.521853	0.000000	
270.800000	29.472776	-38.447228	0.000000	
270.850000	29.465290	-38.372602	0.000000	
270.900000	29.457805	-38.297976	0.000000	
270.950000	29.450320	-38.223351	0.000000	
271.000000	29.442835	-38.148725	0.000000	
271.050000	29.435350	-38.074100	0.000000	
271.100000	29.427864	-37.999474	0.000000	
271.150000	29.420379	-37.924849	0.000000	
271.200000	29.412894	-37.850223	0.000000	
271.250000	29.405409	-37.775598	0.000000	
271.300000	29.397924	-37.700972	0.000000	
271.350000	29.390438	-37.626347	0.000000	
271.400000	29.382953	-37.551721	0.000000	
271.450000	29.375468	-37.477095	0.000000	
271.500000	29.367983	-37.402470	0.000000	
271.550000	29.360498	-37.327844	0.000000	
271.600000	29.353012	-37.253219	0.000000	
271.650000	29.345527	-37.178593	0.000000	
271.700000	29.338042	-37.103968	0.000000	
271.750000	29.330557	-37.029342	0.000000	
271.800000	29.323072	-36.954717	0.000000	
271.850000	29.315586	-36.880091	0.000000	
271.900000	29.308101	-36.805466	0.000000	
271.950000	29.300616	-36.730840	0.000000	
272.000000	29.293131	-36.656215	0.000000	
272.050000	29.285646	-36.581589	0.000000	
272.100000	29.278160	-36.506963	0.000000	
272.150000	29.270675	-36.432338	0.000000	
272.200000	29.263190	-36.357712	0.000000	
272.250000	29.255705	-36.283087	0.000000	
272.300000	29.248220	-36.208461	0.000000	
272.350000	29.240734	-36.133836	0.000000	
272.400000	29.233249	-36.059210	0.000000	
272.450000	29.225764	-35.984585	0.000000	
272.500000	29.218279	-35.909959	0.000000	
272.550000	29.210794	-35.835334	0.000000	
272.600000	29.203308	-35.760708	0.000000	
272.650000	29.195823	-35.686082	0.000000	
272.700000	29.188338	-35.611457	0.000000	
272.750000	29.180853	-35.536831	0.000000	
272.800000	29.173368	-35.462206	0.000000	
272.850000	29.165882	-35.387580	0.000000	
272.900000	29.158397	-35.312955	0.000000	
272.950000	29.150912	-35.238329	0.000000	
273.000000	29.143427	-35.163704	0.000000	
273.050000	29.135942	-35.089078	0.000000	
273.100000	29.128456	-35.014453	0.000000	
273.150000	29.120971	-34.939827	0.000000	
273.200000	29.113486	-34.865201	0.000000	
273.250000	29.106001	-34.790576	0.000000	
273.300000	29.098516	-34.715950	0.000000	
273.350000	29.091030	-34.641325	0.000000	
273.400000	29.083545	-34.566699	0.000000	
273.450000	29.076060	-34.492074	0.000000	
273.500000	29.068575	-34.417448	0.000000	
273.550000	29.061090	-34.342823	0.000000	
273.600000	29.053604	-34.268197	0.000000	
273.650000	29.046119	-34.193572	0.000000	
273.700000	29.038634	-34.118946	0.000000	
273.750000	29.031149	-34.044320	0.000000	
273.800000	29.023664	-33.969695	0.000000	
273.850000	29.016178	-33.895069	0.000000	
273.900000	29.008693	-33.820444	0.000000	
273.950000	29.001208	-33.745818	0.000000	
274.000000	28.993723	-33.671193	0.000000	
274.050000	28.986238	-33.596567	0.000000	
274.100000	28.978752	-33.521942	0.000000	
274.150000	28.971267	-33.447316	0.000000	
274.200000	28.963782	-33.372691	0.000000	
274.250000	28.956297	-33.298065	0.000000	
274.300000	28.948812	-33.223439	0.000000	
274.350000	28.941326	-33.148814	0.000000	
274.400000	28.933841	-33.074188	0.000000	
274.450000	28.926356	-32.999563	0.000000	
274.500000	28.918871	-32.924937	0.000000	
274.550000	28.911386	-32.850312	0.000000	
274.600000	28.903900	-32.775686	0.000000	
274.650000	28.896415	-32.701061	0.000000	
274.700000	28.888930	-32.626435	0.000000	
274.750000	28.881445	-32.551810	0.000000	
274.800000	28.873960	-32.477184	0.000000	
274.850000	28.866474	-32.402559	0.000000	
274.900000	28.858989	-32.327933	0.000000	
274.950000	28.851504	-32.253307	0.000000	
275.000000	28.844019	-32.178682	0.000000	
275.050000	28.836534	-32.104056	0.000000	
275.100000	28.829048	-32.029431	0.000000	
275.150000	28.821563	-31.954805	0.000000	
275.200000	28.814078	-31.880180	0.000000	
275.250000	28.806593	-31.805554	0.000000	
275.300000	28.799108	-31.730929	0.000000	
275.350000	28.791622	-31.656303	0.000000	
275.400000	28.784137	-31.581678	0.000000	
275.450000	28.776652	-31.507052	0.000000	
275.500000	28.769167	-31.432426	0.000000	
275.550000	28.761682	-31.357801	0.000000	
275.600000	28.754196	-31.283175	0.000000	
275.650000	28.746711	-31.208550	0.000000	
275.700000	28.739226	-31.133924	0.000000	
275.750000	28.731741	-31.059299	0.000000	
275.800000	28.724256	-30.984673	0.000000	
275.850000	28.716770	-30.910048	0.000000	
275.900000	28.709285	-30.835422	0.000000	
275.950000	28.701800	-30.760797	0.000000	
276.000000	28.694315	-30.686171	0.000000	
276.050000	28.649569	-30.703546	0.000000	
276.100000	28.592263	-30.751930	0.000000	
276.150000	28.534957	-30.800315	0.000000	
276.200000	28.477652	-30.848699	0.000000	
276.250000	28.420346	-30.897084	0.000000	
276.300000	28.363040	-30.945468	0.000000	
276.350000	28.305735	-30.993853	0.000000	
276.400000	28.248429	-31.042237	0.000000	
276.450000	28.191123	-31.090622	0.000000	
276.500000	28.133818	-31.139006	0.000000	
276.550000	28.076512	-31.187391	0.000000	
276.600000	28.019207	-31.235776	0.000000	
276.650000	27.961901	-31.284160	0.000000	
276.700000	27.904595	-31.332545	0.000000	
276.750000	27.847290	-31.380929	0.000000	
276.800000	27.789984	-31.429314	0.000000	
276.850000	27.732678	-31.477698	0.000000	
276.900000	27.675373	-31.526083	0.000000	
276.950000	27.618067	-31.574467	0.000000	
277.000000	27.560761	-31.622852	0.000000	
277.050000	27.503456	-31.671236	0.000000	
277.100000	27.446150	-31.719621	0.000000	
277.150000	27.388844	-31.768005	0.000000	
277.200000	27.331539	-31.816390	0.000000	
277.250000	27.274233	-31.864775	0.000000	
277.300000	27.216928	-31.913159	0.000000	
277.350000	27.159622	-31.961544	0.000000	
277.400000	27.102316	-32.009928	0.000000	
277.450000	27.045011	-32.058313	0.000000	
277.500000	26.987705	-32.106697	0.000000	
277.550000	26.930399	-32.155082	0.000000	
277.600000	26.873094	-32.203466	0.000000	
277.650000	26.815788	-32.251851	0.000000	
277.700000	26.758482	-32.300235	0.000000	
277.750000	26.701177	-32.348620	0.000000	
277.800000	26.643871	-32.397004	0.000000	
277.850000	26.586566	-32.445389	0.000000	
277.900000	26.529260	-32.493773	0.000000	
277.950000	26.471954	-32.542158	0.000000	
278.000000	26.414649	-32.590543	0.000000	
278.050000	26.357343	-32.638927	0.000000	
278.100000	26.300037	-32.687312	0.000000	
278.150000	26.242732	-32.735696	0.000000	
278.200000	26.185426	-32.784081	0.000000	
278.250000	26.128120	-32.832465	0.000000	
278.300000	26.070815	-32.880850	0.000000	
278.350000	26.013509	-32.929234	0.000000	
278.400000	25.956203	-32.977619	0.000000	
278.450000	25.898898	-33.026003	0.000000	
278.500000	25.841592	-33.074388	0.000000	
278.550000	25.784287	-33.122772	0.000000	
278.600000	25.726981	-33.171157	0.000000	
278.650000	25.669675	-33.219542	0.000000	
278.700000	25.612370	-33.267926	0.000000	
278.750000	25.555064	-33.316311	0.000000	
278.800000	25.497758	-33.364695	0.000000	
278.850000	25.440453	-33.413080	0.000000	
278.900000	25.383147	-33.461464	0.000000	
278.950000	25.325841	-33.509849	0.000000	
279.000000	25.268536	-33.558233	0.000000	
279.050000	25.211230	-33.606618	0.000000	
279.100000	25.153924	-33.655002	0.000000	
279.150000	25.096619	-33.703387	0.000000	
279.200000	25.039313	-33.751771	0.000000	
279.250000	24.982008	-33.800156	0.000000	
279.300000	24.924702	-33.848541	0.000000	
279.350000	24.867396	-33.896925	0.000000	
279.400000	24.810091	-33.945310	0.000000	
279.450000	24.752785	-33.993694	0.000000	
279.500000	24.695479	-34.042079	0.000000	
279.550000	24.638174	-34.090463	0.000000	
279.600000	24.580868	-34.138848	0.000000	
279.650000	24.523562	-34.187232	0.000000	
279.700000	24.466257	-34.235617	0.000000	
279.750000	24.408951	-34.284001	0.000000	
279.800000	24.351646	-34.332386	0.000000	
279.850000	24.294340	-34.380770	0.000000	
279.900000	24.237034	-34.429155	0.000000	
279.950000	24.179729	-34.477540	0.000000	
280.000000	24.122423	-34.525924	0.000000	
280.050000	24.065117	-34.574309	0.000000	
280.100000	24.007812	-34.622693	0.000000	
280.150000	23.950506	-34.671078	0.000000	
280.200000	23.893200	-34.719462	0.000000	
280.250000	23.835895	-34.767847	0.000000	
280.300000	23.778589	-34.816231	0.000000	
280.350000	23.721283	-34.864616	0.000000	
280.400000	23.663978	-34.913000	0.000000	
280.450000	23.606672	-34.961385	0.000000	
280.500000	23.549367	-35.009769	0.000000	
280.550000	23.492061	-35.058154	0.000000	
280.600000	23.434755	-35.106539	0.000000	
280.650000	23.377450	-35.154923	0.000000	
280.700000	23.320144	-35.203308	0.000000	
280.750000	23.262838	-35.251692	0.000000	
280.800000	23.205533	-35.300077	0.000000	
280.850000	23.148227	-35.348461	0.000000	
280.900000	23.090921	-35.396846	0.000000	
280.950000	23.033616	-35.445230	0.000000	
281.000000	22.976310	-35.493615	0.000000	
281.050000	22.919005	-35.541999	0.000000	
281.100000	22.861699	-35.590384	0.000000	
281.150000	22.804393	-35.638768	0.000000	
281.200000	22.747088	-35.687153	0.000000	
281.250000	22.689782	-35.735538	0.000000	
281.300000	22.632476	-35.783922	0.000000	
281.350000	22.575171	-35.832307	0.000000	
281.400000	22.517865	-35.880691	0.000000	
281.450000	22.460559	-35.929076	0.000000	
281.500000	22.403254	-35.977460	0.000000	
281.550000	22.345948	-36.025845	0.000000	
281.600000	22.288642	-36.074229	0.000000	
281.650000	22.231337	-36.122614	0.000000	
281.700000	22.174031	-36.170998	0.000000	
281.750000	22.116726	-36.219383	0.000000	
281.800000	22.059420	-36.267767	0.000000	
281.850000	22.002114	-36.316152	0.000000	
281.900000	21.944809	-36.364537	0.000000	
281.950000	21.887503	-36.412921	0.000000	
282.000000	21.830197	-36.461306	0.000000	
282.050000	21.772892	-36.509690	0.000000	
282.100000	21.715586	-36.558075	0.000000	
282.150000	21.658280	-36.606459	0.000000	
282.200000	21.600975	-36.654844	0.000000	
282.250000	21.543669	-36.703228	0.000000	
282.300000	21.486363	-36.751613	0.000000	
282.350000	21.429058	-36.799997	0.000000	
282.400000	21.371752	-36.848382	0.000000	
282.450000	21.314447	-36.896766	0.000000	
282.500000	21.257141	-36.945151	0.000000	
282.550000	21.199835	-36.993536	0.000000	
282.600000	21.142530	-37.041920	0.000000	
282.650000	21.085224	-37.090305	0.000000	
282.700000	21.027918	-37.138689	0.000000	
282.750000	20.970613	-37.187074	0.000000	
282.800000	20.913307	-37.235458	0.000000	
282.850000	20.856001	-37.283843	0.000000	
282.900000	20.798696	-37.332227	0.000000	
282.950000	20.741390	-37.380612	0.000000	
283.000000	20.684085	-37.428996	0.000000	
283.050000	20.626779	-37.477381	0.000000	
283.100000	20.569473	-37.525765	0.000000	
283.150000	20.512168	-37.574150	0.000000	
283.200000	20.454862	-37.622535	0.000000	
283.250000	20.397556	-37.670919	0.000000	
283.300000	20.340251	-37.719304	0.000000	
283.350000	20.282945	-37.767688	0.000000	
283.400000	20.225639	-37.816073	0.000000	
283.450000	20.168334	-37.864457	0.000000	
283.500000	20.111028	-37.912842	0.000000	
283.550000	20.053722	-37.961226	0.000000	
283.600000	19.996417	-38.009611	0.000000	
283.650000	19.999168	-38.044530	0.000000	
283.700000	20.071647	-38.063814	0.000000	
283.750000	20.144125	-38.083099	0.000000	
283.800000	20.216603	-38.102384	0.000000	
283.850000	20.289081	-38.121669	0.000000	
283.900000	20.361560	-38.140954	0.000000	
283.950000	20.434038	-38.160239	0.000000	
284.000000	20.506516	-38.179524	0.000000	
284.050000	20.578994	-38.198808	0.000000	
284.100000	20.651472	-38.218093	0.000000	
284.150000	20.723951	-38.237378	0.000000	
284.200000	20.796429	-38.256663	0.000000	
284.250000	20.868907	-38.275948	0.000000	
284.300000	20.941385	-38.295233	0.000000	
284.350000	21.013864	-38.314518	0.000000	
284.400000	21.086342	-38.333803	0.000000	
284.450000	21.158820	-38.353087	0.000000	
284.500000	21.231298	-38.372372	0.000000	
284.550000	21.303777	-38.391657	0.000000	
284.600000	21.376255	-38.410942	0.000000	
284.650000	21.448733	-38.430227	0.000000	
284.700000	21.521211	-38.449512	0.000000	
284.750000	21.593689	-38.468797	0.000000	
284.800000	21.666168	-38.488081	0.000000	
284.850000	21.738646	-38.507366	0.000000	
284.900000	21.811124	-38.526651	0.000000	
284.950000	21.883602	-38.545936	0.000000	
285.000000	21.956081	-38.565221	0.000000	
285.050000	22.028559	-38.584506	0.000000	
285.100000	22.101037	-38.603791	0.000000	
285.150000	22.173515	-38.623075	0.000000	
285.200000	22.245994	-38.642360	0.000000	
285.250000	22.318472	-38.661645	0.000000	
285.300000	22.390950	-38.680930	0.000000	
285.350000	22.463428	-38.700215	0.000000	
285.400000	22.535906	-38.719500	0.000000	
285.450000	22.608385	-38.738785	0.000000	
285.500000	22.680863	-38.758069	0.000000	
285.550000	22.753341	-38.777354	0.000000	
285.600000	22.825819	-38.796639	0.000000	
285.650000	22.898298	-38.815924	0.000000	
285.700000	22.970776	-38.835209	0.000000	
285.750000	23.043254	-38.854494	0.000000	
285.800000	23.115732	-38.873779	0.000000	
285.850000	23.188211	-38.893064	0.000000	
285.900000	23.260689	-38.912348	0.000000	
285.950000	23.333167	-38.931633	0.000000	
286.000000	23.405645	-38.950918	0.000000	
286.050000	23.478124	-38.970203	0.000000	
286.100000	23.550602	-38.989488	0.000000	
286.150000	23.623080	-39.008773	0.000000	
286.200000	23.695558	-39.028058	0.000000	
286.250000	23.768036	-39.047342	0.000000	
286.300000	23.840515	-39.066627	0.000000	
286.350000	23.912993	-39.085912	0.000000	
286.400000	23.985471	-39.105197	0.000000	
286.450000	24.057949	-39.124482	0.000000	
286.500000	24.130428	-39.143767	0.000000	
286.550000	24.202906	-39.163052	0.000000	
286.600000	24.275384	-39.182336	0.000000	
286.650000	24.347862	-39.201621	0.000000	
286.700000	24.420341	-39.220906	0.000000	
286.750000	24.492819	-39.240191	0.000000	
286.800000	24.565297	-39.259476	0.000000	
286.850000	24.637775	-39.278761	0.000000	
286.900000	24.710253	-39.298046	0.000000	
286.950000	24.782732	-39.317330	0.000000	
287.000000	24.855210	-39.336615	0.000000	
287.050000	24.927688	-39.355900	0.000000	
287.100000	25.000166	-39.375185	0.000000	
287.150000	25.072645	-39.394470	0.000000	
287.200000	25.145123	-39.413755	0.000000	
287.250000	25.217601	-39.433040	0.000000	
287.300000	25.290079	-39.452325	0.000000	
287.350000	25.362558	-39.471609	0.000000	
287.400000	25.435036	-39.490894	0.000000	
287.450000	25.507514	-39.510179	0.000000	
287.500000	25.579992	-39.529464	0.000000	
287.550000	25.652470	-39.548749	0.000000	
287.600000	25.724949	-39.568034	0.000000	
287.650000	25.797427	-39.587319	0.000000	
287.700000	25.869905	-39.606603	0.000000	
287.750000	25.942383	-39.625888	0.000000	
287.800000	26.014862	-39.645173	0.000000	
287.850000	26.087340	-39.664458	0.000000	
287.900000	26.159818	-39.683743	0.000000	
287.950000	26.232296	-39.703028	0.000000	
288.000000	26.304775	-39.722313	0.000000	
288.050000	26.377253	-39.741597	0.000000	
288.100000	26.449731	-39.760882	0.000000	
288.150000	26.522209	-39.780167	0.000000	
288.200000	26.594687	-39.799452	0.000000	
288.250000	26.667166	-39.818737	0.000000	
288.300000	26.739644	-39.838022	0.000000	
288.350000	26.812122	-39.857307	0.000000	
288.400000	26.884600	-39.876591	0.000000	
288.450000	26.957079	-39.895876	0.000000	
288.500000	27.029557	-39.915161	0.000000	
288.550000	27.102035	-39.934446	0.000000	
288.600000	27.174513	-39.953731	0.000000	
288.650000	27.246992	-39.973016	0.000000	
288.700000	27.319470	-39.992301	0.000000	
288.750000	27.391948	-40.011586	0.000000	
288.800000	27.464426	-40.030870	0.000000	
288.850000	27.536904	-40.050155	0.000000	
288.900000	27.609383	-40.069440	0.000000	
288.950000	27.681861	-40.088725	0.000000	
289.000000	27.754339	-40.108010	0.000000	
289.050000	27.826817	-40.127295	0.000000	
289.100000	27.899296	-40.146580	0.000000	
289.150000	27.971774	-40.165864	0.000000	
289.200000	28.044252	-40.185149	0.000000	
289.250000	28.116730	-40.204434	0.000000	
289.300000	28.189209	-40.223719	0.000000	
289.350000	28.261687	-40.243004	0.000000	
289.400000	28.334165	-40.262289	0.000000	
289.450000	28.406643	-40.281574	0.000000	
289.500000	28.479122	-40.300858	0.000000	
289.550000	28.551600	-40.320143	0.000000	
289.600000	28.625923	-40.329274	0.000000	
289.650000	28.700553	-40.336711	0.000000	
289.700000	28.775183	-40.344148	0.000000	
289.750000	28.849814	-40.351585	0.000000	
289.800000	28.924444	-40.359022	0.000000	
289.850000	28.999074	-40.366459	0.000000	
289.900000	29.073705	-40.373897	0.000000	
289.950000	29.148335	-40.381334	0.000000	
290.000000	29.222965	-40.388771	0.000000	
290.050000	29.297596	-40.396208	0.000000	
290.100000	29.372226	-40.403645	0.000000	
290.150000	29.446856	-40.411083	0.000000	
290.200000	29.521487	-40.418520	0.000000	
290.250000	29.596117	-40.425957	0.000000	
290.300000	29.670747	-40.433394	0.000000	
290.350000	29.745378	-40.440831	0.000000	
290.400000	29.820008	-40.448268	0.000000	
290.450000	29.894638	-40.455706	0.000000	
290.500000	29.969269	-40.463143	0.000000	
290.550000	30.043899	-40.470580	0.000000	
290.600000	30.118529	-40.478017	0.000000	
290.650000	30.193160	-40.485454	0.000000	
290.700000	30.267790	-40.492891	0.000000	
290.750000	30.342420	-40.500329	0.000000	
290.800000	30.417051	-40.507766	0.000000	
290.850000	30.491681	-40.515203	0.000000	
290.900000	30.566312	-40.522640	0.000000	
290.950000	30.640942	-40.530077	0.000000	
291.000000	30.715572	-40.537514	0.000000	
291.050000	30.790203	-40.544952	0.000000	
291.100000	30.864833	-40.552389	0.000000	
291.150000	30.939463	-40.559826	0.000000	
291.200000	31.014094	-40.567263	0.000000	
291.250000	31.088724	-40.574700	0.000000	
291.300000	31.163354	-40.582137	0.000000	
291.350000	31.237985	-40.589575	0.000000	
291.400000	31.312615	-40.597012	0.000000	
291.450000	31.387245	-40.604449	0.000000	
291.500000	31.461876	-40.611886	0.000000	
291.550000	31.536506	-40.619323	0.000000	
291.600000	31.611136	-40.626761	0.000000	
291.650000	31.685767	-40.634198	0.000000	
291.700000	31.760397	-40.641635	0.000000	
291.750000	31.835027	-40.649072	0.000000	
291.800000	31.909658	-40.656509	0.000000	
291.850000	31.984288	-40.663946	0.000000	
291.900000	32.058918	-40.671384	0.000000	
291.950000	32.133549	-40.678821	0.000000	
292.000000	32.208179	-40.686258	0.000000	
292.050000	32.282809	-40.693695	0.000000	
292.100000	32.357440	-40.701132	0.000000	
292.150000	32.432070	-40.708569	0.000000	
292.200000	32.506700	-40.716007	0.000000	
292.250000	32.581331	-40.723444	0.000000	
292.300000	32.655961	-40.730881	0.000000	
292.350000	32.730592	-40.738318	0.000000	
292.400000	32.805222	-40.745755	0.000000	
292.450000	32.879852	-40.753192	0.000000	
292.500000	32.954483	-40.760630	0.000000	
292.550000	33.029113	-40.768067	0.000000	
292.600000	33.103743	-40.775504	0.000000	
292.650000	33.178374	-40.782941	0.000000	
292.700000	33.253004	-40.790378	0.000000	
292.750000	33.327634	-40.797815	0.000000	
292.800000	33.402265	-40.805253	0.000000	
292.850000	33.476895	-40.812690	0.000000	
292.900000	33.551525	-40.820127	0.000000	
292.950000	33.626156	-40.827564	0.000000	
293.000000	33.700786	-40.835001	0.000000	
293.050000	33.775416	-40.842439	0.000000	
293.100000	33.850047	-40.849876	0.000000	
293.150000	33.924677	-40.857313	0.000000	
293.200000	33.999307	-40.864750	0.000000	
293.250000	34.073938	-40.872187	0.000000	
293.300000	34.148568	-40.879624	0.000000	
293.350000	34.223198	-40.887062	0.000000	
293.400000	34.297829	-40.894499	0.000000	
293.450000	34.372459	-40.901936	0.000000	
293.500000	34.447089	-40.909373	0.000000	
293.550000	34.521720	-40.916810	0.000000	
293.600000	34.596350	-40.924247	0.000000	
293.650000	34.670981	-40.931685	0.000000	
293.700000	34.745611	-40.939122	0.000000	
293.750000	34.820241	-40.946559	0.000000	
293.800000	34.894872	-40.953996	0.000000	
293.850000	34.969502	-40.961433	0.000000	
293.900000	35.044132	-40.968870	0.000000	
293.950000	35.118763	-40.976308	0.000000	
294.000000	35.193393	-40.983745	0.000000	
294.050000	35.268023	-40.991182	0.000000	
294.100000	35.342654	-40.998619	0.000000	
294.150000	35.417284	-41.006056	0.000000	
294.200000	35.491914	-41.013493	0.000000	
294.250000	35.566545	-41.020931	0.000000	
294.300000	35.641175	-41.028368	0.000000	
294.350000	35.715805	-41.035805	0.000000	
294.400000	35.790436	-41.043242	0.000000	
294.450000	35.865066	-41.050679	0.000000	
294.500000	35.939696	-41.058117	0.000000	
294.550000	36.014327	-41.065554	0.000000	
294.600000	36.088957	-41.072991	0.000000	
294.650000	36.163587	-41.080428	0.000000	
294.700000	36.238218	-41.087865	0.000000	
294.750000	36.312848	-41.095302	0.000000	
294.800000	36.387478	-41.102740	0.000000	
294.850000	36.462109	-41.110177	0.000000	
294.900000	36.536739	-41.117614	0.000000	
294.950000	36.611369	-41.125051	0.000000	
295.000000	36.686000	-41.132488	0.000000	
295.050000	36.760630	-41.139925	0.000000	
295.100000	36.835261	-41.147363	0.000000	
295.150000	36.909891	-41.154800	0.000000	
295.200000	36.984521	-41.162237	0.000000	
295.250000	37.059152	-41.169674	0.000000	
295.300000	37.133782	-41.177111	0.000000	
295.350000	37.208412	-41.184548	0.000000	
295.400000	37.283043	-41.191986	0.000000	
295.450000	37.357673	-41.199423	0.000000	
295.500000	37.432303	-41.206860	0.000000	
295.550000	37.506934	-41.214297	0.000000	
295.600000	37.581564	-41.221734	0.000000	
295.650000	37.656194	-41.229171	0.000000	
295.700000	37.730825	-41.236609	0.000000	
295.750000	37.805455	-41.244046	0.000000	
295.800000	37.880085	-41.251483	0.000000	
295.850000	37.954716	-41.258920	0.000000	
295.900000	38.029346	-41.266357	0.000000	
295.950000	38.103976	-41.273794	0.000000	
296.000000	38.178607	-41.281232	0.000000	
296.050000	38.253237	-41.288669	0.000000	
296.100000	38.327867	-41.296106	0.000000	
296.150000	38.402498	-41.303543	0.000000	
296.200000	38.477128	-41.310980	0.000000	
296.250000	38.551758	-41.318418	0.000000	
296.300000	38.626389	-41.325855	0.000000	
296.350000	38.701019	-41.333292	0.000000	
296.400000	38.775650	-41.340729	0.000000	
296.450000	38.850280	-41.348166	0.000000	
296.500000	38.924910	-41.355603	0.000000	
296.550000	38.999541	-41.363041	0.000000	
296.600000	39.074171	-41.370478	0.000000	
296.650000	39.148801	-41.377915	0.000000	
296.700000	39.223432	-41.385352	0.000000	
296.750000	39.298062	-41.392789	0.000000	
296.800000	39.372692	-41.400226	0.000000	
296.850000	39.447323	-41.407664	0.000000	
296.900000	39.521953	-41.415101	0.000000	
296.950000	39.596583	-41.422538	0.000000	
297.000000	39.671214	-41.429975	0.000000	
297.050000	39.745844	-41.437412	0.000000	
297.100000	39.679859	-41.403598	0.000000	
297.150000	39.613038	-41.369538	0.000000	
297.200000	39.546218	-41.335479	0.000000	
297.250000	39.479398	-41.301419	0.000000	
297.300000	39.412578	-41.267360	0.000000	
297.350000	39.345757	-41.233300	0.000000	
297.400000	39.278937	-41.199241	0.000000	
297.450000	39.212117	-41.165181	0.000000	
297.500000	39.145296	-41.131122	0.000000	
297.550000	39.078476	-41.097062	0.000000	
297.600000	39.011656	-41.063003	0.000000	
297.650000	38.944836	-41.028943	0.000000	
297.700000	38.878015	-40.994883	0.000000	
297.750000	38.811195	-40.960824	0.000000	
297.800000	38.744375	-40.926764	0.000000	
297.850000	38.677554	-40.892705	0.000000	
297.900000	38.610734	-40.858645	0.000000	
297.950000	38.543914	-40.824586	0.000000	
298.000000	38.477094	-40.790526	0.000000	
298.050000	38.410273	-40.756467	0.000000	
298.100000	38.343453	-40.722407	0.000000	
298.150000	38.276633	-40.688348	0.000000	
298.200000	38.209813	-40.654288	0.000000	
298.250000	38.142992	-40.620229	0.000000	
298.300000	38.076172	-40.586169	0.000000	
298.350000	38.009352	-40.552110	0.000000	
298.400000	37.942531	-40.518050	0.000000	
298.450000	37.875711	-40.483991	0.000000	
298.500000	37.808891	-40.449931	0.000000	
298.550000	37.742071	-40.415872	0.000000	
298.600000	37.675250	-40.381812	0.000000	
298.650000	37.608430	-40.347753	0.000000	
298.700000	37.541610	-40.313693	0.000000	
298.750000	37.474790	-40.279634	0.000000	
298.800000	37.407969	-40.245574	0.000000	
298.850000	37.341149	-40.211515	0.000000	
298.900000	37.274329	-40.177455	0.000000	
298.950000	37.207508	-40.143396	0.000000	
299.000000	37.140688	-40.109336	0.000000	
299.050000	37.073868	-40.075276	0.000000	
299.100000	37.007048	-40.041217	0.000000	
299.150000	36.940227	-40.007157	0.000000	
299.200000	36.873407	-39.973098	0.000000	
299.250000	36.806587	-39.939038	0.000000	
299.300000	36.739766	-39.904979	0.000000	
299.350000	36.672946	-39.870919	0.000000	
299.400000	36.606126	-39.836860	0.000000	
299.450000	36.539306	-39.802800	0.000000	
299.500000	36.472485	-39.768741	0.000000	
299.550000	36.405665	-39.734681	0.000000	
299.600000	36.338845	-39.700622	0.000000	
299.650000	36.272025	-39.666562	0.000000	
299.700000	36.205204	-39.632503	0.000000	
299.750000	36.138384	-39.598443	0.000000	
299.800000	36.071564	-39.564384	0.000000	
299.850000	36.004743	-39.530324	0.000000	
299.900000	35.937923	-39.496265	0.000000	
299.950000	35.871103	-39.462205	0.000000	
300.000000	35.804283	-39.428146	0.000000	
300.050000	35.737462	-39.394086	0.000000	
300.100000	35.670642	-39.360027	0.000000	
300.150000	35.603822	-39.325967	0.000000	
300.200000	35.537002	-39.291908	0.000000	
300.250000	35.470181	-39.257848	0.000000	
300.300000	35.403361	-39.223789	0.000000	
300.350000	35.336541	-39.189729	0.000000	
300.400000	35.269720	-39.155669	0.000000	
300.450000	35.202900	-39.121610	0.000000	
300.500000	35.136080	-39.087550	0.000000	
300.550000	35.069260	-39.053491	0.000000	
300.600000	35.002439	-39.019431	0.000000	
300.650000	34.935619	-38.985372	0.000000	
300.700000	34.868799	-38.951312	0.000000	
300.750000	34.801979	-38.917253	0.000000	
300.800000	34.735158	-38.883193	0.000000	
300.850000	34.668338	-38.849134	0.000000	
300.900000	34.601518	-38.815074	0.000000	
300.950000	34.534697	-38.781015	0.000000	
301.000000	34.467877	-38.746955	0.000000	
301.050000	34.401057	-38.712896	0.000000	
301.100000	34.334237	-38.678836	0.000000	
301.150000	34.267416	-38.644777	0.000000	
301.200000	34.200596	-38.610717	0.000000	
301.250000	34.133776	-38.576658	0.000000	
301.300000	34.066955	-38.542598	0.000000	
301.350000	34.000135	-38.508539	0.000000	
301.400000	33.933315	-38.474479	0.000000	
301.450000	33.866495	-38.440420	0.000000	
301.500000	33.799674	-38.406360	0.000000	
301.550000	33.732854	-38.372301	0.000000	
301.600000	33.666034	-38.338241	0.000000	
301.650000	33.599214	-38.304182	0.000000	
301.700000	33.532393	-38.270122	0.000000	
301.750000	33.465573	-38.236062	0.000000	
301.800000	33.398753	-38.202003	0.000000	
301.850000	33.331932	-38.167943	0.000000	
301.900000	33.265112	-38.133884	0.000000	
301.950000	33.198292	-38.099824	0.000000	
302.000000	33.131472	-38.065765	0.000000	
302.050000	33.064651	-38.031705	0.000000	
302.100000	32.997831	-37.997646	0.000000	
302.150000	32.931011	-37.963586	0.000000	
302.200000	32.864191	-37.929527	0.000000	
302.250000	32.797370	-37.895467	0.000000	
302.300000	32.730550	-37.861408	0.000000	
302.350000	32.663730	-37.827348	0.000000	
302.400000	32.596909	-37.793289	0.000000	
302.450000	32.530089	-37.759229	0.000000	
302.500000	32.463269	-37.725170	0.000000	
302.550000	32.396449	-37.691110	0.000000	
302.600000	32.329628	-37.657051	0.000000	
302.650000	32.262808	-37.622991	0.000000	
302.700000	32.195988	-37.588932	0.000000	
302.750000	32.129167	-37.554872	0.000000	
302.800000	32.062347	-37.520813	0.000000	
302.850000	31.995527	-37.486753	0.000000	
302.900000	31.928707	-37.452694	0.000000	
302.950000	31.861886	-37.418634	0.000000	
303.000000	31.795066	-37.384575	0.000000	
303.050000	31.728246	-37.350515	0.000000	
303.100000	31.661426	-37.316455	0.000000	
303.150000	31.594605	-37.282396	0.000000	
303.200000	31.527785	-37.248336	0.000000	
303.250000	31.460965	-37.214277	0.000000	
303.300000	31.394144	-37.180217	0.000000	
303.350000	31.327324	-37.146158	0.000000	
303.400000	31.260504	-37.112098	0.000000	
303.450000	31.193684	-37.078039	0.000000	
303.500000	31.126863	-37.043979	0.000000	
303.550000	31.060043	-37.009920	0.000000	
303.600000	30.993223	-36.975860	0.000000	
303.650000	30.926403	-36.941801	0.000000	
303.700000	30.859582	-36.907741	0.000000	
303.750000	30.792762	-36.873682	0.000000	
303.800000	30.725942	-36.839622	0.000000	
303.850000	30.659121	-36.805563	0.000000	
303.900000	30.592301	-36.771503	0.000000	
303.950000	30.525481	-36.737444	0.000000	
304.000000	30.458661	-36.703384	0.000000	
304.050000	30.391840	-36.669325	0.000000	
304.100000	30.325020	-36.635265	0.000000	
304.150000	30.258200	-36.601206	0.000000	
304.200000	30.191380	-36.567146	0.000000	
304.250000	30.124559	-36.533087	0.000000	
304.300000	30.057739	-36.499027	0.000000	
304.350000	29.990919	-36.464968	0.000000	
304.400000	29.924098	-36.430908	0.000000	
304.450000	29.857278	-36.396848	0.000000	
304.500000	29.790458	-36.362789	0.000000	
304.550000	29.723638	-36.328729	0.000000	
304.600000	29.656817	-36.294670	0.000000	
304.650000	29.589997	-36.260610	0.000000	
304.700000	29.523177	-36.226551	0.000000	
304.750000	29.456356	-36.192491	0.000000	
304.800000	29.389536	-36.158432	0.000000	
304.850000	29.322716	-36.124372	0.000000	
304.900000	29.255896	-36.090313	0.000000	
304.950000	29.189075	-36.056253	0.000000	
305.000000	29.122255	-36.022194	0.000000	
305.050000	29.055435	-35.988134	0.000000	
305.100000	28.988615	-35.954075	0.000000	
305.150000	28.921794	-35.920015	0.000000	
305.200000	28.854974	-35.885956	0.000000	
305.250000	28.788154	-35.851896	0.000000	
305.300000	28.721333	-35.817837	0.000000	
305.350000	28.654513	-35.783777	0.000000	
305.400000	28.587693	-35.749718	0.000000	
305.450000	28.520873	-35.715658	0.000000	
305.500000	28.454052	-35.681599	0.000000	
305.550000	28.387232	-35.647539	0.000000	
305.600000	28.320412	-35.613480	0.000000	
305.650000	28.253592	-35.579420	0.000000	
305.700000	28.186771	-35.545361	0.000000	
305.750000	28.119951	-35.511301	0.000000	
305.800000	28.053131	-35.477241	0.000000	
305.850000	27.986310	-35.443182	0.000000	
305.900000	27.919490	-35.409122	0.000000	
305.950000	27.852670	-35.375063	0.000000	
306.000000	27.785850	-35.341003	0.000000	
306.050000	27.719029	-35.306944	0.000000	
306.100000	27.652209	-35.272884	0.000000	
306.150000	27.585389	-35.238825	0.000000	
306.200000	27.518568	-35.204765	0.000000	
306.250000	27.451748	-35.170706	0.000000	
306.300000	27.384928	-35.136646	0.000000	
306.350000	27.318108	-35.102587	0.000000	
306.400000	27.251287	-35.068527	0.000000	
306.450000	27.184467	-35.034468	0.000000	
306.500000	27.117647	-35.000408	0.000000	
306.550000	27.050827	-34.966349	0.000000	
306.600000	26.984006	-34.932289	0.000000	
306.650000	26.917186	-34.898230	0.000000	
306.700000	26.850366	-34.864170	0.000000	
306.750000	26.783545	-34.830111	0.000000	
306.800000	26.716725	-34.796051	0.000000	
306.850000	26.649905	-34.761992	0.000000	
306.900000	26.583085	-34.727932	0.000000	
306.950000	26.516264	-34.693873	0.000000	
307.000000	26.449444	-34.659813	0.000000	
307.050000	26.382624	-34.625754	0.000000	
307.100000	26.315804	-34.591694	0.000000	
307.150000	26.248983	-34.557634	0.000000	
307.200000	26.182163	-34.523575	0.000000	
307.250000	26.115343	-34.489515	0.000000	
307.300000	26.048522	-34.455456	0.000000	
307.350000	25.981702	-34.421396	0.000000	
307.400000	25.914882	-34.387337	0.000000	
307.450000	25.848062	-34.353277	0.000000	
307.500000	25.781241	-34.319218	0.000000	
307.550000	25.714421	-34.285158	0.000000	
307.600000	25.647601	-34.251099	0.000000	
307.650000	25.580781	-34.217039	0.000000	
307.700000	25.513960	-34.182980	0.000000	
307.750000	25.447140	-34.148920	0.000000	
307.800000	25.380320	-34.114861	0.000000	
307.850000	25.313499	-34.080801	0.000000	
307.900000	25.246679	-34.046742	0.000000	
307.950000	25.179859	-34.012682	0.000000	
308.000000	25.113039	-33.978623	0.000000	
308.050000	25.046218	-33.944563	0.000000	
308.100000	24.979398	-33.910504	0.000000	
308.150000	24.912578	-33.876444	0.000000	
308.200000	24.845757	-33.842385	0.000000	
308.250000	24.805097	-33.848833	0.000000	
308.300000	24.808653	-33.923748	0.000000	
308.350000	24.812210	-33.998664	0.000000	
308.400000	24.815766	-34.073580	0.000000	
308.450000	24.819322	-34.148495	0.000000	
308.500000	24.822878	-34.223411	0.000000	
308.550000	24.826435	-34.298326	0.000000	
308.600000	24.829991	-34.373242	0.000000	
308.650000	24.833547	-34.448158	0.000000	
308.700000	24.837104	-34.523073	0.000000	
308.750000	24.840660	-34.597989	0.000000	
308.800000	24.844216	-34.672905	0.000000	
308.850000	24.847772	-34.747820	0.000000	
308.900000	24.851329	-34.822736	0.000000	
308.950000	24.854885	-34.897652	0.000000	
309.000000	24.858441	-34.972567	0.000000	
309.050000	24.861998	-35.047483	0.000000	
309.100000	24.865554	-35.122399	0.000000	
309.150000	24.869110	-35.197314	0.000000	
309.200000	24.872666	-35.272230	0.000000	
309.250000	24.876223	-35.347145	0.000000	
309.300000	24.879779	-35.422061	0.000000	
309.350000	24.883335	-35.496977	0.000000	
309.400000	24.886891	-35.571892	0.000000	
309.450000	24.890448	-35.646808	0.000000	
309.500000	24.894004	-35.721724	0.000000	
309.550000	24.897560	-35.796639	0.000000	
309.600000	24.901117	-35.871555	0.000000	
309.650000	24.904673	-35.946471	0.000000	
309.700000	24.908229	-36.021386	0.000000	
309.750000	24.911785	-36.096302	0.000000	
309.800000	24.915342	-36.171217	0.000000	
309.850000	24.918898	-36.246133	0.000000	
309.900000	24.922454	-36.321049	0.000000	
309.950000	24.926010	-36.395964	0.000000	
310.000000	24.929567	-36.470880	0.000000	
310.050000	24.933123	-36.545796	0.000000	
310.100000	24.936679	-36.620711	0.000000	
310.150000	24.940236	-36.695627	0.000000	
310.200000	24.943792	-36.770543	0.000000	
310.250000	24.947348	-36.845458	0.000000	
310.300000	24.950904	-36.920374	0.000000	
310.350000	24.954461	-36.995289	0.000000	
310.400000	24.958017	-37.070205	0.000000	
310.450000	24.961573	-37.145121	0.000000	
310.500000	24.965129	-37.220036	0.000000	
310.550000	24.968686	-37.294952	0.000000	
310.600000	24.972242	-37.369868	0.000000	
310.650000	24.975798	-37.444783	0.000000	
310.700000	24.979355	-37.519699	0.000000	
310.750000	24.982911	-37.594615	0.000000	
310.800000	24.986467	-37.669530	0.000000	
310.850000	24.990023	-37.744446	0.000000	
310.900000	24.993580	-37.819361	0.000000	
310.950000	24.997136	-37.894277	0.000000	
311.000000	25.000692	-37.969193	0.000000	
311.050000	25.004248	-38.044108	0.000000	
311.100000	25.007805	-38.119024	0.000000	
311.150000	25.011361	-38.193940	0.000000	
311.200000	25.014917	-38.268855	0.000000	
311.250000	25.018474	-38.343771	0.000000	
311.300000	25.022030	-38.418687	0.000000	
311.350000	25.025586	-38.493602	0.000000	
311.400000	25.029142	-38.568518	0.000000	
311.450000	25.032699	-38.643434	0.000000	
311.500000	25.036255	-38.718349	0.000000	
311.550000	25.039811	-38.793265	0.000000	
311.600000	25.043367	-38.868180	0.000000	
311.650000	25.046924	-38.943096	0.000000	
311.700000	25.050480	-39.018012	0.000000	
311.750000	25.054036	-39.092927	0.000000	
311.800000	25.057593	-39.167843	0.000000	
311.850000	25.061149	-39.242759	0.000000	
311.900000	25.064705	-39.317674	0.000000	
311.950000	25.068261	-39.392590	0.000000	
312.000000	25.071818	-39.467506	0.000000	
312.050000	25.075374	-39.542421	0.000000	
312.100000	25.078930	-39.617337	0.000000	
312.150000	25.082487	-39.692252	0.000000	
312.200000	25.086043	-39.767168	0.000000	
312.250000	25.089599	-39.842084	0.000000	
312.300000	25.093155	-39.916999	0.000000	
312.350000	25.096712	-39.991915	0.000000	
312.400000	25.100268	-40.066831	0.000000	
312.450000	25.103824	-40.141746	0.000000	
312.500000	25.107380	-40.216662	0.000000	
312.550000	25.110937	-40.291578	0.000000	
312.600000	25.114493	-40.366493	0.000000	
312.650000	25.118049	-40.441409	0.000000	
312.700000	25.121606	-40.516324	0.000000	
312.750000	25.125162	-40.591240	0.000000	
312.800000	25.128718	-40.666156	0.000000	
312.850000	25.132274	-40.741071	0.000000	
312.900000	25.135831	-40.815987	0.000000	
312.950000	25.139387	-40.890903	0.000000	
313.000000	25.142943	-40.965818	0.000000	
313.050000	25.146499	-41.040734	0.000000	
313.100000	25.150056	-41.115650	0.000000	
313.150000	25.153612	-41.190565	0.000000	
313.200000	25.157168	-41.265481	0.000000	
313.250000	25.160725	-41.340397	0.000000	
313.300000	25.164281	-41.415312	0.000000	
313.350000	25.167837	-41.490228	0.000000	
313.400000	25.171393	-41.565143	0.000000	
313.450000	25.174950	-41.640059	0.000000	
313.500000	25.178506	-41.714975	0.000000	
313.550000	25.182062	-41.789890	0.000000	
313.600000	25.185618	-41.864806	0.000000	
313.650000	25.189175	-41.939722	0.000000	
313.700000	25.192731	-42.014637	0.000000	
313.750000	25.196287	-42.089553	0.000000	
313.800000	25.199844	-42.164469	0.000000	
313.850000	25.203400	-42.239384	0.000000	
313.900000	25.206956	-42.314300	0.000000	
313.950000	25.210512	-42.389215	0.000000	
314.000000	25.214069	-42.464131	0.000000	
314.050000	25.217625	-42.539047	0.000000	
314.100000	25.221181	-42.613962	0.000000	
314.150000	25.224737	-42.688878	0.000000	
314.200000	25.228294	-42.763794	0.000000	
314.250000	25.231850	-42.838709	0.000000	
314.300000	25.235406	-42.913625	0.000000	
314.350000	25.238963	-42.988541	0.000000	
314.400000	25.242519	-43.063456	0.000000	
314.450000	25.246075	-43.138372	0.000000	
314.500000	25.249631	-43.213287	0.000000	
314.550000	25.253188	-43.288203	0.000000	
314.600000	25.256744	-43.363119	0.000000	
314.650000	25.260300	-43.438034	0.000000	
314.700000	25.263857	-43.512950	0.000000	
314.750000	25.267413	-43.587866	0.000000	
314.800000	25.270969	-43.662781	0.000000	
314.850000	25.274525	-43.737697	0.000000	
314.900000	25.278082	-43.812613	0.000000	
314.950000	25.281638	-43.887528	0.000000	
315.000000	25.285194	-43.962444	0.000000	
315.050000	25.288750	-44.037360	0.000000	
315.100000	25.292307	-44.112275	0.000000	
315.150000	25.295863	-44.187191	0.000000	
315.200000	25.299419	-44.262106	0.000000	
315.250000	25.302976	-44.337022	0.000000	
315.300000	25.306532	-44.411938	0.000000	
315.350000	25.310088	-44.486853	0.000000	
315.400000	25.313644	-44.561769	0.000000	
315.450000	25.317201	-44.636685	0.000000	
315.500000	25.320757	-44.711600	0.000000	
315.550000	25.324313	-44.786516	0.000000	
315.600000	25.327869	-44.861432	0.000000	
315.650000	25.331426	-44.936347	0.000000	
315.700000	25.334982	-45.011263	0.000000	
315.750000	25.338538	-45.086178	0.000000	
315.800000	25.342095	-45.161094	0.000000	
315.850000	25.345651	-45.236010	0.000000	
315.900000	25.349207	-45.310925	0.000000	
315.950000	25.352763	-45.385841	0.000000	
316.000000	25.356320	-45.460757	0.000000	
316.050000	25.359876	-45.535672	0.000000	
316.100000	25.363432	-45.610588	0.000000	
316.150000	25.366988	-45.685504	0.000000	
316.200000	25.370545	-45.760419	0.000000	
316.250000	25.374101	-45.835335	0.000000	
316.300000	25.377657	-45.910250	0.000000	
316.350000	25.381214	-45.985166	0.000000	
316.400000	25.384770	-46.060082	0.000000	
316.450000	25.388326	-46.134997	0.000000	
316.500000	25.391882	-46.209913	0.000000	
316.550000	25.395439	-46.284829	0.000000	
316.600000	25.398995	-46.359744	0.000000	
316.650000	25.414138	-46.374877	0.000000	
316.700000	25.445425	-46.306714	0.000000	
316.750000	25.476712	-46.238552	0.000000	
316.800000	25.507999	-46.170389	0.000000	
316.850000	25.539286	-46.102227	0.000000	
316.900000	25.570573	-46.034064	0.000000	
316.950000	25.601860	-45.965902	0.000000	
317.000000	25.633146	-45.897739	0.000000	
317.050000	25.664433	-45.829577	0.000000	
317.100000	25.695720	-45.761414	0.000000	
317.150000	25.727007	-45.693252	0.000000	
317.200000	25.758294	-45.625089	0.000000	
317.250000	25.789581	-45.556927	0.000000	
317.300000	25.820868	-45.488764	0.000000	
317.350000	25.852155	-45.420601	0.000000	
317.400000	25.883442	-45.352439	0.000000	
317.450000	25.914729	-45.284276	0.000000	
317.500000	25.946016	-45.216114	0.000000	
317.550000	25.977302	-45.147951	0.000000	
317.600000	26.008589	-45.079789	0.000000	
317.650000	26.039876	-45.011626	0.000000	
317.700000	26.071163	-44.943464	0.000000	
317.750000	26.102450	-44.875301	0.000000	
317.800000	26.133737	-44.807139	0.000000	
317.850000	26.165024	-44.738976	0.000000	
317.900000	26.196311	-44.670814	0.000000	
317.950000	26.227598	-44.602651	0.000000	
318.000000	26.258885	-44.534489	0.000000	
318.050000	26.290172	-44.466326	0.000000	
318.100000	26.321459	-44.398164	0.000000	
318.150000	26.352745	-44.330001	0.000000	
318.200000	26.384032	-44.261839	0.000000	
318.250000	26.415319	-44.193676	0.000000	
318.300000	26.446606	-44.125514	0.000000	
318.350000	26.477893	-44.057351	0.000000	
318.400000	26.509180	-43.989189	0.000000	
318.450000	26.540467	-43.921026	0.000000	
318.500000	26.571754	-43.852864	0.000000	
318.550000	26.603041	-43.784701	0.000000	
318.600000	26.634328	-43.716539	0.000000	
318.650000	26.665615	-43.648376	0.000000	
318.700000	26.696901	-43.580213	0.000000	
318.750000	26.728188	-43.512051	0.000000	
318.800000	26.759475	-43.443888	0.000000	
318.850000	26.790762	-43.375726	0.000000	
318.900000	26.822049	-43.307563	0.000000	
318.950000	26.853336	-43.239401	0.000000	
319.000000	26.884623	-43.171238	0.000000	
319.050000	26.915910	-43.103076	0.000000	
319.100000	26.947197	-43.034913	0.000000	
319.150000	26.978484	-42.966751	0.000000	
319.200000	27.009771	-42.898588	0.000000	
319.250000	27.041058	-42.830426	0.000000	
319.300000	27.072344	-42.762263	0.000000	
319.350000	27.103631	-42.694101	0.000000	
319.400000	27.134918	-42.625938	0.000000	
319.450000	27.166205	-42.557776	0.000000	
319.500000	27.197492	-42.489613	0.000000	
319.550000	27.228779	-42.421451	0.000000	
319.600000	27.260066	-42.353288	0.000000	
319.650000	27.291353	-42.285126	0.000000	
319.700000	27.322640	-42.216963	0.000000	
319.750000	27.353927	-42.148801	0.000000	
319.800000	27.385214	-42.080638	0.000000	
319.850000	27.416500	-42.012476	0.000000	
319.900000	27.447787	-41.944313	0.000000	
319.950000	27.479074	-41.876150	0.000000	
320.000000	27.510361	-41.807988	0.000000	
320.050000	27.541648	-41.739825	0.000000	
320.100000	27.572935	-41.671663	0.000000	
320.150000	27.604222	-41.603500	0.000000	
320.200000	27.635509	-41.535338	0.000000	
320.250000	27.666796	-41.467175	0.000000	
320.300000	27.698083	-41.399013	0.000000	
320.350000	27.729370	-41.330850	0.000000	
320.400000	27.760657	-41.262688	0.000000	
320.450000	27.791943	-41.194525	0.000000	
320.500000	27.823230	-41.126363	0.000000	
320.550000	27.854517	-41.058200	0.000000	
320.600000	27.885804	-40.990038	0.000000	
320.650000	27.917091	-40.921875	0.000000	
320.700000	27.948378	-40.853713	0.000000	
320.750000	27.979665	-40.785550	0.000000	
320.800000	28.010952	-40.717388	0.000000	
320.850000	28.042239	-40.649225	0.000000	
320.900000	28.073526	-40.581063	0.000000	
320.950000	28.104813	-40.512900	0.000000	
321.000000	28.136099	-40.444738	0.000000	
321.050000	28.167386	-40.376575	0.000000	
321.100000	28.198673	-40.308413	0.000000	
321.150000	28.229960	-40.240250	0.000000	
321.200000	28.261247	-40.172087	0.000000	
321.250000	28.292534	-40.103925	0.000000	
321.300000	28.323821	-40.035762	0.000000	
321.350000	28.355108	-39.967600	0.000000	
321.400000	28.386395	-39.899437	0.000000	
321.450000	28.417682	-39.831275	0.000000	
321.500000	28.448969	-39.763112	0.000000	
321.550000	28.480256	-39.694950	0.000000	
321.600000	28.511542	-39.626787	0.000000	
321.650000	28.542829	-39.558625	0.000000	
321.700000	28.574116	-39.490462	0.000000	
321.750000	28.605403	-39.422300	0.000000	
321.800000	28.636690	-39.354137	0.000000	
321.850000	28.667977	-39.285975	0.000000	
321.900000	28.699264	-39.217812	0.000000	
321.950000	28.730551	-39.149650	0.000000	
322.000000	28.761838	-39.081487	0.000000	
322.050000	28.793125	-39.013325	0.000000	
322.100000	28.824412	-38.945162	0.000000	
322.150000	28.855698	-38.877000	0.000000	
322.200000	28.886985	-38.808837	0.000000	
322.250000	28.918272	-38.740675	0.000000	
322.300000	28.949559	-38.672512	0.000000	
322.350000	28.980846	-38.604350	0.000000	
322.400000	29.012133	-38.536187	0.000000	
322.450000	29.043420	-38.468024	0.000000	
322.500000	29.074707	-38.399862	0.000000	
322.550000	29.105994	-38.331699	0.000000	
322.600000	29.137281	-38.263537	0.000000	
322.650000	29.168568	-38.195374	0.000000	
322.700000	29.199854	-38.127212	0.000000	
322.750000	29.231141	-38.059049	0.000000	
322.800000	29.262428	-37.990887	0.000000	
322.850000	29.293715	-37.922724	0.000000	
322.900000	29.325002	-37.854562	0.000000	
322.950000	29.356289	-37.786399	0.000000	
323.000000	29.387576	-37.718237	0.000000	
323.050000	29.418863	-37.650074	0.000000	
323.100000	29.450150	-37.581912	0.000000	
323.150000	29.481437	-37.513749	0.000000	
323.200000	29.512724	-37.445587	0.000000	
323.250000	29.544011	-37.377424	0.000000	
323.300000	29.575297	-37.309262	0.000000	
323.350000	29.606584	-37.241099	0.000000	
323.400000	29.637871	-37.172937	0.000000	
323.450000	29.669158	-37.104774	0.000000	
323.500000	29.700445	-37.036612	0.000000	
323.550000	29.731732	-36.968449	0.000000	
323.600000	29.731276	-36.909237	0.000000	
323.650000	29.668990	-36.867458	0.000000	
323.700000	29.606704	-36.825680	0.000000	
323.750000	29.544418	-36.783901	0.000000	
323.800000	29.482131	-36.742123	0.000000	
323.850000	29.419845	-36.700344	0.000000	
323.900000	29.357559	-36.658566	0.000000	
323.950000	29.295273	-36.616787	0.000000	
324.000000	29.232987	-36.575009	0.000000	
324.050000	29.170701	-36.533230	0.000000	
324.100000	29.108415	-36.491452	0.000000	
324.150000	29.046129	-36.449673	0.000000	
324.200000	28.983843	-36.407894	0.000000	
324.250000	28.921557	-36.366116	0.000000	
324.300000	28.859271	-36.324337	0.000000	
324.350000	28.796985	-36.282559	0.000000	
324.400000	28.734699	-36.240780	0.000000	
324.450000	28.672413	-36.199002	0.000000	
324.500000	28.610127	-36.157223	0.000000	
324.550000	28.547841	-36.115445	0.000000	
324.600000	28.485554	-36.073666	0.000000	
324.650000	28.423268	-36.031888	0.000000	
324.700000	28.360982	-35.990109	0.000000	
324.750000	28.298696	-35.948331	0.000000	
324.800000	28.236410	-35.906552	0.000000	
324.850000	28.174124	-35.864773	0.000000	
324.900000	28.111838	-35.822995	0.000000	
324.950000	28.049552	-35.781216	0.000000	
325.000000	27.987266	-35.739438	0.000000	
325.050000	27.924980	-35.697659	0.000000	
325.100000	27.862694	-35.655881	0.000000	
325.150000	27.800408	-35.614102	0.000000	
325.200000	27.738122	-35.572324	0.000000	
325.250000	27.675836	-35.530545	0.000000	
325.300000	27.613550	-35.488767	0.000000	
325.350000	27.551264	-35.446988	0.000000	
325.400000	27.488977	-35.405210	0.000000	
325.450000	27.426691	-35.363431	0.000000	
325.500000	27.364405	-35.321652	0.000000	
325.550000	27.302119	-35.279874	0.000000	
325.600000	27.239833	-35.238095	0.000000	
325.650000	27.177547	-35.196317	0.000000	
325.700000	27.115261	-35.154538	0.000000	
325.750000	27.052975	-35.112760	0.000000	
325.800000	26.990689	-35.070981	0.000000	
325.850000	26.928403	-35.029203	0.000000	
325.900000	26.866117	-34.987424	0.000000	
325.950000	26.803831	-34.945646	0.000000	
326.000000	26.741545	-34.903867	0.000000	
326.050000	26.679259	-34.862089	0.000000	
326.100000	26.616973	-34.820310	0.000000	
326.150000	26.554687	-34.778531	0.000000	
326.200000	26.492400	-34.736753	0.000000	
326.250000	26.430114	-34.694974	0.000000	
326.300000	26.367828	-34.653196	0.000000	
326.350000	26.305542	-34.611417	0.000000	
326.400000	26.243256	-34.569639	0.000000	
326.450000	26.180970	-34.527860	0.000000	
326.500000	26.118684	-34.486082	0.000000	
326.550000	26.056398	-34.444303	0.000000	
326.600000	25.994112	-34.402525	0.000000	
326.650000	25.931826	-34.360746	0.000000	
326.700000	25.869540	-34.318968	0.000000	
326.750000	25.807254	-34.277189	0.000000	
326.800000	25.744968	-34.235410	0.000000	
326.850000	25.682682	-34.193632	0.000000	
326.900000	25.620396	-34.151853	0.000000	
326.950000	25.558109	-34.110075	0.000000	
327.000000	25.495823	-34.068296	0.000000	
327.050000	25.433537	-34.026518	0.000000	
327.100000	25.371251	-33.984739	0.000000	
327.150000	25.308965	-33.942961	0.000000	
327.200000	25.246679	-33.901182	0.000000	
327.250000	25.184393	-33.859404	0.000000	
327.300000	25.122107	-33.817625	0.000000	
327.350000	25.059821	-33.775847	0.000000	
327.400000	24.997535	-33.734068	0.000000	
327.450000	24.935249	-33.692289	0.000000	
327.500000	24.872963	-33.650511	0.000000	
327.550000	24.810677	-33.608732	0.000000	
327.600000	24.748391	-33.566954	0.000000	
327.650000	24.686105	-33.525175	0.000000	
327.700000	24.623819	-33.483397	0.000000	
327.750000	24.561532	-33.441618	0.000000	
327.800000	24.499246	-33.399840	0.000000	
327.850000	24.436960	-33.358061	0.000000	
327.900000	24.374674	-33.316283	0.000000	
327.950000	24.312388	-33.274504	0.000000	
328.000000	24.250102	-33.232726	0.000000	
328.050000	24.187816	-33.190947	0.000000	
328.100000	24.125530	-33.149168	0.000000	
328.150000	24.063244	-33.107390	0.000000	
328.200000	24.000958	-33.065611	0.000000	
328.250000	23.938672	-33.023833	0.000000	
328.300000	23.876386	-32.982054	0.000000	
328.350000	23.814100	-32.940276	0.000000	
328.400000	23.751814	-32.898497	0.000000	
328.450000	23.689528	-32.856719	0.000000	
328.500000	23.627242	-32.814940	0.000000	
328.550000	23.564955	-32.773162	0.000000	
328.600000	23.502669	-32.731383	0.000000	
328.650000	23.440383	-32.689605	0.000000	
328.700000	23.378097	-32.647826	0.000000	
328.750000	23.315811	-32.606047	0.000000	
328.800000	23.253525	-32.564269	0.000000	
328.850000	23.191239	-32.522490	0.000000	
328.900000	23.128953	-32.480712	0.000000	
328.950000	23.066667	-32.438933	0.000000	
329.000000	23.004381	-32.397155	0.000000	
329.050000	22.942095	-32.355376	0.000000	
329.100000	22.879809	-32.313598	0.000000	
329.150000	22.817523	-32.271819	0.000000	
329.200000	22.755237	-32.230041	0.000000	
329.250000	22.692951	-32.188262	0.000000	
329.300000	22.630664	-32.146484	0.000000	
329.350000	22.568378	-32.104705	0.000000	
329.400000	22.506092	-32.062926	0.000000	
329.450000	22.443806	-32.021148	0.000000	
329.500000	22.381520	-31.979369	0.000000	
329.550000	22.319234	-31.937591	0.000000	
329.600000	22.256948	-31.895812	0.000000	
329.650000	22.194662	-31.854034	0.000000	
329.700000	22.132376	-31.812255	0.000000	
329.750000	22.070090	-31.770477	0.000000	
329.800000	22.007804	-31.728698	0.000000	
329.850000	21.945518	-31.686920	0.000000	
329.900000	21.883232	-31.645141	0.000000	
329.950000	21.910429	-31.692823	0.000000	
330.000000	21.952224	-31.755098	0.000000	
330.050000	21.994019	-31.817373	0.000000	
330.100000	22.035814	-31.879648	0.000000	
330.150000	22.077609	-31.941923	0.000000	
330.200000	22.119404	-32.004198	0.000000	
330.250000	22.161199	-32.066473	0.000000	
330.300000	22.202994	-32.128748	0.000000	
330.350000	22.244789	-32.191023	0.000000	
330.400000	22.286584	-32.253298	0.000000	
330.450000	22.328379	-32.315573	0.000000	
330.500000	22.370174	-32.377848	0.000000	
330.550000	22.411969	-32.440123	0.000000	
330.600000	22.453764	-32.502398	0.000000	
330.650000	22.495559	-32.564673	0.000000	
330.700000	22.537354	-32.626948	0.000000	
330.750000	22.579149	-32.689223	0.000000	
330.800000	22.620944	-32.751499	0.000000	
330.850000	22.662739	-32.813774	0.000000	
330.900000	22.704534	-32.876049	0.000000	
330.950000	22.746329	-32.938324	0.000000	
331.000000	22.788124	-33.000599	0.000000	
331.050000	22.829918	-33.062874	0.000000	
331.100000	22.871713	-33.125149	0.000000	
331.150000	22.913508	-33.187424	0.000000	
331.200000	22.955303	-33.249699	0.000000	
331.250000	22.997098	-33.311974	0.000000	
331.300000	23.038893	-33.374249	0.000000	
331.350000	23.080688	-33.436524	0.000000	
331.400000	23.122483	-33.498799	0.000000	
331.450000	23.164278	-33.561074	0.000000	
331.500000	23.206073	-33.623349	0.000000	
331.550000	23.247868	-33.685624	0.000000	
331.600000	23.289663	-33.747899	0.000000	
331.650000	23.331458	-33.810174	0.000000	
331.700000	23.373253	-33.872449	0.000000	
331.750000	23.415048	-33.934724	0.000000	
331.800000	23.456843	-33.996999	0.000000	
331.850000	23.498638	-34.059275	0.000000	
331.900000	23.540433	-34.121550	0.000000	
331.950000	23.582228	-34.183825	0.000000	
332.000000	23.624023	-34.246100	0.000000	
332.050000	23.665818	-34.308375	0.000000	
332.100000	23.707613	-34.370650	0.000000	
332.150000	23.749407	-34.432925	0.000000	
332.200000	23.791202	-34.495200	0.000000	
332.250000	23.832997	-34.557475	0.000000	
332.300000	23.874792	-34.619750	0.000000	
332.350000	23.916587	-34.682025	0.000000	
332.400000	23.958382	-34.744300	0.000000	
332.450000	24.000177	-34.806575	0.000000	
332.500000	24.041972	-34.868850	0.000000	
332.550000	24.083767	-34.931125	0.000000	
332.600000	24.125562	-34.993400	0.000000	
332.650000	24.167357	-35.055675	0.000000	
332.700000	24.209152	-35.117950	0.000000	
332.750000	24.250947	-35.180225	0.000000	
332.800000	24.292742	-35.242500	0.000000	
332.850000	24.334537	-35.304776	0.000000	
332.900000	24.376332	-35.367051	0.000000	
332.950000	24.418127	-35.429326	0.000000	
333.000000	24.459922	-35.491601	0.000000	
333.050000	24.501717	-35.553876	0.000000	
333.100000	24.543512	-35.616151	0.000000	
333.150000	24.585307	-35.678426	0.000000	
333.200000	24.627102	-35.740701	0.000000	
333.250000	24.668896	-35.802976	0.000000	
333.300000	24.710691	-35.865251	0.000000	
333.350000	24.752486	-35.927526	0.000000	
333.400000	24.794281	-35.989801	0.000000	
333.450000	24.836076	-36.052076	0.000000	
333.500000	24.877871	-36.114351	0.000000	
333.550000	24.919666	-36.176626	0.000000	
333.600000	24.961461	-36.238901	0.000000	
333.650000	25.003256	-36.301176	0.000000	
333.700000	25.045051	-36.363451	0.000000	
333.750000	25.086846	-36.425726	0.000000	
333.800000	25.128641	-36.488001	0.000000	
333.850000	25.170436	-36.550276	0.000000	
333.900000	25.212231	-36.612552	0.000000	
333.950000	25.254026	-36.674827	0.000000	
334.000000	25.295821	-36.737102	0.000000	
334.050000	25.337616	-36.799377	0.000000	
334.100000	25.379411	-36.861652	0.000000	
334.150000	25.421206	-36.923927	0.000000	
334.200000	25.463001	-36.986202	0.000000	
334.250000	25.504796	-37.048477	0.000000	
334.300000	25.546591	-37.110752	0.000000	
334.350000	25.588386	-37.173027	0.000000	
334.400000	25.630180	-37.235302	0.000000	
334.450000	25.671975	-37.297577	0.000000	
334.500000	25.713770	-37.359852	0.000000	
334.550000	25.755565	-37.422127	0.000000	
334.600000	25.797360	-37.484402	0.000000	
334.650000	25.839155	-37.546677	0.000000	
334.700000	25.880950	-37.608952	0.000000	
334.750000	25.922745	-37.671227	0.000000	
334.800000	25.964540	-37.733502	0.000000	
334.850000	26.006335	-37.795777	0.000000	
334.900000	26.048130	-37.858053	0.000000	
334.950000	26.089925	-37.920328	0.000000	
335.000000	26.131720	-37.982603	0.000000	
335.050000	26.173515	-38.044878	0.000000	
335.100000	26.215310	-38.107153	0.000000	
335.150000	26.257105	-38.169428	0.000000	
335.200000	26.298900	-38.231703	0.000000	
335.250000	26.340695	-38.293978	0.000000	
335.300000	26.382490	-38.356253	0.000000	
335.350000	26.424285	-38.418528	0.000000	
335.400000	26.466080	-38.480803	0.000000	
335.450000	26.507875	-38.543078	0.000000	
335.500000	26.549669	-38.605353	0.000000	
335.550000	26.591464	-38.667628	0.000000	
335.600000	26.633259	-38.729903	0.000000	
335.650000	26.675054	-38.792178	0.000000	
335.700000	26.716849	-38.854453	0.000000	
335.750000	26.758644	-38.916728	0.000000	
335.800000	26.800439	-38.979003	0.000000	
335.850000	26.842234	-39.041278	0.000000	
335.900000	26.884029	-39.103554	0.000000	
335.950000	26.925824	-39.165829	0.000000	
336.000000	26.967619	-39.228104	0.000000	
336.050000	27.009414	-39.290379	0.000000	
336.100000	27.051209	-39.352654	0.000000	
336.150000	27.093004	-39.414929	0.000000	
336.200000	27.134799	-39.477204	0.000000	
336.250000	27.176594	-39.539479	0.000000	
336.300000	27.218389	-39.601754	0.000000	
336.350000	27.260184	-39.664029	0.000000	
336.400000	27.301979	-39.726304	0.000000	
336.450000	27.343774	-39.788579	0.000000	
336.500000	27.385569	-39.850854	0.000000	
336.550000	27.427364	-39.913129	0.000000	
336.600000	27.469159	-39.975404	0.000000	
336.650000	27.510953	-40.037679	0.000000	
336.700000	27.552748	-40.099954	0.000000	
336.750000	27.594543	-40.162229	0.000000	
336.800000	27.636338	-40.224504	0.000000	
336.850000	27.678133	-40.286779	0.000000	
336.900000	27.719928	-40.349054	0.000000	
336.950000	27.761723	-40.411330	0.000000	
337.000000	27.803518	-40.473605	0.000000	
337.050000	27.845313	-40.535880	0.000000	
337.100000	27.887108	-40.598155	0.000000	
337.150000	27.928903	-40.660430	0.000000	
337.200000	27.970698	-40.722705	0.000000	
337.250000	28.012493	-40.784980	0.000000	
337.300000	28.054288	-40.847255	0.000000	
337.350000	28.096083	-40.909530	0.000000	
337.400000	28.137878	-40.971805	0.000000	
337.450000	28.179673	-41.034080	0.000000	
337.500000	28.221468	-41.096355	0.000000	
337.550000	28.263263	-41.158630	0.000000	
337.600000	28.305058	-41.220905	0.000000	
337.650000	28.346853	-41.283180	0.000000	
337.700000	28.388648	-41.345455	0.000000	
337.750000	28.430442	-41.407730	0.000000	
337.800000	28.472237	-41.470005	0.000000	
337.850000	28.514032	-41.532280	0.000000	
337.900000	28.555827	-41.594555	0.000000	
337.950000	28.597622	-41.656831	0.000000	
338.000000	28.639417	-41.719106	0.000000	
338.050000	28.681212	-41.781381	0.000000	
338.100000	28.723007	-41.843656	0.000000	
338.150000	28.764802	-41.905931	0.000000	
338.200000	28.806597	-41.968206	0.000000	
338.250000	28.848392	-42.030481	0.000000	
338.300000	28.890187	-42.092756	0.000000	
338.350000	28.931982	-42.155031	0.000000	
338.400000	28.973777	-42.217306	0.000000	
338.450000	29.015572	-42.279581	0.000000	
338.500000	29.057367	-42.341856	0.000000	
338.550000	29.099162	-42.404131	0.000000	
338.600000	29.140957	-42.466406	0.000000	
338.650000	29.182752	-42.528681	0.000000	
338.700000	29.224547	-42.590956	0.000000	
338.750000	29.266342	-42.653231	0.000000	
338.800000	29.308137	-42.715506	0.000000	
338.850000	29.349931	-42.777781	0.000000	
338.900000	29.391726	-42.840056	0.000000	
338.950000	29.433521	-42.902331	0.000000	
339.000000	29.475316	-42.964607	0.000000	
339.050000	29.517111	-43.026882	0.000000	
339.100000	29.558906	-43.089157	0.000000	
339.150000	29.600701	-43.151432	0.000000	
339.200000	29.642496	-43.213707	0.000000	
339.250000	29.684291	-43.275982	0.000000	
339.300000	29.726086	-43.338257	0.000000	
339.350000	29.767881	-43.400532	0.000000	
339.400000	29.809676	-43.462807	0.000000	
339.450000	29.851471	-43.525082	0.000000	
339.500000	29.893266	-43.587357	0.000000	
339.550000	29.935061	-43.649632	0.000000	
339.600000	29.976856	-43.711907	0.000000	
339.650000	30.002621	-43.729651	0.000000	
339.700000	29.995136	-43.655025	0.000000	
339.750000	29.987650	-43.580400	0.000000	
339.800000	29.980165	-43.505774	0.000000	
339.850000	29.972680	-43.431149	0.000000	
339.900000	29.965195	-43.356523	0.000000	
339.950000	29.957710	-43.281898	0.000000	
340.000000	29.950224	-43.207272	0.000000	
340.050000	29.942739	-43.132647	0.000000	
340.100000	29.935254	-43.058021	0.000000	
340.150000	29.927769	-42.983396	0.000000	
340.200000	29.920284	-42.908770	0.000000	
340.250000	29.912798	-42.834144	0.000000	
340.300000	29.905313	-42.759519	0.000000	
340.350000	29.897828	-42.684893	0.000000	
340.400000	29.890343	-42.610268	0.000000	
340.450000	29.882858	-42.535642	0.000000	
340.500000	29.875372	-42.461017	0.000000	
340.550000	29.867887	-42.386391	0.000000	
340.600000	29.860402	-42.311766	0.000000	
340.650000	29.852917	-42.237140	0.000000	
340.700000	29.845432	-42.162515	0.000000	
340.750000	29.837946	-42.087889	0.000000	
340.800000	29.830461	-42.013263	0.000000	
340.850000	29.822976	-41.938638	0.000000	
340.900000	29.815491	-41.864012	0.000000	
340.950000	29.808006	-41.789387	0.000000	
341.000000	29.800520	-41.714761	0.000000	
341.050000	29.793035	-41.640136	0.000000	
341.100000	29.785550	-41.565510	0.000000	
341.150000	29.778065	-41.490885	0.000000	
341.200000	29.770580	-41.416259	0.000000	
341.250000	29.763094	-41.341634	0.000000	
341.300000	29.755609	-41.267008	0.000000	
341.350000	29.748124	-41.192382	0.000000	
341.400000	29.740639	-41.117757	0.000000	
341.450000	29.733154	-41.043131	0.000000	
341.500000	29.725668	-40.968506	0.000000	
341.550000	29.718183	-40.893880	0.000000	
341.600000	29.710698	-40.819255	0.000000	
341.650000	29.703213	-40.744629	0.000000	
341.700000	29.695728	-40.670004	0.000000	
341.750000	29.688243	-40.595378	0.000000	
341.800000	29.680757	-40.520753	0.000000	
341.850000	29.673272	-40.446127	0.000000	
341.900000	29.665787	-40.371502	0.000000	
341.950000	29.658302	-40.296876	0.000000	
342.000000	29.650817	-40.222250	0.000000	
342.050000	29.643331	-40.147625	0.000000	
342.100000	29.635846	-40.072999	0.000000	
342.150000	29.628361	-39.998374	0.000000	
342.200000	29.620876	-39.923748	0.000000	
342.250000	29.613391	-39.849123	0.000000	
342.300000	29.605905	-39.774497	0.000000	
342.350000	29.598420	-39.699872	0.000000	
342.400000	29.590935	-39.625246	0.000000	
342.450000	29.583450	-39.550621	0.000000	
342.500000	29.575965	-39.475995	0.000000	
342.550000	29.568479	-39.401369	0.000000	
342.600000	29.560994	-39.326744	0.000000	
342.650000	29.553509	-39.252118	0.000000	
342.700000	29.546024	-39.177493	0.000000	
342.750000	29.538539	-39.102867	0.000000	
342.800000	29.531053	-39.028242	0.000000	
342.850000	29.523568	-38.953616	0.000000	
342.900000	29.516083	-38.878991	0.000000	
342.950000	29.508598	-38.804365	0.000000	
343.000000	29.501113	-38.729740	0.000000	
343.050000	29.493627	-38.655114	0.000000	
343.100000	29.486142	-38.580488	0.000000	
343.150000	29.478657	-38.505863	0.000000	
343.200000	29.471172	-38.431237	0.000000	
343.250000	29.463687	-38.356612	0.000000	
343.300000	29.456201	-38.281986	0.000000	
343.350000	29.448716	-38.207361	0.000000	
343.400000	29.441231	-38.132735	0.000000	
343.450000	29.433746	-38.058110	0.000000	
343.500000	29.426261	-37.983484	0.000000	
343.550000	29.418775	-37.908859	0.000000	
343.600000	29.411290	-37.834233	0.000000	
343.650000	29.403805	-37.759607	0.000000	
343.700000	29.396320	-37.684982	0.000000	
343.750000	29.388835	-37.610356	0.000000	
343.800000	29.381349	-37.535731	0.000000	
343.850000	29.373864	-37.461105	0.000000	
343.900000	29.366379	-37.386480	0.000000	
343.950000	29.358894	-37.311854	0.000000	
344.000000	29.351409	-37.237229	0.000000	
344.050000	29.343923	-37.162603	0.000000	
344.100000	29.336438	-37.087978	0.000000	
344.150000	29.328953	-37.013352	0.000000	
344.200000	29.321468	-36.938726	0.000000	
344.250000	29.313983	-36.864101	0.000000	
344.300000	29.306497	-36.789475	0.000000	
344.350000	29.299012	-36.714850	0.000000	
344.400000	29.291527	-36.640224	0.000000	
344.450000	29.284042	-36.565599	0.000000	
344.500000	29.276557	-36.490973	0.000000	
344.550000	29.269071	-36.416348	0.000000	
344.600000	29.261586	-36.341722	0.000000	
344.650000	29.254101	-36.267097	0.000000	
344.700000	29.246616	-36.192471	0.000000	
344.750000	29.239131	-36.117846	0.000000	
344.800000	29.231645	-36.043220	0.000000	
344.850000	29.224160	-35.968594	0.000000	
344.900000	29.216675	-35.893969	0.000000	
344.950000	29.209190	-35.819343	0.000000	
345.000000	29.201705	-35.744718	0.000000	
345.050000	29.194219	-35.670092	0.000000	
345.100000	29.186734	-35.595467	0.000000	
345.150000	29.179249	-35.520841	0.000000	
345.200000	29.171764	-35.446216	0.000000	
345.250000	29.164279	-35.371590	0.000000	
345.300000	29.156793	-35.296965	0.000000	
345.350000	29.149308	-35.222339	0.000000	
345.400000	29.141823	-35.147713	0.000000	
345.450000	29.134338	-35.073088	0.000000	
345.500000	29.126853	-34.998462	0.000000	
345.550000	29.119367	-34.923837	0.000000	
345.600000	29.111882	-34.849211	0.000000	
345.650000	29.104397	-34.774586	0.000000	
345.700000	29.096912	-34.699960	0.000000	
345.750000	29.089427	-34.625335	0.000000	
345.800000	29.081941	-34.550709	0.000000	
345.850000	29.074456	-34.476084	0.000000	
345.900000	29.066971	-34.401458	0.000000	
345.950000	29.059486	-34.326832	0.000000	
346.000000	29.052001	-34.252207	0.000000	
346.050000	29.044515	-34.177581	0.000000	
346.100000	29.037030	-34.102956	0.000000	
346.150000	29.029545	-34.028330	0.000000	
346.200000	29.022060	-33.953705	0.000000	
346.250000	29.014575	-33.879079	0.000000	
346.300000	29.007089	-33.804454	0.000000	
346.350000	28.999604	-33.729828	0.000000	
346.400000	28.992119	-33.655203	0.000000	
346.450000	28.984634	-33.580577	0.000000	
346.500000	28.977149	-33.505951	0.000000	
346.550000	28.969663	-33.431326	0.000000	
346.600000	28.962178	-33.356700	0.000000	
346.650000	28.954693	-33.282075	0.000000	
346.700000	28.947208	-33.207449	0.000000	
346.750000	28.939723	-33.132824	0.000000	
346.800000	28.932237	-33.058198	0.000000	
346.850000	28.924752	-32.983573	0.000000	
346.900000	28.917267	-32.908947	0.000000	
346.950000	28.909782	-32.834322	0.000000	
347.000000	28.902297	-32.759696	0.000000	
347.050000	28.894811	-32.685070	0.000000	
347.100000	28.887326	-32.610445	0.000000	
347.150000	28.879841	-32.535819	0.000000	
347.200000	28.872356	-32.461194	0.000000	
347.250000	28.864871	-32.386568	0.000000	
347.300000	28.857385	-32.311943	0.000000	
347.350000	28.849900	-32.237317	0.000000	
347.400000	28.842415	-32.162692	0.000000	
347.450000	28.834930	-32.088066	0.000000	
347.500000	28.827445	-32.013441	0.000000	
347.550000	28.819959	-31.938815	0.000000	
347.600000	28.812474	-31.864190	0.000000	
347.650000	28.804989	-31.789564	0.000000	
347.700000	28.797504	-31.714938	0.000000	
347.750000	28.790019	-31.640313	0.000000	
347.800000	28.782533	-31.565687	0.000000	
347.850000	28.775048	-31.491062	0.000000	
347.900000	28.767563	-31.416436	0.000000	
347.950000	28.760078	-31.341811	0.000000	
348.000000	28.752593	-31.267185	0.000000	
348.050000	28.745107	-31.192560	0.000000	
348.100000	28.737622	-31.117934	0.000000	
348.150000	28.730137	-31.043309	0.000000	
348.200000	28.722652	-30.968683	0.000000	
348.250000	28.715167	-30.894057	0.000000	
348.300000	28.707681	-30.819432	0.000000	
348.350000	28.700196	-30.744806	0.000000	
348.400000	28.692711	-30.670181	0.000000	
348.450000	28.637290	-30.713913	0.000000	
348.500000	28.579984	-30.762298	0.000000	
348.550000	28.522678	-30.810682	0.000000	
348.600000	28.465373	-30.859067	0.000000	
348.650000	28.408067	-30.907451	0.000000	
348.700000	28.350761	-30.955836	0.000000	
348.750000	28.293456	-31.004220	0.000000	
348.800000	28.236150	-31.052605	0.000000	
348.850000	28.178844	-31.100989	0.000000	
348.900000	28.121539	-31.149374	0.000000	
348.950000	28.064233	-31.197758	0.000000	
349.000000	28.006928	-31.246143	0.000000	
349.050000	27.949622	-31.294528	0.000000	
349.100000	27.892316	-31.342912	0.000000	
349.150000	27.835011	-31.391297	0.000000	
349.200000	27.777705	-31.439681	0.000000	
349.250000	27.720399	-31.488066	0.000000	
349.300000	27.663094	-31.536450	0.000000	
349.350000	27.605788	-31.584835	0.000000	
349.400000	27.548482	-31.633219	0.000000	
349.450000	27.491177	-31.681604	0.000000	
349.500000	27.433871	-31.729988	0.000000	
349.550000	27.376565	-31.778373	0.000000	
349.600000	27.319260	-31.826757	0.000000	
349.650000	27.261954	-31.875142	0.000000	
349.700000	27.204649	-31.923527	0.000000	
349.750000	27.147343	-31.971911	0.000000	
349.800000	27.090037	-32.020296	0.000000	
349.850000	27.032732	-32.068680	0.000000	
349.900000	26.975426	-32.117065	0.000000	
349.950000	26.918120	-32.165449	0.000000	
350.000000	26.860815	-32.213834	0.000000	
350.050000	26.803509	-32.262218	0.000000	
350.100000	26.746203	-32.310603	0.000000	
350.150000	26.688898	-32.358987	0.000000	
350.200000	26.631592	-32.407372	0.000000	
350.250000	26.574286	-32.455756	0.000000	
350.300000	26.516981	-32.504141	0.000000	
350.350000	26.459675	-32.552526	0.000000	
350.400000	26.402370	-32.600910	0.000000	
350.450000	26.345064	-32.649295	0.000000	
350.500000	26.287758	-32.697679	0.000000	
350.550000	26.230453	-32.746064	0.000000	
350.600000	26.173147	-32.794448	0.000000	
350.650000	26.115841	-32.842833	0.000000	
350.700000	26.058536	-32.891217	0.000000	
350.750000	26.001230	-32.939602	0.000000	
350.800000	25.943924	-32.987986	0.000000	
350.850000	25.886619	-33.036371	0.000000	
350.900000	25.829313	-33.084755	0.000000	
350.950000	25.772008	-33.133140	0.000000	
351.000000	25.714702	-33.181525	0.000000	
351.050000	25.657396	-33.229909	0.000000	
351.100000	25.600091	-33.278294	0.000000	
351.150000	25.542785	-33.326678	0.000000	
351.200000	25.485479	-33.375063	0.000000	
351.250000	25.428174	-33.423447	0.000000	
351.300000	25.370868	-33.471832	0.000000	
351.350000	25.313562	-33.520216	0.000000	
351.400000	25.256257	-33.568601	0.000000	
351.450000	25.198951	-33.616985	0.000000	
351.500000	25.141645	-33.665370	0.000000	
351.550000	25.084340	-33.713754	0.000000	
351.600000	25.027034	-33.762139	0.000000	
351.650000	24.969729	-33.810523	0.000000	
351.700000	24.912423	-33.858908	0.000000	
351.750000	24.855117	-33.907293	0.000000	
351.800000	24.797812	-33.955677	0.000000	
351.850000	24.740506	-34.004062	0.000000	
351.900000	24.683200	-34.052446	0.000000	
351.950000	24.625895	-34.100831	0.000000	
352.000000	24.568589	-34.149215	0.000000	
352.050000	24.511283	-34.197600	0.000000	
352.100000	24.453978	-34.245984	0.000000	
352.150000	24.396672	-34.294369	0.000000	
352.200000	24.339367	-34.342753	0.000000	
352.250000	24.282061	-34.391138	0.000000	
352.300000	24.224755	-34.439522	0.000000	
352.350000	24.167450	-34.487907	0.000000	
352.400000	24.110144	-34.536292	0.000000	
352.450000	24.052838	-34.584676	0.000000	
352.500000	23.995533	-34.633061	0.000000	
352.550000	23.938227	-34.681445	0.000000	
352.600000	23.880921	-34.729830	0.000000	
352.650000	23.823616	-34.778214	0.000000	
352.700000	23.766310	-34.826599	0.000000	
352.750000	23.709004	-34.874983	0.000000	
352.800000	23.651699	-34.923368	0.000000	
352.850000	23.594393	-34.971752	0.000000	
352.900000	23.537088	-35.020137	0.000000	
352.950000	23.479782	-35.068521	0.000000	
353.000000	23.422476	-35.116906	0.000000	
353.050000	23.365171	-35.165291	0.000000	
353.100000	23.307865	-35.213675	0.000000	
353.150000	23.250559	-35.262060	0.000000	
353.200000	23.193254	-35.310444	0.000000	
353.250000	23.135948	-35.358829	0.000000	
353.300000	23.078642	-35.407213	0.000000	
353.350000	23.021337	-35.455598	0.000000	
353.400000	22.964031	-35.503982	0.000000	
353.450000	22.906725	-35.552367	0.000000	
353.500000	22.849420	-35.600751	0.000000	
353.550000	22.792114	-35.649136	0.000000	
353.600000	22.734809	-35.697520	0.000000	
353.650000	22.677503	-35.745905	0.000000	
353.700000	22.620197	-35.794290	0.000000	
353.750000	22.562892	-35.842674	0.000000	
353.800000	22.505586	-35.891059	0.000000	
353.850000	22.448280	-35.939443	0.000000	
353.900000	22.390975	-35.987828	0.000000	
353.950000	22.333669	-36.036212	0.000000	
354.000000	22.276363	-36.084597	0.000000	
354.050000	22.219058	-36.132981	0.000000	
354.100000	22.161752	-36.181366	0.000000	
354.150000	22.104447	-36.229750	0.000000	
354.200000	22.047141	-36.278135	0.000000	
354.250000	21.989835	-36.326519	0.000000	
354.300000	21.932530	-36.374904	0.000000	
354.350000	21.875224	-36.423289	0.000000	
354.400000	21.817918	-36.471673	0.000000	
354.450000	21.760613	-36.520058	0.000000	
354.500000	21.703307	-36.568442	0.000000	
354.550000	21.646001	-36.616827	0.000000	
354.600000	21.588696	-36.665211	0.000000	
354.650000	21.531390	-36.713596	0.000000	
354.700000	21.474084	-36.761980	0.000000	
354.750000	21.416779	-36.810365	0.000000	
354.800000	21.359473	-36.858749	0.000000	
354.850000	21.302168	-36.907134	0.000000	
354.900000	21.244862	-36.955518	0.000000	
354.950000	21.187556	-37.003903	0.000000	
355.000000	21.130251	-37.052288	0.000000	
355.050000	21.072945	-37.100672	0.000000	
355.100000	21.015639	-37.149057	0.000000	
355.150000	20.958334	-37.197441	0.000000	
355.200000	20.901028	-37.245826	0.000000	
355.250000	20.843722	-37.294210	0.000000	
355.300000	20.786417	-37.342595	0.000000	
355.350000	20.729111	-37.390979	0.000000	
355.400000	20.671805	-37.439364	0.000000	
355.450000	20.614500	-37.487748	0.000000	
355.500000	20.557194	-37.536133	0.000000	
355.550000	20.499889	-37.584517	0.000000	
355.600000	20.442583	-37.632902	0.000000	
355.650000	20.385277	-37.681287	0.000000	
355.700000	20.327972	-37.729671	0.000000	
355.750000	20.270666	-37.778056	0.000000	
355.800000	20.213360	-37.826440	0.000000	
355.850000	20.156055	-37.874825	0.000000	
355.900000	20.098749	-37.923209	0.000000	
355.950000	20.041443	-37.971594	0.000000	
356.000000	19.984138	-38.019978	0.000000	
356.050000	20.014698	-38.048662	0.000000	
356.100000	20.087177	-38.067947	0.000000	
356.150000	20.159655	-38.087232	0.000000	
356.200000	20.232133	-38.106516	0.000000	
356.250000	20.304611	-38.125801	0.000000	
356.300000	20.377090	-38.145086	0.000000	
356.350000	20.449568	-38.164371	0.000000	
356.400000	20.522046	-38.183656	0.000000	
356.450000	20.594524	-38.202941	0.000000	
356.500000	20.667003	-38.222226	0.000000	
356.550000	20.739481	-38.241510	0.000000	
356.600000	20.811959	-38.260795	0.000000	
356.650000	20.884437	-38.280080	0.000000	
356.700000	20.956915	-38.299365	0.000000	
356.750000	21.029394	-38.318650	0.000000	
356.800000	21.101872	-38.337935	0.000000	
356.850000	21.174350	-38.357220	0.000000	
356.900000	21.246828	-38.376504	0.000000	
356.950000	21.319307	-38.395789	0.000000	
357.000000	21.391785	-38.415074	0.000000	
357.050000	21.464263	-38.434359	0.000000	
357.100000	21.536741	-38.453644	0.000000	
357.150000	21.609220	-38.472929	0.000000	
357.200000	21.681698	-38.492214	0.000000	
357.250000	21.754176	-38.511498	0.000000	
357.300000	21.826654	-38.530783	0.000000	
357.350000	21.899132	-38.550068	0.000000	
357.400000	21.971611	-38.569353	0.000000	
357.450000	22.044089	-38.588638	0.000000	
357.500000	22.116567	-38.607923	0.000000	
357.550000	22.189045	-38.627208	0.000000	
357.600000	22.261524	-38.646493	0.000000	
357.650000	22.334002	-38.665777	0.000000	
357.700000	22.406480	-38.685062	0.000000	
357.750000	22.478958	-38.704347	0.000000	
357.800000	22.551437	-38.723632	0.000000	
357.850000	22.623915	-38.742917	0.000000	
357.900000	22.696393	-38.762202	0.000000	
357.950000	22.768871	-38.781487	0.000000	
358.000000	22.841350	-38.800771	0.000000	
358.050000	22.913828	-38.820056	0.000000	
358.100000	22.986306	-38.839341	0.000000	
358.150000	23.058784	-38.858626	0.000000	
358.200000	23.131262	-38.877911	0.000000	
358.250000	23.203741	-38.897196	0.000000	
358.300000	23.276219	-38.916481	0.000000	
358.350000	23.348697	-38.935765	0.000000	
358.400000	23.421175	-38.955050	0.000000	
358.450000	23.493654	-38.974335	0.000000	
358.500000	23.566132	-38.993620	0.000000	
358.550000	23.638610	-39.012905	0.000000	
358.600000	23.711088	-39.032190	0.000000	
358.650000	23.783567	-39.051475	0.000000	
358.700000	23.856045	-39.070759	0.000000	
358.750000	23.928523	-39.090044	0.000000	
358.800000	24.001001	-39.109329	0.000000	
358.850000	24.073479	-39.128614	0.000000	
358.900000	24.145958	-39.147899	0.000000	
358.950000	24.218436	-39.167184	0.000000	
359.000000	24.290914	-39.186469	0.000000	
359.050000	24.363392	-39.205754	0.000000	
359.100000	24.435871	-39.225038	0.000000	
359.150000	24.508349	-39.244323	0.000000	
359.200000	24.580827	-39.263608	0.000000	
359.250000	24.653305	-39.282893	0.000000	
359.300000	24.725784	-39.302178	0.000000	
359.350000	24.798262	-39.321463	0.000000	
359.400000	24.870740	-39.340748	0.000000	
359.450000	24.943218	-39.360032	0.000000	
359.500000	25.015696	-39.379317	0.000000	
359.550000	25.088175	-39.398602	0.000000	
359.600000	25.160653	-39.417887	0.000000	
359.650000	25.233131	-39.437172	0.000000	
359.700000	25.305609	-39.456457	0.000000	
359.750000	25.378088	-39.475742	0.000000	
359.800000	25.450566	-39.495026	0.000000	
359.850000	25.523044	-39.514311	0.000000	
359.900000	25.595522	-39.533596	0.000000	
359.950000	25.668001	-39.552881	0.000000	
360.000000	25.740479	-39.572166	0.000000	
360.050000	25.812957	-39.591451	0.000000	
360.100000	25.885435	-39.610736	0.000000	
360.150000	25.957913	-39.630020	0.000000	
360.200000	26.030392	-39.649305	0.000000	
360.250000	26.102870	-39.668590	0.000000	
360.300000	26.175348	-39.687875	0.000000	
360.350000	26.247826	-39.707160	0.000000	
360.400000	26.320305	-39.726445	0.000000	
360.450000	26.392783	-39.745730	0.000000	
360.500000	26.465261	-39.765015	0.000000	
360.550000	26.537739	-39.784299	0.000000	
360.600000	26.610218	-39.803584	0.000000	
360.650000	26.682696	-39.822869	0.000000	
360.700000	26.755174	-39.842154	0.000000	
360.750000	26.827652	-39.861439	0.000000	
360.800000	26.900130	-39.880724	0.000000	
360.850000	26.972609	-39.900009	0.000000	
360.900000	27.045087	-39.919293	0.000000	
360.950000	27.117565	-39.938578	0.000000	
361.000000	27.190043	-39.957863	0.000000	
361.050000	27.262522	-39.977148	0.000000	
361.100000	27.335000	-39.996433	0.000000	
361.150000	27.407478	-40.015718	0.000000	
361.200000	27.479956	-40.035003	0.000000	
361.250000	27.552435	-40.054287	0.000000	
361.300000	27.624913	-40.073572	0.000000	
361.350000	27.697391	-40.092857	0.000000	
361.400000	27.769869	-40.112142	0.000000	
361.450000	27.842348	-40.131427	0.000000	
361.500000	27.914826	-40.150712	0.000000	
361.550000	27.987304	-40.169997	0.000000	
361.600000	28.059782	-40.189281	0.000000	
361.650000	28.132260	-40.208566	0.000000	
361.700000	28.204739	-40.227851	0.000000	
361.750000	28.277217	-40.247136	0.000000	
361.800000	28.349695	-40.266421	0.000000	
361.850000	28.422173	-40.285706	0.000000	
361.900000	28.494652	-40.304991	0.000000	
361.950000	28.567283	-40.323430	0.000000	
362.000000	28.641914	-40.330867	0.000000	
362.050000	28.716544	-40.338304	0.000000	
362.100000	28.791174	-40.345742	0.000000	
362.150000	28.865805	-40.353179	0.000000	
362.200000	28.940435	-40.360616	0.000000	
362.250000	29.015065	-40.368053	0.000000	
362.300000	29.089696	-40.375490	0.000000	
362.350000	29.164326	-40.382927	0.000000	
362.400000	29.238957	-40.390365	0.000000	
362.450000	29.313587	-40.397802	0.000000	
362.500000	29.388217	-40.405239	0.000000	
362.550000	29.462848	-40.412676	0.000000	
362.600000	29.537478	-40.420113	0.000000	
362.650000	29.612108	-40.427550	0.000000	
362.700000	29.686739	-40.434988	0.000000	
362.750000	29.761369	-40.442425	0.000000	
362.800000	29.835999	-40.449862	0.000000	
362.850000	29.910630	-40.457299	0.000000	
362.900000	29.985260	-40.464736	0.000000	
362.950000	30.059890	-40.472173	0.000000	
363.000000	30.134521	-40.479611	0.000000	
363.050000	30.209151	-40.487048	0.000000	
363.100000	30.283781	-40.494485	0.000000	
363.150000	30.358412	-40.501922	0.000000	
363.200000	30.433042	-40.509359	0.000000	
363.250000	30.507672	-40.516797	0.000000	
363.300000	30.582303	-40.524234	0.000000	
363.350000	30.656933	-40.531671	0.000000	
363.400000	30.731563	-40.539108	0.000000	
363.450000	30.806194	-40.546545	0.000000	
363.500000	30.880824	-40.553982	0.000000	
363.550000	30.955454	-40.561420	0.000000	
363.600000	31.030085	-40.568857	0.000000	
363.650000	31.104715	-40.576294	0.000000	
363.700000	31.179345	-40.583731	0.000000	
363.750000	31.253976	-40.591168	0.000000	
363.800000	31.328606	-40.598605	0.000000	
363.850000	31.403237	-40.606043	0.000000	
363.900000	31.477867	-40.613480	0.000000	
363.950000	31.552497	-40.620917	0.000000	
364.000000	31.627128	-40.628354	0.000000	
364.050000	31.701758	-40.635791	0.000000	
364.100000	31.776388	-40.643228	0.000000	
364.150000	31.851019	-40.650666	0.000000	
364.200000	31.925649	-40.658103	0.000000	
364.250000	32.000279	-40.665540	0.000000	
364.300000	32.074910	-40.672977	0.000000	
364.350000	32.149540	-40.680414	0.000000	
364.400000	32.224170	-40.687851	0.000000	
364.450000	32.298801	-40.695289	0.000000	
364.500000	32.373431	-40.702726	0.000000	
364.550000	32.448061	-40.710163	0.000000	
364.600000	32.522692	-40.717600	0.000000	
364.650000	32.597322	-40.725037	0.000000	
364.700000	32.671952	-40.732475	0.000000	
364.750000	32.746583	-40.739912	0.000000	
364.800000	32.821213	-40.747349	0.000000	
364.850000	32.895843	-40.754786	0.000000	
364.900000	32.970474	-40.762223	0.000000	
364.950000	33.045104	-40.769660	0.000000	
365.000000	33.119734	-40.777098	0.000000	
365.050000	33.194365	-40.784535	0.000000	
365.100000	33.268995	-40.791972	0.000000	
365.150000	33.343626	-40.799409	0.000000	
365.200000	33.418256	-40.806846	0.000000	
365.250000	33.492886	-40.814283	0.000000	
365.300000	33.567517	-40.821721	0.000000	
365.350000	33.642147	-40.829158	0.000000	
365.400000	33.716777	-40.836595	0.000000	
365.450000	33.791408	-40.844032	0.000000	
365.500000	33.866038	-40.851469	0.000000	
365.550000	33.940668	-40.858906	0.000000	
365.600000	34.015299	-40.866344	0.000000	
365.650000	34.089929	-40.873781	0.000000	
365.700000	34.164559	-40.881218	0.000000	
365.750000	34.239190	-40.888655	0.000000	
365.800000	34.313820	-40.896092	0.000000	
365.850000	34.388450	-40.903529	0.000000	
365.900000	34.463081	-40.910967	0.000000	
365.950000	34.537711	-40.918404	0.000000	
366.000000	34.612341	-40.925841	0.000000	
366.050000	34.686972	-40.933278	0.000000	
366.100000	34.761602	-40.940715	0.000000	
366.150000	34.836232	-40.948152	0.000000	
366.200000	34.910863	-40.955590	0.000000	
366.250000	34.985493	-40.963027	0.000000	
366.300000	35.060123	-40.970464	0.000000	
366.350000	35.134754	-40.977901	0.000000	
366.400000	35.209384	-40.985338	0.000000	
366.450000	35.284014	-40.992776	0.000000	
366.500000	35.358645	-41.000213	0.000000	
366.550000	35.433275	-41.007650	0.000000	
366.600000	35.507906	-41.015087	0.000000	
366.650000	35.582536	-41.022524	0.000000	
366.700000	35.657166	-41.029961	0.000000	
366.750000	35.731797	-41.037399	0.000000	
366.800000	35.806427	-41.044836	0.000000	
366.850000	35.881057	-41.052273	0.000000	
366.900000	35.955688	-41.059710	0.000000	
366.950000	36.030318	-41.067147	0.000000	
367.000000	36.104948	-41.074584	0.000000	
367.050000	36.179579	-41.082022	0.000000	
367.100000	36.254209	-41.089459	0.000000	
367.150000	36.328839	-41.096896	0.000000	
367.200000	36.403470	-41.104333	0.000000	
367.250000	36.478100	-41.111770	0.000000	
367.300000	36.552730	-41.119207	0.000000	
367.350000	36.627361	-41.126645	0.000000	
367.400000	36.701991	-41.134082	0.000000	
367.450000	36.776621	-41.141519	0.000000	
367.500000	36.851252	-41.148956	0.000000	
367.550000	36.925882	-41.156393	0.000000	
367.600000	37.000512	-41.163830	0.000000	
367.650000	37.075143	-41.171268	0.000000	
367.700000	37.149773	-41.178705	0.000000	
367.750000	37.224403	-41.186142	0.000000	
367.800000	37.299034	-41.193579	0.000000	
367.850000	37.373664	-41.201016	0.000000	
367.900000	37.448295	-41.208454	0.000000	
367.950000	37.522925	-41.215891	0.000000	
368.000000	37.597555	-41.223328	0.000000	
368.050000	37.672186	-41.230765	0.000000	
368.100000	37.746816	-41.238202	0.000000	
368.150000	37.821446	-41.245639	0.000000	
368.200000	37.896077	-41.253077	0.000000	
368.250000	37.970707	-41.260514	0.000000	
368.300000	38.045337	-41.267951	0.000000	
368.350000	38.119968	-41.275388	0.000000	
368.400000	38.194598	-41.282825	0.000000	
368.450000	38.269228	-41.290262	0.000000	
368.500000	38.343859	-41.297700	0.000000	
368.550000	38.418489	-41.305137	0.000000	
368.600000	38.493119	-41.312574	0.000000	
368.650000	38.567750	-41.320011	0.000000	
368.700000	38.642380	-41.327448	0.000000	
368.750000	38.717010	-41.334885	0.000000	
368.800000	38.791641	-41.342323	0.000000	
368.850000	38.866271	-41.349760	0.000000	
368.900000	38.940901	-41.357197	0.000000	
368.950000	39.015532	-41.364634	0.000000	
369.000000	39.090162	-41.372071	0.000000	
369.050000	39.164792	-41.379508	0.000000	
369.100000	39.239423	-41.386946	0.000000	
369.150000	39.314053	-41.394383	0.000000	
369.200000	39.388684	-41.401820	0.000000	
369.250000	39.463314	-41.409257	0.000000	
369.300000	39.537944	-41.416694	0.000000	
369.350000	39.612575	-41.424132	0.000000	
369.400000	39.687205	-41.431569	0.000000	
369.450000	39.732361	-41.430359	0.000000	
369.500000	39.665541	-41.396300	0.000000	
369.550000	39.598721	-41.362240	0.000000	
369.600000	39.531900	-41.328181	0.000000	
369.650000	39.465080	-41.294121	0.000000	
369.700000	39.398260	-41.260062	0.000000	
369.750000	39.331439	-41.226002	0.000000	
369.800000	39.264619	-41.191943	0.000000	
369.850000	39.197799	-41.157883	0.000000	
369.900000	39.130979	-41.123824	0.000000	
369.950000	39.064158	-41.089764	0.000000	
370.000000	38.997338	-41.055704	0.000000	
370.050000	38.930518	-41.021645	0.000000	
370.100000	38.863698	-40.987585	0.000000	
370.150000	38.796877	-40.953526	0.000000	
370.200000	38.730057	-40.919466	0.000000	
370.250000	38.663237	-40.885407	0.000000	
370.300000	38.596416	-40.851347	0.000000	
370.350000	38.529596	-40.817288	0.000000	
370.400000	38.462776	-40.783228	0.000000	
370.450000	38.395956	-40.749169	0.000000	
370.500000	38.329135	-40.715109	0.000000	
370.550000	38.262315	-40.681050	0.000000	
370.600000	38.195495	-40.646990	0.000000	
370.650000	38.128675	-40.612931	0.000000	
370.700000	38.061854	-40.578871	0.000000	
370.750000	37.995034	-40.544812	0.000000	
370.800000	37.928214	-40.510752	0.000000	
370.850000	37.861393	-40.476693	0.000000	
370.900000	37.794573	-40.442633	0.000000	
370.950000	37.727753	-40.408574	0.000000	
371.000000	37.660933	-40.374514	0.000000	
371.050000	37.594112	-40.340455	0.000000	
371.100000	37.527292	-40.306395	0.000000	
371.150000	37.460472	-40.272336	0.000000	
371.200000	37.393652	-40.238276	0.000000	
371.250000	37.326831	-40.204217	0.000000	
371.300000	37.260011	-40.170157	0.000000	
371.350000	37.193191	-40.136097	0.000000	
371.400000	37.126370	-40.102038	0.000000	
371.450000	37.059550	-40.067978	0.000000	
371.500000	36.992730	-40.033919	0.000000	
371.550000	36.925910	-39.999859	0.000000	
371.600000	36.859089	-39.965800	0.000000	
371.650000	36.792269	-39.931740	0.000000	
371.700000	36.725449	-39.897681	0.000000	
371.750000	36.658628	-39.863621	0.000000	
371.800000	36.591808	-39.829562	0.000000	
371.850000	36.524988	-39.795502	0.000000	
371.900000	36.458168	-39.761443	0.000000	
371.950000	36.391347	-39.727383	0.000000	
372.000000	36.324527	-39.693324	0.000000	
372.050000	36.257707	-39.659264	0.000000	
372.100000	36.190887	-39.625205	0.000000	
372.150000	36.124066	-39.591145	0.000000	
372.200000	36.057246	-39.557086	0.000000	
372.250000	35.990426	-39.523026	0.000000	
372.300000	35.923605	-39.488967	0.000000	
372.350000	35.856785	-39.454907	0.000000	
372.400000	35.789965	-39.420848	0.000000	
372.450000	35.723145	-39.386788	0.000000	
372.500000	35.656324	-39.352729	0.000000	
372.550000	35.589504	-39.318669	0.000000	
372.600000	35.522684	-39.284610	0.000000	
372.650000	35.455864	-39.250550	0.000000	
372.700000	35.389043	-39.216490	0.000000	
372.750000	35.322223	-39.182431	0.000000	
372.800000	35.255403	-39.148371	0.000000	
372.850000	35.188582	-39.114312	0.000000	
372.900000	35.121762	-39.080252	0.000000	
372.950000	35.054942	-39.046193	0.000000	
373.000000	34.988122	-39.012133	0.000000	
373.050000	34.921301	-38.978074	0.000000	
373.100000	34.854481	-38.944014	0.000000	
373.150000	34.787661	-38.909955	0.000000	
373.200000	34.720840	-38.875895	0.000000	
373.250000	34.654020	-38.841836	0.000000	
373.300000	34.587200	-38.807776	0.000000	
373.350000	34.520380	-38.773717	0.000000	
373.400000	34.453559	-38.739657	0.000000	
373.450000	34.386739	-38.705598	0.000000	
373.500000	34.319919	-38.671538	0.000000	
373.550000	34.253099	-38.637479	0.000000	
373.600000	34.186278	-38.603419	0.000000	
373.650000	34.119458	-38.569360	0.000000	
373.700000	34.052638	-38.535300	0.000000	
373.750000	33.985817	-38.501241	0.000000	
373.800000	33.918997	-38.467181	0.000000	
373.850000	33.852177	-38.433122	0.000000	
373.900000	33.785357	-38.399062	0.000000	
373.950000	33.718536	-38.365003	0.000000	
374.000000	33.651716	-38.330943	0.000000	
374.050000	33.584896	-38.296884	0.000000	
374.100000	33.518076	-38.262824	0.000000	
374.150000	33.451255	-38.228764	0.000000	
374.200000	33.384435	-38.194705	0.000000	
374.250000	33.317615	-38.160645	0.000000	
374.300000	33.250794	-38.126586	0.000000	
374.350000	33.183974	-38.092526	0.000000	
374.400000	33.117154	-38.058467	0.000000	
374.450000	33.050334	-38.024407	0.000000	
374.500000	32.983513	-37.990348	0.000000	
374.550000	32.916693	-37.956288	0.000000	
374.600000	32.849873	-37.922229	0.000000	
374.650000	32.783053	-37.888169	0.000000	
374.700000	32.716232	-37.854110	0.000000	
374.750000	32.649412	-37.820050	0.000000	
374.800000	32.582592	-37.785991	0.000000	
374.850000	32.515771	-37.751931	0.000000	
374.900000	32.448951	-37.717872	0.000000	
374.950000	32.382131	-37.683812	0.000000	
375.000000	32.315311	-37.649753	0.000000	
375.050000	32.248490	-37.615693	0.000000	
375.100000	32.181670	-37.581634	0.000000	
375.150000	32.114850	-37.547574	0.000000	
375.200000	32.048029	-37.513515	0.000000	
375.250000	31.981209	-37.479455	0.000000	
375.300000	31.914389	-37.445396	0.000000	
375.350000	31.847569	-37.411336	0.000000	
375.400000	31.780748	-37.377277	0.000000	
375.450000	31.713928	-37.343217	0.000000	
375.500000	31.647108	-37.309157	0.000000	
375.550000	31.580288	-37.275098	0.000000	
375.600000	31.513467	-37.241038	0.000000	
375.650000	31.446647	-37.206979	0.000000	
375.700000	31.379827	-37.172919	0.000000	
375.750000	31.313006	-37.138860	0.000000	
375.800000	31.246186	-37.104800	0.000000	
375.850000	31.179366	-37.070741	0.000000	
375.900000	31.112546	-37.036681	0.000000	
375.950000	31.045725	-37.002622	0.000000	
376.000000	30.978905	-36.968562	0.000000	
376.050000	30.912085	-36.934503	0.000000	
376.100000	30.845265	-36.900443	0.000000	
376.150000	30.778444	-36.866384	0.000000	
376.200000	30.711624	-36.832324	0.000000	
376.250000	30.644804	-36.798265	0.000000	
376.300000	30.577983	-36.764205	0.000000	
376.350000	30.511163	-36.730146	0.000000	
376.400000	30.444343	-36.696086	0.000000	
376.450000	30.377523	-36.662027	0.000000	
376.500000	30.310702	-36.627967	0.000000	
376.550000	30.243882	-36.593908	0.000000	
376.600000	30.177062	-36.559848	0.000000	
376.650000	30.110241	-36.525789	0.000000	
376.700000	30.043421	-36.491729	0.000000	
376.750000	29.976601	-36.457670	0.000000	
376.800000	29.909781	-36.423610	0.000000	
376.850000	29.842960	-36.389550	0.000000	
376.900000	29.776140	-36.355491	0.000000	
376.950000	29.709320	-36.321431	0.000000	
377.000000	29.642500	-36.287372	0.000000	
377.050000	29.575679	-36.253312	0.000000	
377.100000	29.508859	-36.219253	0.000000	
377.150000	29.442039	-36.185193	0.000000	
377.200000	29.375218	-36.151134	0.000000	
377.250000	29.308398	-36.117074	0.000000	
377.300000	29.241578	-36.083015	0.000000	
377.350000	29.174758	-36.048955	0.000000	
377.400000	29.107937	-36.014896	0.000000	
377.450000	29.041117	-35.980836	0.000000	
377.500000	28.974297	-35.946777	0.000000	
377.550000	28.907477	-35.912717	0.000000	
377.600000	28.840656	-35.878658	0.000000	
377.650000	28.773836	-35.844598	0.000000	
377.700000	28.707016	-35.810539	0.000000	
377.750000	28.640195	-35.776479	0.000000	
377.800000	28.573375	-35.742420	0.000000	
377.850000	28.506555	-35.708360	0.000000	
377.900000	28.439735	-35.674301	0.000000	
377.950000	28.372914	-35.640241	0.000000	
378.000000	28.306094	-35.606182	0.000000	
378.050000	28.239274	-35.572122	0.000000	
378.100000	28.172454	-35.538063	0.000000	
378.150000	28.105633	-35.504003	0.000000	
378.200000	28.038813	-35.469943	0.000000	
378.250000	27.971993	-35.435884	0.000000	
378.300000	27.905172	-35.401824	0.000000	
378.350000	27.838352	-35.367765	0.000000	
378.400000	27.771532	-35.333705	0.000000	
378.450000	27.704712	-35.299646	0.000000	
378.500000	27.637891	-35.265586	0.000000	
378.550000	27.571071	-35.231527	0.000000	
378.600000	27.504251	-35.197467	0.000000	
378.650000	27.437430	-35.163408	0.000000	
378.700000	27.370610	-35.129348	0.000000	
378.750000	27.303790	-35.095289	0.000000	
378.800000	27.236970	-35.061229	0.000000	
378.850000	27.170149	-35.027170	0.000000	
378.900000	27.103329	-34.993110	0.000000	
378.950000	27.036509	-34.959051	0.000000	
379.000000	26.969689	-34.924991	0.000000	
379.050000	26.902868	-34.890932	0.000000	
379.100000	26.836048	-34.856872	0.000000	
379.150000	26.769228	-34.822813	0.000000	
379.200000	26.702407	-34.788753	0.000000	
379.250000	26.635587	-34.754694	0.000000	
379.300000	26.568767	-34.720634	0.000000	
379.350000	26.501947	-34.686575	0.000000	
379.400000	26.435126	-34.652515	0.000000	
379.450000	26.368306	-34.618456	0.000000	
379.500000	26.301486	-34.584396	0.000000	
379.550000	26.234666	-34.550336	0.000000	
379.600000	26.167845	-34.516277	0.000000	
379.650000	26.101025	-34.482217	0.000000	
379.700000	26.034205	-34.448158	0.000000	
379.750000	25.967384	-34.414098	0.000000	
379.800000	25.900564	-34.380039	0.000000	
379.850000	25.833744	-34.345979	0.000000	
379.900000	25.766924	-34.311920	0.000000	
379.950000	25.700103	-34.277860	0.000000	
380.000000	25.633283	-34.243801	0.000000	
380.050000	25.566463	-34.209741	0.000000	
380.100000	25.499642	-34.175682	0.000000	
380.150000	25.432822	-34.141622	0.000000	
380.200000	25.366002	-34.107563	0.000000	
380.250000	25.299182	-34.073503	0.000000	
380.300000	25.232361	-34.039444	0.000000	
380.350000	25.165541	-34.005384	0.000000	
380.400000	25.098721	-33.971325	0.000000	
380.450000	25.031901	-33.937265	0.000000	
380.500000	24.965080	-33.903206	0.000000	
380.550000	24.898260	-33.869146	0.000000	
380.600000	24.831440	-33.835087	0.000000	
380.650000	24.805859	-33.864885	0.000000	
380.700000	24.809415	-33.939801	0.000000	
380.750000	24.812972	-34.014716	0.000000	
380.800000	24.816528	-34.089632	0.000000	
380.850000	24.820084	-34.164548	0.000000	
380.900000	24.823641	-34.239463	0.000000	
380.950000	24.827197	-34.314379	0.000000	
381.000000	24.830753	-34.389294	0.000000	
381.050000	24.834309	-34.464210	0.000000	
381.100000	24.837866	-34.539126	0.000000	
381.150000	24.841422	-34.614041	0.000000	
381.200000	24.844978	-34.688957	0.000000	
381.250000	24.848534	-34.763873	0.000000	
381.300000	24.852091	-34.838788	0.000000	
381.350000	24.855647	-34.913704	0.000000	
381.400000	24.859203	-34.988620	0.000000	
381.450000	24.862760	-35.063535	0.000000	
381.500000	24.866316	-35.138451	0.000000	
381.550000	24.869872	-35.213366	0.000000	
381.600000	24.873428	-35.288282	0.000000	
381.650000	24.876985	-35.363198	0.000000	
381.700000	24.880541	-35.438113	0.000000	
381.750000	24.884097	-35.513029	0.000000	
381.800000	24.887653	-35.587945	0.000000	
381.850000	24.891210	-35.662860	0.000000	
381.900000	24.894766	-35.737776	0.000000	
381.950000	24.898322	-35.812692	0.000000	
382.000000	24.901879	-35.887607	0.000000	
382.050000	24.905435	-35.962523	0.000000	
382.100000	24.908991	-36.037439	0.000000	
382.150000	24.912547	-36.112354	0.000000	
382.200000	24.916104	-36.187270	0.000000	
382.250000	24.919660	-36.262185	0.000000	
382.300000	24.923216	-36.337101	0.000000	
382.350000	24.926772	-36.412017	0.000000	
382.400000	24.930329	-36.486932	0.000000	
382.450000	24.933885	-36.561848	0.000000	
382.500000	24.937441	-36.636764	0.000000	
382.550000	24.940998	-36.711679	0.000000	
382.600000	24.944554	-36.786595	0.000000	
382.650000	24.948110	-36.861511	0.000000	
382.700000	24.951666	-36.936426	0.000000	
382.750000	24.955223	-37.011342	0.000000	
382.800000	24.958779	-37.086257	0.000000	
382.850000	24.962335	-37.161173	0.000000	
382.900000	24.965891	-37.236089	0.000000	
382.950000	24.969448	-37.311004	0.000000	
383.000000	24.973004	-37.385920	0.000000	
383.050000	24.976560	-37.460836	0.000000	
383.100000	24.980117	-37.535751	0.000000	
383.150000	24.983673	-37.610667	0.000000	
383.200000	24.987229	-37.685583	0.000000	
383.250000	24.990785	-37.760498	0.000000	
383.300000	24.994342	-37.835414	0.000000	
383.350000	24.997898	-37.910329	0.000000	
383.400000	25.001454	-37.985245	0.000000	
383.450000	25.005010	-38.060161	0.000000	
383.500000	25.008567	-38.135076	0.000000	
383.550000	25.012123	-38.209992	0.000000	
383.600000	25.015679	-38.284908	0.000000	
383.650000	25.019236	-38.359823	0.000000	
383.700000	25.022792	-38.434739	0.000000	
383.750000	25.026348	-38.509655	0.000000	
383.800000	25.029904	-38.584570	0.000000	
383.850000	25.033461	-38.659486	0.000000	
383.900000	25.037017	-38.734402	0.000000	
383.950000	25.040573	-38.809317	0.000000	
384.000000	25.044130	-38.884233	0.000000	
384.050000	25.047686	-38.959148	0.000000	
384.100000	25.051242	-39.034064	0.000000	
384.150000	25.054798	-39.108980	0.000000	
384.200000	25.058355	-39.183895	0.000000	
384.250000	25.061911	-39.258811	0.000000	
384.300000	25.065467	-39.333727	0.000000	
384.350000	25.069023	-39.408642	0.000000	
384.400000	25.072580	-39.483558	0.000000	
384.450000	25.076136	-39.558474	0.000000	
384.500000	25.079692	-39.633389	0.000000	
384.550000	25.083249	-39.708305	0.000000	
384.600000	25.086805	-39.783220	0.000000	
384.650000	25.090361	-39.858136	0.000000	
384.700000	25.093917	-39.933052	0.000000	
384.750000	25.097474	-40.007967	0.000000	
384.800000	25.101030	-40.082883	0.000000	
384.850000	25.104586	-40.157799	0.000000	
384.900000	25.108142	-40.232714	0.000000	
384.950000	25.111699	-40.307630	0.000000	
385.000000	25.115255	-40.382546	0.000000	
385.050000	25.118811	-40.457461	0.000000	
385.100000	25.122368	-40.532377	0.000000	
385.150000	25.125924	-40.607292	0.000000	
385.200000	25.129480	-40.682208	0.000000	
385.250000	25.133036	-40.757124	0.000000	
385.300000	25.136593	-40.832039	0.000000	
385.350000	25.140149	-40.906955	0.000000	
385.400000	25.143705	-40.981871	0.000000	
385.450000	25.147261	-41.056786	0.000000	
385.500000	25.150818	-41.131702	0.000000	
385.550000	25.154374	-41.206618	0.000000	
385.600000	25.157930	-41.281533	0.000000	
385.650000	25.161487	-41.356449	0.000000	
385.700000	25.165043	-41.431365	0.000000	
385.750000	25.168599	-41.506280	0.000000	
385.800000	25.172155	-41.581196	0.000000	
385.850000	25.175712	-41.656111	0.000000	
385.900000	25.179268	-41.731027	0.000000	
385.950000	25.182824	-41.805943	0.000000	
386.000000	25.186380	-41.880858	0.000000	
386.050000	25.189937	-41.955774	0.000000	
386.100000	25.193493	-42.030690	0.000000	
386.150000	25.197049	-42.105605	0.000000	
386.200000	25.200606	-42.180521	0.000000	
386.250000	25.204162	-42.255437	0.000000	
386.300000	25.207718	-42.330352	0.000000	
386.350000	25.211274	-42.405268	0.000000	
386.400000	25.214831	-42.480183	0.000000	
386.450000	25.218387	-42.555099	0.000000	
386.500000	25.221943	-42.630015	0.000000	
386.550000	25.225499	-42.704930	0.000000	
386.600000	25.229056	-42.779846	0.000000	
386.650000	25.232612	-42.854762	0.000000	
386.700000	25.236168	-42.929677	0.000000	
386.750000	25.239725	-43.004593	0.000000	
386.800000	25.243281	-43.079509	0.000000	
386.850000	25.246837	-43.154424	0.000000	
386.900000	25.250393	-43.229340	0.000000	
386.950000	25.253950	-43.304255	0.000000	
387.000000	25.257506	-43.379171	0.000000	
387.050000	25.261062	-43.454087	0.000000	
387.100000	25.264619	-43.529002	0.000000	
387.150000	25.268175	-43.603918	0.000000	
387.200000	25.271731	-43.678834	0.000000	
387.250000	25.275287	-43.753749	0.000000	
387.300000	25.278844	-43.828665	0.000000	
387.350000	25.282400	-43.903581	0.000000	
387.400000	25.285956	-43.978496	0.000000	
387.450000	25.289512	-44.053412	0.000000	
387.500000	25.293069	-44.128327	0.000000	
387.550000	25.296625	-44.203243	0.000000	
387.600000	25.300181	-44.278159	0.000000	
387.650000	25.303738	-44.353074	0.000000	
387.700000	25.307294	-44.427990	0.000000	
387.750000	25.310850	-44.502906	0.000000	
387.800000	25.314406	-44.577821	0.000000	
387.850000	25.317963	-44.652737	0.000000	
387.900000	25.321519	-44.727653	0.000000	
387.950000	25.325075	-44.802568	0.000000	
388.000000	25.328631	-44.877484	0.000000	
388.050000	25.332188	-44.952400	0.000000	
388.100000	25.335744	-45.027315	0.000000	
388.150000	25.339300	-45.102231	0.000000	
388.200000	25.342857	-45.177146	0.000000	
388.250000	25.346413	-45.252062	0.000000	
388.300000	25.349969	-45.326978	0.000000	
388.350000	25.353525	-45.401893	0.000000	
388.400000	25.357082	-45.476809	0.000000	
388.450000	25.360638	-45.551725	0.000000	
388.500000	25.364194	-45.626640	0.000000	
388.550000	25.367750	-45.701556	0.000000	
388.600000	25.371307	-45.776472	0.000000	
388.650000	25.374863	-45.851387	0.000000	
388.700000	25.378419	-45.926303	0.000000	
388.750000	25.381976	-46.001218	0.000000	
388.800000	25.385532	-46.076134	0.000000	
388.850000	25.389088	-46.151050	0.000000	
388.900000	25.392644	-46.225965	0.000000	
388.950000	25.396201	-46.300881	0.000000	
389.000000	25.399757	-46.375797	0.000000	
389.050000	25.420842	-46.360271	0.000000	
389.100000	25.452129	-46.292109	0.000000	
389.150000	25.483416	-46.223946	0.000000	
389.200000	25.514703	-46.155784	0.000000	
389.250000	25.545990	-46.087621	0.000000	
389.300000	25.577277	-46.019459	0.000000	
389.350000	25.608563	-45.951296	0.000000	
389.400000	25.639850	-45.883134	0.000000	
389.450000	25.671137	-45.814971	0.000000	
389.500000	25.702424	-45.746809	0.000000	
389.550000	25.733711	-45.678646	0.000000	
389.600000	25.764998	-45.610484	0.000000	
389.650000	25.796285	-45.542321	0.000000	
389.700000	25.827572	-45.474159	0.000000	
389.750000	25.858859	-45.405996	0.000000	
389.800000	25.890146	-45.337834	0.000000	
389.850000	25.921433	-45.269671	0.000000	
389.900000	25.952719	-45.201509	0.000000	
389.950000	25.984006	-45.133346	0.000000	
390.000000	26.015293	-45.065184	0.000000	
390.050000	26.046580	-44.997021	0.000000	
390.100000	26.077867	-44.928859	0.000000	
390.150000	26.109154	-44.860696	0.000000	
390.200000	26.140441	-44.792533	0.000000	
390.250000	26.171728	-44.724371	0.000000	
390.300000	26.203015	-44.656208	0.000000	
390.350000	26.234302	-44.588046	0.000000	
390.400000	26.265589	-44.519883	0.000000	
390.450000	26.296876	-44.451721	0.000000	
390.500000	26.328162	-44.383558	0.000000	
390.550000	26.359449	-44.315396	0.000000	
390.600000	26.390736	-44.247233	0.000000	
390.650000	26.422023	-44.179071	0.000000	
390.700000	26.453310	-44.110908	0.000000	
390.750000	26.484597	-44.042746	0.000000	
390.800000	26.515884	-43.974583	0.000000	
390.850000	26.547171	-43.906421	0.000000	
390.900000	26.578458	-43.838258	0.000000	
390.950000	26.609745	-43.770096	0.000000	
391.000000	26.641032	-43.701933	0.000000	
391.050000	26.672318	-43.633771	0.000000	
391.100000	26.703605	-43.565608	0.000000	
391.150000	26.734892	-43.497446	0.000000	
391.200000	26.766179	-43.429283	0.000000	
391.250000	26.797466	-43.361121	0.000000	
391.300000	26.828753	-43.292958	0.000000	
391.350000	26.860040	-43.224796	0.000000	
391.400000	26.891327	-43.156633	0.000000	
391.450000	26.922614	-43.088470	0.000000	
391.500000	26.953901	-43.020308	0.000000	
391.550000	26.985188	-42.952145	0.000000	
391.600000	27.016475	-42.883983	0.000000	
391.650000	27.047761	-42.815820	0.000000	
391.700000	27.079048	-42.747658	0.000000	
391.750000	27.110335	-42.679495	0.000000	
391.800000	27.141622	-42.611333	0.000000	
391.850000	27.172909	-42.543170	0.000000	
391.900000	27.204196	-42.475008	0.000000	
391.950000	27.235483	-42.406845	0.000000	
392.000000	27.266770	-42.338683	0.000000	
392.050000	27.298057	-42.270520	0.000000	
392.100000	27.329344	-42.202358	0.000000	
392.150000	27.360631	-42.134195	0.000000	
392.200000	27.391917	-42.066033	0.000000	
392.250000	27.423204	-41.997870	0.000000	
392.300000	27.454491	-41.929708	0.000000	
392.350000	27.485778	-41.861545	0.000000	
392.400000	27.517065	-41.793383	0.000000	
392.450000	27.548352	-41.725220	0.000000	
392.500000	27.579639	-41.657058	0.000000	
392.550000	27.610926	-41.588895	0.000000	
392.600000	27.642213	-41.520733	0.000000	
392.650000	27.673500	-41.452570	0.000000	
392.700000	27.704787	-41.384407	0.000000	
392.750000	27.736074	-41.316245	0.000000	
392.800000	27.767360	-41.248082	0.000000	
392.850000	27.798647	-41.179920	0.000000	
392.900000	27.829934	-41.111757	0.000000	
392.950000	27.861221	-41.043595	0.000000	
393.000000	27.892508	-40.975432	0.000000	
393.050000	27.923795	-40.907270	0.000000	
393.100000	27.955082	-40.839107	0.000000	
393.150000	27.986369	-40.770945	0.000000	
393.200000	28.017656	-40.702782	0.000000	
393.250000	28.048943	-40.634620	0.000000	
393.300000	28.080230	-40.566457	0.000000	
393.350000	28.111516	-40.498295	0.000000	
393.400000	28.142803	-40.430132	0.000000	
393.450000	28.174090	-40.361970	0.000000	
393.500000	28.205377	-40.293807	0.000000	
393.550000	28.236664	-40.225645	0.000000	
393.600000	28.267951	-40.157482	0.000000	
393.650000	28.299238	-40.089320	0.000000	
393.700000	28.330525	-40.021157	0.000000	
393.750000	28.361812	-39.952995	0.000000	
393.800000	28.393099	-39.884832	0.000000	
393.850000	28.424386	-39.816670	0.000000	
393.900000	28.455673	-39.748507	0.000000	
393.950000	28.486959	-39.680344	0.000000	
394.000000	28.518246	-39.612182	0.000000	
394.050000	28.549533	-39.544019	0.000000	
394.100000	28.580820	-39.475857	0.000000	
394.150000	28.612107	-39.407694	0.000000	
394.200000	28.643394	-39.339532	0.000000	
394.250000	28.674681	-39.271369	0.000000	
394.300000	28.705968	-39.203207	0.000000	
394.350000	28.737255	-39.135044	0.000000	
394.400000	28.768542	-39.066882	0.000000	
394.450000	28.799829	-38.998719	0.000000	
394.500000	28.831115	-38.930557	0.000000	
394.550000	28.862402	-38.862394	0.000000	
394.600000	28.893689	-38.794232	0.000000	
394.650000	28.924976	-38.726069	0.000000	
394.700000	28.956263	-38.657907	0.000000	
394.750000	28.987550	-38.589744	0.000000	
394.800000	29.018837	-38.521582	0.000000	
394.850000	29.050124	-38.453419	0.000000	
394.900000	29.081411	-38.385257	0.000000	
394.950000	29.112698	-38.317094	0.000000	
395.000000	29.143985	-38.248932	0.000000	
395.050000	29.175272	-38.180769	0.000000	
395.100000	29.206558	-38.112607	0.000000	
395.150000	29.237845	-38.044444	0.000000	
395.200000	29.269132	-37.976282	0.000000	
395.250000	29.300419	-37.908119	0.000000	
395.300000	29.331706	-37.839956	0.000000	
395.350000	29.362993	-37.771794	0.000000	
395.400000	29.394280	-37.703631	0.000000	
395.450000	29.425567	-37.635469	0.000000	
395.500000	29.456854	-37.567306	0.000000	
395.550000	29.488141	-37.499144	0.000000	
395.600000	29.519428	-37.430981	0.000000	
395.650000	29.550714	-37.362819	0.000000	
395.700000	29.582001	-37.294656	0.000000	
395.750000	29.613288	-37.226494	0.000000	
395.800000	29.644575	-37.158331	0.000000	
395.850000	29.675862	-37.090169	0.000000	
395.900000	29.707149	-37.022006	0.000000	
395.950000	29.738436	-36.953844	0.000000	
396.000000	29.717930	-36.900285	0.000000	
396.050000	29.655644	-36.858506	0.000000	
396.100000	29.593357	-36.816728	0.000000	
396.150000	29.531071	-36.774949	0.000000	
396.200000	29.468785	-36.733171	0.000000	
396.250000	29.406499	-36.691392	0.000000	
396.300000	29.344213	-36.649614	0.000000	
396.350000	29.281927	-36.607835	0.000000	
396.400000	29.219641	-36.566057	0.000000	
396.450000	29.157355	-36.524278	0.000000	
396.500000	29.095069	-36.482500	0.000000	
396.550000	29.032783	-36.440721	0.000000	
396.600000	28.970497	-36.398942	0.000000	
396.650000	28.908211	-36.357164	0.000000	
396.700000	28.845925	-36.315385	0.000000	
396.750000	28.783639	-36.273607	0.000000	
396.800000	28.721353	-36.231828	0.000000	
396.850000	28.659066	-36.190050	0.000000	
396.900000	28.596780	-36.148271	0.000000	
396.950000	28.534494	-36.106493	0.000000	
397.000000	28.472208	-36.064714	0.000000	
397.050000	28.409922	-36.022936	0.000000	
397.100000	28.347636	-35.981157	0.000000	
397.150000	28.285350	-35.939379	0.000000	
397.200000	28.223064	-35.897600	0.000000	
397.250000	28.160778	-35.855821	0.000000	
397.300000	28.098492	-35.814043	0.000000	
397.350000	28.036206	-35.772264	0.000000	
397.400000	27.973920	-35.730486	0.000000	
397.450000	27.911634	-35.688707	0.000000	
397.500000	27.849348	-35.646929	0.000000	
397.550000	27.787062	-35.605150	0.000000	
397.600000	27.724776	-35.563372	0.000000	
397.650000	27.662489	-35.521593	0.000000	
397.700000	27.600203	-35.479815	0.000000	
397.750000	27.537917	-35.438036	0.000000	
397.800000	27.475631	-35.396258	0.000000	
397.850000	27.413345	-35.354479	0.000000	
397.900000	27.351059	-35.312700	0.000000	
397.950000	27.288773	-35.270922	0.000000	
398.000000	27.226487	-35.229143	0.000000	
398.050000	27.164201	-35.187365	0.000000	
398.100000	27.101915	-35.145586	0.000000	
398.150000	27.039629	-35.103808	0.000000	
398.200000	26.977343	-35.062029	0.000000	
398.250000	26.915057	-35.020251	0.000000	
398.300000	26.852771	-34.978472	0.000000	
398.350000	26.790485	-34.936694	0.000000	
398.400000	26.728199	-34.894915	0.000000	
398.450000	26.665912	-34.853137	0.000000	
398.500000	26.603626	-34.811358	0.000000	
398.550000	26.541340	-34.769579	0.000000	
398.600000	26.479054	-34.727801	0.000000	
398.650000	26.416768	-34.686022	0.000000	
398.700000	26.354482	-34.644244	0.000000	
398.750000	26.292196	-34.602465	0.000000	
398.800000	26.229910	-34.560687	0.000000	
398.850000	26.167624	-34.518908	0.000000	
398.900000	26.105338	-34.477130	0.000000	
398.950000	26.043052	-34.435351	0.000000	
399.000000	25.980766	-34.393573	0.000000	
399.050000	25.918480	-34.351794	0.000000	
399.100000	25.856194	-34.310016	0.000000	
399.150000	25.793908	-34.268237	0.000000	
399.200000	25.731621	-34.226458	0.000000	
399.250000	25.669335	-34.184680	0.000000	
399.300000	25.607049	-34.142901	0.000000	
399.350000	25.544763	-34.101123	0.000000	
399.400000	25.482477	-34.059344	0.000000	
399.450000	25.420191	-34.017566	0.000000	
399.500000	25.357905	-33.975787	0.000000	
399.550000	25.295619	-33.934009	0.000000	
399.600000	25.233333	-33.892230	0.000000	
399.650000	25.171047	-33.850452	0.000000	
399.700000	25.108761	-33.808673	0.000000	
399.750000	25.046475	-33.766895	0.000000	
399.800000	24.984189	-33.725116	0.000000	
399.850000	24.921903	-33.683337	0.000000	
399.900000	24.859617	-33.641559	0.000000	
399.950000	24.797331	-33.599780	0.000000	
400.000000	24.735044	-33.558002	0.000000	
400.050000	24.672758	-33.516223	0.000000	
400.100000	24.610472	-33.474445	0.000000	
400.150000	24.548186	-33.432666	0.000000	
400.200000	24.485900	-33.390888	0.000000	
400.250000	24.423614	-33.349109	0.000000	
400.300000	24.361328	-33.307331	0.000000	
400.350000	24.299042	-33.265552	0.000000	
400.400000	24.236756	-33.223774	0.000000	
400.450000	24.174470	-33.181995	0.000000	
400.500000	24.112184	-33.140216	0.000000	
400.550000	24.049898	-33.098438	0.000000	
400.600000	23.987612	-33.056659	0.000000	
400.650000	23.925326	-33.014881	0.000000	
400.700000	23.863040	-32.973102	0.000000	
400.750000	23.800754	-32.931324	0.000000	
400.800000	23.738467	-32.889545	0.000000	
400.850000	23.676181	-32.847767	0.000000	
400.900000	23.613895	-32.805988	0.000000	
400.950000	23.551609	-32.764210	0.000000	
401.000000	23.489323	-32.722431	0.000000	
401.050000	23.427037	-32.680653	0.000000	
401.100000	23.364751	-32.638874	0.000000	
401.150000	23.302465	-32.597095	0.000000	
401.200000	23.240179	-32.555317	0.000000	
401.250000	23.177893	-32.513538	0.000000	
401.300000	23.115607	-32.471760	0.000000	
401.350000	23.053321	-32.429981	0.000000	
401.400000	22.991035	-32.388203	0.000000	
401.450000	22.928749	-32.346424	0.000000	
401.500000	22.866463	-32.304646	0.000000	
401.550000	22.804177	-32.262867	0.000000	
401.600000	22.741890	-32.221089	0.000000	
401.650000	22.679604	-32.179310	0.000000	
401.700000	22.617318	-32.137532	0.000000	
401.750000	22.555032	-32.095753	0.000000	
401.800000	22.492746	-32.053974	0.000000	
401.850000	22.430460	-32.012196	0.000000	
401.900000	22.368174	-31.970417	0.000000	
401.950000	22.305888	-31.928639	0.000000	
402.000000	22.243602	-31.886860	0.000000	
402.050000	22.181316	-31.845082	0.000000	
402.100000	22.119030	-31.803303	0.000000	
402.150000	22.056744	-31.761525	0.000000	
402.200000	21.994458	-31.719746	0.000000	
402.250000	21.932172	-31.677968	0.000000	
402.300000	21.877590	-31.643891	0.000000	
402.350000	21.919385	-31.706167	0.000000	
402.400000	21.961180	-31.768442	0.000000	
402.450000	22.002975	-31.830717	0.000000	
402.500000	22.044770	-31.892992	0.000000	
402.550000	22.086565	-31.955267	0.000000	
402.600000	22.128360	-32.017542	0.000000	
402.650000	22.170155	-32.079817	0.000000	
402.700000	22.211950	-32.142092	0.000000	
402.750000	22.253745	-32.204367	0.000000	
402.800000	22.295540	-32.266642	0.000000	
402.850000	22.337335	-32.328917	0.000000	
402.900000	22.379129	-32.391192	0.000000	
402.950000	22.420924	-32.453467	0.000000	
403.000000	22.462719	-32.515742	0.000000	
403.050000	22.504514	-32.578017	0.000000	
403.100000	22.546309	-32.640292	0.000000	
403.150000	22.588104	-32.702567	0.000000	
403.200000	22.629899	-32.764842	0.000000	
403.250000	22.671694	-32.827117	0.000000	
403.300000	22.713489	-32.889392	0.000000	
403.350000	22.755284	-32.951667	0.000000	
403.400000	22.797079	-33.013943	0.000000	
403.450000	22.838874	-33.076218	0.000000	
403.500000	22.880669	-33.138493	0.000000	
403.550000	22.922464	-33.200768	0.000000	
403.600000	22.964259	-33.263043	0.000000	
403.650000	23.006054	-33.325318	0.000000	
403.700000	23.047849	-33.387593	0.000000	
403.750000	23.089644	-33.449868	0.000000	
403.800000	23.131439	-33.512143	0.000000	
403.850000	23.173234	-33.574418	0.000000	
403.900000	23.215029	-33.636693	0.000000	
403.950000	23.256824	-33.698968	0.000000	
404.000000	23.298618	-33.761243	0.000000	
404.050000	23.340413	-33.823518	0.000000	
404.100000	23.382208	-33.885793	0.000000	
404.150000	23.424003	-33.948068	0.000000	
404.200000	23.465798	-34.010343	0.000000	
404.250000	23.507593	-34.072618	0.000000	
404.300000	23.549388	-34.134893	0.000000	
404.350000	23.591183	-34.197168	0.000000	
404.400000	23.632978	-34.259444	0.000000	
404.450000	23.674773	-34.321719	0.000000	
404.500000	23.716568	-34.383994	0.000000	
404.550000	23.758363	-34.446269	0.000000	
404.600000	23.800158	-34.508544	0.000000	
404.650000	23.841953	-34.570819	0.000000	
404.700000	23.883748	-34.633094	0.000000	
404.750000	23.925543	-34.695369	0.000000	
404.800000	23.967338	-34.757644	0.000000	
404.850000	24.009133	-34.819919	0.000000	
404.900000	24.050928	-34.882194	0.000000	
404.950000	24.092723	-34.944469	0.000000	
405.000000	24.134518	-35.006744	0.000000	
405.050000	24.176313	-35.069019	0.000000	
405.100000	24.218107	-35.131294	0.000000	
405.150000	24.259902	-35.193569	0.000000	
405.200000	24.301697	-35.255844	0.000000	
405.250000	24.343492	-35.318119	0.000000	
405.300000	24.385287	-35.380394	0.000000	
405.350000	24.427082	-35.442669	0.000000	
405.400000	24.468877	-35.504944	0.000000	
405.450000	24.510672	-35.567220	0.000000	
405.500000	24.552467	-35.629495	0.000000	
405.550000	24.594262	-35.691770	0.000000	
405.600000	24.636057	-35.754045	0.000000	
405.650000	24.677852	-35.816320	0.000000	
405.700000	24.719647	-35.878595	0.000000	
405.750000	24.761442	-35.940870	0.000000	
405.800000	24.803237	-36.003145	0.000000	
405.850000	24.845032	-36.065420	0.000000	
405.900000	24.886827	-36.127695	0.000000	
405.950000	24.928622	-36.189970	0.000000	
406.000000	24.970417	-36.252245	0.000000	
406.050000	25.012212	-36.314520	0.000000	
406.100000	25.054007	-36.376795	0.000000	
406.150000	25.095802	-36.439070	0.000000	
406.200000	25.137597	-36.501345	0.000000	
406.250000	25.179391	-36.563620	0.000000	
406.300000	25.221186	-36.625895	0.000000	
406.350000	25.262981	-36.688170	0.000000	
406.400000	25.304776	-36.750445	0.000000	
406.450000	25.346571	-36.812721	0.000000	
406.500000	25.388366	-36.874996	0.000000	
406.550000	25.430161	-36.937271	0.000000	
406.600000	25.471956	-36.999546	0.000000	
406.650000	25.513751	-37.061821	0.000000	
406.700000	25.555546	-37.124096	0.000000	
406.750000	25.597341	-37.186371	0.000000	
406.800000	25.639136	-37.248646	0.000000	
406.850000	25.680931	-37.310921	0.000000	
406.900000	25.722726	-37.373196	0.000000	
406.950000	25.764521	-37.435471	0.000000	
407.000000	25.806316	-37.497746	0.000000	
407.050000	25.848111	-37.560021	0.000000	
407.100000	25.889906	-37.622296	0.000000	
407.150000	25.931701	-37.684571	0.000000	
407.200000	25.973496	-37.746846	0.000000	
407.250000	26.015291	-37.809121	0.000000	
407.300000	26.057086	-37.871396	0.000000	
407.350000	26.098880	-37.933671	0.000000	
407.400000	26.140675	-37.995946	0.000000	
407.450000	26.182470	-38.058221	0.000000	
407.500000	26.224265	-38.120497	0.000000	
407.550000	26.266060	-38.182772	0.000000	
407.600000	26.307855	-38.245047	0.000000	
407.650000	26.349650	-38.307322	0.000000	
407.700000	26.391445	-38.369597	0.000000	
407.750000	26.433240	-38.431872	0.000000	
407.800000	26.475035	-38.494147	0.000000	
407.850000	26.516830	-38.556422	0.000000	
407.900000	26.558625	-38.618697	0.000000	
407.950000	26.600420	-38.680972	0.000000	
408.000000	26.642215	-38.743247	0.000000	
408.050000	26.684010	-38.805522	0.000000	
408.100000	26.725805	-38.867797	0.000000	
408.150000	26.767600	-38.930072	0.000000	
408.200000	26.809395	-38.992347	0.000000	
408.250000	26.851190	-39.054622	0.000000	
408.300000	26.892985	-39.116897	0.000000	
408.350000	26.934780	-39.179172	0.000000	
408.400000	26.976575	-39.241447	0.000000	
408.450000	27.018370	-39.303722	0.000000	
408.500000	27.060164	-39.365998	0.000000	
408.550000	27.101959	-39.428273	0.000000	
408.600000	27.143754	-39.490548	0.000000	
408.650000	27.185549	-39.552823	0.000000	
408.700000	27.227344	-39.615098	0.000000	
408.750000	27.269139	-39.677373	0.000000	
408.800000	27.310934	-39.739648	0.000000	
408.850000	27.352729	-39.801923	0.000000	
408.900000	27.394524	-39.864198	0.000000	
408.950000	27.436319	-39.926473	0.000000	
409.000000	27.478114	-39.988748	0.000000	
409.050000	27.519909	-40.051023	0.000000	
409.100000	27.561704	-40.113298	0.000000	
409.150000	27.603499	-40.175573	0.000000	
409.200000	27.645294	-40.237848	0.000000	
409.250000	27.687089	-40.300123	0.000000	
409.300000	27.728884	-40.362398	0.000000	
409.350000	27.770679	-40.424673	0.000000	
409.400000	27.812474	-40.486948	0.000000	
409.450000	27.854269	-40.549223	0.000000	
409.500000	27.896064	-40.611498	0.000000	
409.550000	27.937859	-40.673774	0.000000	
409.600000	27.979653	-40.736049	0.000000	
409.650000	28.021448	-40.798324	0.000000	
409.700000	28.063243	-40.860599	0.000000	
409.750000	28.105038	-40.922874	0.000000	
409.800000	28.146833	-40.985149	0.000000	
409.850000	28.188628	-41.047424	0.000000	
409.900000	28.230423	-41.109699	0.000000	
409.950000	28.272218	-41.171974	0.000000	
410.000000	28.314013	-41.234249	0.000000	
410.050000	28.355808	-41.296524	0.000000	
410.100000	28.397603	-41.358799	0.000000	
410.150000	28.439398	-41.421074	0.000000	
410.200000	28.481193	-41.483349	0.000000	
410.250000	28.522988	-41.545624	0.000000	
410.300000	28.564783	-41.607899	0.000000	
410.350000	28.606578	-41.670174	0.000000	
410.400000	28.648373	-41.732449	0.000000	
410.450000	28.690168	-41.794724	0.000000	
410.500000	28.731963	-41.856999	0.000000	
410.550000	28.773758	-41.919275	0.000000	
410.600000	28.815553	-41.981550	0.000000	
410.650000	28.857348	-42.043825	0.000000	
410.700000	28.899142	-42.106100	0.000000	
410.750000	28.940937	-42.168375	0.000000	
410.800000	28.982732	-42.230650	0.000000	
410.850000	29.024527	-42.292925	0.000000	
410.900000	29.066322	-42.355200	0.000000	
410.950000	29.108117	-42.417475	0.000000	
411.000000	29.149912	-42.479750	0.000000	
411.050000	29.191707	-42.542025	0.000000	
411.100000	29.233502	-42.604300	0.000000	
411.150000	29.275297	-42.666575	0.000000	
411.200000	29.317092	-42.728850	0.000000	
411.250000	29.358887	-42.791125	0.000000	
411.300000	29.400682	-42.853400	0.000000	
411.350000	29.442477	-42.915675	0.000000	
411.400000	29.484272	-42.977950	0.000000	
411.450000	29.526067	-43.040225	0.000000	
411.500000	29.567862	-43.102500	0.000000	
411.550000	29.609657	-43.164776	0.000000	
411.600000	29.651452	-43.227051	0.000000	
411.650000	29.693247	-43.289326	0.000000	
411.700000	29.735042	-43.351601	0.000000	
411.750000	29.776837	-43.413876	0.000000	
411.800000	29.818632	-43.476151	0.000000	
411.850000	29.860426	-43.538426	0.000000	
411.900000	29.902221	-43.600701	0.000000	
411.950000	29.944016	-43.662976	0.000000	
412.000000	29.985811	-43.725251	0.000000	
412.050000	30.001017	-43.713661	0.000000	
412.100000	29.993532	-43.639035	0.000000	
412.150000	29.986047	-43.564410	0.000000	
412.200000	29.978561	-43.489784	0.000000	
412.250000	29.971076	-43.415159	0.000000	
412.300000	29.963591	-43.340533	0.000000	
412.350000	29.956106	-43.265908	0.000000	
412.400000	29.948621	-43.191282	0.000000	
412.450000	29.941135	-43.116656	0.000000	
412.500000	29.933650	-43.042031	0.000000	
412.550000	29.926165	-42.967405	0.000000	
412.600000	29.918680	-42.892780	0.000000	
412.650000	29.911195	-42.818154	0.000000	
412.700000	29.903709	-42.743529	0.000000	
412.750000	29.896224	-42.668903	0.000000	
412.800000	29.888739	-42.594278	0.000000	
412.850000	29.881254	-42.519652	0.000000	
412.900000	29.873769	-42.445027	0.000000	
412.950000	29.866283	-42.370401	0.000000	
413.000000	29.858798	-42.295775	0.000000	
413.050000	29.851313	-42.221150	0.000000	
413.100000	29.843828	-42.146524	0.000000	
413.150000	29.836343	-42.071899	0.000000	
413.200000	29.828857	-41.997273	0.000000	
413.250000	29.821372	-41.922648	0.000000	
413.300000	29.813887	-41.848022	0.000000	
413.350000	29.806402	-41.773397	0.000000	
413.400000	29.798917	-41.698771	0.000000	
413.450000	29.791431	-41.624146	0.000000	
413.500000	29.783946	-41.549520	0.000000	
413.550000	29.776461	-41.474894	0.000000	
413.600000	29.768976	-41.400269	0.000000	
413.650000	29.761491	-41.325643	0.000000	
413.700000	29.754005	-41.251018	0.000000	
413.750000	29.746520	-41.176392	0.000000	
413.800000	29.739035	-41.101767	0.000000	
413.850000	29.731550	-41.027141	0.000000	
413.900000	29.724065	-40.952516	0.000000	
413.950000	29.716579	-40.877890	0.000000	
414.000000	29.709094	-40.803265	0.000000	
414.050000	29.701609	-40.728639	0.000000	
414.100000	29.694124	-40.654013	0.000000	
414.150000	29.686639	-40.579388	0.000000	
414.200000	29.679153	-40.504762	0.000000	
414.250000	29.671668	-40.430137	0.000000	
414.300000	29.664183	-40.355511	0.000000	
414.350000	29.656698	-40.280886	0.000000	
414.400000	29.649213	-40.206260	0.000000	
414.450000	29.641727	-40.131635	0.000000	
414.500000	29.634242	-40.057009	0.000000	
414.550000	29.626757	-39.982384	0.000000	
414.600000	29.619272	-39.907758	0.000000	
414.650000	29.611787	-39.833132	0.000000	
414.700000	29.604301	-39.758507	0.000000	
414.750000	29.596816	-39.683881	0.000000	
414.800000	29.589331	-39.609256	0.000000	
414.850000	29.581846	-39.534630	0.000000	
414.900000	29.574361	-39.460005	0.000000	
414.950000	29.566875	-39.385379	0.000000	
415.000000	29.559390	-39.310754	0.000000	
415.050000	29.551905	-39.236128	0.000000	
415.100000	29.544420	-39.161503	0.000000	
415.150000	29.536935	-39.086877	0.000000	
415.200000	29.529449	-39.012252	0.000000	
415.250000	29.521964	-38.937626	0.000000	
415.300000	29.514479	-38.863000	0.000000	
415.350000	29.506994	-38.788375	0.000000	
415.400000	29.499509	-38.713749	0.000000	
415.450000	29.492023	-38.639124	0.000000	
415.500000	29.484538	-38.564498	0.000000	
415.550000	29.477053	-38.489873	0.000000	
415.600000	29.469568	-38.415247	0.000000	
415.650000	29.462083	-38.340622	0.000000	
415.700000	29.454597	-38.265996	0.000000	
415.750000	29.447112	-38.191371	0.000000	
415.800000	29.439627	-38.116745	0.000000	
415.850000	29.432142	-38.042119	0.000000	
415.900000	29.424657	-37.967494	0.000000	
415.950000	29.417171	-37.892868	0.000000	
416.000000	29.409686	-37.818243	0.000000	
416.050000	29.402201	-37.743617	0.000000	
416.100000	29.394716	-37.668992	0.000000	
416.150000	29.387231	-37.594366	0.000000	
416.200000	29.379745	-37.519741	0.000000	
416.250000	29.372260	-37.445115	0.000000	
416.300000	29.364775	-37.370490	0.000000	
416.350000	29.357290	-37.295864	0.000000	
416.400000	29.349805	-37.221238	0.000000	
416.450000	29.342319	-37.146613	0.000000	
416.500000	29.334834	-37.071987	0.000000	
416.550000	29.327349	-36.997362	0.000000	
416.600000	29.319864	-36.922736	0.000000	
416.650000	29.312379	-36.848111	0.000000	
416.700000	29.304893	-36.773485	0.000000	
416.750000	29.297408	-36.698860	0.000000	
416.800000	29.289923	-36.624234	0.000000	
416.850000	29.282438	-36.549609	0.000000	
416.900000	29.274953	-36.474983	0.000000	
416.950000	29.267467	-36.400357	0.000000	
417.000000	29.259982	-36.325732	0.000000	
417.050000	29.252497	-36.251106	0.000000	
417.100000	29.245012	-36.176481	0.000000	
417.150000	29.237527	-36.101855	0.000000	
417.200000	29.230041	-36.027230	0.000000	
417.250000	29.222556	-35.952604	0.000000	
417.300000	29.215071	-35.877979	0.000000	
417.350000	29.207586	-35.803353	0.000000	
417.400000	29.200101	-35.728728	0.000000	
417.450000	29.192615	-35.654102	0.000000	
417.500000	29.185130	-35.579477	0.000000	
417.550000	29.177645	-35.504851	0.000000	
417.600000	29.170160	-35.430225	0.000000	
417.650000	29.162675	-35.355600	0.000000	
417.700000	29.155189	-35.280974	0.000000	
417.750000	29.147704	-35.206349	0.000000	
417.800000	29.140219	-35.131723	0.000000	
417.850000	29.132734	-35.057098	0.000000	
417.900000	29.125249	-34.982472	0.000000	
417.950000	29.117763	-34.907847	0.000000	
418.000000	29.110278	-34.833221	0.000000	
418.050000	29.102793	-34.758596	0.000000	
418.100000	29.095308	-34.683970	0.000000	
418.150000	29.087823	-34.609344	0.000000	
418.200000	29.080337	-34.534719	0.000000	
418.250000	29.072852	-34.460093	0.000000	
418.300000	29.065367	-34.385468	0.000000	
418.350000	29.057882	-34.310842	0.000000	
418.400000	29.050397	-34.236217	0.000000	
418.450000	29.042911	-34.161591	0.000000	
418.500000	29.035426	-34.086966	0.000000	
418.550000	29.027941	-34.012340	0.000000	
418.600000	29.020456	-33.937715	0.000000	
418.650000	29.012971	-33.863089	0.000000	
418.700000	29.005485	-33.788463	0.000000	
418.750000	28.998000	-33.713838	0.000000	
418.800000	28.990515	-33.639212	0.000000	
418.850000	28.983030	-33.564587	0.000000	
418.900000	28.975545	-33.489961	0.000000	
418.950000	28.968059	-33.415336	0.000000	
419.000000	28.960574	-33.340710	0.000000	
419.050000	28.953089	-33.266085	0.000000	
419.100000	28.945604	-33.191459	0.000000	
419.150000	28.938119	-33.116834	0.000000	
419.200000	28.930633	-33.042208	0.000000	
419.250000	28.923148	-32.967582	0.000000	
419.300000	28.915663	-32.892957	0.000000	
419.350000	28.908178	-32.818331	0.000000	
419.400000	28.900693	-32.743706	0.000000	
419.450000	28.893207	-32.669080	0.000000	
419.500000	28.885722	-32.594455	0.000000	
419.550000	28.878237	-32.519829	0.000000	
419.600000	28.870752	-32.445204	0.000000	
419.650000	28.863267	-32.370578	0.000000	
419.700000	28.855781	-32.295953	0.000000	
419.750000	28.848296	-32.221327	0.000000	
419.800000	28.840811	-32.146701	0.000000	
419.850000	28.833326	-32.072076	0.000000	
419.900000	28.825841	-31.997450	0.000000	
419.950000	28.818355	-31.922825	0.000000	
420.000000	28.810870	-31.848199	0.000000	
420.050000	28.803385	-31.773574	0.000000	
420.100000	28.795900	-31.698948	0.000000	
420.150000	28.788415	-31.624323	0.000000	
420.200000	28.780930	-31.549697	0.000000	
420.250000	28.773444	-31.475072	0.000000	
420.300000	28.765959	-31.400446	0.000000	
420.350000	28.758474	-31.325821	0.000000	
420.400000	28.750989	-31.251195	0.000000	
420.450000	28.743504	-31.176569	0.000000	
420.500000	28.736018	-31.101944	0.000000	
420.550000	28.728533	-31.027318	0.000000	
420.600000	28.721048	-30.952693	0.000000	
420.650000	28.713563	-30.878067	0.000000	
420.700000	28.706078	-30.803442	0.000000	
420.750000	28.698592	-30.728816	0.000000	
420.800000	28.682316	-30.675896	0.000000	
420.850000	28.625011	-30.724281	0.000000	
420.900000	28.567705	-30.772665	0.000000	
420.950000	28.510399	-30.821050	0.000000	
421.000000	28.453094	-30.869434	0.000000	
421.050000	28.395788	-30.917819	0.000000	
421.100000	28.338482	-30.966203	0.000000	
421.150000	28.281177	-31.014588	0.000000	
421.200000	28.223871	-31.062972	0.000000	
421.250000	28.166565	-31.111357	0.000000	
421.300000	28.109260	-31.159741	0.000000	
421.350000	28.051954	-31.208126	0.000000	
421.400000	27.994648	-31.256510	0.000000	
421.450000	27.937343	-31.304895	0.000000	
421.500000	27.880037	-31.353280	0.000000	
421.550000	27.822732	-31.401664	0.000000	
421.600000	27.765426	-31.450049	0.000000	
421.650000	27.708120	-31.498433	0.000000	
421.700000	27.650815	-31.546818	0.000000	
421.750000	27.593509	-31.595202	0.000000	
421.800000	27.536203	-31.643587	0.000000	
421.850000	27.478898	-31.691971	0.000000	
421.900000	27.421592	-31.740356	0.000000	
421.950000	27.364286	-31.788740	0.000000	
422.000000	27.306981	-31.837125	0.000000	
422.050000	27.249675	-31.885509	0.000000	
422.100000	27.192370	-31.933894	0.000000	
422.150000	27.135064	-31.982279	0.000000	
422.200000	27.077758	-32.030663	0.000000	
422.250000	27.020453	-32.079048	0.000000	
422.300000	26.963147	-32.127432	0.000000	
422.350000	26.905841	-32.175817	0.000000	
422.400000	26.848536	-32.224201	0.000000	
422.450000	26.791230	-32.272586	0.000000	
422.500000	26.733924	-32.320970	0.000000	
422.550000	26.676619	-32.369355	0.000000	
422.600000	26.619313	-32.417739	0.000000	
422.650000	26.562007	-32.466124	0.000000	
422.700000	26.504702	-32.514508	0.000000	
422.750000	26.447396	-32.562893	0.000000	
422.800000	26.390091	-32.611278	0.000000	
422.850000	26.332785	-32.659662	0.000000	
422.900000	26.275479	-32.708047	0.000000	
422.950000	26.218174	-32.756431	0.000000	
423.000000	26.160868	-32.804816	0.000000	
423.050000	26.103562	-32.853200	0.000000	
423.100000	26.046257	-32.901585	0.000000	
423.150000	25.988951	-32.949969	0.000000	
423.200000	25.931645	-32.998354	0.000000	
423.250000	25.874340	-33.046738	0.000000	
423.300000	25.817034	-33.095123	0.000000	
423.350000	25.759729	-33.143507	0.000000	
423.400000	25.702423	-33.191892	0.000000	
423.450000	25.645117	-33.240277	0.000000	
423.500000	25.587812	-33.288661	0.000000	
423.550000	25.530506	-33.337046	0.000000	
423.600000	25.473200	-33.385430	0.000000	
423.650000	25.415895	-33.433815	0.000000	
423.700000	25.358589	-33.482199	0.000000	
423.750000	25.301283	-33.530584	0.000000	
423.800000	25.243978	-33.578968	0.000000	
423.850000	25.186672	-33.627353	0.000000	
423.900000	25.129366	-33.675737	0.000000	
423.950000	25.072061	-33.724122	0.000000	
424.000000	25.014755	-33.772506	0.000000	
424.050000	24.957450	-33.820891	0.000000	
424.100000	24.900144	-33.869276	0.000000	
424.150000	24.842838	-33.917660	0.000000	
424.200000	24.785533	-33.966045	0.000000	
424.250000	24.728227	-34.014429	0.000000	
424.300000	24.670921	-34.062814	0.000000	
424.350000	24.613616	-34.111198	0.000000	
424.400000	24.556310	-34.159583	0.000000	
424.450000	24.499004	-34.207967	0.000000	
424.500000	24.441699	-34.256352	0.000000	
424.550000	24.384393	-34.304736	0.000000	
424.600000	24.327087	-34.353121	0.000000	
424.650000	24.269782	-34.401505	0.000000	
424.700000	24.212476	-34.449890	0.000000	
424.750000	24.155171	-34.498275	0.000000	
424.800000	24.097865	-34.546659	0.000000	
424.850000	24.040559	-34.595044	0.000000	
424.900000	23.983254	-34.643428	0.000000	
424.950000	23.925948	-34.691813	0.000000	
425.000000	23.868642	-34.740197	0.000000	
425.050000	23.811337	-34.788582	0.000000	
425.100000	23.754031	-34.836966	0.000000	
425.150000	23.696725	-34.885351	0.000000	
425.200000	23.639420	-34.933735	0.000000	
425.250000	23.582114	-34.982120	0.000000	
425.300000	23.524809	-35.030504	0.000000	
425.350000	23.467503	-35.078889	0.000000	
425.400000	23.410197	-35.127274	0.000000	
425.450000	23.352892	-35.175658	0.000000	
425.500000	23.295586	-35.224043	0.000000	
425.550000	23.238280	-35.272427	0.000000	
425.600000	23.180975	-35.320812	0.000000	
425.650000	23.123669	-35.369196	0.000000	
425.700000	23.066363	-35.417581	0.000000	
425.750000	23.009058	-35.465965	0.000000	
425.800000	22.951752	-35.514350	0.000000	
425.850000	22.894446	-35.562734	0.000000	
425.900000	22.837141	-35.611119	0.000000	
425.950000	22.779835	-35.659503	0.000000	
426.000000	22.722530	-35.707888	0.000000	
426.050000	22.665224	-35.756272	0.000000	
426.100000	22.607918	-35.804657	0.000000	
426.150000	22.550613	-35.853042	0.000000	
426.200000	22.493307	-35.901426	0.000000	
426.250000	22.436001	-35.949811	0.000000	
426.300000	22.378696	-35.998195	0.000000	
426.350000	22.321390	-36.046580	0.000000	
426.400000	22.264084	-36.094964	0.000000	
426.450000	22.206779	-36.143349	0.000000	
426.500000	22.149473	-36.191733	0.000000	
426.550000	22.092167	-36.240118	0.000000	
426.600000	22.034862	-36.288502	0.000000	
426.650000	21.977556	-36.336887	0.000000	
426.700000	21.920251	-36.385271	0.000000	
426.750000	21.862945	-36.433656	0.000000	
426.800000	21.805639	-36.482041	0.000000	
426.850000	21.748334	-36.530425	0.000000	
426.900000	21.691028	-36.578810	0.000000	
426.950000	21.633722	-36.627194	0.000000	
427.000000	21.576417	-36.675579	0.000000	
427.050000	21.519111	-36.723963	0.000000	
427.100000	21.461805	-36.772348	0.000000	
427.150000	21.404500	-36.820732	0.000000	
427.200000	21.347194	-36.869117	0.000000	
427.250000	21.289889	-36.917501	0.000000	
427.300000	21.232583	-36.965886	0.000000	
427.350000	21.175277	-37.014270	0.000000	
427.400000	21.117972	-37.062655	0.000000	
427.450000	21.060666	-37.111040	0.000000	
427.500000	21.003360	-37.159424	0.000000	
427.550000	20.946055	-37.207809	0.000000	
427.600000	20.888749	-37.256193	0.000000	
427.650000	20.831443	-37.304578	0.000000	
427.700000	20.774138	-37.352962	0.000000	
427.750000	20.716832	-37.401347	0.000000	
427.800000	20.659526	-37.449731	0.000000	
427.850000	20.602221	-37.498116	0.000000	
427.900000	20.544915	-37.546500	0.000000	
427.950000	20.487610	-37.594885	0.000000	
428.000000	20.430304	-37.643269	0.000000	
428.050000	20.372998	-37.691654	0.000000	
428.100000	20.315693	-37.740039	0.000000	
428.150000	20.258387	-37.788423	0.000000	
428.200000	20.201081	-37.836808	0.000000	
428.250000	20.143776	-37.885192	0.000000	
428.300000	20.086470	-37.933577	0.000000	
428.350000	20.029164	-37.981961	0.000000	
428.400000	19.971859	-38.030346	0.000000	
428.450000	20.030229	-38.052794	0.000000	
428.500000	20.102707	-38.072079	0.000000	
428.550000	20.175185	-38.091364	0.000000	
428.600000	20.247663	-38.110649	0.000000	
428.650000	20.320141	-38.129933	0.000000	
428.700000	20.392620	-38.149218	0.000000	
428.750000	20.465098	-38.168503	0.000000	
428.800000	20.537576	-38.187788	0.000000	
428.850000	20.610054	-38.207073	0.000000	
428.900000	20.682533	-38.226358	0.000000	
428.950000	20.755011	-38.245643	0.000000	
429.000000	20.827489	-38.264927	0.000000	
429.050000	20.899967	-38.284212	0.000000	
429.100000	20.972446	-38.303497	0.000000	
429.150000	21.044924	-38.322782	0.000000	
429.200000	21.117402	-38.342067	0.000000	
429.250000	21.189880	-38.361352	0.000000	
429.300000	21.262358	-38.380637	0.000000	
429.350000	21.334837	-38.399922	0.000000	
429.400000	21.407315	-38.419206	0.000000	
429.450000	21.479793	-38.438491	0.000000	
429.500000	21.552271	-38.457776	0.000000	
429.550000	21.624750	-38.477061	0.000000	
429.600000	21.697228	-38.496346	0.000000	
429.650000	21.769706	-38.515631	0.000000	
429.700000	21.842184	-38.534916	0.000000	
429.750000	21.914663	-38.554200	0.000000	
429.800000	21.987141	-38.573485	0.000000	
429.850000	22.059619	-38.592770	0.000000	
429.900000	22.132097	-38.612055	0.000000	
429.950000	22.204576	-38.631340	0.000000	
430.000000	22.277054	-38.650625	0.000000	
430.050000	22.349532	-38.669910	0.000000	
430.100000	22.422010	-38.689194	0.000000	
430.150000	22.494488	-38.708479	0.000000	
430.200000	22.566967	-38.727764	0.000000	
430.250000	22.639445	-38.747049	0.000000	
430.300000	22.711923	-38.766334	0.000000	
430.350000	22.784401	-38.785619	0.000000	
430.400000	22.856880	-38.804904	0.000000	
430.450000	22.929358	-38.824188	0.000000	
430.500000	23.001836	-38.843473	0.000000	
430.550000	23.074314	-38.862758	0.000000	
430.600000	23.146793	-38.882043	0.000000	
430.650000	23.219271	-38.901328	0.000000	
430.700000	23.291749	-38.920613	0.000000	
430.750000	23.364227	-38.939898	0.000000	
430.800000	23.436705	-38.959183	0.000000	
430.850000	23.509184	-38.978467	0.000000	
430.900000	23.581662	-38.997752	0.000000	
430.950000	23.654140	-39.017037	0.000000	
431.000000	23.726618	-39.036322	0.000000	
431.050000	23.799097	-39.055607	0.000000	
431.100000	23.871575	-39.074892	0.000000	
431.150000	23.944053	-39.094177	0.000000	
431.200000	24.016531	-39.113461	0.000000	
431.250000	24.089010	-39.132746	0.000000	
431.300000	24.161488	-39.152031	0.000000	
431.350000	24.233966	-39.171316	0.000000	
431.400000	24.306444	-39.190601	0.000000	
431.450000	24.378922	-39.209886	0.000000	
431.500000	24.451401	-39.229171	0.000000	
431.550000	24.523879	-39.248455	0.000000	
431.600000	24.596357	-39.267740	0.000000	
431.650000	24.668835	-39.287025	0.000000	
431.700000	24.741314	-39.306310	0.000000	
431.750000	24.813792	-39.325595	0.000000	
431.800000	24.886270	-39.344880	0.000000	
431.850000	24.958748	-39.364165	0.000000	
431.900000	25.031227	-39.383449	0.000000	
431.950000	25.103705	-39.402734	0.000000	
432.000000	25.176183	-39.422019	0.000000	
432.050000	25.248661	-39.441304	0.000000	
432.100000	25.321139	-39.460589	0.000000	
432.150000	25.393618	-39.479874	0.000000	
432.200000	25.466096	-39.499159	0.000000	
432.250000	25.538574	-39.518444	0.000000	
432.300000	25.611052	-39.537728	0.000000	
432.350000	25.683531	-39.557013	0.000000	
432.400000	25.756009	-39.576298	0.000000	
432.450000	25.828487	-39.595583	0.000000	
432.500000	25.900965	-39.614868	0.000000	
432.550000	25.973444	-39.634153	0.000000	
432.600000	26.045922	-39.653438	0.000000	
432.650000	26.118400	-39.672722	0.000000	
432.700000	26.190878	-39.692007	0.000000	
432.750000	26.263356	-39.711292	0.000000	
432.800000	26.335835	-39.730577	0.000000	
432.850000	26.408313	-39.749862	0.000000	
432.900000	26.480791	-39.769147	0.000000	
432.950000	26.553269	-39.788432	0.000000	
433.000000	26.625748	-39.807716	0.000000	
433.050000	26.698226	-39.827001	0.000000	
433.100000	26.770704	-39.846286	0.000000	
433.150000	26.843182	-39.865571	0.000000	
433.200000	26.915661	-39.884856	0.000000	
433.250000	26.988139	-39.904141	0.000000	
433.300000	27.060617	-39.923426	0.000000	
433.350000	27.133095	-39.942710	0.000000	
433.400000	27.205574	-39.961995	0.000000	
433.450000	27.278052	-39.981280	0.000000	
433.500000	27.350530	-40.000565	0.000000	
433.550000	27.423008	-40.019850	0.000000	
433.600000	27.495486	-40.039135	0.000000	
433.650000	27.567965	-40.058420	0.000000	
433.700000	27.640443	-40.077705	0.000000	
433.750000	27.712921	-40.096989	0.000000	
433.800000	27.785399	-40.116274	0.000000	
433.850000	27.857878	-40.135559	0.000000	
433.900000	27.930356	-40.154844	0.000000	
433.950000	28.002834	-40.174129	0.000000	
434.000000	28.075312	-40.193414	0.000000	
434.050000	28.147791	-40.212699	0.000000	
434.100000	28.220269	-40.231983	0.000000	
434.150000	28.292747	-40.251268	0.000000	
434.200000	28.365225	-40.270553	0.000000	
434.250000	28.437703	-40.289838	0.000000	
434.300000	28.510182	-40.309123	0.000000	
434.350000	28.583275	-40.325024	0.000000	
434.400000	28.657905	-40.332461	0.000000	
434.450000	28.732535	-40.339898	0.000000	
434.500000	28.807166	-40.347335	0.000000	
434.550000	28.881796	-40.354772	0.000000	
434.600000	28.956426	-40.362209	0.000000	
434.650000	29.031057	-40.369647	0.000000	
434.700000	29.105687	-40.377084	0.000000	
434.750000	29.180317	-40.384521	0.000000	
434.800000	29.254948	-40.391958	0.000000	
434.850000	29.329578	-40.399395	0.000000	
434.900000	29.404208	-40.406833	0.000000	
434.950000	29.478839	-40.414270	0.000000	
435.000000	29.553469	-40.421707	0.000000	
435.050000	29.628099	-40.429144	0.000000	
435.100000	29.702730	-40.436581	0.000000	
435.150000	29.777360	-40.444018	0.000000	
435.200000	29.851991	-40.451456	0.000000	
435.250000	29.926621	-40.458893	0.000000	
435.300000	30.001251	-40.466330	0.000000	
435.350000	30.075882	-40.473767	0.000000	
435.400000	30.150512	-40.481204	0.000000	
435.450000	30.225142	-40.488641	0.000000	
435.500000	30.299773	-40.496079	0.000000	
435.550000	30.374403	-40.503516	0.000000	
435.600000	30.449033	-40.510953	0.000000	
435.650000	30.523664	-40.518390	0.000000	
435.700000	30.598294	-40.525827	0.000000	
435.750000	30.672924	-40.533264	0.000000	
435.800000	30.747555	-40.540702	0.000000	
435.850000	30.822185	-40.548139	0.000000	
435.900000	30.896815	-40.555576	0.000000	
435.950000	30.971446	-40.563013	0.000000	
436.000000	31.046076	-40.570450	0.000000	
436.050000	31.120706	-40.577887	0.000000	
436.100000	31.195337	-40.585325	0.000000	
436.150000	31.269967	-40.592762	0.000000	
436.200000	31.344597	-40.600199	0.000000	
436.250000	31.419228	-40.607636	0.000000	
436.300000	31.493858	-40.615073	0.000000	
436.350000	31.568488	-40.622511	0.000000	
436.400000	31.643119	-40.629948	0.000000	
436.450000	31.717749	-40.637385	0.000000	
436.500000	31.792379	-40.644822	0.000000	
436.550000	31.867010	-40.652259	0.000000	
436.600000	31.941640	-40.659696	0.000000	
436.650000	32.016271	-40.667134	0.000000	
436.700000	32.090901	-40.674571	0.000000	
436.750000	32.165531	-40.682008	0.000000	
436.800000	32.240162	-40.689445	0.000000	
436.850000	32.314792	-40.696882	0.000000	
436.900000	32.389422	-40.704319	0.000000	
436.950000	32.464053	-40.711757	0.000000	
437.000000	32.538683	-40.719194	0.000000	
437.050000	32.613313	-40.726631	0.000000	
437.100000	32.687944	-40.734068	0.000000	
437.150000	32.762574	-40.741505	0.000000	
437.200000	32.837204	-40.748942	0.000000	
437.250000	32.911835	-40.756380	0.000000	
437.300000	32.986465	-40.763817	0.000000	
437.350000	33.061095	-40.771254	0.000000	
437.400000	33.135726	-40.778691	0.000000	
437.450000	33.210356	-40.786128	0.000000	
437.500000	33.284986	-40.793565	0.000000	
437.550000	33.359617	-40.801003	0.000000	
437.600000	33.434247	-40.808440	0.000000	
437.650000	33.508877	-40.815877	0.000000	
437.700000	33.583508	-40.823314	0.000000	
437.750000	33.658138	-40.830751	0.000000	
437.800000	33.732768	-40.838188	0.000000	
437.850000	33.807399	-40.845626	0.000000	
437.900000	33.882029	-40.853063	0.000000	
437.950000	33.956660	-40.860500	0.000000	
438.000000	34.031290	-40.867937	0.000000	
438.050000	34.105920	-40.875374	0.000000	
438.100000	34.180551	-40.882812	0.000000	
438.150000	34.255181	-40.890249	0.000000	
438.200000	34.329811	-40.897686	0.000000	
438.250000	34.404442	-40.905123	0.000000	
438.300000	34.479072	-40.912560	0.000000	
438.350000	34.553702	-40.919997	0.000000	
438.400000	34.628333	-40.927435	0.000000	
438.450000	34.702963	-40.934872	0.000000	
438.500000	34.777593	-40.942309	0.000000	
438.550000	34.852224	-40.949746	0.000000	
438.600000	34.926854	-40.957183	0.000000	
438.650000	35.001484	-40.964620	0.000000	
438.700000	35.076115	-40.972058	0.000000	
438.750000	35.150745	-40.979495	0.000000	
438.800000	35.225375	-40.986932	0.000000	
438.850000	35.300006	-40.994369	0.000000	
438.900000	35.374636	-41.001806	0.000000	
438.950000	35.449266	-41.009243	0.000000	
439.000000	35.523897	-41.016681	0.000000	
439.050000	35.598527	-41.024118	0.000000	
439.100000	35.673157	-41.031555	0.000000	
439.150000	35.747788	-41.038992	0.000000	
439.200000	35.822418	-41.046429	0.000000	
439.250000	35.897048	-41.053866	0.000000	
439.300000	35.971679	-41.061304	0.000000	
439.350000	36.046309	-41.068741	0.000000	
439.400000	36.120940	-41.076178	0.000000	
439.450000	36.195570	-41.083615	0.000000	
439.500000	36.270200	-41.091052	0.000000	
439.550000	36.344831	-41.098490	0.000000	
439.600000	36.419461	-41.105927	0.000000	
439.650000	36.494091	-41.113364	0.000000	
439.700000	36.568722	-41.120801	0.000000	
439.750000	36.643352	-41.128238	0.000000	
439.800000	36.717982	-41.135675	0.000000	
439.850000	36.792613	-41.143113	0.000000	
439.900000	36.867243	-41.150550	0.000000	
439.950000	36.941873	-41.157987	0.000000	
440.000000	37.016504	-41.165424	0.000000	
440.050000	37.091134	-41.172861	0.000000	
440.100000	37.165764	-41.180298	0.000000	
440.150000	37.240395	-41.187736	0.000000	
440.200000	37.315025	-41.195173	0.000000	
440.250000	37.389655	-41.202610	0.000000	
440.300000	37.464286	-41.210047	0.000000	
440.350000	37.538916	-41.217484	0.000000	
440.400000	37.613546	-41.224921	0.000000	
440.450000	37.688177	-41.232359	0.000000	
440.500000	37.762807	-41.239796	0.000000	
440.550000	37.837437	-41.247233	0.000000	
440.600000	37.912068	-41.254670	0.000000	
440.650000	37.986698	-41.262107	0.000000	
440.700000	38.061329	-41.269544	0.000000	
440.750000	38.135959	-41.276982	0.000000	
440.800000	38.210589	-41.284419	0.000000	
440.850000	38.285220	-41.291856	0.000000	
440.900000	38.359850	-41.299293	0.000000	
440.950000	38.434480	-41.306730	0.000000	
441.000000	38.509111	-41.314168	0.000000	
441.050000	38.583741	-41.321605	0.000000	
441.100000	38.658371	-41.329042	0.000000	
441.150000	38.733002	-41.336479	0.000000	
441.200000	38.807632	-41.343916	0.000000	
441.250000	38.882262	-41.351353	0.000000	
441.300000	38.956893	-41.358791	0.000000	
441.350000	39.031523	-41.366228	0.000000	
441.400000	39.106153	-41.373665	0.000000	
441.450000	39.180784	-41.381102	0.000000	
441.500000	39.255414	-41.388539	0.000000	
441.550000	39.330044	-41.395976	0.000000	
441.600000	39.404675	-41.403414	0.000000	
441.650000	39.479305	-41.410851	0.000000	
441.700000	39.553935	-41.418288	0.000000	
441.750000	39.628566	-41.425725	0.000000	
441.800000	39.703196	-41.433162	0.000000	
441.850000	39.718043	-41.423061	0.000000	
441.900000	39.651223	-41.389002	0.000000	
441.950000	39.584403	-41.354942	0.000000	
442.000000	39.517583	-41.320883	0.000000	
442.050000	39.450762	-41.286823	0.000000	
442.100000	39.383942	-41.252764	0.000000	
442.150000	39.317122	-41.218704	0.000000	
442.200000	39.250301	-41.184645	0.000000	
442.250000	39.183481	-41.150585	0.000000	
442.300000	39.116661	-41.116526	0.000000	
442.350000	39.049841	-41.082466	0.000000	
442.400000	38.983020	-41.048406	0.000000	
442.450000	38.916200	-41.014347	0.000000	
442.500000	38.849380	-40.980287	0.000000	
442.550000	38.782560	-40.946228	0.000000	
442.600000	38.715739	-40.912168	0.000000	
442.650000	38.648919	-40.878109	0.000000	
442.700000	38.582099	-40.844049	0.000000	
442.750000	38.515278	-40.809990	0.000000	
442.800000	38.448458	-40.775930	0.000000	
442.850000	38.381638	-40.741871	0.000000	
442.900000	38.314818	-40.707811	0.000000	
442.950000	38.247997	-40.673752	0.000000	
443.000000	38.181177	-40.639692	0.000000	
443.050000	38.114357	-40.605633	0.000000	
443.100000	38.047537	-40.571573	0.000000	
443.150000	37.980716	-40.537514	0.000000	
443.200000	37.913896	-40.503454	0.000000	
443.250000	37.847076	-40.469395	0.000000	
443.300000	37.780255	-40.435335	0.000000	
443.350000	37.713435	-40.401276	0.000000	
443.400000	37.646615	-40.367216	0.000000	
443.450000	37.579795	-40.333157	0.000000	
443.500000	37.512974	-40.299097	0.000000	
443.550000	37.446154	-40.265038	0.000000	
443.600000	37.379334	-40.230978	0.000000	
443.650000	37.312513	-40.196919	0.000000	
443.700000	37.245693	-40.162859	0.000000	
443.750000	37.178873	-40.128799	0.000000	
443.800000	37.112053	-40.094740	0.000000	
443.850000	37.045232	-40.060680	0.000000	
443.900000	36.978412	-40.026621	0.000000	
443.950000	36.911592	-39.992561	0.000000	
444.000000	36.844772	-39.958502	0.000000	
444.050000	36.777951	-39.924442	0.000000	
444.100000	36.711131	-39.890383	0.000000	
444.150000	36.644311	-39.856323	0.000000	
444.200000	36.577490	-39.822264	0.000000	
444.250000	36.510670	-39.788204	0.000000	
444.300000	36.443850	-39.754145	0.000000	
444.350000	36.377030	-39.720085	0.000000	
444.400000	36.310209	-39.686026	0.000000	
444.450000	36.243389	-39.651966	0.000000	
444.500000	36.176569	-39.617907	0.000000	
444.550000	36.109749	-39.583847	0.000000	
444.600000	36.042928	-39.549788	0.000000	
444.650000	35.976108	-39.515728	0.000000	
444.700000	35.909288	-39.481669	0.000000	
444.750000	35.842467	-39.447609	0.000000	
444.800000	35.775647	-39.413550	0.000000	
444.850000	35.708827	-39.379490	0.000000	
444.900000	35.642007	-39.345431	0.000000	
444.950000	35.575186	-39.311371	0.000000	
445.000000	35.508366	-39.277312	0.000000	
445.050000	35.441546	-39.243252	0.000000	
445.100000	35.374726	-39.209192	0.000000	
445.150000	35.307905	-39.175133	0.000000	
445.200000	35.241085	-39.141073	0.000000	
445.250000	35.174265	-39.107014	0.000000	
445.300000	35.107444	-39.072954	0.000000	
445.350000	35.040624	-39.038895	0.000000	
445.400000	34.973804	-39.004835	0.000000	
445.450000	34.906984	-38.970776	0.000000	
445.500000	34.840163	-38.936716	0.000000	
445.550000	34.773343	-38.902657	0.000000	
445.600000	34.706523	-38.868597	0.000000	
445.650000	34.639702	-38.834538	0.000000	
445.700000	34.572882	-38.800478	0.000000	
445.750000	34.506062	-38.766419	0.000000	
445.800000	34.439242	-38.732359	0.000000	
445.850000	34.372421	-38.698300	0.000000	
445.900000	34.305601	-38.664240	0.000000	
445.950000	34.238781	-38.630181	0.000000	
446.000000	34.171961	-38.596121	0.000000	
446.050000	34.105140	-38.562062	0.000000	
446.100000	34.038320	-38.528002	0.000000	
446.150000	33.971500	-38.493943	0.000000	
446.200000	33.904679	-38.459883	0.000000	
446.250000	33.837859	-38.425824	0.000000	
446.300000	33.771039	-38.391764	0.000000	
446.350000	33.704219	-38.357705	0.000000	
446.400000	33.637398	-38.323645	0.000000	
446.450000	33.570578	-38.289585	0.000000	
446.500000	33.503758	-38.255526	0.000000	
446.550000	33.436938	-38.221466	0.000000	
446.600000	33.370117	-38.187407	0.000000	
446.650000	33.303297	-38.153347	0.000000	
446.700000	33.236477	-38.119288	0.000000	
446.750000	33.169656	-38.085228	0.000000	
446.800000	33.102836	-38.051169	0.000000	
446.850000	33.036016	-38.017109	0.000000	
446.900000	32.969196	-37.983050	0.000000	
446.950000	32.902375	-37.948990	0.000000	
447.000000	32.835555	-37.914931	0.000000	
447.050000	32.768735	-37.880871	0.000000	
447.100000	32.701914	-37.846812	0.000000	
447.150000	32.635094	-37.812752	0.000000	
447.200000	32.568274	-37.778693	0.000000	
447.250000	32.501454	-37.744633	0.000000	
447.300000	32.434633	-37.710574	0.000000	
447.350000	32.367813	-37.676514	0.000000	
447.400000	32.300993	-37.642455	0.000000	
447.450000	32.234173	-37.608395	0.000000	
447.500000	32.167352	-37.574336	0.000000	
447.550000	32.100532	-37.540276	0.000000	
447.600000	32.033712	-37.506217	0.000000	
447.650000	31.966891	-37.472157	0.000000	
447.700000	31.900071	-37.438098	0.000000	
447.750000	31.833251	-37.404038	0.000000	
447.800000	31.766431	-37.369978	0.000000	
447.850000	31.699610	-37.335919	0.000000	
447.900000	31.632790	-37.301859	0.000000	
447.950000	31.565970	-37.267800	0.000000	
448.000000	31.499150	-37.233740	0.000000	
448.050000	31.432329	-37.199681	0.000000	
448.100000	31.365509	-37.165621	0.000000	
448.150000	31.298689	-37.131562	0.000000	
448.200000	31.231868	-37.097502	0.000000	
448.250000	31.165048	-37.063443	0.000000	
448.300000	31.098228	-37.029383	0.000000	
448.350000	31.031408	-36.995324	0.000000	
448.400000	30.964587	-36.961264	0.000000	
448.450000	30.897767	-36.927205	0.000000	
448.500000	30.830947	-36.893145	0.000000	
448.550000	30.764127	-36.859086	0.000000	
448.600000	30.697306	-36.825026	0.000000	
448.650000	30.630486	-36.790967	0.000000	
448.700000	30.563666	-36.756907	0.000000	
448.750000	30.496845	-36.722848	0.000000	
448.800000	30.430025	-36.688788	0.000000	
448.850000	30.363205	-36.654729	0.000000	
448.900000	30.296385	-36.620669	0.000000	
448.950000	30.229564	-36.586610	0.000000	
449.000000	30.162744	-36.552550	0.000000	
449.050000	30.095924	-36.518491	0.000000	
449.100000	30.029103	-36.484431	0.000000	
449.150000	29.962283	-36.450371	0.000000	
449.200000	29.895463	-36.416312	0.000000	
449.250000	29.828643	-36.382252	0.000000	
449.300000	29.761822	-36.348193	0.000000	
449.350000	29.695002	-36.314133	0.000000	
449.400000	29.628182	-36.280074	0.000000	
449.450000	29.561362	-36.246014	0.000000	
449.500000	29.494541	-36.211955	0.000000	
449.550000	29.427721	-36.177895	0.000000	
449.600000	29.360901	-36.143836	0.000000	
449.650000	29.294080	-36.109776	0.000000	
449.700000	29.227260	-36.075717	0.000000	
449.750000	29.160440	-36.041657	0.000000	
449.800000	29.093620	-36.007598	0.000000	
449.850000	29.026799	-35.973538	0.000000	
449.900000	28.959979	-35.939479	0.000000	
449.950000	28.893159	-35.905419	0.000000	
450.000000	28.826339	-35.871360	0.000000	
450.050000	28.759518	-35.837300	0.000000	
450.100000	28.692698	-35.803241	0.000000	
450.150000	28.625878	-35.769181	0.000000	
450.200000	28.559057	-35.735122	0.000000	
450.250000	28.492237	-35.701062	0.000000	
450.300000	28.425417	-35.667003	0.000000	
450.350000	28.358597	-35.632943	0.000000	
450.400000	28.291776	-35.598884	0.000000	
450.450000	28.224956	-35.564824	0.000000	
450.500000	28.158136	-35.530764	0.000000	
450.550000	28.091315	-35.496705	0.000000	
450.600000	28.024495	-35.462645	0.000000	
450.650000	27.957675	-35.428586	0.000000	
450.700000	27.890855	-35.394526	0.000000	
450.750000	27.824034	-35.360467	0.000000	
450.800000	27.757214	-35.326407	0.000000	
450.850000	27.690394	-35.292348	0.000000	
450.900000	27.623574	-35.258288	0.000000	
450.950000	27.556753	-35.224229	0.000000	
451.000000	27.489933	-35.190169	0.000000	
451.050000	27.423113	-35.156110	0.000000	
451.100000	27.356292	-35.122050	0.000000	
451.150000	27.289472	-35.087991	0.000000	
451.200000	27.222652	-35.053931	0.000000	
451.250000	27.155832	-35.019872	0.000000	
451.300000	27.089011	-34.985812	0.000000	
451.350000	27.022191	-34.951753	0.000000	
451.400000	26.955371	-34.917693	0.000000	
451.450000	26.888551	-34.883634	0.000000	
451.500000	26.821730	-34.849574	0.000000	
451.550000	26.754910	-34.815515	0.000000	
451.600000	26.688090	-34.781455	0.000000	
451.650000	26.621269	-34.747396	0.000000	
451.700000	26.554449	-34.713336	0.000000	
451.750000	26.487629	-34.679277	0.000000	
451.800000	26.420809	-34.645217	0.000000	
451.850000	26.353988	-34.611158	0.000000	
451.900000	26.287168	-34.577098	0.000000	
451.950000	26.220348	-34.543038	0.000000	
452.000000	26.153527	-34.508979	0.000000	
452.050000	26.086707	-34.474919	0.000000	
452.100000	26.019887	-34.440860	0.000000	
452.150000	25.953067	-34.406800	0.000000	
452.200000	25.886246	-34.372741	0.000000	
452.250000	25.819426	-34.338681	0.000000	
452.300000	25.752606	-34.304622	0.000000	
452.350000	25.685786	-34.270562	0.000000	
452.400000	25.618965	-34.236503	0.000000	
452.450000	25.552145	-34.202443	0.000000	
452.500000	25.485325	-34.168384	0.000000	
452.550000	25.418504	-34.134324	0.000000	
452.600000	25.351684	-34.100265	0.000000	
452.650000	25.284864	-34.066205	0.000000	
452.700000	25.218044	-34.032146	0.000000	
452.750000	25.151223	-33.998086	0.000000	
452.800000	25.084403	-33.964027	0.000000	
452.850000	25.017583	-33.929967	0.000000	
452.900000	24.950763	-33.895908	0.000000	
452.950000	24.883942	-33.861848	0.000000	
453.000000	24.817122	-33.827789	0.000000	
453.050000	24.806621	-33.880937	0.000000	
453.100000	24.810177	-33.955853	0.000000	
453.150000	24.813734	-34.030769	0.000000	
453.200000	24.817290	-34.105684	0.000000	
453.250000	24.820846	-34.180600	0.000000	
453.300000	24.824403	-34.255516	0.000000	
453.350000	24.827959	-34.330431	0.000000	
453.400000	24.831515	-34.405347	0.000000	
453.450000	24.835071	-34.480262	0.000000	
453.500000	24.838628	-34.555178	0.000000	
453.550000	24.842184	-34.630094	0.000000	
453.600000	24.845740	-34.705009	0.000000	
453.650000	24.849296	-34.779925	0.000000	
453.700000	24.852853	-34.854841	0.000000	
453.750000	24.856409	-34.929756	0.000000	
453.800000	24.859965	-35.004672	0.000000	
453.850000	24.863522	-35.079588	0.000000	
453.900000	24.867078	-35.154503	0.000000	
453.950000	24.870634	-35.229419	0.000000	
454.000000	24.874190	-35.304334	0.000000	
454.050000	24.877747	-35.379250	0.000000	
454.100000	24.881303	-35.454166	0.000000	
454.150000	24.884859	-35.529081	0.000000	
454.200000	24.888415	-35.603997	0.000000	
454.250000	24.891972	-35.678913	0.000000	
454.300000	24.895528	-35.753828	0.000000	
454.350000	24.899084	-35.828744	0.000000	
454.400000	24.902641	-35.903660	0.000000	
454.450000	24.906197	-35.978575	0.000000	
454.500000	24.909753	-36.053491	0.000000	
454.550000	24.913309	-36.128407	0.000000	
454.600000	24.916866	-36.203322	0.000000	
454.650000	24.920422	-36.278238	0.000000	
454.700000	24.923978	-36.353153	0.000000	
454.750000	24.927534	-36.428069	0.000000	
454.800000	24.931091	-36.502985	0.000000	
454.850000	24.934647	-36.577900	0.000000	
454.900000	24.938203	-36.652816	0.000000	
454.950000	24.941760	-36.727732	0.000000	
455.000000	24.945316	-36.802647	0.000000	
455.050000	24.948872	-36.877563	0.000000	
455.100000	24.952428	-36.952479	0.000000	
455.150000	24.955985	-37.027394	0.000000	
455.200000	24.959541	-37.102310	0.000000	
455.250000	24.963097	-37.177225	0.000000	
455.300000	24.966653	-37.252141	0.000000	
455.350000	24.970210	-37.327057	0.000000	
455.400000	24.973766	-37.401972	0.000000	
455.450000	24.977322	-37.476888	0.000000	
455.500000	24.980879	-37.551804	0.000000	
455.550000	24.984435	-37.626719	0.000000	
455.600000	24.987991	-37.701635	0.000000	
455.650000	24.991547	-37.776551	0.000000	
455.700000	24.995104	-37.851466	0.000000	
455.750000	24.998660	-37.926382	0.000000	
455.800000	25.002216	-38.001297	0.000000	
455.850000	25.005773	-38.076213	0.000000	
455.900000	25.009329	-38.151129	0.000000	
455.950000	25.012885	-38.226044	0.000000	
456.000000	25.016441	-38.300960	0.000000	
456.050000	25.019998	-38.375876	0.000000	
456.100000	25.023554	-38.450791	0.000000	
456.150000	25.027110	-38.525707	0.000000	
456.200000	25.030666	-38.600623	0.000000	
456.250000	25.034223	-38.675538	0.000000	
456.300000	25.037779	-38.750454	0.000000	
456.350000	25.041335	-38.825370	0.000000	
456.400000	25.044892	-38.900285	0.000000	
456.450000	25.048448	-38.975201	0.000000	
456.500000	25.052004	-39.050116	0.000000	
456.550000	25.055560	-39.125032	0.000000	
456.600000	25.059117	-39.199948	0.000000	
456.650000	25.062673	-39.274863	0.000000	
456.700000	25.066229	-39.349779	0.000000	
456.750000	25.069785	-39.424695	0.000000	
456.800000	25.073342	-39.499610	0.000000	
456.850000	25.076898	-39.574526	0.000000	
456.900000	25.080454	-39.649442	0.000000	
456.950000	25.084011	-39.724357	0.000000	
457.000000	25.087567	-39.799273	0.000000	
457.050000	25.091123	-39.874188	0.000000	
457.100000	25.094679	-39.949104	0.000000	
457.150000	25.098236	-40.024020	0.000000	
457.200000	25.101792	-40.098935	0.000000	
457.250000	25.105348	-40.173851	0.000000	
457.300000	25.108904	-40.248767	0.000000	
457.350000	25.112461	-40.323682	0.000000	
457.400000	25.116017	-40.398598	0.000000	
457.450000	25.119573	-40.473514	0.000000	
457.500000	25.123130	-40.548429	0.000000	
457.550000	25.126686	-40.623345	0.000000	
457.600000	25.130242	-40.698260	0.000000	
457.650000	25.133798	-40.773176	0.000000	
457.700000	25.137355	-40.848092	0.000000	
457.750000	25.140911	-40.923007	0.000000	
457.800000	25.144467	-40.997923	0.000000	
457.850000	25.148023	-41.072839	0.000000	
457.900000	25.151580	-41.147754	0.000000	
457.950000	25.155136	-41.222670	0.000000	
458.000000	25.158692	-41.297586	0.000000	
458.050000	25.162249	-41.372501	0.000000	
458.100000	25.165805	-41.447417	0.000000	
458.150000	25.169361	-41.522332	0.000000	
458.200000	25.172917	-41.597248	0.000000	
458.250000	25.176474	-41.672164	0.000000	
458.300000	25.180030	-41.747079	0.000000	
458.350000	25.183586	-41.821995	0.000000	
458.400000	25.187142	-41.896911	0.000000	
458.450000	25.190699	-41.971826	0.000000	
458.500000	25.194255	-42.046742	0.000000	
458.550000	25.197811	-42.121658	0.000000	
458.600000	25.201368	-42.196573	0.000000	
458.650000	25.204924	-42.271489	0.000000	
458.700000	25.208480	-42.346405	0.000000	
458.750000	25.212036	-42.421320	0.000000	
458.800000	25.215593	-42.496236	0.000000	
458.850000	25.219149	-42.571151	0.000000	
458.900000	25.222705	-42.646067	0.000000	
458.950000	25.226262	-42.720983	0.000000	
459.000000	25.229818	-42.795898	0.000000	
459.050000	25.233374	-42.870814	0.000000	
459.100000	25.236930	-42.945730	0.000000	
459.150000	25.240487	-43.020645	0.000000	
459.200000	25.244043	-43.095561	0.000000	
459.250000	25.247599	-43.170477	0.000000	
459.300000	25.251155	-43.245392	0.000000	
459.350000	25.254712	-43.320308	0.000000	
459.400000	25.258268	-43.395223	0.000000	
459.450000	25.261824	-43.470139	0.000000	
459.500000	25.265381	-43.545055	0.000000	
459.550000	25.268937	-43.619970	0.000000	
459.600000	25.272493	-43.694886	0.000000	
459.650000	25.276049	-43.769802	0.000000	
459.700000	25.279606	-43.844717	0.000000	
459.750000	25.283162	-43.919633	0.000000	
459.800000	25.286718	-43.994549	0.000000	
459.850000	25.290274	-44.069464	0.000000	
459.900000	25.293831	-44.144380	0.000000	
459.950000	25.297387	-44.219295	0.000000	
460.000000	25.300943	-44.294211	0.000000	
460.050000	25.304500	-44.369127	0.000000	
460.100000	25.308056	-44.444042	0.000000	
460.150000	25.311612	-44.518958	0.000000	
460.200000	25.315168	-44.593874	0.000000	
460.250000	25.318725	-44.668789	0.000000	
460.300000	25.322281	-44.743705	0.000000	
460.350000	25.325837	-44.818621	0.000000	
460.400000	25.329393	-44.893536	0.000000	
460.450000	25.332950	-44.968452	0.000000	
460.500000	25.336506	-45.043368	0.000000	
460.550000	25.340062	-45.118283	0.000000	
460.600000	25.343619	-45.193199	0.000000	
460.650000	25.347175	-45.268114	0.000000	
460.700000	25.350731	-45.343030	0.000000	
460.750000	25.354287	-45.417946	0.000000	
460.800000	25.357844	-45.492861	0.000000	
460.850000	25.361400	-45.567777	0.000000	
460.900000	25.364956	-45.642693	0.000000	
460.950000	25.368512	-45.717608	0.000000	
461.000000	25.372069	-45.792524	0.000000	
461.050000	25.375625	-45.867440	0.000000	
461.100000	25.379181	-45.942355	0.000000	
461.150000	25.382738	-46.017271	0.000000	
461.200000	25.386294	-46.092186	0.000000	
461.250000	25.389850	-46.167102	0.000000	
461.300000	25.393406	-46.242018	0.000000	
461.350000	25.396963	-46.316933	0.000000	
461.400000	25.400519	-46.391849	0.000000	
461.450000	25.427546	-46.345666	0.000000	
461.500000	25.458833	-46.277504	0.000000	
461.550000	25.490120	-46.209341	0.000000	
461.600000	25.521407	-46.141179	0.000000	
461.650000	25.552694	-46.073016	0.000000	
461.700000	25.583980	-46.004853	0.000000	
461.750000	25.615267	-45.936691	0.000000	
461.800000	25.646554	-45.868528	0.000000	
461.850000	25.677841	-45.800366	0.000000	
461.900000	25.709128	-45.732203	0.000000	
461.950000	25.740415	-45.664041	0.000000	
462.000000	25.771702	-45.595878	0.000000	
462.050000	25.802989	-45.527716	0.000000	
462.100000	25.834276	-45.459553	0.000000	
462.150000	25.865563	-45.391391	0.000000	
462.200000	25.896850	-45.323228	0.000000	
462.250000	25.928136	-45.255066	0.000000	
462.300000	25.959423	-45.186903	0.000000	
462.350000	25.990710	-45.118741	0.000000	
462.400000	26.021997	-45.050578	0.000000	
462.450000	26.053284	-44.982416	0.000000	
462.500000	26.084571	-44.914253	0.000000	
462.550000	26.115858	-44.846091	0.000000	
462.600000	26.147145	-44.777928	0.000000	
462.650000	26.178432	-44.709766	0.000000	
462.700000	26.209719	-44.641603	0.000000	
462.750000	26.241006	-44.573441	0.000000	
462.800000	26.272293	-44.505278	0.000000	
462.850000	26.303579	-44.437116	0.000000	
462.900000	26.334866	-44.368953	0.000000	
462.950000	26.366153	-44.300790	0.000000	
463.000000	26.397440	-44.232628	0.000000	
463.050000	26.428727	-44.164465	0.000000	
463.100000	26.460014	-44.096303	0.000000	
463.150000	26.491301	-44.028140	0.000000	
463.200000	26.522588	-43.959978	0.000000	
463.250000	26.553875	-43.891815	0.000000	
463.300000	26.585162	-43.823653	0.000000	
463.350000	26.616449	-43.755490	0.000000	
463.400000	26.647735	-43.687328	0.000000	
463.450000	26.679022	-43.619165	0.000000	
463.500000	26.710309	-43.551003	0.000000	
463.550000	26.741596	-43.482840	0.000000	
463.600000	26.772883	-43.414678	0.000000	
463.650000	26.804170	-43.346515	0.000000	
463.700000	26.835457	-43.278353	0.000000	
463.750000	26.866744	-43.210190	0.000000	
463.800000	26.898031	-43.142028	0.000000	
463.850000	26.929318	-43.073865	0.000000	
463.900000	26.960605	-43.005703	0.000000	
463.950000	26.991892	-42.937540	0.000000	
464.000000	27.023178	-42.869378	0.000000	
464.050000	27.054465	-42.801215	0.000000	
464.100000	27.085752	-42.733053	0.000000	
464.150000	27.117039	-42.664890	0.000000	
464.200000	27.148326	-42.596727	0.000000	
464.250000	27.179613	-42.528565	0.000000	
464.300000	27.210900	-42.460402	0.000000	
464.350000	27.242187	-42.392240	0.000000	
464.400000	27.273474	-42.324077	0.000000	
464.450000	27.304761	-42.255915	0.000000	
464.500000	27.336048	-42.187752	0.000000	
464.550000	27.367334	-42.119590	0.000000	
464.600000	27.398621	-42.051427	0.000000	
464.650000	27.429908	-41.983265	0.000000	
464.700000	27.461195	-41.915102	0.000000	
464.750000	27.492482	-41.846940	0.000000	
464.800000	27.523769	-41.778777	0.000000	
464.850000	27.555056	-41.710615	0.000000	
464.900000	27.586343	-41.642452	0.000000	
464.950000	27.617630	-41.574290	0.000000	
465.000000	27.648917	-41.506127	0.000000	
465.050000	27.680204	-41.437965	0.000000	
465.100000	27.711491	-41.369802	0.000000	
465.150000	27.742777	-41.301640	0.000000	
465.200000	27.774064	-41.233477	0.000000	
465.250000	27.805351	-41.165315	0.000000	
465.300000	27.836638	-41.097152	0.000000	
465.350000	27.867925	-41.028990	0.000000	
465.400000	27.899212	-40.960827	0.000000	
465.450000	27.930499	-40.892665	0.000000	
465.500000	27.961786	-40.824502	0.000000	
465.550000	27.993073	-40.756339	0.000000	
465.600000	28.024360	-40.688177	0.000000	
465.650000	28.055647	-40.620014	0.000000	
465.700000	28.086933	-40.551852	0.000000	
465.750000	28.118220	-40.483689	0.000000	
465.800000	28.149507	-40.415527	0.000000	
465.850000	28.180794	-40.347364	0.000000	
465.900000	28.212081	-40.279202	0.000000	
465.950000	28.243368	-40.211039	0.000000	
466.000000	28.274655	-40.142877	0.000000	
466.050000	28.305942	-40.074714	0.000000	
466.100000	28.337229	-40.006552	0.000000	
466.150000	28.368516	-39.938389	0.000000	
466.200000	28.399803	-39.870227	0.000000	
466.250000	28.431090	-39.802064	0.000000	
466.300000	28.462376	-39.733902	0.000000	
466.350000	28.493663	-39.665739	0.000000	
466.400000	28.524950	-39.597577	0.000000	
466.450000	28.556237	-39.529414	0.000000	
466.500000	28.587524	-39.461252	0.000000	
466.550000	28.618811	-39.393089	0.000000	
466.600000	28.650098	-39.324927	0.000000	
466.650000	28.681385	-39.256764	0.000000	
466.700000	28.712672	-39.188602	0.000000	
466.750000	28.743959	-39.120439	0.000000	
466.800000	28.775246	-39.052276	0.000000	
466.850000	28.806532	-38.984114	0.000000	
466.900000	28.837819	-38.915951	0.000000	
466.950000	28.869106	-38.847789	0.000000	
467.000000	28.900393	-38.779626	0.000000	
467.050000	28.931680	-38.711464	0.000000	
467.100000	28.962967	-38.643301	0.000000	
467.150000	28.994254	-38.575139	0.000000	
467.200000	29.025541	-38.506976	0.000000	
467.250000	29.056828	-38.438814	0.000000	
467.300000	29.088115	-38.370651	0.000000	
467.350000	29.119402	-38.302489	0.000000	
467.400000	29.150689	-38.234326	0.000000	
467.450000	29.181975	-38.166164	0.000000	
467.500000	29.213262	-38.098001	0.000000	
467.550000	29.244549	-38.029839	0.000000	
467.600000	29.275836	-37.961676	0.000000	
467.650000	29.307123	-37.893514	0.000000	
467.700000	29.338410	-37.825351	0.000000	
467.750000	29.369697	-37.757189	0.000000	
467.800000	29.400984	-37.689026	0.000000	
467.850000	29.432271	-37.620864	0.000000	
467.900000	29.463558	-37.552701	0.000000	
467.950000	29.494845	-37.484539	0.000000	
468.000000	29.526131	-37.416376	0.000000	
468.050000	29.557418	-37.348213	0.000000	
468.100000	29.588705	-37.280051	0.000000	
468.150000	29.619992	-37.211888	0.000000	
468.200000	29.651279	-37.143726	0.000000	
468.250000	29.682566	-37.075563	0.000000	
468.300000	29.713853	-37.007401	0.000000	
468.350000	29.745140	-36.939238	0.000000	
468.400000	29.704583	-36.891333	0.000000	
468.450000	29.642297	-36.849554	0.000000	
468.500000	29.580011	-36.807776	0.000000	
468.550000	29.517725	-36.765997	0.000000	
468.600000	29.455439	-36.724219	0.000000	
468.650000	29.393153	-36.682440	0.000000	
468.700000	29.330867	-36.640662	0.000000	
468.750000	29.268581	-36.598883	0.000000	
468.800000	29.206295	-36.557105	0.000000	
468.850000	29.144009	-36.515326	0.000000	
468.900000	29.081723	-36.473548	0.000000	
468.950000	29.019437	-36.431769	0.000000	
469.000000	28.957151	-36.389990	0.000000	
469.050000	28.894865	-36.348212	0.000000	
469.100000	28.832578	-36.306433	0.000000	
469.150000	28.770292	-36.264655	0.000000	
469.200000	28.708006	-36.222876	0.000000	
469.250000	28.645720	-36.181098	0.000000	
469.300000	28.583434	-36.139319	0.000000	
469.350000	28.521148	-36.097541	0.000000	
469.400000	28.458862	-36.055762	0.000000	
469.450000	28.396576	-36.013984	0.000000	
469.500000	28.334290	-35.972205	0.000000	
469.550000	28.272004	-35.930427	0.000000	
469.600000	28.209718	-35.888648	0.000000	
469.650000	28.147432	-35.846869	0.000000	
469.700000	28.085146	-35.805091	0.000000	
469.750000	28.022860	-35.763312	0.000000	
469.800000	27.960574	-35.721534	0.000000	
469.850000	27.898288	-35.679755	0.000000	
469.900000	27.836001	-35.637977	0.000000	
469.950000	27.773715	-35.596198	0.000000	
470.000000	27.711429	-35.554420	0.000000	
470.050000	27.649143	-35.512641	0.000000	
470.100000	27.586857	-35.470863	0.000000	
470.150000	27.524571	-35.429084	0.000000	
470.200000	27.462285	-35.387306	0.000000	
470.250000	27.399999	-35.345527	0.000000	
470.300000	27.337713	-35.303748	0.000000	
470.350000	27.275427	-35.261970	0.000000	
470.400000	27.213141	-35.220191	0.000000	
470.450000	27.150855	-35.178413	0.000000	
470.500000	27.088569	-35.136634	0.000000	
470.550000	27.026283	-35.094856	0.000000	
470.600000	26.963997	-35.053077	0.000000	
470.650000	26.901711	-35.011299	0.000000	
470.700000	26.839424	-34.969520	0.000000	
470.750000	26.777138	-34.927742	0.000000	
470.800000	26.714852	-34.885963	0.000000	
470.850000	26.652566	-34.844185	0.000000	
470.900000	26.590280	-34.802406	0.000000	
470.950000	26.527994	-34.760627	0.000000	
471.000000	26.465708	-34.718849	0.000000	
471.050000	26.403422	-34.677070	0.000000	
471.100000	26.341136	-34.635292	0.000000	
471.150000	26.278850	-34.593513	0.000000	
471.200000	26.216564	-34.551735	0.000000	
471.250000	26.154278	-34.509956	0.000000	
471.300000	26.091992	-34.468178	0.000000	
471.350000	26.029706	-34.426399	0.000000	
471.400000	25.967420	-34.384621	0.000000	
471.450000	25.905133	-34.342842	0.000000	
471.500000	25.842847	-34.301064	0.000000	
471.550000	25.780561	-34.259285	0.000000	
471.600000	25.718275	-34.217506	0.000000	
471.650000	25.655989	-34.175728	0.000000	
471.700000	25.593703	-34.133949	0.000000	
471.750000	25.531417	-34.092171	0.000000	
471.800000	25.469131	-34.050392	0.000000	
471.850000	25.406845	-34.008614	0.000000	
471.900000	25.344559	-33.966835	0.000000	
471.950000	25.282273	-33.925057	0.000000	
472.000000	25.219987	-33.883278	0.000000	
472.050000	25.157701	-33.841500	0.000000	
472.100000	25.095415	-33.799721	0.000000	
472.150000	25.033129	-33.757943	0.000000	
472.200000	24.970843	-33.716164	0.000000	
472.250000	24.908556	-33.674385	0.000000	
472.300000	24.846270	-33.632607	0.000000	
472.350000	24.783984	-33.590828	0.000000	
472.400000	24.721698	-33.549050	0.000000	
472.450000	24.659412	-33.507271	0.000000	
472.500000	24.597126	-33.465493	0.000000	
472.550000	24.534840	-33.423714	0.000000	
472.600000	24.472554	-33.381936	0.000000	
472.650000	24.410268	-33.340157	0.000000	
472.700000	24.347982	-33.298379	0.000000	
472.750000	24.285696	-33.256600	0.000000	
472.800000	24.223410	-33.214822	0.000000	
472.850000	24.161124	-33.173043	0.000000	
472.900000	24.098838	-33.131264	0.000000	
472.950000	24.036552	-33.089486	0.000000	
473.000000	23.974266	-33.047707	0.000000	
473.050000	23.911979	-33.005929	0.000000	
473.100000	23.849693	-32.964150	0.000000	
473.150000	23.787407	-32.922372	0.000000	
473.200000	23.725121	-32.880593	0.000000	
473.250000	23.662835	-32.838815	0.000000	
473.300000	23.600549	-32.797036	0.000000	
473.350000	23.538263	-32.755258	0.000000	
473.400000	23.475977	-32.713479	0.000000	
473.450000	23.413691	-32.671701	0.000000	
473.500000	23.351405	-32.629922	0.000000	
473.550000	23.289119	-32.588143	0.000000	
473.600000	23.226833	-32.546365	0.000000	
473.650000	23.164547	-32.504586	0.000000	
473.700000	23.102261	-32.462808	0.000000	
473.750000	23.039975	-32.421029	0.000000	
473.800000	22.977689	-32.379251	0.000000	
473.850000	22.915402	-32.337472	0.000000	
473.900000	22.853116	-32.295694	0.000000	
473.950000	22.790830	-32.253915	0.000000	
474.000000	22.728544	-32.212137	0.000000	
474.050000	22.666258	-32.170358	0.000000	
474.100000	22.603972	-32.128580	0.000000	
474.150000	22.541686	-32.086801	0.000000	
474.200000	22.479400	-32.045022	0.000000	
474.250000	22.417114	-32.003244	0.000000	
474.300000	22.354828	-31.961465	0.000000	
474.350000	22.292542	-31.919687	0.000000	
474.400000	22.230256	-31.877908	0.000000	
474.450000	22.167970	-31.836130	0.000000	
474.500000	22.105684	-31.794351	0.000000	
474.550000	22.043398	-31.752573	0.000000	
474.600000	21.981111	-31.710794	0.000000	
474.650000	21.918825	-31.669016	0.000000	
474.700000	21.886546	-31.657235	0.000000	
474.750000	21.928340	-31.719510	0.000000	
474.800000	21.970135	-31.781785	0.000000	
474.850000	22.011930	-31.844060	0.000000	
474.900000	22.053725	-31.906335	0.000000	
474.950000	22.095520	-31.968611	0.000000	
475.000000	22.137315	-32.030886	0.000000	
475.050000	22.179110	-32.093161	0.000000	
475.100000	22.220905	-32.155436	0.000000	
475.150000	22.262700	-32.217711	0.000000	
475.200000	22.304495	-32.279986	0.000000	
475.250000	22.346290	-32.342261	0.000000	
475.300000	22.388085	-32.404536	0.000000	
475.350000	22.429880	-32.466811	0.000000	
475.400000	22.471675	-32.529086	0.000000	
475.450000	22.513470	-32.591361	0.000000	
475.500000	22.555265	-32.653636	0.000000	
475.550000	22.597060	-32.715911	0.000000	
475.600000	22.638855	-32.778186	0.000000	
475.650000	22.680650	-32.840461	0.000000	
475.700000	22.722445	-32.902736	0.000000	
475.750000	22.764240	-32.965011	0.000000	
475.800000	22.806035	-33.027286	0.000000	
475.850000	22.847829	-33.089561	0.000000	
475.900000	22.889624	-33.151836	0.000000	
475.950000	22.931419	-33.214112	0.000000	
476.000000	22.973214	-33.276387	0.000000	
476.050000	23.015009	-33.338662	0.000000	
476.100000	23.056804	-33.400937	0.000000	
476.150000	23.098599	-33.463212	0.000000	
476.200000	23.140394	-33.525487	0.000000	
476.250000	23.182189	-33.587762	0.000000	
476.300000	23.223984	-33.650037	0.000000	
476.350000	23.265779	-33.712312	0.000000	
476.400000	23.307574	-33.774587	0.000000	
476.450000	23.349369	-33.836862	0.000000	
476.500000	23.391164	-33.899137	0.000000	
476.550000	23.432959	-33.961412	0.000000	
476.600000	23.474754	-34.023687	0.000000	
476.650000	23.516549	-34.085962	0.000000	
476.700000	23.558344	-34.148237	0.000000	
476.750000	23.600139	-34.210512	0.000000	
476.800000	23.641934	-34.272787	0.000000	
476.850000	23.683729	-34.335062	0.000000	
476.900000	23.725524	-34.397337	0.000000	
476.950000	23.767318	-34.459612	0.000000	
477.000000	23.809113	-34.521888	0.000000	
477.050000	23.850908	-34.584163	0.000000	
477.100000	23.892703	-34.646438	0.000000	
477.150000	23.934498	-34.708713	0.000000	
477.200000	23.976293	-34.770988	0.000000	
477.250000	24.018088	-34.833263	0.000000	
477.300000	24.059883	-34.895538	0.000000	
477.350000	24.101678	-34.957813	0.000000	
477.400000	24.143473	-35.020088	0.000000	
477.450000	24.185268	-35.082363	0.000000	
477.500000	24.227063	-35.144638	0.000000	
477.550000	24.268858	-35.206913	0.000000	
477.600000	24.310653	-35.269188	0.000000	
477.650000	24.352448	-35.331463	0.000000	
477.700000	24.394243	-35.393738	0.000000	
477.750000	24.436038	-35.456013	0.000000	
477.800000	24.477833	-35.518288	0.000000	
477.850000	24.519628	-35.580563	0.000000	
477.900000	24.561423	-35.642838	0.000000	
477.950000	24.603218	-35.705113	0.000000	
478.000000	24.645013	-35.767389	0.000000	
478.050000	24.686808	-35.829664	0.000000	
478.100000	24.728602	-35.891939	0.000000	
478.150000	24.770397	-35.954214	0.000000	
478.200000	24.812192	-36.016489	0.000000	
478.250000	24.853987	-36.078764	0.000000	
478.300000	24.895782	-36.141039	0.000000	
478.350000	24.937577	-36.203314	0.000000	
478.400000	24.979372	-36.265589	0.000000	
478.450000	25.021167	-36.327864	0.000000	
478.500000	25.062962	-36.390139	0.000000	
478.550000	25.104757	-36.452414	0.000000	
478.600000	25.146552	-36.514689	0.000000	
478.650000	25.188347	-36.576964	0.000000	
478.700000	25.230142	-36.639239	0.000000	
478.750000	25.271937	-36.701514	0.000000	
478.800000	25.313732	-36.763789	0.000000	
478.850000	25.355527	-36.826064	0.000000	
478.900000	25.397322	-36.888339	0.000000	
478.950000	25.439117	-36.950614	0.000000	
479.000000	25.480912	-37.012889	0.000000	
479.050000	25.522707	-37.075165	0.000000	
479.100000	25.564502	-37.137440	0.000000	
479.150000	25.606297	-37.199715	0.000000	
479.200000	25.648091	-37.261990	0.000000	
479.250000	25.689886	-37.324265	0.000000	
479.300000	25.731681	-37.386540	0.000000	
479.350000	25.773476	-37.448815	0.000000	
479.400000	25.815271	-37.511090	0.000000	
479.450000	25.857066	-37.573365	0.000000	
479.500000	25.898861	-37.635640	0.000000	
479.550000	25.940656	-37.697915	0.000000	
479.600000	25.982451	-37.760190	0.000000	
479.650000	26.024246	-37.822465	0.000000	
479.700000	26.066041	-37.884740	0.000000	
479.750000	26.107836	-37.947015	0.000000	
479.800000	26.149631	-38.009290	0.000000	
479.850000	26.191426	-38.071565	0.000000	
479.900000	26.233221	-38.133840	0.000000	
479.950000	26.275016	-38.196115	0.000000	
480.000000	26.316811	-38.258390	0.000000	
480.050000	26.358606	-38.320666	0.000000	
480.100000	26.400401	-38.382941	0.000000	
480.150000	26.442196	-38.445216	0.000000	
480.200000	26.483991	-38.507491	0.000000	
480.250000	26.525786	-38.569766	0.000000	
480.300000	26.567581	-38.632041	0.000000	
480.350000	26.609375	-38.694316	0.000000	
480.400000	26.651170	-38.756591	0.000000	
480.450000	26.692965	-38.818866	0.000000	
480.500000	26.734760	-38.881141	0.000000	
480.550000	26.776555	-38.943416	0.000000	
480.600000	26.818350	-39.005691	0.000000	
480.650000	26.860145	-39.067966	0.000000	
480.700000	26.901940	-39.130241	0.000000	
480.750000	26.943735	-39.192516	0.000000	
480.800000	26.985530	-39.254791	0.000000	
480.850000	27.027325	-39.317066	0.000000	
480.900000	27.069120	-39.379341	0.000000	
480.950000	27.110915	-39.441616	0.000000	
481.000000	27.152710	-39.503891	0.000000	
481.050000	27.194505	-39.566166	0.000000	
481.100000	27.236300	-39.628442	0.000000	
481.150000	27.278095	-39.690717	0.000000	
481.200000	27.319890	-39.752992	0.000000	
481.250000	27.361685	-39.815267	0.000000	
481.300000	27.403480	-39.877542	0.000000	
481.350000	27.445275	-39.939817	0.000000	
481.400000	27.487070	-40.002092	0.000000	
481.450000	27.528864	-40.064367	0.000000	
481.500000	27.570659	-40.126642	0.000000	
481.550000	27.612454	-40.188917	0.000000	
481.600000	27.654249	-40.251192	0.000000	
481.650000	27.696044	-40.313467	0.000000	
481.700000	27.737839	-40.375742	0.000000	
481.750000	27.779634	-40.438017	0.000000	
481.800000	27.821429	-40.500292	0.000000	
481.850000	27.863224	-40.562567	0.000000	
481.900000	27.905019	-40.624842	0.000000	
481.950000	27.946814	-40.687117	0.000000	
482.000000	27.988609	-40.749392	0.000000	
482.050000	28.030404	-40.811667	0.000000	
482.100000	28.072199	-40.873943	0.000000	
482.150000	28.113994	-40.936218	0.000000	
482.200000	28.155789	-40.998493	0.000000	
482.250000	28.197584	-41.060768	0.000000	
482.300000	28.239379	-41.123043	0.000000	
482.350000	28.281174	-41.185318	0.000000	
482.400000	28.322969	-41.247593	0.000000	
482.450000	28.364764	-41.309868	0.000000	
482.500000	28.406559	-41.372143	0.000000	
482.550000	28.448353	-41.434418	0.000000	
482.600000	28.490148	-41.496693	0.000000	
482.650000	28.531943	-41.558968	0.000000	
482.700000	28.573738	-41.621243	0.000000	
482.750000	28.615533	-41.683518	0.000000	
482.800000	28.657328	-41.745793	0.000000	
482.850000	28.699123	-41.808068	0.000000	
482.900000	28.740918	-41.870343	0.000000	
482.950000	28.782713	-41.932618	0.000000	
483.000000	28.824508	-41.994893	0.000000	
483.050000	28.866303	-42.057168	0.000000	
483.100000	28.908098	-42.119443	0.000000	
483.150000	28.949893	-42.181719	0.000000	
483.200000	28.991688	-42.243994	0.000000	
483.250000	29.033483	-42.306269	0.000000	
483.300000	29.075278	-42.368544	0.000000	
483.350000	29.117073	-42.430819	0.000000	
483.400000	29.158868	-42.493094	0.000000	
483.450000	29.200663	-42.555369	0.000000	
483.500000	29.242458	-42.617644	0.000000	
483.550000	29.284253	-42.679919	0.000000	
483.600000	29.326048	-42.742194	0.000000	
483.650000	29.367843	-42.804469	0.000000	
483.700000	29.409637	-42.866744	0.000000	
483.750000	29.451432	-42.929019	0.000000	
483.800000	29.493227	-42.991294	0.000000	
483.850000	29.535022	-43.053569	0.000000	
483.900000	29.576817	-43.115844	0.000000	
483.950000	29.618612	-43.178119	0.000000	
484.000000	29.660407	-43.240394	0.000000	
484.050000	29.702202	-43.302669	0.000000	
484.100000	29.743997	-43.364944	0.000000	
484.150000	29.785792	-43.427220	0.000000	
484.200000	29.827587	-43.489495	0.000000	
484.250000	29.869382	-43.551770	0.000000	
484.300000	29.911177	-43.614045	0.000000	
484.350000	29.952972	-43.676320	0.000000	
484.400000	29.994767	-43.738595	0.000000	
484.450000	29.999413	-43.697671	0.000000	
484.500000	29.991928	-43.623045	0.000000	
484.550000	29.984443	-43.548419	0.000000	
484.600000	29.976958	-43.473794	0.000000	
484.650000	29.969472	-43.399168	0.000000	
484.700000	29.961987	-43.324543	0.000000	
484.750000	29.954502	-43.249917	0.000000	
484.800000	29.947017	-43.175292	0.000000	
484.850000	29.939532	-43.100666	0.000000	
484.900000	29.932046	-43.026041	0.000000	
484.950000	29.924561	-42.951415	0.000000	
485.000000	29.917076	-42.876790	0.000000	
485.050000	29.909591	-42.802164	0.000000	
485.100000	29.902106	-42.727539	0.000000	
485.150000	29.894620	-42.652913	0.000000	
485.200000	29.887135	-42.578287	0.000000	
485.250000	29.879650	-42.503662	0.000000	
485.300000	29.872165	-42.429036	0.000000	
485.350000	29.864680	-42.354411	0.000000	
485.400000	29.857194	-42.279785	0.000000	
485.450000	29.849709	-42.205160	0.000000	
485.500000	29.842224	-42.130534	0.000000	
485.550000	29.834739	-42.055909	0.000000	
485.600000	29.827254	-41.981283	0.000000	
485.650000	29.819768	-41.906658	0.000000	
485.700000	29.812283	-41.832032	0.000000	
485.750000	29.804798	-41.757406	0.000000	
485.800000	29.797313	-41.682781	0.000000	
485.850000	29.789828	-41.608155	0.000000	
485.900000	29.782342	-41.533530	0.000000	
485.950000	29.774857	-41.458904	0.000000	
486.000000	29.767372	-41.384279	0.000000	
486.050000	29.759887	-41.309653	0.000000	
486.100000	29.752402	-41.235028	0.000000	
486.150000	29.744916	-41.160402	0.000000	
486.200000	29.737431	-41.085777	0.000000	
486.250000	29.729946	-41.011151	0.000000	
486.300000	29.722461	-40.936525	0.000000	
486.350000	29.714976	-40.861900	0.000000	
486.400000	29.707490	-40.787274	0.000000	
486.450000	29.700005	-40.712649	0.000000	
486.500000	29.692520	-40.638023	0.000000	
486.550000	29.685035	-40.563398	0.000000	
486.600000	29.677550	-40.488772	0.000000	
486.650000	29.670064	-40.414147	0.000000	
486.700000	29.662579	-40.339521	0.000000	
486.750000	29.655094	-40.264896	0.000000	
486.800000	29.647609	-40.190270	0.000000	
486.850000	29.640124	-40.115644	0.000000	
486.900000	29.632638	-40.041019	0.000000	
486.950000	29.625153	-39.966393	0.000000	
487.000000	29.617668	-39.891768	0.000000	
487.050000	29.610183	-39.817142	0.000000	
487.100000	29.602698	-39.742517	0.000000	
487.150000	29.595212	-39.667891	0.000000	
487.200000	29.587727	-39.593266	0.000000	
487.250000	29.580242	-39.518640	0.000000	
487.300000	29.572757	-39.444015	0.000000	
487.350000	29.565272	-39.369389	0.000000	
487.400000	29.557786	-39.294763	0.000000	
487.450000	29.550301	-39.220138	0.000000	
487.500000	29.542816	-39.145512	0.000000	
487.550000	29.535331	-39.070887	0.000000	
487.600000	29.527846	-38.996261	0.000000	
487.650000	29.520360	-38.921636	0.000000	
487.700000	29.512875	-38.847010	0.000000	
487.750000	29.505390	-38.772385	0.000000	
487.800000	29.497905	-38.697759	0.000000	
487.850000	29.490420	-38.623134	0.000000	
487.900000	29.482934	-38.548508	0.000000	
487.950000	29.475449	-38.473883	0.000000	
488.000000	29.467964	-38.399257	0.000000	
488.050000	29.460479	-38.324631	0.000000	
488.100000	29.452994	-38.250006	0.000000	
488.150000	29.445508	-38.175380	0.000000	
488.200000	29.438023	-38.100755	0.000000	
488.250000	29.430538	-38.026129	0.000000	
488.300000	29.423053	-37.951504	0.000000	
488.350000	29.415568	-37.876878	0.000000	
488.400000	29.408082	-37.802253	0.000000	
488.450000	29.400597	-37.727627	0.000000	
488.500000	29.393112	-37.653002	0.000000	
488.550000	29.385627	-37.578376	0.000000	
488.600000	29.378142	-37.503750	0.000000	
488.650000	29.370656	-37.429125	0.000000	
488.700000	29.363171	-37.354499	0.000000	
488.750000	29.355686	-37.279874	0.000000	
488.800000	29.348201	-37.205248	0.000000	
488.850000	29.340716	-37.130623	0.000000	
488.900000	29.333230	-37.055997	0.000000	
488.950000	29.325745	-36.981372	0.000000	
489.000000	29.318260	-36.906746	0.000000	
489.050000	29.310775	-36.832121	0.000000	
489.100000	29.303290	-36.757495	0.000000	
489.150000	29.295804	-36.682869	0.000000	
489.200000	29.288319	-36.608244	0.000000	
489.250000	29.280834	-36.533618	0.000000	
489.300000	29.273349	-36.458993	0.000000	
489.350000	29.265864	-36.384367	0.000000	
489.400000	29.258378	-36.309742	0.000000	
489.450000	29.250893	-36.235116	0.000000	
489.500000	29.243408	-36.160491	0.000000	
489.550000	29.235923	-36.085865	0.000000	
489.600000	29.228438	-36.011240	0.000000	
489.650000	29.220952	-35.936614	0.000000	
489.700000	29.213467	-35.861988	0.000000	
489.750000	29.205982	-35.787363	0.000000	
489.800000	29.198497	-35.712737	0.000000	
489.850000	29.191012	-35.638112	0.000000	
489.900000	29.183526	-35.563486	0.000000	
489.950000	29.176041	-35.488861	0.000000	
490.000000	29.168556	-35.414235	0.000000	
490.050000	29.161071	-35.339610	0.000000	
490.100000	29.153586	-35.264984	0.000000	
490.150000	29.146100	-35.190359	0.000000	
490.200000	29.138615	-35.115733	0.000000	
490.250000	29.131130	-35.041107	0.000000	
490.300000	29.123645	-34.966482	0.000000	
490.350000	29.116160	-34.891856	0.000000	
490.400000	29.108674	-34.817231	0.000000	
490.450000	29.101189	-34.742605	0.000000	
490.500000	29.093704	-34.667980	0.000000	
490.550000	29.086219	-34.593354	0.000000	
490.600000	29.078734	-34.518729	0.000000	
490.650000	29.071248	-34.444103	0.000000	
490.700000	29.063763	-34.369478	0.000000	
490.750000	29.056278	-34.294852	0.000000	
490.800000	29.048793	-34.220227	0.000000	
490.850000	29.041308	-34.145601	0.000000	
490.900000	29.033822	-34.070975	0.000000	
490.950000	29.026337	-33.996350	0.000000	
491.000000	29.018852	-33.921724	0.000000	
491.050000	29.011367	-33.847099	0.000000	
491.100000	29.003882	-33.772473	0.000000	
491.150000	28.996396	-33.697848	0.000000	
491.200000	28.988911	-33.623222	0.000000	
491.250000	28.981426	-33.548597	0.000000	
491.300000	28.973941	-33.473971	0.000000	
491.350000	28.966456	-33.399346	0.000000	
491.400000	28.958970	-33.324720	0.000000	
491.450000	28.951485	-33.250094	0.000000	
491.500000	28.944000	-33.175469	0.000000	
491.550000	28.936515	-33.100843	0.000000	
491.600000	28.929030	-33.026218	0.000000	
491.650000	28.921544	-32.951592	0.000000	
491.700000	28.914059	-32.876967	0.000000	
491.750000	28.906574	-32.802341	0.000000	
491.800000	28.899089	-32.727716	0.000000	
491.850000	28.891604	-32.653090	0.000000	
491.900000	28.884118	-32.578465	0.000000	
491.950000	28.876633	-32.503839	0.000000	
492.000000	28.869148	-32.429213	0.000000	
492.050000	28.861663	-32.354588	0.000000	
492.100000	28.854178	-32.279962	0.000000	
492.150000	28.846692	-32.205337	0.000000	
492.200000	28.839207	-32.130711	0.000000	
492.250000	28.831722	-32.056086	0.000000	
492.300000	28.824237	-31.981460	0.000000	
492.350000	28.816752	-31.906835	0.000000	
492.400000	28.809266	-31.832209	0.000000	
492.450000	28.801781	-31.757584	0.000000	
492.500000	28.794296	-31.682958	0.000000	
492.550000	28.786811	-31.608332	0.000000	
492.600000	28.779326	-31.533707	0.000000	
492.650000	28.771840	-31.459081	0.000000	
492.700000	28.764355	-31.384456	0.000000	
492.750000	28.756870	-31.309830	0.000000	
492.800000	28.749385	-31.235205	0.000000	
492.850000	28.741900	-31.160579	0.000000	
492.900000	28.734414	-31.085954	0.000000	
492.950000	28.726929	-31.011328	0.000000	
493.000000	28.719444	-30.936703	0.000000	
493.050000	28.711959	-30.862077	0.000000	
493.100000	28.704474	-30.787452	0.000000	
493.150000	28.696988	-30.712826	0.000000	
493.200000	28.670037	-30.686263	0.000000	
493.250000	28.612732	-30.734648	0.000000	
493.300000	28.555426	-30.783033	0.000000	
493.350000	28.498120	-30.831417	0.000000	
493.400000	28.440815	-30.879802	0.000000	
493.450000	28.383509	-30.928186	0.000000	
493.500000	28.326203	-30.976571	0.000000	
493.550000	28.268898	-31.024955	0.000000	
493.600000	28.211592	-31.073340	0.000000	
493.650000	28.154286	-31.121724	0.000000	
493.700000	28.096981	-31.170109	0.000000	
493.750000	28.039675	-31.218493	0.000000	
493.800000	27.982369	-31.266878	0.000000	
493.850000	27.925064	-31.315262	0.000000	
493.900000	27.867758	-31.363647	0.000000	
493.950000	27.810453	-31.412032	0.000000	
494.000000	27.753147	-31.460416	0.000000	
494.050000	27.695841	-31.508801	0.000000	
494.100000	27.638536	-31.557185	0.000000	
494.150000	27.581230	-31.605570	0.000000	
494.200000	27.523924	-31.653954	0.000000	
494.250000	27.466619	-31.702339	0.000000	
494.300000	27.409313	-31.750723	0.000000	
494.350000	27.352007	-31.799108	0.000000	
494.400000	27.294702	-31.847492	0.000000	
494.450000	27.237396	-31.895877	0.000000	
494.500000	27.180091	-31.944261	0.000000	
494.550000	27.122785	-31.992646	0.000000	
494.600000	27.065479	-32.041031	0.000000	
494.650000	27.008174	-32.089415	0.000000	
494.700000	26.950868	-32.137800	0.000000	
494.750000	26.893562	-32.186184	0.000000	
494.800000	26.836257	-32.234569	0.000000	
494.850000	26.778951	-32.282953	0.000000	
494.900000	26.721645	-32.331338	0.000000	
494.950000	26.664340	-32.379722	0.000000	
495.000000	26.607034	-32.428107	0.000000	
495.050000	26.549728	-32.476491	0.000000	
495.100000	26.492423	-32.524876	0.000000	
495.150000	26.435117	-32.573260	0.000000	
495.200000	26.377812	-32.621645	0.000000	
495.250000	26.320506	-32.670030	0.000000	
495.300000	26.263200	-32.718414	0.000000	
495.350000	26.205895	-32.766799	0.000000	
495.400000	26.148589	-32.815183	0.000000	
495.450000	26.091283	-32.863568	0.000000	
495.500000	26.033978	-32.911952	0.000000	
495.550000	25.976672	-32.960337	0.000000	
495.600000	25.919366	-33.008721	0.000000	
495.650000	25.862061	-33.057106	0.000000	
495.700000	25.804755	-33.105490	0.000000	
495.750000	25.747449	-33.153875	0.000000	
495.800000	25.690144	-33.202259	0.000000	
495.850000	25.632838	-33.250644	0.000000	
495.900000	25.575533	-33.299029	0.000000	
495.950000	25.518227	-33.347413	0.000000	
496.000000	25.460921	-33.395798	0.000000	
496.050000	25.403616	-33.444182	0.000000	
496.100000	25.346310	-33.492567	0.000000	
496.150000	25.289004	-33.540951	0.000000	
496.200000	25.231699	-33.589336	0.000000	
496.250000	25.174393	-33.637720	0.000000	
496.300000	25.117087	-33.686105	0.000000	
496.350000	25.059782	-33.734489	0.000000	
496.400000	25.002476	-33.782874	0.000000	
496.450000	24.945171	-33.831258	0.000000	
496.500000	24.887865	-33.879643	0.000000	
496.550000	24.830559	-33.928028	0.000000	
496.600000	24.773254	-33.976412	0.000000	
496.650000	24.715948	-34.024797	0.000000	
496.700000	24.658642	-34.073181	0.000000	
496.750000	24.601337	-34.121566	0.000000	
496.800000	24.544031	-34.169950	0.000000	
496.850000	24.486725	-34.218335	0.000000	
496.900000	24.429420	-34.266719	0.000000	
496.950000	24.372114	-34.315104	0.000000	
497.000000	24.314808	-34.363488	0.000000	
497.050000	24.257503	-34.411873	0.000000	
497.100000	24.200197	-34.460257	0.000000	
497.150000	24.142892	-34.508642	0.000000	
497.200000	24.085586	-34.557027	0.000000	
497.250000	24.028280	-34.605411	0.000000	
497.300000	23.970975	-34.653796	0.000000	
497.350000	23.913669	-34.702180	0.000000	
497.400000	23.856363	-34.750565	0.000000	
497.450000	23.799058	-34.798949	0.000000	
497.500000	23.741752	-34.847334	0.000000	
497.550000	23.684446	-34.895718	0.000000	
497.600000	23.627141	-34.944103	0.000000	
497.650000	23.569835	-34.992487	0.000000	
497.700000	23.512529	-35.040872	0.000000	
497.750000	23.455224	-35.089256	0.000000	
497.800000	23.397918	-35.137641	0.000000	
497.850000	23.340613	-35.186026	0.000000	
497.900000	23.283307	-35.234410	0.000000	
497.950000	23.226001	-35.282795	0.000000	
498.000000	23.168696	-35.331179	0.000000	
498.050000	23.111390	-35.379564	0.000000	
498.100000	23.054084	-35.427948	0.000000	
498.150000	22.996779	-35.476333	0.000000	
498.200000	22.939473	-35.524717	0.000000	
498.250000	22.882167	-35.573102	0.000000	
498.300000	22.824862	-35.621486	0.000000	
498.350000	22.767556	-35.669871	0.000000	
498.400000	22.710251	-35.718255	0.000000	
498.450000	22.652945	-35.766640	0.000000	
498.500000	22.595639	-35.815025	0.000000	
498.550000	22.538334	-35.863409	0.000000	
498.600000	22.481028	-35.911794	0.000000	
498.650000	22.423722	-35.960178	0.000000	
498.700000	22.366417	-36.008563	0.000000	
498.750000	22.309111	-36.056947	0.000000	
498.800000	22.251805	-36.105332	0.000000	
498.850000	22.194500	-36.153716	0.000000	
498.900000	22.137194	-36.202101	0.000000	
498.950000	22.079888	-36.250485	0.000000	
499.000000	22.022583	-36.298870	0.000000	
499.050000	21.965277	-36.347254	0.000000	
499.100000	21.907972	-36.395639	0.000000	
499.150000	21.850666	-36.444024	0.000000	
499.200000	21.793360	-36.492408	0.000000	
499.250000	21.736055	-36.540793	0.000000	
499.300000	21.678749	-36.589177	0.000000	
499.350000	21.621443	-36.637562	0.000000	
499.400000	21.564138	-36.685946	0.000000	
499.450000	21.506832	-36.734331	0.000000	
499.500000	21.449526	-36.782715	0.000000	
499.550000	21.392221	-36.831100	0.000000	
499.600000	21.334915	-36.879484	0.000000	
499.650000	21.277610	-36.927869	0.000000	
499.700000	21.220304	-36.976253	0.000000	
499.750000	21.162998	-37.024638	0.000000	
499.800000	21.105693	-37.073023	0.000000	
499.850000	21.048387	-37.121407	0.000000	
499.900000	20.991081	-37.169792	0.000000	
499.950000	20.933776	-37.218176	0.000000	
500.000000	20.876470	-37.266561	0.000000	
500.050000	20.819164	-37.314945	0.000000	
500.100000	20.761859	-37.363330	0.000000	
500.150000	20.704553	-37.411714	0.000000	
500.200000	20.647247	-37.460099	0.000000	
500.250000	20.589942	-37.508483	0.000000	
500.300000	20.532636	-37.556868	0.000000	
500.350000	20.475331	-37.605252	0.000000	
500.400000	20.418025	-37.653637	0.000000	
500.450000	20.360719	-37.702021	0.000000	
500.500000	20.303414	-37.750406	0.000000	
500.550000	20.246108	-37.798791	0.000000	
500.600000	20.188802	-37.847175	0.000000	
500.650000	20.131497	-37.895560	0.000000	
500.700000	20.074191	-37.943944	0.000000	
500.750000	20.016885	-37.992329	0.000000	
500.800000	19.973280	-38.037641	0.000000	
500.850000	20.045759	-38.056926	0.000000	
500.900000	20.118237	-38.076211	0.000000	
500.950000	20.190715	-38.095496	0.000000	
501.000000	20.263193	-38.114781	0.000000	
501.050000	20.335672	-38.134066	0.000000	
501.100000	20.408150	-38.153351	0.000000	
501.150000	20.480628	-38.172635	0.000000	
501.200000	20.553106	-38.191920	0.000000	
501.250000	20.625584	-38.211205	0.000000	
501.300000	20.698063	-38.230490	0.000000	
501.350000	20.770541	-38.249775	0.000000	
501.400000	20.843019	-38.269060	0.000000	
501.450000	20.915497	-38.288345	0.000000	
501.500000	20.987976	-38.307629	0.000000	
501.550000	21.060454	-38.326914	0.000000	
501.600000	21.132932	-38.346199	0.000000	
501.650000	21.205410	-38.365484	0.000000	
501.700000	21.277889	-38.384769	0.000000	
501.750000	21.350367	-38.404054	0.000000	
501.800000	21.422845	-38.423339	0.000000	
501.850000	21.495323	-38.442623	0.000000	
501.900000	21.567802	-38.461908	0.000000	
501.950000	21.640280	-38.481193	0.000000	
502.000000	21.712758	-38.500478	0.000000	
502.050000	21.785236	-38.519763	0.000000	
502.100000	21.857714	-38.539048	0.000000	
502.150000	21.930193	-38.558333	0.000000	
502.200000	22.002671	-38.577617	0.000000	
502.250000	22.075149	-38.596902	0.000000	
502.300000	22.147627	-38.616187	0.000000	
502.350000	22.220106	-38.635472	0.000000	
502.400000	22.292584	-38.654757	0.000000	
502.450000	22.365062	-38.674042	0.000000	
502.500000	22.437540	-38.693327	0.000000	
502.550000	22.510019	-38.712612	0.000000	
502.600000	22.582497	-38.731896	0.000000	
502.650000	22.654975	-38.751181	0.000000	
502.700000	22.727453	-38.770466	0.000000	
502.750000	22.799931	-38.789751	0.000000	
502.800000	22.872410	-38.809036	0.000000	
502.850000	22.944888	-38.828321	0.000000	
502.900000	23.017366	-38.847606	0.000000	
502.950000	23.089844	-38.866890	0.000000	
503.000000	23.162323	-38.886175	0.000000	
503.050000	23.234801	-38.905460	0.000000	
503.100000	23.307279	-38.924745	0.000000	
503.150000	23.379757	-38.944030	0.000000	
503.200000	23.452236	-38.963315	0.000000	
503.250000	23.524714	-38.982600	0.000000	
503.300000	23.597192	-39.001884	0.000000	
503.350000	23.669670	-39.021169	0.000000	
503.400000	23.742148	-39.040454	0.000000	
503.450000	23.814627	-39.059739	0.000000	
503.500000	23.887105	-39.079024	0.000000	
503.550000	23.959583	-39.098309	0.000000	
503.600000	24.032061	-39.117594	0.000000	
503.650000	24.104540	-39.136878	0.000000	
503.700000	24.177018	-39.156163	0.000000	
503.750000	24.249496	-39.175448	0.000000	
503.800000	24.321974	-39.194733	0.000000	
503.850000	24.394453	-39.214018	0.000000	
503.900000	24.466931	-39.233303	0.000000	
503.950000	24.539409	-39.252588	0.000000	
504.000000	24.611887	-39.271873	0.000000	
504.050000	24.684365	-39.291157	0.000000	
504.100000	24.756844	-39.310442	0.000000	
504.150000	24.829322	-39.329727	0.000000	
504.200000	24.901800	-39.349012	0.000000	
504.250000	24.974278	-39.368297	0.000000	
504.300000	25.046757	-39.387582	0.000000	
504.350000	25.119235	-39.406867	0.000000	
504.400000	25.191713	-39.426151	0.000000	
504.450000	25.264191	-39.445436	0.000000	
504.500000	25.336670	-39.464721	0.000000	
504.550000	25.409148	-39.484006	0.000000	
504.600000	25.481626	-39.503291	0.000000	
504.650000	25.554104	-39.522576	0.000000	
504.700000	25.626582	-39.541861	0.000000	
504.750000	25.699061	-39.561145	0.000000	
504.800000	25.771539	-39.580430	0.000000	
504.850000	25.844017	-39.599715	0.000000	
504.900000	25.916495	-39.619000	0.000000	
504.950000	25.988974	-39.638285	0.000000	
505.000000	26.061452	-39.657570	0.000000	
505.050000	26.133930	-39.676855	0.000000	
505.100000	26.206408	-39.696139	0.000000	
505.150000	26.278887	-39.715424	0.000000	
505.200000	26.351365	-39.734709	0.000000	
505.250000	26.423843	-39.753994	0.000000	
505.300000	26.496321	-39.773279	0.000000	
505.350000	26.568800	-39.792564	0.000000	
505.400000	26.641278	-39.811849	0.000000	
505.450000	26.713756	-39.831134	0.000000	
505.500000	26.786234	-39.850418	0.000000	
505.550000	26.858712	-39.869703	0.000000	
505.600000	26.931191	-39.888988	0.000000	
505.650000	27.003669	-39.908273	0.000000	
505.700000	27.076147	-39.927558	0.000000	
505.750000	27.148625	-39.946843	0.000000	
505.800000	27.221104	-39.966128	0.000000	
505.850000	27.293582	-39.985412	0.000000	
505.900000	27.366060	-40.004697	0.000000	
505.950000	27.438538	-40.023982	0.000000	
506.000000	27.511017	-40.043267	0.000000	
506.050000	27.583495	-40.062552	0.000000	
506.100000	27.655973	-40.081837	0.000000	
506.150000	27.728451	-40.101122	0.000000	
506.200000	27.800929	-40.120406	0.000000	
506.250000	27.873408	-40.139691	0.000000	
506.300000	27.945886	-40.158976	0.000000	
506.350000	28.018364	-40.178261	0.000000	
506.400000	28.090842	-40.197546	0.000000	
506.450000	28.163321	-40.216831	0.000000	
506.500000	28.235799	-40.236116	0.000000	
506.550000	28.308277	-40.255400	0.000000	
506.600000	28.380755	-40.274685	0.000000	
506.650000	28.453234	-40.293970	0.000000	
506.700000	28.525712	-40.313255	0.000000	
506.750000	28.599266	-40.326617	0.000000	
506.800000	28.673896	-40.334054	0.000000	
506.850000	28.748527	-40.341492	0.000000	
506.900000	28.823157	-40.348929	0.000000	
506.950000	28.897787	-40.356366	0.000000	
507.000000	28.972418	-40.363803	0.000000	
507.050000	29.047048	-40.371240	0.000000	
507.100000	29.121678	-40.378677	0.000000	
507.150000	29.196309	-40.386115	0.000000	
507.200000	29.270939	-40.393552	0.000000	
507.250000	29.345569	-40.400989	0.000000	
507.300000	29.420200	-40.408426	0.000000	
507.350000	29.494830	-40.415863	0.000000	
507.400000	29.569460	-40.423300	0.000000	
507.450000	29.644091	-40.430738	0.000000	
507.500000	29.718721	-40.438175	0.000000	
507.550000	29.793351	-40.445612	0.000000	
507.600000	29.867982	-40.453049	0.000000	
507.650000	29.942612	-40.460486	0.000000	
507.700000	30.017242	-40.467923	0.000000	
507.750000	30.091873	-40.475361	0.000000	
507.800000	30.166503	-40.482798	0.000000	
507.850000	30.241133	-40.490235	0.000000	
507.900000	30.315764	-40.497672	0.000000	
507.950000	30.390394	-40.505109	0.000000	
508.000000	30.465024	-40.512547	0.000000	
508.050000	30.539655	-40.519984	0.000000	
508.100000	30.614285	-40.527421	0.000000	
508.150000	30.688916	-40.534858	0.000000	
508.200000	30.763546	-40.542295	0.000000	
508.250000	30.838176	-40.549732	0.000000	
508.300000	30.912807	-40.557170	0.000000	
508.350000	30.987437	-40.564607	0.000000	
508.400000	31.062067	-40.572044	0.000000	
508.450000	31.136698	-40.579481	0.000000	
508.500000	31.211328	-40.586918	0.000000	
508.550000	31.285958	-40.594355	0.000000	
508.600000	31.360589	-40.601793	0.000000	
508.650000	31.435219	-40.609230	0.000000	
508.700000	31.509849	-40.616667	0.000000	
508.750000	31.584480	-40.624104	0.000000	
508.800000	31.659110	-40.631541	0.000000	
508.850000	31.733740	-40.638978	0.000000	
508.900000	31.808371	-40.646416	0.000000	
508.950000	31.883001	-40.653853	0.000000	
509.000000	31.957631	-40.661290	0.000000	
509.050000	32.032262	-40.668727	0.000000	
509.100000	32.106892	-40.676164	0.000000	
509.150000	32.181522	-40.683601	0.000000	
509.200000	32.256153	-40.691039	0.000000	
509.250000	32.330783	-40.698476	0.000000	
509.300000	32.405413	-40.705913	0.000000	
509.350000	32.480044	-40.713350	0.000000	
509.400000	32.554674	-40.720787	0.000000	
509.450000	32.629305	-40.728224	0.000000	
509.500000	32.703935	-40.735662	0.000000	
509.550000	32.778565	-40.743099	0.000000	
509.600000	32.853196	-40.750536	0.000000	
509.650000	32.927826	-40.757973	0.000000	
509.700000	33.002456	-40.765410	0.000000	
509.750000	33.077087	-40.772848	0.000000	
509.800000	33.151717	-40.780285	0.000000	
509.850000	33.226347	-40.787722	0.000000	
509.900000	33.300978	-40.795159	0.000000	
509.950000	33.375608	-40.802596	0.000000	
510.000000	33.450238	-40.810033	0.000000	
510.050000	33.524869	-40.817471	0.000000	
510.100000	33.599499	-40.824908	0.000000	
510.150000	33.674129	-40.832345	0.000000	
510.200000	33.748760	-40.839782	0.000000	
510.250000	33.823390	-40.847219	0.000000	
510.300000	33.898020	-40.854656	0.000000	
510.350000	33.972651	-40.862094	0.000000	
510.400000	34.047281	-40.869531	0.000000	
510.450000	34.121911	-40.876968	0.000000	
510.500000	34.196542	-40.884405	0.000000	
510.550000	34.271172	-40.891842	0.000000	
510.600000	34.345802	-40.899279	0.000000	
510.650000	34.420433	-40.906717	0.000000	
510.700000	34.495063	-40.914154	0.000000	
510.750000	34.569693	-40.921591	0.000000	
510.800000	34.644324	-40.929028	0.000000	
510.850000	34.718954	-40.936465	0.000000	
510.900000	34.793585	-40.943902	0.000000	
510.950000	34.868215	-40.951340	0.000000	
511.000000	34.942845	-40.958777	0.000000	
511.050000	35.017476	-40.966214	0.000000	
511.100000	35.092106	-40.973651	0.000000	
511.150000	35.166736	-40.981088	0.000000	
511.200000	35.241367	-40.988526	0.000000	
511.250000	35.315997	-40.995963	0.000000	
511.300000	35.390627	-41.003400	0.000000	
511.350000	35.465258	-41.010837	0.000000	
511.400000	35.539888	-41.018274	0.000000	
511.450000	35.614518	-41.025711	0.000000	
511.500000	35.689149	-41.033149	0.000000	
511.550000	35.763779	-41.040586	0.000000	
511.600000	35.838409	-41.048023	0.000000	
511.650000	35.913040	-41.055460	0.000000	
511.700000	35.987670	-41.062897	0.000000	
511.750000	36.062300	-41.070334	0.000000	
511.800000	36.136931	-41.077772	0.000000	
511.850000	36.211561	-41.085209	0.000000	
511.900000	36.286191	-41.092646	0.000000	
511.950000	36.360822	-41.100083	0.000000	
512.000000	36.435452	-41.107520	0.000000	
512.050000	36.510082	-41.114957	0.000000	
512.100000	36.584713	-41.122395	0.000000	
512.150000	36.659343	-41.129832	0.000000	
512.200000	36.733974	-41.137269	0.000000	
512.250000	36.808604	-41.144706	0.000000	
512.300000	36.883234	-41.152143	0.000000	
512.350000	36.957865	-41.159580	0.000000	
512.400000	37.032495	-41.167018	0.000000	
512.450000	37.107125	-41.174455	0.000000	
512.500000	37.181756	-41.181892	0.000000	
512.550000	37.256386	-41.189329	0.000000	
512.600000	37.331016	-41.196766	0.000000	
512.650000	37.405647	-41.204204	0.000000	
512.700000	37.480277	-41.211641	0.000000	
512.750000	37.554907	-41.219078	0.000000	
512.800000	37.629538	-41.226515	0.000000	
512.850000	37.704168	-41.233952	0.000000	
512.900000	37.778798	-41.241389	0.000000	
512.950000	37.853429	-41.248827	0.000000	
513.000000	37.928059	-41.256264	0.000000	
513.050000	38.002689	-41.263701	0.000000	
513.100000	38.077320	-41.271138	0.000000	
513.150000	38.151950	-41.278575	0.000000	
513.200000	38.226580	-41.286012	0.000000	
513.250000	38.301211	-41.293450	0.000000	
513.300000	38.375841	-41.300887	0.000000	
513.350000	38.450471	-41.308324	0.000000	
513.400000	38.525102	-41.315761	0.000000	
513.450000	38.599732	-41.323198	0.000000	
513.500000	38.674362	-41.330635	0.000000	
513.550000	38.748993	-41.338073	0.000000	
513.600000	38.823623	-41.345510	0.000000	
513.650000	38.898254	-41.352947	0.000000	
513.700000	38.972884	-41.360384	0.000000	
513.750000	39.047514	-41.367821	0.000000	
513.800000	39.122145	-41.375258	0.000000	
513.850000	39.196775	-41.382696	0.000000	
513.900000	39.271405	-41.390133	0.000000	
513.950000	39.346036	-41.397570	0.000000	
514.000000	39.420666	-41.405007	0.000000	
514.050000	39.495296	-41.412444	0.000000	
514.100000	39.569927	-41.419882	0.000000	
514.150000	39.644557	-41.427319	0.000000	
514.200000	39.719187	-41.434756	0.000000	
514.250000	39.703726	-41.415763	0.000000	
514.300000	39.636905	-41.381704	0.000000	
514.350000	39.570085	-41.347644	0.000000	
514.400000	39.503265	-41.313585	0.000000	
514.450000	39.436445	-41.279525	0.000000	
514.500000	39.369624	-41.245466	0.000000	
514.550000	39.302804	-41.211406	0.000000	
514.600000	39.235984	-41.177347	0.000000	
514.650000	39.169163	-41.143287	0.000000	
514.700000	39.102343	-41.109227	0.000000	
514.750000	39.035523	-41.075168	0.000000	
514.800000	38.968703	-41.041108	0.000000	
514.850000	38.901882	-41.007049	0.000000	
514.900000	38.835062	-40.972989	0.000000	
514.950000	38.768242	-40.938930	0.000000	
515.000000	38.701422	-40.904870	0.000000	
515.050000	38.634601	-40.870811	0.000000	
515.100000	38.567781	-40.836751	0.000000	
515.150000	38.500961	-40.802692	0.000000	
515.200000	38.434140	-40.768632	0.000000	
515.250000	38.367320	-40.734573	0.000000	
515.300000	38.300500	-40.700513	0.000000	
515.350000	38.233680	-40.666454	0.000000	
515.400000	38.166859	-40.632394	0.000000	
515.450000	38.100039	-40.598335	0.000000	
515.500000	38.033219	-40.564275	0.000000	
515.550000	37.966399	-40.530216	0.000000	
515.600000	37.899578	-40.496156	0.000000	
515.650000	37.832758	-40.462097	0.000000	
515.700000	37.765938	-40.428037	0.000000	
515.750000	37.699117	-40.393978	0.000000	
515.800000	37.632297	-40.359918	0.000000	
515.850000	37.565477	-40.325859	0.000000	
515.900000	37.498657	-40.291799	0.000000	
515.950000	37.431836	-40.257740	0.000000	
516.000000	37.365016	-40.223680	0.000000	
516.050000	37.298196	-40.189621	0.000000	
516.100000	37.231375	-40.155561	0.000000	
516.150000	37.164555	-40.121501	0.000000	
516.200000	37.097735	-40.087442	0.000000	
516.250000	37.030915	-40.053382	0.000000	
516.300000	36.964094	-40.019323	0.000000	
516.350000	36.897274	-39.985263	0.000000	
516.400000	36.830454	-39.951204	0.000000	
516.450000	36.763634	-39.917144	0.000000	
516.500000	36.696813	-39.883085	0.000000	
516.550000	36.629993	-39.849025	0.000000	
516.600000	36.563173	-39.814966	0.000000	
516.650000	36.496352	-39.780906	0.000000	
516.700000	36.429532	-39.746847	0.000000	
516.750000	36.362712	-39.712787	0.000000	
516.800000	36.295892	-39.678728	0.000000	
516.850000	36.229071	-39.644668	0.000000	
516.900000	36.162251	-39.610609	0.000000	
516.950000	36.095431	-39.576549	0.000000	
517.000000	36.028611	-39.542490	0.000000	
517.050000	35.961790	-39.508430	0.000000	
517.100000	35.894970	-39.474371	0.000000	
517.150000	35.828150	-39.440311	0.000000	
517.200000	35.761329	-39.406252	0.000000	
517.250000	35.694509	-39.372192	0.000000	
517.300000	35.627689	-39.338133	0.000000	
517.350000	35.560869	-39.304073	0.000000	
517.400000	35.494048	-39.270014	0.000000	
517.450000	35.427228	-39.235954	0.000000	
517.500000	35.360408	-39.201894	0.000000	
517.550000	35.293587	-39.167835	0.000000	
517.600000	35.226767	-39.133775	0.000000	
517.650000	35.159947	-39.099716	0.000000	
517.700000	35.093127	-39.065656	0.000000	
517.750000	35.026306	-39.031597	0.000000	
517.800000	34.959486	-38.997537	0.000000	
517.850000	34.892666	-38.963478	0.000000	
517.900000	34.825846	-38.929418	0.000000	
517.950000	34.759025	-38.895359	0.000000	
518.000000	34.692205	-38.861299	0.000000	
518.050000	34.625385	-38.827240	0.000000	
518.100000	34.558564	-38.793180	0.000000	
518.150000	34.491744	-38.759121	0.000000	
518.200000	34.424924	-38.725061	0.000000	
518.250000	34.358104	-38.691002	0.000000	
518.300000	34.291283	-38.656942	0.000000	
518.350000	34.224463	-38.622883	0.000000	
518.400000	34.157643	-38.588823	0.000000	
518.450000	34.090823	-38.554764	0.000000	
518.500000	34.024002	-38.520704	0.000000	
518.550000	33.957182	-38.486645	0.000000	
518.600000	33.890362	-38.452585	0.000000	
518.650000	33.823541	-38.418526	0.000000	
518.700000	33.756721	-38.384466	0.000000	
518.750000	33.689901	-38.350407	0.000000	
518.800000	33.623081	-38.316347	0.000000	
518.850000	33.556260	-38.282287	0.000000	
518.900000	33.489440	-38.248228	0.000000	
518.950000	33.422620	-38.214168	0.000000	
519.000000	33.355799	-38.180109	0.000000	
519.050000	33.288979	-38.146049	0.000000	
519.100000	33.222159	-38.111990	0.000000	
519.150000	33.155339	-38.077930	0.000000	
519.200000	33.088518	-38.043871	0.000000	
519.250000	33.021698	-38.009811	0.000000	
519.300000	32.954878	-37.975752	0.000000	
519.350000	32.888058	-37.941692	0.000000	
519.400000	32.821237	-37.907633	0.000000	
519.450000	32.754417	-37.873573	0.000000	
519.500000	32.687597	-37.839514	0.000000	
519.550000	32.620776	-37.805454	0.000000	
519.600000	32.553956	-37.771395	0.000000	
519.650000	32.487136	-37.737335	0.000000	
519.700000	32.420316	-37.703276	0.000000	
519.750000	32.353495	-37.669216	0.000000	
519.800000	32.286675	-37.635157	0.000000	
519.850000	32.219855	-37.601097	0.000000	
519.900000	32.153035	-37.567038	0.000000	
519.950000	32.086214	-37.532978	0.000000	
520.000000	32.019394	-37.498919	0.000000	
520.050000	31.952574	-37.464859	0.000000	
520.100000	31.885753	-37.430800	0.000000	
520.150000	31.818933	-37.396740	0.000000	
520.200000	31.752113	-37.362680	0.000000	
520.250000	31.685293	-37.328621	0.000000	
520.300000	31.618472	-37.294561	0.000000	
520.350000	31.551652	-37.260502	0.000000	
520.400000	31.484832	-37.226442	0.000000	
520.450000	31.418012	-37.192383	0.000000	
520.500000	31.351191	-37.158323	0.000000	
520.550000	31.284371	-37.124264	0.000000	
520.600000	31.217551	-37.090204	0.000000	
520.650000	31.150730	-37.056145	0.000000	
520.700000	31.083910	-37.022085	0.000000	
520.750000	31.017090	-36.988026	0.000000	
520.800000	30.950270	-36.953966	0.000000	
520.850000	30.883449	-36.919907	0.000000	
520.900000	30.816629	-36.885847	0.000000	
520.950000	30.749809	-36.851788	0.000000	
521.000000	30.682988	-36.817728	0.000000	
521.050000	30.616168	-36.783669	0.000000	
521.100000	30.549348	-36.749609	0.000000	
521.150000	30.482528	-36.715550	0.000000	
521.200000	30.415707	-36.681490	0.000000	
521.250000	30.348887	-36.647431	0.000000	
521.300000	30.282067	-36.613371	0.000000	
521.350000	30.215247	-36.579312	0.000000	
521.400000	30.148426	-36.545252	0.000000	
521.450000	30.081606	-36.511193	0.000000	
521.500000	30.014786	-36.477133	0.000000	
521.550000	29.947965	-36.443073	0.000000	
521.600000	29.881145	-36.409014	0.000000	
521.650000	29.814325	-36.374954	0.000000	
521.700000	29.747505	-36.340895	0.000000	
521.750000	29.680684	-36.306835	0.000000	
521.800000	29.613864	-36.272776	0.000000	
521.850000	29.547044	-36.238716	0.000000	
521.900000	29.480224	-36.204657	0.000000	
521.950000	29.413403	-36.170597	0.000000	
522.000000	29.346583	-36.136538	0.000000	
522.050000	29.279763	-36.102478	0.000000	
522.100000	29.212942	-36.068419	0.000000	
522.150000	29.146122	-36.034359	0.000000	
522.200000	29.079302	-36.000300	0.000000	
522.250000	29.012482	-35.966240	0.000000	
522.300000	28.945661	-35.932181	0.000000	
522.350000	28.878841	-35.898121	0.000000	
522.400000	28.812021	-35.864062	0.000000	
522.450000	28.745200	-35.830002	0.000000	
522.500000	28.678380	-35.795943	0.000000	
522.550000	28.611560	-35.761883	0.000000	
522.600000	28.544740	-35.727824	0.000000	
522.650000	28.477919	-35.693764	0.000000	
522.700000	28.411099	-35.659705	0.000000	
522.750000	28.344279	-35.625645	0.000000	
522.800000	28.277459	-35.591586	0.000000	
522.850000	28.210638	-35.557526	0.000000	
522.900000	28.143818	-35.523466	0.000000	
522.950000	28.076998	-35.489407	0.000000	
523.000000	28.010177	-35.455347	0.000000	
523.050000	27.943357	-35.421288	0.000000	
523.100000	27.876537	-35.387228	0.000000	
523.150000	27.809717	-35.353169	0.000000	
523.200000	27.742896	-35.319109	0.000000	
523.250000	27.676076	-35.285050	0.000000	
523.300000	27.609256	-35.250990	0.000000	
523.350000	27.542436	-35.216931	0.000000	
523.400000	27.475615	-35.182871	0.000000	
523.450000	27.408795	-35.148812	0.000000	
523.500000	27.341975	-35.114752	0.000000	
523.550000	27.275154	-35.080693	0.000000	
523.600000	27.208334	-35.046633	0.000000	
523.650000	27.141514	-35.012574	0.000000	
523.700000	27.074694	-34.978514	0.000000	
523.750000	27.007873	-34.944455	0.000000	
523.800000	26.941053	-34.910395	0.000000	
523.850000	26.874233	-34.876336	0.000000	
523.900000	26.807413	-34.842276	0.000000	
523.950000	26.740592	-34.808217	0.000000	
524.000000	26.673772	-34.774157	0.000000	
524.050000	26.606952	-34.740098	0.000000	
524.100000	26.540131	-34.706038	0.000000	
524.150000	26.473311	-34.671979	0.000000	
524.200000	26.406491	-34.637919	0.000000	
524.250000	26.339671	-34.603859	0.000000	
524.300000	26.272850	-34.569800	0.000000	
524.350000	26.206030	-34.535740	0.000000	
524.400000	26.139210	-34.501681	0.000000	
524.450000	26.072389	-34.467621	0.000000	
524.500000	26.005569	-34.433562	0.000000	
524.550000	25.938749	-34.399502	0.000000	
524.600000	25.871929	-34.365443	0.000000	
524.650000	25.805108	-34.331383	0.000000	
524.700000	25.738288	-34.297324	0.000000	
524.750000	25.671468	-34.263264	0.000000	
524.800000	25.604648	-34.229205	0.000000	
524.850000	25.537827	-34.195145	0.000000	
524.900000	25.471007	-34.161086	0.000000	
524.950000	25.404187	-34.127026	0.000000	
525.000000	25.337366	-34.092967	0.000000	
525.050000	25.270546	-34.058907	0.000000	
525.100000	25.203726	-34.024848	0.000000	
525.150000	25.136906	-33.990788	0.000000	
525.200000	25.070085	-33.956729	0.000000	
525.250000	25.003265	-33.922669	0.000000	
525.300000	24.936445	-33.888610	0.000000	
525.350000	24.869625	-33.854550	0.000000	
525.400000	24.803827	-33.822074	0.000000	
525.450000	24.807383	-33.896990	0.000000	
525.500000	24.810939	-33.971905	0.000000	
525.550000	24.814496	-34.046821	0.000000	
525.600000	24.818052	-34.121737	0.000000	
525.650000	24.821608	-34.196652	0.000000	
525.700000	24.825165	-34.271568	0.000000	
525.750000	24.828721	-34.346484	0.000000	
525.800000	24.832277	-34.421399	0.000000	
525.850000	24.835833	-34.496315	0.000000	
525.900000	24.839390	-34.571230	0.000000	
525.950000	24.842946	-34.646146	0.000000	
526.000000	24.846502	-34.721062	0.000000	
526.050000	24.850058	-34.795977	0.000000	
526.100000	24.853615	-34.870893	0.000000	
526.150000	24.857171	-34.945809	0.000000	
526.200000	24.860727	-35.020724	0.000000	
526.250000	24.864284	-35.095640	0.000000	
526.300000	24.867840	-35.170556	0.000000	
526.350000	24.871396	-35.245471	0.000000	
526.400000	24.874952	-35.320387	0.000000	
526.450000	24.878509	-35.395302	0.000000	
526.500000	24.882065	-35.470218	0.000000	
526.550000	24.885621	-35.545134	0.000000	
526.600000	24.889177	-35.620049	0.000000	
526.650000	24.892734	-35.694965	0.000000	
526.700000	24.896290	-35.769881	0.000000	
526.750000	24.899846	-35.844796	0.000000	
526.800000	24.903403	-35.919712	0.000000	
526.850000	24.906959	-35.994628	0.000000	
526.900000	24.910515	-36.069543	0.000000	
526.950000	24.914071	-36.144459	0.000000	
527.000000	24.917628	-36.219375	0.000000	
527.050000	24.921184	-36.294290	0.000000	
527.100000	24.924740	-36.369206	0.000000	
527.150000	24.928296	-36.444121	0.000000	
527.200000	24.931853	-36.519037	0.000000	
527.250000	24.935409	-36.593953	0.000000	
527.300000	24.938965	-36.668868	0.000000	
527.350000	24.942522	-36.743784	0.000000	
527.400000	24.946078	-36.818700	0.000000	
527.450000	24.949634	-36.893615	0.000000	
527.500000	24.953190	-36.968531	0.000000	
527.550000	24.956747	-37.043447	0.000000	
527.600000	24.960303	-37.118362	0.000000	
527.650000	24.963859	-37.193278	0.000000	
527.700000	24.967415	-37.268193	0.000000	
527.750000	24.970972	-37.343109	0.000000	
527.800000	24.974528	-37.418025	0.000000	
527.850000	24.978084	-37.492940	0.000000	
527.900000	24.981641	-37.567856	0.000000	
527.950000	24.985197	-37.642772	0.000000	
528.000000	24.988753	-37.717687	0.000000	
528.050000	24.992309	-37.792603	0.000000	
528.100000	24.995866	-37.867519	0.000000	
528.150000	24.999422	-37.942434	0.000000	
528.200000	25.002978	-38.017350	0.000000	
528.250000	25.006535	-38.092265	0.000000	
528.300000	25.010091	-38.167181	0.000000	
528.350000	25.013647	-38.242097	0.000000	
528.400000	25.017203	-38.317012	0.000000	
528.450000	25.020760	-38.391928	0.000000	
528.500000	25.024316	-38.466844	0.000000	
528.550000	25.027872	-38.541759	0.000000	
528.600000	25.031428	-38.616675	0.000000	
528.650000	25.034985	-38.691591	0.000000	
528.700000	25.038541	-38.766506	0.000000	
528.750000	25.042097	-38.841422	0.000000	
528.800000	25.045654	-38.916338	0.000000	
528.850000	25.049210	-38.991253	0.000000	
528.900000	25.052766	-39.066169	0.000000	
528.950000	25.056322	-39.141084	0.000000	
529.000000	25.059879	-39.216000	0.000000	
529.050000	25.063435	-39.290916	0.000000	
529.100000	25.066991	-39.365831	0.000000	
529.150000	25.070547	-39.440747	0.000000	
529.200000	25.074104	-39.515663	0.000000	
529.250000	25.077660	-39.590578	0.000000	
529.300000	25.081216	-39.665494	0.000000	
529.350000	25.084773	-39.740410	0.000000	
529.400000	25.088329	-39.815325	0.000000	
529.450000	25.091885	-39.890241	0.000000	
529.500000	25.095441	-39.965156	0.000000	
529.550000	25.098998	-40.040072	0.000000	
529.600000	25.102554	-40.114988	0.000000	
529.650000	25.106110	-40.189903	0.000000	
529.700000	25.109666	-40.264819	0.000000	
529.750000	25.113223	-40.339735	0.000000	
529.800000	25.116779	-40.414650	0.000000	
529.850000	25.120335	-40.489566	0.000000	
529.900000	25.123892	-40.564482	0.000000	
529.950000	25.127448	-40.639397	0.000000	
530.000000	25.131004	-40.714313	0.000000	
530.050000	25.134560	-40.789228	0.000000	
530.100000	25.138117	-40.864144	0.000000	
530.150000	25.141673	-40.939060	0.000000	
530.200000	25.145229	-41.013975	0.000000	
530.250000	25.148785	-41.088891	0.000000	
530.300000	25.152342	-41.163807	0.000000	
530.350000	25.155898	-41.238722	0.000000	
530.400000	25.159454	-41.313638	0.000000	
530.450000	25.163011	-41.388554	0.000000	
530.500000	25.166567	-41.463469	0.000000	
530.550000	25.170123	-41.538385	0.000000	
530.600000	25.173679	-41.613300	0.000000	
530.650000	25.177236	-41.688216	0.000000	
530.700000	25.180792	-41.763132	0.000000	
530.750000	25.184348	-41.838047	0.000000	
530.800000	25.187905	-41.912963	0.000000	
530.850000	25.191461	-41.987879	0.000000	
530.900000	25.195017	-42.062794	0.000000	
530.950000	25.198573	-42.137710	0.000000	
531.000000	25.202130	-42.212626	0.000000	
531.050000	25.205686	-42.287541	0.000000	
531.100000	25.209242	-42.362457	0.000000	
531.150000	25.212798	-42.437373	0.000000	
531.200000	25.216355	-42.512288	0.000000	
531.250000	25.219911	-42.587204	0.000000	
531.300000	25.223467	-42.662119	0.000000	
531.350000	25.227024	-42.737035	0.000000	
531.400000	25.230580	-42.811951	0.000000	
531.450000	25.234136	-42.886866	0.000000	
531.500000	25.237692	-42.961782	0.000000	
531.550000	25.241249	-43.036698	0.000000	
531.600000	25.244805	-43.111613	0.000000	
531.650000	25.248361	-43.186529	0.000000	
531.700000	25.251917	-43.261445	0.000000	
531.750000	25.255474	-43.336360	0.000000	
531.800000	25.259030	-43.411276	0.000000	
531.850000	25.262586	-43.486191	0.000000	
531.900000	25.266143	-43.561107	0.000000	
531.950000	25.269699	-43.636023	0.000000	
532.000000	25.273255	-43.710938	0.000000	
532.050000	25.276811	-43.785854	0.000000	
532.100000	25.280368	-43.860770	0.000000	
532.150000	25.283924	-43.935685	0.000000	
532.200000	25.287480	-44.010601	0.000000	
532.250000	25.291036	-44.085517	0.000000	
532.300000	25.294593	-44.160432	0.000000	
532.350000	25.298149	-44.235348	0.000000	
532.400000	25.301705	-44.310263	0.000000	
532.450000	25.305262	-44.385179	0.000000	
532.500000	25.308818	-44.460095	0.000000	
532.550000	25.312374	-44.535010	0.000000	
532.600000	25.315930	-44.609926	0.000000	
532.650000	25.319487	-44.684842	0.000000	
532.700000	25.323043	-44.759757	0.000000	
532.750000	25.326599	-44.834673	0.000000	
532.800000	25.330155	-44.909589	0.000000	
532.850000	25.333712	-44.984504	0.000000	
532.900000	25.337268	-45.059420	0.000000	
532.950000	25.340824	-45.134336	0.000000	
533.000000	25.344381	-45.209251	0.000000	
533.050000	25.347937	-45.284167	0.000000	
533.100000	25.351493	-45.359082	0.000000	
533.150000	25.355049	-45.433998	0.000000	
533.200000	25.358606	-45.508914	0.000000	
533.250000	25.362162	-45.583829	0.000000	
533.300000	25.365718	-45.658745	0.000000	
533.350000	25.369274	-45.733661	0.000000	
533.400000	25.372831	-45.808576	0.000000	
533.450000	25.376387	-45.883492	0.000000	
533.500000	25.379943	-45.958408	0.000000	
533.550000	25.383500	-46.033323	0.000000	
533.600000	25.387056	-46.108239	0.000000	
533.650000	25.390612	-46.183154	0.000000	
533.700000	25.394168	-46.258070	0.000000	
533.750000	25.397725	-46.332986	0.000000	
533.800000	25.402963	-46.399223	0.000000	
533.850000	25.434250	-46.331061	0.000000	
533.900000	25.465537	-46.262898	0.000000	
533.950000	25.496824	-46.194736	0.000000	
534.000000	25.528111	-46.126573	0.000000	
534.050000	25.559397	-46.058411	0.000000	
534.100000	25.590684	-45.990248	0.000000	
534.150000	25.621971	-45.922086	0.000000	
534.200000	25.653258	-45.853923	0.000000	
534.250000	25.684545	-45.785761	0.000000	
534.300000	25.715832	-45.717598	0.000000	
534.350000	25.747119	-45.649436	0.000000	
534.400000	25.778406	-45.581273	0.000000	
534.450000	25.809693	-45.513110	0.000000	
534.500000	25.840980	-45.444948	0.000000	
534.550000	25.872267	-45.376785	0.000000	
534.600000	25.903554	-45.308623	0.000000	
534.650000	25.934840	-45.240460	0.000000	
534.700000	25.966127	-45.172298	0.000000	
534.750000	25.997414	-45.104135	0.000000	
534.800000	26.028701	-45.035973	0.000000	
534.850000	26.059988	-44.967810	0.000000	
534.900000	26.091275	-44.899648	0.000000	
534.950000	26.122562	-44.831485	0.000000	
535.000000	26.153849	-44.763323	0.000000	
535.050000	26.185136	-44.695160	0.000000	
535.100000	26.216423	-44.626998	0.000000	
535.150000	26.247710	-44.558835	0.000000	
535.200000	26.278996	-44.490673	0.000000	
535.250000	26.310283	-44.422510	0.000000	
535.300000	26.341570	-44.354348	0.000000	
535.350000	26.372857	-44.286185	0.000000	
535.400000	26.404144	-44.218023	0.000000	
535.450000	26.435431	-44.149860	0.000000	
535.500000	26.466718	-44.081698	0.000000	
535.550000	26.498005	-44.013535	0.000000	
535.600000	26.529292	-43.945373	0.000000	
535.650000	26.560579	-43.877210	0.000000	
535.700000	26.591866	-43.809048	0.000000	
535.750000	26.623153	-43.740885	0.000000	
535.800000	26.654439	-43.672722	0.000000	
535.850000	26.685726	-43.604560	0.000000	
535.900000	26.717013	-43.536397	0.000000	
535.950000	26.748300	-43.468235	0.000000	
536.000000	26.779587	-43.400072	0.000000	
536.050000	26.810874	-43.331910	0.000000	
536.100000	26.842161	-43.263747	0.000000	
536.150000	26.873448	-43.195585	0.000000	
536.200000	26.904735	-43.127422	0.000000	
536.250000	26.936022	-43.059260	0.000000	
536.300000	26.967309	-42.991097	0.000000	
536.350000	26.998595	-42.922935	0.000000	
536.400000	27.029882	-42.854772	0.000000	
536.450000	27.061169	-42.786610	0.000000	
536.500000	27.092456	-42.718447	0.000000	
536.550000	27.123743	-42.650285	0.000000	
536.600000	27.155030	-42.582122	0.000000	
536.650000	27.186317	-42.513960	0.000000	
536.700000	27.217604	-42.445797	0.000000	
536.750000	27.248891	-42.377635	0.000000	
536.800000	27.280178	-42.309472	0.000000	
536.850000	27.311465	-42.241310	0.000000	
536.900000	27.342751	-42.173147	0.000000	
536.950000	27.374038	-42.104985	0.000000	
537.000000	27.405325	-42.036822	0.000000	
537.050000	27.436612	-41.968659	0.000000	
537.100000	27.467899	-41.900497	0.000000	
537.150000	27.499186	-41.832334	0.000000	
537.200000	27.530473	-41.764172	0.000000	
537.250000	27.561760	-41.696009	0.000000	
537.300000	27.593047	-41.627847	0.000000	
537.350000	27.624334	-41.559684	0.000000	
537.400000	27.655621	-41.491522	0.000000	
537.450000	27.686908	-41.423359	0.000000	
537.500000	27.718194	-41.355197	0.000000	
537.550000	27.749481	-41.287034	0.000000	
537.600000	27.780768	-41.218872	0.000000	
537.650000	27.812055	-41.150709	0.000000	
537.700000	27.843342	-41.082547	0.000000	
537.750000	27.874629	-41.014384	0.000000	
537.800000	27.905916	-40.946222	0.000000	
537.850000	27.937203	-40.878059	0.000000	
537.900000	27.968490	-40.809897	0.000000	
537.950000	27.999777	-40.741734	0.000000	
538.000000	28.031064	-40.673572	0.000000	
538.050000	28.062350	-40.605409	0.000000	
538.100000	28.093637	-40.537247	0.000000	
538.150000	28.124924	-40.469084	0.000000	
538.200000	28.156211	-40.400922	0.000000	
538.250000	28.187498	-40.332759	0.000000	
538.300000	28.218785	-40.264596	0.000000	
538.350000	28.250072	-40.196434	0.000000	
538.400000	28.281359	-40.128271	0.000000	
538.450000	28.312646	-40.060109	0.000000	
538.500000	28.343933	-39.991946	0.000000	
538.550000	28.375220	-39.923784	0.000000	
538.600000	28.406507	-39.855621	0.000000	
538.650000	28.437793	-39.787459	0.000000	
538.700000	28.469080	-39.719296	0.000000	
538.750000	28.500367	-39.651134	0.000000	
538.800000	28.531654	-39.582971	0.000000	
538.850000	28.562941	-39.514809	0.000000	
538.900000	28.594228	-39.446646	0.000000	
538.950000	28.625515	-39.378484	0.000000	
539.000000	28.656802	-39.310321	0.000000	
539.050000	28.688089	-39.242159	0.000000	
539.100000	28.719376	-39.173996	0.000000	
539.150000	28.750663	-39.105834	0.000000	
539.200000	28.781949	-39.037671	0.000000	
539.250000	28.813236	-38.969509	0.000000	
539.300000	28.844523	-38.901346	0.000000	
539.350000	28.875810	-38.833184	0.000000	
539.400000	28.907097	-38.765021	0.000000	
539.450000	28.938384	-38.696859	0.000000	
539.500000	28.969671	-38.628696	0.000000	
539.550000	29.000958	-38.560533	0.000000	
539.600000	29.032245	-38.492371	0.000000	
539.650000	29.063532	-38.424208	0.000000	
539.700000	29.094819	-38.356046	0.000000	
539.750000	29.126106	-38.287883	0.000000	
539.800000	29.157392	-38.219721	0.000000	
539.850000	29.188679	-38.151558	0.000000	
539.900000	29.219966	-38.083396	0.000000	
539.950000	29.251253	-38.015233	0.000000	
540.000000	29.282540	-37.947071	0.000000	
540.050000	29.313827	-37.878908	0.000000	
540.100000	29.345114	-37.810746	0.000000	
540.150000	29.376401	-37.742583	0.000000	
540.200000	29.407688	-37.674421	0.000000	
540.250000	29.438975	-37.606258	0.000000	
540.300000	29.470262	-37.538096	0.000000	
540.350000	29.501548	-37.469933	0.000000	
540.400000	29.532835	-37.401771	0.000000	
540.450000	29.564122	-37.333608	0.000000	
540.500000	29.595409	-37.265446	0.000000	
540.550000	29.626696	-37.197283	0.000000	
540.600000	29.657983	-37.129121	0.000000	
540.650000	29.689270	-37.060958	0.000000	
540.700000	29.720557	-36.992796	0.000000	
540.750000	29.751844	-36.924633	0.000000	
540.800000	29.691237	-36.882381	0.000000	
540.850000	29.628951	-36.840602	0.000000	
540.900000	29.566665	-36.798824	0.000000	
540.950000	29.504379	-36.757045	0.000000	
541.000000	29.442093	-36.715267	0.000000	
541.050000	29.379807	-36.673488	0.000000	
541.100000	29.317521	-36.631710	0.000000	
541.150000	29.255235	-36.589931	0.000000	
541.200000	29.192949	-36.548153	0.000000	
541.250000	29.130663	-36.506374	0.000000	
541.300000	29.068377	-36.464596	0.000000	
541.350000	29.006090	-36.422817	0.000000	
541.400000	28.943804	-36.381038	0.000000	
541.450000	28.881518	-36.339260	0.000000	
541.500000	28.819232	-36.297481	0.000000	
541.550000	28.756946	-36.255703	0.000000	
541.600000	28.694660	-36.213924	0.000000	
541.650000	28.632374	-36.172146	0.000000	
541.700000	28.570088	-36.130367	0.000000	
541.750000	28.507802	-36.088589	0.000000	
541.800000	28.445516	-36.046810	0.000000	
541.850000	28.383230	-36.005032	0.000000	
541.900000	28.320944	-35.963253	0.000000	
541.950000	28.258658	-35.921475	0.000000	
542.000000	28.196372	-35.879696	0.000000	
542.050000	28.134086	-35.837917	0.000000	
542.100000	28.071800	-35.796139	0.000000	
542.150000	28.009513	-35.754360	0.000000	
542.200000	27.947227	-35.712582	0.000000	
542.250000	27.884941	-35.670803	0.000000	
542.300000	27.822655	-35.629025	0.000000	
542.350000	27.760369	-35.587246	0.000000	
542.400000	27.698083	-35.545468	0.000000	
542.450000	27.635797	-35.503689	0.000000	
542.500000	27.573511	-35.461911	0.000000	
542.550000	27.511225	-35.420132	0.000000	
542.600000	27.448939	-35.378354	0.000000	
542.650000	27.386653	-35.336575	0.000000	
542.700000	27.324367	-35.294796	0.000000	
542.750000	27.262081	-35.253018	0.000000	
542.800000	27.199795	-35.211239	0.000000	
542.850000	27.137509	-35.169461	0.000000	
542.900000	27.075223	-35.127682	0.000000	
542.950000	27.012936	-35.085904	0.000000	
543.000000	26.950650	-35.044125	0.000000	
543.050000	26.888364	-35.002347	0.000000	
543.100000	26.826078	-34.960568	0.000000	
543.150000	26.763792	-34.918790	0.000000	
543.200000	26.701506	-34.877011	0.000000	
543.250000	26.639220	-34.835233	0.000000	
543.300000	26.576934	-34.793454	0.000000	
543.350000	26.514648	-34.751675	0.000000	
543.400000	26.452362	-34.709897	0.000000	
543.450000	26.390076	-34.668118	0.000000	
543.500000	26.327790	-34.626340	0.000000	
543.550000	26.265504	-34.584561	0.000000	
543.600000	26.203218	-34.542783	0.000000	
543.650000	26.140932	-34.501004	0.000000	
543.700000	26.078646	-34.459226	0.000000	
543.750000	26.016359	-34.417447	0.000000	
543.800000	25.954073	-34.375669	0.000000	
543.850000	25.891787	-34.333890	0.000000	
543.900000	25.829501	-34.292112	0.000000	
543.950000	25.767215	-34.250333	0.000000	
544.000000	25.704929	-34.208554	0.000000	
544.050000	25.642643	-34.166776	0.000000	
544.100000	25.580357	-34.124997	0.000000	
544.150000	25.518071	-34.083219	0.000000	
544.200000	25.455785	-34.041440	0.000000	
544.250000	25.393499	-33.999662	0.000000	
544.300000	25.331213	-33.957883	0.000000	
544.350000	25.268927	-33.916105	0.000000	
544.400000	25.206641	-33.874326	0.000000	
544.450000	25.144355	-33.832548	0.000000	
544.500000	25.082068	-33.790769	0.000000	
544.550000	25.019782	-33.748991	0.000000	
544.600000	24.957496	-33.707212	0.000000	
544.650000	24.895210	-33.665433	0.000000	
544.700000	24.832924	-33.623655	0.000000	
544.750000	24.770638	-33.581876	0.000000	
544.800000	24.708352	-33.540098	0.000000	
544.850000	24.646066	-33.498319	0.000000	
544.900000	24.583780	-33.456541	0.000000	
544.950000	24.521494	-33.414762	0.000000	
545.000000	24.459208	-33.372984	0.000000	
545.050000	24.396922	-33.331205	0.000000	
545.100000	24.334636	-33.289427	0.000000	
545.150000	24.272350	-33.247648	0.000000	
545.200000	24.210064	-33.205870	0.000000	
545.250000	24.147778	-33.164091	0.000000	
545.300000	24.085491	-33.122312	0.000000	
545.350000	24.023205	-33.080534	0.000000	
545.400000	23.960919	-33.038755	0.000000	
545.450000	23.898633	-32.996977	0.000000	
545.500000	23.836347	-32.955198	0.000000	
545.550000	23.774061	-32.913420	0.000000	
545.600000	23.711775	-32.871641	0.000000	
545.650000	23.649489	-32.829863	0.000000	
545.700000	23.587203	-32.788084	0.000000	
545.750000	23.524917	-32.746306	0.000000	
545.800000	23.462631	-32.704527	0.000000	
545.850000	23.400345	-32.662749	0.000000	
545.900000	23.338059	-32.620970	0.000000	
545.950000	23.275773	-32.579191	0.000000	
546.000000	23.213487	-32.537413	0.000000	
546.050000	23.151201	-32.495634	0.000000	
546.100000	23.088914	-32.453856	0.000000	
546.150000	23.026628	-32.412077	0.000000	
546.200000	22.964342	-32.370299	0.000000	
546.250000	22.902056	-32.328520	0.000000	
546.300000	22.839770	-32.286742	0.000000	
546.350000	22.777484	-32.244963	0.000000	
546.400000	22.715198	-32.203185	0.000000	
546.450000	22.652912	-32.161406	0.000000	
546.500000	22.590626	-32.119628	0.000000	
546.550000	22.528340	-32.077849	0.000000	
546.600000	22.466054	-32.036070	0.000000	
546.650000	22.403768	-31.994292	0.000000	
546.700000	22.341482	-31.952513	0.000000	
546.750000	22.279196	-31.910735	0.000000	
546.800000	22.216910	-31.868956	0.000000	
546.850000	22.154623	-31.827178	0.000000	
546.900000	22.092337	-31.785399	0.000000	
546.950000	22.030051	-31.743621	0.000000	
547.000000	21.967765	-31.701842	0.000000	
547.050000	21.905479	-31.660064	0.000000	
547.100000	21.895501	-31.670579	0.000000	
547.150000	21.937296	-31.732854	0.000000	
547.200000	21.979091	-31.795129	0.000000	
547.250000	22.020886	-31.857404	0.000000	
547.300000	22.062681	-31.919679	0.000000	
547.350000	22.104476	-31.981954	0.000000	
547.400000	22.146271	-32.044229	0.000000	
547.450000	22.188066	-32.106504	0.000000	
547.500000	22.229861	-32.168780	0.000000	
547.550000	22.271656	-32.231055	0.000000	
547.600000	22.313451	-32.293330	0.000000	
547.650000	22.355246	-32.355605	0.000000	
547.700000	22.397040	-32.417880	0.000000	
547.750000	22.438835	-32.480155	0.000000	
547.800000	22.480630	-32.542430	0.000000	
547.850000	22.522425	-32.604705	0.000000	
547.900000	22.564220	-32.666980	0.000000	
547.950000	22.606015	-32.729255	0.000000	
548.000000	22.647810	-32.791530	0.000000	
548.050000	22.689605	-32.853805	0.000000	
548.100000	22.731400	-32.916080	0.000000	
548.150000	22.773195	-32.978355	0.000000	
548.200000	22.814990	-33.040630	0.000000	
548.250000	22.856785	-33.102905	0.000000	
548.300000	22.898580	-33.165180	0.000000	
548.350000	22.940375	-33.227455	0.000000	
548.400000	22.982170	-33.289730	0.000000	
548.450000	23.023965	-33.352005	0.000000	
548.500000	23.065760	-33.414280	0.000000	
548.550000	23.107555	-33.476556	0.000000	
548.600000	23.149350	-33.538831	0.000000	
548.650000	23.191145	-33.601106	0.000000	
548.700000	23.232940	-33.663381	0.000000	
548.750000	23.274735	-33.725656	0.000000	
548.800000	23.316529	-33.787931	0.000000	
548.850000	23.358324	-33.850206	0.000000	
548.900000	23.400119	-33.912481	0.000000	
548.950000	23.441914	-33.974756	0.000000	
549.000000	23.483709	-34.037031	0.000000	
549.050000	23.525504	-34.099306	0.000000	
549.100000	23.567299	-34.161581	0.000000	
549.150000	23.609094	-34.223856	0.000000	
549.200000	23.650889	-34.286131	0.000000	
549.250000	23.692684	-34.348406	0.000000	
549.300000	23.734479	-34.410681	0.000000	
549.350000	23.776274	-34.472956	0.000000	
549.400000	23.818069	-34.535231	0.000000	
549.450000	23.859864	-34.597506	0.000000	
549.500000	23.901659	-34.659781	0.000000	
549.550000	23.943454	-34.722057	0.000000	
549.600000	23.985249	-34.784332	0.000000	
549.650000	24.027044	-34.846607	0.000000	
549.700000	24.068839	-34.908882	0.000000	
549.750000	24.110634	-34.971157	0.000000	
549.800000	24.152429	-35.033432	0.000000	
549.850000	24.194224	-35.095707	0.000000	
549.900000	24.236019	-35.157982	0.000000	
549.950000	24.277813	-35.220257	0.000000	
550.000000	24.319608	-35.282532	0.000000	
550.050000	24.361403	-35.344807	0.000000	
550.100000	24.403198	-35.407082	0.000000	
550.150000	24.444993	-35.469357	0.000000	
550.200000	24.486788	-35.531632	0.000000	
550.250000	24.528583	-35.593907	0.000000	
550.300000	24.570378	-35.656182	0.000000	
550.350000	24.612173	-35.718457	0.000000	
550.400000	24.653968	-35.780732	0.000000	
550.450000	24.695763	-35.843007	0.000000	
550.500000	24.737558	-35.905282	0.000000	
550.550000	24.779353	-35.967557	0.000000	
550.600000	24.821148	-36.029833	0.000000	
550.650000	24.862943	-36.092108	0.000000	
550.700000	24.904738	-36.154383	0.000000	
550.750000	24.946533	-36.216658	0.000000	
550.800000	24.988328	-36.278933	0.000000	
550.850000	25.030123	-36.341208	0.000000	
550.900000	25.071918	-36.403483	0.000000	
550.950000	25.113713	-36.465758	0.000000	
551.000000	25.155508	-36.528033	0.000000	
551.050000	25.197302	-36.590308	0.000000	
551.100000	25.239097	-36.652583	0.000000	
551.150000	25.280892	-36.714858	0.000000	
551.200000	25.322687	-36.777133	0.000000	
551.250000	25.364482	-36.839408	0.000000	
551.300000	25.406277	-36.901683	0.000000	
551.350000	25.448072	-36.963958	0.000000	
551.400000	25.489867	-37.026233	0.000000	
551.450000	25.531662	-37.088508	0.000000	
551.500000	25.573457	-37.150783	0.000000	
551.550000	25.615252	-37.213058	0.000000	
551.600000	25.657047	-37.275334	0.000000	
551.650000	25.698842	-37.337609	0.000000	
551.700000	25.740637	-37.399884	0.000000	
551.750000	25.782432	-37.462159	0.000000	
551.800000	25.824227	-37.524434	0.000000	
551.850000	25.866022	-37.586709	0.000000	
551.900000	25.907817	-37.648984	0.000000	
551.950000	25.949612	-37.711259	0.000000	
552.000000	25.991407	-37.773534	0.000000	
552.050000	26.033202	-37.835809	0.000000	
552.100000	26.074997	-37.898084	0.000000	
552.150000	26.116791	-37.960359	0.000000	
552.200000	26.158586	-38.022634	0.000000	
552.250000	26.200381	-38.084909	0.000000	
552.300000	26.242176	-38.147184	0.000000	
552.350000	26.283971	-38.209459	0.000000	
552.400000	26.325766	-38.271734	0.000000	
552.450000	26.367561	-38.334009	0.000000	
552.500000	26.409356	-38.396284	0.000000	
552.550000	26.451151	-38.458559	0.000000	
552.600000	26.492946	-38.520834	0.000000	
552.650000	26.534741	-38.583110	0.000000	
552.700000	26.576536	-38.645385	0.000000	
552.750000	26.618331	-38.707660	0.000000	
552.800000	26.660126	-38.769935	0.000000	
552.850000	26.701921	-38.832210	0.000000	
552.900000	26.743716	-38.894485	0.000000	
552.950000	26.785511	-38.956760	0.000000	
553.000000	26.827306	-39.019035	0.000000	
553.050000	26.869101	-39.081310	0.000000	
553.100000	26.910896	-39.143585	0.000000	
553.150000	26.952691	-39.205860	0.000000	
553.200000	26.994486	-39.268135	0.000000	
553.250000	27.036281	-39.330410	0.000000	
553.300000	27.078075	-39.392685	0.000000	
553.350000	27.119870	-39.454960	0.000000	
553.400000	27.161665	-39.517235	0.000000	
553.450000	27.203460	-39.579510	0.000000	
553.500000	27.245255	-39.641785	0.000000	
553.550000	27.287050	-39.704060	0.000000	
553.600000	27.328845	-39.766335	0.000000	
553.650000	27.370640	-39.828611	0.000000	
553.700000	27.412435	-39.890886	0.000000	
553.750000	27.454230	-39.953161	0.000000	
553.800000	27.496025	-40.015436	0.000000	
553.850000	27.537820	-40.077711	0.000000	
553.900000	27.579615	-40.139986	0.000000	
553.950000	27.621410	-40.202261	0.000000	
554.000000	27.663205	-40.264536	0.000000	
554.050000	27.705000	-40.326811	0.000000	
554.100000	27.746795	-40.389086	0.000000	
554.150000	27.788590	-40.451361	0.000000	
554.200000	27.830385	-40.513636	0.000000	
554.250000	27.872180	-40.575911	0.000000	
554.300000	27.913975	-40.638186	0.000000	
554.350000	27.955770	-40.700461	0.000000	
554.400000	27.997564	-40.762736	0.000000	
554.450000	28.039359	-40.825011	0.000000	
554.500000	28.081154	-40.887286	0.000000	
554.550000	28.122949	-40.949561	0.000000	
554.600000	28.164744	-41.011836	0.000000	
554.650000	28.206539	-41.074111	0.000000	
554.700000	28.248334	-41.136387	0.000000	
554.750000	28.290129	-41.198662	0.000000	
554.800000	28.331924	-41.260937	0.000000	
554.850000	28.373719	-41.323212	0.000000	
554.900000	28.415514	-41.385487	0.000000	
554.950000	28.457309	-41.447762	0.000000	
555.000000	28.499104	-41.510037	0.000000	
555.050000	28.540899	-41.572312	0.000000	
555.100000	28.582694	-41.634587	0.000000	
555.150000	28.624489	-41.696862	0.000000	
555.200000	28.666284	-41.759137	0.000000	
555.250000	28.708079	-41.821412	0.000000	
555.300000	28.749874	-41.883687	0.000000	
555.350000	28.791669	-41.945962	0.000000	
555.400000	28.833464	-42.008237	0.000000	
555.450000	28.875259	-42.070512	0.000000	
555.500000	28.917054	-42.132787	0.000000	
555.550000	28.958848	-42.195062	0.000000	
555.600000	29.000643	-42.257337	0.000000	
555.650000	29.042438	-42.319612	0.000000	
555.700000	29.084233	-42.381888	0.000000	
555.750000	29.126028	-42.444163	0.000000	
555.800000	29.167823	-42.506438	0.000000	
555.850000	29.209618	-42.568713	0.000000	
555.900000	29.251413	-42.630988	0.000000	
555.950000	29.293208	-42.693263	0.000000	
556.000000	29.335003	-42.755538	0.000000	
556.050000	29.376798	-42.817813	0.000000	
556.100000	29.418593	-42.880088	0.000000	
556.150000	29.460388	-42.942363	0.000000	
556.200000	29.502183	-43.004638	0.000000	
556.250000	29.543978	-43.066913	0.000000	
556.300000	29.585773	-43.129188	0.000000	
556.350000	29.627568	-43.191463	0.000000	
556.400000	29.669363	-43.253738	0.000000	
556.450000	29.711158	-43.316013	0.000000	
556.500000	29.752953	-43.378288	0.000000	
556.550000	29.794748	-43.440563	0.000000	
556.600000	29.836543	-43.502838	0.000000	
556.650000	29.878337	-43.565113	0.000000	
556.700000	29.920132	-43.627388	0.000000	
556.750000	29.961927	-43.689664	0.000000	
556.800000	30.003722	-43.751939	0.000000	
556.850000	29.997809	-43.681680	0.000000	
556.900000	29.990324	-43.607055	0.000000	
556.950000	29.982839	-43.532429	0.000000	
557.000000	29.975354	-43.457804	0.000000	
557.050000	29.967868	-43.383178	0.000000	
557.100000	29.960383	-43.308553	0.000000	
557.150000	29.952898	-43.233927	0.000000	
557.200000	29.945413	-43.159302	0.000000	
557.250000	29.937928	-43.084676	0.000000	
557.300000	29.930442	-43.010050	0.000000	
557.350000	29.922957	-42.935425	0.000000	
557.400000	29.915472	-42.860799	0.000000	
557.450000	29.907987	-42.786174	0.000000	
557.500000	29.900502	-42.711548	0.000000	
557.550000	29.893016	-42.636923	0.000000	
557.600000	29.885531	-42.562297	0.000000	
557.650000	29.878046	-42.487672	0.000000	
557.700000	29.870561	-42.413046	0.000000	
557.750000	29.863076	-42.338421	0.000000	
557.800000	29.855590	-42.263795	0.000000	
557.850000	29.848105	-42.189170	0.000000	
557.900000	29.840620	-42.114544	0.000000	
557.950000	29.833135	-42.039918	0.000000	
558.000000	29.825650	-41.965293	0.000000	
558.050000	29.818164	-41.890667	0.000000	
558.100000	29.810679	-41.816042	0.000000	
558.150000	29.803194	-41.741416	0.000000	
558.200000	29.795709	-41.666791	0.000000	
558.250000	29.788224	-41.592165	0.000000	
558.300000	29.780738	-41.517540	0.000000	
558.350000	29.773253	-41.442914	0.000000	
558.400000	29.765768	-41.368289	0.000000	
558.450000	29.758283	-41.293663	0.000000	
558.500000	29.750798	-41.219037	0.000000	
558.550000	29.743312	-41.144412	0.000000	
558.600000	29.735827	-41.069786	0.000000	
558.650000	29.728342	-40.995161	0.000000	
558.700000	29.720857	-40.920535	0.000000	
558.750000	29.713372	-40.845910	0.000000	
558.800000	29.705886	-40.771284	0.000000	
558.850000	29.698401	-40.696659	0.000000	
558.900000	29.690916	-40.622033	0.000000	
558.950000	29.683431	-40.547408	0.000000	
559.000000	29.675946	-40.472782	0.000000	
559.050000	29.668460	-40.398156	0.000000	
559.100000	29.660975	-40.323531	0.000000	
559.150000	29.653490	-40.248905	0.000000	
559.200000	29.646005	-40.174280	0.000000	
559.250000	29.638520	-40.099654	0.000000	
559.300000	29.631034	-40.025029	0.000000	
559.350000	29.623549	-39.950403	0.000000	
559.400000	29.616064	-39.875778	0.000000	
559.450000	29.608579	-39.801152	0.000000	
559.500000	29.601094	-39.726527	0.000000	
559.550000	29.593608	-39.651901	0.000000	
559.600000	29.586123	-39.577275	0.000000	
559.650000	29.578638	-39.502650	0.000000	
559.700000	29.571153	-39.428024	0.000000	
559.750000	29.563668	-39.353399	0.000000	
559.800000	29.556182	-39.278773	0.000000	
559.850000	29.548697	-39.204148	0.000000	
559.900000	29.541212	-39.129522	0.000000	
559.950000	29.533727	-39.054897	0.000000	
560.000000	29.526242	-38.980271	0.000000	
560.050000	29.518756	-38.905646	0.000000	
560.100000	29.511271	-38.831020	0.000000	
560.150000	29.503786	-38.756394	0.000000	
560.200000	29.496301	-38.681769	0.000000	
560.250000	29.488816	-38.607143	0.000000	
560.300000	29.481331	-38.532518	0.000000	
560.350000	29.473845	-38.457892	0.000000	
560.400000	29.466360	-38.383267	0.000000	
560.450000	29.458875	-38.308641	0.000000	
560.500000	29.451390	-38.234016	0.000000	
560.550000	29.443905	-38.159390	0.000000	
560.600000	29.436419	-38.084765	0.000000	
560.650000	29.428934	-38.010139	0.000000	
560.700000	29.421449	-37.935514	0.000000	
560.750000	29.413964	-37.860888	0.000000	
560.800000	29.406479	-37.786262	0.000000	
560.850000	29.398993	-37.711637	0.000000	
560.900000	29.391508	-37.637011	0.000000	
560.950000	29.384023	-37.562386	0.000000	
561.000000	29.376538	-37.487760	0.000000	
561.050000	29.369053	-37.413135	0.000000	
561.100000	29.361567	-37.338509	0.000000	
561.150000	29.354082	-37.263884	0.000000	
561.200000	29.346597	-37.189258	0.000000	
561.250000	29.339112	-37.114633	0.000000	
561.300000	29.331627	-37.040007	0.000000	
561.350000	29.324141	-36.965381	0.000000	
561.400000	29.316656	-36.890756	0.000000	
561.450000	29.309171	-36.816130	0.000000	
561.500000	29.301686	-36.741505	0.000000	
561.550000	29.294201	-36.666879	0.000000	
561.600000	29.286715	-36.592254	0.000000	
561.650000	29.279230	-36.517628	0.000000	
561.700000	29.271745	-36.443003	0.000000	
561.750000	29.264260	-36.368377	0.000000	
561.800000	29.256775	-36.293752	0.000000	
561.850000	29.249289	-36.219126	0.000000	
561.900000	29.241804	-36.144500	0.000000	
561.950000	29.234319	-36.069875	0.000000	
562.000000	29.226834	-35.995249	0.000000	
562.050000	29.219349	-35.920624	0.000000	
562.100000	29.211863	-35.845998	0.000000	
562.150000	29.204378	-35.771373	0.000000	
562.200000	29.196893	-35.696747	0.000000	
562.250000	29.189408	-35.622122	0.000000	
562.300000	29.181923	-35.547496	0.000000	
562.350000	29.174437	-35.472871	0.000000	
562.400000	29.166952	-35.398245	0.000000	
562.450000	29.159467	-35.323619	0.000000	
562.500000	29.151982	-35.248994	0.000000	
562.550000	29.144497	-35.174368	0.000000	
562.600000	29.137011	-35.099743	0.000000	
562.650000	29.129526	-35.025117	0.000000	
562.700000	29.122041	-34.950492	0.000000	
562.750000	29.114556	-34.875866	0.000000	
562.800000	29.107071	-34.801241	0.000000	
562.850000	29.099585	-34.726615	0.000000	
562.900000	29.092100	-34.651990	0.000000	
562.950000	29.084615	-34.577364	0.000000	
563.000000	29.077130	-34.502738	0.000000	
563.050000	29.069645	-34.428113	0.000000	
563.100000	29.062159	-34.353487	0.000000	
563.150000	29.054674	-34.278862	0.000000	
563.200000	29.047189	-34.204236	0.000000	
563.250000	29.039704	-34.129611	0.000000	
563.300000	29.032219	-34.054985	0.000000	
563.350000	29.024733	-33.980360	0.000000	
563.400000	29.017248	-33.905734	0.000000	
563.450000	29.009763	-33.831109	0.000000	
563.500000	29.002278	-33.756483	0.000000	
563.550000	28.994793	-33.681858	0.000000	
563.600000	28.987307	-33.607232	0.000000	
563.650000	28.979822	-33.532606	0.000000	
563.700000	28.972337	-33.457981	0.000000	
563.750000	28.964852	-33.383355	0.000000	
563.800000	28.957367	-33.308730	0.000000	
563.850000	28.949881	-33.234104	0.000000	
563.900000	28.942396	-33.159479	0.000000	
563.950000	28.934911	-33.084853	0.000000	
564.000000	28.927426	-33.010228	0.000000	
564.050000	28.919941	-32.935602	0.000000	
564.100000	28.912455	-32.860977	0.000000	
564.150000	28.904970	-32.786351	0.000000	
564.200000	28.897485	-32.711725	0.000000	
564.250000	28.890000	-32.637100	0.000000	
564.300000	28.882515	-32.562474	0.000000	
564.350000	28.875029	-32.487849	0.000000	
564.400000	28.867544	-32.413223	0.000000	
564.450000	28.860059	-32.338598	0.000000	
564.500000	28.852574	-32.263972	0.000000	
564.550000	28.845089	-32.189347	0.000000	
564.600000	28.837603	-32.114721	0.000000	
564.650000	28.830118	-32.040096	0.000000	
564.700000	28.822633	-31.965470	0.000000	
564.750000	28.815148	-31.890844	0.000000	
564.800000	28.807663	-31.816219	0.000000	
564.850000	28.800177	-31.741593	0.000000	
564.900000	28.792692	-31.666968	0.000000	
564.950000	28.785207	-31.592342	0.000000	
565.000000	28.777722	-31.517717	0.000000	
565.050000	28.770237	-31.443091	0.000000	
565.100000	28.762751	-31.368466	0.000000	
565.150000	28.755266	-31.293840	0.000000	
565.200000	28.747781	-31.219215	0.000000	
565.250000	28.740296	-31.144589	0.000000	
565.300000	28.732811	-31.069963	0.000000	
565.350000	28.725325	-30.995338	0.000000	
565.400000	28.717840	-30.920712	0.000000	
565.450000	28.710355	-30.846087	0.000000	
565.500000	28.702870	-30.771461	0.000000	
565.550000	28.695385	-30.696836	0.000000	
565.600000	28.657758	-30.696631	0.000000	
565.650000	28.600453	-30.745015	0.000000	
565.700000	28.543147	-30.793400	0.000000	
565.750000	28.485841	-30.841785	0.000000	
565.800000	28.428536	-30.890169	0.000000	
565.850000	28.371230	-30.938554	0.000000	
565.900000	28.313924	-30.986938	0.000000	
565.950000	28.256619	-31.035323	0.000000	
566.000000	28.199313	-31.083707	0.000000	
566.050000	28.142007	-31.132092	0.000000	
566.100000	28.084702	-31.180476	0.000000	
566.150000	28.027396	-31.228861	0.000000	
566.200000	27.970090	-31.277245	0.000000	
566.250000	27.912785	-31.325630	0.000000	
566.300000	27.855479	-31.374014	0.000000	
566.350000	27.798174	-31.422399	0.000000	
566.400000	27.740868	-31.470784	0.000000	
566.450000	27.683562	-31.519168	0.000000	
566.500000	27.626257	-31.567553	0.000000	
566.550000	27.568951	-31.615937	0.000000	
566.600000	27.511645	-31.664322	0.000000	
566.650000	27.454340	-31.712706	0.000000	
566.700000	27.397034	-31.761091	0.000000	
566.750000	27.339728	-31.809475	0.000000	
566.800000	27.282423	-31.857860	0.000000	
566.850000	27.225117	-31.906244	0.000000	
566.900000	27.167811	-31.954629	0.000000	
566.950000	27.110506	-32.003013	0.000000	
567.000000	27.053200	-32.051398	0.000000	
567.050000	26.995895	-32.099783	0.000000	
567.100000	26.938589	-32.148167	0.000000	
567.150000	26.881283	-32.196552	0.000000	
567.200000	26.823978	-32.244936	0.000000	
567.250000	26.766672	-32.293321	0.000000	
567.300000	26.709366	-32.341705	0.000000	
567.350000	26.652061	-32.390090	0.000000	
567.400000	26.594755	-32.438474	0.000000	
567.450000	26.537449	-32.486859	0.000000	
567.500000	26.480144	-32.535243	0.000000	
567.550000	26.422838	-32.583628	0.000000	
567.600000	26.365533	-32.632012	0.000000	
567.650000	26.308227	-32.680397	0.000000	
567.700000	26.250921	-32.728782	0.000000	
567.750000	26.193616	-32.777166	0.000000	
567.800000	26.136310	-32.825551	0.000000	
567.850000	26.079004	-32.873935	0.000000	
567.900000	26.021699	-32.922320	0.000000	
567.950000	25.964393	-32.970704	0.000000	
568.000000	25.907087	-33.019089	0.000000	
568.050000	25.849782	-33.067473	0.000000	
568.100000	25.792476	-33.115858	0.000000	
568.150000	25.735170	-33.164242	0.000000	
568.200000	25.677865	-33.212627	0.000000	
568.250000	25.620559	-33.261011	0.000000	
568.300000	25.563254	-33.309396	0.000000	
568.350000	25.505948	-33.357781	0.000000	
568.400000	25.448642	-33.406165	0.000000	
568.450000	25.391337	-33.454550	0.000000	
568.500000	25.334031	-33.502934	0.000000	
568.550000	25.276725	-33.551319	0.000000	
568.600000	25.219420	-33.599703	0.000000	
568.650000	25.162114	-33.648088	0.000000	
568.700000	25.104808	-33.696472	0.000000	
568.750000	25.047503	-33.744857	0.000000	
568.800000	24.990197	-33.793241	0.000000	
568.850000	24.932891	-33.841626	0.000000	
568.900000	24.875586	-33.890010	0.000000	
568.950000	24.818280	-33.938395	0.000000	
569.000000	24.760975	-33.986780	0.000000	
569.050000	24.703669	-34.035164	0.000000	
569.100000	24.646363	-34.083549	0.000000	
569.150000	24.589058	-34.131933	0.000000	
569.200000	24.531752	-34.180318	0.000000	
569.250000	24.474446	-34.228702	0.000000	
569.300000	24.417141	-34.277087	0.000000	
569.350000	24.359835	-34.325471	0.000000	
569.400000	24.302529	-34.373856	0.000000	
569.450000	24.245224	-34.422240	0.000000	
569.500000	24.187918	-34.470625	0.000000	
569.550000	24.130613	-34.519009	0.000000	
569.600000	24.073307	-34.567394	0.000000	
569.650000	24.016001	-34.615779	0.000000	
569.700000	23.958696	-34.664163	0.000000	
569.750000	23.901390	-34.712548	0.000000	
569.800000	23.844084	-34.760932	0.000000	
569.850000	23.786779	-34.809317	0.000000	
569.900000	23.729473	-34.857701	0.000000	
569.950000	23.672167	-34.906086	0.000000	
570.000000	23.614862	-34.954470	0.000000	
570.050000	23.557556	-35.002855	0.000000	
570.100000	23.500250	-35.051239	0.000000	
570.150000	23.442945	-35.099624	0.000000	
570.200000	23.385639	-35.148008	0.000000	
570.250000	23.328334	-35.196393	0.000000	
570.300000	23.271028	-35.244778	0.000000	
570.350000	23.213722	-35.293162	0.000000	
570.400000	23.156417	-35.341547	0.000000	
570.450000	23.099111	-35.389931	0.000000	
570.500000	23.041805	-35.438316	0.000000	
570.550000	22.984500	-35.486700	0.000000	
570.600000	22.927194	-35.535085	0.000000	
570.650000	22.869888	-35.583469	0.000000	
570.700000	22.812583	-35.631854	0.000000	
570.750000	22.755277	-35.680238	0.000000	
570.800000	22.697972	-35.728623	0.000000	
570.850000	22.640666	-35.777007	0.000000	
570.900000	22.583360	-35.825392	0.000000	
570.950000	22.526055	-35.873777	0.000000	
571.000000	22.468749	-35.922161	0.000000	
571.050000	22.411443	-35.970546	0.000000	
571.100000	22.354138	-36.018930	0.000000	
571.150000	22.296832	-36.067315	0.000000	
571.200000	22.239526	-36.115699	0.000000	
571.250000	22.182221	-36.164084	0.000000	
571.300000	22.124915	-36.212468	0.000000	
571.350000	22.067609	-36.260853	0.000000	
571.400000	22.010304	-36.309237	0.000000	
571.450000	21.952998	-36.357622	0.000000	
571.500000	21.895693	-36.406006	0.000000	
571.550000	21.838387	-36.454391	0.000000	
571.600000	21.781081	-36.502776	0.000000	
571.650000	21.723776	-36.551160	0.000000	
571.700000	21.666470	-36.599545	0.000000	
571.750000	21.609164	-36.647929	0.000000	
571.800000	21.551859	-36.696314	0.000000	
571.850000	21.494553	-36.744698	0.000000	
571.900000	21.437247	-36.793083	0.000000	
571.950000	21.379942	-36.841467	0.000000	
572.000000	21.322636	-36.889852	0.000000	
572.050000	21.265330	-36.938236	0.000000	
572.100000	21.208025	-36.986621	0.000000	
572.150000	21.150719	-37.035005	0.000000	
572.200000	21.093414	-37.083390	0.000000	
572.250000	21.036108	-37.131775	0.000000	
572.300000	20.978802	-37.180159	0.000000	
572.350000	20.921497	-37.228544	0.000000	
572.400000	20.864191	-37.276928	0.000000	
572.450000	20.806885	-37.325313	0.000000	
572.500000	20.749580	-37.373697	0.000000	
572.550000	20.692274	-37.422082	0.000000	
572.600000	20.634968	-37.470466	0.000000	
572.650000	20.577663	-37.518851	0.000000	
572.700000	20.520357	-37.567235	0.000000	
572.750000	20.463052	-37.615620	0.000000	
572.800000	20.405746	-37.664004	0.000000	
572.850000	20.348440	-37.712389	0.000000	
572.900000	20.291135	-37.760774	0.000000	
572.950000	20.233829	-37.809158	0.000000	
573.000000	20.176523	-37.857543	0.000000	
573.050000	20.119218	-37.905927	0.000000	
573.100000	20.061912	-37.954312	0.000000	
573.150000	20.004606	-38.002696	0.000000	
573.200000	19.988810	-38.041774	0.000000	
573.250000	20.061289	-38.061058	0.000000	
573.300000	20.133767	-38.080343	0.000000	
573.350000	20.206245	-38.099628	0.000000	
573.400000	20.278723	-38.118913	0.000000	
573.450000	20.351202	-38.138198	0.000000	
573.500000	20.423680	-38.157483	0.000000	
573.550000	20.496158	-38.176768	0.000000	
573.600000	20.568636	-38.196052	0.000000	
573.650000	20.641115	-38.215337	0.000000	
573.700000	20.713593	-38.234622	0.000000	
573.750000	20.786071	-38.253907	0.000000	
573.800000	20.858549	-38.273192	0.000000	
573.850000	20.931028	-38.292477	0.000000	
573.900000	21.003506	-38.311762	0.000000	
573.950000	21.075984	-38.331047	0.000000	
574.000000	21.148462	-38.350331	0.000000	
574.050000	21.220940	-38.369616	0.000000	
574.100000	21.293419	-38.388901	0.000000	
574.150000	21.365897	-38.408186	0.000000	
574.200000	21.438375	-38.427471	0.000000	
574.250000	21.510853	-38.446756	0.000000	
574.300000	21.583332	-38.466041	0.000000	
574.350000	21.655810	-38.485325	0.000000	
574.400000	21.728288	-38.504610	0.000000	
574.450000	21.800766	-38.523895	0.000000	
574.500000	21.873245	-38.543180	0.000000	
574.550000	21.945723	-38.562465	0.000000	
574.600000	22.018201	-38.581750	0.000000	
574.650000	22.090679	-38.601035	0.000000	
574.700000	22.163157	-38.620319	0.000000	
574.750000	22.235636	-38.639604	0.000000	
574.800000	22.308114	-38.658889	0.000000	
574.850000	22.380592	-38.678174	0.000000	
574.900000	22.453070	-38.697459	0.000000	
574.950000	22.525549	-38.716744	0.000000	
575.000000	22.598027	-38.736029	0.000000	
575.050000	22.670505	-38.755313	0.000000	
575.100000	22.742983	-38.774598	0.000000	
575.150000	22.815462	-38.793883	0.000000	
575.200000	22.887940	-38.813168	0.000000	
575.250000	22.960418	-38.832453	0.000000	
575.300000	23.032896	-38.851738	0.000000	
575.350000	23.105374	-38.871023	0.000000	
575.400000	23.177853	-38.890308	0.000000	
575.450000	23.250331	-38.909592	0.000000	
575.500000	23.322809	-38.928877	0.000000	
575.550000	23.395287	-38.948162	0.000000	
575.600000	23.467766	-38.967447	0.000000	
575.650000	23.540244	-38.986732	0.000000	
575.700000	23.612722	-39.006017	0.000000	
575.750000	23.685200	-39.025302	0.000000	
575.800000	23.757679	-39.044586	0.000000	
575.850000	23.830157	-39.063871	0.000000	
575.900000	23.902635	-39.083156	0.000000	
575.950000	23.975113	-39.102441	0.000000	
576.000000	24.047591	-39.121726	0.000000	
576.050000	24.120070	-39.141011	0.000000	
576.100000	24.192548	-39.160296	0.000000	
576.150000	24.265026	-39.179580	0.000000	
576.200000	24.337504	-39.198865	0.000000	
576.250000	24.409983	-39.218150	0.000000	
576.300000	24.482461	-39.237435	0.000000	
576.350000	24.554939	-39.256720	0.000000	
576.400000	24.627417	-39.276005	0.000000	
576.450000	24.699896	-39.295290	0.000000	
576.500000	24.772374	-39.314574	0.000000	
576.550000	24.844852	-39.333859	0.000000	
576.600000	24.917330	-39.353144	0.000000	
576.650000	24.989808	-39.372429	0.000000	
576.700000	25.062287	-39.391714	0.000000	
576.750000	25.134765	-39.410999	0.000000	
576.800000	25.207243	-39.430284	0.000000	
576.850000	25.279721	-39.449569	0.000000	
576.900000	25.352200	-39.468853	0.000000	
576.950000	25.424678	-39.488138	0.000000	
577.000000	25.497156	-39.507423	0.000000	
577.050000	25.569634	-39.526708	0.000000	
577.100000	25.642113	-39.545993	0.000000	
577.150000	25.714591	-39.565278	0.000000	
577.200000	25.787069	-39.584563	0.000000	
577.250000	25.859547	-39.603847	0.000000	
577.300000	25.932026	-39.623132	0.000000	
577.350000	26.004504	-39.642417	0.000000	
577.400000	26.076982	-39.661702	0.000000	
577.450000	26.149460	-39.680987	0.000000	
577.500000	26.221938	-39.700272	0.000000	
577.550000	26.294417	-39.719557	0.000000	
577.600000	26.366895	-39.738841	0.000000	
577.650000	26.439373	-39.758126	0.000000	
577.700000	26.511851	-39.777411	0.000000	
577.750000	26.584330	-39.796696	0.000000	
577.800000	26.656808	-39.815981	0.000000	
577.850000	26.729286	-39.835266	0.000000	
577.900000	26.801764	-39.854551	0.000000	
577.950000	26.874243	-39.873835	0.000000	
578.000000	26.946721	-39.893120	0.000000	
578.050000	27.019199	-39.912405	0.000000	
578.100000	27.091677	-39.931690	0.000000	
578.150000	27.164155	-39.950975	0.000000	
578.200000	27.236634	-39.970260	0.000000	
578.250000	27.309112	-39.989545	0.000000	
578.300000	27.381590	-40.008829	0.000000	
578.350000	27.454068	-40.028114	0.000000	
578.400000	27.526547	-40.047399	0.000000	
578.450000	27.599025	-40.066684	0.000000	
578.500000	27.671503	-40.085969	0.000000	
578.550000	27.743981	-40.105254	0.000000	
578.600000	27.816460	-40.124539	0.000000	
578.650000	27.888938	-40.143824	0.000000	
578.700000	27.961416	-40.163108	0.000000	
578.750000	28.033894	-40.182393	0.000000	
578.800000	28.106372	-40.201678	0.000000	
578.850000	28.178851	-40.220963	0.000000	
578.900000	28.251329	-40.240248	0.000000	
578.950000	28.323807	-40.259533	0.000000	
579.000000	28.396285	-40.278818	0.000000	
579.050000	28.468764	-40.298102	0.000000	
579.100000	28.541242	-40.317387	0.000000	
579.150000	28.615257	-40.328211	0.000000	
579.200000	28.689887	-40.335648	0.000000	
579.250000	28.764518	-40.343085	0.000000	
579.300000	28.839148	-40.350522	0.000000	
579.350000	28.913778	-40.357959	0.000000	
579.400000	28.988409	-40.365397	0.000000	
579.450000	29.063039	-40.372834	0.000000	
579.500000	29.137669	-40.380271	0.000000	
579.550000	29.212300	-40.387708	0.000000	
579.600000	29.286930	-40.395145	0.000000	
579.650000	29.361561	-40.402582	0.000000	
579.700000	29.436191	-40.410020	0.000000	
579.750000	29.510821	-40.417457	0.000000	
579.800000	29.585452	-40.424894	0.000000	
579.850000	29.660082	-40.432331	0.000000	
579.900000	29.734712	-40.439768	0.000000	
579.950000	29.809343	-40.447206	0.000000	
580.000000	29.883973	-40.454643	0.000000	
580.050000	29.958603	-40.462080	0.000000	
580.100000	30.033234	-40.469517	0.000000	
580.150000	30.107864	-40.476954	0.000000	
580.200000	30.182494	-40.484391	0.000000	
580.250000	30.257125	-40.491829	0.000000	
580.300000	30.331755	-40.499266	0.000000	
580.350000	30.406385	-40.506703	0.000000	
580.400000	30.481016	-40.514140	0.000000	
580.450000	30.555646	-40.521577	0.000000	
580.500000	30.630276	-40.529014	0.000000	
580.550000	30.704907	-40.536452	0.000000	
580.600000	30.779537	-40.543889	0.000000	
580.650000	30.854167	-40.551326	0.000000	
580.700000	30.928798	-40.558763	0.000000	
580.750000	31.003428	-40.566200	0.000000	
580.800000	31.078058	-40.573637	0.000000	
580.850000	31.152689	-40.581075	0.000000	
580.900000	31.227319	-40.588512	0.000000	
580.950000	31.301950	-40.595949	0.000000	
581.000000	31.376580	-40.603386	0.000000	
581.050000	31.451210	-40.610823	0.000000	
581.100000	31.525841	-40.618260	0.000000	
581.150000	31.600471	-40.625698	0.000000	
581.200000	31.675101	-40.633135	0.000000	
581.250000	31.749732	-40.640572	0.000000	
581.300000	31.824362	-40.648009	0.000000	
581.350000	31.898992	-40.655446	0.000000	
581.400000	31.973623	-40.662884	0.000000	
581.450000	32.048253	-40.670321	0.000000	
581.500000	32.122883	-40.677758	0.000000	
581.550000	32.197514	-40.685195	0.000000	
581.600000	32.272144	-40.692632	0.000000	
581.650000	32.346774	-40.700069	0.000000	
581.700000	32.421405	-40.707507	0.000000	
581.750000	32.496035	-40.714944	0.000000	
581.800000	32.570665	-40.722381	0.000000	
581.850000	32.645296	-40.729818	0.000000	
581.900000	32.719926	-40.737255	0.000000	
581.950000	32.794556	-40.744692	0.000000	
582.000000	32.869187	-40.752130	0.000000	
582.050000	32.943817	-40.759567	0.000000	
582.100000	33.018447	-40.767004	0.000000	
582.150000	33.093078	-40.774441	0.000000	
582.200000	33.167708	-40.781878	0.000000	
582.250000	33.242339	-40.789315	0.000000	
582.300000	33.316969	-40.796753	0.000000	
582.350000	33.391599	-40.804190	0.000000	
582.400000	33.466230	-40.811627	0.000000	
582.450000	33.540860	-40.819064	0.000000	
582.500000	33.615490	-40.826501	0.000000	
582.550000	33.690121	-40.833938	0.000000	
582.600000	33.764751	-40.841376	0.000000	
582.650000	33.839381	-40.848813	0.000000	
582.700000	33.914012	-40.856250	0.000000	
582.750000	33.988642	-40.863687	0.000000	
582.800000	34.063272	-40.871124	0.000000	
582.850000	34.137903	-40.878562	0.000000	
582.900000	34.212533	-40.885999	0.000000	
582.950000	34.287163	-40.893436	0.000000	
583.000000	34.361794	-40.900873	0.000000	
583.050000	34.436424	-40.908310	0.000000	
583.100000	34.511054	-40.915747	0.000000	
583.150000	34.585685	-40.923185	0.000000	
583.200000	34.660315	-40.930622	0.000000	
583.250000	34.734945	-40.938059	0.000000	
583.300000	34.809576	-40.945496	0.000000	
583.350000	34.884206	-40.952933	0.000000	
583.400000	34.958836	-40.960370	0.000000	
583.450000	35.033467	-40.967808	0.000000	
583.500000	35.108097	-40.975245	0.000000	
583.550000	35.182727	-40.982682	0.000000	
583.600000	35.257358	-40.990119	0.000000	
583.650000	35.331988	-40.997556	0.000000	
583.700000	35.406619	-41.004993	0.000000	
583.750000	35.481249	-41.012431	0.000000	
583.800000	35.555879	-41.019868	0.000000	
583.850000	35.630510	-41.027305	0.000000	
583.900000	35.705140	-41.034742	0.000000	
583.950000	35.779770	-41.042179	0.000000	
584.000000	35.854401	-41.049616	0.000000	
584.050000	35.929031	-41.057054	0.000000	
584.100000	36.003661	-41.064491	0.000000	
584.150000	36.078292	-41.071928	0.000000	
584.200000	36.152922	-41.079365	0.000000	
584.250000	36.227552	-41.086802	0.000000	
584.300000	36.302183	-41.094240	0.000000	
584.350000	36.376813	-41.101677	0.000000	
584.400000	36.451443	-41.109114	0.000000	
584.450000	36.526074	-41.116551	0.000000	
584.500000	36.600704	-41.123988	0.000000	
584.550000	36.675334	-41.131425	0.000000	
584.600000	36.749965	-41.138863	0.000000	
584.650000	36.824595	-41.146300	0.000000	
584.700000	36.899225	-41.153737	0.000000	
584.750000	36.973856	-41.161174	0.000000	
584.800000	37.048486	-41.168611	0.000000	
584.850000	37.123116	-41.176048	0.000000	
584.900000	37.197747	-41.183486	0.000000	
584.950000	37.272377	-41.190923	0.000000	
585.000000	37.347008	-41.198360	0.000000	
585.050000	37.421638	-41.205797	0.000000	
585.100000	37.496268	-41.213234	0.000000	
585.150000	37.570899	-41.220671	0.000000	
585.200000	37.645529	-41.228109	0.000000	
585.250000	37.720159	-41.235546	0.000000	
585.300000	37.794790	-41.242983	0.000000	
585.350000	37.869420	-41.250420	0.000000	
585.400000	37.944050	-41.257857	0.000000	
585.450000	38.018681	-41.265294	0.000000	
585.500000	38.093311	-41.272732	0.000000	
585.550000	38.167941	-41.280169	0.000000	
585.600000	38.242572	-41.287606	0.000000	
585.650000	38.317202	-41.295043	0.000000	
585.700000	38.391832	-41.302480	0.000000	
585.750000	38.466463	-41.309918	0.000000	
585.800000	38.541093	-41.317355	0.000000	
585.850000	38.615723	-41.324792	0.000000	
585.900000	38.690354	-41.332229	0.000000	
585.950000	38.764984	-41.339666	0.000000	
586.000000	38.839614	-41.347103	0.000000	
586.050000	38.914245	-41.354541	0.000000	
586.100000	38.988875	-41.361978	0.000000	
586.150000	39.063505	-41.369415	0.000000	
586.200000	39.138136	-41.376852	0.000000	
586.250000	39.212766	-41.384289	0.000000	
586.300000	39.287396	-41.391726	0.000000	
586.350000	39.362027	-41.399164	0.000000	
586.400000	39.436657	-41.406601	0.000000	
586.450000	39.511288	-41.414038	0.000000	
586.500000	39.585918	-41.421475	0.000000	
586.550000	39.660548	-41.428912	0.000000	
586.600000	39.735179	-41.436349	0.000000	
586.650000	39.689408	-41.408465	0.000000	
586.700000	39.622588	-41.374406	0.000000	
586.750000	39.555767	-41.340346	0.000000	
586.800000	39.488947	-41.306287	0.000000	
586.850000	39.422127	-41.272227	0.000000	
586.900000	39.355307	-41.238168	0.000000	
586.950000	39.288486	-41.204108	0.000000	
587.000000	39.221666	-41.170049	0.000000	
587.050000	39.154846	-41.135989	0.000000	
587.100000	39.088025	-41.101929	0.000000	
587.150000	39.021205	-41.067870	0.000000	
587.200000	38.954385	-41.033810	0.000000	
587.250000	38.887565	-40.999751	0.000000	
587.300000	38.820744	-40.965691	0.000000	
587.350000	38.753924	-40.931632	0.000000	
587.400000	38.687104	-40.897572	0.000000	
587.450000	38.620284	-40.863513	0.000000	
587.500000	38.553463	-40.829453	0.000000	
587.550000	38.486643	-40.795394	0.000000	
587.600000	38.419823	-40.761334	0.000000	
587.650000	38.353002	-40.727275	0.000000	
587.700000	38.286182	-40.693215	0.000000	
587.750000	38.219362	-40.659156	0.000000	
587.800000	38.152542	-40.625096	0.000000	
587.850000	38.085721	-40.591037	0.000000	
587.900000	38.018901	-40.556977	0.000000	
587.950000	37.952081	-40.522918	0.000000	
588.000000	37.885260	-40.488858	0.000000	
588.050000	37.818440	-40.454799	0.000000	
588.100000	37.751620	-40.420739	0.000000	
588.150000	37.684800	-40.386680	0.000000	
588.200000	37.617979	-40.352620	0.000000	
588.250000	37.551159	-40.318561	0.000000	
588.300000	37.484339	-40.284501	0.000000	
588.350000	37.417519	-40.250442	0.000000	
588.400000	37.350698	-40.216382	0.000000	
588.450000	37.283878	-40.182322	0.000000	
588.500000	37.217058	-40.148263	0.000000	
588.550000	37.150237	-40.114203	0.000000	
588.600000	37.083417	-40.080144	0.000000	
588.650000	37.016597	-40.046084	0.000000	
588.700000	36.949777	-40.012025	0.000000	
588.750000	36.882956	-39.977965	0.000000	
588.800000	36.816136	-39.943906	0.000000	
588.850000	36.749316	-39.909846	0.000000	
588.900000	36.682496	-39.875787	0.000000	
588.950000	36.615675	-39.841727	0.000000	
589.000000	36.548855	-39.807668	0.000000	
589.050000	36.482035	-39.773608	0.000000	
589.100000	36.415214	-39.739549	0.000000	
589.150000	36.348394	-39.705489	0.000000	
589.200000	36.281574	-39.671430	0.000000	
589.250000	36.214754	-39.637370	0.000000	
589.300000	36.147933	-39.603311	0.000000	
589.350000	36.081113	-39.569251	0.000000	
589.400000	36.014293	-39.535192	0.000000	
589.450000	35.947472	-39.501132	0.000000	
589.500000	35.880652	-39.467073	0.000000	
589.550000	35.813832	-39.433013	0.000000	
589.600000	35.747012	-39.398954	0.000000	
589.650000	35.680191	-39.364894	0.000000	
589.700000	35.613371	-39.330835	0.000000	
589.750000	35.546551	-39.296775	0.000000	
589.800000	35.479731	-39.262715	0.000000	
589.850000	35.412910	-39.228656	0.000000	
589.900000	35.346090	-39.194596	0.000000	
589.950000	35.279270	-39.160537	0.000000	
590.000000	35.212449	-39.126477	0.000000	
590.050000	35.145629	-39.092418	0.000000	
590.100000	35.078809	-39.058358	0.000000	
590.150000	35.011989	-39.024299	0.000000	
590.200000	34.945168	-38.990239	0.000000	
590.250000	34.878348	-38.956180	0.000000	
590.300000	34.811528	-38.922120	0.000000	
590.350000	34.744708	-38.888061	0.000000	
590.400000	34.677887	-38.854001	0.000000	
590.450000	34.611067	-38.819942	0.000000	
590.500000	34.544247	-38.785882	0.000000	
590.550000	34.477426	-38.751823	0.000000	
590.600000	34.410606	-38.717763	0.000000	
590.650000	34.343786	-38.683704	0.000000	
590.700000	34.276966	-38.649644	0.000000	
590.750000	34.210145	-38.615585	0.000000	
590.800000	34.143325	-38.581525	0.000000	
590.850000	34.076505	-38.547466	0.000000	
590.900000	34.009685	-38.513406	0.000000	
590.950000	33.942864	-38.479347	0.000000	
591.000000	33.876044	-38.445287	0.000000	
591.050000	33.809224	-38.411228	0.000000	
591.100000	33.742403	-38.377168	0.000000	
591.150000	33.675583	-38.343108	0.000000	
591.200000	33.608763	-38.309049	0.000000	
591.250000	33.541943	-38.274989	0.000000	
591.300000	33.475122	-38.240930	0.000000	
591.350000	33.408302	-38.206870	0.000000	
591.400000	33.341482	-38.172811	0.000000	
591.450000	33.274661	-38.138751	0.000000	
591.500000	33.207841	-38.104692	0.000000	
591.550000	33.141021	-38.070632	0.000000	
591.600000	33.074201	-38.036573	0.000000	
591.650000	33.007380	-38.002513	0.000000	
591.700000	32.940560	-37.968454	0.000000	
591.750000	32.873740	-37.934394	0.000000	
591.800000	32.806920	-37.900335	0.000000	
591.850000	32.740099	-37.866275	0.000000	
591.900000	32.673279	-37.832216	0.000000	
591.950000	32.606459	-37.798156	0.000000	
592.000000	32.539638	-37.764097	0.000000	
592.050000	32.472818	-37.730037	0.000000	
592.100000	32.405998	-37.695978	0.000000	
592.150000	32.339178	-37.661918	0.000000	
592.200000	32.272357	-37.627859	0.000000	
592.250000	32.205537	-37.593799	0.000000	
592.300000	32.138717	-37.559740	0.000000	
592.350000	32.071897	-37.525680	0.000000	
592.400000	32.005076	-37.491621	0.000000	
592.450000	31.938256	-37.457561	0.000000	
592.500000	31.871436	-37.423501	0.000000	
592.550000	31.804615	-37.389442	0.000000	
592.600000	31.737795	-37.355382	0.000000	
592.650000	31.670975	-37.321323	0.000000	
592.700000	31.604155	-37.287263	0.000000	
592.750000	31.537334	-37.253204	0.000000	
592.800000	31.470514	-37.219144	0.000000	
592.850000	31.403694	-37.185085	0.000000	
592.900000	31.336873	-37.151025	0.000000	
592.950000	31.270053	-37.116966	0.000000	
593.000000	31.203233	-37.082906	0.000000	
593.050000	31.136413	-37.048847	0.000000	
593.100000	31.069592	-37.014787	0.000000	
593.150000	31.002772	-36.980728	0.000000	
593.200000	30.935952	-36.946668	0.000000	
593.250000	30.869132	-36.912609	0.000000	
593.300000	30.802311	-36.878549	0.000000	
593.350000	30.735491	-36.844490	0.000000	
593.400000	30.668671	-36.810430	0.000000	
593.450000	30.601850	-36.776371	0.000000	
593.500000	30.535030	-36.742311	0.000000	
593.550000	30.468210	-36.708252	0.000000	
593.600000	30.401390	-36.674192	0.000000	
593.650000	30.334569	-36.640133	0.000000	
593.700000	30.267749	-36.606073	0.000000	
593.750000	30.200929	-36.572014	0.000000	
593.800000	30.134109	-36.537954	0.000000	
593.850000	30.067288	-36.503894	0.000000	
593.900000	30.000468	-36.469835	0.000000	
593.950000	29.933648	-36.435775	0.000000	
594.000000	29.866827	-36.401716	0.000000	
594.050000	29.800007	-36.367656	0.000000	
594.100000	29.733187	-36.333597	0.000000	
594.150000	29.666367	-36.299537	0.000000	
594.200000	29.599546	-36.265478	0.000000	
594.250000	29.532726	-36.231418	0.000000	
594.300000	29.465906	-36.197359	0.000000	
594.350000	29.399086	-36.163299	0.000000	
594.400000	29.332265	-36.129240	0.000000	
594.450000	29.265445	-36.095180	0.000000	
594.500000	29.198625	-36.061121	0.000000	
594.550000	29.131804	-36.027061	0.000000	
594.600000	29.064984	-35.993002	0.000000	
594.650000	28.998164	-35.958942	0.000000	
594.700000	28.931344	-35.924883	0.000000	
594.750000	28.864523	-35.890823	0.000000	
594.800000	28.797703	-35.856764	0.000000	
594.850000	28.730883	-35.822704	0.000000	
594.900000	28.664062	-35.788645	0.000000	
594.950000	28.597242	-35.754585	0.000000	
595.000000	28.530422	-35.720526	0.000000	
595.050000	28.463602	-35.686466	0.000000	
595.100000	28.396781	-35.652407	0.000000	
595.150000	28.329961	-35.618347	0.000000	
595.200000	28.263141	-35.584288	0.000000	
595.250000	28.196321	-35.550228	0.000000	
595.300000	28.129500	-35.516168	0.000000	
595.350000	28.062680	-35.482109	0.000000	
595.400000	27.995860	-35.448049	0.000000	
595.450000	27.929039	-35.413990	0.000000	
595.500000	27.862219	-35.379930	0.000000	
595.550000	27.795399	-35.345871	0.000000	
595.600000	27.728579	-35.311811	0.000000	
595.650000	27.661758	-35.277752	0.000000	
595.700000	27.594938	-35.243692	0.000000	
595.750000	27.528118	-35.209633	0.000000	
595.800000	27.461298	-35.175573	0.000000	
595.850000	27.394477	-35.141514	0.000000	
595.900000	27.327657	-35.107454	0.000000	
595.950000	27.260837	-35.073395	0.000000	
596.000000	27.194016	-35.039335	0.000000	
596.050000	27.127196	-35.005276	0.000000	
596.100000	27.060376	-34.971216	0.000000	
596.150000	26.993556	-34.937157	0.000000	
596.200000	26.926735	-34.903097	0.000000	
596.250000	26.859915	-34.869038	0.000000	
596.300000	26.793095	-34.834978	0.000000	
596.350000	26.726274	-34.800919	0.000000	
596.400000	26.659454	-34.766859	0.000000	
596.450000	26.592634	-34.732800	0.000000	
596.500000	26.525814	-34.698740	0.000000	
596.550000	26.458993	-34.664681	0.000000	
596.600000	26.392173	-34.630621	0.000000	
596.650000	26.325353	-34.596561	0.000000	
596.700000	26.258533	-34.562502	0.000000	
596.750000	26.191712	-34.528442	0.000000	
596.800000	26.124892	-34.494383	0.000000	
596.850000	26.058072	-34.460323	0.000000	
596.900000	25.991251	-34.426264	0.000000	
596.950000	25.924431	-34.392204	0.000000	
597.000000	25.857611	-34.358145	0.000000	
597.050000	25.790791	-34.324085	0.000000	
597.100000	25.723970	-34.290026	0.000000	
597.150000	25.657150	-34.255966	0.000000	
597.200000	25.590330	-34.221907	0.000000	
597.250000	25.523510	-34.187847	0.000000	
597.300000	25.456689	-34.153788	0.000000	
597.350000	25.389869	-34.119728	0.000000	
597.400000	25.323049	-34.085669	0.000000	
597.450000	25.256228	-34.051609	0.000000	
597.500000	25.189408	-34.017550	0.000000	
597.550000	25.122588	-33.983490	0.000000	
597.600000	25.055768	-33.949431	0.000000	
597.650000	24.988947	-33.915371	0.000000	
597.700000	24.922127	-33.881312	0.000000	
597.750000	24.855307	-33.847252	0.000000	
597.800000	24.804589	-33.838126	0.000000	
597.850000	24.808145	-33.913042	0.000000	
597.900000	24.811701	-33.987958	0.000000	
597.950000	24.815258	-34.062873	0.000000	
598.000000	24.818814	-34.137789	0.000000	
598.050000	24.822370	-34.212705	0.000000	
598.100000	24.825927	-34.287620	0.000000	
598.150000	24.829483	-34.362536	0.000000	
598.200000	24.833039	-34.437452	0.000000	
598.250000	24.836595	-34.512367	0.000000	
598.300000	24.840152	-34.587283	0.000000	
598.350000	24.843708	-34.662198	0.000000	
598.400000	24.847264	-34.737114	0.000000	
598.450000	24.850820	-34.812030	0.000000	
598.500000	24.854377	-34.886945	0.000000	
598.550000	24.857933	-34.961861	0.000000	
598.600000	24.861489	-35.036777	0.000000	
598.650000	24.865046	-35.111692	0.000000	
598.700000	24.868602	-35.186608	0.000000	
598.750000	24.872158	-35.261524	0.000000	
598.800000	24.875714	-35.336439	0.000000	
598.850000	24.879271	-35.411355	0.000000	
598.900000	24.882827	-35.486270	0.000000	
598.950000	24.886383	-35.561186	0.000000	
599.000000	24.889939	-35.636102	0.000000	
599.050000	24.893496	-35.711017	0.000000	
599.100000	24.897052	-35.785933	0.000000	
599.150000	24.900608	-35.860849	0.000000	
599.200000	24.904165	-35.935764	0.000000	
599.250000	24.907721	-36.010680	0.000000	
599.300000	24.911277	-36.085596	0.000000	
599.350000	24.914833	-36.160511	0.000000	
599.400000	24.918390	-36.235427	0.000000	
599.450000	24.921946	-36.310343	0.000000	
599.500000	24.925502	-36.385258	0.000000	
599.550000	24.929058	-36.460174	0.000000	
599.600000	24.932615	-36.535089	0.000000	
599.650000	24.936171	-36.610005	0.000000	
599.700000	24.939727	-36.684921	0.000000	
599.750000	24.943284	-36.759836	0.000000	
599.800000	24.946840	-36.834752	0.000000	
599.850000	24.950396	-36.909668	0.000000	
599.900000	24.953952	-36.984583	0.000000	
599.950000	24.957509	-37.059499	0.000000	
600.000000	24.961065	-37.134415	0.000000	
600.050000	24.964621	-37.209330	0.000000	
600.100000	24.968178	-37.284246	0.000000	
600.150000	24.971734	-37.359161	0.000000	
600.200000	24.975290	-37.434077	0.000000	
600.250000	24.978846	-37.508993	0.000000	
600.300000	24.982403	-37.583908	0.000000	
600.350000	24.985959	-37.658824	0.000000	
600.400000	24.989515	-37.733740	0.000000	
600.450000	24.993071	-37.808655	0.000000	
600.500000	24.996628	-37.883571	0.000000	
600.550000	25.000184	-37.958487	0.000000	
600.600000	25.003740	-38.033402	0.000000	
600.650000	25.007297	-38.108318	0.000000	
600.700000	25.010853	-38.183233	0.000000	
600.750000	25.014409	-38.258149	0.000000	
600.800000	25.017965	-38.333065	0.000000	
600.850000	25.021522	-38.407980	0.000000	
600.900000	25.025078	-38.482896	0.000000	
600.950000	25.028634	-38.557812	0.000000	
601.000000	25.032190	-38.632727	0.000000	
601.050000	25.035747	-38.707643	0.000000	
601.100000	25.039303	-38.782559	0.000000	
601.150000	25.042859	-38.857474	0.000000	
601.200000	25.046416	-38.932390	0.000000	
601.250000	25.049972	-39.007305	0.000000	
601.300000	25.053528	-39.082221	0.000000	
601.350000	25.057084	-39.157137	0.000000	
601.400000	25.060641	-39.232052	0.000000	
601.450000	25.064197	-39.306968	0.000000	
601.500000	25.067753	-39.381884	0.000000	
601.550000	25.071309	-39.456799	0.000000	
601.600000	25.074866	-39.531715	0.000000	
601.650000	25.078422	-39.606631	0.000000	
601.700000	25.081978	-39.681546	0.000000	
601.750000	25.085535	-39.756462	0.000000	
601.800000	25.089091	-39.831378	0.000000	
601.850000	25.092647	-39.906293	0.000000	
601.900000	25.096203	-39.981209	0.000000	
601.950000	25.099760	-40.056124	0.000000	
602.000000	25.103316	-40.131040	0.000000	
602.050000	25.106872	-40.205956	0.000000	
602.100000	25.110428	-40.280871	0.000000	
602.150000	25.113985	-40.355787	0.000000	
602.200000	25.117541	-40.430703	0.000000	
602.250000	25.121097	-40.505618	0.000000	
602.300000	25.124654	-40.580534	0.000000	
602.350000	25.128210	-40.655450	0.000000	
602.400000	25.131766	-40.730365	0.000000	
602.450000	25.135322	-40.805281	0.000000	
602.500000	25.138879	-40.880196	0.000000	
602.550000	25.142435	-40.955112	0.000000	
602.600000	25.145991	-41.030028	0.000000	
602.650000	25.149547	-41.104943	0.000000	
602.700000	25.153104	-41.179859	0.000000	
602.750000	25.156660	-41.254775	0.000000	
602.800000	25.160216	-41.329690	0.000000	
602.850000	25.163773	-41.404606	0.000000	
602.900000	25.167329	-41.479522	0.000000	
602.950000	25.170885	-41.554437	0.000000	
603.000000	25.174441	-41.629353	0.000000	
603.050000	25.177998	-41.704268	0.000000	
603.100000	25.181554	-41.779184	0.000000	
603.150000	25.185110	-41.854100	0.000000	
603.200000	25.188667	-41.929015	0.000000	
603.250000	25.192223	-42.003931	0.000000	
603.300000	25.195779	-42.078847	0.000000	
603.350000	25.199335	-42.153762	0.000000	
603.400000	25.202892	-42.228678	0.000000	
603.450000	25.206448	-42.303594	0.000000	
603.500000	25.210004	-42.378509	0.000000	
603.550000	25.213560	-42.453425	0.000000	
603.600000	25.217117	-42.528341	0.000000	
603.650000	25.220673	-42.603256	0.000000	
603.700000	25.224229	-42.678172	0.000000	
603.750000	25.227786	-42.753087	0.000000	
603.800000	25.231342	-42.828003	0.000000	
603.850000	25.234898	-42.902919	0.000000	
603.900000	25.238454	-42.977834	0.000000	
603.950000	25.242011	-43.052750	0.000000	
604.000000	25.245567	-43.127666	0.000000	
604.050000	25.249123	-43.202581	0.000000	
604.100000	25.252679	-43.277497	0.000000	
604.150000	25.256236	-43.352413	0.000000	
604.200000	25.259792	-43.427328	0.000000	
604.250000	25.263348	-43.502244	0.000000	
604.300000	25.266905	-43.577159	0.000000	
604.350000	25.270461	-43.652075	0.000000	
604.400000	25.274017	-43.726991	0.000000	
604.450000	25.277573	-43.801906	0.000000	
604.500000	25.281130	-43.876822	0.000000	
604.550000	25.284686	-43.951738	0.000000	
604.600000	25.288242	-44.026653	0.000000	
604.650000	25.291798	-44.101569	0.000000	
604.700000	25.295355	-44.176485	0.000000	
604.750000	25.298911	-44.251400	0.000000	
604.800000	25.302467	-44.326316	0.000000	
604.850000	25.306024	-44.401231	0.000000	
604.900000	25.309580	-44.476147	0.000000	
604.950000	25.313136	-44.551063	0.000000	
605.000000	25.316692	-44.625978	0.000000	
605.050000	25.320249	-44.700894	0.000000	
605.100000	25.323805	-44.775810	0.000000	
605.150000	25.327361	-44.850725	0.000000	
605.200000	25.330917	-44.925641	0.000000	
605.250000	25.334474	-45.000557	0.000000	
605.300000	25.338030	-45.075472	0.000000	
605.350000	25.341586	-45.150388	0.000000	
605.400000	25.345143	-45.225304	0.000000	
605.450000	25.348699	-45.300219	0.000000	
605.500000	25.352255	-45.375135	0.000000	
605.550000	25.355811	-45.450050	0.000000	
605.600000	25.359368	-45.524966	0.000000	
605.650000	25.362924	-45.599882	0.000000	
605.700000	25.366480	-45.674797	0.000000	
605.750000	25.370037	-45.749713	0.000000	
605.800000	25.373593	-45.824629	0.000000	
605.850000	25.377149	-45.899544	0.000000	
605.900000	25.380705	-45.974460	0.000000	
605.950000	25.384262	-46.049376	0.000000	
606.000000	25.387818	-46.124291	0.000000	
606.050000	25.391374	-46.199207	0.000000	
606.100000	25.394930	-46.274122	0.000000	
606.150000	25.398487	-46.349038	0.000000	
606.200000	25.409667	-46.384618	0.000000	
606.250000	25.440954	-46.316455	0.000000	
606.300000	25.472241	-46.248293	0.000000	
606.350000	25.503528	-46.180130	0.000000	
606.400000	25.534814	-46.111968	0.000000	
606.450000	25.566101	-46.043805	0.000000	
606.500000	25.597388	-45.975643	0.000000	
606.550000	25.628675	-45.907480	0.000000	
606.600000	25.659962	-45.839318	0.000000	
606.650000	25.691249	-45.771155	0.000000	
606.700000	25.722536	-45.702993	0.000000	
606.750000	25.753823	-45.634830	0.000000	
606.800000	25.785110	-45.566668	0.000000	
606.850000	25.816397	-45.498505	0.000000	
606.900000	25.847684	-45.430343	0.000000	
606.950000	25.878971	-45.362180	0.000000	
607.000000	25.910257	-45.294018	0.000000	
607.050000	25.941544	-45.225855	0.000000	
607.100000	25.972831	-45.157693	0.000000	
607.150000	26.004118	-45.089530	0.000000	
607.200000	26.035405	-45.021368	0.000000	
607.250000	26.066692	-44.953205	0.000000	
607.300000	26.097979	-44.885042	0.000000	
607.350000	26.129266	-44.816880	0.000000	
607.400000	26.160553	-44.748717	0.000000	
607.450000	26.191840	-44.680555	0.000000	
607.500000	26.223127	-44.612392	0.000000	
607.550000	26.254413	-44.544230	0.000000	
607.600000	26.285700	-44.476067	0.000000	
607.650000	26.316987	-44.407905	0.000000	
607.700000	26.348274	-44.339742	0.000000	
607.750000	26.379561	-44.271580	0.000000	
607.800000	26.410848	-44.203417	0.000000	
607.850000	26.442135	-44.135255	0.000000	
607.900000	26.473422	-44.067092	0.000000	
607.950000	26.504709	-43.998930	0.000000	
608.000000	26.535996	-43.930767	0.000000	
608.050000	26.567283	-43.862605	0.000000	
608.100000	26.598570	-43.794442	0.000000	
608.150000	26.629856	-43.726280	0.000000	
608.200000	26.661143	-43.658117	0.000000	
608.250000	26.692430	-43.589955	0.000000	
608.300000	26.723717	-43.521792	0.000000	
608.350000	26.755004	-43.453630	0.000000	
608.400000	26.786291	-43.385467	0.000000	
608.450000	26.817578	-43.317305	0.000000	
608.500000	26.848865	-43.249142	0.000000	
608.550000	26.880152	-43.180979	0.000000	
608.600000	26.911439	-43.112817	0.000000	
608.650000	26.942726	-43.044654	0.000000	
608.700000	26.974012	-42.976492	0.000000	
608.750000	27.005299	-42.908329	0.000000	
608.800000	27.036586	-42.840167	0.000000	
608.850000	27.067873	-42.772004	0.000000	
608.900000	27.099160	-42.703842	0.000000	
608.950000	27.130447	-42.635679	0.000000	
609.000000	27.161734	-42.567517	0.000000	
609.050000	27.193021	-42.499354	0.000000	
609.100000	27.224308	-42.431192	0.000000	
609.150000	27.255595	-42.363029	0.000000	
609.200000	27.286882	-42.294867	0.000000	
609.250000	27.318169	-42.226704	0.000000	
609.300000	27.349455	-42.158542	0.000000	
609.350000	27.380742	-42.090379	0.000000	
609.400000	27.412029	-42.022217	0.000000	
609.450000	27.443316	-41.954054	0.000000	
609.500000	27.474603	-41.885892	0.000000	
609.550000	27.505890	-41.817729	0.000000	
609.600000	27.537177	-41.749567	0.000000	
609.650000	27.568464	-41.681404	0.000000	
609.700000	27.599751	-41.613242	0.000000	
609.750000	27.631038	-41.545079	0.000000	
609.800000	27.662325	-41.476916	0.000000	
609.850000	27.693611	-41.408754	0.000000	
609.900000	27.724898	-41.340591	0.000000	
609.950000	27.756185	-41.272429	0.000000	
610.000000	27.787472	-41.204266	0.000000	
610.050000	27.818759	-41.136104	0.000000	
610.100000	27.850046	-41.067941	0.000000	
610.150000	27.881333	-40.999779	0.000000	
610.200000	27.912620	-40.931616	0.000000	
610.250000	27.943907	-40.863454	0.000000	
610.300000	27.975194	-40.795291	0.000000	
610.350000	28.006481	-40.727129	0.000000	
610.400000	28.037768	-40.658966	0.000000	
610.450000	28.069054	-40.590804	0.000000	
610.500000	28.100341	-40.522641	0.000000	
610.550000	28.131628	-40.454479	0.000000	
610.600000	28.162915	-40.386316	0.000000	
610.650000	28.194202	-40.318154	0.000000	
610.700000	28.225489	-40.249991	0.000000	
610.750000	28.256776	-40.181829	0.000000	
610.800000	28.288063	-40.113666	0.000000	
610.850000	28.319350	-40.045504	0.000000	
610.900000	28.350637	-39.977341	0.000000	
610.950000	28.381924	-39.909179	0.000000	
611.000000	28.413210	-39.841016	0.000000	
611.050000	28.444497	-39.772853	0.000000	
611.100000	28.475784	-39.704691	0.000000	
611.150000	28.507071	-39.636528	0.000000	
611.200000	28.538358	-39.568366	0.000000	
611.250000	28.569645	-39.500203	0.000000	
611.300000	28.600932	-39.432041	0.000000	
611.350000	28.632219	-39.363878	0.000000	
611.400000	28.663506	-39.295716	0.000000	
611.450000	28.694793	-39.227553	0.000000	
611.500000	28.726080	-39.159391	0.000000	
611.550000	28.757366	-39.091228	0.000000	
611.600000	28.788653	-39.023066	0.000000	
611.650000	28.819940	-38.954903	0.000000	
611.700000	28.851227	-38.886741	0.000000	
611.750000	28.882514	-38.818578	0.000000	
611.800000	28.913801	-38.750416	0.000000	
611.850000	28.945088	-38.682253	0.000000	
611.900000	28.976375	-38.614091	0.000000	
611.950000	29.007662	-38.545928	0.000000	
612.000000	29.038949	-38.477766	0.000000	
612.050000	29.070236	-38.409603	0.000000	
612.100000	29.101523	-38.341441	0.000000	
612.150000	29.132809	-38.273278	0.000000	
612.200000	29.164096	-38.205116	0.000000	
612.250000	29.195383	-38.136953	0.000000	
612.300000	29.226670	-38.068791	0.000000	
612.350000	29.257957	-38.000628	0.000000	
612.400000	29.289244	-37.932465	0.000000	
612.450000	29.320531	-37.864303	0.000000	
612.500000	29.351818	-37.796140	0.000000	
612.550000	29.383105	-37.727978	0.000000	
612.600000	29.414392	-37.659815	0.000000	
612.650000	29.445679	-37.591653	0.000000	
612.700000	29.476965	-37.523490	0.000000	
612.750000	29.508252	-37.455328	0.000000	
612.800000	29.539539	-37.387165	0.000000	
612.850000	29.570826	-37.319003	0.000000	
612.900000	29.602113	-37.250840	0.000000	
612.950000	29.633400	-37.182678	0.000000	
613.000000	29.664687	-37.114515	0.000000	
613.050000	29.695974	-37.046353	0.000000	
613.100000	29.727261	-36.978190	0.000000	
613.150000	29.740177	-36.915207	0.000000	
613.200000	29.677891	-36.873429	0.000000	
613.250000	29.615605	-36.831650	0.000000	
613.300000	29.553319	-36.789872	0.000000	
613.350000	29.491033	-36.748093	0.000000	
613.400000	29.428747	-36.706315	0.000000	
613.450000	29.366461	-36.664536	0.000000	
613.500000	29.304175	-36.622758	0.000000	
613.550000	29.241889	-36.580979	0.000000	
613.600000	29.179602	-36.539201	0.000000	
613.650000	29.117316	-36.497422	0.000000	
613.700000	29.055030	-36.455644	0.000000	
613.750000	28.992744	-36.413865	0.000000	
613.800000	28.930458	-36.372086	0.000000	
613.850000	28.868172	-36.330308	0.000000	
613.900000	28.805886	-36.288529	0.000000	
613.950000	28.743600	-36.246751	0.000000	
614.000000	28.681314	-36.204972	0.000000	
614.050000	28.619028	-36.163194	0.000000	
614.100000	28.556742	-36.121415	0.000000	
614.150000	28.494456	-36.079637	0.000000	
614.200000	28.432170	-36.037858	0.000000	
614.250000	28.369884	-35.996080	0.000000	
614.300000	28.307598	-35.954301	0.000000	
614.350000	28.245312	-35.912523	0.000000	
614.400000	28.183025	-35.870744	0.000000	
614.450000	28.120739	-35.828965	0.000000	
614.500000	28.058453	-35.787187	0.000000	
614.550000	27.996167	-35.745408	0.000000	
614.600000	27.933881	-35.703630	0.000000	
614.650000	27.871595	-35.661851	0.000000	
614.700000	27.809309	-35.620073	0.000000	
614.750000	27.747023	-35.578294	0.000000	
614.800000	27.684737	-35.536516	0.000000	
614.850000	27.622451	-35.494737	0.000000	
614.900000	27.560165	-35.452959	0.000000	
614.950000	27.497879	-35.411180	0.000000	
615.000000	27.435593	-35.369402	0.000000	
615.050000	27.373307	-35.327623	0.000000	
615.100000	27.311021	-35.285844	0.000000	
615.150000	27.248735	-35.244066	0.000000	
615.200000	27.186448	-35.202287	0.000000	
615.250000	27.124162	-35.160509	0.000000	
615.300000	27.061876	-35.118730	0.000000	
615.350000	26.999590	-35.076952	0.000000	
615.400000	26.937304	-35.035173	0.000000	
615.450000	26.875018	-34.993395	0.000000	
615.500000	26.812732	-34.951616	0.000000	
615.550000	26.750446	-34.909838	0.000000	
615.600000	26.688160	-34.868059	0.000000	
615.650000	26.625874	-34.826281	0.000000	
615.700000	26.563588	-34.784502	0.000000	
615.750000	26.501302	-34.742723	0.000000	
615.800000	26.439016	-34.700945	0.000000	
615.850000	26.376730	-34.659166	0.000000	
615.900000	26.314444	-34.617388	0.000000	
615.950000	26.252158	-34.575609	0.000000	
616.000000	26.189871	-34.533831	0.000000	
616.050000	26.127585	-34.492052	0.000000	
616.100000	26.065299	-34.450274	0.000000	
616.150000	26.003013	-34.408495	0.000000	
616.200000	25.940727	-34.366717	0.000000	
616.250000	25.878441	-34.324938	0.000000	
616.300000	25.816155	-34.283160	0.000000	
616.350000	25.753869	-34.241381	0.000000	
616.400000	25.691583	-34.199602	0.000000	
616.450000	25.629297	-34.157824	0.000000	
616.500000	25.567011	-34.116045	0.000000	
616.550000	25.504725	-34.074267	0.000000	
616.600000	25.442439	-34.032488	0.000000	
616.650000	25.380153	-33.990710	0.000000	
616.700000	25.317867	-33.948931	0.000000	
616.750000	25.255580	-33.907153	0.000000	
616.800000	25.193294	-33.865374	0.000000	
616.850000	25.131008	-33.823596	0.000000	
616.900000	25.068722	-33.781817	0.000000	
616.950000	25.006436	-33.740039	0.000000	
617.000000	24.944150	-33.698260	0.000000	
617.050000	24.881864	-33.656481	0.000000	
617.100000	24.819578	-33.614703	0.000000	
617.150000	24.757292	-33.572924	0.000000	
617.200000	24.695006	-33.531146	0.000000	
617.250000	24.632720	-33.489367	0.000000	
617.300000	24.570434	-33.447589	0.000000	
617.350000	24.508148	-33.405810	0.000000	
617.400000	24.445862	-33.364032	0.000000	
617.450000	24.383576	-33.322253	0.000000	
617.500000	24.321290	-33.280475	0.000000	
617.550000	24.259003	-33.238696	0.000000	
617.600000	24.196717	-33.196918	0.000000	
617.650000	24.134431	-33.155139	0.000000	
617.700000	24.072145	-33.113360	0.000000	
617.750000	24.009859	-33.071582	0.000000	
617.800000	23.947573	-33.029803	0.000000	
617.850000	23.885287	-32.988025	0.000000	
617.900000	23.823001	-32.946246	0.000000	
617.950000	23.760715	-32.904468	0.000000	
618.000000	23.698429	-32.862689	0.000000	
618.050000	23.636143	-32.820911	0.000000	
618.100000	23.573857	-32.779132	0.000000	
618.150000	23.511571	-32.737354	0.000000	
618.200000	23.449285	-32.695575	0.000000	
618.250000	23.386999	-32.653797	0.000000	
618.300000	23.324713	-32.612018	0.000000	
618.350000	23.262426	-32.570239	0.000000	
618.400000	23.200140	-32.528461	0.000000	
618.450000	23.137854	-32.486682	0.000000	
618.500000	23.075568	-32.444904	0.000000	
618.550000	23.013282	-32.403125	0.000000	
618.600000	22.950996	-32.361347	0.000000	
618.650000	22.888710	-32.319568	0.000000	
618.700000	22.826424	-32.277790	0.000000	
618.750000	22.764138	-32.236011	0.000000	
618.800000	22.701852	-32.194233	0.000000	
618.850000	22.639566	-32.152454	0.000000	
618.900000	22.577280	-32.110676	0.000000	
618.950000	22.514994	-32.068897	0.000000	
619.000000	22.452708	-32.027118	0.000000	
619.050000	22.390422	-31.985340	0.000000	
619.100000	22.328136	-31.943561	0.000000	
619.150000	22.265849	-31.901783	0.000000	
619.200000	22.203563	-31.860004	0.000000	
619.250000	22.141277	-31.818226	0.000000	
619.300000	22.078991	-31.776447	0.000000	
619.350000	22.016705	-31.734669	0.000000	
619.400000	21.954419	-31.692890	0.000000	
619.450000	21.892133	-31.651112	0.000000	
619.500000	21.904457	-31.683923	0.000000	
619.550000	21.946251	-31.746198	0.000000	
619.600000	21.988046	-31.808473	0.000000	
619.650000	22.029841	-31.870748	0.000000	
619.700000	22.071636	-31.933023	0.000000	
619.750000	22.113431	-31.995298	0.000000	
619.800000	22.155226	-32.057573	0.000000	
619.850000	22.197021	-32.119848	0.000000	
619.900000	22.238816	-32.182123	0.000000	
619.950000	22.280611	-32.244398	0.000000	
620.000000	22.322406	-32.306673	0.000000	
620.050000	22.364201	-32.368948	0.000000	
620.100000	22.405996	-32.431224	0.000000	
620.150000	22.447791	-32.493499	0.000000	
620.200000	22.489586	-32.555774	0.000000	
620.250000	22.531381	-32.618049	0.000000	
620.300000	22.573176	-32.680324	0.000000	
620.350000	22.614971	-32.742599	0.000000	
620.400000	22.656766	-32.804874	0.000000	
620.450000	22.698561	-32.867149	0.000000	
620.500000	22.740356	-32.929424	0.000000	
620.550000	22.782151	-32.991699	0.000000	
620.600000	22.823946	-33.053974	0.000000	
620.650000	22.865740	-33.116249	0.000000	
620.700000	22.907535	-33.178524	0.000000	
620.750000	22.949330	-33.240799	0.000000	
620.800000	22.991125	-33.303074	0.000000	
620.850000	23.032920	-33.365349	0.000000	
620.900000	23.074715	-33.427624	0.000000	
620.950000	23.116510	-33.489899	0.000000	
621.000000	23.158305	-33.552174	0.000000	
621.050000	23.200100	-33.614449	0.000000	
621.100000	23.241895	-33.676725	0.000000	
621.150000	23.283690	-33.739000	0.000000	
621.200000	23.325485	-33.801275	0.000000	
621.250000	23.367280	-33.863550	0.000000	
621.300000	23.409075	-33.925825	0.000000	
621.350000	23.450870	-33.988100	0.000000	
621.400000	23.492665	-34.050375	0.000000	
621.450000	23.534460	-34.112650	0.000000	
621.500000	23.576255	-34.174925	0.000000	
621.550000	23.618050	-34.237200	0.000000	
621.600000	23.659845	-34.299475	0.000000	
621.650000	23.701640	-34.361750	0.000000	
621.700000	23.743435	-34.424025	0.000000	
621.750000	23.785230	-34.486300	0.000000	
621.800000	23.827024	-34.548575	0.000000	
621.850000	23.868819	-34.610850	0.000000	
621.900000	23.910614	-34.673125	0.000000	
621.950000	23.952409	-34.735400	0.000000	
622.000000	23.994204	-34.797675	0.000000	
622.050000	24.035999	-34.859950	0.000000	
622.100000	24.077794	-34.922225	0.000000	
622.150000	24.119589	-34.984501	0.000000	
622.200000	24.161384	-35.046776	0.000000	
622.250000	24.203179	-35.109051	0.000000	
622.300000	24.244974	-35.171326	0.000000	
622.350000	24.286769	-35.233601	0.000000	
622.400000	24.328564	-35.295876	0.000000	
622.450000	24.370359	-35.358151	0.000000	
622.500000	24.412154	-35.420426	0.000000	
622.550000	24.453949	-35.482701	0.000000	
622.600000	24.495744	-35.544976	0.000000	
622.650000	24.537539	-35.607251	0.000000	
622.700000	24.579334	-35.669526	0.000000	
622.750000	24.621129	-35.731801	0.000000	
622.800000	24.662924	-35.794076	0.000000	
622.850000	24.704719	-35.856351	0.000000	
622.900000	24.746513	-35.918626	0.000000	
622.950000	24.788308	-35.980901	0.000000	
623.000000	24.830103	-36.043176	0.000000	
623.050000	24.871898	-36.105451	0.000000	
623.100000	24.913693	-36.167726	0.000000	
623.150000	24.955488	-36.230002	0.000000	
623.200000	24.997283	-36.292277	0.000000	
623.250000	25.039078	-36.354552	0.000000	
623.300000	25.080873	-36.416827	0.000000	
623.350000	25.122668	-36.479102	0.000000	
623.400000	25.164463	-36.541377	0.000000	
623.450000	25.206258	-36.603652	0.000000	
623.500000	25.248053	-36.665927	0.000000	
623.550000	25.289848	-36.728202	0.000000	
623.600000	25.331643	-36.790477	0.000000	
623.650000	25.373438	-36.852752	0.000000	
623.700000	25.415233	-36.915027	0.000000	
623.750000	25.457028	-36.977302	0.000000	
623.800000	25.498823	-37.039577	0.000000	
623.850000	25.540618	-37.101852	0.000000	
623.900000	25.582413	-37.164127	0.000000	
623.950000	25.624208	-37.226402	0.000000	
624.000000	25.666002	-37.288677	0.000000	
624.050000	25.707797	-37.350952	0.000000	
624.100000	25.749592	-37.413227	0.000000	
624.150000	25.791387	-37.475502	0.000000	
624.200000	25.833182	-37.537778	0.000000	
624.250000	25.874977	-37.600053	0.000000	
624.300000	25.916772	-37.662328	0.000000	
624.350000	25.958567	-37.724603	0.000000	
624.400000	26.000362	-37.786878	0.000000	
624.450000	26.042157	-37.849153	0.000000	
624.500000	26.083952	-37.911428	0.000000	
624.550000	26.125747	-37.973703	0.000000	
624.600000	26.167542	-38.035978	0.000000	
624.650000	26.209337	-38.098253	0.000000	
624.700000	26.251132	-38.160528	0.000000	
624.750000	26.292927	-38.222803	0.000000	
624.800000	26.334722	-38.285078	0.000000	
624.850000	26.376517	-38.347353	0.000000	
624.900000	26.418312	-38.409628	0.000000	
624.950000	26.460107	-38.471903	0.000000	
625.000000	26.501902	-38.534178	0.000000	
625.050000	26.543697	-38.596453	0.000000	
625.100000	26.585492	-38.658728	0.000000	
625.150000	26.627286	-38.721003	0.000000	
625.200000	26.669081	-38.783279	0.000000	
625.250000	26.710876	-38.845554	0.000000	
625.300000	26.752671	-38.907829	0.000000	
625.350000	26.794466	-38.970104	0.000000	
625.400000	26.836261	-39.032379	0.000000	
625.450000	26.878056	-39.094654	0.000000	
625.500000	26.919851	-39.156929	0.000000	
625.550000	26.961646	-39.219204	0.000000	
625.600000	27.003441	-39.281479	0.000000	
625.650000	27.045236	-39.343754	0.000000	
625.700000	27.087031	-39.406029	0.000000	
625.750000	27.128826	-39.468304	0.000000	
625.800000	27.170621	-39.530579	0.000000	
625.850000	27.212416	-39.592854	0.000000	
625.900000	27.254211	-39.655129	0.000000	
625.950000	27.296006	-39.717404	0.000000	
626.000000	27.337801	-39.779679	0.000000	
626.050000	27.379596	-39.841954	0.000000	
626.100000	27.421391	-39.904229	0.000000	
626.150000	27.463186	-39.966504	0.000000	
626.200000	27.504981	-40.028779	0.000000	
626.250000	27.546775	-40.091055	0.000000	
626.300000	27.588570	-40.153330	0.000000	
626.350000	27.630365	-40.215605	0.000000	
626.400000	27.672160	-40.277880	0.000000	
626.450000	27.713955	-40.340155	0.000000	
626.500000	27.755750	-40.402430	0.000000	
626.550000	27.797545	-40.464705	0.000000	
626.600000	27.839340	-40.526980	0.000000	
626.650000	27.881135	-40.589255	0.000000	
626.700000	27.922930	-40.651530	0.000000	
626.750000	27.964725	-40.713805	0.000000	
626.800000	28.006520	-40.776080	0.000000	
626.850000	28.048315	-40.838355	0.000000	
626.900000	28.090110	-40.900630	0.000000	
626.950000	28.131905	-40.962905	0.000000	
627.000000	28.173700	-41.025180	0.000000	
627.050000	28.215495	-41.087455	0.000000	
627.100000	28.257290	-41.149730	0.000000	
627.150000	28.299085	-41.212005	0.000000	
627.200000	28.340880	-41.274280	0.000000	
627.250000	28.382675	-41.336556	0.000000	
627.300000	28.424470	-41.398831	0.000000	
627.350000	28.466265	-41.461106	0.000000	
627.400000	28.508059	-41.523381	0.000000	
627.450000	28.549854	-41.585656	0.000000	
627.500000	28.591649	-41.647931	0.000000	
627.550000	28.633444	-41.710206	0.000000	
627.600000	28.675239	-41.772481	0.000000	
627.650000	28.717034	-41.834756	0.000000	
627.700000	28.758829	-41.897031	0.000000	
627.750000	28.800624	-41.959306	0.000000	
627.800000	28.842419	-42.021581	0.000000	
627.850000	28.884214	-42.083856	0.000000	
627.900000	28.926009	-42.146131	0.000000	
627.950000	28.967804	-42.208406	0.000000	
628.000000	29.009599	-42.270681	0.000000	
628.050000	29.051394	-42.332956	0.000000	
628.100000	29.093189	-42.395231	0.000000	
628.150000	29.134984	-42.457506	0.000000	
628.200000	29.176779	-42.519781	0.000000	
628.250000	29.218574	-42.582056	0.000000	
628.300000	29.260369	-42.644332	0.000000	
628.350000	29.302164	-42.706607	0.000000	
628.400000	29.343959	-42.768882	0.000000	
628.450000	29.385754	-42.831157	0.000000	
628.500000	29.427548	-42.893432	0.000000	
628.550000	29.469343	-42.955707	0.000000	
628.600000	29.511138	-43.017982	0.000000	
628.650000	29.552933	-43.080257	0.000000	
628.700000	29.594728	-43.142532	0.000000	
628.750000	29.636523	-43.204807	0.000000	
628.800000	29.678318	-43.267082	0.000000	
628.850000	29.720113	-43.329357	0.000000	
628.900000	29.761908	-43.391632	0.000000	
628.950000	29.803703	-43.453907	0.000000	
629.000000	29.845498	-43.516182	0.000000	
629.050000	29.887293	-43.578457	0.000000	
629.100000	29.929088	-43.640732	0.000000	
629.150000	29.970883	-43.703007	0.000000	
629.200000	30.003691	-43.740316	0.000000	
629.250000	29.996205	-43.665690	0.000000	
629.300000	29.988720	-43.591065	0.000000	
629.350000	29.981235	-43.516439	0.000000	
629.400000	29.973750	-43.441814	0.000000	
629.450000	29.966265	-43.367188	0.000000	
629.500000	29.958779	-43.292562	0.000000	
629.550000	29.951294	-43.217937	0.000000	
629.600000	29.943809	-43.143311	0.000000	
629.650000	29.936324	-43.068686	0.000000	
629.700000	29.928839	-42.994060	0.000000	
629.750000	29.921353	-42.919435	0.000000	
629.800000	29.913868	-42.844809	0.000000	
629.850000	29.906383	-42.770184	0.000000	
629.900000	29.898898	-42.695558	0.000000	
629.950000	29.891413	-42.620933	0.000000	
630.000000	29.883927	-42.546307	0.000000	
630.050000	29.876442	-42.471681	0.000000	
630.100000	29.868957	-42.397056	0.000000	
630.150000	29.861472	-42.322430	0.000000	
630.200000	29.853987	-42.247805	0.000000	
630.250000	29.846501	-42.173179	0.000000	
630.300000	29.839016	-42.098554	0.000000	
630.350000	29.831531	-42.023928	0.000000	
630.400000	29.824046	-41.949303	0.000000	
630.450000	29.816561	-41.874677	0.000000	
630.500000	29.809075	-41.800052	0.000000	
630.550000	29.801590	-41.725426	0.000000	
630.600000	29.794105	-41.650801	0.000000	
630.650000	29.786620	-41.576175	0.000000	
630.700000	29.779135	-41.501549	0.000000	
630.750000	29.771649	-41.426924	0.000000	
630.800000	29.764164	-41.352298	0.000000	
630.850000	29.756679	-41.277673	0.000000	
630.900000	29.749194	-41.203047	0.000000	
630.950000	29.741709	-41.128422	0.000000	
631.000000	29.734223	-41.053796	0.000000	
631.050000	29.726738	-40.979171	0.000000	
631.100000	29.719253	-40.904545	0.000000	
631.150000	29.711768	-40.829920	0.000000	
631.200000	29.704283	-40.755294	0.000000	
631.250000	29.696797	-40.680668	0.000000	
631.300000	29.689312	-40.606043	0.000000	
631.350000	29.681827	-40.531417	0.000000	
631.400000	29.674342	-40.456792	0.000000	
631.450000	29.666857	-40.382166	0.000000	
631.500000	29.659371	-40.307541	0.000000	
631.550000	29.651886	-40.232915	0.000000	
631.600000	29.644401	-40.158290	0.000000	
631.650000	29.636916	-40.083664	0.000000	
631.700000	29.629431	-40.009039	0.000000	
631.750000	29.621945	-39.934413	0.000000	
631.800000	29.614460	-39.859787	0.000000	
631.850000	29.606975	-39.785162	0.000000	
631.900000	29.599490	-39.710536	0.000000	
631.950000	29.592005	-39.635911	0.000000	
632.000000	29.584519	-39.561285	0.000000	
632.050000	29.577034	-39.486660	0.000000	
632.100000	29.569549	-39.412034	0.000000	
632.150000	29.562064	-39.337409	0.000000	
632.200000	29.554579	-39.262783	0.000000	
632.250000	29.547093	-39.188158	0.000000	
632.300000	29.539608	-39.113532	0.000000	
632.350000	29.532123	-39.038906	0.000000	
632.400000	29.524638	-38.964281	0.000000	
632.450000	29.517153	-38.889655	0.000000	
632.500000	29.509667	-38.815030	0.000000	
632.550000	29.502182	-38.740404	0.000000	
632.600000	29.494697	-38.665779	0.000000	
632.650000	29.487212	-38.591153	0.000000	
632.700000	29.479727	-38.516528	0.000000	
632.750000	29.472241	-38.441902	0.000000	
632.800000	29.464756	-38.367277	0.000000	
632.850000	29.457271	-38.292651	0.000000	
632.900000	29.449786	-38.218025	0.000000	
632.950000	29.442301	-38.143400	0.000000	
633.000000	29.434815	-38.068774	0.000000	
633.050000	29.427330	-37.994149	0.000000	
633.100000	29.419845	-37.919523	0.000000	
633.150000	29.412360	-37.844898	0.000000	
633.200000	29.404875	-37.770272	0.000000	
633.250000	29.397389	-37.695647	0.000000	
633.300000	29.389904	-37.621021	0.000000	
633.350000	29.382419	-37.546396	0.000000	
633.400000	29.374934	-37.471770	0.000000	
633.450000	29.367449	-37.397145	0.000000	
633.500000	29.359963	-37.322519	0.000000	
633.550000	29.352478	-37.247893	0.000000	
633.600000	29.344993	-37.173268	0.000000	
633.650000	29.337508	-37.098642	0.000000	
633.700000	29.330023	-37.024017	0.000000	
633.750000	29.322537	-36.949391	0.000000	
633.800000	29.315052	-36.874766	0.000000	
633.850000	29.307567	-36.800140	0.000000	
633.900000	29.300082	-36.725515	0.000000	
633.950000	29.292597	-36.650889	0.000000	
634.000000	29.285111	-36.576264	0.000000	
634.050000	29.277626	-36.501638	0.000000	
634.100000	29.270141	-36.427012	0.000000	
634.150000	29.262656	-36.352387	0.000000	
634.200000	29.255171	-36.277761	0.000000	
634.250000	29.247685	-36.203136	0.000000	
634.300000	29.240200	-36.128510	0.000000	
634.350000	29.232715	-36.053885	0.000000	
634.400000	29.225230	-35.979259	0.000000	
634.450000	29.217745	-35.904634	0.000000	
634.500000	29.210259	-35.830008	0.000000	
634.550000	29.202774	-35.755383	0.000000	
634.600000	29.195289	-35.680757	0.000000	
634.650000	29.187804	-35.606131	0.000000	
634.700000	29.180319	-35.531506	0.000000	
634.750000	29.172833	-35.456880	0.000000	
634.800000	29.165348	-35.382255	0.000000	
634.850000	29.157863	-35.307629	0.000000	
634.900000	29.150378	-35.233004	0.000000	
634.950000	29.142893	-35.158378	0.000000	
635.000000	29.135407	-35.083753	0.000000	
635.050000	29.127922	-35.009127	0.000000	
635.100000	29.120437	-34.934502	0.000000	
635.150000	29.112952	-34.859876	0.000000	
635.200000	29.105467	-34.785250	0.000000	
635.250000	29.097981	-34.710625	0.000000	
635.300000	29.090496	-34.635999	0.000000	
635.350000	29.083011	-34.561374	0.000000	
635.400000	29.075526	-34.486748	0.000000	
635.450000	29.068041	-34.412123	0.000000	
635.500000	29.060555	-34.337497	0.000000	
635.550000	29.053070	-34.262872	0.000000	
635.600000	29.045585	-34.188246	0.000000	
635.650000	29.038100	-34.113621	0.000000	
635.700000	29.030615	-34.038995	0.000000	
635.750000	29.023129	-33.964369	0.000000	
635.800000	29.015644	-33.889744	0.000000	
635.850000	29.008159	-33.815118	0.000000	
635.900000	29.000674	-33.740493	0.000000	
635.950000	28.993189	-33.665867	0.000000	
636.000000	28.985703	-33.591242	0.000000	
636.050000	28.978218	-33.516616	0.000000	
636.100000	28.970733	-33.441991	0.000000	
636.150000	28.963248	-33.367365	0.000000	
636.200000	28.955763	-33.292740	0.000000	
636.250000	28.948277	-33.218114	0.000000	
636.300000	28.940792	-33.143489	0.000000	
636.350000	28.933307	-33.068863	0.000000	
636.400000	28.925822	-32.994237	0.000000	
636.450000	28.918337	-32.919612	0.000000	
636.500000	28.910851	-32.844986	0.000000	
636.550000	28.903366	-32.770361	0.000000	
636.600000	28.895881	-32.695735	0.000000	
636.650000	28.888396	-32.621110	0.000000	
636.700000	28.880911	-32.546484	0.000000	
636.750000	28.873425	-32.471859	0.000000	
636.800000	28.865940	-32.397233	0.000000	
636.850000	28.858455	-32.322608	0.000000	
636.900000	28.850970	-32.247982	0.000000	
636.950000	28.843485	-32.173356	0.000000	
637.000000	28.835999	-32.098731	0.000000	
637.050000	28.828514	-32.024105	0.000000	
637.100000	28.821029	-31.949480	0.000000	
637.150000	28.813544	-31.874854	0.000000	
637.200000	28.806059	-31.800229	0.000000	
637.250000	28.798573	-31.725603	0.000000	
637.300000	28.791088	-31.650978	0.000000	
637.350000	28.783603	-31.576352	0.000000	
637.400000	28.776118	-31.501727	0.000000	
637.450000	28.768633	-31.427101	0.000000	
637.500000	28.761147	-31.352475	0.000000	
637.550000	28.753662	-31.277850	0.000000	
637.600000	28.746177	-31.203224	0.000000	
637.650000	28.738692	-31.128599	0.000000	
637.700000	28.731207	-31.053973	0.000000	
637.750000	28.723721	-30.979348	0.000000	
637.800000	28.716236	-30.904722	0.000000	
637.850000	28.708751	-30.830097	0.000000	
637.900000	28.701266	-30.755471	0.000000	
637.950000	28.693781	-30.680846	0.000000	
638.000000	28.645479	-30.706998	0.000000	
638.050000	28.588173	-30.755383	0.000000	
638.100000	28.530868	-30.803767	0.000000	
638.150000	28.473562	-30.852152	0.000000	
638.200000	28.416257	-30.900537	0.000000	
638.250000	28.358951	-30.948921	0.000000	
638.300000	28.301645	-30.997306	0.000000	
638.350000	28.244340	-31.045690	0.000000	
638.400000	28.187034	-31.094075	0.000000	
638.450000	28.129728	-31.142459	0.000000	
638.500000	28.072423	-31.190844	0.000000	
638.550000	28.015117	-31.239228	0.000000	
638.600000	27.957811	-31.287613	0.000000	
638.650000	27.900506	-31.335997	0.000000	
638.700000	27.843200	-31.384382	0.000000	
638.750000	27.785895	-31.432766	0.000000	
638.800000	27.728589	-31.481151	0.000000	
638.850000	27.671283	-31.529536	0.000000	
638.900000	27.613978	-31.577920	0.000000	
638.950000	27.556672	-31.626305	0.000000	
639.000000	27.499366	-31.674689	0.000000	
639.050000	27.442061	-31.723074	0.000000	
639.100000	27.384755	-31.771458	0.000000	
639.150000	27.327449	-31.819843	0.000000	
639.200000	27.270144	-31.868227	0.000000	
639.250000	27.212838	-31.916612	0.000000	
639.300000	27.155532	-31.964996	0.000000	
639.350000	27.098227	-32.013381	0.000000	
639.400000	27.040921	-32.061765	0.000000	
639.450000	26.983616	-32.110150	0.000000	
639.500000	26.926310	-32.158535	0.000000	
639.550000	26.869004	-32.206919	0.000000	
639.600000	26.811699	-32.255304	0.000000	
639.650000	26.754393	-32.303688	0.000000	
639.700000	26.697087	-32.352073	0.000000	
639.750000	26.639782	-32.400457	0.000000	
639.800000	26.582476	-32.448842	0.000000	
639.850000	26.525170	-32.497226	0.000000	
639.900000	26.467865	-32.545611	0.000000	
639.950000	26.410559	-32.593995	0.000000	
640.000000	26.353254	-32.642380	0.000000	
640.050000	26.295948	-32.690764	0.000000	
640.100000	26.238642	-32.739149	0.000000	
640.150000	26.181337	-32.787534	0.000000	
640.200000	26.124031	-32.835918	0.000000	
640.250000	26.066725	-32.884303	0.000000	
640.300000	26.009420	-32.932687	0.000000	
640.350000	25.952114	-32.981072	0.000000	
640.400000	25.894808	-33.029456	0.000000	
640.450000	25.837503	-33.077841	0.000000	
640.500000	25.780197	-33.126225	0.000000	
640.550000	25.722891	-33.174610	0.000000	
640.600000	25.665586	-33.222994	0.000000	
640.650000	25.608280	-33.271379	0.000000	
640.700000	25.550975	-33.319763	0.000000	
640.750000	25.493669	-33.368148	0.000000	
640.800000	25.436363	-33.416533	0.000000	
640.850000	25.379058	-33.464917	0.000000	
640.900000	25.321752	-33.513302	0.000000	
640.950000	25.264446	-33.561686	0.000000	
641.000000	25.207141	-33.610071	0.000000	
641.050000	25.149835	-33.658455	0.000000	
641.100000	25.092529	-33.706840	0.000000	
641.150000	25.035224	-33.755224	0.000000	
641.200000	24.977918	-33.803609	0.000000	
641.250000	24.920612	-33.851993	0.000000	
641.300000	24.863307	-33.900378	0.000000	
641.350000	24.806001	-33.948762	0.000000	
641.400000	24.748696	-33.997147	0.000000	
641.450000	24.691390	-34.045532	0.000000	
641.500000	24.634084	-34.093916	0.000000	
641.550000	24.576779	-34.142301	0.000000	
641.600000	24.519473	-34.190685	0.000000	
641.650000	24.462167	-34.239070	0.000000	
641.700000	24.404862	-34.287454	0.000000	
641.750000	24.347556	-34.335839	0.000000	
641.800000	24.290250	-34.384223	0.000000	
641.850000	24.232945	-34.432608	0.000000	
641.900000	24.175639	-34.480992	0.000000	
641.950000	24.118334	-34.529377	0.000000	
642.000000	24.061028	-34.577761	0.000000	
642.050000	24.003722	-34.626146	0.000000	
642.100000	23.946417	-34.674531	0.000000	
642.150000	23.889111	-34.722915	0.000000	
642.200000	23.831805	-34.771300	0.000000	
642.250000	23.774500	-34.819684	0.000000	
642.300000	23.717194	-34.868069	0.000000	
642.350000	23.659888	-34.916453	0.000000	
642.400000	23.602583	-34.964838	0.000000	
642.450000	23.545277	-35.013222	0.000000	
642.500000	23.487971	-35.061607	0.000000	
642.550000	23.430666	-35.109991	0.000000	
642.600000	23.373360	-35.158376	0.000000	
642.650000	23.316055	-35.206760	0.000000	
642.700000	23.258749	-35.255145	0.000000	
642.750000	23.201443	-35.303530	0.000000	
642.800000	23.144138	-35.351914	0.000000	
642.850000	23.086832	-35.400299	0.000000	
642.900000	23.029526	-35.448683	0.000000	
642.950000	22.972221	-35.497068	0.000000	
643.000000	22.914915	-35.545452	0.000000	
643.050000	22.857609	-35.593837	0.000000	
643.100000	22.800304	-35.642221	0.000000	
643.150000	22.742998	-35.690606	0.000000	
643.200000	22.685692	-35.738990	0.000000	
643.250000	22.628387	-35.787375	0.000000	
643.300000	22.571081	-35.835759	0.000000	
643.350000	22.513776	-35.884144	0.000000	
643.400000	22.456470	-35.932529	0.000000	
643.450000	22.399164	-35.980913	0.000000	
643.500000	22.341859	-36.029298	0.000000	
643.550000	22.284553	-36.077682	0.000000	
643.600000	22.227247	-36.126067	0.000000	
643.650000	22.169942	-36.174451	0.000000	
643.700000	22.112636	-36.222836	0.000000	
643.750000	22.055330	-36.271220	0.000000	
643.800000	21.998025	-36.319605	0.000000	
643.850000	21.940719	-36.367989	0.000000	
643.900000	21.883414	-36.416374	0.000000	
643.950000	21.826108	-36.464758	0.000000	
644.000000	21.768802	-36.513143	0.000000	
644.050000	21.711497	-36.561528	0.000000	
644.100000	21.654191	-36.609912	0.000000	
644.150000	21.596885	-36.658297	0.000000	
644.200000	21.539580	-36.706681	0.000000	
644.250000	21.482274	-36.755066	0.000000	
644.300000	21.424968	-36.803450	0.000000	
644.350000	21.367663	-36.851835	0.000000	
644.400000	21.310357	-36.900219	0.000000	
644.450000	21.253051	-36.948604	0.000000	
644.500000	21.195746	-36.996988	0.000000	
644.550000	21.138440	-37.045373	0.000000	
644.600000	21.081135	-37.093757	0.000000	
644.650000	21.023829	-37.142142	0.000000	
644.700000	20.966523	-37.190527	0.000000	
644.750000	20.909218	-37.238911	0.000000	
644.800000	20.851912	-37.287296	0.000000	
644.850000	20.794606	-37.335680	0.000000	
644.900000	20.737301	-37.384065	0.000000	
644.950000	20.679995	-37.432449	0.000000	
645.000000	20.622689	-37.480834	0.000000	
645.050000	20.565384	-37.529218	0.000000	
645.100000	20.508078	-37.577603	0.000000	
645.150000	20.450772	-37.625987	0.000000	
645.200000	20.393467	-37.674372	0.000000	
645.250000	20.336161	-37.722756	0.000000	
645.300000	20.278856	-37.771141	0.000000	
645.350000	20.221550	-37.819526	0.000000	
645.400000	20.164244	-37.867910	0.000000	
645.450000	20.106939	-37.916295	0.000000	
645.500000	20.049633	-37.964679	0.000000	
645.550000	19.992327	-38.013064	0.000000	
645.600000	20.004341	-38.045906	0.000000	
645.650000	20.076819	-38.065191	0.000000	
645.700000	20.149297	-38.084476	0.000000	
645.750000	20.221775	-38.103760	0.000000	
645.800000	20.294254	-38.123045	0.000000	
645.850000	20.366732	-38.142330	0.000000	
645.900000	20.439210	-38.161615	0.000000	
645.950000	20.511688	-38.180900	0.000000	
646.000000	20.584166	-38.200185	0.000000	
646.050000	20.656645	-38.219470	0.000000	
646.100000	20.729123	-38.238754	0.000000	
646.150000	20.801601	-38.258039	0.000000	
646.200000	20.874079	-38.277324	0.000000	
646.250000	20.946558	-38.296609	0.000000	
646.300000	21.019036	-38.315894	0.000000	
646.350000	21.091514	-38.335179	0.000000	
646.400000	21.163992	-38.354464	0.000000	
646.450000	21.236471	-38.373748	0.000000	
646.500000	21.308949	-38.393033	0.000000	
646.550000	21.381427	-38.412318	0.000000	
646.600000	21.453905	-38.431603	0.000000	
646.650000	21.526383	-38.450888	0.000000	
646.700000	21.598862	-38.470173	0.000000	
646.750000	21.671340	-38.489458	0.000000	
646.800000	21.743818	-38.508742	0.000000	
646.850000	21.816296	-38.528027	0.000000	
646.900000	21.888775	-38.547312	0.000000	
646.950000	21.961253	-38.566597	0.000000	
647.000000	22.033731	-38.585882	0.000000	
647.050000	22.106209	-38.605167	0.000000	
647.100000	22.178688	-38.624452	0.000000	
647.150000	22.251166	-38.643737	0.000000	
647.200000	22.323644	-38.663021	0.000000	
647.250000	22.396122	-38.682306	0.000000	
647.300000	22.468600	-38.701591	0.000000	
647.350000	22.541079	-38.720876	0.000000	
647.400000	22.613557	-38.740161	0.000000	
647.450000	22.686035	-38.759446	0.000000	
647.500000	22.758513	-38.778731	0.000000	
647.550000	22.830992	-38.798015	0.000000	
647.600000	22.903470	-38.817300	0.000000	
647.650000	22.975948	-38.836585	0.000000	
647.700000	23.048426	-38.855870	0.000000	
647.750000	23.120905	-38.875155	0.000000	
647.800000	23.193383	-38.894440	0.000000	
647.850000	23.265861	-38.913725	0.000000	
647.900000	23.338339	-38.933009	0.000000	
647.950000	23.410817	-38.952294	0.000000	
648.000000	23.483296	-38.971579	0.000000	
648.050000	23.555774	-38.990864	0.000000	
648.100000	23.628252	-39.010149	0.000000	
648.150000	23.700730	-39.029434	0.000000	
648.200000	23.773209	-39.048719	0.000000	
648.250000	23.845687	-39.068003	0.000000	
648.300000	23.918165	-39.087288	0.000000	
648.350000	23.990643	-39.106573	0.000000	
648.400000	24.063122	-39.125858	0.000000	
648.450000	24.135600	-39.145143	0.000000	
648.500000	24.208078	-39.164428	0.000000	
648.550000	24.280556	-39.183713	0.000000	
648.600000	24.353034	-39.202998	0.000000	
648.650000	24.425513	-39.222282	0.000000	
648.700000	24.497991	-39.241567	0.000000	
648.750000	24.570469	-39.260852	0.000000	
648.800000	24.642947	-39.280137	0.000000	
648.850000	24.715426	-39.299422	0.000000	
648.900000	24.787904	-39.318707	0.000000	
648.950000	24.860382	-39.337992	0.000000	
649.000000	24.932860	-39.357276	0.000000	
649.050000	25.005339	-39.376561	0.000000	
649.100000	25.077817	-39.395846	0.000000	
649.150000	25.150295	-39.415131	0.000000	
649.200000	25.222773	-39.434416	0.000000	
649.250000	25.295252	-39.453701	0.000000	
649.300000	25.367730	-39.472986	0.000000	
649.350000	25.440208	-39.492270	0.000000	
649.400000	25.512686	-39.511555	0.000000	
649.450000	25.585164	-39.530840	0.000000	
649.500000	25.657643	-39.550125	0.000000	
649.550000	25.730121	-39.569410	0.000000	
649.600000	25.802599	-39.588695	0.000000	
649.650000	25.875077	-39.607980	0.000000	
649.700000	25.947556	-39.627264	0.000000	
649.750000	26.020034	-39.646549	0.000000	
649.800000	26.092512	-39.665834	0.000000	
649.850000	26.164990	-39.685119	0.000000	
649.900000	26.237469	-39.704404	0.000000	
649.950000	26.309947	-39.723689	0.000000	
650.000000	26.382425	-39.742974	0.000000	
650.050000	26.454903	-39.762259	0.000000	
650.100000	26.527381	-39.781543	0.000000	
650.150000	26.599860	-39.800828	0.000000	
650.200000	26.672338	-39.820113	0.000000	
650.250000	26.744816	-39.839398	0.000000	
650.300000	26.817294	-39.858683	0.000000	
650.350000	26.889773	-39.877968	0.000000	
650.400000	26.962251	-39.897253	0.000000	
650.450000	27.034729	-39.916537	0.000000	
650.500000	27.107207	-39.935822	0.000000	
650.550000	27.179686	-39.955107	0.000000	
650.600000	27.252164	-39.974392	0.000000	
650.650000	27.324642	-39.993677	0.000000	
650.700000	27.397120	-40.012962	0.000000	
650.750000	27.469598	-40.032247	0.000000	
650.800000	27.542077	-40.051531	0.000000	
650.850000	27.614555	-40.070816	0.000000	
650.900000	27.687033	-40.090101	0.000000	
650.950000	27.759511	-40.109386	0.000000	
651.000000	27.831990	-40.128671	0.000000	
651.050000	27.904468	-40.147956	0.000000	
651.100000	27.976946	-40.167241	0.000000	
651.150000	28.049424	-40.186525	0.000000	
651.200000	28.121903	-40.205810	0.000000	
651.250000	28.194381	-40.225095	0.000000	
651.300000	28.266859	-40.244380	0.000000	
651.350000	28.339337	-40.263665	0.000000	
651.400000	28.411815	-40.282950	0.000000	
651.450000	28.484294	-40.302235	0.000000	
651.500000	28.556772	-40.321520	0.000000	
651.550000	28.631248	-40.329804	0.000000	
651.600000	28.705879	-40.337242	0.000000	
651.650000	28.780509	-40.344679	0.000000	
651.700000	28.855139	-40.352116	0.000000	
651.750000	28.929770	-40.359553	0.000000	
651.800000	29.004400	-40.366990	0.000000	
651.850000	29.079030	-40.374427	0.000000	
651.900000	29.153661	-40.381865	0.000000	
651.950000	29.228291	-40.389302	0.000000	
652.000000	29.302921	-40.396739	0.000000	
652.050000	29.377552	-40.404176	0.000000	
652.100000	29.452182	-40.411613	0.000000	
652.150000	29.526812	-40.419050	0.000000	
652.200000	29.601443	-40.426488	0.000000	
652.250000	29.676073	-40.433925	0.000000	
652.300000	29.750703	-40.441362	0.000000	
652.350000	29.825334	-40.448799	0.000000	
652.400000	29.899964	-40.456236	0.000000	
652.450000	29.974595	-40.463673	0.000000	
652.500000	30.049225	-40.471111	0.000000	
652.550000	30.123855	-40.478548	0.000000	
652.600000	30.198486	-40.485985	0.000000	
652.650000	30.273116	-40.493422	0.000000	
652.700000	30.347746	-40.500859	0.000000	
652.750000	30.422377	-40.508296	0.000000	
652.800000	30.497007	-40.515734	0.000000	
652.850000	30.571637	-40.523171	0.000000	
652.900000	30.646268	-40.530608	0.000000	
652.950000	30.720898	-40.538045	0.000000	
653.000000	30.795528	-40.545482	0.000000	
653.050000	30.870159	-40.552920	0.000000	
653.100000	30.944789	-40.560357	0.000000	
653.150000	31.019419	-40.567794	0.000000	
653.200000	31.094050	-40.575231	0.000000	
653.250000	31.168680	-40.582668	0.000000	
653.300000	31.243310	-40.590105	0.000000	
653.350000	31.317941	-40.597543	0.000000	
653.400000	31.392571	-40.604980	0.000000	
653.450000	31.467201	-40.612417	0.000000	
653.500000	31.541832	-40.619854	0.000000	
653.550000	31.616462	-40.627291	0.000000	
653.600000	31.691092	-40.634728	0.000000	
653.650000	31.765723	-40.642166	0.000000	
653.700000	31.840353	-40.649603	0.000000	
653.750000	31.914984	-40.657040	0.000000	
653.800000	31.989614	-40.664477	0.000000	
653.850000	32.064244	-40.671914	0.000000	
653.900000	32.138875	-40.679351	0.000000	
653.950000	32.213505	-40.686789	0.000000	
654.000000	32.288135	-40.694226	0.000000	
654.050000	32.362766	-40.701663	0.000000	
654.100000	32.437396	-40.709100	0.000000	
654.150000	32.512026	-40.716537	0.000000	
654.200000	32.586657	-40.723974	0.000000	
654.250000	32.661287	-40.731412	0.000000	
654.300000	32.735917	-40.738849	0.000000	
654.350000	32.810548	-40.746286	0.000000	
654.400000	32.885178	-40.753723	0.000000	
654.450000	32.959808	-40.761160	0.000000	
654.500000	33.034439	-40.768598	0.000000	
654.550000	33.109069	-40.776035	0.000000	
654.600000	33.183699	-40.783472	0.000000	
654.650000	33.258330	-40.790909	0.000000	
654.700000	33.332960	-40.798346	0.000000	
654.750000	33.407590	-40.805783	0.000000	
654.800000	33.482221	-40.813221	0.000000	
654.850000	33.556851	-40.820658	0.000000	
654.900000	33.631481	-40.828095	0.000000	
654.950000	33.706112	-40.835532	0.000000	
655.000000	33.780742	-40.842969	0.000000	
655.050000	33.855372	-40.850406	0.000000	
655.100000	33.930003	-40.857844	0.000000	
655.150000	34.004633	-40.865281	0.000000	
655.200000	34.079264	-40.872718	0.000000	
655.250000	34.153894	-40.880155	0.000000	
655.300000	34.228524	-40.887592	0.000000	
655.350000	34.303155	-40.895029	0.000000	
655.400000	34.377785	-40.902467	0.000000	
655.450000	34.452415	-40.909904	0.000000	
655.500000	34.527046	-40.917341	0.000000	
655.550000	34.601676	-40.924778	0.000000	
655.600000	34.676306	-40.932215	0.000000	
655.650000	34.750937	-40.939652	0.000000	
655.700000	34.825567	-40.947090	0.000000	
655.750000	34.900197	-40.954527	0.000000	
655.800000	34.974828	-40.961964	0.000000	
655.850000	35.049458	-40.969401	0.000000	
655.900000	35.124088	-40.976838	0.000000	
655.950000	35.198719	-40.984276	0.000000	
656.000000	35.273349	-40.991713	0.000000	
656.050000	35.347979	-40.999150	0.000000	
656.100000	35.422610	-41.006587	0.000000	
656.150000	35.497240	-41.014024	0.000000	
656.200000	35.571870	-41.021461	0.000000	
656.250000	35.646501	-41.028899	0.000000	
656.300000	35.721131	-41.036336	0.000000	
656.350000	35.795761	-41.043773	0.000000	
656.400000	35.870392	-41.051210	0.000000	
656.450000	35.945022	-41.058647	0.000000	
656.500000	36.019653	-41.066084	0.000000	
656.550000	36.094283	-41.073522	0.000000	
656.600000	36.168913	-41.080959	0.000000	
656.650000	36.243544	-41.088396	0.000000	
656.700000	36.318174	-41.095833	0.000000	
656.750000	36.392804	-41.103270	0.000000	
656.800000	36.467435	-41.110707	0.000000	
656.850000	36.542065	-41.118145	0.000000	
656.900000	36.616695	-41.125582	0.000000	
656.950000	36.691326	-41.133019	0.000000	
657.000000	36.765956	-41.140456	0.000000	
657.050000	36.840586	-41.147893	0.000000	
657.100000	36.915217	-41.155330	0.000000	
657.150000	36.989847	-41.162768	0.000000	
657.200000	37.064477	-41.170205	0.000000	
657.250000	37.139108	-41.177642	0.000000	
657.300000	37.213738	-41.185079	0.000000	
657.350000	37.288368	-41.192516	0.000000	
657.400000	37.362999	-41.199954	0.000000	
657.450000	37.437629	-41.207391	0.000000	
657.500000	37.512259	-41.214828	0.000000	
657.550000	37.586890	-41.222265	0.000000	
657.600000	37.661520	-41.229702	0.000000	
657.650000	37.736150	-41.237139	0.000000	
657.700000	37.810781	-41.244577	0.000000	
657.750000	37.885411	-41.252014	0.000000	
657.800000	37.960041	-41.259451	0.000000	
657.850000	38.034672	-41.266888	0.000000	
657.900000	38.109302	-41.274325	0.000000	
657.950000	38.183933	-41.281762	0.000000	
658.000000	38.258563	-41.289200	0.000000	
658.050000	38.333193	-41.296637	0.000000	
658.100000	38.407824	-41.304074	0.000000	
658.150000	38.482454	-41.311511	0.000000	
658.200000	38.557084	-41.318948	0.000000	
658.250000	38.631715	-41.326385	0.000000	
658.300000	38.706345	-41.333823	0.000000	
658.350000	38.780975	-41.341260	0.000000	
658.400000	38.855606	-41.348697	0.000000	
658.450000	38.930236	-41.356134	0.000000	
658.500000	39.004866	-41.363571	0.000000	
658.550000	39.079497	-41.371008	0.000000	
658.600000	39.154127	-41.378446	0.000000	
658.650000	39.228757	-41.385883	0.000000	
658.700000	39.303388	-41.393320	0.000000	
658.750000	39.378018	-41.400757	0.000000	
658.800000	39.452648	-41.408194	0.000000	
658.850000	39.527279	-41.415631	0.000000	
658.900000	39.601909	-41.423069	0.000000	
658.950000	39.676539	-41.430506	0.000000	
659.000000	39.741910	-41.435227	0.000000	
659.050000	39.675090	-41.401167	0.000000	
659.100000	39.608270	-41.367108	0.000000	
659.150000	39.541450	-41.333048	0.000000	
659.200000	39.474629	-41.298989	0.000000	
659.250000	39.407809	-41.264929	0.000000	
659.300000	39.340989	-41.230870	0.000000	
659.350000	39.274169	-41.196810	0.000000	
659.400000	39.207348	-41.162751	0.000000	
659.450000	39.140528	-41.128691	0.000000	
659.500000	39.073708	-41.094631	0.000000	
659.550000	39.006887	-41.060572	0.000000	
659.600000	38.940067	-41.026512	0.000000	
659.650000	38.873247	-40.992453	0.000000	
659.700000	38.806427	-40.958393	0.000000	
659.750000	38.739606	-40.924334	0.000000	
659.800000	38.672786	-40.890274	0.000000	
659.850000	38.605966	-40.856215	0.000000	
659.900000	38.539145	-40.822155	0.000000	
659.950000	38.472325	-40.788096	0.000000	
660.000000	38.405505	-40.754036	0.000000	
660.050000	38.338685	-40.719977	0.000000	
660.100000	38.271864	-40.685917	0.000000	
660.150000	38.205044	-40.651858	0.000000	
660.200000	38.138224	-40.617798	0.000000	
660.250000	38.071404	-40.583739	0.000000	
660.300000	38.004583	-40.549679	0.000000	
660.350000	37.937763	-40.515620	0.000000	
660.400000	37.870943	-40.481560	0.000000	
660.450000	37.804122	-40.447501	0.000000	
660.500000	37.737302	-40.413441	0.000000	
660.550000	37.670482	-40.379382	0.000000	
660.600000	37.603662	-40.345322	0.000000	
660.650000	37.536841	-40.311263	0.000000	
660.700000	37.470021	-40.277203	0.000000	
660.750000	37.403201	-40.243144	0.000000	
660.800000	37.336381	-40.209084	0.000000	
660.850000	37.269560	-40.175024	0.000000	
660.900000	37.202740	-40.140965	0.000000	
660.950000	37.135920	-40.106905	0.000000	
661.000000	37.069099	-40.072846	0.000000	
661.050000	37.002279	-40.038786	0.000000	
661.100000	36.935459	-40.004727	0.000000	
661.150000	36.868639	-39.970667	0.000000	
661.200000	36.801818	-39.936608	0.000000	
661.250000	36.734998	-39.902548	0.000000	
661.300000	36.668178	-39.868489	0.000000	
661.350000	36.601358	-39.834429	0.000000	
661.400000	36.534537	-39.800370	0.000000	
661.450000	36.467717	-39.766310	0.000000	
661.500000	36.400897	-39.732251	0.000000	
661.550000	36.334076	-39.698191	0.000000	
661.600000	36.267256	-39.664132	0.000000	
661.650000	36.200436	-39.630072	0.000000	
661.700000	36.133616	-39.596013	0.000000	
661.750000	36.066795	-39.561953	0.000000	
661.800000	35.999975	-39.527894	0.000000	
661.850000	35.933155	-39.493834	0.000000	
661.900000	35.866334	-39.459775	0.000000	
661.950000	35.799514	-39.425715	0.000000	
662.000000	35.732694	-39.391656	0.000000	
662.050000	35.665874	-39.357596	0.000000	
662.100000	35.599053	-39.323537	0.000000	
662.150000	35.532233	-39.289477	0.000000	
662.200000	35.465413	-39.255417	0.000000	
662.250000	35.398593	-39.221358	0.000000	
662.300000	35.331772	-39.187298	0.000000	
662.350000	35.264952	-39.153239	0.000000	
662.400000	35.198132	-39.119179	0.000000	
662.450000	35.131311	-39.085120	0.000000	
662.500000	35.064491	-39.051060	0.000000	
662.550000	34.997671	-39.017001	0.000000	
662.600000	34.930851	-38.982941	0.000000	
662.650000	34.864030	-38.948882	0.000000	
662.700000	34.797210	-38.914822	0.000000	
662.750000	34.730390	-38.880763	0.000000	
662.800000	34.663570	-38.846703	0.000000	
662.850000	34.596749	-38.812644	0.000000	
662.900000	34.529929	-38.778584	0.000000	
662.950000	34.463109	-38.744525	0.000000	
663.000000	34.396288	-38.710465	0.000000	
663.050000	34.329468	-38.676406	0.000000	
663.100000	34.262648	-38.642346	0.000000	
663.150000	34.195828	-38.608287	0.000000	
663.200000	34.129007	-38.574227	0.000000	
663.250000	34.062187	-38.540168	0.000000	
663.300000	33.995367	-38.506108	0.000000	
663.350000	33.928546	-38.472049	0.000000	
663.400000	33.861726	-38.437989	0.000000	
663.450000	33.794906	-38.403930	0.000000	
663.500000	33.728086	-38.369870	0.000000	
663.550000	33.661265	-38.335810	0.000000	
663.600000	33.594445	-38.301751	0.000000	
663.650000	33.527625	-38.267691	0.000000	
663.700000	33.460805	-38.233632	0.000000	
663.750000	33.393984	-38.199572	0.000000	
663.800000	33.327164	-38.165513	0.000000	
663.850000	33.260344	-38.131453	0.000000	
663.900000	33.193523	-38.097394	0.000000	
663.950000	33.126703	-38.063334	0.000000	
664.000000	33.059883	-38.029275	0.000000	
664.050000	32.993063	-37.995215	0.000000	
664.100000	32.926242	-37.961156	0.000000	
664.150000	32.859422	-37.927096	0.000000	
664.200000	32.792602	-37.893037	0.000000	
664.250000	32.725782	-37.858977	0.000000	
664.300000	32.658961	-37.824918	0.000000	
664.350000	32.592141	-37.790858	0.000000	
664.400000	32.525321	-37.756799	0.000000	
664.450000	32.458500	-37.722739	0.000000	
664.500000	32.391680	-37.688680	0.000000	
664.550000	32.324860	-37.654620	0.000000	
664.600000	32.258040	-37.620561	0.000000	
664.650000	32.191219	-37.586501	0.000000	
664.700000	32.124399	-37.552442	0.000000	
664.750000	32.057579	-37.518382	0.000000	
664.800000	31.990759	-37.484323	0.000000	
664.850000	31.923938	-37.450263	0.000000	
664.900000	31.857118	-37.416203	0.000000	
664.950000	31.790298	-37.382144	0.000000	
665.000000	31.723477	-37.348084	0.000000	
665.050000	31.656657	-37.314025	0.000000	
665.100000	31.589837	-37.279965	0.000000	
665.150000	31.523017	-37.245906	0.000000	
665.200000	31.456196	-37.211846	0.000000	
665.250000	31.389376	-37.177787	0.000000	
665.300000	31.322556	-37.143727	0.000000	
665.350000	31.255735	-37.109668	0.000000	
665.400000	31.188915	-37.075608	0.000000	
665.450000	31.122095	-37.041549	0.000000	
665.500000	31.055275	-37.007489	0.000000	
665.550000	30.988454	-36.973430	0.000000	
665.600000	30.921634	-36.939370	0.000000	
665.650000	30.854814	-36.905311	0.000000	
665.700000	30.787994	-36.871251	0.000000	
665.750000	30.721173	-36.837192	0.000000	
665.800000	30.654353	-36.803132	0.000000	
665.850000	30.587533	-36.769073	0.000000	
665.900000	30.520712	-36.735013	0.000000	
665.950000	30.453892	-36.700954	0.000000	
666.000000	30.387072	-36.666894	0.000000	
666.050000	30.320252	-36.632835	0.000000	
666.100000	30.253431	-36.598775	0.000000	
666.150000	30.186611	-36.564716	0.000000	
666.200000	30.119791	-36.530656	0.000000	
666.250000	30.052971	-36.496596	0.000000	
666.300000	29.986150	-36.462537	0.000000	
666.350000	29.919330	-36.428477	0.000000	
666.400000	29.852510	-36.394418	0.000000	
666.450000	29.785689	-36.360358	0.000000	
666.500000	29.718869	-36.326299	0.000000	
666.550000	29.652049	-36.292239	0.000000	
666.600000	29.585229	-36.258180	0.000000	
666.650000	29.518408	-36.224120	0.000000	
666.700000	29.451588	-36.190061	0.000000	
666.750000	29.384768	-36.156001	0.000000	
666.800000	29.317947	-36.121942	0.000000	
666.850000	29.251127	-36.087882	0.000000	
666.900000	29.184307	-36.053823	0.000000	
666.950000	29.117487	-36.019763	0.000000	
667.000000	29.050666	-35.985704	0.000000	
667.050000	28.983846	-35.951644	0.000000	
667.100000	28.917026	-35.917585	0.000000	
667.150000	28.850206	-35.883525	0.000000	
667.200000	28.783385	-35.849466	0.000000	
667.250000	28.716565	-35.815406	0.000000	
667.300000	28.649745	-35.781347	0.000000	
667.350000	28.582924	-35.747287	0.000000	
667.400000	28.516104	-35.713228	0.000000	
667.450000	28.449284	-35.679168	0.000000	
667.500000	28.382464	-35.645109	0.000000	
667.550000	28.315643	-35.611049	0.000000	
667.600000	28.248823	-35.576989	0.000000	
667.650000	28.182003	-35.542930	0.000000	
667.700000	28.115183	-35.508870	0.000000	
667.750000	28.048362	-35.474811	0.000000	
667.800000	27.981542	-35.440751	0.000000	
667.850000	27.914722	-35.406692	0.000000	
667.900000	27.847901	-35.372632	0.000000	
667.950000	27.781081	-35.338573	0.000000	
668.000000	27.714261	-35.304513	0.000000	
668.050000	27.647441	-35.270454	0.000000	
668.100000	27.580620	-35.236394	0.000000	
668.150000	27.513800	-35.202335	0.000000	
668.200000	27.446980	-35.168275	0.000000	
668.250000	27.380160	-35.134216	0.000000	
668.300000	27.313339	-35.100156	0.000000	
668.350000	27.246519	-35.066097	0.000000	
668.400000	27.179699	-35.032037	0.000000	
668.450000	27.112878	-34.997978	0.000000	
668.500000	27.046058	-34.963918	0.000000	
668.550000	26.979238	-34.929859	0.000000	
668.600000	26.912418	-34.895799	0.000000	
668.650000	26.845597	-34.861740	0.000000	
668.700000	26.778777	-34.827680	0.000000	
668.750000	26.711957	-34.793621	0.000000	
668.800000	26.645136	-34.759561	0.000000	
668.850000	26.578316	-34.725502	0.000000	
668.900000	26.511496	-34.691442	0.000000	
668.950000	26.444676	-34.657382	0.000000	
669.000000	26.377855	-34.623323	0.000000	
669.050000	26.311035	-34.589263	0.000000	
669.100000	26.244215	-34.555204	0.000000	
669.150000	26.177395	-34.521144	0.000000	
669.200000	26.110574	-34.487085	0.000000	
669.250000	26.043754	-34.453025	0.000000	
669.300000	25.976934	-34.418966	0.000000	
669.350000	25.910113	-34.384906	0.000000	
669.400000	25.843293	-34.350847	0.000000	
669.450000	25.776473	-34.316787	0.000000	
669.500000	25.709653	-34.282728	0.000000	
669.550000	25.642832	-34.248668	0.000000	
669.600000	25.576012	-34.214609	0.000000	
669.650000	25.509192	-34.180549	0.000000	
669.700000	25.442372	-34.146490	0.000000	
669.750000	25.375551	-34.112430	0.000000	
669.800000	25.308731	-34.078371	0.000000	
669.850000	25.241911	-34.044311	0.000000	
669.900000	25.175090	-34.010252	0.000000	
669.950000	25.108270	-33.976192	0.000000	
670.000000	25.041450	-33.942133	0.000000	
670.050000	24.974630	-33.908073	0.000000	
670.100000	24.907809	-33.874014	0.000000	
670.150000	24.840989	-33.839954	0.000000	
670.200000	24.805351	-33.854179	0.000000	
670.250000	24.808907	-33.929094	0.000000	
670.300000	24.812463	-34.004010	0.000000	
670.350000	24.816020	-34.078926	0.000000	
670.400000	24.819576	-34.153841	0.000000	
670.450000	24.823132	-34.228757	0.000000	
670.500000	24.826689	-34.303673	0.000000	
670.550000	24.830245	-34.378588	0.000000	
670.600000	24.833801	-34.453504	0.000000	
670.650000	24.837357	-34.528420	0.000000	
670.700000	24.840914	-34.603335	0.000000	
670.750000	24.844470	-34.678251	0.000000	
670.800000	24.848026	-34.753166	0.000000	
670.850000	24.851582	-34.828082	0.000000	
670.900000	24.855139	-34.902998	0.000000	
670.950000	24.858695	-34.977913	0.000000	
671.000000	24.862251	-35.052829	0.000000	
671.050000	24.865808	-35.127745	0.000000	
671.100000	24.869364	-35.202660	0.000000	
671.150000	24.872920	-35.277576	0.000000	
671.200000	24.876476	-35.352492	0.000000	
671.250000	24.880033	-35.427407	0.000000	
671.300000	24.883589	-35.502323	0.000000	
671.350000	24.887145	-35.577238	0.000000	
671.400000	24.890701	-35.652154	0.000000	
671.450000	24.894258	-35.727070	0.000000	
671.500000	24.897814	-35.801985	0.000000	
671.550000	24.901370	-35.876901	0.000000	
671.600000	24.904927	-35.951817	0.000000	
671.650000	24.908483	-36.026732	0.000000	
671.700000	24.912039	-36.101648	0.000000	
671.750000	24.915595	-36.176564	0.000000	
671.800000	24.919152	-36.251479	0.000000	
671.850000	24.922708	-36.326395	0.000000	
671.900000	24.926264	-36.401311	0.000000	
671.950000	24.929821	-36.476226	0.000000	
672.000000	24.933377	-36.551142	0.000000	
672.050000	24.936933	-36.626057	0.000000	
672.100000	24.940489	-36.700973	0.000000	
672.150000	24.944046	-36.775889	0.000000	
672.200000	24.947602	-36.850804	0.000000	
672.250000	24.951158	-36.925720	0.000000	
672.300000	24.954714	-37.000636	0.000000	
672.350000	24.958271	-37.075551	0.000000	
672.400000	24.961827	-37.150467	0.000000	
672.450000	24.965383	-37.225383	0.000000	
672.500000	24.968940	-37.300298	0.000000	
672.550000	24.972496	-37.375214	0.000000	
672.600000	24.976052	-37.450129	0.000000	
672.650000	24.979608	-37.525045	0.000000	
672.700000	24.983165	-37.599961	0.000000	
672.750000	24.986721	-37.674876	0.000000	
672.800000	24.990277	-37.749792	0.000000	
672.850000	24.993833	-37.824708	0.000000	
672.900000	24.997390	-37.899623	0.000000	
672.950000	25.000946	-37.974539	0.000000	
673.000000	25.004502	-38.049455	0.000000	
673.050000	25.008059	-38.124370	0.000000	
673.100000	25.011615	-38.199286	0.000000	
673.150000	25.015171	-38.274201	0.000000	
673.200000	25.018727	-38.349117	0.000000	
673.250000	25.022284	-38.424033	0.000000	
673.300000	25.025840	-38.498948	0.000000	
673.350000	25.029396	-38.573864	0.000000	
673.400000	25.032952	-38.648780	0.000000	
673.450000	25.036509	-38.723695	0.000000	
673.500000	25.040065	-38.798611	0.000000	
673.550000	25.043621	-38.873527	0.000000	
673.600000	25.047178	-38.948442	0.000000	
673.650000	25.050734	-39.023358	0.000000	
673.700000	25.054290	-39.098273	0.000000	
673.750000	25.057846	-39.173189	0.000000	
673.800000	25.061403	-39.248105	0.000000	
673.850000	25.064959	-39.323020	0.000000	
673.900000	25.068515	-39.397936	0.000000	
673.950000	25.072071	-39.472852	0.000000	
674.000000	25.075628	-39.547767	0.000000	
674.050000	25.079184	-39.622683	0.000000	
674.100000	25.082740	-39.697599	0.000000	
674.150000	25.086297	-39.772514	0.000000	
674.200000	25.089853	-39.847430	0.000000	
674.250000	25.093409	-39.922346	0.000000	
674.300000	25.096965	-39.997261	0.000000	
674.350000	25.100522	-40.072177	0.000000	
674.400000	25.104078	-40.147092	0.000000	
674.450000	25.107634	-40.222008	0.000000	
674.500000	25.111190	-40.296924	0.000000	
674.550000	25.114747	-40.371839	0.000000	
674.600000	25.118303	-40.446755	0.000000	
674.650000	25.121859	-40.521671	0.000000	
674.700000	25.125416	-40.596586	0.000000	
674.750000	25.128972	-40.671502	0.000000	
674.800000	25.132528	-40.746418	0.000000	
674.850000	25.136084	-40.821333	0.000000	
674.900000	25.139641	-40.896249	0.000000	
674.950000	25.143197	-40.971164	0.000000	
675.000000	25.146753	-41.046080	0.000000	
675.050000	25.150310	-41.120996	0.000000	
675.100000	25.153866	-41.195911	0.000000	
675.150000	25.157422	-41.270827	0.000000	
675.200000	25.160978	-41.345743	0.000000	
675.250000	25.164535	-41.420658	0.000000	
675.300000	25.168091	-41.495574	0.000000	
675.350000	25.171647	-41.570490	0.000000	
675.400000	25.175203	-41.645405	0.000000	
675.450000	25.178760	-41.720321	0.000000	
675.500000	25.182316	-41.795236	0.000000	
675.550000	25.185872	-41.870152	0.000000	
675.600000	25.189429	-41.945068	0.000000	
675.650000	25.192985	-42.019983	0.000000	
675.700000	25.196541	-42.094899	0.000000	
675.750000	25.200097	-42.169815	0.000000	
675.800000	25.203654	-42.244730	0.000000	
675.850000	25.207210	-42.319646	0.000000	
675.900000	25.210766	-42.394562	0.000000	
675.950000	25.214322	-42.469477	0.000000	
676.000000	25.217879	-42.544393	0.000000	
676.050000	25.221435	-42.619309	0.000000	
676.100000	25.224991	-42.694224	0.000000	
676.150000	25.228548	-42.769140	0.000000	
676.200000	25.232104	-42.844055	0.000000	
676.250000	25.235660	-42.918971	0.000000	
676.300000	25.239216	-42.993887	0.000000	
676.350000	25.242773	-43.068802	0.000000	
676.400000	25.246329	-43.143718	0.000000	
676.450000	25.249885	-43.218634	0.000000	
676.500000	25.253441	-43.293549	0.000000	
676.550000	25.256998	-43.368465	0.000000	
676.600000	25.260554	-43.443381	0.000000	
676.650000	25.264110	-43.518296	0.000000	
676.700000	25.267667	-43.593212	0.000000	
676.750000	25.271223	-43.668127	0.000000	
676.800000	25.274779	-43.743043	0.000000	
676.850000	25.278335	-43.817959	0.000000	
676.900000	25.281892	-43.892874	0.000000	
676.950000	25.285448	-43.967790	0.000000	
677.000000	25.289004	-44.042706	0.000000	
677.050000	25.292560	-44.117621	0.000000	
677.100000	25.296117	-44.192537	0.000000	
677.150000	25.299673	-44.267453	0.000000	
677.200000	25.303229	-44.342368	0.000000	
677.250000	25.306786	-44.417284	0.000000	
677.300000	25.310342	-44.492199	0.000000	
677.350000	25.313898	-44.567115	0.000000	
677.400000	25.317454	-44.642031	0.000000	
677.450000	25.321011	-44.716946	0.000000	
677.500000	25.324567	-44.791862	0.000000	
677.550000	25.328123	-44.866778	0.000000	
677.600000	25.331679	-44.941693	0.000000	
677.650000	25.335236	-45.016609	0.000000	
677.700000	25.338792	-45.091525	0.000000	
677.750000	25.342348	-45.166440	0.000000	
677.800000	25.345905	-45.241356	0.000000	
677.850000	25.349461	-45.316271	0.000000	
677.900000	25.353017	-45.391187	0.000000	
677.950000	25.356573	-45.466103	0.000000	
678.000000	25.360130	-45.541018	0.000000	
678.050000	25.363686	-45.615934	0.000000	
678.100000	25.367242	-45.690850	0.000000	
678.150000	25.370799	-45.765765	0.000000	
678.200000	25.374355	-45.840681	0.000000	
678.250000	25.377911	-45.915597	0.000000	
678.300000	25.381467	-45.990512	0.000000	
678.350000	25.385024	-46.065428	0.000000	
678.400000	25.388580	-46.140344	0.000000	
678.450000	25.392136	-46.215259	0.000000	
678.500000	25.395692	-46.290175	0.000000	
678.550000	25.399249	-46.365090	0.000000	
678.600000	25.416371	-46.370013	0.000000	
678.650000	25.447658	-46.301850	0.000000	
678.700000	25.478945	-46.233688	0.000000	
678.750000	25.510231	-46.165525	0.000000	
678.800000	25.541518	-46.097362	0.000000	
678.850000	25.572805	-46.029200	0.000000	
678.900000	25.604092	-45.961037	0.000000	
678.950000	25.635379	-45.892875	0.000000	
679.000000	25.666666	-45.824712	0.000000	
679.050000	25.697953	-45.756550	0.000000	
679.100000	25.729240	-45.688387	0.000000	
679.150000	25.760527	-45.620225	0.000000	
679.200000	25.791814	-45.552062	0.000000	
679.250000	25.823101	-45.483900	0.000000	
679.300000	25.854388	-45.415737	0.000000	
679.350000	25.885674	-45.347575	0.000000	
679.400000	25.916961	-45.279412	0.000000	
679.450000	25.948248	-45.211250	0.000000	
679.500000	25.979535	-45.143087	0.000000	
679.550000	26.010822	-45.074925	0.000000	
679.600000	26.042109	-45.006762	0.000000	
679.650000	26.073396	-44.938600	0.000000	
679.700000	26.104683	-44.870437	0.000000	
679.750000	26.135970	-44.802275	0.000000	
679.800000	26.167257	-44.734112	0.000000	
679.850000	26.198544	-44.665950	0.000000	
679.900000	26.229830	-44.597787	0.000000	
679.950000	26.261117	-44.529625	0.000000	
680.000000	26.292404	-44.461462	0.000000	
680.050000	26.323691	-44.393299	0.000000	
680.100000	26.354978	-44.325137	0.000000	
680.150000	26.386265	-44.256974	0.000000	
680.200000	26.417552	-44.188812	0.000000	
680.250000	26.448839	-44.120649	0.000000	
680.300000	26.480126	-44.052487	0.000000	
680.350000	26.511413	-43.984324	0.000000	
680.400000	26.542700	-43.916162	0.000000	
680.450000	26.573987	-43.847999	0.000000	
680.500000	26.605273	-43.779837	0.000000	
680.550000	26.636560	-43.711674	0.000000	
680.600000	26.667847	-43.643512	0.000000	
680.650000	26.699134	-43.575349	0.000000	
680.700000	26.730421	-43.507187	0.000000	
680.750000	26.761708	-43.439024	0.000000	
680.800000	26.792995	-43.370862	0.000000	
680.850000	26.824282	-43.302699	0.000000	
680.900000	26.855569	-43.234537	0.000000	
680.950000	26.886856	-43.166374	0.000000	
681.000000	26.918143	-43.098212	0.000000	
681.050000	26.949429	-43.030049	0.000000	
681.100000	26.980716	-42.961887	0.000000	
681.150000	27.012003	-42.893724	0.000000	
681.200000	27.043290	-42.825562	0.000000	
681.250000	27.074577	-42.757399	0.000000	
681.300000	27.105864	-42.689236	0.000000	
681.350000	27.137151	-42.621074	0.000000	
681.400000	27.168438	-42.552911	0.000000	
681.450000	27.199725	-42.484749	0.000000	
681.500000	27.231012	-42.416586	0.000000	
681.550000	27.262299	-42.348424	0.000000	
681.600000	27.293586	-42.280261	0.000000	
681.650000	27.324872	-42.212099	0.000000	
681.700000	27.356159	-42.143936	0.000000	
681.750000	27.387446	-42.075774	0.000000	
681.800000	27.418733	-42.007611	0.000000	
681.850000	27.450020	-41.939449	0.000000	
681.900000	27.481307	-41.871286	0.000000	
681.950000	27.512594	-41.803124	0.000000	
682.000000	27.543881	-41.734961	0.000000	
682.050000	27.575168	-41.666799	0.000000	
682.100000	27.606455	-41.598636	0.000000	
682.150000	27.637742	-41.530474	0.000000	
682.200000	27.669028	-41.462311	0.000000	
682.250000	27.700315	-41.394149	0.000000	
682.300000	27.731602	-41.325986	0.000000	
682.350000	27.762889	-41.257824	0.000000	
682.400000	27.794176	-41.189661	0.000000	
682.450000	27.825463	-41.121499	0.000000	
682.500000	27.856750	-41.053336	0.000000	
682.550000	27.888037	-40.985173	0.000000	
682.600000	27.919324	-40.917011	0.000000	
682.650000	27.950611	-40.848848	0.000000	
682.700000	27.981898	-40.780686	0.000000	
682.750000	28.013185	-40.712523	0.000000	
682.800000	28.044471	-40.644361	0.000000	
682.850000	28.075758	-40.576198	0.000000	
682.900000	28.107045	-40.508036	0.000000	
682.950000	28.138332	-40.439873	0.000000	
683.000000	28.169619	-40.371711	0.000000	
683.050000	28.200906	-40.303548	0.000000	
683.100000	28.232193	-40.235386	0.000000	
683.150000	28.263480	-40.167223	0.000000	
683.200000	28.294767	-40.099061	0.000000	
683.250000	28.326054	-40.030898	0.000000	
683.300000	28.357341	-39.962736	0.000000	
683.350000	28.388627	-39.894573	0.000000	
683.400000	28.419914	-39.826411	0.000000	
683.450000	28.451201	-39.758248	0.000000	
683.500000	28.482488	-39.690086	0.000000	
683.550000	28.513775	-39.621923	0.000000	
683.600000	28.545062	-39.553761	0.000000	
683.650000	28.576349	-39.485598	0.000000	
683.700000	28.607636	-39.417436	0.000000	
683.750000	28.638923	-39.349273	0.000000	
683.800000	28.670210	-39.281111	0.000000	
683.850000	28.701497	-39.212948	0.000000	
683.900000	28.732784	-39.144785	0.000000	
683.950000	28.764070	-39.076623	0.000000	
684.000000	28.795357	-39.008460	0.000000	
684.050000	28.826644	-38.940298	0.000000	
684.100000	28.857931	-38.872135	0.000000	
684.150000	28.889218	-38.803973	0.000000	
684.200000	28.920505	-38.735810	0.000000	
684.250000	28.951792	-38.667648	0.000000	
684.300000	28.983079	-38.599485	0.000000	
684.350000	29.014366	-38.531323	0.000000	
684.400000	29.045653	-38.463160	0.000000	
684.450000	29.076940	-38.394998	0.000000	
684.500000	29.108226	-38.326835	0.000000	
684.550000	29.139513	-38.258673	0.000000	
684.600000	29.170800	-38.190510	0.000000	
684.650000	29.202087	-38.122348	0.000000	
684.700000	29.233374	-38.054185	0.000000	
684.750000	29.264661	-37.986023	0.000000	
684.800000	29.295948	-37.917860	0.000000	
684.850000	29.327235	-37.849698	0.000000	
684.900000	29.358522	-37.781535	0.000000	
684.950000	29.389809	-37.713373	0.000000	
685.000000	29.421096	-37.645210	0.000000	
685.050000	29.452383	-37.577048	0.000000	
685.100000	29.483669	-37.508885	0.000000	
685.150000	29.514956	-37.440722	0.000000	
685.200000	29.546243	-37.372560	0.000000	
685.250000	29.577530	-37.304397	0.000000	
685.300000	29.608817	-37.236235	0.000000	
685.350000	29.640104	-37.168072	0.000000	
685.400000	29.671391	-37.099910	0.000000	
685.450000	29.702678	-37.031747	0.000000	
685.500000	29.733965	-36.963585	0.000000	
685.550000	29.726831	-36.906255	0.000000	
685.600000	29.664545	-36.864477	0.000000	
685.650000	29.602259	-36.822698	0.000000	
685.700000	29.539973	-36.780920	0.000000	
685.750000	29.477687	-36.739141	0.000000	
685.800000	29.415401	-36.697363	0.000000	
685.850000	29.353115	-36.655584	0.000000	
685.900000	29.290828	-36.613806	0.000000	
685.950000	29.228542	-36.572027	0.000000	
686.000000	29.166256	-36.530249	0.000000	
686.050000	29.103970	-36.488470	0.000000	
686.100000	29.041684	-36.446692	0.000000	
686.150000	28.979398	-36.404913	0.000000	
686.200000	28.917112	-36.363134	0.000000	
686.250000	28.854826	-36.321356	0.000000	
686.300000	28.792540	-36.279577	0.000000	
686.350000	28.730254	-36.237799	0.000000	
686.400000	28.667968	-36.196020	0.000000	
686.450000	28.605682	-36.154242	0.000000	
686.500000	28.543396	-36.112463	0.000000	
686.550000	28.481110	-36.070685	0.000000	
686.600000	28.418824	-36.028906	0.000000	
686.650000	28.356537	-35.987128	0.000000	
686.700000	28.294251	-35.945349	0.000000	
686.750000	28.231965	-35.903571	0.000000	
686.800000	28.169679	-35.861792	0.000000	
686.850000	28.107393	-35.820013	0.000000	
686.900000	28.045107	-35.778235	0.000000	
686.950000	27.982821	-35.736456	0.000000	
687.000000	27.920535	-35.694678	0.000000	
687.050000	27.858249	-35.652899	0.000000	
687.100000	27.795963	-35.611121	0.000000	
687.150000	27.733677	-35.569342	0.000000	
687.200000	27.671391	-35.527564	0.000000	
687.250000	27.609105	-35.485785	0.000000	
687.300000	27.546819	-35.444007	0.000000	
687.350000	27.484533	-35.402228	0.000000	
687.400000	27.422247	-35.360450	0.000000	
687.450000	27.359960	-35.318671	0.000000	
687.500000	27.297674	-35.276892	0.000000	
687.550000	27.235388	-35.235114	0.000000	
687.600000	27.173102	-35.193335	0.000000	
687.650000	27.110816	-35.151557	0.000000	
687.700000	27.048530	-35.109778	0.000000	
687.750000	26.986244	-35.068000	0.000000	
687.800000	26.923958	-35.026221	0.000000	
687.850000	26.861672	-34.984443	0.000000	
687.900000	26.799386	-34.942664	0.000000	
687.950000	26.737100	-34.900886	0.000000	
688.000000	26.674814	-34.859107	0.000000	
688.050000	26.612528	-34.817329	0.000000	
688.100000	26.550242	-34.775550	0.000000	
688.150000	26.487956	-34.733771	0.000000	
688.200000	26.425670	-34.691993	0.000000	
688.250000	26.363383	-34.650214	0.000000	
688.300000	26.301097	-34.608436	0.000000	
688.350000	26.238811	-34.566657	0.000000	
688.400000	26.176525	-34.524879	0.000000	
688.450000	26.114239	-34.483100	0.000000	
688.500000	26.051953	-34.441322	0.000000	
688.550000	25.989667	-34.399543	0.000000	
688.600000	25.927381	-34.357765	0.000000	
688.650000	25.865095	-34.315986	0.000000	
688.700000	25.802809	-34.274208	0.000000	
688.750000	25.740523	-34.232429	0.000000	
688.800000	25.678237	-34.190650	0.000000	
688.850000	25.615951	-34.148872	0.000000	
688.900000	25.553665	-34.107093	0.000000	
688.950000	25.491379	-34.065315	0.000000	
689.000000	25.429092	-34.023536	0.000000	
689.050000	25.366806	-33.981758	0.000000	
689.100000	25.304520	-33.939979	0.000000	
689.150000	25.242234	-33.898201	0.000000	
689.200000	25.179948	-33.856422	0.000000	
689.250000	25.117662	-33.814644	0.000000	
689.300000	25.055376	-33.772865	0.000000	
689.350000	24.993090	-33.731087	0.000000	
689.400000	24.930804	-33.689308	0.000000	
689.450000	24.868518	-33.647529	0.000000	
689.500000	24.806232	-33.605751	0.000000	
689.550000	24.743946	-33.563972	0.000000	
689.600000	24.681660	-33.522194	0.000000	
689.650000	24.619374	-33.480415	0.000000	
689.700000	24.557088	-33.438637	0.000000	
689.750000	24.494802	-33.396858	0.000000	
689.800000	24.432515	-33.355080	0.000000	
689.850000	24.370229	-33.313301	0.000000	
689.900000	24.307943	-33.271523	0.000000	
689.950000	24.245657	-33.229744	0.000000	
690.000000	24.183371	-33.187966	0.000000	
690.050000	24.121085	-33.146187	0.000000	
690.100000	24.058799	-33.104408	0.000000	
690.150000	23.996513	-33.062630	0.000000	
690.200000	23.934227	-33.020851	0.000000	
690.250000	23.871941	-32.979073	0.000000	
690.300000	23.809655	-32.937294	0.000000	
690.350000	23.747369	-32.895516	0.000000	
690.400000	23.685083	-32.853737	0.000000	
690.450000	23.622797	-32.811959	0.000000	
690.500000	23.560511	-32.770180	0.000000	
690.550000	23.498225	-32.728402	0.000000	
690.600000	23.435938	-32.686623	0.000000	
690.650000	23.373652	-32.644845	0.000000	
690.700000	23.311366	-32.603066	0.000000	
690.750000	23.249080	-32.561287	0.000000	
690.800000	23.186794	-32.519509	0.000000	
690.850000	23.124508	-32.477730	0.000000	
690.900000	23.062222	-32.435952	0.000000	
690.950000	22.999936	-32.394173	0.000000	
691.000000	22.937650	-32.352395	0.000000	
691.050000	22.875364	-32.310616	0.000000	
691.100000	22.813078	-32.268838	0.000000	
691.150000	22.750792	-32.227059	0.000000	
691.200000	22.688506	-32.185281	0.000000	
691.250000	22.626220	-32.143502	0.000000	
691.300000	22.563934	-32.101724	0.000000	
691.350000	22.501648	-32.059945	0.000000	
691.400000	22.439361	-32.018166	0.000000	
691.450000	22.377075	-31.976388	0.000000	
691.500000	22.314789	-31.934609	0.000000	
691.550000	22.252503	-31.892831	0.000000	
691.600000	22.190217	-31.851052	0.000000	
691.650000	22.127931	-31.809274	0.000000	
691.700000	22.065645	-31.767495	0.000000	
691.750000	22.003359	-31.725717	0.000000	
691.800000	21.941073	-31.683938	0.000000	
691.850000	21.878787	-31.642160	0.000000	
691.900000	21.913412	-31.697267	0.000000	
691.950000	21.955207	-31.759542	0.000000	
692.000000	21.997002	-31.821817	0.000000	
692.050000	22.038797	-31.884092	0.000000	
692.100000	22.080592	-31.946367	0.000000	
692.150000	22.122387	-32.008642	0.000000	
692.200000	22.164182	-32.070917	0.000000	
692.250000	22.205977	-32.133192	0.000000	
692.300000	22.247772	-32.195467	0.000000	
692.350000	22.289567	-32.257742	0.000000	
692.400000	22.331362	-32.320017	0.000000	
692.450000	22.373157	-32.382292	0.000000	
692.500000	22.414951	-32.444567	0.000000	
692.550000	22.456746	-32.506842	0.000000	
692.600000	22.498541	-32.569117	0.000000	
692.650000	22.540336	-32.631393	0.000000	
692.700000	22.582131	-32.693668	0.000000	
692.750000	22.623926	-32.755943	0.000000	
692.800000	22.665721	-32.818218	0.000000	
692.850000	22.707516	-32.880493	0.000000	
692.900000	22.749311	-32.942768	0.000000	
692.950000	22.791106	-33.005043	0.000000	
693.000000	22.832901	-33.067318	0.000000	
693.050000	22.874696	-33.129593	0.000000	
693.100000	22.916491	-33.191868	0.000000	
693.150000	22.958286	-33.254143	0.000000	
693.200000	23.000081	-33.316418	0.000000	
693.250000	23.041876	-33.378693	0.000000	
693.300000	23.083671	-33.440968	0.000000	
693.350000	23.125466	-33.503243	0.000000	
693.400000	23.167261	-33.565518	0.000000	
693.450000	23.209056	-33.627793	0.000000	
693.500000	23.250851	-33.690068	0.000000	
693.550000	23.292646	-33.752343	0.000000	
693.600000	23.334441	-33.814618	0.000000	
693.650000	23.376235	-33.876893	0.000000	
693.700000	23.418030	-33.939169	0.000000	
693.750000	23.459825	-34.001444	0.000000	
693.800000	23.501620	-34.063719	0.000000	
693.850000	23.543415	-34.125994	0.000000	
693.900000	23.585210	-34.188269	0.000000	
693.950000	23.627005	-34.250544	0.000000	
694.000000	23.668800	-34.312819	0.000000	
694.050000	23.710595	-34.375094	0.000000	
694.100000	23.752390	-34.437369	0.000000	
694.150000	23.794185	-34.499644	0.000000	
694.200000	23.835980	-34.561919	0.000000	
694.250000	23.877775	-34.624194	0.000000	
694.300000	23.919570	-34.686469	0.000000	
694.350000	23.961365	-34.748744	0.000000	
694.400000	24.003160	-34.811019	0.000000	
694.450000	24.044955	-34.873294	0.000000	
694.500000	24.086750	-34.935569	0.000000	
694.550000	24.128545	-34.997844	0.000000	
694.600000	24.170340	-35.060119	0.000000	
694.650000	24.212135	-35.122394	0.000000	
694.700000	24.253930	-35.184670	0.000000	
694.750000	24.295724	-35.246945	0.000000	
694.800000	24.337519	-35.309220	0.000000	
694.850000	24.379314	-35.371495	0.000000	
694.900000	24.421109	-35.433770	0.000000	
694.950000	24.462904	-35.496045	0.000000	
695.000000	24.504699	-35.558320	0.000000	
695.050000	24.546494	-35.620595	0.000000	
695.100000	24.588289	-35.682870	0.000000	
695.150000	24.630084	-35.745145	0.000000	
695.200000	24.671879	-35.807420	0.000000	
695.250000	24.713674	-35.869695	0.000000	
695.300000	24.755469	-35.931970	0.000000	
695.350000	24.797264	-35.994245	0.000000	
695.400000	24.839059	-36.056520	0.000000	
695.450000	24.880854	-36.118795	0.000000	
695.500000	24.922649	-36.181070	0.000000	
695.550000	24.964444	-36.243345	0.000000	
695.600000	25.006239	-36.305620	0.000000	
695.650000	25.048034	-36.367895	0.000000	
695.700000	25.089829	-36.430170	0.000000	
695.750000	25.131624	-36.492446	0.000000	
695.800000	25.173419	-36.554721	0.000000	
695.850000	25.215213	-36.616996	0.000000	
695.900000	25.257008	-36.679271	0.000000	
695.950000	25.298803	-36.741546	0.000000	
696.000000	25.340598	-36.803821	0.000000	
696.050000	25.382393	-36.866096	0.000000	
696.100000	25.424188	-36.928371	0.000000	
696.150000	25.465983	-36.990646	0.000000	
696.200000	25.507778	-37.052921	0.000000	
696.250000	25.549573	-37.115196	0.000000	
696.300000	25.591368	-37.177471	0.000000	
696.350000	25.633163	-37.239746	0.000000	
696.400000	25.674958	-37.302021	0.000000	
696.450000	25.716753	-37.364296	0.000000	
696.500000	25.758548	-37.426571	0.000000	
696.550000	25.800343	-37.488846	0.000000	
696.600000	25.842138	-37.551121	0.000000	
696.650000	25.883933	-37.613396	0.000000	
696.700000	25.925728	-37.675671	0.000000	
696.750000	25.967523	-37.737947	0.000000	
696.800000	26.009318	-37.800222	0.000000	
696.850000	26.051113	-37.862497	0.000000	
696.900000	26.092908	-37.924772	0.000000	
696.950000	26.134703	-37.987047	0.000000	
697.000000	26.176497	-38.049322	0.000000	
697.050000	26.218292	-38.111597	0.000000	
697.100000	26.260087	-38.173872	0.000000	
697.150000	26.301882	-38.236147	0.000000	
697.200000	26.343677	-38.298422	0.000000	
697.250000	26.385472	-38.360697	0.000000	
697.300000	26.427267	-38.422972	0.000000	
697.350000	26.469062	-38.485247	0.000000	
697.400000	26.510857	-38.547522	0.000000	
697.450000	26.552652	-38.609797	0.000000	
697.500000	26.594447	-38.672072	0.000000	
697.550000	26.636242	-38.734347	0.000000	
697.600000	26.678037	-38.796622	0.000000	
697.650000	26.719832	-38.858897	0.000000	
697.700000	26.761627	-38.921172	0.000000	
697.750000	26.803422	-38.983447	0.000000	
697.800000	26.845217	-39.045723	0.000000	
697.850000	26.887012	-39.107998	0.000000	
697.900000	26.928807	-39.170273	0.000000	
697.950000	26.970602	-39.232548	0.000000	
698.000000	27.012397	-39.294823	0.000000	
698.050000	27.054192	-39.357098	0.000000	
698.100000	27.095986	-39.419373	0.000000	
698.150000	27.137781	-39.481648	0.000000	
698.200000	27.179576	-39.543923	0.000000	
698.250000	27.221371	-39.606198	0.000000	
698.300000	27.263166	-39.668473	0.000000	
698.350000	27.304961	-39.730748	0.000000	
698.400000	27.346756	-39.793023	0.000000	
698.450000	27.388551	-39.855298	0.000000	
698.500000	27.430346	-39.917573	0.000000	
698.550000	27.472141	-39.979848	0.000000	
698.600000	27.513936	-40.042123	0.000000	
698.650000	27.555731	-40.104398	0.000000	
698.700000	27.597526	-40.166673	0.000000	
698.750000	27.639321	-40.228948	0.000000	
698.800000	27.681116	-40.291224	0.000000	
698.850000	27.722911	-40.353499	0.000000	
698.900000	27.764706	-40.415774	0.000000	
698.950000	27.806501	-40.478049	0.000000	
699.000000	27.848296	-40.540324	0.000000	
699.050000	27.890091	-40.602599	0.000000	
699.100000	27.931886	-40.664874	0.000000	
699.150000	27.973681	-40.727149	0.000000	
699.200000	28.015476	-40.789424	0.000000	
699.250000	28.057270	-40.851699	0.000000	
699.300000	28.099065	-40.913974	0.000000	
699.350000	28.140860	-40.976249	0.000000	
699.400000	28.182655	-41.038524	0.000000	
699.450000	28.224450	-41.100799	0.000000	
699.500000	28.266245	-41.163074	0.000000	
699.550000	28.308040	-41.225349	0.000000	
699.600000	28.349835	-41.287624	0.000000	
699.650000	28.391630	-41.349899	0.000000	
699.700000	28.433425	-41.412174	0.000000	
699.750000	28.475220	-41.474449	0.000000	
699.800000	28.517015	-41.536724	0.000000	
699.850000	28.558810	-41.599000	0.000000	
699.900000	28.600605	-41.661275	0.000000	
699.950000	28.642400	-41.723550	0.000000	
700.000000	28.684195	-41.785825	0.000000	
700.050000	28.725990	-41.848100	0.000000	
700.100000	28.767785	-41.910375	0.000000	
700.150000	28.809580	-41.972650	0.000000	
700.200000	28.851375	-42.034925	0.000000	
700.250000	28.893170	-42.097200	0.000000	
700.300000	28.934965	-42.159475	0.000000	
700.350000	28.976759	-42.221750	0.000000	
700.400000	29.018554	-42.284025	0.000000	
700.450000	29.060349	-42.346300	0.000000	
700.500000	29.102144	-42.408575	0.000000	
700.550000	29.143939	-42.470850	0.000000	
700.600000	29.185734	-42.533125	0.000000	
700.650000	29.227529	-42.595400	0.000000	
700.700000	29.269324	-42.657675	0.000000	
700.750000	29.311119	-42.719950	0.000000	
700.800000	29.352914	-42.782225	0.000000	
700.850000	29.394709	-42.844501	0.000000	
700.900000	29.436504	-42.906776	0.000000	
700.950000	29.478299	-42.969051	0.000000	
701.000000	29.520094	-43.031326	0.000000	
701.050000	29.561889	-43.093601	0.000000	
701.100000	29.603684	-43.155876	0.000000	
701.150000	29.645479	-43.218151	0.000000	
701.200000	29.687274	-43.280426	0.000000	
701.250000	29.729069	-43.342701	0.000000	
701.300000	29.770864	-43.404976	0.000000	
701.350000	29.812659	-43.467251	0.000000	
701.400000	29.854454	-43.529526	0.000000	
701.450000	29.896248	-43.591801	0.000000	
701.500000	29.938043	-43.654076	0.000000	
701.550000	29.979838	-43.716351	0.000000	
701.600000	30.002087	-43.724326	0.000000	
701.650000	29.994602	-43.649700	0.000000	
701.700000	29.987116	-43.575074	0.000000	
701.750000	29.979631	-43.500449	0.000000	
701.800000	29.972146	-43.425823	0.000000	
701.850000	29.964661	-43.351198	0.000000	
701.900000	29.957176	-43.276572	0.000000	
701.950000	29.949690	-43.201947	0.000000	
702.000000	29.942205	-43.127321	0.000000	
702.050000	29.934720	-43.052696	0.000000	
702.100000	29.927235	-42.978070	0.000000	
702.150000	29.919750	-42.903445	0.000000	
702.200000	29.912264	-42.828819	0.000000	
702.250000	29.904779	-42.754193	0.000000	
702.300000	29.897294	-42.679568	0.000000	
702.350000	29.889809	-42.604942	0.000000	
702.400000	29.882324	-42.530317	0.000000	
702.450000	29.874838	-42.455691	0.000000	
702.500000	29.867353	-42.381066	0.000000	
702.550000	29.859868	-42.306440	0.000000	
702.600000	29.852383	-42.231815	0.000000	
702.650000	29.844898	-42.157189	0.000000	
702.700000	29.837412	-42.082564	0.000000	
702.750000	29.829927	-42.007938	0.000000	
702.800000	29.822442	-41.933312	0.000000	
702.850000	29.814957	-41.858687	0.000000	
702.900000	29.807472	-41.784061	0.000000	
702.950000	29.799986	-41.709436	0.000000	
703.000000	29.792501	-41.634810	0.000000	
703.050000	29.785016	-41.560185	0.000000	
703.100000	29.777531	-41.485559	0.000000	
703.150000	29.770046	-41.410934	0.000000	
703.200000	29.762560	-41.336308	0.000000	
703.250000	29.755075	-41.261683	0.000000	
703.300000	29.747590	-41.187057	0.000000	
703.350000	29.740105	-41.112432	0.000000	
703.400000	29.732620	-41.037806	0.000000	
703.450000	29.725134	-40.963180	0.000000	
703.500000	29.717649	-40.888555	0.000000	
703.550000	29.710164	-40.813929	0.000000	
703.600000	29.702679	-40.739304	0.000000	
703.650000	29.695194	-40.664678	0.000000	
703.700000	29.687708	-40.590053	0.000000	
703.750000	29.680223	-40.515427	0.000000	
703.800000	29.672738	-40.440802	0.000000	
703.850000	29.665253	-40.366176	0.000000	
703.900000	29.657768	-40.291551	0.000000	
703.950000	29.650282	-40.216925	0.000000	
704.000000	29.642797	-40.142299	0.000000	
704.050000	29.635312	-40.067674	0.000000	
704.100000	29.627827	-39.993048	0.000000	
704.150000	29.620342	-39.918423	0.000000	
704.200000	29.612856	-39.843797	0.000000	
704.250000	29.605371	-39.769172	0.000000	
704.300000	29.597886	-39.694546	0.000000	
704.350000	29.590401	-39.619921	0.000000	
704.400000	29.582916	-39.545295	0.000000	
704.450000	29.575430	-39.470670	0.000000	
704.500000	29.567945	-39.396044	0.000000	
704.550000	29.560460	-39.321418	0.000000	
704.600000	29.552975	-39.246793	0.000000	
704.650000	29.545490	-39.172167	0.000000	
704.700000	29.538004	-39.097542	0.000000	
704.750000	29.530519	-39.022916	0.000000	
704.800000	29.523034	-38.948291	0.000000	
704.850000	29.515549	-38.873665	0.000000	
704.900000	29.508064	-38.799040	0.000000	
704.950000	29.500578	-38.724414	0.000000	
705.000000	29.493093	-38.649789	0.000000	
705.050000	29.485608	-38.575163	0.000000	
705.100000	29.478123	-38.500537	0.000000	
705.150000	29.470638	-38.425912	0.000000	
705.200000	29.463152	-38.351286	0.000000	
705.250000	29.455667	-38.276661	0.000000	
705.300000	29.448182	-38.202035	0.000000	
705.350000	29.440697	-38.127410	0.000000	
705.400000	29.433212	-38.052784	0.000000	
705.450000	29.425726	-37.978159	0.000000	
705.500000	29.418241	-37.903533	0.000000	
705.550000	29.410756	-37.828908	0.000000	
705.600000	29.403271	-37.754282	0.000000	
705.650000	29.395786	-37.679656	0.000000	
705.700000	29.388300	-37.605031	0.000000	
705.750000	29.380815	-37.530405	0.000000	
705.800000	29.373330	-37.455780	0.000000	
705.850000	29.365845	-37.381154	0.000000	
705.900000	29.358360	-37.306529	0.000000	
705.950000	29.350874	-37.231903	0.000000	
706.000000	29.343389	-37.157278	0.000000	
706.050000	29.335904	-37.082652	0.000000	
706.100000	29.328419	-37.008027	0.000000	
706.150000	29.320934	-36.933401	0.000000	
706.200000	29.313448	-36.858776	0.000000	
706.250000	29.305963	-36.784150	0.000000	
706.300000	29.298478	-36.709524	0.000000	
706.350000	29.290993	-36.634899	0.000000	
706.400000	29.283508	-36.560273	0.000000	
706.450000	29.276022	-36.485648	0.000000	
706.500000	29.268537	-36.411022	0.000000	
706.550000	29.261052	-36.336397	0.000000	
706.600000	29.253567	-36.261771	0.000000	
706.650000	29.246082	-36.187146	0.000000	
706.700000	29.238596	-36.112520	0.000000	
706.750000	29.231111	-36.037895	0.000000	
706.800000	29.223626	-35.963269	0.000000	
706.850000	29.216141	-35.888643	0.000000	
706.900000	29.208656	-35.814018	0.000000	
706.950000	29.201170	-35.739392	0.000000	
707.000000	29.193685	-35.664767	0.000000	
707.050000	29.186200	-35.590141	0.000000	
707.100000	29.178715	-35.515516	0.000000	
707.150000	29.171230	-35.440890	0.000000	
707.200000	29.163744	-35.366265	0.000000	
707.250000	29.156259	-35.291639	0.000000	
707.300000	29.148774	-35.217014	0.000000	
707.350000	29.141289	-35.142388	0.000000	
707.400000	29.133804	-35.067762	0.000000	
707.450000	29.126318	-34.993137	0.000000	
707.500000	29.118833	-34.918511	0.000000	
707.550000	29.111348	-34.843886	0.000000	
707.600000	29.103863	-34.769260	0.000000	
707.650000	29.096378	-34.694635	0.000000	
707.700000	29.088892	-34.620009	0.000000	
707.750000	29.081407	-34.545384	0.000000	
707.800000	29.073922	-34.470758	0.000000	
707.850000	29.066437	-34.396133	0.000000	
707.900000	29.058952	-34.321507	0.000000	
707.950000	29.051466	-34.246881	0.000000	
708.000000	29.043981	-34.172256	0.000000	
708.050000	29.036496	-34.097630	0.000000	
708.100000	29.029011	-34.023005	0.000000	
708.150000	29.021526	-33.948379	0.000000	
708.200000	29.014040	-33.873754	0.000000	
708.250000	29.006555	-33.799128	0.000000	
708.300000	28.999070	-33.724503	0.000000	
708.350000	28.991585	-33.649877	0.000000	
708.400000	28.984100	-33.575252	0.000000	
708.450000	28.976614	-33.500626	0.000000	
708.500000	28.969129	-33.426000	0.000000	
708.550000	28.961644	-33.351375	0.000000	
708.600000	28.954159	-33.276749	0.000000	
708.650000	28.946674	-33.202124	0.000000	
708.700000	28.939188	-33.127498	0.000000	
708.750000	28.931703	-33.052873	0.000000	
708.800000	28.924218	-32.978247	0.000000	
708.850000	28.916733	-32.903622	0.000000	
708.900000	28.909248	-32.828996	0.000000	
708.950000	28.901762	-32.754371	0.000000	
709.000000	28.894277	-32.679745	0.000000	
709.050000	28.886792	-32.605120	0.000000	
709.100000	28.879307	-32.530494	0.000000	
709.150000	28.871822	-32.455868	0.000000	
709.200000	28.864336	-32.381243	0.000000	
709.250000	28.856851	-32.306617	0.000000	
709.300000	28.849366	-32.231992	0.000000	
709.350000	28.841881	-32.157366	0.000000	
709.400000	28.834396	-32.082741	0.000000	
709.450000	28.826910	-32.008115	0.000000	
709.500000	28.819425	-31.933490	0.000000	
709.550000	28.811940	-31.858864	0.000000	
709.600000	28.804455	-31.784239	0.000000	
709.650000	28.796970	-31.709613	0.000000	
709.700000	28.789484	-31.634987	0.000000	
709.750000	28.781999	-31.560362	0.000000	
709.800000	28.774514	-31.485736	0.000000	
709.850000	28.767029	-31.411111	0.000000	
709.900000	28.759544	-31.336485	0.000000	
709.950000	28.752058	-31.261860	0.000000	
710.000000	28.744573	-31.187234	0.000000	
710.050000	28.737088	-31.112609	0.000000	
710.100000	28.729603	-31.037983	0.000000	
710.150000	28.722118	-30.963358	0.000000	
710.200000	28.714632	-30.888732	0.000000	
710.250000	28.707147	-30.814106	0.000000	
710.300000	28.699662	-30.739481	0.000000	
710.350000	28.690506	-30.668981	0.000000	
710.400000	28.633200	-30.717366	0.000000	
710.450000	28.575894	-30.765750	0.000000	
710.500000	28.518589	-30.814135	0.000000	
710.550000	28.461283	-30.862519	0.000000	
710.600000	28.403978	-30.910904	0.000000	
710.650000	28.346672	-30.959289	0.000000	
710.700000	28.289366	-31.007673	0.000000	
710.750000	28.232061	-31.056058	0.000000	
710.800000	28.174755	-31.104442	0.000000	
710.850000	28.117449	-31.152827	0.000000	
710.900000	28.060144	-31.201211	0.000000	
710.950000	28.002838	-31.249596	0.000000	
711.000000	27.945532	-31.297980	0.000000	
711.050000	27.888227	-31.346365	0.000000	
711.100000	27.830921	-31.394749	0.000000	
711.150000	27.773616	-31.443134	0.000000	
711.200000	27.716310	-31.491518	0.000000	
711.250000	27.659004	-31.539903	0.000000	
711.300000	27.601699	-31.588288	0.000000	
711.350000	27.544393	-31.636672	0.000000	
711.400000	27.487087	-31.685057	0.000000	
711.450000	27.429782	-31.733441	0.000000	
711.500000	27.372476	-31.781826	0.000000	
711.550000	27.315170	-31.830210	0.000000	
711.600000	27.257865	-31.878595	0.000000	
711.650000	27.200559	-31.926979	0.000000	
711.700000	27.143253	-31.975364	0.000000	
711.750000	27.085948	-32.023748	0.000000	
711.800000	27.028642	-32.072133	0.000000	
711.850000	26.971337	-32.120517	0.000000	
711.900000	26.914031	-32.168902	0.000000	
711.950000	26.856725	-32.217287	0.000000	
712.000000	26.799420	-32.265671	0.000000	
712.050000	26.742114	-32.314056	0.000000	
712.100000	26.684808	-32.362440	0.000000	
712.150000	26.627503	-32.410825	0.000000	
712.200000	26.570197	-32.459209	0.000000	
712.250000	26.512891	-32.507594	0.000000	
712.300000	26.455586	-32.555978	0.000000	
712.350000	26.398280	-32.604363	0.000000	
712.400000	26.340974	-32.652747	0.000000	
712.450000	26.283669	-32.701132	0.000000	
712.500000	26.226363	-32.749516	0.000000	
712.550000	26.169058	-32.797901	0.000000	
712.600000	26.111752	-32.846286	0.000000	
712.650000	26.054446	-32.894670	0.000000	
712.700000	25.997141	-32.943055	0.000000	
712.750000	25.939835	-32.991439	0.000000	
712.800000	25.882529	-33.039824	0.000000	
712.850000	25.825224	-33.088208	0.000000	
712.900000	25.767918	-33.136593	0.000000	
712.950000	25.710612	-33.184977	0.000000	
713.000000	25.653307	-33.233362	0.000000	
713.050000	25.596001	-33.281746	0.000000	
713.100000	25.538696	-33.330131	0.000000	
713.150000	25.481390	-33.378515	0.000000	
713.200000	25.424084	-33.426900	0.000000	
713.250000	25.366779	-33.475285	0.000000	
713.300000	25.309473	-33.523669	0.000000	
713.350000	25.252167	-33.572054	0.000000	
713.400000	25.194862	-33.620438	0.000000	
713.450000	25.137556	-33.668823	0.000000	
713.500000	25.080250	-33.717207	0.000000	
713.550000	25.022945	-33.765592	0.000000	
713.600000	24.965639	-33.813976	0.000000	
713.650000	24.908333	-33.862361	0.000000	
713.700000	24.851028	-33.910745	0.000000	
713.750000	24.793722	-33.959130	0.000000	
713.800000	24.736417	-34.007514	0.000000	
713.850000	24.679111	-34.055899	0.000000	
713.900000	24.621805	-34.104284	0.000000	
713.950000	24.564500	-34.152668	0.000000	
714.000000	24.507194	-34.201053	0.000000	
714.050000	24.449888	-34.249437	0.000000	
714.100000	24.392583	-34.297822	0.000000	
714.150000	24.335277	-34.346206	0.000000	
714.200000	24.277971	-34.394591	0.000000	
714.250000	24.220666	-34.442975	0.000000	
714.300000	24.163360	-34.491360	0.000000	
714.350000	24.106054	-34.539744	0.000000	
714.400000	24.048749	-34.588129	0.000000	
714.450000	23.991443	-34.636513	0.000000	
714.500000	23.934138	-34.684898	0.000000	
714.550000	23.876832	-34.733283	0.000000	
714.600000	23.819526	-34.781667	0.000000	
714.650000	23.762221	-34.830052	0.000000	
714.700000	23.704915	-34.878436	0.000000	
714.750000	23.647609	-34.926821	0.000000	
714.800000	23.590304	-34.975205	0.000000	
714.850000	23.532998	-35.023590	0.000000	
714.900000	23.475692	-35.071974	0.000000	
714.950000	23.418387	-35.120359	0.000000	
715.000000	23.361081	-35.168743	0.000000	
715.050000	23.303776	-35.217128	0.000000	
715.100000	23.246470	-35.265512	0.000000	
715.150000	23.189164	-35.313897	0.000000	
715.200000	23.131859	-35.362282	0.000000	
715.250000	23.074553	-35.410666	0.000000	
715.300000	23.017247	-35.459051	0.000000	
715.350000	22.959942	-35.507435	0.000000	
715.400000	22.902636	-35.555820	0.000000	
715.450000	22.845330	-35.604204	0.000000	
715.500000	22.788025	-35.652589	0.000000	
715.550000	22.730719	-35.700973	0.000000	
715.600000	22.673413	-35.749358	0.000000	
715.650000	22.616108	-35.797742	0.000000	
715.700000	22.558802	-35.846127	0.000000	
715.750000	22.501497	-35.894511	0.000000	
715.800000	22.444191	-35.942896	0.000000	
715.850000	22.386885	-35.991281	0.000000	
715.900000	22.329580	-36.039665	0.000000	
715.950000	22.272274	-36.088050	0.000000	
716.000000	22.214968	-36.136434	0.000000	
716.050000	22.157663	-36.184819	0.000000	
716.100000	22.100357	-36.233203	0.000000	
716.150000	22.043051	-36.281588	0.000000	
716.200000	21.985746	-36.329972	0.000000	
716.250000	21.928440	-36.378357	0.000000	
716.300000	21.871135	-36.426741	0.000000	
716.350000	21.813829	-36.475126	0.000000	
716.400000	21.756523	-36.523510	0.000000	
716.450000	21.699218	-36.571895	0.000000	
716.500000	21.641912	-36.620280	0.000000	
716.550000	21.584606	-36.668664	0.000000	
716.600000	21.527301	-36.717049	0.000000	
716.650000	21.469995	-36.765433	0.000000	
716.700000	21.412689	-36.813818	0.000000	
716.750000	21.355384	-36.862202	0.000000	
716.800000	21.298078	-36.910587	0.000000	
716.850000	21.240772	-36.958971	0.000000	
716.900000	21.183467	-37.007356	0.000000	
716.950000	21.126161	-37.055740	0.000000	
717.000000	21.068856	-37.104125	0.000000	
717.050000	21.011550	-37.152509	0.000000	
717.100000	20.954244	-37.200894	0.000000	
717.150000	20.896939	-37.249279	0.000000	
717.200000	20.839633	-37.297663	0.000000	
717.250000	20.782327	-37.346048	0.000000	
717.300000	20.725022	-37.394432	0.000000	
717.350000	20.667716	-37.442817	0.000000	
717.400000	20.610410	-37.491201	0.000000	
717.450000	20.553105	-37.539586	0.000000	
717.500000	20.495799	-37.587970	0.000000	
717.550000	20.438493	-37.636355	0.000000	
717.600000	20.381188	-37.684739	0.000000	
717.650000	20.323882	-37.733124	0.000000	
717.700000	20.266577	-37.781508	0.000000	
717.750000	20.209271	-37.829893	0.000000	
717.800000	20.151965	-37.878278	0.000000	
717.850000	20.094660	-37.926662	0.000000	
717.900000	20.037354	-37.975047	0.000000	
717.950000	19.980048	-38.023431	0.000000	
718.000000	20.019871	-38.050038	0.000000	
718.050000	20.092349	-38.069323	0.000000	
718.100000	20.164827	-38.088608	0.000000	
718.150000	20.237305	-38.107893	0.000000	
718.200000	20.309784	-38.127177	0.000000	
718.250000	20.382262	-38.146462	0.000000	
718.300000	20.454740	-38.165747	0.000000	
718.350000	20.527218	-38.185032	0.000000	
718.400000	20.599697	-38.204317	0.000000	
718.450000	20.672175	-38.223602	0.000000	
718.500000	20.744653	-38.242887	0.000000	
718.550000	20.817131	-38.262171	0.000000	
718.600000	20.889609	-38.281456	0.000000	
718.650000	20.962088	-38.300741	0.000000	
718.700000	21.034566	-38.320026	0.000000	
718.750000	21.107044	-38.339311	0.000000	
718.800000	21.179522	-38.358596	0.000000	
718.850000	21.252001	-38.377881	0.000000	
718.900000	21.324479	-38.397166	0.000000	
718.950000	21.396957	-38.416450	0.000000	
719.000000	21.469435	-38.435735	0.000000	
719.050000	21.541914	-38.455020	0.000000	
719.100000	21.614392	-38.474305	0.000000	
719.150000	21.686870	-38.493590	0.000000	
719.200000	21.759348	-38.512875	0.000000	
719.250000	21.831826	-38.532160	0.000000	
719.300000	21.904305	-38.551444	0.000000	
719.350000	21.976783	-38.570729	0.000000	
719.400000	22.049261	-38.590014	0.000000	
719.450000	22.121739	-38.609299	0.000000	
719.500000	22.194218	-38.628584	0.000000	
719.550000	22.266696	-38.647869	0.000000	
719.600000	22.339174	-38.667154	0.000000	
719.650000	22.411652	-38.686438	0.000000	
719.700000	22.484131	-38.705723	0.000000	
719.750000	22.556609	-38.725008	0.000000	
719.800000	22.629087	-38.744293	0.000000	
719.850000	22.701565	-38.763578	0.000000	
719.900000	22.774043	-38.782863	0.000000	
719.950000	22.846522	-38.802148	0.000000	
720.000000	22.919000	-38.821432	0.000000	
720.050000	22.991478	-38.840717	0.000000	
720.100000	23.063956	-38.860002	0.000000	
720.150000	23.136435	-38.879287	0.000000	
720.200000	23.208913	-38.898572	0.000000	
720.250000	23.281391	-38.917857	0.000000	
720.300000	23.353869	-38.937142	0.000000	
720.350000	23.426348	-38.956427	0.000000	
720.400000	23.498826	-38.975711	0.000000	
720.450000	23.571304	-38.994996	0.000000	
720.500000	23.643782	-39.014281	0.000000	
720.550000	23.716260	-39.033566	0.000000	
720.600000	23.788739	-39.052851	0.000000	
720.650000	23.861217	-39.072136	0.000000	
720.700000	23.933695	-39.091421	0.000000	
720.750000	24.006173	-39.110705	0.000000	
720.800000	24.078652	-39.129990	0.000000	
720.850000	24.151130	-39.149275	0.000000	
720.900000	24.223608	-39.168560	0.000000	
720.950000	24.296086	-39.187845	0.000000	
721.000000	24.368565	-39.207130	0.000000	
721.050000	24.441043	-39.226415	0.000000	
721.100000	24.513521	-39.245699	0.000000	
721.150000	24.585999	-39.264984	0.000000	
721.200000	24.658478	-39.284269	0.000000	
721.250000	24.730956	-39.303554	0.000000	
721.300000	24.803434	-39.322839	0.000000	
721.350000	24.875912	-39.342124	0.000000	
721.400000	24.948390	-39.361409	0.000000	
721.450000	25.020869	-39.380693	0.000000	
721.500000	25.093347	-39.399978	0.000000	
721.550000	25.165825	-39.419263	0.000000	
721.600000	25.238303	-39.438548	0.000000	
721.650000	25.310782	-39.457833	0.000000	
721.700000	25.383260	-39.477118	0.000000	
721.750000	25.455738	-39.496403	0.000000	
721.800000	25.528216	-39.515688	0.000000	
721.850000	25.600695	-39.534972	0.000000	
721.900000	25.673173	-39.554257	0.000000	
721.950000	25.745651	-39.573542	0.000000	
722.000000	25.818129	-39.592827	0.000000	
722.050000	25.890607	-39.612112	0.000000	
722.100000	25.963086	-39.631397	0.000000	
722.150000	26.035564	-39.650682	0.000000	
722.200000	26.108042	-39.669966	0.000000	
722.250000	26.180520	-39.689251	0.000000	
722.300000	26.252999	-39.708536	0.000000	
722.350000	26.325477	-39.727821	0.000000	
722.400000	26.397955	-39.747106	0.000000	
722.450000	26.470433	-39.766391	0.000000	
722.500000	26.542912	-39.785676	0.000000	
722.550000	26.615390	-39.804960	0.000000	
722.600000	26.687868	-39.824245	0.000000	
722.650000	26.760346	-39.843530	0.000000	
722.700000	26.832824	-39.862815	0.000000	
722.750000	26.905303	-39.882100	0.000000	
722.800000	26.977781	-39.901385	0.000000	
722.850000	27.050259	-39.920670	0.000000	
722.900000	27.122737	-39.939954	0.000000	
722.950000	27.195216	-39.959239	0.000000	
723.000000	27.267694	-39.978524	0.000000	
723.050000	27.340172	-39.997809	0.000000	
723.100000	27.412650	-40.017094	0.000000	
723.150000	27.485129	-40.036379	0.000000	
723.200000	27.557607	-40.055664	0.000000	
723.250000	27.630085	-40.074949	0.000000	
723.300000	27.702563	-40.094233	0.000000	
723.350000	27.775041	-40.113518	0.000000	
723.400000	27.847520	-40.132803	0.000000	
723.450000	27.919998	-40.152088	0.000000	
723.500000	27.992476	-40.171373	0.000000	
723.550000	28.064954	-40.190658	0.000000	
723.600000	28.137433	-40.209943	0.000000	
723.650000	28.209911	-40.229227	0.000000	
723.700000	28.282389	-40.248512	0.000000	
723.750000	28.354867	-40.267797	0.000000	
723.800000	28.427346	-40.287082	0.000000	
723.850000	28.499824	-40.306367	0.000000	
723.900000	28.572609	-40.323961	0.000000	
723.950000	28.647240	-40.331398	0.000000	
724.000000	28.721870	-40.338835	0.000000	
724.050000	28.796500	-40.346272	0.000000	
724.100000	28.871131	-40.353709	0.000000	
724.150000	28.945761	-40.361147	0.000000	
724.200000	29.020391	-40.368584	0.000000	
724.250000	29.095022	-40.376021	0.000000	
724.300000	29.169652	-40.383458	0.000000	
724.350000	29.244282	-40.390895	0.000000	
724.400000	29.318913	-40.398332	0.000000	
724.450000	29.393543	-40.405770	0.000000	
724.500000	29.468173	-40.413207	0.000000	
724.550000	29.542804	-40.420644	0.000000	
724.600000	29.617434	-40.428081	0.000000	
724.650000	29.692064	-40.435518	0.000000	
724.700000	29.766695	-40.442956	0.000000	
724.750000	29.841325	-40.450393	0.000000	
724.800000	29.915955	-40.457830	0.000000	
724.850000	29.990586	-40.465267	0.000000	
724.900000	30.065216	-40.472704	0.000000	
724.950000	30.139846	-40.480141	0.000000	
725.000000	30.214477	-40.487579	0.000000	
725.050000	30.289107	-40.495016	0.000000	
725.100000	30.363737	-40.502453	0.000000	
725.150000	30.438368	-40.509890	0.000000	
725.200000	30.512998	-40.517327	0.000000	
725.250000	30.587629	-40.524764	0.000000	
725.300000	30.662259	-40.532202	0.000000	
725.350000	30.736889	-40.539639	0.000000	
725.400000	30.811520	-40.547076	0.000000	
725.450000	30.886150	-40.554513	0.000000	
725.500000	30.960780	-40.561950	0.000000	
725.550000	31.035411	-40.569387	0.000000	
725.600000	31.110041	-40.576825	0.000000	
725.650000	31.184671	-40.584262	0.000000	
725.700000	31.259302	-40.591699	0.000000	
725.750000	31.333932	-40.599136	0.000000	
725.800000	31.408562	-40.606573	0.000000	
725.850000	31.483193	-40.614010	0.000000	
725.900000	31.557823	-40.621448	0.000000	
725.950000	31.632453	-40.628885	0.000000	
726.000000	31.707084	-40.636322	0.000000	
726.050000	31.781714	-40.643759	0.000000	
726.100000	31.856344	-40.651196	0.000000	
726.150000	31.930975	-40.658634	0.000000	
726.200000	32.005605	-40.666071	0.000000	
726.250000	32.080235	-40.673508	0.000000	
726.300000	32.154866	-40.680945	0.000000	
726.350000	32.229496	-40.688382	0.000000	
726.400000	32.304126	-40.695819	0.000000	
726.450000	32.378757	-40.703257	0.000000	
726.500000	32.453387	-40.710694	0.000000	
726.550000	32.528017	-40.718131	0.000000	
726.600000	32.602648	-40.725568	0.000000	
726.650000	32.677278	-40.733005	0.000000	
726.700000	32.751909	-40.740442	0.000000	
726.750000	32.826539	-40.747880	0.000000	
726.800000	32.901169	-40.755317	0.000000	
726.850000	32.975800	-40.762754	0.000000	
726.900000	33.050430	-40.770191	0.000000	
726.950000	33.125060	-40.777628	0.000000	
727.000000	33.199691	-40.785065	0.000000	
727.050000	33.274321	-40.792503	0.000000	
727.100000	33.348951	-40.799940	0.000000	
727.150000	33.423582	-40.807377	0.000000	
727.200000	33.498212	-40.814814	0.000000	
727.250000	33.572842	-40.822251	0.000000	
727.300000	33.647473	-40.829688	0.000000	
727.350000	33.722103	-40.837126	0.000000	
727.400000	33.796733	-40.844563	0.000000	
727.450000	33.871364	-40.852000	0.000000	
727.500000	33.945994	-40.859437	0.000000	
727.550000	34.020624	-40.866874	0.000000	
727.600000	34.095255	-40.874312	0.000000	
727.650000	34.169885	-40.881749	0.000000	
727.700000	34.244515	-40.889186	0.000000	
727.750000	34.319146	-40.896623	0.000000	
727.800000	34.393776	-40.904060	0.000000	
727.850000	34.468406	-40.911497	0.000000	
727.900000	34.543037	-40.918935	0.000000	
727.950000	34.617667	-40.926372	0.000000	
728.000000	34.692298	-40.933809	0.000000	
728.050000	34.766928	-40.941246	0.000000	
728.100000	34.841558	-40.948683	0.000000	
728.150000	34.916189	-40.956120	0.000000	
728.200000	34.990819	-40.963558	0.000000	
728.250000	35.065449	-40.970995	0.000000	
728.300000	35.140080	-40.978432	0.000000	
728.350000	35.214710	-40.985869	0.000000	
728.400000	35.289340	-40.993306	0.000000	
728.450000	35.363971	-41.000743	0.000000	
728.500000	35.438601	-41.008181	0.000000	
728.550000	35.513231	-41.015618	0.000000	
728.600000	35.587862	-41.023055	0.000000	
728.650000	35.662492	-41.030492	0.000000	
728.700000	35.737122	-41.037929	0.000000	
728.750000	35.811753	-41.045366	0.000000	
728.800000	35.886383	-41.052804	0.000000	
728.850000	35.961013	-41.060241	0.000000	
728.900000	36.035644	-41.067678	0.000000	
728.950000	36.110274	-41.075115	0.000000	
729.000000	36.184904	-41.082552	0.000000	
729.050000	36.259535	-41.089990	0.000000	
729.100000	36.334165	-41.097427	0.000000	
729.150000	36.408795	-41.104864	0.000000	
729.200000	36.483426	-41.112301	0.000000	
729.250000	36.558056	-41.119738	0.000000	
729.300000	36.632686	-41.127175	0.000000	
729.350000	36.707317	-41.134613	0.000000	
729.400000	36.781947	-41.142050	0.000000	
729.450000	36.856578	-41.149487	0.000000	
729.500000	36.931208	-41.156924	0.000000	
729.550000	37.005838	-41.164361	0.000000	
729.600000	37.080469	-41.171798	0.000000	
729.650000	37.155099	-41.179236	0.000000	
729.700000	37.229729	-41.186673	0.000000	
729.750000	37.304360	-41.194110	0.000000	
729.800000	37.378990	-41.201547	0.000000	
729.850000	37.453620	-41.208984	0.000000	
729.900000	37.528251	-41.216421	0.000000	
729.950000	37.602881	-41.223859	0.000000	
730.000000	37.677511	-41.231296	0.000000	
730.050000	37.752142	-41.238733	0.000000	
730.100000	37.826772	-41.246170	0.000000	
730.150000	37.901402	-41.253607	0.000000	
730.200000	37.976033	-41.261044	0.000000	
730.250000	38.050663	-41.268482	0.000000	
730.300000	38.125293	-41.275919	0.000000	
730.350000	38.199924	-41.283356	0.000000	
730.400000	38.274554	-41.290793	0.000000	
730.450000	38.349184	-41.298230	0.000000	
730.500000	38.423815	-41.305667	0.000000	
730.550000	38.498445	-41.313105	0.000000	
730.600000	38.573075	-41.320542	0.000000	
730.650000	38.647706	-41.327979	0.000000	
730.700000	38.722336	-41.335416	0.000000	
730.750000	38.796967	-41.342853	0.000000	
730.800000	38.871597	-41.350291	0.000000	
730.850000	38.946227	-41.357728	0.000000	
730.900000	39.020858	-41.365165	0.000000	
730.950000	39.095488	-41.372602	0.000000	
731.000000	39.170118	-41.380039	0.000000	
731.050000	39.244749	-41.387476	0.000000	
731.100000	39.319379	-41.394914	0.000000	
731.150000	39.394009	-41.402351	0.000000	
731.200000	39.468640	-41.409788	0.000000	
731.250000	39.543270	-41.417225	0.000000	
731.300000	39.617900	-41.424662	0.000000	
731.350000	39.692531	-41.432099	0.000000	
731.400000	39.727593	-41.427929	0.000000	
731.450000	39.660772	-41.393869	0.000000	
731.500000	39.593952	-41.359810	0.000000	
731.550000	39.527132	-41.325750	0.000000	
731.600000	39.460312	-41.291691	0.000000	
731.650000	39.393491	-41.257631	0.000000	
731.700000	39.326671	-41.223572	0.000000	
731.750000	39.259851	-41.189512	0.000000	
731.800000	39.193031	-41.155452	0.000000	
731.850000	39.126210	-41.121393	0.000000	
731.900000	39.059390	-41.087333	0.000000	
731.950000	38.992570	-41.053274	0.000000	
732.000000	38.925749	-41.019214	0.000000	
732.050000	38.858929	-40.985155	0.000000	
732.100000	38.792109	-40.951095	0.000000	
732.150000	38.725289	-40.917036	0.000000	
732.200000	38.658468	-40.882976	0.000000	
732.250000	38.591648	-40.848917	0.000000	
732.300000	38.524828	-40.814857	0.000000	
732.350000	38.458007	-40.780798	0.000000	
732.400000	38.391187	-40.746738	0.000000	
732.450000	38.324367	-40.712679	0.000000	
732.500000	38.257547	-40.678619	0.000000	
732.550000	38.190726	-40.644560	0.000000	
732.600000	38.123906	-40.610500	0.000000	
732.650000	38.057086	-40.576441	0.000000	
732.700000	37.990266	-40.542381	0.000000	
732.750000	37.923445	-40.508322	0.000000	
732.800000	37.856625	-40.474262	0.000000	
732.850000	37.789805	-40.440203	0.000000	
732.900000	37.722984	-40.406143	0.000000	
732.950000	37.656164	-40.372084	0.000000	
733.000000	37.589344	-40.338024	0.000000	
733.050000	37.522524	-40.303965	0.000000	
733.100000	37.455703	-40.269905	0.000000	
733.150000	37.388883	-40.235845	0.000000	
733.200000	37.322063	-40.201786	0.000000	
733.250000	37.255243	-40.167726	0.000000	
733.300000	37.188422	-40.133667	0.000000	
733.350000	37.121602	-40.099607	0.000000	
733.400000	37.054782	-40.065548	0.000000	
733.450000	36.987961	-40.031488	0.000000	
733.500000	36.921141	-39.997429	0.000000	
733.550000	36.854321	-39.963369	0.000000	
733.600000	36.787501	-39.929310	0.000000	
733.650000	36.720680	-39.895250	0.000000	
733.700000	36.653860	-39.861191	0.000000	
733.750000	36.587040	-39.827131	0.000000	
733.800000	36.520219	-39.793072	0.000000	
733.850000	36.453399	-39.759012	0.000000	
733.900000	36.386579	-39.724953	0.000000	
733.950000	36.319759	-39.690893	0.000000	
734.000000	36.252938	-39.656834	0.000000	
734.050000	36.186118	-39.622774	0.000000	
734.100000	36.119298	-39.588715	0.000000	
734.150000	36.052478	-39.554655	0.000000	
734.200000	35.985657	-39.520596	0.000000	
734.250000	35.918837	-39.486536	0.000000	
734.300000	35.852017	-39.452477	0.000000	
734.350000	35.785196	-39.418417	0.000000	
734.400000	35.718376	-39.384358	0.000000	
734.450000	35.651556	-39.350298	0.000000	
734.500000	35.584736	-39.316238	0.000000	
734.550000	35.517915	-39.282179	0.000000	
734.600000	35.451095	-39.248119	0.000000	
734.650000	35.384275	-39.214060	0.000000	
734.700000	35.317455	-39.180000	0.000000	
734.750000	35.250634	-39.145941	0.000000	
734.800000	35.183814	-39.111881	0.000000	
734.850000	35.116994	-39.077822	0.000000	
734.900000	35.050173	-39.043762	0.000000	
734.950000	34.983353	-39.009703	0.000000	
735.000000	34.916533	-38.975643	0.000000	
735.050000	34.849713	-38.941584	0.000000	
735.100000	34.782892	-38.907524	0.000000	
735.150000	34.716072	-38.873465	0.000000	
735.200000	34.649252	-38.839405	0.000000	
735.250000	34.582432	-38.805346	0.000000	
735.300000	34.515611	-38.771286	0.000000	
735.350000	34.448791	-38.737227	0.000000	
735.400000	34.381971	-38.703167	0.000000	
735.450000	34.315150	-38.669108	0.000000	
735.500000	34.248330	-38.635048	0.000000	
735.550000	34.181510	-38.600989	0.000000	
735.600000	34.114690	-38.566929	0.000000	
735.650000	34.047869	-38.532870	0.000000	
735.700000	33.981049	-38.498810	0.000000	
735.750000	33.914229	-38.464751	0.000000	
735.800000	33.847408	-38.430691	0.000000	
735.850000	33.780588	-38.396631	0.000000	
735.900000	33.713768	-38.362572	0.000000	
735.950000	33.646948	-38.328512	0.000000	
736.000000	33.580127	-38.294453	0.000000	
736.050000	33.513307	-38.260393	0.000000	
736.100000	33.446487	-38.226334	0.000000	
736.150000	33.379667	-38.192274	0.000000	
736.200000	33.312846	-38.158215	0.000000	
736.250000	33.246026	-38.124155	0.000000	
736.300000	33.179206	-38.090096	0.000000	
736.350000	33.112385	-38.056036	0.000000	
736.400000	33.045565	-38.021977	0.000000	
736.450000	32.978745	-37.987917	0.000000	
736.500000	32.911925	-37.953858	0.000000	
736.550000	32.845104	-37.919798	0.000000	
736.600000	32.778284	-37.885739	0.000000	
736.650000	32.711464	-37.851679	0.000000	
736.700000	32.644644	-37.817620	0.000000	
736.750000	32.577823	-37.783560	0.000000	
736.800000	32.511003	-37.749501	0.000000	
736.850000	32.444183	-37.715441	0.000000	
736.900000	32.377362	-37.681382	0.000000	
736.950000	32.310542	-37.647322	0.000000	
737.000000	32.243722	-37.613263	0.000000	
737.050000	32.176902	-37.579203	0.000000	
737.100000	32.110081	-37.545144	0.000000	
737.150000	32.043261	-37.511084	0.000000	
737.200000	31.976441	-37.477025	0.000000	
737.250000	31.909620	-37.442965	0.000000	
737.300000	31.842800	-37.408905	0.000000	
737.350000	31.775980	-37.374846	0.000000	
737.400000	31.709160	-37.340786	0.000000	
737.450000	31.642339	-37.306727	0.000000	
737.500000	31.575519	-37.272667	0.000000	
737.550000	31.508699	-37.238608	0.000000	
737.600000	31.441879	-37.204548	0.000000	
737.650000	31.375058	-37.170489	0.000000	
737.700000	31.308238	-37.136429	0.000000	
737.750000	31.241418	-37.102370	0.000000	
737.800000	31.174597	-37.068310	0.000000	
737.850000	31.107777	-37.034251	0.000000	
737.900000	31.040957	-37.000191	0.000000	
737.950000	30.974137	-36.966132	0.000000	
738.000000	30.907316	-36.932072	0.000000	
738.050000	30.840496	-36.898013	0.000000	
738.100000	30.773676	-36.863953	0.000000	
738.150000	30.706856	-36.829894	0.000000	
738.200000	30.640035	-36.795834	0.000000	
738.250000	30.573215	-36.761775	0.000000	
738.300000	30.506395	-36.727715	0.000000	
738.350000	30.439574	-36.693656	0.000000	
738.400000	30.372754	-36.659596	0.000000	
738.450000	30.305934	-36.625537	0.000000	
738.500000	30.239114	-36.591477	0.000000	
738.550000	30.172293	-36.557418	0.000000	
738.600000	30.105473	-36.523358	0.000000	
738.650000	30.038653	-36.489298	0.000000	
738.700000	29.971832	-36.455239	0.000000	
738.750000	29.905012	-36.421179	0.000000	
738.800000	29.838192	-36.387120	0.000000	
738.850000	29.771372	-36.353060	0.000000	
738.900000	29.704551	-36.319001	0.000000	
738.950000	29.637731	-36.284941	0.000000	
739.000000	29.570911	-36.250882	0.000000	
739.050000	29.504091	-36.216822	0.000000	
739.100000	29.437270	-36.182763	0.000000	
739.150000	29.370450	-36.148703	0.000000	
739.200000	29.303630	-36.114644	0.000000	
739.250000	29.236809	-36.080584	0.000000	
739.300000	29.169989	-36.046525	0.000000	
739.350000	29.103169	-36.012465	0.000000	
739.400000	29.036349	-35.978406	0.000000	
739.450000	28.969528	-35.944346	0.000000	
739.500000	28.902708	-35.910287	0.000000	
739.550000	28.835888	-35.876227	0.000000	
739.600000	28.769068	-35.842168	0.000000	
739.650000	28.702247	-35.808108	0.000000	
739.700000	28.635427	-35.774049	0.000000	
739.750000	28.568607	-35.739989	0.000000	
739.800000	28.501786	-35.705930	0.000000	
739.850000	28.434966	-35.671870	0.000000	
739.900000	28.368146	-35.637811	0.000000	
739.950000	28.301326	-35.603751	0.000000	
740.000000	28.234505	-35.569691	0.000000	
740.050000	28.167685	-35.535632	0.000000	
740.100000	28.100865	-35.501572	0.000000	
740.150000	28.034045	-35.467513	0.000000	
740.200000	27.967224	-35.433453	0.000000	
740.250000	27.900404	-35.399394	0.000000	
740.300000	27.833584	-35.365334	0.000000	
740.350000	27.766763	-35.331275	0.000000	
740.400000	27.699943	-35.297215	0.000000	
740.450000	27.633123	-35.263156	0.000000	
740.500000	27.566303	-35.229096	0.000000	
740.550000	27.499482	-35.195037	0.000000	
740.600000	27.432662	-35.160977	0.000000	
740.650000	27.365842	-35.126918	0.000000	
740.700000	27.299021	-35.092858	0.000000	
740.750000	27.232201	-35.058799	0.000000	
740.800000	27.165381	-35.024739	0.000000	
740.850000	27.098561	-34.990680	0.000000	
740.900000	27.031740	-34.956620	0.000000	
740.950000	26.964920	-34.922561	0.000000	
741.000000	26.898100	-34.888501	0.000000	
741.050000	26.831280	-34.854442	0.000000	
741.100000	26.764459	-34.820382	0.000000	
741.150000	26.697639	-34.786323	0.000000	
741.200000	26.630819	-34.752263	0.000000	
741.250000	26.563998	-34.718204	0.000000	
741.300000	26.497178	-34.684144	0.000000	
741.350000	26.430358	-34.650084	0.000000	
741.400000	26.363538	-34.616025	0.000000	
741.450000	26.296717	-34.581965	0.000000	
741.500000	26.229897	-34.547906	0.000000	
741.550000	26.163077	-34.513846	0.000000	
741.600000	26.096257	-34.479787	0.000000	
741.650000	26.029436	-34.445727	0.000000	
741.700000	25.962616	-34.411668	0.000000	
741.750000	25.895796	-34.377608	0.000000	
741.800000	25.828975	-34.343549	0.000000	
741.850000	25.762155	-34.309489	0.000000	
741.900000	25.695335	-34.275430	0.000000	
741.950000	25.628515	-34.241370	0.000000	
742.000000	25.561694	-34.207311	0.000000	
742.050000	25.494874	-34.173251	0.000000	
742.100000	25.428054	-34.139192	0.000000	
742.150000	25.361233	-34.105132	0.000000	
742.200000	25.294413	-34.071073	0.000000	
742.250000	25.227593	-34.037013	0.000000	
742.300000	25.160773	-34.002954	0.000000	
742.350000	25.093952	-33.968894	0.000000	
742.400000	25.027132	-33.934835	0.000000	
742.450000	24.960312	-33.900775	0.000000	
742.500000	24.893492	-33.866716	0.000000	
742.550000	24.826671	-33.832656	0.000000	
742.600000	24.806113	-33.870231	0.000000	
742.650000	24.809669	-33.945147	0.000000	
742.700000	24.813225	-34.020062	0.000000	
742.750000	24.816782	-34.094978	0.000000	
742.800000	24.820338	-34.169894	0.000000	
742.850000	24.823894	-34.244809	0.000000	
742.900000	24.827451	-34.319725	0.000000	
742.950000	24.831007	-34.394641	0.000000	
743.000000	24.834563	-34.469556	0.000000	
743.050000	24.838119	-34.544472	0.000000	
743.100000	24.841676	-34.619388	0.000000	
743.150000	24.845232	-34.694303	0.000000	
743.200000	24.848788	-34.769219	0.000000	
743.250000	24.852344	-34.844134	0.000000	
743.300000	24.855901	-34.919050	0.000000	
743.350000	24.859457	-34.993966	0.000000	
743.400000	24.863013	-35.068881	0.000000	
743.450000	24.866570	-35.143797	0.000000	
743.500000	24.870126	-35.218713	0.000000	
743.550000	24.873682	-35.293628	0.000000	
743.600000	24.877238	-35.368544	0.000000	
743.650000	24.880795	-35.443460	0.000000	
743.700000	24.884351	-35.518375	0.000000	
743.750000	24.887907	-35.593291	0.000000	
743.800000	24.891463	-35.668206	0.000000	
743.850000	24.895020	-35.743122	0.000000	
743.900000	24.898576	-35.818038	0.000000	
743.950000	24.902132	-35.892953	0.000000	
744.000000	24.905689	-35.967869	0.000000	
744.050000	24.909245	-36.042785	0.000000	
744.100000	24.912801	-36.117700	0.000000	
744.150000	24.916357	-36.192616	0.000000	
744.200000	24.919914	-36.267532	0.000000	
744.250000	24.923470	-36.342447	0.000000	
744.300000	24.927026	-36.417363	0.000000	
744.350000	24.930583	-36.492278	0.000000	
744.400000	24.934139	-36.567194	0.000000	
744.450000	24.937695	-36.642110	0.000000	
744.500000	24.941251	-36.717025	0.000000	
744.550000	24.944808	-36.791941	0.000000	
744.600000	24.948364	-36.866857	0.000000	
744.650000	24.951920	-36.941772	0.000000	
744.700000	24.955476	-37.016688	0.000000	
744.750000	24.959033	-37.091604	0.000000	
744.800000	24.962589	-37.166519	0.000000	
744.850000	24.966145	-37.241435	0.000000	
744.900000	24.969702	-37.316351	0.000000	
744.950000	24.973258	-37.391266	0.000000	
745.000000	24.976814	-37.466182	0.000000	
745.050000	24.980370	-37.541097	0.000000	
745.100000	24.983927	-37.616013	0.000000	
745.150000	24.987483	-37.690929	0.000000	
745.200000	24.991039	-37.765844	0.000000	
745.250000	24.994595	-37.840760	0.000000	
745.300000	24.998152	-37.915676	0.000000	
745.350000	25.001708	-37.990591	0.000000	
745.400000	25.005264	-38.065507	0.000000	
745.450000	25.008821	-38.140423	0.000000	
745.500000	25.012377	-38.215338	0.000000	
745.550000	25.015933	-38.290254	0.000000	
745.600000	25.019489	-38.365169	0.000000	
745.650000	25.023046	-38.440085	0.000000	
745.700000	25.026602	-38.515001	0.000000	
745.750000	25.030158	-38.589916	0.000000	
745.800000	25.033714	-38.664832	0.000000	
745.850000	25.037271	-38.739748	0.000000	
745.900000	25.040827	-38.814663	0.000000	
745.950000	25.044383	-38.889579	0.000000	
746.000000	25.047940	-38.964495	0.000000	
746.050000	25.051496	-39.039410	0.000000	
746.100000	25.055052	-39.114326	0.000000	
746.150000	25.058608	-39.189241	0.000000	
746.200000	25.062165	-39.264157	0.000000	
746.250000	25.065721	-39.339073	0.000000	
746.300000	25.069277	-39.413988	0.000000	
746.350000	25.072833	-39.488904	0.000000	
746.400000	25.076390	-39.563820	0.000000	
746.450000	25.079946	-39.638735	0.000000	
746.500000	25.083502	-39.713651	0.000000	
746.550000	25.087059	-39.788567	0.000000	
746.600000	25.090615	-39.863482	0.000000	
746.650000	25.094171	-39.938398	0.000000	
746.700000	25.097727	-40.013314	0.000000	
746.750000	25.101284	-40.088229	0.000000	
746.800000	25.104840	-40.163145	0.000000	
746.850000	25.108396	-40.238060	0.000000	
746.900000	25.111953	-40.312976	0.000000	
746.950000	25.115509	-40.387892	0.000000	
747.000000	25.119065	-40.462807	0.000000	
747.050000	25.122621	-40.537723	0.000000	
747.100000	25.126178	-40.612639	0.000000	
747.150000	25.129734	-40.687554	0.000000	
747.200000	25.133290	-40.762470	0.000000	
747.250000	25.136846	-40.837386	0.000000	
747.300000	25.140403	-40.912301	0.000000	
747.350000	25.143959	-40.987217	0.000000	
747.400000	25.147515	-41.062132	0.000000	
747.450000	25.151072	-41.137048	0.000000	
747.500000	25.154628	-41.211964	0.000000	
747.550000	25.158184	-41.286879	0.000000	
747.600000	25.161740	-41.361795	0.000000	
747.650000	25.165297	-41.436711	0.000000	
747.700000	25.168853	-41.511626	0.000000	
747.750000	25.172409	-41.586542	0.000000	
747.800000	25.175965	-41.661458	0.000000	
747.850000	25.179522	-41.736373	0.000000	
747.900000	25.183078	-41.811289	0.000000	
747.950000	25.186634	-41.886204	0.000000	
748.000000	25.190191	-41.961120	0.000000	
748.050000	25.193747	-42.036036	0.000000	
748.100000	25.197303	-42.110951	0.000000	
748.150000	25.200859	-42.185867	0.000000	
748.200000	25.204416	-42.260783	0.000000	
748.250000	25.207972	-42.335698	0.000000	
748.300000	25.211528	-42.410614	0.000000	
748.350000	25.215084	-42.485530	0.000000	
748.400000	25.218641	-42.560445	0.000000	
748.450000	25.222197	-42.635361	0.000000	
748.500000	25.225753	-42.710277	0.000000	
748.550000	25.229310	-42.785192	0.000000	
748.600000	25.232866	-42.860108	0.000000	
748.650000	25.236422	-42.935023	0.000000	
748.700000	25.239978	-43.009939	0.000000	
748.750000	25.243535	-43.084855	0.000000	
748.800000	25.247091	-43.159770	0.000000	
748.850000	25.250647	-43.234686	0.000000	
748.900000	25.254203	-43.309602	0.000000	
748.950000	25.257760	-43.384517	0.000000	
749.000000	25.261316	-43.459433	0.000000	
749.050000	25.264872	-43.534349	0.000000	
749.100000	25.268429	-43.609264	0.000000	
749.150000	25.271985	-43.684180	0.000000	
749.200000	25.275541	-43.759095	0.000000	
749.250000	25.279097	-43.834011	0.000000	
749.300000	25.282654	-43.908927	0.000000	
749.350000	25.286210	-43.983842	0.000000	
749.400000	25.289766	-44.058758	0.000000	
749.450000	25.293322	-44.133674	0.000000	
749.500000	25.296879	-44.208589	0.000000	
749.550000	25.300435	-44.283505	0.000000	
749.600000	25.303991	-44.358421	0.000000	
749.650000	25.307548	-44.433336	0.000000	
749.700000	25.311104	-44.508252	0.000000	
749.750000	25.314660	-44.583167	0.000000	
749.800000	25.318216	-44.658083	0.000000	
749.850000	25.321773	-44.732999	0.000000	
749.900000	25.325329	-44.807914	0.000000	
749.950000	25.328885	-44.882830	0.000000	
750.000000	25.332442	-44.957746	0.000000	
750.050000	25.335998	-45.032661	0.000000	
750.100000	25.339554	-45.107577	0.000000	
750.150000	25.343110	-45.182493	0.000000	
750.200000	25.346667	-45.257408	0.000000	
750.250000	25.350223	-45.332324	0.000000	
750.300000	25.353779	-45.407239	0.000000	
750.350000	25.357335	-45.482155	0.000000	
750.400000	25.360892	-45.557071	0.000000	
750.450000	25.364448	-45.631986	0.000000	
750.500000	25.368004	-45.706902	0.000000	
750.550000	25.371561	-45.781818	0.000000	
750.600000	25.375117	-45.856733	0.000000	
750.650000	25.378673	-45.931649	0.000000	
750.700000	25.382229	-46.006565	0.000000	
750.750000	25.385786	-46.081480	0.000000	
750.800000	25.389342	-46.156396	0.000000	
750.850000	25.392898	-46.231312	0.000000	
750.900000	25.396454	-46.306227	0.000000	
750.950000	25.400011	-46.381143	0.000000	
751.000000	25.423075	-46.355407	0.000000	
751.050000	25.454362	-46.287245	0.000000	
751.100000	25.485648	-46.219082	0.000000	
751.150000	25.516935	-46.150920	0.000000	
751.200000	25.548222	-46.082757	0.000000	
751.250000	25.579509	-46.014595	0.000000	
751.300000	25.610796	-45.946432	0.000000	
751.350000	25.642083	-45.878270	0.000000	
751.400000	25.673370	-45.810107	0.000000	
751.450000	25.704657	-45.741945	0.000000	
751.500000	25.735944	-45.673782	0.000000	
751.550000	25.767231	-45.605619	0.000000	
751.600000	25.798518	-45.537457	0.000000	
751.650000	25.829805	-45.469294	0.000000	
751.700000	25.861091	-45.401132	0.000000	
751.750000	25.892378	-45.332969	0.000000	
751.800000	25.923665	-45.264807	0.000000	
751.850000	25.954952	-45.196644	0.000000	
751.900000	25.986239	-45.128482	0.000000	
751.950000	26.017526	-45.060319	0.000000	
752.000000	26.048813	-44.992157	0.000000	
752.050000	26.080100	-44.923994	0.000000	
752.100000	26.111387	-44.855832	0.000000	
752.150000	26.142674	-44.787669	0.000000	
752.200000	26.173961	-44.719507	0.000000	
752.250000	26.205247	-44.651344	0.000000	
752.300000	26.236534	-44.583182	0.000000	
752.350000	26.267821	-44.515019	0.000000	
752.400000	26.299108	-44.446857	0.000000	
752.450000	26.330395	-44.378694	0.000000	
752.500000	26.361682	-44.310532	0.000000	
752.550000	26.392969	-44.242369	0.000000	
752.600000	26.424256	-44.174207	0.000000	
752.650000	26.455543	-44.106044	0.000000	
752.700000	26.486830	-44.037882	0.000000	
752.750000	26.518117	-43.969719	0.000000	
752.800000	26.549404	-43.901556	0.000000	
752.850000	26.580690	-43.833394	0.000000	
752.900000	26.611977	-43.765231	0.000000	
752.950000	26.643264	-43.697069	0.000000	
753.000000	26.674551	-43.628906	0.000000	
753.050000	26.705838	-43.560744	0.000000	
753.100000	26.737125	-43.492581	0.000000	
753.150000	26.768412	-43.424419	0.000000	
753.200000	26.799699	-43.356256	0.000000	
753.250000	26.830986	-43.288094	0.000000	
753.300000	26.862273	-43.219931	0.000000	
753.350000	26.893560	-43.151769	0.000000	
753.400000	26.924846	-43.083606	0.000000	
753.450000	26.956133	-43.015444	0.000000	
753.500000	26.987420	-42.947281	0.000000	
753.550000	27.018707	-42.879119	0.000000	
753.600000	27.049994	-42.810956	0.000000	
753.650000	27.081281	-42.742794	0.000000	
753.700000	27.112568	-42.674631	0.000000	
753.750000	27.143855	-42.606469	0.000000	
753.800000	27.175142	-42.538306	0.000000	
753.850000	27.206429	-42.470144	0.000000	
753.900000	27.237716	-42.401981	0.000000	
753.950000	27.269003	-42.333819	0.000000	
754.000000	27.300289	-42.265656	0.000000	
754.050000	27.331576	-42.197494	0.000000	
754.100000	27.362863	-42.129331	0.000000	
754.150000	27.394150	-42.061168	0.000000	
754.200000	27.425437	-41.993006	0.000000	
754.250000	27.456724	-41.924843	0.000000	
754.300000	27.488011	-41.856681	0.000000	
754.350000	27.519298	-41.788518	0.000000	
754.400000	27.550585	-41.720356	0.000000	
754.450000	27.581872	-41.652193	0.000000	
754.500000	27.613159	-41.584031	0.000000	
754.550000	27.644445	-41.515868	0.000000	
754.600000	27.675732	-41.447706	0.000000	
754.650000	27.707019	-41.379543	0.000000	
754.700000	27.738306	-41.311381	0.000000	
754.750000	27.769593	-41.243218	0.000000	
754.800000	27.800880	-41.175056	0.000000	
754.850000	27.832167	-41.106893	0.000000	
754.900000	27.863454	-41.038731	0.000000	
754.950000	27.894741	-40.970568	0.000000	
755.000000	27.926028	-40.902406	0.000000	
755.050000	27.957315	-40.834243	0.000000	
755.100000	27.988602	-40.766081	0.000000	
755.150000	28.019888	-40.697918	0.000000	
755.200000	28.051175	-40.629756	0.000000	
755.250000	28.082462	-40.561593	0.000000	
755.300000	28.113749	-40.493431	0.000000	
755.350000	28.145036	-40.425268	0.000000	
755.400000	28.176323	-40.357105	0.000000	
755.450000	28.207610	-40.288943	0.000000	
755.500000	28.238897	-40.220780	0.000000	
755.550000	28.270184	-40.152618	0.000000	
755.600000	28.301471	-40.084455	0.000000	
755.650000	28.332758	-40.016293	0.000000	
755.700000	28.364044	-39.948130	0.000000	
755.750000	28.395331	-39.879968	0.000000	
755.800000	28.426618	-39.811805	0.000000	
755.850000	28.457905	-39.743643	0.000000	
755.900000	28.489192	-39.675480	0.000000	
755.950000	28.520479	-39.607318	0.000000	
756.000000	28.551766	-39.539155	0.000000	
756.050000	28.583053	-39.470993	0.000000	
756.100000	28.614340	-39.402830	0.000000	
756.150000	28.645627	-39.334668	0.000000	
756.200000	28.676914	-39.266505	0.000000	
756.250000	28.708201	-39.198343	0.000000	
756.300000	28.739487	-39.130180	0.000000	
756.350000	28.770774	-39.062018	0.000000	
756.400000	28.802061	-38.993855	0.000000	
756.450000	28.833348	-38.925693	0.000000	
756.500000	28.864635	-38.857530	0.000000	
756.550000	28.895922	-38.789368	0.000000	
756.600000	28.927209	-38.721205	0.000000	
756.650000	28.958496	-38.653042	0.000000	
756.700000	28.989783	-38.584880	0.000000	
756.750000	29.021070	-38.516717	0.000000	
756.800000	29.052357	-38.448555	0.000000	
756.850000	29.083643	-38.380392	0.000000	
756.900000	29.114930	-38.312230	0.000000	
756.950000	29.146217	-38.244067	0.000000	
757.000000	29.177504	-38.175905	0.000000	
757.050000	29.208791	-38.107742	0.000000	
757.100000	29.240078	-38.039580	0.000000	
757.150000	29.271365	-37.971417	0.000000	
757.200000	29.302652	-37.903255	0.000000	
757.250000	29.333939	-37.835092	0.000000	
757.300000	29.365226	-37.766930	0.000000	
757.350000	29.396513	-37.698767	0.000000	
757.400000	29.427800	-37.630605	0.000000	
757.450000	29.459086	-37.562442	0.000000	
757.500000	29.490373	-37.494280	0.000000	
757.550000	29.521660	-37.426117	0.000000	
757.600000	29.552947	-37.357955	0.000000	
757.650000	29.584234	-37.289792	0.000000	
757.700000	29.615521	-37.221630	0.000000	
757.750000	29.646808	-37.153467	0.000000	
757.800000	29.678095	-37.085305	0.000000	
757.850000	29.709382	-37.017142	0.000000	
757.900000	29.740669	-36.948979	0.000000	
757.950000	29.713485	-36.897304	0.000000	
758.000000	29.651199	-36.855525	0.000000	
758.050000	29.588913	-36.813746	0.000000	
758.100000	29.526627	-36.771968	0.000000	
758.150000	29.464340	-36.730189	0.000000	
758.200000	29.402054	-36.688411	0.000000	
758.250000	29.339768	-36.646632	0.000000	
758.300000	29.277482	-36.604854	0.000000	
758.350000	29.215196	-36.563075	0.000000	
758.400000	29.152910	-36.521297	0.000000	
758.450000	29.090624	-36.479518	0.000000	
758.500000	29.028338	-36.437740	0.000000	
758.550000	28.966052	-36.395961	0.000000	
758.600000	28.903766	-36.354183	0.000000	
758.650000	28.841480	-36.312404	0.000000	
758.700000	28.779194	-36.270625	0.000000	
758.750000	28.716908	-36.228847	0.000000	
758.800000	28.654622	-36.187068	0.000000	
758.850000	28.592336	-36.145290	0.000000	
758.900000	28.530049	-36.103511	0.000000	
758.950000	28.467763	-36.061733	0.000000	
759.000000	28.405477	-36.019954	0.000000	
759.050000	28.343191	-35.978176	0.000000	
759.100000	28.280905	-35.936397	0.000000	
759.150000	28.218619	-35.894619	0.000000	
759.200000	28.156333	-35.852840	0.000000	
759.250000	28.094047	-35.811061	0.000000	
759.300000	28.031761	-35.769283	0.000000	
759.350000	27.969475	-35.727504	0.000000	
759.400000	27.907189	-35.685726	0.000000	
759.450000	27.844903	-35.643947	0.000000	
759.500000	27.782617	-35.602169	0.000000	
759.550000	27.720331	-35.560390	0.000000	
759.600000	27.658045	-35.518612	0.000000	
759.650000	27.595759	-35.476833	0.000000	
759.700000	27.533472	-35.435055	0.000000	
759.750000	27.471186	-35.393276	0.000000	
759.800000	27.408900	-35.351498	0.000000	
759.850000	27.346614	-35.309719	0.000000	
759.900000	27.284328	-35.267940	0.000000	
759.950000	27.222042	-35.226162	0.000000	
760.000000	27.159756	-35.184383	0.000000	
760.050000	27.097470	-35.142605	0.000000	
760.100000	27.035184	-35.100826	0.000000	
760.150000	26.972898	-35.059048	0.000000	
760.200000	26.910612	-35.017269	0.000000	
760.250000	26.848326	-34.975491	0.000000	
760.300000	26.786040	-34.933712	0.000000	
760.350000	26.723754	-34.891934	0.000000	
760.400000	26.661468	-34.850155	0.000000	
760.450000	26.599182	-34.808377	0.000000	
760.500000	26.536895	-34.766598	0.000000	
760.550000	26.474609	-34.724819	0.000000	
760.600000	26.412323	-34.683041	0.000000	
760.650000	26.350037	-34.641262	0.000000	
760.700000	26.287751	-34.599484	0.000000	
760.750000	26.225465	-34.557705	0.000000	
760.800000	26.163179	-34.515927	0.000000	
760.850000	26.100893	-34.474148	0.000000	
760.900000	26.038607	-34.432370	0.000000	
760.950000	25.976321	-34.390591	0.000000	
761.000000	25.914035	-34.348813	0.000000	
761.050000	25.851749	-34.307034	0.000000	
761.100000	25.789463	-34.265256	0.000000	
761.150000	25.727177	-34.223477	0.000000	
761.200000	25.664891	-34.181698	0.000000	
761.250000	25.602604	-34.139920	0.000000	
761.300000	25.540318	-34.098141	0.000000	
761.350000	25.478032	-34.056363	0.000000	
761.400000	25.415746	-34.014584	0.000000	
761.450000	25.353460	-33.972806	0.000000	
761.500000	25.291174	-33.931027	0.000000	
761.550000	25.228888	-33.889249	0.000000	
761.600000	25.166602	-33.847470	0.000000	
761.650000	25.104316	-33.805692	0.000000	
761.700000	25.042030	-33.763913	0.000000	
761.750000	24.979744	-33.722135	0.000000	
761.800000	24.917458	-33.680356	0.000000	
761.850000	24.855172	-33.638577	0.000000	
761.900000	24.792886	-33.596799	0.000000	
761.950000	24.730600	-33.555020	0.000000	
762.000000	24.668314	-33.513242	0.000000	
762.050000	24.606027	-33.471463	0.000000	
762.100000	24.543741	-33.429685	0.000000	
762.150000	24.481455	-33.387906	0.000000	
762.200000	24.419169	-33.346128	0.000000	
762.250000	24.356883	-33.304349	0.000000	
762.300000	24.294597	-33.262571	0.000000	
762.350000	24.232311	-33.220792	0.000000	
762.400000	24.170025	-33.179014	0.000000	
762.450000	24.107739	-33.137235	0.000000	
762.500000	24.045453	-33.095456	0.000000	
762.550000	23.983167	-33.053678	0.000000	
762.600000	23.920881	-33.011899	0.000000	
762.650000	23.858595	-32.970121	0.000000	
762.700000	23.796309	-32.928342	0.000000	
762.750000	23.734023	-32.886564	0.000000	
762.800000	23.671737	-32.844785	0.000000	
762.850000	23.609450	-32.803007	0.000000	
762.900000	23.547164	-32.761228	0.000000	
762.950000	23.484878	-32.719450	0.000000	
763.000000	23.422592	-32.677671	0.000000	
763.050000	23.360306	-32.635893	0.000000	
763.100000	23.298020	-32.594114	0.000000	
763.150000	23.235734	-32.552335	0.000000	
763.200000	23.173448	-32.510557	0.000000	
763.250000	23.111162	-32.468778	0.000000	
763.300000	23.048876	-32.427000	0.000000	
763.350000	22.986590	-32.385221	0.000000	
763.400000	22.924304	-32.343443	0.000000	
763.450000	22.862018	-32.301664	0.000000	
763.500000	22.799732	-32.259886	0.000000	
763.550000	22.737446	-32.218107	0.000000	
763.600000	22.675160	-32.176329	0.000000	
763.650000	22.612873	-32.134550	0.000000	
763.700000	22.550587	-32.092772	0.000000	
763.750000	22.488301	-32.050993	0.000000	
763.800000	22.426015	-32.009214	0.000000	
763.850000	22.363729	-31.967436	0.000000	
763.900000	22.301443	-31.925657	0.000000	
763.950000	22.239157	-31.883879	0.000000	
764.000000	22.176871	-31.842100	0.000000	
764.050000	22.114585	-31.800322	0.000000	
764.100000	22.052299	-31.758543	0.000000	
764.150000	21.990013	-31.716765	0.000000	
764.200000	21.927727	-31.674986	0.000000	
764.250000	21.880573	-31.648336	0.000000	
764.300000	21.922368	-31.710611	0.000000	
764.350000	21.964162	-31.772886	0.000000	
764.400000	22.005957	-31.835161	0.000000	
764.450000	22.047752	-31.897436	0.000000	
764.500000	22.089547	-31.959711	0.000000	
764.550000	22.131342	-32.021986	0.000000	
764.600000	22.173137	-32.084261	0.000000	
764.650000	22.214932	-32.146536	0.000000	
764.700000	22.256727	-32.208811	0.000000	
764.750000	22.298522	-32.271086	0.000000	
764.800000	22.340317	-32.333361	0.000000	
764.850000	22.382112	-32.395636	0.000000	
764.900000	22.423907	-32.457911	0.000000	
764.950000	22.465702	-32.520186	0.000000	
765.000000	22.507497	-32.582461	0.000000	
765.050000	22.549292	-32.644736	0.000000	
765.100000	22.591087	-32.707011	0.000000	
765.150000	22.632882	-32.769286	0.000000	
765.200000	22.674677	-32.831561	0.000000	
765.250000	22.716472	-32.893837	0.000000	
765.300000	22.758267	-32.956112	0.000000	
765.350000	22.800062	-33.018387	0.000000	
765.400000	22.841857	-33.080662	0.000000	
765.450000	22.883652	-33.142937	0.000000	
765.500000	22.925446	-33.205212	0.000000	
765.550000	22.967241	-33.267487	0.000000	
765.600000	23.009036	-33.329762	0.000000	
765.650000	23.050831	-33.392037	0.000000	
765.700000	23.092626	-33.454312	0.000000	
765.750000	23.134421	-33.516587	0.000000	
765.800000	23.176216	-33.578862	0.000000	
765.850000	23.218011	-33.641137	0.000000	
765.900000	23.259806	-33.703412	0.000000	
765.950000	23.301601	-33.765687	0.000000	
766.000000	23.343396	-33.827962	0.000000	
766.050000	23.385191	-33.890237	0.000000	
766.100000	23.426986	-33.952512	0.000000	
766.150000	23.468781	-34.014787	0.000000	
766.200000	23.510576	-34.077062	0.000000	
766.250000	23.552371	-34.139338	0.000000	
766.300000	23.594166	-34.201613	0.000000	
766.350000	23.635961	-34.263888	0.000000	
766.400000	23.677756	-34.326163	0.000000	
766.450000	23.719551	-34.388438	0.000000	
766.500000	23.761346	-34.450713	0.000000	
766.550000	23.803141	-34.512988	0.000000	
766.600000	23.844935	-34.575263	0.000000	
766.650000	23.886730	-34.637538	0.000000	
766.700000	23.928525	-34.699813	0.000000	
766.750000	23.970320	-34.762088	0.000000	
766.800000	24.012115	-34.824363	0.000000	
766.850000	24.053910	-34.886638	0.000000	
766.900000	24.095705	-34.948913	0.000000	
766.950000	24.137500	-35.011188	0.000000	
767.000000	24.179295	-35.073463	0.000000	
767.050000	24.221090	-35.135738	0.000000	
767.100000	24.262885	-35.198013	0.000000	
767.150000	24.304680	-35.260288	0.000000	
767.200000	24.346475	-35.322563	0.000000	
767.250000	24.388270	-35.384838	0.000000	
767.300000	24.430065	-35.447114	0.000000	
767.350000	24.471860	-35.509389	0.000000	
767.400000	24.513655	-35.571664	0.000000	
767.450000	24.555450	-35.633939	0.000000	
767.500000	24.597245	-35.696214	0.000000	
767.550000	24.639040	-35.758489	0.000000	
767.600000	24.680835	-35.820764	0.000000	
767.650000	24.722630	-35.883039	0.000000	
767.700000	24.764424	-35.945314	0.000000	
767.750000	24.806219	-36.007589	0.000000	
767.800000	24.848014	-36.069864	0.000000	
767.850000	24.889809	-36.132139	0.000000	
767.900000	24.931604	-36.194414	0.000000	
767.950000	24.973399	-36.256689	0.000000	
768.000000	25.015194	-36.318964	0.000000	
768.050000	25.056989	-36.381239	0.000000	
768.100000	25.098784	-36.443514	0.000000	
768.150000	25.140579	-36.505789	0.000000	
768.200000	25.182374	-36.568064	0.000000	
768.250000	25.224169	-36.630339	0.000000	
768.300000	25.265964	-36.692615	0.000000	
768.350000	25.307759	-36.754890	0.000000	
768.400000	25.349554	-36.817165	0.000000	
768.450000	25.391349	-36.879440	0.000000	
768.500000	25.433144	-36.941715	0.000000	
768.550000	25.474939	-37.003990	0.000000	
768.600000	25.516734	-37.066265	0.000000	
768.650000	25.558529	-37.128540	0.000000	
768.700000	25.600324	-37.190815	0.000000	
768.750000	25.642119	-37.253090	0.000000	
768.800000	25.683914	-37.315365	0.000000	
768.850000	25.725708	-37.377640	0.000000	
768.900000	25.767503	-37.439915	0.000000	
768.950000	25.809298	-37.502190	0.000000	
769.000000	25.851093	-37.564465	0.000000	
769.050000	25.892888	-37.626740	0.000000	
769.100000	25.934683	-37.689015	0.000000	
769.150000	25.976478	-37.751290	0.000000	
769.200000	26.018273	-37.813565	0.000000	
769.250000	26.060068	-37.875840	0.000000	
769.300000	26.101863	-37.938115	0.000000	
769.350000	26.143658	-38.000391	0.000000	
769.400000	26.185453	-38.062666	0.000000	
769.450000	26.227248	-38.124941	0.000000	
769.500000	26.269043	-38.187216	0.000000	
769.550000	26.310838	-38.249491	0.000000	
769.600000	26.352633	-38.311766	0.000000	
769.650000	26.394428	-38.374041	0.000000	
769.700000	26.436223	-38.436316	0.000000	
769.750000	26.478018	-38.498591	0.000000	
769.800000	26.519813	-38.560866	0.000000	
769.850000	26.561608	-38.623141	0.000000	
769.900000	26.603403	-38.685416	0.000000	
769.950000	26.645197	-38.747691	0.000000	
770.000000	26.686992	-38.809966	0.000000	
770.050000	26.728787	-38.872241	0.000000	
770.100000	26.770582	-38.934516	0.000000	
770.150000	26.812377	-38.996791	0.000000	
770.200000	26.854172	-39.059066	0.000000	
770.250000	26.895967	-39.121341	0.000000	
770.300000	26.937762	-39.183616	0.000000	
770.350000	26.979557	-39.245892	0.000000	
770.400000	27.021352	-39.308167	0.000000	
770.450000	27.063147	-39.370442	0.000000	
770.500000	27.104942	-39.432717	0.000000	
770.550000	27.146737	-39.494992	0.000000	
770.600000	27.188532	-39.557267	0.000000	
770.650000	27.230327	-39.619542	0.000000	
770.700000	27.272122	-39.681817	0.000000	
770.750000	27.313917	-39.744092	0.000000	
770.800000	27.355712	-39.806367	0.000000	
770.850000	27.397507	-39.868642	0.000000	
770.900000	27.439302	-39.930917	0.000000	
770.950000	27.481097	-39.993192	0.000000	
771.000000	27.522892	-40.055467	0.000000	
771.050000	27.564687	-40.117742	0.000000	
771.100000	27.606481	-40.180017	0.000000	
771.150000	27.648276	-40.242292	0.000000	
771.200000	27.690071	-40.304567	0.000000	
771.250000	27.731866	-40.366842	0.000000	
771.300000	27.773661	-40.429117	0.000000	
771.350000	27.815456	-40.491392	0.000000	
771.400000	27.857251	-40.553668	0.000000	
771.450000	27.899046	-40.615943	0.000000	
771.500000	27.940841	-40.678218	0.000000	
771.550000	27.982636	-40.740493	0.000000	
771.600000	28.024431	-40.802768	0.000000	
771.650000	28.066226	-40.865043	0.000000	
771.700000	28.108021	-40.927318	0.000000	
771.750000	28.149816	-40.989593	0.000000	
771.800000	28.191611	-41.051868	0.000000	
771.850000	28.233406	-41.114143	0.000000	
771.900000	28.275201	-41.176418	0.000000	
771.950000	28.316996	-41.238693	0.000000	
772.000000	28.358791	-41.300968	0.000000	
772.050000	28.400586	-41.363243	0.000000	
772.100000	28.442381	-41.425518	0.000000	
772.150000	28.484176	-41.487793	0.000000	
772.200000	28.525970	-41.550068	0.000000	
772.250000	28.567765	-41.612343	0.000000	
772.300000	28.609560	-41.674618	0.000000	
772.350000	28.651355	-41.736893	0.000000	
772.400000	28.693150	-41.799169	0.000000	
772.450000	28.734945	-41.861444	0.000000	
772.500000	28.776740	-41.923719	0.000000	
772.550000	28.818535	-41.985994	0.000000	
772.600000	28.860330	-42.048269	0.000000	
772.650000	28.902125	-42.110544	0.000000	
772.700000	28.943920	-42.172819	0.000000	
772.750000	28.985715	-42.235094	0.000000	
772.800000	29.027510	-42.297369	0.000000	
772.850000	29.069305	-42.359644	0.000000	
772.900000	29.111100	-42.421919	0.000000	
772.950000	29.152895	-42.484194	0.000000	
773.000000	29.194690	-42.546469	0.000000	
773.050000	29.236485	-42.608744	0.000000	
773.100000	29.278280	-42.671019	0.000000	
773.150000	29.320075	-42.733294	0.000000	
773.200000	29.361870	-42.795569	0.000000	
773.250000	29.403665	-42.857844	0.000000	
773.300000	29.445459	-42.920119	0.000000	
773.350000	29.487254	-42.982394	0.000000	
773.400000	29.529049	-43.044669	0.000000	
773.450000	29.570844	-43.106945	0.000000	
773.500000	29.612639	-43.169220	0.000000	
773.550000	29.654434	-43.231495	0.000000	
773.600000	29.696229	-43.293770	0.000000	
773.650000	29.738024	-43.356045	0.000000	
773.700000	29.779819	-43.418320	0.000000	
773.750000	29.821614	-43.480595	0.000000	
773.800000	29.863409	-43.542870	0.000000	
773.850000	29.905204	-43.605145	0.000000	
773.900000	29.946999	-43.667420	0.000000	
773.950000	29.988794	-43.729695	0.000000	
774.000000	30.000483	-43.708335	0.000000	
774.050000	29.992998	-43.633710	0.000000	
774.100000	29.985512	-43.559084	0.000000	
774.150000	29.978027	-43.484459	0.000000	
774.200000	29.970542	-43.409833	0.000000	
774.250000	29.963057	-43.335208	0.000000	
774.300000	29.955572	-43.260582	0.000000	
774.350000	29.948086	-43.185957	0.000000	
774.400000	29.940601	-43.111331	0.000000	
774.450000	29.933116	-43.036705	0.000000	
774.500000	29.925631	-42.962080	0.000000	
774.550000	29.918146	-42.887454	0.000000	
774.600000	29.910660	-42.812829	0.000000	
774.650000	29.903175	-42.738203	0.000000	
774.700000	29.895690	-42.663578	0.000000	
774.750000	29.888205	-42.588952	0.000000	
774.800000	29.880720	-42.514327	0.000000	
774.850000	29.873234	-42.439701	0.000000	
774.900000	29.865749	-42.365076	0.000000	
774.950000	29.858264	-42.290450	0.000000	
775.000000	29.850779	-42.215824	0.000000	
775.050000	29.843294	-42.141199	0.000000	
775.100000	29.835808	-42.066573	0.000000	
775.150000	29.828323	-41.991948	0.000000	
775.200000	29.820838	-41.917322	0.000000	
775.250000	29.813353	-41.842697	0.000000	
775.300000	29.805868	-41.768071	0.000000	
775.350000	29.798382	-41.693446	0.000000	
775.400000	29.790897	-41.618820	0.000000	
775.450000	29.783412	-41.544195	0.000000	
775.500000	29.775927	-41.469569	0.000000	
775.550000	29.768442	-41.394943	0.000000	
775.600000	29.760956	-41.320318	0.000000	
775.650000	29.753471	-41.245692	0.000000	
775.700000	29.745986	-41.171067	0.000000	
775.750000	29.738501	-41.096441	0.000000	
775.800000	29.731016	-41.021816	0.000000	
775.850000	29.723530	-40.947190	0.000000	
775.900000	29.716045	-40.872565	0.000000	
775.950000	29.708560	-40.797939	0.000000	
776.000000	29.701075	-40.723314	0.000000	
776.050000	29.693590	-40.648688	0.000000	
776.100000	29.686104	-40.574062	0.000000	
776.150000	29.678619	-40.499437	0.000000	
776.200000	29.671134	-40.424811	0.000000	
776.250000	29.663649	-40.350186	0.000000	
776.300000	29.656164	-40.275560	0.000000	
776.350000	29.648678	-40.200935	0.000000	
776.400000	29.641193	-40.126309	0.000000	
776.450000	29.633708	-40.051684	0.000000	
776.500000	29.626223	-39.977058	0.000000	
776.550000	29.618738	-39.902433	0.000000	
776.600000	29.611252	-39.827807	0.000000	
776.650000	29.603767	-39.753182	0.000000	
776.700000	29.596282	-39.678556	0.000000	
776.750000	29.588797	-39.603930	0.000000	
776.800000	29.581312	-39.529305	0.000000	
776.850000	29.573826	-39.454679	0.000000	
776.900000	29.566341	-39.380054	0.000000	
776.950000	29.558856	-39.305428	0.000000	
777.000000	29.551371	-39.230803	0.000000	
777.050000	29.543886	-39.156177	0.000000	
777.100000	29.536400	-39.081552	0.000000	
777.150000	29.528915	-39.006926	0.000000	
777.200000	29.521430	-38.932301	0.000000	
777.250000	29.513945	-38.857675	0.000000	
777.300000	29.506460	-38.783049	0.000000	
777.350000	29.498974	-38.708424	0.000000	
777.400000	29.491489	-38.633798	0.000000	
777.450000	29.484004	-38.559173	0.000000	
777.500000	29.476519	-38.484547	0.000000	
777.550000	29.469034	-38.409922	0.000000	
777.600000	29.461548	-38.335296	0.000000	
777.650000	29.454063	-38.260671	0.000000	
777.700000	29.446578	-38.186045	0.000000	
777.750000	29.439093	-38.111420	0.000000	
777.800000	29.431608	-38.036794	0.000000	
777.850000	29.424122	-37.962168	0.000000	
777.900000	29.416637	-37.887543	0.000000	
777.950000	29.409152	-37.812917	0.000000	
778.000000	29.401667	-37.738292	0.000000	
778.050000	29.394182	-37.663666	0.000000	
778.100000	29.386696	-37.589041	0.000000	
778.150000	29.379211	-37.514415	0.000000	
778.200000	29.371726	-37.439790	0.000000	
778.250000	29.364241	-37.365164	0.000000	
778.300000	29.356756	-37.290539	0.000000	
778.350000	29.349270	-37.215913	0.000000	
778.400000	29.341785	-37.141287	0.000000	
778.450000	29.334300	-37.066662	0.000000	
778.500000	29.326815	-36.992036	0.000000	
778.550000	29.319330	-36.917411	0.000000	
778.600000	29.311844	-36.842785	0.000000	
778.650000	29.304359	-36.768160	0.000000	
778.700000	29.296874	-36.693534	0.000000	
778.750000	29.289389	-36.618909	0.000000	
778.800000	29.281904	-36.544283	0.000000	
778.850000	29.274419	-36.469658	0.000000	
778.900000	29.266933	-36.395032	0.000000	
778.950000	29.259448	-36.320407	0.000000	
779.000000	29.251963	-36.245781	0.000000	
779.050000	29.244478	-36.171155	0.000000	
779.100000	29.236993	-36.096530	0.000000	
779.150000	29.229507	-36.021904	0.000000	
779.200000	29.222022	-35.947279	0.000000	
779.250000	29.214537	-35.872653	0.000000	
779.300000	29.207052	-35.798028	0.000000	
779.350000	29.199567	-35.723402	0.000000	
779.400000	29.192081	-35.648777	0.000000	
779.450000	29.184596	-35.574151	0.000000	
779.500000	29.177111	-35.499526	0.000000	
779.550000	29.169626	-35.424900	0.000000	
779.600000	29.162141	-35.350274	0.000000	
779.650000	29.154655	-35.275649	0.000000	
779.700000	29.147170	-35.201023	0.000000	
779.750000	29.139685	-35.126398	0.000000	
779.800000	29.132200	-35.051772	0.000000	
779.850000	29.124715	-34.977147	0.000000	
779.900000	29.117229	-34.902521	0.000000	
779.950000	29.109744	-34.827896	0.000000	
780.000000	29.102259	-34.753270	0.000000	
780.050000	29.094774	-34.678645	0.000000	
780.100000	29.087289	-34.604019	0.000000	
780.150000	29.079803	-34.529393	0.000000	
780.200000	29.072318	-34.454768	0.000000	
780.250000	29.064833	-34.380142	0.000000	
780.300000	29.057348	-34.305517	0.000000	
780.350000	29.049863	-34.230891	0.000000	
780.400000	29.042377	-34.156266	0.000000	
780.450000	29.034892	-34.081640	0.000000	
780.500000	29.027407	-34.007015	0.000000	
780.550000	29.019922	-33.932389	0.000000	
780.600000	29.012437	-33.857764	0.000000	
780.650000	29.004951	-33.783138	0.000000	
780.700000	28.997466	-33.708512	0.000000	
780.750000	28.989981	-33.633887	0.000000	
780.800000	28.982496	-33.559261	0.000000	
780.850000	28.975011	-33.484636	0.000000	
780.900000	28.967525	-33.410010	0.000000	
780.950000	28.960040	-33.335385	0.000000	
781.000000	28.952555	-33.260759	0.000000	
781.050000	28.945070	-33.186134	0.000000	
781.100000	28.937585	-33.111508	0.000000	
781.150000	28.930099	-33.036883	0.000000	
781.200000	28.922614	-32.962257	0.000000	
781.250000	28.915129	-32.887631	0.000000	
781.300000	28.907644	-32.813006	0.000000	
781.350000	28.900159	-32.738380	0.000000	
781.400000	28.892673	-32.663755	0.000000	
781.450000	28.885188	-32.589129	0.000000	
781.500000	28.877703	-32.514504	0.000000	
781.550000	28.870218	-32.439878	0.000000	
781.600000	28.862733	-32.365253	0.000000	
781.650000	28.855247	-32.290627	0.000000	
781.700000	28.847762	-32.216002	0.000000	
781.750000	28.840277	-32.141376	0.000000	
781.800000	28.832792	-32.066751	0.000000	
781.850000	28.825307	-31.992125	0.000000	
781.900000	28.817821	-31.917499	0.000000	
781.950000	28.810336	-31.842874	0.000000	
782.000000	28.802851	-31.768248	0.000000	
782.050000	28.795366	-31.693623	0.000000	
782.100000	28.787881	-31.618997	0.000000	
782.150000	28.780395	-31.544372	0.000000	
782.200000	28.772910	-31.469746	0.000000	
782.250000	28.765425	-31.395121	0.000000	
782.300000	28.757940	-31.320495	0.000000	
782.350000	28.750455	-31.245870	0.000000	
782.400000	28.742969	-31.171244	0.000000	
782.450000	28.735484	-31.096618	0.000000	
782.500000	28.727999	-31.021993	0.000000	
782.550000	28.720514	-30.947367	0.000000	
782.600000	28.713029	-30.872742	0.000000	
782.650000	28.705543	-30.798116	0.000000	
782.700000	28.698058	-30.723491	0.000000	
782.750000	28.678227	-30.679349	0.000000	
782.800000	28.620921	-30.727733	0.000000	
782.850000	28.563615	-30.776118	0.000000	
782.900000	28.506310	-30.824502	0.000000	
782.950000	28.449004	-30.872887	0.000000	
783.000000	28.391699	-30.921272	0.000000	
783.050000	28.334393	-30.969656	0.000000	
783.100000	28.277087	-31.018041	0.000000	
783.150000	28.219782	-31.066425	0.000000	
783.200000	28.162476	-31.114810	0.000000	
783.250000	28.105170	-31.163194	0.000000	
783.300000	28.047865	-31.211579	0.000000	
783.350000	27.990559	-31.259963	0.000000	
783.400000	27.933253	-31.308348	0.000000	
783.450000	27.875948	-31.356732	0.000000	
783.500000	27.818642	-31.405117	0.000000	
783.550000	27.761336	-31.453501	0.000000	
783.600000	27.704031	-31.501886	0.000000	
783.650000	27.646725	-31.550271	0.000000	
783.700000	27.589420	-31.598655	0.000000	
783.750000	27.532114	-31.647040	0.000000	
783.800000	27.474808	-31.695424	0.000000	
783.850000	27.417503	-31.743809	0.000000	
783.900000	27.360197	-31.792193	0.000000	
783.950000	27.302891	-31.840578	0.000000	
784.000000	27.245586	-31.888962	0.000000	
784.050000	27.188280	-31.937347	0.000000	
784.100000	27.130974	-31.985731	0.000000	
784.150000	27.073669	-32.034116	0.000000	
784.200000	27.016363	-32.082500	0.000000	
784.250000	26.959058	-32.130885	0.000000	
784.300000	26.901752	-32.179269	0.000000	
784.350000	26.844446	-32.227654	0.000000	
784.400000	26.787141	-32.276039	0.000000	
784.450000	26.729835	-32.324423	0.000000	
784.500000	26.672529	-32.372808	0.000000	
784.550000	26.615224	-32.421192	0.000000	
784.600000	26.557918	-32.469577	0.000000	
784.650000	26.500612	-32.517961	0.000000	
784.700000	26.443307	-32.566346	0.000000	
784.750000	26.386001	-32.614730	0.000000	
784.800000	26.328695	-32.663115	0.000000	
784.850000	26.271390	-32.711499	0.000000	
784.900000	26.214084	-32.759884	0.000000	
784.950000	26.156779	-32.808268	0.000000	
785.000000	26.099473	-32.856653	0.000000	
785.050000	26.042167	-32.905038	0.000000	
785.100000	25.984862	-32.953422	0.000000	
785.150000	25.927556	-33.001807	0.000000	
785.200000	25.870250	-33.050191	0.000000	
785.250000	25.812945	-33.098576	0.000000	
785.300000	25.755639	-33.146960	0.000000	
785.350000	25.698333	-33.195345	0.000000	
785.400000	25.641028	-33.243729	0.000000	
785.450000	25.583722	-33.292114	0.000000	
785.500000	25.526416	-33.340498	0.000000	
785.550000	25.469111	-33.388883	0.000000	
785.600000	25.411805	-33.437267	0.000000	
785.650000	25.354500	-33.485652	0.000000	
785.700000	25.297194	-33.534037	0.000000	
785.750000	25.239888	-33.582421	0.000000	
785.800000	25.182583	-33.630806	0.000000	
785.850000	25.125277	-33.679190	0.000000	
785.900000	25.067971	-33.727575	0.000000	
785.950000	25.010666	-33.775959	0.000000	
786.000000	24.953360	-33.824344	0.000000	
786.050000	24.896054	-33.872728	0.000000	
786.100000	24.838749	-33.921113	0.000000	
786.150000	24.781443	-33.969497	0.000000	
786.200000	24.724138	-34.017882	0.000000	
786.250000	24.666832	-34.066266	0.000000	
786.300000	24.609526	-34.114651	0.000000	
786.350000	24.552221	-34.163036	0.000000	
786.400000	24.494915	-34.211420	0.000000	
786.450000	24.437609	-34.259805	0.000000	
786.500000	24.380304	-34.308189	0.000000	
786.550000	24.322998	-34.356574	0.000000	
786.600000	24.265692	-34.404958	0.000000	
786.650000	24.208387	-34.453343	0.000000	
786.700000	24.151081	-34.501727	0.000000	
786.750000	24.093775	-34.550112	0.000000	
786.800000	24.036470	-34.598496	0.000000	
786.850000	23.979164	-34.646881	0.000000	
786.900000	23.921859	-34.695265	0.000000	
786.950000	23.864553	-34.743650	0.000000	
787.000000	23.807247	-34.792035	0.000000	
787.050000	23.749942	-34.840419	0.000000	
787.100000	23.692636	-34.888804	0.000000	
787.150000	23.635330	-34.937188	0.000000	
787.200000	23.578025	-34.985573	0.000000	
787.250000	23.520719	-35.033957	0.000000	
787.300000	23.463413	-35.082342	0.000000	
787.350000	23.406108	-35.130726	0.000000	
787.400000	23.348802	-35.179111	0.000000	
787.450000	23.291497	-35.227495	0.000000	
787.500000	23.234191	-35.275880	0.000000	
787.550000	23.176885	-35.324264	0.000000	
787.600000	23.119580	-35.372649	0.000000	
787.650000	23.062274	-35.421034	0.000000	
787.700000	23.004968	-35.469418	0.000000	
787.750000	22.947663	-35.517803	0.000000	
787.800000	22.890357	-35.566187	0.000000	
787.850000	22.833051	-35.614572	0.000000	
787.900000	22.775746	-35.662956	0.000000	
787.950000	22.718440	-35.711341	0.000000	
788.000000	22.661134	-35.759725	0.000000	
788.050000	22.603829	-35.808110	0.000000	
788.100000	22.546523	-35.856494	0.000000	
788.150000	22.489218	-35.904879	0.000000	
788.200000	22.431912	-35.953263	0.000000	
788.250000	22.374606	-36.001648	0.000000	
788.300000	22.317301	-36.050033	0.000000	
788.350000	22.259995	-36.098417	0.000000	
788.400000	22.202689	-36.146802	0.000000	
788.450000	22.145384	-36.195186	0.000000	
788.500000	22.088078	-36.243571	0.000000	
788.550000	22.030772	-36.291955	0.000000	
788.600000	21.973467	-36.340340	0.000000	
788.650000	21.916161	-36.388724	0.000000	
788.700000	21.858855	-36.437109	0.000000	
788.750000	21.801550	-36.485493	0.000000	
788.800000	21.744244	-36.533878	0.000000	
788.850000	21.686939	-36.582262	0.000000	
788.900000	21.629633	-36.630647	0.000000	
788.950000	21.572327	-36.679032	0.000000	
789.000000	21.515022	-36.727416	0.000000	
789.050000	21.457716	-36.775801	0.000000	
789.100000	21.400410	-36.824185	0.000000	
789.150000	21.343105	-36.872570	0.000000	
789.200000	21.285799	-36.920954	0.000000	
789.250000	21.228493	-36.969339	0.000000	
789.300000	21.171188	-37.017723	0.000000	
789.350000	21.113882	-37.066108	0.000000	
789.400000	21.056577	-37.114492	0.000000	
789.450000	20.999271	-37.162877	0.000000	
789.500000	20.941965	-37.211261	0.000000	
789.550000	20.884660	-37.259646	0.000000	
789.600000	20.827354	-37.308031	0.000000	
789.650000	20.770048	-37.356415	0.000000	
789.700000	20.712743	-37.404800	0.000000	
789.750000	20.655437	-37.453184	0.000000	
789.800000	20.598131	-37.501569	0.000000	
789.850000	20.540826	-37.549953	0.000000	
789.900000	20.483520	-37.598338	0.000000	
789.950000	20.426214	-37.646722	0.000000	
790.000000	20.368909	-37.695107	0.000000	
790.050000	20.311603	-37.743491	0.000000	
790.100000	20.254298	-37.791876	0.000000	
790.150000	20.196992	-37.840260	0.000000	
790.200000	20.139686	-37.888645	0.000000	
790.250000	20.082381	-37.937030	0.000000	
790.300000	20.025075	-37.985414	0.000000	
790.350000	19.967769	-38.033799	0.000000	
790.400000	20.035401	-38.054170	0.000000	
790.450000	20.107879	-38.073455	0.000000	
790.500000	20.180357	-38.092740	0.000000	
790.550000	20.252835	-38.112025	0.000000	
790.600000	20.325314	-38.131310	0.000000	
790.650000	20.397792	-38.150595	0.000000	
790.700000	20.470270	-38.169879	0.000000	
790.750000	20.542748	-38.189164	0.000000	
790.800000	20.615227	-38.208449	0.000000	
790.850000	20.687705	-38.227734	0.000000	
790.900000	20.760183	-38.247019	0.000000	
790.950000	20.832661	-38.266304	0.000000	
791.000000	20.905140	-38.285589	0.000000	
791.050000	20.977618	-38.304873	0.000000	
791.100000	21.050096	-38.324158	0.000000	
791.150000	21.122574	-38.343443	0.000000	
791.200000	21.195052	-38.362728	0.000000	
791.250000	21.267531	-38.382013	0.000000	
791.300000	21.340009	-38.401298	0.000000	
791.350000	21.412487	-38.420583	0.000000	
791.400000	21.484965	-38.439867	0.000000	
791.450000	21.557444	-38.459152	0.000000	
791.500000	21.629922	-38.478437	0.000000	
791.550000	21.702400	-38.497722	0.000000	
791.600000	21.774878	-38.517007	0.000000	
791.650000	21.847357	-38.536292	0.000000	
791.700000	21.919835	-38.555577	0.000000	
791.750000	21.992313	-38.574861	0.000000	
791.800000	22.064791	-38.594146	0.000000	
791.850000	22.137269	-38.613431	0.000000	
791.900000	22.209748	-38.632716	0.000000	
791.950000	22.282226	-38.652001	0.000000	
792.000000	22.354704	-38.671286	0.000000	
792.050000	22.427182	-38.690571	0.000000	
792.100000	22.499661	-38.709856	0.000000	
792.150000	22.572139	-38.729140	0.000000	
792.200000	22.644617	-38.748425	0.000000	
792.250000	22.717095	-38.767710	0.000000	
792.300000	22.789574	-38.786995	0.000000	
792.350000	22.862052	-38.806280	0.000000	
792.400000	22.934530	-38.825565	0.000000	
792.450000	23.007008	-38.844850	0.000000	
792.500000	23.079486	-38.864134	0.000000	
792.550000	23.151965	-38.883419	0.000000	
792.600000	23.224443	-38.902704	0.000000	
792.650000	23.296921	-38.921989	0.000000	
792.700000	23.369399	-38.941274	0.000000	
792.750000	23.441878	-38.960559	0.000000	
792.800000	23.514356	-38.979844	0.000000	
792.850000	23.586834	-38.999128	0.000000	
792.900000	23.659312	-39.018413	0.000000	
792.950000	23.731791	-39.037698	0.000000	
793.000000	23.804269	-39.056983	0.000000	
793.050000	23.876747	-39.076268	0.000000	
793.100000	23.949225	-39.095553	0.000000	
793.150000	24.021704	-39.114838	0.000000	
793.200000	24.094182	-39.134122	0.000000	
793.250000	24.166660	-39.153407	0.000000	
793.300000	24.239138	-39.172692	0.000000	
793.350000	24.311616	-39.191977	0.000000	
793.400000	24.384095	-39.211262	0.000000	
793.450000	24.456573	-39.230547	0.000000	
793.500000	24.529051	-39.249832	0.000000	
793.550000	24.601529	-39.269117	0.000000	
793.600000	24.674008	-39.288401	0.000000	
793.650000	24.746486	-39.307686	0.000000	
793.700000	24.818964	-39.326971	0.000000	
793.750000	24.891442	-39.346256	0.000000	
793.800000	24.963921	-39.365541	0.000000	
793.850000	25.036399	-39.384826	0.000000	
793.900000	25.108877	-39.404111	0.000000	
793.950000	25.181355	-39.423395	0.000000	
794.000000	25.253833	-39.442680	0.000000	
794.050000	25.326312	-39.461965	0.000000	
794.100000	25.398790	-39.481250	0.000000	
794.150000	25.471268	-39.500535	0.000000	
794.200000	25.543746	-39.519820	0.000000	
794.250000	25.616225	-39.539105	0.000000	
794.300000	25.688703	-39.558389	0.000000	
794.350000	25.761181	-39.577674	0.000000	
794.400000	25.833659	-39.596959	0.000000	
794.450000	25.906138	-39.616244	0.000000	
794.500000	25.978616	-39.635529	0.000000	
794.550000	26.051094	-39.654814	0.000000	
794.600000	26.123572	-39.674099	0.000000	
794.650000	26.196050	-39.693383	0.000000	
794.700000	26.268529	-39.712668	0.000000	
794.750000	26.341007	-39.731953	0.000000	
794.800000	26.413485	-39.751238	0.000000	
794.850000	26.485963	-39.770523	0.000000	
794.900000	26.558442	-39.789808	0.000000	
794.950000	26.630920	-39.809093	0.000000	
795.000000	26.703398	-39.828378	0.000000	
795.050000	26.775876	-39.847662	0.000000	
795.100000	26.848355	-39.866947	0.000000	
795.150000	26.920833	-39.886232	0.000000	
795.200000	26.993311	-39.905517	0.000000	
795.250000	27.065789	-39.924802	0.000000	
795.300000	27.138267	-39.944087	0.000000	
795.350000	27.210746	-39.963372	0.000000	
795.400000	27.283224	-39.982656	0.000000	
795.450000	27.355702	-40.001941	0.000000	
795.500000	27.428180	-40.021226	0.000000	
795.550000	27.500659	-40.040511	0.000000	
795.600000	27.573137	-40.059796	0.000000	
795.650000	27.645615	-40.079081	0.000000	
795.700000	27.718093	-40.098366	0.000000	
795.750000	27.790572	-40.117650	0.000000	
795.800000	27.863050	-40.136935	0.000000	
795.850000	27.935528	-40.156220	0.000000	
795.900000	28.008006	-40.175505	0.000000	
795.950000	28.080484	-40.194790	0.000000	
796.000000	28.152963	-40.214075	0.000000	
796.050000	28.225441	-40.233360	0.000000	
796.100000	28.297919	-40.252644	0.000000	
796.150000	28.370397	-40.271929	0.000000	
796.200000	28.442876	-40.291214	0.000000	
796.250000	28.515354	-40.310499	0.000000	
796.300000	28.588600	-40.325554	0.000000	
796.350000	28.663231	-40.332992	0.000000	
796.400000	28.737861	-40.340429	0.000000	
796.450000	28.812491	-40.347866	0.000000	
796.500000	28.887122	-40.355303	0.000000	
796.550000	28.961752	-40.362740	0.000000	
796.600000	29.036382	-40.370177	0.000000	
796.650000	29.111013	-40.377615	0.000000	
796.700000	29.185643	-40.385052	0.000000	
796.750000	29.260274	-40.392489	0.000000	
796.800000	29.334904	-40.399926	0.000000	
796.850000	29.409534	-40.407363	0.000000	
796.900000	29.484165	-40.414800	0.000000	
796.950000	29.558795	-40.422238	0.000000	
797.000000	29.633425	-40.429675	0.000000	
797.050000	29.708056	-40.437112	0.000000	
797.100000	29.782686	-40.444549	0.000000	
797.150000	29.857316	-40.451986	0.000000	
797.200000	29.931947	-40.459423	0.000000	
797.250000	30.006577	-40.466861	0.000000	
797.300000	30.081207	-40.474298	0.000000	
797.350000	30.155838	-40.481735	0.000000	
797.400000	30.230468	-40.489172	0.000000	
797.450000	30.305098	-40.496609	0.000000	
797.500000	30.379729	-40.504046	0.000000	
797.550000	30.454359	-40.511484	0.000000	
797.600000	30.528989	-40.518921	0.000000	
797.650000	30.603620	-40.526358	0.000000	
797.700000	30.678250	-40.533795	0.000000	
797.750000	30.752880	-40.541232	0.000000	
797.800000	30.827511	-40.548670	0.000000	
797.850000	30.902141	-40.556107	0.000000	
797.900000	30.976771	-40.563544	0.000000	
797.950000	31.051402	-40.570981	0.000000	
798.000000	31.126032	-40.578418	0.000000	
798.050000	31.200663	-40.585855	0.000000	
798.100000	31.275293	-40.593293	0.000000	
798.150000	31.349923	-40.600730	0.000000	
798.200000	31.424554	-40.608167	0.000000	
798.250000	31.499184	-40.615604	0.000000	
798.300000	31.573814	-40.623041	0.000000	
798.350000	31.648445	-40.630478	0.000000	
798.400000	31.723075	-40.637916	0.000000	
798.450000	31.797705	-40.645353	0.000000	
798.500000	31.872336	-40.652790	0.000000	
798.550000	31.946966	-40.660227	0.000000	
798.600000	32.021596	-40.667664	0.000000	
798.650000	32.096227	-40.675101	0.000000	
798.700000	32.170857	-40.682539	0.000000	
798.750000	32.245487	-40.689976	0.000000	
798.800000	32.320118	-40.697413	0.000000	
798.850000	32.394748	-40.704850	0.000000	
798.900000	32.469378	-40.712287	0.000000	
798.950000	32.544009	-40.719724	0.000000	
799.000000	32.618639	-40.727162	0.000000	
799.050000	32.693269	-40.734599	0.000000	
799.100000	32.767900	-40.742036	0.000000	
799.150000	32.842530	-40.749473	0.000000	
799.200000	32.917160	-40.756910	0.000000	
799.250000	32.991791	-40.764348	0.000000	
799.300000	33.066421	-40.771785	0.000000	
799.350000	33.141051	-40.779222	0.000000	
799.400000	33.215682	-40.786659	0.000000	
799.450000	33.290312	-40.794096	0.000000	
799.500000	33.364943	-40.801533	0.000000	
799.550000	33.439573	-40.808971	0.000000	
799.600000	33.514203	-40.816408	0.000000	
799.650000	33.588834	-40.823845	0.000000	
799.700000	33.663464	-40.831282	0.000000	
799.750000	33.738094	-40.838719	0.000000	
799.800000	33.812725	-40.846156	0.000000	
799.850000	33.887355	-40.853594	0.000000	
799.900000	33.961985	-40.861031	0.000000	
799.950000	34.036616	-40.868468	0.000000	
800.000000	34.111246	-40.875905	0.000000	
800.050000	34.185876	-40.883342	0.000000	
800.100000	34.260507	-40.890779	0.000000	
800.150000	34.335137	-40.898217	0.000000	
800.200000	34.409767	-40.905654	0.000000	
800.250000	34.484398	-40.913091	0.000000	
800.300000	34.559028	-40.920528	0.000000	
800.350000	34.633658	-40.927965	0.000000	
800.400000	34.708289	-40.935402	0.000000	
800.450000	34.782919	-40.942840	0.000000	
800.500000	34.857549	-40.950277	0.000000	
800.550000	34.932180	-40.957714	0.000000	
800.600000	35.006810	-40.965151	0.000000	
800.650000	35.081440	-40.972588	0.000000	
800.700000	35.156071	-40.980026	0.000000	
800.750000	35.230701	-40.987463	0.000000	
800.800000	35.305332	-40.994900	0.000000	
800.850000	35.379962	-41.002337	0.000000	
800.900000	35.454592	-41.009774	0.000000	
800.950000	35.529223	-41.017211	0.000000	
801.000000	35.603853	-41.024649	0.000000	
801.050000	35.678483	-41.032086	0.000000	
801.100000	35.753114	-41.039523	0.000000	
801.150000	35.827744	-41.046960	0.000000	
801.200000	35.902374	-41.054397	0.000000	
801.250000	35.977005	-41.061834	0.000000	
801.300000	36.051635	-41.069272	0.000000	
801.350000	36.126265	-41.076709	0.000000	
801.400000	36.200896	-41.084146	0.000000	
801.450000	36.275526	-41.091583	0.000000	
801.500000	36.350156	-41.099020	0.000000	
801.550000	36.424787	-41.106457	0.000000	
801.600000	36.499417	-41.113895	0.000000	
801.650000	36.574047	-41.121332	0.000000	
801.700000	36.648678	-41.128769	0.000000	
801.750000	36.723308	-41.136206	0.000000	
801.800000	36.797938	-41.143643	0.000000	
801.850000	36.872569	-41.151080	0.000000	
801.900000	36.947199	-41.158518	0.000000	
801.950000	37.021829	-41.165955	0.000000	
802.000000	37.096460	-41.173392	0.000000	
802.050000	37.171090	-41.180829	0.000000	
802.100000	37.245720	-41.188266	0.000000	
802.150000	37.320351	-41.195703	0.000000	
802.200000	37.394981	-41.203141	0.000000	
802.250000	37.469612	-41.210578	0.000000	
802.300000	37.544242	-41.218015	0.000000	
802.350000	37.618872	-41.225452	0.000000	
802.400000	37.693503	-41.232889	0.000000	
802.450000	37.768133	-41.240327	0.000000	
802.500000	37.842763	-41.247764	0.000000	
802.550000	37.917394	-41.255201	0.000000	
802.600000	37.992024	-41.262638	0.000000	
802.650000	38.066654	-41.270075	0.000000	
802.700000	38.141285	-41.277512	0.000000	
802.750000	38.215915	-41.284950	0.000000	
802.800000	38.290545	-41.292387	0.000000	
802.850000	38.365176	-41.299824	0.000000	
802.900000	38.439806	-41.307261	0.000000	
802.950000	38.514436	-41.314698	0.000000	
803.000000	38.589067	-41.322135	0.000000	
803.050000	38.663697	-41.329573	0.000000	
803.100000	38.738327	-41.337010	0.000000	
803.150000	38.812958	-41.344447	0.000000	
803.200000	38.887588	-41.351884	0.000000	
803.250000	38.962218	-41.359321	0.000000	
803.300000	39.036849	-41.366758	0.000000	
803.350000	39.111479	-41.374196	0.000000	
803.400000	39.186109	-41.381633	0.000000	
803.450000	39.260740	-41.389070	0.000000	
803.500000	39.335370	-41.396507	0.000000	
803.550000	39.410001	-41.403944	0.000000	
803.600000	39.484631	-41.411381	0.000000	
803.650000	39.559261	-41.418819	0.000000	
803.700000	39.633892	-41.426256	0.000000	
803.750000	39.708522	-41.433693	0.000000	
803.800000	39.713275	-41.420631	0.000000	
803.850000	39.646455	-41.386571	0.000000	
803.900000	39.579634	-41.352512	0.000000	
803.950000	39.512814	-41.318452	0.000000	
804.000000	39.445994	-41.284393	0.000000	
804.050000	39.379174	-41.250333	0.000000	
804.100000	39.312353	-41.216274	0.000000	
804.150000	39.245533	-41.182214	0.000000	
804.200000	39.178713	-41.148154	0.000000	
804.250000	39.111892	-41.114095	0.000000	
804.300000	39.045072	-41.080035	0.000000	
804.350000	38.978252	-41.045976	0.000000	
804.400000	38.911432	-41.011916	0.000000	
804.450000	38.844611	-40.977857	0.000000	
804.500000	38.777791	-40.943797	0.000000	
804.550000	38.710971	-40.909738	0.000000	
804.600000	38.644151	-40.875678	0.000000	
804.650000	38.577330	-40.841619	0.000000	
804.700000	38.510510	-40.807559	0.000000	
804.750000	38.443690	-40.773500	0.000000	
804.800000	38.376869	-40.739440	0.000000	
804.850000	38.310049	-40.705381	0.000000	
804.900000	38.243229	-40.671321	0.000000	
804.950000	38.176409	-40.637262	0.000000	
805.000000	38.109588	-40.603202	0.000000	
805.050000	38.042768	-40.569143	0.000000	
805.100000	37.975948	-40.535083	0.000000	
805.150000	37.909128	-40.501024	0.000000	
805.200000	37.842307	-40.466964	0.000000	
805.250000	37.775487	-40.432905	0.000000	
805.300000	37.708667	-40.398845	0.000000	
805.350000	37.641846	-40.364786	0.000000	
805.400000	37.575026	-40.330726	0.000000	
805.450000	37.508206	-40.296667	0.000000	
805.500000	37.441386	-40.262607	0.000000	
805.550000	37.374565	-40.228547	0.000000	
805.600000	37.307745	-40.194488	0.000000	
805.650000	37.240925	-40.160428	0.000000	
805.700000	37.174105	-40.126369	0.000000	
805.750000	37.107284	-40.092309	0.000000	
805.800000	37.040464	-40.058250	0.000000	
805.850000	36.973644	-40.024190	0.000000	
805.900000	36.906823	-39.990131	0.000000	
805.950000	36.840003	-39.956071	0.000000	
806.000000	36.773183	-39.922012	0.000000	
806.050000	36.706363	-39.887952	0.000000	
806.100000	36.639542	-39.853893	0.000000	
806.150000	36.572722	-39.819833	0.000000	
806.200000	36.505902	-39.785774	0.000000	
806.250000	36.439081	-39.751714	0.000000	
806.300000	36.372261	-39.717655	0.000000	
806.350000	36.305441	-39.683595	0.000000	
806.400000	36.238621	-39.649536	0.000000	
806.450000	36.171800	-39.615476	0.000000	
806.500000	36.104980	-39.581417	0.000000	
806.550000	36.038160	-39.547357	0.000000	
806.600000	35.971340	-39.513298	0.000000	
806.650000	35.904519	-39.479238	0.000000	
806.700000	35.837699	-39.445179	0.000000	
806.750000	35.770879	-39.411119	0.000000	
806.800000	35.704058	-39.377060	0.000000	
806.850000	35.637238	-39.343000	0.000000	
806.900000	35.570418	-39.308940	0.000000	
806.950000	35.503598	-39.274881	0.000000	
807.000000	35.436777	-39.240821	0.000000	
807.050000	35.369957	-39.206762	0.000000	
807.100000	35.303137	-39.172702	0.000000	
807.150000	35.236317	-39.138643	0.000000	
807.200000	35.169496	-39.104583	0.000000	
807.250000	35.102676	-39.070524	0.000000	
807.300000	35.035856	-39.036464	0.000000	
807.350000	34.969035	-39.002405	0.000000	
807.400000	34.902215	-38.968345	0.000000	
807.450000	34.835395	-38.934286	0.000000	
807.500000	34.768575	-38.900226	0.000000	
807.550000	34.701754	-38.866167	0.000000	
807.600000	34.634934	-38.832107	0.000000	
807.650000	34.568114	-38.798048	0.000000	
807.700000	34.501293	-38.763988	0.000000	
807.750000	34.434473	-38.729929	0.000000	
807.800000	34.367653	-38.695869	0.000000	
807.850000	34.300833	-38.661810	0.000000	
807.900000	34.234012	-38.627750	0.000000	
807.950000	34.167192	-38.593691	0.000000	
808.000000	34.100372	-38.559631	0.000000	
808.050000	34.033552	-38.525572	0.000000	
808.100000	33.966731	-38.491512	0.000000	
808.150000	33.899911	-38.457453	0.000000	
808.200000	33.833091	-38.423393	0.000000	
808.250000	33.766270	-38.389333	0.000000	
808.300000	33.699450	-38.355274	0.000000	
808.350000	33.632630	-38.321214	0.000000	
808.400000	33.565810	-38.287155	0.000000	
808.450000	33.498989	-38.253095	0.000000	
808.500000	33.432169	-38.219036	0.000000	
808.550000	33.365349	-38.184976	0.000000	
808.600000	33.298529	-38.150917	0.000000	
808.650000	33.231708	-38.116857	0.000000	
808.700000	33.164888	-38.082798	0.000000	
808.750000	33.098068	-38.048738	0.000000	
808.800000	33.031247	-38.014679	0.000000	
808.850000	32.964427	-37.980619	0.000000	
808.900000	32.897607	-37.946560	0.000000	
808.950000	32.830787	-37.912500	0.000000	
809.000000	32.763966	-37.878441	0.000000	
809.050000	32.697146	-37.844381	0.000000	
809.100000	32.630326	-37.810322	0.000000	
809.150000	32.563505	-37.776262	0.000000	
809.200000	32.496685	-37.742203	0.000000	
809.250000	32.429865	-37.708143	0.000000	
809.300000	32.363045	-37.674084	0.000000	
809.350000	32.296224	-37.640024	0.000000	
809.400000	32.229404	-37.605965	0.000000	
809.450000	32.162584	-37.571905	0.000000	
809.500000	32.095764	-37.537846	0.000000	
809.550000	32.028943	-37.503786	0.000000	
809.600000	31.962123	-37.469726	0.000000	
809.650000	31.895303	-37.435667	0.000000	
809.700000	31.828482	-37.401607	0.000000	
809.750000	31.761662	-37.367548	0.000000	
809.800000	31.694842	-37.333488	0.000000	
809.850000	31.628022	-37.299429	0.000000	
809.900000	31.561201	-37.265369	0.000000	
809.950000	31.494381	-37.231310	0.000000	
810.000000	31.427561	-37.197250	0.000000	
810.050000	31.360741	-37.163191	0.000000	
810.100000	31.293920	-37.129131	0.000000	
810.150000	31.227100	-37.095072	0.000000	
810.200000	31.160280	-37.061012	0.000000	
810.250000	31.093459	-37.026953	0.000000	
810.300000	31.026639	-36.992893	0.000000	
810.350000	30.959819	-36.958834	0.000000	
810.400000	30.892999	-36.924774	0.000000	
810.450000	30.826178	-36.890715	0.000000	
810.500000	30.759358	-36.856655	0.000000	
810.550000	30.692538	-36.822596	0.000000	
810.600000	30.625718	-36.788536	0.000000	
810.650000	30.558897	-36.754477	0.000000	
810.700000	30.492077	-36.720417	0.000000	
810.750000	30.425257	-36.686358	0.000000	
810.800000	30.358436	-36.652298	0.000000	
810.850000	30.291616	-36.618239	0.000000	
810.900000	30.224796	-36.584179	0.000000	
810.950000	30.157976	-36.550119	0.000000	
811.000000	30.091155	-36.516060	0.000000	
811.050000	30.024335	-36.482000	0.000000	
811.100000	29.957515	-36.447941	0.000000	
811.150000	29.890694	-36.413881	0.000000	
811.200000	29.823874	-36.379822	0.000000	
811.250000	29.757054	-36.345762	0.000000	
811.300000	29.690234	-36.311703	0.000000	
811.350000	29.623413	-36.277643	0.000000	
811.400000	29.556593	-36.243584	0.000000	
811.450000	29.489773	-36.209524	0.000000	
811.500000	29.422953	-36.175465	0.000000	
811.550000	29.356132	-36.141405	0.000000	
811.600000	29.289312	-36.107346	0.000000	
811.650000	29.222492	-36.073286	0.000000	
811.700000	29.155671	-36.039227	0.000000	
811.750000	29.088851	-36.005167	0.000000	
811.800000	29.022031	-35.971108	0.000000	
811.850000	28.955211	-35.937048	0.000000	
811.900000	28.888390	-35.902989	0.000000	
811.950000	28.821570	-35.868929	0.000000	
812.000000	28.754750	-35.834870	0.000000	
812.050000	28.687930	-35.800810	0.000000	
812.100000	28.621109	-35.766751	0.000000	
812.150000	28.554289	-35.732691	0.000000	
812.200000	28.487469	-35.698632	0.000000	
812.250000	28.420648	-35.664572	0.000000	
812.300000	28.353828	-35.630512	0.000000	
812.350000	28.287008	-35.596453	0.000000	
812.400000	28.220188	-35.562393	0.000000	
812.450000	28.153367	-35.528334	0.000000	
812.500000	28.086547	-35.494274	0.000000	
812.550000	28.019727	-35.460215	0.000000	
812.600000	27.952906	-35.426155	0.000000	
812.650000	27.886086	-35.392096	0.000000	
812.700000	27.819266	-35.358036	0.000000	
812.750000	27.752446	-35.323977	0.000000	
812.800000	27.685625	-35.289917	0.000000	
812.850000	27.618805	-35.255858	0.000000	
812.900000	27.551985	-35.221798	0.000000	
812.950000	27.485165	-35.187739	0.000000	
813.000000	27.418344	-35.153679	0.000000	
813.050000	27.351524	-35.119620	0.000000	
813.100000	27.284704	-35.085560	0.000000	
813.150000	27.217883	-35.051501	0.000000	
813.200000	27.151063	-35.017441	0.000000	
813.250000	27.084243	-34.983382	0.000000	
813.300000	27.017423	-34.949322	0.000000	
813.350000	26.950602	-34.915263	0.000000	
813.400000	26.883782	-34.881203	0.000000	
813.450000	26.816962	-34.847144	0.000000	
813.500000	26.750142	-34.813084	0.000000	
813.550000	26.683321	-34.779025	0.000000	
813.600000	26.616501	-34.744965	0.000000	
813.650000	26.549681	-34.710905	0.000000	
813.700000	26.482860	-34.676846	0.000000	
813.750000	26.416040	-34.642786	0.000000	
813.800000	26.349220	-34.608727	0.000000	
813.850000	26.282400	-34.574667	0.000000	
813.900000	26.215579	-34.540608	0.000000	
813.950000	26.148759	-34.506548	0.000000	
814.000000	26.081939	-34.472489	0.000000	
814.050000	26.015119	-34.438429	0.000000	
814.100000	25.948298	-34.404370	0.000000	
814.150000	25.881478	-34.370310	0.000000	
814.200000	25.814658	-34.336251	0.000000	
814.250000	25.747837	-34.302191	0.000000	
814.300000	25.681017	-34.268132	0.000000	
814.350000	25.614197	-34.234072	0.000000	
814.400000	25.547377	-34.200013	0.000000	
814.450000	25.480556	-34.165953	0.000000	
814.500000	25.413736	-34.131894	0.000000	
814.550000	25.346916	-34.097834	0.000000	
814.600000	25.280095	-34.063775	0.000000	
814.650000	25.213275	-34.029715	0.000000	
814.700000	25.146455	-33.995656	0.000000	
814.750000	25.079635	-33.961596	0.000000	
814.800000	25.012814	-33.927537	0.000000	
814.850000	24.945994	-33.893477	0.000000	
814.900000	24.879174	-33.859418	0.000000	
814.950000	24.812354	-33.825358	0.000000	
815.000000	24.806875	-33.886283	0.000000	
815.050000	24.810431	-33.961199	0.000000	
815.100000	24.813987	-34.036115	0.000000	
815.150000	24.817544	-34.111030	0.000000	
815.200000	24.821100	-34.185946	0.000000	
815.250000	24.824656	-34.260862	0.000000	
815.300000	24.828213	-34.335777	0.000000	
815.350000	24.831769	-34.410693	0.000000	
815.400000	24.835325	-34.485609	0.000000	
815.450000	24.838881	-34.560524	0.000000	
815.500000	24.842438	-34.635440	0.000000	
815.550000	24.845994	-34.710356	0.000000	
815.600000	24.849550	-34.785271	0.000000	
815.650000	24.853106	-34.860187	0.000000	
815.700000	24.856663	-34.935102	0.000000	
815.750000	24.860219	-35.010018	0.000000	
815.800000	24.863775	-35.084934	0.000000	
815.850000	24.867332	-35.159849	0.000000	
815.900000	24.870888	-35.234765	0.000000	
815.950000	24.874444	-35.309681	0.000000	
816.000000	24.878000	-35.384596	0.000000	
816.050000	24.881557	-35.459512	0.000000	
816.100000	24.885113	-35.534428	0.000000	
816.150000	24.888669	-35.609343	0.000000	
816.200000	24.892226	-35.684259	0.000000	
816.250000	24.895782	-35.759174	0.000000	
816.300000	24.899338	-35.834090	0.000000	
816.350000	24.902894	-35.909006	0.000000	
816.400000	24.906451	-35.983921	0.000000	
816.450000	24.910007	-36.058837	0.000000	
816.500000	24.913563	-36.133753	0.000000	
816.550000	24.917119	-36.208668	0.000000	
816.600000	24.920676	-36.283584	0.000000	
816.650000	24.924232	-36.358500	0.000000	
816.700000	24.927788	-36.433415	0.000000	
816.750000	24.931345	-36.508331	0.000000	
816.800000	24.934901	-36.583246	0.000000	
816.850000	24.938457	-36.658162	0.000000	
816.900000	24.942013	-36.733078	0.000000	
816.950000	24.945570	-36.807993	0.000000	
817.000000	24.949126	-36.882909	0.000000	
817.050000	24.952682	-36.957825	0.000000	
817.100000	24.956238	-37.032740	0.000000	
817.150000	24.959795	-37.107656	0.000000	
817.200000	24.963351	-37.182572	0.000000	
817.250000	24.966907	-37.257487	0.000000	
817.300000	24.970464	-37.332403	0.000000	
817.350000	24.974020	-37.407319	0.000000	
817.400000	24.977576	-37.482234	0.000000	
817.450000	24.981132	-37.557150	0.000000	
817.500000	24.984689	-37.632065	0.000000	
817.550000	24.988245	-37.706981	0.000000	
817.600000	24.991801	-37.781897	0.000000	
817.650000	24.995357	-37.856812	0.000000	
817.700000	24.998914	-37.931728	0.000000	
817.750000	25.002470	-38.006644	0.000000	
817.800000	25.006026	-38.081559	0.000000	
817.850000	25.009583	-38.156475	0.000000	
817.900000	25.013139	-38.231391	0.000000	
817.950000	25.016695	-38.306306	0.000000	
818.000000	25.020251	-38.381222	0.000000	
818.050000	25.023808	-38.456137	0.000000	
818.100000	25.027364	-38.531053	0.000000	
818.150000	25.030920	-38.605969	0.000000	
818.200000	25.034476	-38.680884	0.000000	
818.250000	25.038033	-38.755800	0.000000	
818.300000	25.041589	-38.830716	0.000000	
818.350000	25.045145	-38.905631	0.000000	
818.400000	25.048702	-38.980547	0.000000	
818.450000	25.052258	-39.055463	0.000000	
818.500000	25.055814	-39.130378	0.000000	
818.550000	25.059370	-39.205294	0.000000	
818.600000	25.062927	-39.280209	0.000000	
818.650000	25.066483	-39.355125	0.000000	
818.700000	25.070039	-39.430041	0.000000	
818.750000	25.073595	-39.504956	0.000000	
818.800000	25.077152	-39.579872	0.000000	
818.850000	25.080708	-39.654788	0.000000	
818.900000	25.084264	-39.729703	0.000000	
818.950000	25.087821	-39.804619	0.000000	
819.000000	25.091377	-39.879535	0.000000	
819.050000	25.094933	-39.954450	0.000000	
819.100000	25.098489	-40.029366	0.000000	
819.150000	25.102046	-40.104282	0.000000	
819.200000	25.105602	-40.179197	0.000000	
819.250000	25.109158	-40.254113	0.000000	
819.300000	25.112715	-40.329028	0.000000	
819.350000	25.116271	-40.403944	0.000000	
819.400000	25.119827	-40.478860	0.000000	
819.450000	25.123383	-40.553775	0.000000	
819.500000	25.126940	-40.628691	0.000000	
819.550000	25.130496	-40.703607	0.000000	
819.600000	25.134052	-40.778522	0.000000	
819.650000	25.137608	-40.853438	0.000000	
819.700000	25.141165	-40.928354	0.000000	
819.750000	25.144721	-41.003269	0.000000	
819.800000	25.148277	-41.078185	0.000000	
819.850000	25.151834	-41.153100	0.000000	
819.900000	25.155390	-41.228016	0.000000	
819.950000	25.158946	-41.302932	0.000000	
820.000000	25.162502	-41.377847	0.000000	
820.050000	25.166059	-41.452763	0.000000	
820.100000	25.169615	-41.527679	0.000000	
820.150000	25.173171	-41.602594	0.000000	
820.200000	25.176727	-41.677510	0.000000	
820.250000	25.180284	-41.752426	0.000000	
820.300000	25.183840	-41.827341	0.000000	
820.350000	25.187396	-41.902257	0.000000	
820.400000	25.190953	-41.977172	0.000000	
820.450000	25.194509	-42.052088	0.000000	
820.500000	25.198065	-42.127004	0.000000	
820.550000	25.201621	-42.201919	0.000000	
820.600000	25.205178	-42.276835	0.000000	
820.650000	25.208734	-42.351751	0.000000	
820.700000	25.212290	-42.426666	0.000000	
820.750000	25.215846	-42.501582	0.000000	
820.800000	25.219403	-42.576498	0.000000	
820.850000	25.222959	-42.651413	0.000000	
820.900000	25.226515	-42.726329	0.000000	
820.950000	25.230072	-42.801244	0.000000	
821.000000	25.233628	-42.876160	0.000000	
821.050000	25.237184	-42.951076	0.000000	
821.100000	25.240740	-43.025991	0.000000	
821.150000	25.244297	-43.100907	0.000000	
821.200000	25.247853	-43.175823	0.000000	
821.250000	25.251409	-43.250738	0.000000	
821.300000	25.254965	-43.325654	0.000000	
821.350000	25.258522	-43.400570	0.000000	
821.400000	25.262078	-43.475485	0.000000	
821.450000	25.265634	-43.550401	0.000000	
821.500000	25.269191	-43.625317	0.000000	
821.550000	25.272747	-43.700232	0.000000	
821.600000	25.276303	-43.775148	0.000000	
821.650000	25.279859	-43.850063	0.000000	
821.700000	25.283416	-43.924979	0.000000	
821.750000	25.286972	-43.999895	0.000000	
821.800000	25.290528	-44.074810	0.000000	
821.850000	25.294085	-44.149726	0.000000	
821.900000	25.297641	-44.224642	0.000000	
821.950000	25.301197	-44.299557	0.000000	
822.000000	25.304753	-44.374473	0.000000	
822.050000	25.308310	-44.449389	0.000000	
822.100000	25.311866	-44.524304	0.000000	
822.150000	25.315422	-44.599220	0.000000	
822.200000	25.318978	-44.674135	0.000000	
822.250000	25.322535	-44.749051	0.000000	
822.300000	25.326091	-44.823967	0.000000	
822.350000	25.329647	-44.898882	0.000000	
822.400000	25.333204	-44.973798	0.000000	
822.450000	25.336760	-45.048714	0.000000	
822.500000	25.340316	-45.123629	0.000000	
822.550000	25.343872	-45.198545	0.000000	
822.600000	25.347429	-45.273461	0.000000	
822.650000	25.350985	-45.348376	0.000000	
822.700000	25.354541	-45.423292	0.000000	
822.750000	25.358097	-45.498207	0.000000	
822.800000	25.361654	-45.573123	0.000000	
822.850000	25.365210	-45.648039	0.000000	
822.900000	25.368766	-45.722954	0.000000	
822.950000	25.372323	-45.797870	0.000000	
823.000000	25.375879	-45.872786	0.000000	
823.050000	25.379435	-45.947701	0.000000	
823.100000	25.382991	-46.022617	0.000000	
823.150000	25.386548	-46.097533	0.000000	
823.200000	25.390104	-46.172448	0.000000	
823.250000	25.393660	-46.247364	0.000000	
823.300000	25.397216	-46.322280	0.000000	
823.350000	25.400773	-46.397195	0.000000	
823.400000	25.429779	-46.340802	0.000000	
823.450000	25.461066	-46.272639	0.000000	
823.500000	25.492352	-46.204477	0.000000	
823.550000	25.523639	-46.136314	0.000000	
823.600000	25.554926	-46.068152	0.000000	
823.650000	25.586213	-45.999989	0.000000	
823.700000	25.617500	-45.931827	0.000000	
823.750000	25.648787	-45.863664	0.000000	
823.800000	25.680074	-45.795502	0.000000	
823.850000	25.711361	-45.727339	0.000000	
823.900000	25.742648	-45.659177	0.000000	
823.950000	25.773935	-45.591014	0.000000	
824.000000	25.805222	-45.522852	0.000000	
824.050000	25.836508	-45.454689	0.000000	
824.100000	25.867795	-45.386527	0.000000	
824.150000	25.899082	-45.318364	0.000000	
824.200000	25.930369	-45.250202	0.000000	
824.250000	25.961656	-45.182039	0.000000	
824.300000	25.992943	-45.113876	0.000000	
824.350000	26.024230	-45.045714	0.000000	
824.400000	26.055517	-44.977551	0.000000	
824.450000	26.086804	-44.909389	0.000000	
824.500000	26.118091	-44.841226	0.000000	
824.550000	26.149378	-44.773064	0.000000	
824.600000	26.180665	-44.704901	0.000000	
824.650000	26.211951	-44.636739	0.000000	
824.700000	26.243238	-44.568576	0.000000	
824.750000	26.274525	-44.500414	0.000000	
824.800000	26.305812	-44.432251	0.000000	
824.850000	26.337099	-44.364089	0.000000	
824.900000	26.368386	-44.295926	0.000000	
824.950000	26.399673	-44.227764	0.000000	
825.000000	26.430960	-44.159601	0.000000	
825.050000	26.462247	-44.091439	0.000000	
825.100000	26.493534	-44.023276	0.000000	
825.150000	26.524821	-43.955114	0.000000	
825.200000	26.556107	-43.886951	0.000000	
825.250000	26.587394	-43.818789	0.000000	
825.300000	26.618681	-43.750626	0.000000	
825.350000	26.649968	-43.682464	0.000000	
825.400000	26.681255	-43.614301	0.000000	
825.450000	26.712542	-43.546139	0.000000	
825.500000	26.743829	-43.477976	0.000000	
825.550000	26.775116	-43.409814	0.000000	
825.600000	26.806403	-43.341651	0.000000	
825.650000	26.837690	-43.273488	0.000000	
825.700000	26.868977	-43.205326	0.000000	
825.750000	26.900263	-43.137163	0.000000	
825.800000	26.931550	-43.069001	0.000000	
825.850000	26.962837	-43.000838	0.000000	
825.900000	26.994124	-42.932676	0.000000	
825.950000	27.025411	-42.864513	0.000000	
826.000000	27.056698	-42.796351	0.000000	
826.050000	27.087985	-42.728188	0.000000	
826.100000	27.119272	-42.660026	0.000000	
826.150000	27.150559	-42.591863	0.000000	
826.200000	27.181846	-42.523701	0.000000	
826.250000	27.213133	-42.455538	0.000000	
826.300000	27.244420	-42.387376	0.000000	
826.350000	27.275706	-42.319213	0.000000	
826.400000	27.306993	-42.251051	0.000000	
826.450000	27.338280	-42.182888	0.000000	
826.500000	27.369567	-42.114726	0.000000	
826.550000	27.400854	-42.046563	0.000000	
826.600000	27.432141	-41.978401	0.000000	
826.650000	27.463428	-41.910238	0.000000	
826.700000	27.494715	-41.842076	0.000000	
826.750000	27.526002	-41.773913	0.000000	
826.800000	27.557289	-41.705751	0.000000	
826.850000	27.588576	-41.637588	0.000000	
826.900000	27.619862	-41.569425	0.000000	
826.950000	27.651149	-41.501263	0.000000	
827.000000	27.682436	-41.433100	0.000000	
827.050000	27.713723	-41.364938	0.000000	
827.100000	27.745010	-41.296775	0.000000	
827.150000	27.776297	-41.228613	0.000000	
827.200000	27.807584	-41.160450	0.000000	
827.250000	27.838871	-41.092288	0.000000	
827.300000	27.870158	-41.024125	0.000000	
827.350000	27.901445	-40.955963	0.000000	
827.400000	27.932732	-40.887800	0.000000	
827.450000	27.964019	-40.819638	0.000000	
827.500000	27.995305	-40.751475	0.000000	
827.550000	28.026592	-40.683313	0.000000	
827.600000	28.057879	-40.615150	0.000000	
827.650000	28.089166	-40.546988	0.000000	
827.700000	28.120453	-40.478825	0.000000	
827.750000	28.151740	-40.410663	0.000000	
827.800000	28.183027	-40.342500	0.000000	
827.850000	28.214314	-40.274338	0.000000	
827.900000	28.245601	-40.206175	0.000000	
827.950000	28.276888	-40.138013	0.000000	
828.000000	28.308175	-40.069850	0.000000	
828.050000	28.339461	-40.001688	0.000000	
828.100000	28.370748	-39.933525	0.000000	
828.150000	28.402035	-39.865362	0.000000	
828.200000	28.433322	-39.797200	0.000000	
828.250000	28.464609	-39.729037	0.000000	
828.300000	28.495896	-39.660875	0.000000	
828.350000	28.527183	-39.592712	0.000000	
828.400000	28.558470	-39.524550	0.000000	
828.450000	28.589757	-39.456387	0.000000	
828.500000	28.621044	-39.388225	0.000000	
828.550000	28.652331	-39.320062	0.000000	
828.600000	28.683618	-39.251900	0.000000	
828.650000	28.714904	-39.183737	0.000000	
828.700000	28.746191	-39.115575	0.000000	
828.750000	28.777478	-39.047412	0.000000	
828.800000	28.808765	-38.979250	0.000000	
828.850000	28.840052	-38.911087	0.000000	
828.900000	28.871339	-38.842925	0.000000	
828.950000	28.902626	-38.774762	0.000000	
829.000000	28.933913	-38.706600	0.000000	
829.050000	28.965200	-38.638437	0.000000	
829.100000	28.996487	-38.570275	0.000000	
829.150000	29.027774	-38.502112	0.000000	
829.200000	29.059060	-38.433950	0.000000	
829.250000	29.090347	-38.365787	0.000000	
829.300000	29.121634	-38.297625	0.000000	
829.350000	29.152921	-38.229462	0.000000	
829.400000	29.184208	-38.161299	0.000000	
829.450000	29.215495	-38.093137	0.000000	
829.500000	29.246782	-38.024974	0.000000	
829.550000	29.278069	-37.956812	0.000000	
829.600000	29.309356	-37.888649	0.000000	
829.650000	29.340643	-37.820487	0.000000	
829.700000	29.371930	-37.752324	0.000000	
829.750000	29.403217	-37.684162	0.000000	
829.800000	29.434503	-37.615999	0.000000	
829.850000	29.465790	-37.547837	0.000000	
829.900000	29.497077	-37.479674	0.000000	
829.950000	29.528364	-37.411512	0.000000	
830.000000	29.559651	-37.343349	0.000000	
830.050000	29.590938	-37.275187	0.000000	
830.100000	29.622225	-37.207024	0.000000	
830.150000	29.653512	-37.138862	0.000000	
830.200000	29.684799	-37.070699	0.000000	
830.250000	29.716086	-37.002537	0.000000	
830.300000	29.747373	-36.934374	0.000000	
830.350000	29.700139	-36.888352	0.000000	
830.400000	29.637852	-36.846573	0.000000	
830.450000	29.575566	-36.804794	0.000000	
830.500000	29.513280	-36.763016	0.000000	
830.550000	29.450994	-36.721237	0.000000	
830.600000	29.388708	-36.679459	0.000000	
830.650000	29.326422	-36.637680	0.000000	
830.700000	29.264136	-36.595902	0.000000	
830.750000	29.201850	-36.554123	0.000000	
830.800000	29.139564	-36.512345	0.000000	
830.850000	29.077278	-36.470566	0.000000	
830.900000	29.014992	-36.428788	0.000000	
830.950000	28.952706	-36.387009	0.000000	
831.000000	28.890420	-36.345231	0.000000	
831.050000	28.828134	-36.303452	0.000000	
831.100000	28.765848	-36.261673	0.000000	
831.150000	28.703561	-36.219895	0.000000	
831.200000	28.641275	-36.178116	0.000000	
831.250000	28.578989	-36.136338	0.000000	
831.300000	28.516703	-36.094559	0.000000	
831.350000	28.454417	-36.052781	0.000000	
831.400000	28.392131	-36.011002	0.000000	
831.450000	28.329845	-35.969224	0.000000	
831.500000	28.267559	-35.927445	0.000000	
831.550000	28.205273	-35.885667	0.000000	
831.600000	28.142987	-35.843888	0.000000	
831.650000	28.080701	-35.802110	0.000000	
831.700000	28.018415	-35.760331	0.000000	
831.750000	27.956129	-35.718552	0.000000	
831.800000	27.893843	-35.676774	0.000000	
831.850000	27.831557	-35.634995	0.000000	
831.900000	27.769271	-35.593217	0.000000	
831.950000	27.706984	-35.551438	0.000000	
832.000000	27.644698	-35.509660	0.000000	
832.050000	27.582412	-35.467881	0.000000	
832.100000	27.520126	-35.426103	0.000000	
832.150000	27.457840	-35.384324	0.000000	
832.200000	27.395554	-35.342546	0.000000	
832.250000	27.333268	-35.300767	0.000000	
832.300000	27.270982	-35.258989	0.000000	
832.350000	27.208696	-35.217210	0.000000	
832.400000	27.146410	-35.175431	0.000000	
832.450000	27.084124	-35.133653	0.000000	
832.500000	27.021838	-35.091874	0.000000	
832.550000	26.959552	-35.050096	0.000000	
832.600000	26.897266	-35.008317	0.000000	
832.650000	26.834980	-34.966539	0.000000	
832.700000	26.772694	-34.924760	0.000000	
832.750000	26.710407	-34.882982	0.000000	
832.800000	26.648121	-34.841203	0.000000	
832.850000	26.585835	-34.799425	0.000000	
832.900000	26.523549	-34.757646	0.000000	
832.950000	26.461263	-34.715868	0.000000	
833.000000	26.398977	-34.674089	0.000000	
833.050000	26.336691	-34.632310	0.000000	
833.100000	26.274405	-34.590532	0.000000	
833.150000	26.212119	-34.548753	0.000000	
833.200000	26.149833	-34.506975	0.000000	
833.250000	26.087547	-34.465196	0.000000	
833.300000	26.025261	-34.423418	0.000000	
833.350000	25.962975	-34.381639	0.000000	
833.400000	25.900689	-34.339861	0.000000	
833.450000	25.838403	-34.298082	0.000000	
833.500000	25.776117	-34.256304	0.000000	
833.550000	25.713830	-34.214525	0.000000	
833.600000	25.651544	-34.172747	0.000000	
833.650000	25.589258	-34.130968	0.000000	
833.700000	25.526972	-34.089189	0.000000	
833.750000	25.464686	-34.047411	0.000000	
833.800000	25.402400	-34.005632	0.000000	
833.850000	25.340114	-33.963854	0.000000	
833.900000	25.277828	-33.922075	0.000000	
833.950000	25.215542	-33.880297	0.000000	
834.000000	25.153256	-33.838518	0.000000	
834.050000	25.090970	-33.796740	0.000000	
834.100000	25.028684	-33.754961	0.000000	
834.150000	24.966398	-33.713183	0.000000	
834.200000	24.904112	-33.671404	0.000000	
834.250000	24.841826	-33.629626	0.000000	
834.300000	24.779539	-33.587847	0.000000	
834.350000	24.717253	-33.546068	0.000000	
834.400000	24.654967	-33.504290	0.000000	
834.450000	24.592681	-33.462511	0.000000	
834.500000	24.530395	-33.420733	0.000000	
834.550000	24.468109	-33.378954	0.000000	
834.600000	24.405823	-33.337176	0.000000	
834.650000	24.343537	-33.295397	0.000000	
834.700000	24.281251	-33.253619	0.000000	
834.750000	24.218965	-33.211840	0.000000	
834.800000	24.156679	-33.170062	0.000000	
834.850000	24.094393	-33.128283	0.000000	
834.900000	24.032107	-33.086505	0.000000	
834.950000	23.969821	-33.044726	0.000000	
835.000000	23.907535	-33.002947	0.000000	
835.050000	23.845249	-32.961169	0.000000	
835.100000	23.782962	-32.919390	0.000000	
835.150000	23.720676	-32.877612	0.000000	
835.200000	23.658390	-32.835833	0.000000	
835.250000	23.596104	-32.794055	0.000000	
835.300000	23.533818	-32.752276	0.000000	
835.350000	23.471532	-32.710498	0.000000	
835.400000	23.409246	-32.668719	0.000000	
835.450000	23.346960	-32.626941	0.000000	
835.500000	23.284674	-32.585162	0.000000	
835.550000	23.222388	-32.543384	0.000000	
835.600000	23.160102	-32.501605	0.000000	
835.650000	23.097816	-32.459826	0.000000	
835.700000	23.035530	-32.418048	0.000000	
835.750000	22.973244	-32.376269	0.000000	
835.800000	22.910958	-32.334491	0.000000	
835.850000	22.848672	-32.292712	0.000000	
835.900000	22.786385	-32.250934	0.000000	
835.950000	22.724099	-32.209155	0.000000	
836.000000	22.661813	-32.167377	0.000000	
836.050000	22.599527	-32.125598	0.000000	
836.100000	22.537241	-32.083820	0.000000	
836.150000	22.474955	-32.042041	0.000000	
836.200000	22.412669	-32.000263	0.000000	
836.250000	22.350383	-31.958484	0.000000	
836.300000	22.288097	-31.916705	0.000000	
836.350000	22.225811	-31.874927	0.000000	
836.400000	22.163525	-31.833148	0.000000	
836.450000	22.101239	-31.791370	0.000000	
836.500000	22.038953	-31.749591	0.000000	
836.550000	21.976667	-31.707813	0.000000	
836.600000	21.914381	-31.666034	0.000000	
836.650000	21.889528	-31.661679	0.000000	
836.700000	21.931323	-31.723954	0.000000	
836.750000	21.973118	-31.786229	0.000000	
836.800000	22.014913	-31.848505	0.000000	
836.850000	22.056708	-31.910780	0.000000	
836.900000	22.098503	-31.973055	0.000000	
836.950000	22.140298	-32.035330	0.000000	
837.000000	22.182093	-32.097605	0.000000	
837.050000	22.223888	-32.159880	0.000000	
837.100000	22.265683	-32.222155	0.000000	
837.150000	22.307478	-32.284430	0.000000	
837.200000	22.349273	-32.346705	0.000000	
837.250000	22.391068	-32.408980	0.000000	
837.300000	22.432862	-32.471255	0.000000	
837.350000	22.474657	-32.533530	0.000000	
837.400000	22.516452	-32.595805	0.000000	
837.450000	22.558247	-32.658080	0.000000	
837.500000	22.600042	-32.720355	0.000000	
837.550000	22.641837	-32.782630	0.000000	
837.600000	22.683632	-32.844905	0.000000	
837.650000	22.725427	-32.907180	0.000000	
837.700000	22.767222	-32.969455	0.000000	
837.750000	22.809017	-33.031730	0.000000	
837.800000	22.850812	-33.094005	0.000000	
837.850000	22.892607	-33.156281	0.000000	
837.900000	22.934402	-33.218556	0.000000	
837.950000	22.976197	-33.280831	0.000000	
838.000000	23.017992	-33.343106	0.000000	
838.050000	23.059787	-33.405381	0.000000	
838.100000	23.101582	-33.467656	0.000000	
838.150000	23.143377	-33.529931	0.000000	
838.200000	23.185172	-33.592206	0.000000	
838.250000	23.226967	-33.654481	0.000000	
838.300000	23.268762	-33.716756	0.000000	
838.350000	23.310557	-33.779031	0.000000	
838.400000	23.352352	-33.841306	0.000000	
838.450000	23.394146	-33.903581	0.000000	
838.500000	23.435941	-33.965856	0.000000	
838.550000	23.477736	-34.028131	0.000000	
838.600000	23.519531	-34.090406	0.000000	
838.650000	23.561326	-34.152681	0.000000	
838.700000	23.603121	-34.214956	0.000000	
838.750000	23.644916	-34.277231	0.000000	
838.800000	23.686711	-34.339506	0.000000	
838.850000	23.728506	-34.401782	0.000000	
838.900000	23.770301	-34.464057	0.000000	
838.950000	23.812096	-34.526332	0.000000	
839.000000	23.853891	-34.588607	0.000000	
839.050000	23.895686	-34.650882	0.000000	
839.100000	23.937481	-34.713157	0.000000	
839.150000	23.979276	-34.775432	0.000000	
839.200000	24.021071	-34.837707	0.000000	
839.250000	24.062866	-34.899982	0.000000	
839.300000	24.104661	-34.962257	0.000000	
839.350000	24.146456	-35.024532	0.000000	
839.400000	24.188251	-35.086807	0.000000	
839.450000	24.230046	-35.149082	0.000000	
839.500000	24.271841	-35.211357	0.000000	
839.550000	24.313635	-35.273632	0.000000	
839.600000	24.355430	-35.335907	0.000000	
839.650000	24.397225	-35.398182	0.000000	
839.700000	24.439020	-35.460457	0.000000	
839.750000	24.480815	-35.522732	0.000000	
839.800000	24.522610	-35.585007	0.000000	
839.850000	24.564405	-35.647283	0.000000	
839.900000	24.606200	-35.709558	0.000000	
839.950000	24.647995	-35.771833	0.000000	
840.000000	24.689790	-35.834108	0.000000	
840.050000	24.731585	-35.896383	0.000000	
840.100000	24.773380	-35.958658	0.000000	
840.150000	24.815175	-36.020933	0.000000	
840.200000	24.856970	-36.083208	0.000000	
840.250000	24.898765	-36.145483	0.000000	
840.300000	24.940560	-36.207758	0.000000	
840.350000	24.982355	-36.270033	0.000000	
840.400000	25.024150	-36.332308	0.000000	
840.450000	25.065945	-36.394583	0.000000	
840.500000	25.107740	-36.456858	0.000000	
840.550000	25.149535	-36.519133	0.000000	
840.600000	25.191330	-36.581408	0.000000	
840.650000	25.233125	-36.643683	0.000000	
840.700000	25.274919	-36.705958	0.000000	
840.750000	25.316714	-36.768233	0.000000	
840.800000	25.358509	-36.830508	0.000000	
840.850000	25.400304	-36.892783	0.000000	
840.900000	25.442099	-36.955059	0.000000	
840.950000	25.483894	-37.017334	0.000000	
841.000000	25.525689	-37.079609	0.000000	
841.050000	25.567484	-37.141884	0.000000	
841.100000	25.609279	-37.204159	0.000000	
841.150000	25.651074	-37.266434	0.000000	
841.200000	25.692869	-37.328709	0.000000	
841.250000	25.734664	-37.390984	0.000000	
841.300000	25.776459	-37.453259	0.000000	
841.350000	25.818254	-37.515534	0.000000	
841.400000	25.860049	-37.577809	0.000000	
841.450000	25.901844	-37.640084	0.000000	
841.500000	25.943639	-37.702359	0.000000	
841.550000	25.985434	-37.764634	0.000000	
841.600000	26.027229	-37.826909	0.000000	
841.650000	26.069024	-37.889184	0.000000	
841.700000	26.110819	-37.951459	0.000000	
841.750000	26.152614	-38.013734	0.000000	
841.800000	26.194408	-38.076009	0.000000	
841.850000	26.236203	-38.138284	0.000000	
841.900000	26.277998	-38.200560	0.000000	
841.950000	26.319793	-38.262835	0.000000	
842.000000	26.361588	-38.325110	0.000000	
842.050000	26.403383	-38.387385	0.000000	
842.100000	26.445178	-38.449660	0.000000	
842.150000	26.486973	-38.511935	0.000000	
842.200000	26.528768	-38.574210	0.000000	
842.250000	26.570563	-38.636485	0.000000	
842.300000	26.612358	-38.698760	0.000000	
842.350000	26.654153	-38.761035	0.000000	
842.400000	26.695948	-38.823310	0.000000	
842.450000	26.737743	-38.885585	0.000000	
842.500000	26.779538	-38.947860	0.000000	
842.550000	26.821333	-39.010135	0.000000	
842.600000	26.863128	-39.072410	0.000000	
842.650000	26.904923	-39.134685	0.000000	
842.700000	26.946718	-39.196960	0.000000	
842.750000	26.988513	-39.259235	0.000000	
842.800000	27.030308	-39.321510	0.000000	
842.850000	27.072103	-39.383785	0.000000	
842.900000	27.113897	-39.446060	0.000000	
842.950000	27.155692	-39.508336	0.000000	
843.000000	27.197487	-39.570611	0.000000	
843.050000	27.239282	-39.632886	0.000000	
843.100000	27.281077	-39.695161	0.000000	
843.150000	27.322872	-39.757436	0.000000	
843.200000	27.364667	-39.819711	0.000000	
843.250000	27.406462	-39.881986	0.000000	
843.300000	27.448257	-39.944261	0.000000	
843.350000	27.490052	-40.006536	0.000000	
843.400000	27.531847	-40.068811	0.000000	
843.450000	27.573642	-40.131086	0.000000	
843.500000	27.615437	-40.193361	0.000000	
843.550000	27.657232	-40.255636	0.000000	
843.600000	27.699027	-40.317911	0.000000	
843.650000	27.740822	-40.380186	0.000000	
843.700000	27.782617	-40.442461	0.000000	
843.750000	27.824412	-40.504736	0.000000	
843.800000	27.866207	-40.567011	0.000000	
843.850000	27.908002	-40.629286	0.000000	
843.900000	27.949797	-40.691561	0.000000	
843.950000	27.991592	-40.753837	0.000000	
844.000000	28.033387	-40.816112	0.000000	
844.050000	28.075181	-40.878387	0.000000	
844.100000	28.116976	-40.940662	0.000000	
844.150000	28.158771	-41.002937	0.000000	
844.200000	28.200566	-41.065212	0.000000	
844.250000	28.242361	-41.127487	0.000000	
844.300000	28.284156	-41.189762	0.000000	
844.350000	28.325951	-41.252037	0.000000	
844.400000	28.367746	-41.314312	0.000000	
844.450000	28.409541	-41.376587	0.000000	
844.500000	28.451336	-41.438862	0.000000	
844.550000	28.493131	-41.501137	0.000000	
844.600000	28.534926	-41.563412	0.000000	
844.650000	28.576721	-41.625687	0.000000	
844.700000	28.618516	-41.687962	0.000000	
844.750000	28.660311	-41.750237	0.000000	
844.800000	28.702106	-41.812512	0.000000	
844.850000	28.743901	-41.874787	0.000000	
844.900000	28.785696	-41.937062	0.000000	
844.950000	28.827491	-41.999337	0.000000	
845.000000	28.869286	-42.061613	0.000000	
845.050000	28.911081	-42.123888	0.000000	
845.100000	28.952876	-42.186163	0.000000	
845.150000	28.994670	-42.248438	0.000000	
845.200000	29.036465	-42.310713	0.000000	
845.250000	29.078260	-42.372988	0.000000	
845.300000	29.120055	-42.435263	0.000000	
845.350000	29.161850	-42.497538	0.000000	
845.400000	29.203645	-42.559813	0.000000	
845.450000	29.245440	-42.622088	0.000000	
845.500000	29.287235	-42.684363	0.000000	
845.550000	29.329030	-42.746638	0.000000	
845.600000	29.370825	-42.808913	0.000000	
845.650000	29.412620	-42.871188	0.000000	
845.700000	29.454415	-42.933463	0.000000	
845.750000	29.496210	-42.995738	0.000000	
845.800000	29.538005	-43.058013	0.000000	
845.850000	29.579800	-43.120288	0.000000	
845.900000	29.621595	-43.182563	0.000000	
845.950000	29.663390	-43.244838	0.000000	
846.000000	29.705185	-43.307114	0.000000	
846.050000	29.746980	-43.369389	0.000000	
846.100000	29.788775	-43.431664	0.000000	
846.150000	29.830570	-43.493939	0.000000	
846.200000	29.872365	-43.556214	0.000000	
846.250000	29.914160	-43.618489	0.000000	
846.300000	29.955954	-43.680764	0.000000	
846.350000	29.997749	-43.743039	0.000000	
846.400000	29.998879	-43.692345	0.000000	
846.450000	29.991394	-43.617720	0.000000	
846.500000	29.983909	-43.543094	0.000000	
846.550000	29.976423	-43.468469	0.000000	
846.600000	29.968938	-43.393843	0.000000	
846.650000	29.961453	-43.319217	0.000000	
846.700000	29.953968	-43.244592	0.000000	
846.750000	29.946483	-43.169966	0.000000	
846.800000	29.938997	-43.095341	0.000000	
846.850000	29.931512	-43.020715	0.000000	
846.900000	29.924027	-42.946090	0.000000	
846.950000	29.916542	-42.871464	0.000000	
847.000000	29.909057	-42.796839	0.000000	
847.050000	29.901571	-42.722213	0.000000	
847.100000	29.894086	-42.647588	0.000000	
847.150000	29.886601	-42.572962	0.000000	
847.200000	29.879116	-42.498336	0.000000	
847.250000	29.871631	-42.423711	0.000000	
847.300000	29.864145	-42.349085	0.000000	
847.350000	29.856660	-42.274460	0.000000	
847.400000	29.849175	-42.199834	0.000000	
847.450000	29.841690	-42.125209	0.000000	
847.500000	29.834205	-42.050583	0.000000	
847.550000	29.826719	-41.975958	0.000000	
847.600000	29.819234	-41.901332	0.000000	
847.650000	29.811749	-41.826707	0.000000	
847.700000	29.804264	-41.752081	0.000000	
847.750000	29.796779	-41.677455	0.000000	
847.800000	29.789293	-41.602830	0.000000	
847.850000	29.781808	-41.528204	0.000000	
847.900000	29.774323	-41.453579	0.000000	
847.950000	29.766838	-41.378953	0.000000	
848.000000	29.759353	-41.304328	0.000000	
848.050000	29.751867	-41.229702	0.000000	
848.100000	29.744382	-41.155077	0.000000	
848.150000	29.736897	-41.080451	0.000000	
848.200000	29.729412	-41.005826	0.000000	
848.250000	29.721927	-40.931200	0.000000	
848.300000	29.714441	-40.856574	0.000000	
848.350000	29.706956	-40.781949	0.000000	
848.400000	29.699471	-40.707323	0.000000	
848.450000	29.691986	-40.632698	0.000000	
848.500000	29.684501	-40.558072	0.000000	
848.550000	29.677015	-40.483447	0.000000	
848.600000	29.669530	-40.408821	0.000000	
848.650000	29.662045	-40.334196	0.000000	
848.700000	29.654560	-40.259570	0.000000	
848.750000	29.647075	-40.184945	0.000000	
848.800000	29.639589	-40.110319	0.000000	
848.850000	29.632104	-40.035693	0.000000	
848.900000	29.624619	-39.961068	0.000000	
848.950000	29.617134	-39.886442	0.000000	
849.000000	29.609649	-39.811817	0.000000	
849.050000	29.602163	-39.737191	0.000000	
849.100000	29.594678	-39.662566	0.000000	
849.150000	29.587193	-39.587940	0.000000	
849.200000	29.579708	-39.513315	0.000000	
849.250000	29.572223	-39.438689	0.000000	
849.300000	29.564737	-39.364064	0.000000	
849.350000	29.557252	-39.289438	0.000000	
849.400000	29.549767	-39.214813	0.000000	
849.450000	29.542282	-39.140187	0.000000	
849.500000	29.534797	-39.065561	0.000000	
849.550000	29.527311	-38.990936	0.000000	
849.600000	29.519826	-38.916310	0.000000	
849.650000	29.512341	-38.841685	0.000000	
849.700000	29.504856	-38.767059	0.000000	
849.750000	29.497371	-38.692434	0.000000	
849.800000	29.489885	-38.617808	0.000000	
849.850000	29.482400	-38.543183	0.000000	
849.900000	29.474915	-38.468557	0.000000	
849.950000	29.467430	-38.393932	0.000000	
850.000000	29.459945	-38.319306	0.000000	
850.050000	29.452459	-38.244680	0.000000	
850.100000	29.444974	-38.170055	0.000000	
850.150000	29.437489	-38.095429	0.000000	
850.200000	29.430004	-38.020804	0.000000	
850.250000	29.422519	-37.946178	0.000000	
850.300000	29.415033	-37.871553	0.000000	
850.350000	29.407548	-37.796927	0.000000	
850.400000	29.400063	-37.722302	0.000000	
850.450000	29.392578	-37.647676	0.000000	
850.500000	29.385093	-37.573051	0.000000	
850.550000	29.377607	-37.498425	0.000000	
850.600000	29.370122	-37.423799	0.000000	
850.650000	29.362637	-37.349174	0.000000	
850.700000	29.355152	-37.274548	0.000000	
850.750000	29.347667	-37.199923	0.000000	
850.800000	29.340181	-37.125297	0.000000	
850.850000	29.332696	-37.050672	0.000000	
850.900000	29.325211	-36.976046	0.000000	
850.950000	29.317726	-36.901421	0.000000	
851.000000	29.310241	-36.826795	0.000000	
851.050000	29.302755	-36.752170	0.000000	
851.100000	29.295270	-36.677544	0.000000	
851.150000	29.287785	-36.602918	0.000000	
851.200000	29.280300	-36.528293	0.000000	
851.250000	29.272815	-36.453667	0.000000	
851.300000	29.265329	-36.379042	0.000000	
851.350000	29.257844	-36.304416	0.000000	
851.400000	29.250359	-36.229791	0.000000	
851.450000	29.242874	-36.155165	0.000000	
851.500000	29.235389	-36.080540	0.000000	
851.550000	29.227903	-36.005914	0.000000	
851.600000	29.220418	-35.931289	0.000000	
851.650000	29.212933	-35.856663	0.000000	
851.700000	29.205448	-35.782037	0.000000	
851.750000	29.197963	-35.707412	0.000000	
851.800000	29.190477	-35.632786	0.000000	
851.850000	29.182992	-35.558161	0.000000	
851.900000	29.175507	-35.483535	0.000000	
851.950000	29.168022	-35.408910	0.000000	
852.000000	29.160537	-35.334284	0.000000	
852.050000	29.153051	-35.259659	0.000000	
852.100000	29.145566	-35.185033	0.000000	
852.150000	29.138081	-35.110408	0.000000	
852.200000	29.130596	-35.035782	0.000000	
852.250000	29.123111	-34.961157	0.000000	
852.300000	29.115625	-34.886531	0.000000	
852.350000	29.108140	-34.811905	0.000000	
852.400000	29.100655	-34.737280	0.000000	
852.450000	29.093170	-34.662654	0.000000	
852.500000	29.085685	-34.588029	0.000000	
852.550000	29.078199	-34.513403	0.000000	
852.600000	29.070714	-34.438778	0.000000	
852.650000	29.063229	-34.364152	0.000000	
852.700000	29.055744	-34.289527	0.000000	
852.750000	29.048259	-34.214901	0.000000	
852.800000	29.040773	-34.140276	0.000000	
852.850000	29.033288	-34.065650	0.000000	
852.900000	29.025803	-33.991024	0.000000	
852.950000	29.018318	-33.916399	0.000000	
853.000000	29.010833	-33.841773	0.000000	
853.050000	29.003347	-33.767148	0.000000	
853.100000	28.995862	-33.692522	0.000000	
853.150000	28.988377	-33.617897	0.000000	
853.200000	28.980892	-33.543271	0.000000	
853.250000	28.973407	-33.468646	0.000000	
853.300000	28.965921	-33.394020	0.000000	
853.350000	28.958436	-33.319395	0.000000	
853.400000	28.950951	-33.244769	0.000000	
853.450000	28.943466	-33.170143	0.000000	
853.500000	28.935981	-33.095518	0.000000	
853.550000	28.928495	-33.020892	0.000000	
853.600000	28.921010	-32.946267	0.000000	
853.650000	28.913525	-32.871641	0.000000	
853.700000	28.906040	-32.797016	0.000000	
853.750000	28.898555	-32.722390	0.000000	
853.800000	28.891069	-32.647765	0.000000	
853.850000	28.883584	-32.573139	0.000000	
853.900000	28.876099	-32.498514	0.000000	
853.950000	28.868614	-32.423888	0.000000	
854.000000	28.861129	-32.349262	0.000000	
854.050000	28.853643	-32.274637	0.000000	
854.100000	28.846158	-32.200011	0.000000	
854.150000	28.838673	-32.125386	0.000000	
854.200000	28.831188	-32.050760	0.000000	
854.250000	28.823703	-31.976135	0.000000	
854.300000	28.816217	-31.901509	0.000000	
854.350000	28.808732	-31.826884	0.000000	
854.400000	28.801247	-31.752258	0.000000	
854.450000	28.793762	-31.677633	0.000000	
854.500000	28.786277	-31.603007	0.000000	
854.550000	28.778791	-31.528382	0.000000	
854.600000	28.771306	-31.453756	0.000000	
854.650000	28.763821	-31.379130	0.000000	
854.700000	28.756336	-31.304505	0.000000	
854.750000	28.748851	-31.229879	0.000000	
854.800000	28.741365	-31.155254	0.000000	
854.850000	28.733880	-31.080628	0.000000	
854.900000	28.726395	-31.006003	0.000000	
854.950000	28.718910	-30.931377	0.000000	
855.000000	28.711425	-30.856752	0.000000	
855.050000	28.703939	-30.782126	0.000000	
855.100000	28.696454	-30.707501	0.000000	
855.150000	28.665948	-30.689716	0.000000	
855.200000	28.608642	-30.738101	0.000000	
855.250000	28.551336	-30.786485	0.000000	
855.300000	28.494031	-30.834870	0.000000	
855.350000	28.436725	-30.883254	0.000000	
855.400000	28.379420	-30.931639	0.000000	
855.450000	28.322114	-30.980024	0.000000	
855.500000	28.264808	-31.028408	0.000000	
855.550000	28.207503	-31.076793	0.000000	
855.600000	28.150197	-31.125177	0.000000	
855.650000	28.092891	-31.173562	0.000000	
855.700000	28.035586	-31.221946	0.000000	
855.750000	27.978280	-31.270331	0.000000	
855.800000	27.920974	-31.318715	0.000000	
855.850000	27.863669	-31.367100	0.000000	
855.900000	27.806363	-31.415484	0.000000	
855.950000	27.749057	-31.463869	0.000000	
856.000000	27.691752	-31.512253	0.000000	
856.050000	27.634446	-31.560638	0.000000	
856.100000	27.577141	-31.609023	0.000000	
856.150000	27.519835	-31.657407	0.000000	
856.200000	27.462529	-31.705792	0.000000	
856.250000	27.405224	-31.754176	0.000000	
856.300000	27.347918	-31.802561	0.000000	
856.350000	27.290612	-31.850945	0.000000	
856.400000	27.233307	-31.899330	0.000000	
856.450000	27.176001	-31.947714	0.000000	
856.500000	27.118695	-31.996099	0.000000	
856.550000	27.061390	-32.044483	0.000000	
856.600000	27.004084	-32.092868	0.000000	
856.650000	26.946778	-32.141252	0.000000	
856.700000	26.889473	-32.189637	0.000000	
856.750000	26.832167	-32.238022	0.000000	
856.800000	26.774862	-32.286406	0.000000	
856.850000	26.717556	-32.334791	0.000000	
856.900000	26.660250	-32.383175	0.000000	
856.950000	26.602945	-32.431560	0.000000	
857.000000	26.545639	-32.479944	0.000000	
857.050000	26.488333	-32.528329	0.000000	
857.100000	26.431028	-32.576713	0.000000	
857.150000	26.373722	-32.625098	0.000000	
857.200000	26.316416	-32.673482	0.000000	
857.250000	26.259111	-32.721867	0.000000	
857.300000	26.201805	-32.770251	0.000000	
857.350000	26.144500	-32.818636	0.000000	
857.400000	26.087194	-32.867021	0.000000	
857.450000	26.029888	-32.915405	0.000000	
857.500000	25.972583	-32.963790	0.000000	
857.550000	25.915277	-33.012174	0.000000	
857.600000	25.857971	-33.060559	0.000000	
857.650000	25.800666	-33.108943	0.000000	
857.700000	25.743360	-33.157328	0.000000	
857.750000	25.686054	-33.205712	0.000000	
857.800000	25.628749	-33.254097	0.000000	
857.850000	25.571443	-33.302481	0.000000	
857.900000	25.514137	-33.350866	0.000000	
857.950000	25.456832	-33.399250	0.000000	
858.000000	25.399526	-33.447635	0.000000	
858.050000	25.342221	-33.496020	0.000000	
858.100000	25.284915	-33.544404	0.000000	
858.150000	25.227609	-33.592789	0.000000	
858.200000	25.170304	-33.641173	0.000000	
858.250000	25.112998	-33.689558	0.000000	
858.300000	25.055692	-33.737942	0.000000	
858.350000	24.998387	-33.786327	0.000000	
858.400000	24.941081	-33.834711	0.000000	
858.450000	24.883775	-33.883096	0.000000	
858.500000	24.826470	-33.931480	0.000000	
858.550000	24.769164	-33.979865	0.000000	
858.600000	24.711859	-34.028249	0.000000	
858.650000	24.654553	-34.076634	0.000000	
858.700000	24.597247	-34.125018	0.000000	
858.750000	24.539942	-34.173403	0.000000	
858.800000	24.482636	-34.221788	0.000000	
858.850000	24.425330	-34.270172	0.000000	
858.900000	24.368025	-34.318557	0.000000	
858.950000	24.310719	-34.366941	0.000000	
859.000000	24.253413	-34.415326	0.000000	
859.050000	24.196108	-34.463710	0.000000	
859.100000	24.138802	-34.512095	0.000000	
859.150000	24.081496	-34.560479	0.000000	
859.200000	24.024191	-34.608864	0.000000	
859.250000	23.966885	-34.657248	0.000000	
859.300000	23.909580	-34.705633	0.000000	
859.350000	23.852274	-34.754017	0.000000	
859.400000	23.794968	-34.802402	0.000000	
859.450000	23.737663	-34.850787	0.000000	
859.500000	23.680357	-34.899171	0.000000	
859.550000	23.623051	-34.947556	0.000000	
859.600000	23.565746	-34.995940	0.000000	
859.650000	23.508440	-35.044325	0.000000	
859.700000	23.451134	-35.092709	0.000000	
859.750000	23.393829	-35.141094	0.000000	
859.800000	23.336523	-35.189478	0.000000	
859.850000	23.279217	-35.237863	0.000000	
859.900000	23.221912	-35.286247	0.000000	
859.950000	23.164606	-35.334632	0.000000	
860.000000	23.107301	-35.383016	0.000000	
860.050000	23.049995	-35.431401	0.000000	
860.100000	22.992689	-35.479786	0.000000	
860.150000	22.935384	-35.528170	0.000000	
860.200000	22.878078	-35.576555	0.000000	
860.250000	22.820772	-35.624939	0.000000	
860.300000	22.763467	-35.673324	0.000000	
860.350000	22.706161	-35.721708	0.000000	
860.400000	22.648855	-35.770093	0.000000	
860.450000	22.591550	-35.818477	0.000000	
860.500000	22.534244	-35.866862	0.000000	
860.550000	22.476939	-35.915246	0.000000	
860.600000	22.419633	-35.963631	0.000000	
860.650000	22.362327	-36.012015	0.000000	
860.700000	22.305022	-36.060400	0.000000	
860.750000	22.247716	-36.108785	0.000000	
860.800000	22.190410	-36.157169	0.000000	
860.850000	22.133105	-36.205554	0.000000	
860.900000	22.075799	-36.253938	0.000000	
860.950000	22.018493	-36.302323	0.000000	
861.000000	21.961188	-36.350707	0.000000	
861.050000	21.903882	-36.399092	0.000000	
861.100000	21.846576	-36.447476	0.000000	
861.150000	21.789271	-36.495861	0.000000	
861.200000	21.731965	-36.544245	0.000000	
861.250000	21.674660	-36.592630	0.000000	
861.300000	21.617354	-36.641014	0.000000	
861.350000	21.560048	-36.689399	0.000000	
861.400000	21.502743	-36.737784	0.000000	
861.450000	21.445437	-36.786168	0.000000	
861.500000	21.388131	-36.834553	0.000000	
861.550000	21.330826	-36.882937	0.000000	
861.600000	21.273520	-36.931322	0.000000	
861.650000	21.216214	-36.979706	0.000000	
861.700000	21.158909	-37.028091	0.000000	
861.750000	21.101603	-37.076475	0.000000	
861.800000	21.044297	-37.124860	0.000000	
861.850000	20.986992	-37.173244	0.000000	
861.900000	20.929686	-37.221629	0.000000	
861.950000	20.872381	-37.270013	0.000000	
862.000000	20.815075	-37.318398	0.000000	
862.050000	20.757769	-37.366783	0.000000	
862.100000	20.700464	-37.415167	0.000000	
862.150000	20.643158	-37.463552	0.000000	
862.200000	20.585852	-37.511936	0.000000	
862.250000	20.528547	-37.560321	0.000000	
862.300000	20.471241	-37.608705	0.000000	
862.350000	20.413935	-37.657090	0.000000	
862.400000	20.356630	-37.705474	0.000000	
862.450000	20.299324	-37.753859	0.000000	
862.500000	20.242019	-37.802243	0.000000	
862.550000	20.184713	-37.850628	0.000000	
862.600000	20.127407	-37.899012	0.000000	
862.650000	20.070102	-37.947397	0.000000	
862.700000	20.012796	-37.995782	0.000000	
862.750000	19.978453	-38.039018	0.000000	
862.800000	20.050931	-38.058302	0.000000	
862.850000	20.123409	-38.077587	0.000000	
862.900000	20.195887	-38.096872	0.000000	
862.950000	20.268366	-38.116157	0.000000	
863.000000	20.340844	-38.135442	0.000000	
863.050000	20.413322	-38.154727	0.000000	
863.100000	20.485800	-38.174012	0.000000	
863.150000	20.558278	-38.193296	0.000000	
863.200000	20.630757	-38.212581	0.000000	
863.250000	20.703235	-38.231866	0.000000	
863.300000	20.775713	-38.251151	0.000000	
863.350000	20.848191	-38.270436	0.000000	
863.400000	20.920670	-38.289721	0.000000	
863.450000	20.993148	-38.309006	0.000000	
863.500000	21.065626	-38.328290	0.000000	
863.550000	21.138104	-38.347575	0.000000	
863.600000	21.210583	-38.366860	0.000000	
863.650000	21.283061	-38.386145	0.000000	
863.700000	21.355539	-38.405430	0.000000	
863.750000	21.428017	-38.424715	0.000000	
863.800000	21.500495	-38.444000	0.000000	
863.850000	21.572974	-38.463285	0.000000	
863.900000	21.645452	-38.482569	0.000000	
863.950000	21.717930	-38.501854	0.000000	
864.000000	21.790408	-38.521139	0.000000	
864.050000	21.862887	-38.540424	0.000000	
864.100000	21.935365	-38.559709	0.000000	
864.150000	22.007843	-38.578994	0.000000	
864.200000	22.080321	-38.598279	0.000000	
864.250000	22.152800	-38.617563	0.000000	
864.300000	22.225278	-38.636848	0.000000	
864.350000	22.297756	-38.656133	0.000000	
864.400000	22.370234	-38.675418	0.000000	
864.450000	22.442712	-38.694703	0.000000	
864.500000	22.515191	-38.713988	0.000000	
864.550000	22.587669	-38.733273	0.000000	
864.600000	22.660147	-38.752557	0.000000	
864.650000	22.732625	-38.771842	0.000000	
864.700000	22.805104	-38.791127	0.000000	
864.750000	22.877582	-38.810412	0.000000	
864.800000	22.950060	-38.829697	0.000000	
864.850000	23.022538	-38.848982	0.000000	
864.900000	23.095017	-38.868267	0.000000	
864.950000	23.167495	-38.887551	0.000000	
865.000000	23.239973	-38.906836	0.000000	
865.050000	23.312451	-38.926121	0.000000	
865.100000	23.384930	-38.945406	0.000000	
865.150000	23.457408	-38.964691	0.000000	
865.200000	23.529886	-38.983976	0.000000	
865.250000	23.602364	-39.003261	0.000000	
865.300000	23.674842	-39.022546	0.000000	
865.350000	23.747321	-39.041830	0.000000	
865.400000	23.819799	-39.061115	0.000000	
865.450000	23.892277	-39.080400	0.000000	
865.500000	23.964755	-39.099685	0.000000	
865.550000	24.037234	-39.118970	0.000000	
865.600000	24.109712	-39.138255	0.000000	
865.650000	24.182190	-39.157540	0.000000	
865.700000	24.254668	-39.176824	0.000000	
865.750000	24.327147	-39.196109	0.000000	
865.800000	24.399625	-39.215394	0.000000	
865.850000	24.472103	-39.234679	0.000000	
865.900000	24.544581	-39.253964	0.000000	
865.950000	24.617059	-39.273249	0.000000	
866.000000	24.689538	-39.292534	0.000000	
866.050000	24.762016	-39.311818	0.000000	
866.100000	24.834494	-39.331103	0.000000	
866.150000	24.906972	-39.350388	0.000000	
866.200000	24.979451	-39.369673	0.000000	
866.250000	25.051929	-39.388958	0.000000	
866.300000	25.124407	-39.408243	0.000000	
866.350000	25.196885	-39.427528	0.000000	
866.400000	25.269364	-39.446812	0.000000	
866.450000	25.341842	-39.466097	0.000000	
866.500000	25.414320	-39.485382	0.000000	
866.550000	25.486798	-39.504667	0.000000	
866.600000	25.559276	-39.523952	0.000000	
866.650000	25.631755	-39.543237	0.000000	
866.700000	25.704233	-39.562522	0.000000	
866.750000	25.776711	-39.581807	0.000000	
866.800000	25.849189	-39.601091	0.000000	
866.850000	25.921668	-39.620376	0.000000	
866.900000	25.994146	-39.639661	0.000000	
866.950000	26.066624	-39.658946	0.000000	
867.000000	26.139102	-39.678231	0.000000	
867.050000	26.211581	-39.697516	0.000000	
867.100000	26.284059	-39.716801	0.000000	
867.150000	26.356537	-39.736085	0.000000	
867.200000	26.429015	-39.755370	0.000000	
867.250000	26.501493	-39.774655	0.000000	
867.300000	26.573972	-39.793940	0.000000	
867.350000	26.646450	-39.813225	0.000000	
867.400000	26.718928	-39.832510	0.000000	
867.450000	26.791406	-39.851795	0.000000	
867.500000	26.863885	-39.871079	0.000000	
867.550000	26.936363	-39.890364	0.000000	
867.600000	27.008841	-39.909649	0.000000	
867.650000	27.081319	-39.928934	0.000000	
867.700000	27.153798	-39.948219	0.000000	
867.750000	27.226276	-39.967504	0.000000	
867.800000	27.298754	-39.986789	0.000000	
867.850000	27.371232	-40.006073	0.000000	
867.900000	27.443710	-40.025358	0.000000	
867.950000	27.516189	-40.044643	0.000000	
868.000000	27.588667	-40.063928	0.000000	
868.050000	27.661145	-40.083213	0.000000	
868.100000	27.733623	-40.102498	0.000000	
868.150000	27.806102	-40.121783	0.000000	
868.200000	27.878580	-40.141068	0.000000	
868.250000	27.951058	-40.160352	0.000000	
868.300000	28.023536	-40.179637	0.000000	
868.350000	28.096015	-40.198922	0.000000	
868.400000	28.168493	-40.218207	0.000000	
868.450000	28.240971	-40.237492	0.000000	
868.500000	28.313449	-40.256777	0.000000	
868.550000	28.385928	-40.276062	0.000000	
868.600000	28.458406	-40.295346	0.000000	
868.650000	28.530884	-40.314631	0.000000	
868.700000	28.604592	-40.327148	0.000000	
868.750000	28.679222	-40.334585	0.000000	
868.800000	28.753852	-40.342022	0.000000	
868.850000	28.828483	-40.349459	0.000000	
868.900000	28.903113	-40.356897	0.000000	
868.950000	28.977743	-40.364334	0.000000	
869.000000	29.052374	-40.371771	0.000000	
869.050000	29.127004	-40.379208	0.000000	
869.100000	29.201634	-40.386645	0.000000	
869.150000	29.276265	-40.394082	0.000000	
869.200000	29.350895	-40.401520	0.000000	
869.250000	29.425525	-40.408957	0.000000	
869.300000	29.500156	-40.416394	0.000000	
869.350000	29.574786	-40.423831	0.000000	
869.400000	29.649416	-40.431268	0.000000	
869.450000	29.724047	-40.438706	0.000000	
869.500000	29.798677	-40.446143	0.000000	
869.550000	29.873308	-40.453580	0.000000	
869.600000	29.947938	-40.461017	0.000000	
869.650000	30.022568	-40.468454	0.000000	
869.700000	30.097199	-40.475891	0.000000	
869.750000	30.171829	-40.483329	0.000000	
869.800000	30.246459	-40.490766	0.000000	
869.850000	30.321090	-40.498203	0.000000	
869.900000	30.395720	-40.505640	0.000000	
869.950000	30.470350	-40.513077	0.000000	
870.000000	30.544981	-40.520514	0.000000	
870.050000	30.619611	-40.527952	0.000000	
870.100000	30.694241	-40.535389	0.000000	
870.150000	30.768872	-40.542826	0.000000	
870.200000	30.843502	-40.550263	0.000000	
870.250000	30.918132	-40.557700	0.000000	
870.300000	30.992763	-40.565137	0.000000	
870.350000	31.067393	-40.572575	0.000000	
870.400000	31.142023	-40.580012	0.000000	
870.450000	31.216654	-40.587449	0.000000	
870.500000	31.291284	-40.594886	0.000000	
870.550000	31.365914	-40.602323	0.000000	
870.600000	31.440545	-40.609760	0.000000	
870.650000	31.515175	-40.617198	0.000000	
870.700000	31.589805	-40.624635	0.000000	
870.750000	31.664436	-40.632072	0.000000	
870.800000	31.739066	-40.639509	0.000000	
870.850000	31.813696	-40.646946	0.000000	
870.900000	31.888327	-40.654384	0.000000	
870.950000	31.962957	-40.661821	0.000000	
871.000000	32.037588	-40.669258	0.000000	
871.050000	32.112218	-40.676695	0.000000	
871.100000	32.186848	-40.684132	0.000000	
871.150000	32.261479	-40.691569	0.000000	
871.200000	32.336109	-40.699007	0.000000	
871.250000	32.410739	-40.706444	0.000000	
871.300000	32.485370	-40.713881	0.000000	
871.350000	32.560000	-40.721318	0.000000	
871.400000	32.634630	-40.728755	0.000000	
871.450000	32.709261	-40.736192	0.000000	
871.500000	32.783891	-40.743630	0.000000	
871.550000	32.858521	-40.751067	0.000000	
871.600000	32.933152	-40.758504	0.000000	
871.650000	33.007782	-40.765941	0.000000	
871.700000	33.082412	-40.773378	0.000000	
871.750000	33.157043	-40.780815	0.000000	
871.800000	33.231673	-40.788253	0.000000	
871.850000	33.306303	-40.795690	0.000000	
871.900000	33.380934	-40.803127	0.000000	
871.950000	33.455564	-40.810564	0.000000	
872.000000	33.530194	-40.818001	0.000000	
872.050000	33.604825	-40.825438	0.000000	
872.100000	33.679455	-40.832876	0.000000	
872.150000	33.754085	-40.840313	0.000000	
872.200000	33.828716	-40.847750	0.000000	
872.250000	33.903346	-40.855187	0.000000	
872.300000	33.977977	-40.862624	0.000000	
872.350000	34.052607	-40.870061	0.000000	
872.400000	34.127237	-40.877499	0.000000	
872.450000	34.201868	-40.884936	0.000000	
872.500000	34.276498	-40.892373	0.000000	
872.550000	34.351128	-40.899810	0.000000	
872.600000	34.425759	-40.907247	0.000000	
872.650000	34.500389	-40.914685	0.000000	
872.700000	34.575019	-40.922122	0.000000	
872.750000	34.649650	-40.929559	0.000000	
872.800000	34.724280	-40.936996	0.000000	
872.850000	34.798910	-40.944433	0.000000	
872.900000	34.873541	-40.951870	0.000000	
872.950000	34.948171	-40.959308	0.000000	
873.000000	35.022801	-40.966745	0.000000	
873.050000	35.097432	-40.974182	0.000000	
873.100000	35.172062	-40.981619	0.000000	
873.150000	35.246692	-40.989056	0.000000	
873.200000	35.321323	-40.996493	0.000000	
873.250000	35.395953	-41.003931	0.000000	
873.300000	35.470583	-41.011368	0.000000	
873.350000	35.545214	-41.018805	0.000000	
873.400000	35.619844	-41.026242	0.000000	
873.450000	35.694474	-41.033679	0.000000	
873.500000	35.769105	-41.041116	0.000000	
873.550000	35.843735	-41.048554	0.000000	
873.600000	35.918365	-41.055991	0.000000	
873.650000	35.992996	-41.063428	0.000000	
873.700000	36.067626	-41.070865	0.000000	
873.750000	36.142257	-41.078302	0.000000	
873.800000	36.216887	-41.085739	0.000000	
873.850000	36.291517	-41.093177	0.000000	
873.900000	36.366148	-41.100614	0.000000	
873.950000	36.440778	-41.108051	0.000000	
874.000000	36.515408	-41.115488	0.000000	
874.050000	36.590039	-41.122925	0.000000	
874.100000	36.664669	-41.130363	0.000000	
874.150000	36.739299	-41.137800	0.000000	
874.200000	36.813930	-41.145237	0.000000	
874.250000	36.888560	-41.152674	0.000000	
874.300000	36.963190	-41.160111	0.000000	
874.350000	37.037821	-41.167548	0.000000	
874.400000	37.112451	-41.174986	0.000000	
874.450000	37.187081	-41.182423	0.000000	
874.500000	37.261712	-41.189860	0.000000	
874.550000	37.336342	-41.197297	0.000000	
874.600000	37.410972	-41.204734	0.000000	
874.650000	37.485603	-41.212171	0.000000	
874.700000	37.560233	-41.219609	0.000000	
874.750000	37.634863	-41.227046	0.000000	
874.800000	37.709494	-41.234483	0.000000	
874.850000	37.784124	-41.241920	0.000000	
874.900000	37.858754	-41.249357	0.000000	
874.950000	37.933385	-41.256794	0.000000	
875.000000	38.008015	-41.264232	0.000000	
875.050000	38.082646	-41.271669	0.000000	
875.100000	38.157276	-41.279106	0.000000	
875.150000	38.231906	-41.286543	0.000000	
875.200000	38.306537	-41.293980	0.000000	
875.250000	38.381167	-41.301417	0.000000	
875.300000	38.455797	-41.308855	0.000000	
875.350000	38.530428	-41.316292	0.000000	
875.400000	38.605058	-41.323729	0.000000	
875.450000	38.679688	-41.331166	0.000000	
875.500000	38.754319	-41.338603	0.000000	
875.550000	38.828949	-41.346041	0.000000	
875.600000	38.903579	-41.353478	0.000000	
875.650000	38.978210	-41.360915	0.000000	
875.700000	39.052840	-41.368352	0.000000	
875.750000	39.127470	-41.375789	0.000000	
875.800000	39.202101	-41.383226	0.000000	
875.850000	39.276731	-41.390664	0.000000	
875.900000	39.351361	-41.398101	0.000000	
875.950000	39.425992	-41.405538	0.000000	
876.000000	39.500622	-41.412975	0.000000	
876.050000	39.575252	-41.420412	0.000000	
876.100000	39.649883	-41.427849	0.000000	
876.150000	39.724513	-41.435287	0.000000	
876.200000	39.698957	-41.413333	0.000000	
876.250000	39.632137	-41.379273	0.000000	
876.300000	39.565317	-41.345214	0.000000	
876.350000	39.498496	-41.311154	0.000000	
876.400000	39.431676	-41.277095	0.000000	
876.450000	39.364856	-41.243035	0.000000	
876.500000	39.298036	-41.208975	0.000000	
876.550000	39.231215	-41.174916	0.000000	
876.600000	39.164395	-41.140856	0.000000	
876.650000	39.097575	-41.106797	0.000000	
876.700000	39.030754	-41.072737	0.000000	
876.750000	38.963934	-41.038678	0.000000	
876.800000	38.897114	-41.004618	0.000000	
876.850000	38.830294	-40.970559	0.000000	
876.900000	38.763473	-40.936499	0.000000	
876.950000	38.696653	-40.902440	0.000000	
877.000000	38.629833	-40.868380	0.000000	
877.050000	38.563013	-40.834321	0.000000	
877.100000	38.496192	-40.800261	0.000000	
877.150000	38.429372	-40.766202	0.000000	
877.200000	38.362552	-40.732142	0.000000	
877.250000	38.295731	-40.698083	0.000000	
877.300000	38.228911	-40.664023	0.000000	
877.350000	38.162091	-40.629964	0.000000	
877.400000	38.095271	-40.595904	0.000000	
877.450000	38.028450	-40.561845	0.000000	
877.500000	37.961630	-40.527785	0.000000	
877.550000	37.894810	-40.493726	0.000000	
877.600000	37.827990	-40.459666	0.000000	
877.650000	37.761169	-40.425607	0.000000	
877.700000	37.694349	-40.391547	0.000000	
877.750000	37.627529	-40.357488	0.000000	
877.800000	37.560708	-40.323428	0.000000	
877.850000	37.493888	-40.289368	0.000000	
877.900000	37.427068	-40.255309	0.000000	
877.950000	37.360248	-40.221249	0.000000	
878.000000	37.293427	-40.187190	0.000000	
878.050000	37.226607	-40.153130	0.000000	
878.100000	37.159787	-40.119071	0.000000	
878.150000	37.092966	-40.085011	0.000000	
878.200000	37.026146	-40.050952	0.000000	
878.250000	36.959326	-40.016892	0.000000	
878.300000	36.892506	-39.982833	0.000000	
878.350000	36.825685	-39.948773	0.000000	
878.400000	36.758865	-39.914714	0.000000	
878.450000	36.692045	-39.880654	0.000000	
878.500000	36.625225	-39.846595	0.000000	
878.550000	36.558404	-39.812535	0.000000	
878.600000	36.491584	-39.778476	0.000000	
878.650000	36.424764	-39.744416	0.000000	
878.700000	36.357943	-39.710357	0.000000	
878.750000	36.291123	-39.676297	0.000000	
878.800000	36.224303	-39.642238	0.000000	
878.850000	36.157483	-39.608178	0.000000	
878.900000	36.090662	-39.574119	0.000000	
878.950000	36.023842	-39.540059	0.000000	
879.000000	35.957022	-39.506000	0.000000	
879.050000	35.890202	-39.471940	0.000000	
879.100000	35.823381	-39.437881	0.000000	
879.150000	35.756561	-39.403821	0.000000	
879.200000	35.689741	-39.369761	0.000000	
879.250000	35.622920	-39.335702	0.000000	
879.300000	35.556100	-39.301642	0.000000	
879.350000	35.489280	-39.267583	0.000000	
879.400000	35.422460	-39.233523	0.000000	
879.450000	35.355639	-39.199464	0.000000	
879.500000	35.288819	-39.165404	0.000000	
879.550000	35.221999	-39.131345	0.000000	
879.600000	35.155178	-39.097285	0.000000	
879.650000	35.088358	-39.063226	0.000000	
879.700000	35.021538	-39.029166	0.000000	
879.750000	34.954718	-38.995107	0.000000	
879.800000	34.887897	-38.961047	0.000000	
879.850000	34.821077	-38.926988	0.000000	
879.900000	34.754257	-38.892928	0.000000	
879.950000	34.687437	-38.858869	0.000000	
880.000000	34.620616	-38.824809	0.000000	
880.050000	34.553796	-38.790750	0.000000	
880.100000	34.486976	-38.756690	0.000000	
880.150000	34.420155	-38.722631	0.000000	
880.200000	34.353335	-38.688571	0.000000	
880.250000	34.286515	-38.654512	0.000000	
880.300000	34.219695	-38.620452	0.000000	
880.350000	34.152874	-38.586393	0.000000	
880.400000	34.086054	-38.552333	0.000000	
880.450000	34.019234	-38.518274	0.000000	
880.500000	33.952414	-38.484214	0.000000	
880.550000	33.885593	-38.450155	0.000000	
880.600000	33.818773	-38.416095	0.000000	
880.650000	33.751953	-38.382035	0.000000	
880.700000	33.685132	-38.347976	0.000000	
880.750000	33.618312	-38.313916	0.000000	
880.800000	33.551492	-38.279857	0.000000	
880.850000	33.484672	-38.245797	0.000000	
880.900000	33.417851	-38.211738	0.000000	
880.950000	33.351031	-38.177678	0.000000	
881.000000	33.284211	-38.143619	0.000000	
881.050000	33.217391	-38.109559	0.000000	
881.100000	33.150570	-38.075500	0.000000	
881.150000	33.083750	-38.041440	0.000000	
881.200000	33.016930	-38.007381	0.000000	
881.250000	32.950109	-37.973321	0.000000	
881.300000	32.883289	-37.939262	0.000000	
881.350000	32.816469	-37.905202	0.000000	
881.400000	32.749649	-37.871143	0.000000	
881.450000	32.682828	-37.837083	0.000000	
881.500000	32.616008	-37.803024	0.000000	
881.550000	32.549188	-37.768964	0.000000	
881.600000	32.482367	-37.734905	0.000000	
881.650000	32.415547	-37.700845	0.000000	
881.700000	32.348727	-37.666786	0.000000	
881.750000	32.281907	-37.632726	0.000000	
881.800000	32.215086	-37.598667	0.000000	
881.850000	32.148266	-37.564607	0.000000	
881.900000	32.081446	-37.530548	0.000000	
881.950000	32.014626	-37.496488	0.000000	
882.000000	31.947805	-37.462428	0.000000	
882.050000	31.880985	-37.428369	0.000000	
882.100000	31.814165	-37.394309	0.000000	
882.150000	31.747344	-37.360250	0.000000	
882.200000	31.680524	-37.326190	0.000000	
882.250000	31.613704	-37.292131	0.000000	
882.300000	31.546884	-37.258071	0.000000	
882.350000	31.480063	-37.224012	0.000000	
882.400000	31.413243	-37.189952	0.000000	
882.450000	31.346423	-37.155893	0.000000	
882.500000	31.279603	-37.121833	0.000000	
882.550000	31.212782	-37.087774	0.000000	
882.600000	31.145962	-37.053714	0.000000	
882.650000	31.079142	-37.019655	0.000000	
882.700000	31.012321	-36.985595	0.000000	
882.750000	30.945501	-36.951536	0.000000	
882.800000	30.878681	-36.917476	0.000000	
882.850000	30.811861	-36.883417	0.000000	
882.900000	30.745040	-36.849357	0.000000	
882.950000	30.678220	-36.815298	0.000000	
883.000000	30.611400	-36.781238	0.000000	
883.050000	30.544579	-36.747179	0.000000	
883.100000	30.477759	-36.713119	0.000000	
883.150000	30.410939	-36.679060	0.000000	
883.200000	30.344119	-36.645000	0.000000	
883.250000	30.277298	-36.610941	0.000000	
883.300000	30.210478	-36.576881	0.000000	
883.350000	30.143658	-36.542821	0.000000	
883.400000	30.076838	-36.508762	0.000000	
883.450000	30.010017	-36.474702	0.000000	
883.500000	29.943197	-36.440643	0.000000	
883.550000	29.876377	-36.406583	0.000000	
883.600000	29.809556	-36.372524	0.000000	
883.650000	29.742736	-36.338464	0.000000	
883.700000	29.675916	-36.304405	0.000000	
883.750000	29.609096	-36.270345	0.000000	
883.800000	29.542275	-36.236286	0.000000	
883.850000	29.475455	-36.202226	0.000000	
883.900000	29.408635	-36.168167	0.000000	
883.950000	29.341815	-36.134107	0.000000	
884.000000	29.274994	-36.100048	0.000000	
884.050000	29.208174	-36.065988	0.000000	
884.100000	29.141354	-36.031929	0.000000	
884.150000	29.074533	-35.997869	0.000000	
884.200000	29.007713	-35.963810	0.000000	
884.250000	28.940893	-35.929750	0.000000	
884.300000	28.874073	-35.895691	0.000000	
884.350000	28.807252	-35.861631	0.000000	
884.400000	28.740432	-35.827572	0.000000	
884.450000	28.673612	-35.793512	0.000000	
884.500000	28.606792	-35.759453	0.000000	
884.550000	28.539971	-35.725393	0.000000	
884.600000	28.473151	-35.691334	0.000000	
884.650000	28.406331	-35.657274	0.000000	
884.700000	28.339510	-35.623214	0.000000	
884.750000	28.272690	-35.589155	0.000000	
884.800000	28.205870	-35.555095	0.000000	
884.850000	28.139050	-35.521036	0.000000	
884.900000	28.072229	-35.486976	0.000000	
884.950000	28.005409	-35.452917	0.000000	
885.000000	27.938589	-35.418857	0.000000	
885.050000	27.871768	-35.384798	0.000000	
885.100000	27.804948	-35.350738	0.000000	
885.150000	27.738128	-35.316679	0.000000	
885.200000	27.671308	-35.282619	0.000000	
885.250000	27.604487	-35.248560	0.000000	
885.300000	27.537667	-35.214500	0.000000	
885.350000	27.470847	-35.180441	0.000000	
885.400000	27.404027	-35.146381	0.000000	
885.450000	27.337206	-35.112322	0.000000	
885.500000	27.270386	-35.078262	0.000000	
885.550000	27.203566	-35.044203	0.000000	
885.600000	27.136745	-35.010143	0.000000	
885.650000	27.069925	-34.976084	0.000000	
885.700000	27.003105	-34.942024	0.000000	
885.750000	26.936285	-34.907965	0.000000	
885.800000	26.869464	-34.873905	0.000000	
885.850000	26.802644	-34.839846	0.000000	
885.900000	26.735824	-34.805786	0.000000	
885.950000	26.669004	-34.771727	0.000000	
886.000000	26.602183	-34.737667	0.000000	
886.050000	26.535363	-34.703607	0.000000	
886.100000	26.468543	-34.669548	0.000000	
886.150000	26.401722	-34.635488	0.000000	
886.200000	26.334902	-34.601429	0.000000	
886.250000	26.268082	-34.567369	0.000000	
886.300000	26.201262	-34.533310	0.000000	
886.350000	26.134441	-34.499250	0.000000	
886.400000	26.067621	-34.465191	0.000000	
886.450000	26.000801	-34.431131	0.000000	
886.500000	25.933980	-34.397072	0.000000	
886.550000	25.867160	-34.363012	0.000000	
886.600000	25.800340	-34.328953	0.000000	
886.650000	25.733520	-34.294893	0.000000	
886.700000	25.666699	-34.260834	0.000000	
886.750000	25.599879	-34.226774	0.000000	
886.800000	25.533059	-34.192715	0.000000	
886.850000	25.466239	-34.158655	0.000000	
886.900000	25.399418	-34.124596	0.000000	
886.950000	25.332598	-34.090536	0.000000	
887.000000	25.265778	-34.056477	0.000000	
887.050000	25.198957	-34.022417	0.000000	
887.100000	25.132137	-33.988358	0.000000	
887.150000	25.065317	-33.954298	0.000000	
887.200000	24.998497	-33.920239	0.000000	
887.250000	24.931676	-33.886179	0.000000	
887.300000	24.864856	-33.852120	0.000000	
887.350000	24.804081	-33.827420	0.000000	
887.400000	24.807637	-33.902336	0.000000	
887.450000	24.811193	-33.977251	0.000000	
887.500000	24.814749	-34.052167	0.000000	
887.550000	24.818306	-34.127083	0.000000	
887.600000	24.821862	-34.201998	0.000000	
887.650000	24.825418	-34.276914	0.000000	
887.700000	24.828975	-34.351830	0.000000	
887.750000	24.832531	-34.426745	0.000000	
887.800000	24.836087	-34.501661	0.000000	
887.850000	24.839643	-34.576577	0.000000	
887.900000	24.843200	-34.651492	0.000000	
887.950000	24.846756	-34.726408	0.000000	
888.000000	24.850312	-34.801324	0.000000	
888.050000	24.853869	-34.876239	0.000000	
888.100000	24.857425	-34.951155	0.000000	
888.150000	24.860981	-35.026070	0.000000	
888.200000	24.864537	-35.100986	0.000000	
888.250000	24.868094	-35.175902	0.000000	
888.300000	24.871650	-35.250817	0.000000	
888.350000	24.875206	-35.325733	0.000000	
888.400000	24.878762	-35.400649	0.000000	
888.450000	24.882319	-35.475564	0.000000	
888.500000	24.885875	-35.550480	0.000000	
888.550000	24.889431	-35.625396	0.000000	
888.600000	24.892988	-35.700311	0.000000	
888.650000	24.896544	-35.775227	0.000000	
888.700000	24.900100	-35.850142	0.000000	
888.750000	24.903656	-35.925058	0.000000	
888.800000	24.907213	-35.999974	0.000000	
888.850000	24.910769	-36.074889	0.000000	
888.900000	24.914325	-36.149805	0.000000	
888.950000	24.917881	-36.224721	0.000000	
889.000000	24.921438	-36.299636	0.000000	
889.050000	24.924994	-36.374552	0.000000	
889.100000	24.928550	-36.449468	0.000000	
889.150000	24.932107	-36.524383	0.000000	
889.200000	24.935663	-36.599299	0.000000	
889.250000	24.939219	-36.674214	0.000000	
889.300000	24.942775	-36.749130	0.000000	
889.350000	24.946332	-36.824046	0.000000	
889.400000	24.949888	-36.898961	0.000000	
889.450000	24.953444	-36.973877	0.000000	
889.500000	24.957000	-37.048793	0.000000	
889.550000	24.960557	-37.123708	0.000000	
889.600000	24.964113	-37.198624	0.000000	
889.650000	24.967669	-37.273540	0.000000	
889.700000	24.971226	-37.348455	0.000000	
889.750000	24.974782	-37.423371	0.000000	
889.800000	24.978338	-37.498287	0.000000	
889.850000	24.981894	-37.573202	0.000000	
889.900000	24.985451	-37.648118	0.000000	
889.950000	24.989007	-37.723033	0.000000	
890.000000	24.992563	-37.797949	0.000000	
890.050000	24.996119	-37.872865	0.000000	
890.100000	24.999676	-37.947780	0.000000	
890.150000	25.003232	-38.022696	0.000000	
890.200000	25.006788	-38.097612	0.000000	
890.250000	25.010345	-38.172527	0.000000	
890.300000	25.013901	-38.247443	0.000000	
890.350000	25.017457	-38.322359	0.000000	
890.400000	25.021013	-38.397274	0.000000	
890.450000	25.024570	-38.472190	0.000000	
890.500000	25.028126	-38.547105	0.000000	
890.550000	25.031682	-38.622021	0.000000	
890.600000	25.035238	-38.696937	0.000000	
890.650000	25.038795	-38.771852	0.000000	
890.700000	25.042351	-38.846768	0.000000	
890.750000	25.045907	-38.921684	0.000000	
890.800000	25.049464	-38.996599	0.000000	
890.850000	25.053020	-39.071515	0.000000	
890.900000	25.056576	-39.146431	0.000000	
890.950000	25.060132	-39.221346	0.000000	
891.000000	25.063689	-39.296262	0.000000	
891.050000	25.067245	-39.371177	0.000000	
891.100000	25.070801	-39.446093	0.000000	
891.150000	25.074358	-39.521009	0.000000	
891.200000	25.077914	-39.595924	0.000000	
891.250000	25.081470	-39.670840	0.000000	
891.300000	25.085026	-39.745756	0.000000	
891.350000	25.088583	-39.820671	0.000000	
891.400000	25.092139	-39.895587	0.000000	
891.450000	25.095695	-39.970503	0.000000	
891.500000	25.099251	-40.045418	0.000000	
891.550000	25.102808	-40.120334	0.000000	
891.600000	25.106364	-40.195250	0.000000	
891.650000	25.109920	-40.270165	0.000000	
891.700000	25.113477	-40.345081	0.000000	
891.750000	25.117033	-40.419996	0.000000	
891.800000	25.120589	-40.494912	0.000000	
891.850000	25.124145	-40.569828	0.000000	
891.900000	25.127702	-40.644743	0.000000	
891.950000	25.131258	-40.719659	0.000000	
892.000000	25.134814	-40.794575	0.000000	
892.050000	25.138370	-40.869490	0.000000	
892.100000	25.141927	-40.944406	0.000000	
892.150000	25.145483	-41.019322	0.000000	
892.200000	25.149039	-41.094237	0.000000	
892.250000	25.152596	-41.169153	0.000000	
892.300000	25.156152	-41.244068	0.000000	
892.350000	25.159708	-41.318984	0.000000	
892.400000	25.163264	-41.393900	0.000000	
892.450000	25.166821	-41.468815	0.000000	
892.500000	25.170377	-41.543731	0.000000	
892.550000	25.173933	-41.618647	0.000000	
892.600000	25.177489	-41.693562	0.000000	
892.650000	25.181046	-41.768478	0.000000	
892.700000	25.184602	-41.843394	0.000000	
892.750000	25.188158	-41.918309	0.000000	
892.800000	25.191715	-41.993225	0.000000	
892.850000	25.195271	-42.068140	0.000000	
892.900000	25.198827	-42.143056	0.000000	
892.950000	25.202383	-42.217972	0.000000	
893.000000	25.205940	-42.292887	0.000000	
893.050000	25.209496	-42.367803	0.000000	
893.100000	25.213052	-42.442719	0.000000	
893.150000	25.216608	-42.517634	0.000000	
893.200000	25.220165	-42.592550	0.000000	
893.250000	25.223721	-42.667466	0.000000	
893.300000	25.227277	-42.742381	0.000000	
893.350000	25.230834	-42.817297	0.000000	
893.400000	25.234390	-42.892212	0.000000	
893.450000	25.237946	-42.967128	0.000000	
893.500000	25.241502	-43.042044	0.000000	
893.550000	25.245059	-43.116959	0.000000	
893.600000	25.248615	-43.191875	0.000000	
893.650000	25.252171	-43.266791	0.000000	
893.700000	25.255727	-43.341706	0.000000	
893.750000	25.259284	-43.416622	0.000000	
893.800000	25.262840	-43.491538	0.000000	
893.850000	25.266396	-43.566453	0.000000	
893.900000	25.269953	-43.641369	0.000000	
893.950000	25.273509	-43.716285	0.000000	
894.000000	25.277065	-43.791200	0.000000	
894.050000	25.280621	-43.866116	0.000000	
894.100000	25.284178	-43.941031	0.000000	
894.150000	25.287734	-44.015947	0.000000	
894.200000	25.291290	-44.090863	0.000000	
894.250000	25.294847	-44.165778	0.000000	
894.300000	25.298403	-44.240694	0.000000	
894.350000	25.301959	-44.315610	0.000000	
894.400000	25.305515	-44.390525	0.000000	
894.450000	25.309072	-44.465441	0.000000	
894.500000	25.312628	-44.540357	0.000000	
894.550000	25.316184	-44.615272	0.000000	
894.600000	25.319740	-44.690188	0.000000	
894.650000	25.323297	-44.765103	0.000000	
894.700000	25.326853	-44.840019	0.000000	
894.750000	25.330409	-44.914935	0.000000	
894.800000	25.333966	-44.989850	0.000000	
894.850000	25.337522	-45.064766	0.000000	
894.900000	25.341078	-45.139682	0.000000	
894.950000	25.344634	-45.214597	0.000000	
895.000000	25.348191	-45.289513	0.000000	
895.050000	25.351747	-45.364429	0.000000	
895.100000	25.355303	-45.439344	0.000000	
895.150000	25.358859	-45.514260	0.000000	
895.200000	25.362416	-45.589175	0.000000	
895.250000	25.365972	-45.664091	0.000000	
895.300000	25.369528	-45.739007	0.000000	
895.350000	25.373085	-45.813922	0.000000	
895.400000	25.376641	-45.888838	0.000000	
895.450000	25.380197	-45.963754	0.000000	
895.500000	25.383753	-46.038669	0.000000	
895.550000	25.387310	-46.113585	0.000000	
895.600000	25.390866	-46.188501	0.000000	
895.650000	25.394422	-46.263416	0.000000	
895.700000	25.397978	-46.338332	0.000000	
895.750000	25.405196	-46.394359	0.000000	
895.800000	25.436483	-46.326197	0.000000	
895.850000	25.467769	-46.258034	0.000000	
895.900000	25.499056	-46.189871	0.000000	
895.950000	25.530343	-46.121709	0.000000	
896.000000	25.561630	-46.053546	0.000000	
896.050000	25.592917	-45.985384	0.000000	
896.100000	25.624204	-45.917221	0.000000	
896.150000	25.655491	-45.849059	0.000000	
896.200000	25.686778	-45.780896	0.000000	
896.250000	25.718065	-45.712734	0.000000	
896.300000	25.749352	-45.644571	0.000000	
896.350000	25.780639	-45.576409	0.000000	
896.400000	25.811925	-45.508246	0.000000	
896.450000	25.843212	-45.440084	0.000000	
896.500000	25.874499	-45.371921	0.000000	
896.550000	25.905786	-45.303759	0.000000	
896.600000	25.937073	-45.235596	0.000000	
896.650000	25.968360	-45.167434	0.000000	
896.700000	25.999647	-45.099271	0.000000	
896.750000	26.030934	-45.031109	0.000000	
896.800000	26.062221	-44.962946	0.000000	
896.850000	26.093508	-44.894784	0.000000	
896.900000	26.124795	-44.826621	0.000000	
896.950000	26.156082	-44.758459	0.000000	
897.000000	26.187368	-44.690296	0.000000	
897.050000	26.218655	-44.622134	0.000000	
897.100000	26.249942	-44.553971	0.000000	
897.150000	26.281229	-44.485808	0.000000	
897.200000	26.312516	-44.417646	0.000000	
897.250000	26.343803	-44.349483	0.000000	
897.300000	26.375090	-44.281321	0.000000	
897.350000	26.406377	-44.213158	0.000000	
897.400000	26.437664	-44.144996	0.000000	
897.450000	26.468951	-44.076833	0.000000	
897.500000	26.500238	-44.008671	0.000000	
897.550000	26.531524	-43.940508	0.000000	
897.600000	26.562811	-43.872346	0.000000	
897.650000	26.594098	-43.804183	0.000000	
897.700000	26.625385	-43.736021	0.000000	
897.750000	26.656672	-43.667858	0.000000	
897.800000	26.687959	-43.599696	0.000000	
897.850000	26.719246	-43.531533	0.000000	
897.900000	26.750533	-43.463371	0.000000	
897.950000	26.781820	-43.395208	0.000000	
898.000000	26.813107	-43.327046	0.000000	
898.050000	26.844394	-43.258883	0.000000	
898.100000	26.875681	-43.190721	0.000000	
898.150000	26.906967	-43.122558	0.000000	
898.200000	26.938254	-43.054396	0.000000	
898.250000	26.969541	-42.986233	0.000000	
898.300000	27.000828	-42.918071	0.000000	
898.350000	27.032115	-42.849908	0.000000	
898.400000	27.063402	-42.781745	0.000000	
898.450000	27.094689	-42.713583	0.000000	
898.500000	27.125976	-42.645420	0.000000	
898.550000	27.157263	-42.577258	0.000000	
898.600000	27.188550	-42.509095	0.000000	
898.650000	27.219837	-42.440933	0.000000	
898.700000	27.251123	-42.372770	0.000000	
898.750000	27.282410	-42.304608	0.000000	
898.800000	27.313697	-42.236445	0.000000	
898.850000	27.344984	-42.168283	0.000000	
898.900000	27.376271	-42.100120	0.000000	
898.950000	27.407558	-42.031958	0.000000	
899.000000	27.438845	-41.963795	0.000000	
899.050000	27.470132	-41.895633	0.000000	
899.100000	27.501419	-41.827470	0.000000	
899.150000	27.532706	-41.759308	0.000000	
899.200000	27.563993	-41.691145	0.000000	
899.250000	27.595280	-41.622983	0.000000	
899.300000	27.626566	-41.554820	0.000000	
899.350000	27.657853	-41.486658	0.000000	
899.400000	27.689140	-41.418495	0.000000	
899.450000	27.720427	-41.350333	0.000000	
899.500000	27.751714	-41.282170	0.000000	
899.550000	27.783001	-41.214008	0.000000	
899.600000	27.814288	-41.145845	0.000000	
899.650000	27.845575	-41.077682	0.000000	
899.700000	27.876862	-41.009520	0.000000	
899.750000	27.908149	-40.941357	0.000000	
899.800000	27.939436	-40.873195	0.000000	
899.850000	27.970722	-40.805032	0.000000	
899.900000	28.002009	-40.736870	0.000000	
899.950000	28.033296	-40.668707	0.000000	
900.000000	28.064583	-40.600545	0.000000	
900.050000	28.095870	-40.532382	0.000000	
900.100000	28.127157	-40.464220	0.000000	
900.150000	28.158444	-40.396057	0.000000	
900.200000	28.189731	-40.327895	0.000000	
900.250000	28.221018	-40.259732	0.000000	
900.300000	28.252305	-40.191570	0.000000	
900.350000	28.283592	-40.123407	0.000000	
900.400000	28.314878	-40.055245	0.000000	
900.450000	28.346165	-39.987082	0.000000	
900.500000	28.377452	-39.918920	0.000000	
900.550000	28.408739	-39.850757	0.000000	
900.600000	28.440026	-39.782595	0.000000	
900.650000	28.471313	-39.714432	0.000000	
900.700000	28.502600	-39.646270	0.000000	
900.750000	28.533887	-39.578107	0.000000	
900.800000	28.565174	-39.509945	0.000000	
900.850000	28.596461	-39.441782	0.000000	
900.900000	28.627748	-39.373619	0.000000	
900.950000	28.659035	-39.305457	0.000000	
901.000000	28.690321	-39.237294	0.000000	
901.050000	28.721608	-39.169132	0.000000	
901.100000	28.752895	-39.100969	0.000000	
901.150000	28.784182	-39.032807	0.000000	
901.200000	28.815469	-38.964644	0.000000	
901.250000	28.846756	-38.896482	0.000000	
901.300000	28.878043	-38.828319	0.000000	
901.350000	28.909330	-38.760157	0.000000	
901.400000	28.940617	-38.691994	0.000000	
901.450000	28.971904	-38.623832	0.000000	
901.500000	29.003191	-38.555669	0.000000	
901.550000	29.034477	-38.487507	0.000000	
901.600000	29.065764	-38.419344	0.000000	
901.650000	29.097051	-38.351182	0.000000	
901.700000	29.128338	-38.283019	0.000000	
901.750000	29.159625	-38.214857	0.000000	
901.800000	29.190912	-38.146694	0.000000	
901.850000	29.222199	-38.078532	0.000000	
901.900000	29.253486	-38.010369	0.000000	
901.950000	29.284773	-37.942207	0.000000	
902.000000	29.316060	-37.874044	0.000000	
902.050000	29.347347	-37.805882	0.000000	
902.100000	29.378634	-37.737719	0.000000	
902.150000	29.409920	-37.669557	0.000000	
902.200000	29.441207	-37.601394	0.000000	
902.250000	29.472494	-37.533231	0.000000	
902.300000	29.503781	-37.465069	0.000000	
902.350000	29.535068	-37.396906	0.000000	
902.400000	29.566355	-37.328744	0.000000	
902.450000	29.597642	-37.260581	0.000000	
902.500000	29.628929	-37.192419	0.000000	
902.550000	29.660216	-37.124256	0.000000	
902.600000	29.691503	-37.056094	0.000000	
902.650000	29.722790	-36.987931	0.000000	
902.700000	29.749078	-36.921178	0.000000	
902.750000	29.686792	-36.879400	0.000000	
902.800000	29.624506	-36.837621	0.000000	
902.850000	29.562220	-36.795842	0.000000	
902.900000	29.499934	-36.754064	0.000000	
902.950000	29.437648	-36.712285	0.000000	
903.000000	29.375362	-36.670507	0.000000	
903.050000	29.313076	-36.628728	0.000000	
903.100000	29.250790	-36.586950	0.000000	
903.150000	29.188504	-36.545171	0.000000	
903.200000	29.126218	-36.503393	0.000000	
903.250000	29.063932	-36.461614	0.000000	
903.300000	29.001646	-36.419836	0.000000	
903.350000	28.939360	-36.378057	0.000000	
903.400000	28.877073	-36.336279	0.000000	
903.450000	28.814787	-36.294500	0.000000	
903.500000	28.752501	-36.252721	0.000000	
903.550000	28.690215	-36.210943	0.000000	
903.600000	28.627929	-36.169164	0.000000	
903.650000	28.565643	-36.127386	0.000000	
903.700000	28.503357	-36.085607	0.000000	
903.750000	28.441071	-36.043829	0.000000	
903.800000	28.378785	-36.002050	0.000000	
903.850000	28.316499	-35.960272	0.000000	
903.900000	28.254213	-35.918493	0.000000	
903.950000	28.191927	-35.876715	0.000000	
904.000000	28.129641	-35.834936	0.000000	
904.050000	28.067355	-35.793158	0.000000	
904.100000	28.005069	-35.751379	0.000000	
904.150000	27.942783	-35.709600	0.000000	
904.200000	27.880496	-35.667822	0.000000	
904.250000	27.818210	-35.626043	0.000000	
904.300000	27.755924	-35.584265	0.000000	
904.350000	27.693638	-35.542486	0.000000	
904.400000	27.631352	-35.500708	0.000000	
904.450000	27.569066	-35.458929	0.000000	
904.500000	27.506780	-35.417151	0.000000	
904.550000	27.444494	-35.375372	0.000000	
904.600000	27.382208	-35.333594	0.000000	
904.650000	27.319922	-35.291815	0.000000	
904.700000	27.257636	-35.250037	0.000000	
904.750000	27.195350	-35.208258	0.000000	
904.800000	27.133064	-35.166479	0.000000	
904.850000	27.070778	-35.124701	0.000000	
904.900000	27.008492	-35.082922	0.000000	
904.950000	26.946206	-35.041144	0.000000	
905.000000	26.883919	-34.999365	0.000000	
905.050000	26.821633	-34.957587	0.000000	
905.100000	26.759347	-34.915808	0.000000	
905.150000	26.697061	-34.874030	0.000000	
905.200000	26.634775	-34.832251	0.000000	
905.250000	26.572489	-34.790473	0.000000	
905.300000	26.510203	-34.748694	0.000000	
905.350000	26.447917	-34.706916	0.000000	
905.400000	26.385631	-34.665137	0.000000	
905.450000	26.323345	-34.623358	0.000000	
905.500000	26.261059	-34.581580	0.000000	
905.550000	26.198773	-34.539801	0.000000	
905.600000	26.136487	-34.498023	0.000000	
905.650000	26.074201	-34.456244	0.000000	
905.700000	26.011915	-34.414466	0.000000	
905.750000	25.949629	-34.372687	0.000000	
905.800000	25.887342	-34.330909	0.000000	
905.850000	25.825056	-34.289130	0.000000	
905.900000	25.762770	-34.247352	0.000000	
905.950000	25.700484	-34.205573	0.000000	
906.000000	25.638198	-34.163795	0.000000	
906.050000	25.575912	-34.122016	0.000000	
906.100000	25.513626	-34.080237	0.000000	
906.150000	25.451340	-34.038459	0.000000	
906.200000	25.389054	-33.996680	0.000000	
906.250000	25.326768	-33.954902	0.000000	
906.300000	25.264482	-33.913123	0.000000	
906.350000	25.202196	-33.871345	0.000000	
906.400000	25.139910	-33.829566	0.000000	
906.450000	25.077624	-33.787788	0.000000	
906.500000	25.015338	-33.746009	0.000000	
906.550000	24.953051	-33.704231	0.000000	
906.600000	24.890765	-33.662452	0.000000	
906.650000	24.828479	-33.620674	0.000000	
906.700000	24.766193	-33.578895	0.000000	
906.750000	24.703907	-33.537116	0.000000	
906.800000	24.641621	-33.495338	0.000000	
906.850000	24.579335	-33.453559	0.000000	
906.900000	24.517049	-33.411781	0.000000	
906.950000	24.454763	-33.370002	0.000000	
907.000000	24.392477	-33.328224	0.000000	
907.050000	24.330191	-33.286445	0.000000	
907.100000	24.267905	-33.244667	0.000000	
907.150000	24.205619	-33.202888	0.000000	
907.200000	24.143333	-33.161110	0.000000	
907.250000	24.081047	-33.119331	0.000000	
907.300000	24.018761	-33.077553	0.000000	
907.350000	23.956474	-33.035774	0.000000	
907.400000	23.894188	-32.993995	0.000000	
907.450000	23.831902	-32.952217	0.000000	
907.500000	23.769616	-32.910438	0.000000	
907.550000	23.707330	-32.868660	0.000000	
907.600000	23.645044	-32.826881	0.000000	
907.650000	23.582758	-32.785103	0.000000	
907.700000	23.520472	-32.743324	0.000000	
907.750000	23.458186	-32.701546	0.000000	
907.800000	23.395900	-32.659767	0.000000	
907.850000	23.333614	-32.617989	0.000000	
907.900000	23.271328	-32.576210	0.000000	
907.950000	23.209042	-32.534432	0.000000	
908.000000	23.146756	-32.492653	0.000000	
908.050000	23.084470	-32.450874	0.000000	
908.100000	23.022184	-32.409096	0.000000	
908.150000	22.959897	-32.367317	0.000000	
908.200000	22.897611	-32.325539	0.000000	
908.250000	22.835325	-32.283760	0.000000	
908.300000	22.773039	-32.241982	0.000000	
908.350000	22.710753	-32.200203	0.000000	
908.400000	22.648467	-32.158425	0.000000	
908.450000	22.586181	-32.116646	0.000000	
908.500000	22.523895	-32.074868	0.000000	
908.550000	22.461609	-32.033089	0.000000	
908.600000	22.399323	-31.991311	0.000000	
908.650000	22.337037	-31.949532	0.000000	
908.700000	22.274751	-31.907753	0.000000	
908.750000	22.212465	-31.865975	0.000000	
908.800000	22.150179	-31.824196	0.000000	
908.850000	22.087893	-31.782418	0.000000	
908.900000	22.025607	-31.740639	0.000000	
908.950000	21.963320	-31.698861	0.000000	
909.000000	21.901034	-31.657082	0.000000	
909.050000	21.898484	-31.675023	0.000000	
909.100000	21.940279	-31.737298	0.000000	
909.150000	21.982073	-31.799573	0.000000	
909.200000	22.023868	-31.861848	0.000000	
909.250000	22.065663	-31.924123	0.000000	
909.300000	22.107458	-31.986398	0.000000	
909.350000	22.149253	-32.048673	0.000000	
909.400000	22.191048	-32.110949	0.000000	
909.450000	22.232843	-32.173224	0.000000	
909.500000	22.274638	-32.235499	0.000000	
909.550000	22.316433	-32.297774	0.000000	
909.600000	22.358228	-32.360049	0.000000	
909.650000	22.400023	-32.422324	0.000000	
909.700000	22.441818	-32.484599	0.000000	
909.750000	22.483613	-32.546874	0.000000	
909.800000	22.525408	-32.609149	0.000000	
909.850000	22.567203	-32.671424	0.000000	
909.900000	22.608998	-32.733699	0.000000	
909.950000	22.650793	-32.795974	0.000000	
910.000000	22.692588	-32.858249	0.000000	
910.050000	22.734383	-32.920524	0.000000	
910.100000	22.776178	-32.982799	0.000000	
910.150000	22.817973	-33.045074	0.000000	
910.200000	22.859768	-33.107349	0.000000	
910.250000	22.901563	-33.169624	0.000000	
910.300000	22.943357	-33.231899	0.000000	
910.350000	22.985152	-33.294174	0.000000	
910.400000	23.026947	-33.356450	0.000000	
910.450000	23.068742	-33.418725	0.000000	
910.500000	23.110537	-33.481000	0.000000	
910.550000	23.152332	-33.543275	0.000000	
910.600000	23.194127	-33.605550	0.000000	
910.650000	23.235922	-33.667825	0.000000	
910.700000	23.277717	-33.730100	0.000000	
910.750000	23.319512	-33.792375	0.000000	
910.800000	23.361307	-33.854650	0.000000	
910.850000	23.403102	-33.916925	0.000000	
910.900000	23.444897	-33.979200	0.000000	
910.950000	23.486692	-34.041475	0.000000	
911.000000	23.528487	-34.103750	0.000000	
911.050000	23.570282	-34.166025	0.000000	
911.100000	23.612077	-34.228300	0.000000	
911.150000	23.653872	-34.290575	0.000000	
911.200000	23.695667	-34.352850	0.000000	
911.250000	23.737462	-34.415125	0.000000	
911.300000	23.779257	-34.477400	0.000000	
911.350000	23.821052	-34.539675	0.000000	
911.400000	23.862846	-34.601950	0.000000	
911.450000	23.904641	-34.664226	0.000000	
911.500000	23.946436	-34.726501	0.000000	
911.550000	23.988231	-34.788776	0.000000	
911.600000	24.030026	-34.851051	0.000000	
911.650000	24.071821	-34.913326	0.000000	
911.700000	24.113616	-34.975601	0.000000	
911.750000	24.155411	-35.037876	0.000000	
911.800000	24.197206	-35.100151	0.000000	
911.850000	24.239001	-35.162426	0.000000	
911.900000	24.280796	-35.224701	0.000000	
911.950000	24.322591	-35.286976	0.000000	
912.000000	24.364386	-35.349251	0.000000	
912.050000	24.406181	-35.411526	0.000000	
912.100000	24.447976	-35.473801	0.000000	
912.150000	24.489771	-35.536076	0.000000	
912.200000	24.531566	-35.598351	0.000000	
912.250000	24.573361	-35.660626	0.000000	
912.300000	24.615156	-35.722901	0.000000	
912.350000	24.656951	-35.785176	0.000000	
912.400000	24.698746	-35.847451	0.000000	
912.450000	24.740541	-35.909727	0.000000	
912.500000	24.782336	-35.972002	0.000000	
912.550000	24.824130	-36.034277	0.000000	
912.600000	24.865925	-36.096552	0.000000	
912.650000	24.907720	-36.158827	0.000000	
912.700000	24.949515	-36.221102	0.000000	
912.750000	24.991310	-36.283377	0.000000	
912.800000	25.033105	-36.345652	0.000000	
912.850000	25.074900	-36.407927	0.000000	
912.900000	25.116695	-36.470202	0.000000	
912.950000	25.158490	-36.532477	0.000000	
913.000000	25.200285	-36.594752	0.000000	
913.050000	25.242080	-36.657027	0.000000	
913.100000	25.283875	-36.719302	0.000000	
913.150000	25.325670	-36.781577	0.000000	
913.200000	25.367465	-36.843852	0.000000	
913.250000	25.409260	-36.906127	0.000000	
913.300000	25.451055	-36.968402	0.000000	
913.350000	25.492850	-37.030677	0.000000	
913.400000	25.534645	-37.092952	0.000000	
913.450000	25.576440	-37.155227	0.000000	
913.500000	25.618235	-37.217503	0.000000	
913.550000	25.660030	-37.279778	0.000000	
913.600000	25.701825	-37.342053	0.000000	
913.650000	25.743619	-37.404328	0.000000	
913.700000	25.785414	-37.466603	0.000000	
913.750000	25.827209	-37.528878	0.000000	
913.800000	25.869004	-37.591153	0.000000	
913.850000	25.910799	-37.653428	0.000000	
913.900000	25.952594	-37.715703	0.000000	
913.950000	25.994389	-37.777978	0.000000	
914.000000	26.036184	-37.840253	0.000000	
914.050000	26.077979	-37.902528	0.000000	
914.100000	26.119774	-37.964803	0.000000	
914.150000	26.161569	-38.027078	0.000000	
914.200000	26.203364	-38.089353	0.000000	
914.250000	26.245159	-38.151628	0.000000	
914.300000	26.286954	-38.213903	0.000000	
914.350000	26.328749	-38.276178	0.000000	
914.400000	26.370544	-38.338453	0.000000	
914.450000	26.412339	-38.400728	0.000000	
914.500000	26.454134	-38.463004	0.000000	
914.550000	26.495929	-38.525279	0.000000	
914.600000	26.537724	-38.587554	0.000000	
914.650000	26.579519	-38.649829	0.000000	
914.700000	26.621314	-38.712104	0.000000	
914.750000	26.663108	-38.774379	0.000000	
914.800000	26.704903	-38.836654	0.000000	
914.850000	26.746698	-38.898929	0.000000	
914.900000	26.788493	-38.961204	0.000000	
914.950000	26.830288	-39.023479	0.000000	
915.000000	26.872083	-39.085754	0.000000	
915.050000	26.913878	-39.148029	0.000000	
915.100000	26.955673	-39.210304	0.000000	
915.150000	26.997468	-39.272579	0.000000	
915.200000	27.039263	-39.334854	0.000000	
915.250000	27.081058	-39.397129	0.000000	
915.300000	27.122853	-39.459404	0.000000	
915.350000	27.164648	-39.521679	0.000000	
915.400000	27.206443	-39.583954	0.000000	
915.450000	27.248238	-39.646229	0.000000	
915.500000	27.290033	-39.708504	0.000000	
915.550000	27.331828	-39.770780	0.000000	
915.600000	27.373623	-39.833055	0.000000	
915.650000	27.415418	-39.895330	0.000000	
915.700000	27.457213	-39.957605	0.000000	
915.750000	27.499008	-40.019880	0.000000	
915.800000	27.540803	-40.082155	0.000000	
915.850000	27.582598	-40.144430	0.000000	
915.900000	27.624392	-40.206705	0.000000	
915.950000	27.666187	-40.268980	0.000000	
916.000000	27.707982	-40.331255	0.000000	
916.050000	27.749777	-40.393530	0.000000	
916.100000	27.791572	-40.455805	0.000000	
916.150000	27.833367	-40.518080	0.000000	
916.200000	27.875162	-40.580355	0.000000	
916.250000	27.916957	-40.642630	0.000000	
916.300000	27.958752	-40.704905	0.000000	
916.350000	28.000547	-40.767180	0.000000	
916.400000	28.042342	-40.829455	0.000000	
916.450000	28.084137	-40.891730	0.000000	
916.500000	28.125932	-40.954005	0.000000	
916.550000	28.167727	-41.016281	0.000000	
916.600000	28.209522	-41.078556	0.000000	
916.650000	28.251317	-41.140831	0.000000	
916.700000	28.293112	-41.203106	0.000000	
916.750000	28.334907	-41.265381	0.000000	
916.800000	28.376702	-41.327656	0.000000	
916.850000	28.418497	-41.389931	0.000000	
916.900000	28.460292	-41.452206	0.000000	
916.950000	28.502087	-41.514481	0.000000	
917.000000	28.543881	-41.576756	0.000000	
917.050000	28.585676	-41.639031	0.000000	
917.100000	28.627471	-41.701306	0.000000	
917.150000	28.669266	-41.763581	0.000000	
917.200000	28.711061	-41.825856	0.000000	
917.250000	28.752856	-41.888131	0.000000	
917.300000	28.794651	-41.950406	0.000000	
917.350000	28.836446	-42.012681	0.000000	
917.400000	28.878241	-42.074956	0.000000	
917.450000	28.920036	-42.137231	0.000000	
917.500000	28.961831	-42.199506	0.000000	
917.550000	29.003626	-42.261782	0.000000	
917.600000	29.045421	-42.324057	0.000000	
917.650000	29.087216	-42.386332	0.000000	
917.700000	29.129011	-42.448607	0.000000	
917.750000	29.170806	-42.510882	0.000000	
917.800000	29.212601	-42.573157	0.000000	
917.850000	29.254396	-42.635432	0.000000	
917.900000	29.296191	-42.697707	0.000000	
917.950000	29.337986	-42.759982	0.000000	
918.000000	29.379781	-42.822257	0.000000	
918.050000	29.421576	-42.884532	0.000000	
918.100000	29.463371	-42.946807	0.000000	
918.150000	29.505165	-43.009082	0.000000	
918.200000	29.546960	-43.071357	0.000000	
918.250000	29.588755	-43.133632	0.000000	
918.300000	29.630550	-43.195907	0.000000	
918.350000	29.672345	-43.258182	0.000000	
918.400000	29.714140	-43.320457	0.000000	
918.450000	29.755935	-43.382732	0.000000	
918.500000	29.797730	-43.445007	0.000000	
918.550000	29.839525	-43.507282	0.000000	
918.600000	29.881320	-43.569558	0.000000	
918.650000	29.923115	-43.631833	0.000000	
918.700000	29.964910	-43.694108	0.000000	
918.750000	30.004760	-43.750980	0.000000	
918.800000	29.997275	-43.676355	0.000000	
918.850000	29.989790	-43.601729	0.000000	
918.900000	29.982305	-43.527104	0.000000	
918.950000	29.974820	-43.452478	0.000000	
919.000000	29.967334	-43.377853	0.000000	
919.050000	29.959849	-43.303227	0.000000	
919.100000	29.952364	-43.228602	0.000000	
919.150000	29.944879	-43.153976	0.000000	
919.200000	29.937394	-43.079351	0.000000	
919.250000	29.929908	-43.004725	0.000000	
919.300000	29.922423	-42.930100	0.000000	
919.350000	29.914938	-42.855474	0.000000	
919.400000	29.907453	-42.780848	0.000000	
919.450000	29.899968	-42.706223	0.000000	
919.500000	29.892482	-42.631597	0.000000	
919.550000	29.884997	-42.556972	0.000000	
919.600000	29.877512	-42.482346	0.000000	
919.650000	29.870027	-42.407721	0.000000	
919.700000	29.862542	-42.333095	0.000000	
919.750000	29.855056	-42.258470	0.000000	
919.800000	29.847571	-42.183844	0.000000	
919.850000	29.840086	-42.109219	0.000000	
919.900000	29.832601	-42.034593	0.000000	
919.950000	29.825116	-41.959967	0.000000	
920.000000	29.817630	-41.885342	0.000000	
920.050000	29.810145	-41.810716	0.000000	
920.100000	29.802660	-41.736091	0.000000	
920.150000	29.795175	-41.661465	0.000000	
920.200000	29.787690	-41.586840	0.000000	
920.250000	29.780204	-41.512214	0.000000	
920.300000	29.772719	-41.437589	0.000000	
920.350000	29.765234	-41.362963	0.000000	
920.400000	29.757749	-41.288338	0.000000	
920.450000	29.750264	-41.213712	0.000000	
920.500000	29.742778	-41.139086	0.000000	
920.550000	29.735293	-41.064461	0.000000	
920.600000	29.727808	-40.989835	0.000000	
920.650000	29.720323	-40.915210	0.000000	
920.700000	29.712838	-40.840584	0.000000	
920.750000	29.705352	-40.765959	0.000000	
920.800000	29.697867	-40.691333	0.000000	
920.850000	29.690382	-40.616708	0.000000	
920.900000	29.682897	-40.542082	0.000000	
920.950000	29.675412	-40.467457	0.000000	
921.000000	29.667926	-40.392831	0.000000	
921.050000	29.660441	-40.318205	0.000000	
921.100000	29.652956	-40.243580	0.000000	
921.150000	29.645471	-40.168954	0.000000	
921.200000	29.637986	-40.094329	0.000000	
921.250000	29.630500	-40.019703	0.000000	
921.300000	29.623015	-39.945078	0.000000	
921.350000	29.615530	-39.870452	0.000000	
921.400000	29.608045	-39.795827	0.000000	
921.450000	29.600560	-39.721201	0.000000	
921.500000	29.593074	-39.646576	0.000000	
921.550000	29.585589	-39.571950	0.000000	
921.600000	29.578104	-39.497324	0.000000	
921.650000	29.570619	-39.422699	0.000000	
921.700000	29.563134	-39.348073	0.000000	
921.750000	29.555648	-39.273448	0.000000	
921.800000	29.548163	-39.198822	0.000000	
921.850000	29.540678	-39.124197	0.000000	
921.900000	29.533193	-39.049571	0.000000	
921.950000	29.525708	-38.974946	0.000000	
922.000000	29.518222	-38.900320	0.000000	
922.050000	29.510737	-38.825695	0.000000	
922.100000	29.503252	-38.751069	0.000000	
922.150000	29.495767	-38.676444	0.000000	
922.200000	29.488282	-38.601818	0.000000	
922.250000	29.480796	-38.527192	0.000000	
922.300000	29.473311	-38.452567	0.000000	
922.350000	29.465826	-38.377941	0.000000	
922.400000	29.458341	-38.303316	0.000000	
922.450000	29.450856	-38.228690	0.000000	
922.500000	29.443370	-38.154065	0.000000	
922.550000	29.435885	-38.079439	0.000000	
922.600000	29.428400	-38.004814	0.000000	
922.650000	29.420915	-37.930188	0.000000	
922.700000	29.413430	-37.855563	0.000000	
922.750000	29.405944	-37.780937	0.000000	
922.800000	29.398459	-37.706311	0.000000	
922.850000	29.390974	-37.631686	0.000000	
922.900000	29.383489	-37.557060	0.000000	
922.950000	29.376004	-37.482435	0.000000	
923.000000	29.368518	-37.407809	0.000000	
923.050000	29.361033	-37.333184	0.000000	
923.100000	29.353548	-37.258558	0.000000	
923.150000	29.346063	-37.183933	0.000000	
923.200000	29.338578	-37.109307	0.000000	
923.250000	29.331092	-37.034682	0.000000	
923.300000	29.323607	-36.960056	0.000000	
923.350000	29.316122	-36.885430	0.000000	
923.400000	29.308637	-36.810805	0.000000	
923.450000	29.301152	-36.736179	0.000000	
923.500000	29.293666	-36.661554	0.000000	
923.550000	29.286181	-36.586928	0.000000	
923.600000	29.278696	-36.512303	0.000000	
923.650000	29.271211	-36.437677	0.000000	
923.700000	29.263726	-36.363052	0.000000	
923.750000	29.256240	-36.288426	0.000000	
923.800000	29.248755	-36.213801	0.000000	
923.850000	29.241270	-36.139175	0.000000	
923.900000	29.233785	-36.064549	0.000000	
923.950000	29.226300	-35.989924	0.000000	
924.000000	29.218814	-35.915298	0.000000	
924.050000	29.211329	-35.840673	0.000000	
924.100000	29.203844	-35.766047	0.000000	
924.150000	29.196359	-35.691422	0.000000	
924.200000	29.188874	-35.616796	0.000000	
924.250000	29.181388	-35.542171	0.000000	
924.300000	29.173903	-35.467545	0.000000	
924.350000	29.166418	-35.392920	0.000000	
924.400000	29.158933	-35.318294	0.000000	
924.450000	29.151448	-35.243668	0.000000	
924.500000	29.143962	-35.169043	0.000000	
924.550000	29.136477	-35.094417	0.000000	
924.600000	29.128992	-35.019792	0.000000	
924.650000	29.121507	-34.945166	0.000000	
924.700000	29.114022	-34.870541	0.000000	
924.750000	29.106536	-34.795915	0.000000	
924.800000	29.099051	-34.721290	0.000000	
924.850000	29.091566	-34.646664	0.000000	
924.900000	29.084081	-34.572039	0.000000	
924.950000	29.076596	-34.497413	0.000000	
925.000000	29.069110	-34.422788	0.000000	
925.050000	29.061625	-34.348162	0.000000	
925.100000	29.054140	-34.273536	0.000000	
925.150000	29.046655	-34.198911	0.000000	
925.200000	29.039170	-34.124285	0.000000	
925.250000	29.031684	-34.049660	0.000000	
925.300000	29.024199	-33.975034	0.000000	
925.350000	29.016714	-33.900409	0.000000	
925.400000	29.009229	-33.825783	0.000000	
925.450000	29.001744	-33.751158	0.000000	
925.500000	28.994258	-33.676532	0.000000	
925.550000	28.986773	-33.601907	0.000000	
925.600000	28.979288	-33.527281	0.000000	
925.650000	28.971803	-33.452655	0.000000	
925.700000	28.964318	-33.378030	0.000000	
925.750000	28.956832	-33.303404	0.000000	
925.800000	28.949347	-33.228779	0.000000	
925.850000	28.941862	-33.154153	0.000000	
925.900000	28.934377	-33.079528	0.000000	
925.950000	28.926892	-33.004902	0.000000	
926.000000	28.919406	-32.930277	0.000000	
926.050000	28.911921	-32.855651	0.000000	
926.100000	28.904436	-32.781026	0.000000	
926.150000	28.896951	-32.706400	0.000000	
926.200000	28.889466	-32.631774	0.000000	
926.250000	28.881980	-32.557149	0.000000	
926.300000	28.874495	-32.482523	0.000000	
926.350000	28.867010	-32.407898	0.000000	
926.400000	28.859525	-32.333272	0.000000	
926.450000	28.852040	-32.258647	0.000000	
926.500000	28.844554	-32.184021	0.000000	
926.550000	28.837069	-32.109396	0.000000	
926.600000	28.829584	-32.034770	0.000000	
926.650000	28.822099	-31.960145	0.000000	
926.700000	28.814614	-31.885519	0.000000	
926.750000	28.807128	-31.810893	0.000000	
926.800000	28.799643	-31.736268	0.000000	
926.850000	28.792158	-31.661642	0.000000	
926.900000	28.784673	-31.587017	0.000000	
926.950000	28.777188	-31.512391	0.000000	
927.000000	28.769702	-31.437766	0.000000	
927.050000	28.762217	-31.363140	0.000000	
927.100000	28.754732	-31.288515	0.000000	
927.150000	28.747247	-31.213889	0.000000	
927.200000	28.739762	-31.139264	0.000000	
927.250000	28.732276	-31.064638	0.000000	
927.300000	28.724791	-30.990012	0.000000	
927.350000	28.717306	-30.915387	0.000000	
927.400000	28.709821	-30.840761	0.000000	
927.450000	28.702336	-30.766136	0.000000	
927.500000	28.694850	-30.691510	0.000000	
927.550000	28.653669	-30.700084	0.000000	
927.600000	28.596363	-30.748468	0.000000	
927.650000	28.539057	-30.796853	0.000000	
927.700000	28.481752	-30.845237	0.000000	
927.750000	28.424446	-30.893622	0.000000	
927.800000	28.367140	-30.942006	0.000000	
927.850000	28.309835	-30.990391	0.000000	
927.900000	28.252529	-31.038776	0.000000	
927.950000	28.195224	-31.087160	0.000000	
928.000000	28.137918	-31.135545	0.000000	
928.050000	28.080612	-31.183929	0.000000	
928.100000	28.023307	-31.232314	0.000000	
928.150000	27.966001	-31.280698	0.000000	
928.200000	27.908695	-31.329083	0.000000	
928.250000	27.851390	-31.377467	0.000000	
928.300000	27.794084	-31.425852	0.000000	
928.350000	27.736778	-31.474236	0.000000	
928.400000	27.679473	-31.522621	0.000000	
928.450000	27.622167	-31.571005	0.000000	
928.500000	27.564862	-31.619390	0.000000	
928.550000	27.507556	-31.667775	0.000000	
928.600000	27.450250	-31.716159	0.000000	
928.650000	27.392945	-31.764544	0.000000	
928.700000	27.335639	-31.812928	0.000000	
928.750000	27.278333	-31.861313	0.000000	
928.800000	27.221028	-31.909697	0.000000	
928.850000	27.163722	-31.958082	0.000000	
928.900000	27.106416	-32.006466	0.000000	
928.950000	27.049111	-32.054851	0.000000	
929.000000	26.991805	-32.103235	0.000000	
929.050000	26.934499	-32.151620	0.000000	
929.100000	26.877194	-32.200004	0.000000	
929.150000	26.819888	-32.248389	0.000000	
929.200000	26.762583	-32.296774	0.000000	
929.250000	26.705277	-32.345158	0.000000	
929.300000	26.647971	-32.393543	0.000000	
929.350000	26.590666	-32.441927	0.000000	
929.400000	26.533360	-32.490312	0.000000	
929.450000	26.476054	-32.538696	0.000000	
929.500000	26.418749	-32.587081	0.000000	
929.550000	26.361443	-32.635465	0.000000	
929.600000	26.304137	-32.683850	0.000000	
929.650000	26.246832	-32.732234	0.000000	
929.700000	26.189526	-32.780619	0.000000	
929.750000	26.132221	-32.829003	0.000000	
929.800000	26.074915	-32.877388	0.000000	
929.850000	26.017609	-32.925773	0.000000	
929.900000	25.960304	-32.974157	0.000000	
929.950000	25.902998	-33.022542	0.000000	
930.000000	25.845692	-33.070926	0.000000	
930.050000	25.788387	-33.119311	0.000000	
930.100000	25.731081	-33.167695	0.000000	
930.150000	25.673775	-33.216080	0.000000	
930.200000	25.616470	-33.264464	0.000000	
930.250000	25.559164	-33.312849	0.000000	
930.300000	25.501858	-33.361233	0.000000	
930.350000	25.444553	-33.409618	0.000000	
930.400000	25.387247	-33.458002	0.000000	
930.450000	25.329942	-33.506387	0.000000	
930.500000	25.272636	-33.554772	0.000000	
930.550000	25.215330	-33.603156	0.000000	
930.600000	25.158025	-33.651541	0.000000	
930.650000	25.100719	-33.699925	0.000000	
930.700000	25.043413	-33.748310	0.000000	
930.750000	24.986108	-33.796694	0.000000	
930.800000	24.928802	-33.845079	0.000000	
930.850000	24.871496	-33.893463	0.000000	
930.900000	24.814191	-33.941848	0.000000	
930.950000	24.756885	-33.990232	0.000000	
931.000000	24.699579	-34.038617	0.000000	
931.050000	24.642274	-34.087001	0.000000	
931.100000	24.584968	-34.135386	0.000000	
931.150000	24.527663	-34.183771	0.000000	
931.200000	24.470357	-34.232155	0.000000	
931.250000	24.413051	-34.280540	0.000000	
931.300000	24.355746	-34.328924	0.000000	
931.350000	24.298440	-34.377309	0.000000	
931.400000	24.241134	-34.425693	0.000000	
931.450000	24.183829	-34.474078	0.000000	
931.500000	24.126523	-34.522462	0.000000	
931.550000	24.069217	-34.570847	0.000000	
931.600000	24.011912	-34.619231	0.000000	
931.650000	23.954606	-34.667616	0.000000	
931.700000	23.897301	-34.716000	0.000000	
931.750000	23.839995	-34.764385	0.000000	
931.800000	23.782689	-34.812770	0.000000	
931.850000	23.725384	-34.861154	0.000000	
931.900000	23.668078	-34.909539	0.000000	
931.950000	23.610772	-34.957923	0.000000	
932.000000	23.553467	-35.006308	0.000000	
932.050000	23.496161	-35.054692	0.000000	
932.100000	23.438855	-35.103077	0.000000	
932.150000	23.381550	-35.151461	0.000000	
932.200000	23.324244	-35.199846	0.000000	
932.250000	23.266938	-35.248230	0.000000	
932.300000	23.209633	-35.296615	0.000000	
932.350000	23.152327	-35.344999	0.000000	
932.400000	23.095022	-35.393384	0.000000	
932.450000	23.037716	-35.441769	0.000000	
932.500000	22.980410	-35.490153	0.000000	
932.550000	22.923105	-35.538538	0.000000	
932.600000	22.865799	-35.586922	0.000000	
932.650000	22.808493	-35.635307	0.000000	
932.700000	22.751188	-35.683691	0.000000	
932.750000	22.693882	-35.732076	0.000000	
932.800000	22.636576	-35.780460	0.000000	
932.850000	22.579271	-35.828845	0.000000	
932.900000	22.521965	-35.877229	0.000000	
932.950000	22.464659	-35.925614	0.000000	
933.000000	22.407354	-35.973998	0.000000	
933.050000	22.350048	-36.022383	0.000000	
933.100000	22.292743	-36.070767	0.000000	
933.150000	22.235437	-36.119152	0.000000	
933.200000	22.178131	-36.167537	0.000000	
933.250000	22.120826	-36.215921	0.000000	
933.300000	22.063520	-36.264306	0.000000	
933.350000	22.006214	-36.312690	0.000000	
933.400000	21.948909	-36.361075	0.000000	
933.450000	21.891603	-36.409459	0.000000	
933.500000	21.834297	-36.457844	0.000000	
933.550000	21.776992	-36.506228	0.000000	
933.600000	21.719686	-36.554613	0.000000	
933.650000	21.662381	-36.602997	0.000000	
933.700000	21.605075	-36.651382	0.000000	
933.750000	21.547769	-36.699766	0.000000	
933.800000	21.490464	-36.748151	0.000000	
933.850000	21.433158	-36.796536	0.000000	
933.900000	21.375852	-36.844920	0.000000	
933.950000	21.318547	-36.893305	0.000000	
934.000000	21.261241	-36.941689	0.000000	
934.050000	21.203935	-36.990074	0.000000	
934.100000	21.146630	-37.038458	0.000000	
934.150000	21.089324	-37.086843	0.000000	
934.200000	21.032018	-37.135227	0.000000	
934.250000	20.974713	-37.183612	0.000000	
934.300000	20.917407	-37.231996	0.000000	
934.350000	20.860102	-37.280381	0.000000	
934.400000	20.802796	-37.328765	0.000000	
934.450000	20.745490	-37.377150	0.000000	
934.500000	20.688185	-37.425535	0.000000	
934.550000	20.630879	-37.473919	0.000000	
934.600000	20.573573	-37.522304	0.000000	
934.650000	20.516268	-37.570688	0.000000	
934.700000	20.458962	-37.619073	0.000000	
934.750000	20.401656	-37.667457	0.000000	
934.800000	20.344351	-37.715842	0.000000	
934.850000	20.287045	-37.764226	0.000000	
934.900000	20.229740	-37.812611	0.000000	
934.950000	20.172434	-37.860995	0.000000	
935.000000	20.115128	-37.909380	0.000000	
935.050000	20.057823	-37.957764	0.000000	
935.100000	20.000517	-38.006149	0.000000	
935.150000	19.993983	-38.043150	0.000000	
935.200000	20.066461	-38.062435	0.000000	
935.250000	20.138939	-38.081720	0.000000	
935.300000	20.211417	-38.101004	0.000000	
935.350000	20.283896	-38.120289	0.000000	
935.400000	20.356374	-38.139574	0.000000	
935.450000	20.428852	-38.158859	0.000000	
935.500000	20.501330	-38.178144	0.000000	
935.550000	20.573809	-38.197429	0.000000	
935.600000	20.646287	-38.216714	0.000000	
935.650000	20.718765	-38.235998	0.000000	
935.700000	20.791243	-38.255283	0.000000	
935.750000	20.863721	-38.274568	0.000000	
935.800000	20.936200	-38.293853	0.000000	
935.850000	21.008678	-38.313138	0.000000	
935.900000	21.081156	-38.332423	0.000000	
935.950000	21.153634	-38.351708	0.000000	
936.000000	21.226113	-38.370992	0.000000	
936.050000	21.298591	-38.390277	0.000000	
936.100000	21.371069	-38.409562	0.000000	
936.150000	21.443547	-38.428847	0.000000	
936.200000	21.516026	-38.448132	0.000000	
936.250000	21.588504	-38.467417	0.000000	
936.300000	21.660982	-38.486702	0.000000	
936.350000	21.733460	-38.505986	0.000000	
936.400000	21.805938	-38.525271	0.000000	
936.450000	21.878417	-38.544556	0.000000	
936.500000	21.950895	-38.563841	0.000000	
936.550000	22.023373	-38.583126	0.000000	
936.600000	22.095851	-38.602411	0.000000	
936.650000	22.168330	-38.621696	0.000000	
936.700000	22.240808	-38.640981	0.000000	
936.750000	22.313286	-38.660265	0.000000	
936.800000	22.385764	-38.679550	0.000000	
936.850000	22.458243	-38.698835	0.000000	
936.900000	22.530721	-38.718120	0.000000	
936.950000	22.603199	-38.737405	0.000000	
937.000000	22.675677	-38.756690	0.000000	
937.050000	22.748156	-38.775975	0.000000	
937.100000	22.820634	-38.795259	0.000000	
937.150000	22.893112	-38.814544	0.000000	
937.200000	22.965590	-38.833829	0.000000	
937.250000	23.038068	-38.853114	0.000000	
937.300000	23.110547	-38.872399	0.000000	
937.350000	23.183025	-38.891684	0.000000	
937.400000	23.255503	-38.910969	0.000000	
937.450000	23.327981	-38.930253	0.000000	
937.500000	23.400460	-38.949538	0.000000	
937.550000	23.472938	-38.968823	0.000000	
937.600000	23.545416	-38.988108	0.000000	
937.650000	23.617894	-39.007393	0.000000	
937.700000	23.690373	-39.026678	0.000000	
937.750000	23.762851	-39.045963	0.000000	
937.800000	23.835329	-39.065247	0.000000	
937.850000	23.907807	-39.084532	0.000000	
937.900000	23.980285	-39.103817	0.000000	
937.950000	24.052764	-39.123102	0.000000	
938.000000	24.125242	-39.142387	0.000000	
938.050000	24.197720	-39.161672	0.000000	
938.100000	24.270198	-39.180957	0.000000	
938.150000	24.342677	-39.200242	0.000000	
938.200000	24.415155	-39.219526	0.000000	
938.250000	24.487633	-39.238811	0.000000	
938.300000	24.560111	-39.258096	0.000000	
938.350000	24.632590	-39.277381	0.000000	
938.400000	24.705068	-39.296666	0.000000	
938.450000	24.777546	-39.315951	0.000000	
938.500000	24.850024	-39.335236	0.000000	
938.550000	24.922502	-39.354520	0.000000	
938.600000	24.994981	-39.373805	0.000000	
938.650000	25.067459	-39.393090	0.000000	
938.700000	25.139937	-39.412375	0.000000	
938.750000	25.212415	-39.431660	0.000000	
938.800000	25.284894	-39.450945	0.000000	
938.850000	25.357372	-39.470230	0.000000	
938.900000	25.429850	-39.489514	0.000000	
938.950000	25.502328	-39.508799	0.000000	
939.000000	25.574807	-39.528084	0.000000	
939.050000	25.647285	-39.547369	0.000000	
939.100000	25.719763	-39.566654	0.000000	
939.150000	25.792241	-39.585939	0.000000	
939.200000	25.864719	-39.605224	0.000000	
939.250000	25.937198	-39.624508	0.000000	
939.300000	26.009676	-39.643793	0.000000	
939.350000	26.082154	-39.663078	0.000000	
939.400000	26.154632	-39.682363	0.000000	
939.450000	26.227111	-39.701648	0.000000	
939.500000	26.299589	-39.720933	0.000000	
939.550000	26.372067	-39.740218	0.000000	
939.600000	26.444545	-39.759503	0.000000	
939.650000	26.517024	-39.778787	0.000000	
939.700000	26.589502	-39.798072	0.000000	
939.750000	26.661980	-39.817357	0.000000	
939.800000	26.734458	-39.836642	0.000000	
939.850000	26.806936	-39.855927	0.000000	
939.900000	26.879415	-39.875212	0.000000	
939.950000	26.951893	-39.894497	0.000000	
940.000000	27.024371	-39.913781	0.000000	
940.050000	27.096849	-39.933066	0.000000	
940.100000	27.169328	-39.952351	0.000000	
940.150000	27.241806	-39.971636	0.000000	
940.200000	27.314284	-39.990921	0.000000	
940.250000	27.386762	-40.010206	0.000000	
940.300000	27.459241	-40.029491	0.000000	
940.350000	27.531719	-40.048775	0.000000	
940.400000	27.604197	-40.068060	0.000000	
940.450000	27.676675	-40.087345	0.000000	
940.500000	27.749154	-40.106630	0.000000	
940.550000	27.821632	-40.125915	0.000000	
940.600000	27.894110	-40.145200	0.000000	
940.650000	27.966588	-40.164485	0.000000	
940.700000	28.039066	-40.183769	0.000000	
940.750000	28.111545	-40.203054	0.000000	
940.800000	28.184023	-40.222339	0.000000	
940.850000	28.256501	-40.241624	0.000000	
940.900000	28.328979	-40.260909	0.000000	
940.950000	28.401458	-40.280194	0.000000	
941.000000	28.473936	-40.299479	0.000000	
941.050000	28.546414	-40.318764	0.000000	
941.100000	28.620583	-40.328742	0.000000	
941.150000	28.695213	-40.336179	0.000000	
941.200000	28.769844	-40.343616	0.000000	
941.250000	28.844474	-40.351053	0.000000	
941.300000	28.919104	-40.358490	0.000000	
941.350000	28.993735	-40.365927	0.000000	
941.400000	29.068365	-40.373365	0.000000	
941.450000	29.142995	-40.380802	0.000000	
941.500000	29.217626	-40.388239	0.000000	
941.550000	29.292256	-40.395676	0.000000	
941.600000	29.366886	-40.403113	0.000000	
941.650000	29.441517	-40.410550	0.000000	
941.700000	29.516147	-40.417988	0.000000	
941.750000	29.590777	-40.425425	0.000000	
941.800000	29.665408	-40.432862	0.000000	
941.850000	29.740038	-40.440299	0.000000	
941.900000	29.814668	-40.447736	0.000000	
941.950000	29.889299	-40.455173	0.000000	
942.000000	29.963929	-40.462611	0.000000	
942.050000	30.038559	-40.470048	0.000000	
942.100000	30.113190	-40.477485	0.000000	
942.150000	30.187820	-40.484922	0.000000	
942.200000	30.262450	-40.492359	0.000000	
942.250000	30.337081	-40.499796	0.000000	
942.300000	30.411711	-40.507234	0.000000	
942.350000	30.486341	-40.514671	0.000000	
942.400000	30.560972	-40.522108	0.000000	
942.450000	30.635602	-40.529545	0.000000	
942.500000	30.710233	-40.536982	0.000000	
942.550000	30.784863	-40.544420	0.000000	
942.600000	30.859493	-40.551857	0.000000	
942.650000	30.934124	-40.559294	0.000000	
942.700000	31.008754	-40.566731	0.000000	
942.750000	31.083384	-40.574168	0.000000	
942.800000	31.158015	-40.581605	0.000000	
942.850000	31.232645	-40.589043	0.000000	
942.900000	31.307275	-40.596480	0.000000	
942.950000	31.381906	-40.603917	0.000000	
943.000000	31.456536	-40.611354	0.000000	
943.050000	31.531166	-40.618791	0.000000	
943.100000	31.605797	-40.626228	0.000000	
943.150000	31.680427	-40.633666	0.000000	
943.200000	31.755057	-40.641103	0.000000	
943.250000	31.829688	-40.648540	0.000000	
943.300000	31.904318	-40.655977	0.000000	
943.350000	31.978948	-40.663414	0.000000	
943.400000	32.053579	-40.670851	0.000000	
943.450000	32.128209	-40.678289	0.000000	
943.500000	32.202839	-40.685726	0.000000	
943.550000	32.277470	-40.693163	0.000000	
943.600000	32.352100	-40.700600	0.000000	
943.650000	32.426730	-40.708037	0.000000	
943.700000	32.501361	-40.715474	0.000000	
943.750000	32.575991	-40.722912	0.000000	
943.800000	32.650622	-40.730349	0.000000	
943.850000	32.725252	-40.737786	0.000000	
943.900000	32.799882	-40.745223	0.000000	
943.950000	32.874513	-40.752660	0.000000	
944.000000	32.949143	-40.760097	0.000000	
944.050000	33.023773	-40.767535	0.000000	
944.100000	33.098404	-40.774972	0.000000	
944.150000	33.173034	-40.782409	0.000000	
944.200000	33.247664	-40.789846	0.000000	
944.250000	33.322295	-40.797283	0.000000	
944.300000	33.396925	-40.804721	0.000000	
944.350000	33.471555	-40.812158	0.000000	
944.400000	33.546186	-40.819595	0.000000	
944.450000	33.620816	-40.827032	0.000000	
944.500000	33.695446	-40.834469	0.000000	
944.550000	33.770077	-40.841906	0.000000	
944.600000	33.844707	-40.849344	0.000000	
944.650000	33.919337	-40.856781	0.000000	
944.700000	33.993968	-40.864218	0.000000	
944.750000	34.068598	-40.871655	0.000000	
944.800000	34.143228	-40.879092	0.000000	
944.850000	34.217859	-40.886529	0.000000	
944.900000	34.292489	-40.893967	0.000000	
944.950000	34.367119	-40.901404	0.000000	
945.000000	34.441750	-40.908841	0.000000	
945.050000	34.516380	-40.916278	0.000000	
945.100000	34.591011	-40.923715	0.000000	
945.150000	34.665641	-40.931152	0.000000	
945.200000	34.740271	-40.938590	0.000000	
945.250000	34.814902	-40.946027	0.000000	
945.300000	34.889532	-40.953464	0.000000	
945.350000	34.964162	-40.960901	0.000000	
945.400000	35.038793	-40.968338	0.000000	
945.450000	35.113423	-40.975775	0.000000	
945.500000	35.188053	-40.983213	0.000000	
945.550000	35.262684	-40.990650	0.000000	
945.600000	35.337314	-40.998087	0.000000	
945.650000	35.411944	-41.005524	0.000000	
945.700000	35.486575	-41.012961	0.000000	
945.750000	35.561205	-41.020399	0.000000	
945.800000	35.635835	-41.027836	0.000000	
945.850000	35.710466	-41.035273	0.000000	
945.900000	35.785096	-41.042710	0.000000	
945.950000	35.859726	-41.050147	0.000000	
946.000000	35.934357	-41.057584	0.000000	
946.050000	36.008987	-41.065022	0.000000	
946.100000	36.083617	-41.072459	0.000000	
946.150000	36.158248	-41.079896	0.000000	
946.200000	36.232878	-41.087333	0.000000	
946.250000	36.307508	-41.094770	0.000000	
946.300000	36.382139	-41.102207	0.000000	
946.350000	36.456769	-41.109645	0.000000	
946.400000	36.531399	-41.117082	0.000000	
946.450000	36.606030	-41.124519	0.000000	
946.500000	36.680660	-41.131956	0.000000	
946.550000	36.755291	-41.139393	0.000000	
946.600000	36.829921	-41.146830	0.000000	
946.650000	36.904551	-41.154268	0.000000	
946.700000	36.979182	-41.161705	0.000000	
946.750000	37.053812	-41.169142	0.000000	
946.800000	37.128442	-41.176579	0.000000	
946.850000	37.203073	-41.184016	0.000000	
946.900000	37.277703	-41.191453	0.000000	
946.950000	37.352333	-41.198891	0.000000	
947.000000	37.426964	-41.206328	0.000000	
947.050000	37.501594	-41.213765	0.000000	
947.100000	37.576224	-41.221202	0.000000	
947.150000	37.650855	-41.228639	0.000000	
947.200000	37.725485	-41.236077	0.000000	
947.250000	37.800115	-41.243514	0.000000	
947.300000	37.874746	-41.250951	0.000000	
947.350000	37.949376	-41.258388	0.000000	
947.400000	38.024006	-41.265825	0.000000	
947.450000	38.098637	-41.273262	0.000000	
947.500000	38.173267	-41.280700	0.000000	
947.550000	38.247897	-41.288137	0.000000	
947.600000	38.322528	-41.295574	0.000000	
947.650000	38.397158	-41.303011	0.000000	
947.700000	38.471788	-41.310448	0.000000	
947.750000	38.546419	-41.317885	0.000000	
947.800000	38.621049	-41.325323	0.000000	
947.850000	38.695680	-41.332760	0.000000	
947.900000	38.770310	-41.340197	0.000000	
947.950000	38.844940	-41.347634	0.000000	
948.000000	38.919571	-41.355071	0.000000	
948.050000	38.994201	-41.362508	0.000000	
948.100000	39.068831	-41.369946	0.000000	
948.150000	39.143462	-41.377383	0.000000	
948.200000	39.218092	-41.384820	0.000000	
948.250000	39.292722	-41.392257	0.000000	
948.300000	39.367353	-41.399694	0.000000	
948.350000	39.441983	-41.407131	0.000000	
948.400000	39.516613	-41.414569	0.000000	
948.450000	39.591244	-41.422006	0.000000	
948.500000	39.665874	-41.429443	0.000000	
948.550000	39.740504	-41.436880	0.000000	
948.600000	39.684639	-41.406035	0.000000	
948.650000	39.617819	-41.371975	0.000000	
948.700000	39.550999	-41.337916	0.000000	
948.750000	39.484179	-41.303856	0.000000	
948.800000	39.417358	-41.269797	0.000000	
948.850000	39.350538	-41.235737	0.000000	
948.900000	39.283718	-41.201677	0.000000	
948.950000	39.216898	-41.167618	0.000000	
949.000000	39.150077	-41.133558	0.000000	
949.050000	39.083257	-41.099499	0.000000	
949.100000	39.016437	-41.065439	0.000000	
949.150000	38.949616	-41.031380	0.000000	
949.200000	38.882796	-40.997320	0.000000	
949.250000	38.815976	-40.963261	0.000000	
949.300000	38.749156	-40.929201	0.000000	
949.350000	38.682335	-40.895142	0.000000	
949.400000	38.615515	-40.861082	0.000000	
949.450000	38.548695	-40.827023	0.000000	
949.500000	38.481875	-40.792963	0.000000	
949.550000	38.415054	-40.758904	0.000000	
949.600000	38.348234	-40.724844	0.000000	
949.650000	38.281414	-40.690785	0.000000	
949.700000	38.214593	-40.656725	0.000000	
949.750000	38.147773	-40.622666	0.000000	
949.800000	38.080953	-40.588606	0.000000	
949.850000	38.014133	-40.554547	0.000000	
949.900000	37.947312	-40.520487	0.000000	
949.950000	37.880492	-40.486428	0.000000	
950.000000	37.813672	-40.452368	0.000000	
950.050000	37.746851	-40.418309	0.000000	
950.100000	37.680031	-40.384249	0.000000	
950.150000	37.613211	-40.350190	0.000000	
950.200000	37.546391	-40.316130	0.000000	
950.250000	37.479570	-40.282070	0.000000	
950.300000	37.412750	-40.248011	0.000000	
950.350000	37.345930	-40.213951	0.000000	
950.400000	37.279110	-40.179892	0.000000	
950.450000	37.212289	-40.145832	0.000000	
950.500000	37.145469	-40.111773	0.000000	
950.550000	37.078649	-40.077713	0.000000	
950.600000	37.011828	-40.043654	0.000000	
950.650000	36.945008	-40.009594	0.000000	
950.700000	36.878188	-39.975535	0.000000	
950.750000	36.811368	-39.941475	0.000000	
950.800000	36.744547	-39.907416	0.000000	
950.850000	36.677727	-39.873356	0.000000	
950.900000	36.610907	-39.839297	0.000000	
950.950000	36.544087	-39.805237	0.000000	
951.000000	36.477266	-39.771178	0.000000	
951.050000	36.410446	-39.737118	0.000000	
951.100000	36.343626	-39.703059	0.000000	
951.150000	36.276805	-39.668999	0.000000	
951.200000	36.209985	-39.634940	0.000000	
951.250000	36.143165	-39.600880	0.000000	
951.300000	36.076345	-39.566821	0.000000	
951.350000	36.009524	-39.532761	0.000000	
951.400000	35.942704	-39.498702	0.000000	
951.450000	35.875884	-39.464642	0.000000	
951.500000	35.809064	-39.430583	0.000000	
951.550000	35.742243	-39.396523	0.000000	
951.600000	35.675423	-39.362463	0.000000	
951.650000	35.608603	-39.328404	0.000000	
951.700000	35.541782	-39.294344	0.000000	
951.750000	35.474962	-39.260285	0.000000	
951.800000	35.408142	-39.226225	0.000000	
951.850000	35.341322	-39.192166	0.000000	
951.900000	35.274501	-39.158106	0.000000	
951.950000	35.207681	-39.124047	0.000000	
952.000000	35.140861	-39.089987	0.000000	
952.050000	35.074040	-39.055928	0.000000	
952.100000	35.007220	-39.021868	0.000000	
952.150000	34.940400	-38.987809	0.000000	
952.200000	34.873580	-38.953749	0.000000	
952.250000	34.806759	-38.919690	0.000000	
952.300000	34.739939	-38.885630	0.000000	
952.350000	34.673119	-38.851571	0.000000	
952.400000	34.606299	-38.817511	0.000000	
952.450000	34.539478	-38.783452	0.000000	
952.500000	34.472658	-38.749392	0.000000	
952.550000	34.405838	-38.715333	0.000000	
952.600000	34.339017	-38.681273	0.000000	
952.650000	34.272197	-38.647214	0.000000	
952.700000	34.205377	-38.613154	0.000000	
952.750000	34.138557	-38.579095	0.000000	
952.800000	34.071736	-38.545035	0.000000	
952.850000	34.004916	-38.510976	0.000000	
952.900000	33.938096	-38.476916	0.000000	
952.950000	33.871276	-38.442856	0.000000	
953.000000	33.804455	-38.408797	0.000000	
953.050000	33.737635	-38.374737	0.000000	
953.100000	33.670815	-38.340678	0.000000	
953.150000	33.603994	-38.306618	0.000000	
953.200000	33.537174	-38.272559	0.000000	
953.250000	33.470354	-38.238499	0.000000	
953.300000	33.403534	-38.204440	0.000000	
953.350000	33.336713	-38.170380	0.000000	
953.400000	33.269893	-38.136321	0.000000	
953.450000	33.203073	-38.102261	0.000000	
953.500000	33.136252	-38.068202	0.000000	
953.550000	33.069432	-38.034142	0.000000	
953.600000	33.002612	-38.000083	0.000000	
953.650000	32.935792	-37.966023	0.000000	
953.700000	32.868971	-37.931964	0.000000	
953.750000	32.802151	-37.897904	0.000000	
953.800000	32.735331	-37.863845	0.000000	
953.850000	32.668511	-37.829785	0.000000	
953.900000	32.601690	-37.795726	0.000000	
953.950000	32.534870	-37.761666	0.000000	
954.000000	32.468050	-37.727607	0.000000	
954.050000	32.401229	-37.693547	0.000000	
954.100000	32.334409	-37.659488	0.000000	
954.150000	32.267589	-37.625428	0.000000	
954.200000	32.200769	-37.591369	0.000000	
954.250000	32.133948	-37.557309	0.000000	
954.300000	32.067128	-37.523249	0.000000	
954.350000	32.000308	-37.489190	0.000000	
954.400000	31.933488	-37.455130	0.000000	
954.450000	31.866667	-37.421071	0.000000	
954.500000	31.799847	-37.387011	0.000000	
954.550000	31.733027	-37.352952	0.000000	
954.600000	31.666206	-37.318892	0.000000	
954.650000	31.599386	-37.284833	0.000000	
954.700000	31.532566	-37.250773	0.000000	
954.750000	31.465746	-37.216714	0.000000	
954.800000	31.398925	-37.182654	0.000000	
954.850000	31.332105	-37.148595	0.000000	
954.900000	31.265285	-37.114535	0.000000	
954.950000	31.198465	-37.080476	0.000000	
955.000000	31.131644	-37.046416	0.000000	
955.050000	31.064824	-37.012357	0.000000	
955.100000	30.998004	-36.978297	0.000000	
955.150000	30.931183	-36.944238	0.000000	
955.200000	30.864363	-36.910178	0.000000	
955.250000	30.797543	-36.876119	0.000000	
955.300000	30.730723	-36.842059	0.000000	
955.350000	30.663902	-36.808000	0.000000	
955.400000	30.597082	-36.773940	0.000000	
955.450000	30.530262	-36.739881	0.000000	
955.500000	30.463441	-36.705821	0.000000	
955.550000	30.396621	-36.671762	0.000000	
955.600000	30.329801	-36.637702	0.000000	
955.650000	30.262981	-36.603642	0.000000	
955.700000	30.196160	-36.569583	0.000000	
955.750000	30.129340	-36.535523	0.000000	
955.800000	30.062520	-36.501464	0.000000	
955.850000	29.995700	-36.467404	0.000000	
955.900000	29.928879	-36.433345	0.000000	
955.950000	29.862059	-36.399285	0.000000	
956.000000	29.795239	-36.365226	0.000000	
956.050000	29.728418	-36.331166	0.000000	
956.100000	29.661598	-36.297107	0.000000	
956.150000	29.594778	-36.263047	0.000000	
956.200000	29.527958	-36.228988	0.000000	
956.250000	29.461137	-36.194928	0.000000	
956.300000	29.394317	-36.160869	0.000000	
956.350000	29.327497	-36.126809	0.000000	
956.400000	29.260677	-36.092750	0.000000	
956.450000	29.193856	-36.058690	0.000000	
956.500000	29.127036	-36.024631	0.000000	
956.550000	29.060216	-35.990571	0.000000	
956.600000	28.993395	-35.956512	0.000000	
956.650000	28.926575	-35.922452	0.000000	
956.700000	28.859755	-35.888393	0.000000	
956.750000	28.792935	-35.854333	0.000000	
956.800000	28.726114	-35.820274	0.000000	
956.850000	28.659294	-35.786214	0.000000	
956.900000	28.592474	-35.752155	0.000000	
956.950000	28.525653	-35.718095	0.000000	
957.000000	28.458833	-35.684035	0.000000	
957.050000	28.392013	-35.649976	0.000000	
957.100000	28.325193	-35.615916	0.000000	
957.150000	28.258372	-35.581857	0.000000	
957.200000	28.191552	-35.547797	0.000000	
957.250000	28.124732	-35.513738	0.000000	
957.300000	28.057912	-35.479678	0.000000	
957.350000	27.991091	-35.445619	0.000000	
957.400000	27.924271	-35.411559	0.000000	
957.450000	27.857451	-35.377500	0.000000	
957.500000	27.790630	-35.343440	0.000000	
957.550000	27.723810	-35.309381	0.000000	
957.600000	27.656990	-35.275321	0.000000	
957.650000	27.590170	-35.241262	0.000000	
957.700000	27.523349	-35.207202	0.000000	
957.750000	27.456529	-35.173143	0.000000	
957.800000	27.389709	-35.139083	0.000000	
957.850000	27.322889	-35.105024	0.000000	
957.900000	27.256068	-35.070964	0.000000	
957.950000	27.189248	-35.036905	0.000000	
958.000000	27.122428	-35.002845	0.000000	
958.050000	27.055607	-34.968786	0.000000	
958.100000	26.988787	-34.934726	0.000000	
958.150000	26.921967	-34.900667	0.000000	
958.200000	26.855147	-34.866607	0.000000	
958.250000	26.788326	-34.832548	0.000000	
958.300000	26.721506	-34.798488	0.000000	
958.350000	26.654686	-34.764429	0.000000	
958.400000	26.587865	-34.730369	0.000000	
958.450000	26.521045	-34.696309	0.000000	
958.500000	26.454225	-34.662250	0.000000	
958.550000	26.387405	-34.628190	0.000000	
958.600000	26.320584	-34.594131	0.000000	
958.650000	26.253764	-34.560071	0.000000	
958.700000	26.186944	-34.526012	0.000000	
958.750000	26.120124	-34.491952	0.000000	
958.800000	26.053303	-34.457893	0.000000	
958.850000	25.986483	-34.423833	0.000000	
958.900000	25.919663	-34.389774	0.000000	
958.950000	25.852842	-34.355714	0.000000	
959.000000	25.786022	-34.321655	0.000000	
959.050000	25.719202	-34.287595	0.000000	
959.100000	25.652382	-34.253536	0.000000	
959.150000	25.585561	-34.219476	0.000000	
959.200000	25.518741	-34.185417	0.000000	
959.250000	25.451921	-34.151357	0.000000	
959.300000	25.385101	-34.117298	0.000000	
959.350000	25.318280	-34.083238	0.000000	
959.400000	25.251460	-34.049179	0.000000	
959.450000	25.184640	-34.015119	0.000000	
959.500000	25.117819	-33.981060	0.000000	
959.550000	25.050999	-33.947000	0.000000	
959.600000	24.984179	-33.912941	0.000000	
959.650000	24.917359	-33.878881	0.000000	
959.700000	24.850538	-33.844822	0.000000	
959.750000	24.804843	-33.843473	0.000000	
959.800000	24.808399	-33.918388	0.000000	
959.850000	24.811955	-33.993304	0.000000	
959.900000	24.815512	-34.068219	0.000000	
959.950000	24.819068	-34.143135	0.000000	
960.000000	24.822624	-34.218051	0.000000	
960.050000	24.826180	-34.292966	0.000000	
960.100000	24.829737	-34.367882	0.000000	
960.150000	24.833293	-34.442798	0.000000	
960.200000	24.836849	-34.517713	0.000000	
960.250000	24.840405	-34.592629	0.000000	
960.300000	24.843962	-34.667545	0.000000	
960.350000	24.847518	-34.742460	0.000000	
960.400000	24.851074	-34.817376	0.000000	
960.450000	24.854631	-34.892292	0.000000	
960.500000	24.858187	-34.967207	0.000000	
960.550000	24.861743	-35.042123	0.000000	
960.600000	24.865299	-35.117038	0.000000	
960.650000	24.868856	-35.191954	0.000000	
960.700000	24.872412	-35.266870	0.000000	
960.750000	24.875968	-35.341785	0.000000	
960.800000	24.879524	-35.416701	0.000000	
960.850000	24.883081	-35.491617	0.000000	
960.900000	24.886637	-35.566532	0.000000	
960.950000	24.890193	-35.641448	0.000000	
961.000000	24.893750	-35.716364	0.000000	
961.050000	24.897306	-35.791279	0.000000	
961.100000	24.900862	-35.866195	0.000000	
961.150000	24.904418	-35.941110	0.000000	
961.200000	24.907975	-36.016026	0.000000	
961.250000	24.911531	-36.090942	0.000000	
961.300000	24.915087	-36.165857	0.000000	
961.350000	24.918643	-36.240773	0.000000	
961.400000	24.922200	-36.315689	0.000000	
961.450000	24.925756	-36.390604	0.000000	
961.500000	24.929312	-36.465520	0.000000	
961.550000	24.932869	-36.540436	0.000000	
961.600000	24.936425	-36.615351	0.000000	
961.650000	24.939981	-36.690267	0.000000	
961.700000	24.943537	-36.765182	0.000000	
961.750000	24.947094	-36.840098	0.000000	
961.800000	24.950650	-36.915014	0.000000	
961.850000	24.954206	-36.989929	0.000000	
961.900000	24.957762	-37.064845	0.000000	
961.950000	24.961319	-37.139761	0.000000	
962.000000	24.964875	-37.214676	0.000000	
962.050000	24.968431	-37.289592	0.000000	
962.100000	24.971988	-37.364508	0.000000	
962.150000	24.975544	-37.439423	0.000000	
962.200000	24.979100	-37.514339	0.000000	
962.250000	24.982656	-37.589255	0.000000	
962.300000	24.986213	-37.664170	0.000000	
962.350000	24.989769	-37.739086	0.000000	
962.400000	24.993325	-37.814001	0.000000	
962.450000	24.996881	-37.888917	0.000000	
962.500000	25.000438	-37.963833	0.000000	
962.550000	25.003994	-38.038748	0.000000	
962.600000	25.007550	-38.113664	0.000000	
962.650000	25.011107	-38.188580	0.000000	
962.700000	25.014663	-38.263495	0.000000	
962.750000	25.018219	-38.338411	0.000000	
962.800000	25.021775	-38.413327	0.000000	
962.850000	25.025332	-38.488242	0.000000	
962.900000	25.028888	-38.563158	0.000000	
962.950000	25.032444	-38.638073	0.000000	
963.000000	25.036001	-38.712989	0.000000	
963.050000	25.039557	-38.787905	0.000000	
963.100000	25.043113	-38.862820	0.000000	
963.150000	25.046669	-38.937736	0.000000	
963.200000	25.050226	-39.012652	0.000000	
963.250000	25.053782	-39.087567	0.000000	
963.300000	25.057338	-39.162483	0.000000	
963.350000	25.060894	-39.237399	0.000000	
963.400000	25.064451	-39.312314	0.000000	
963.450000	25.068007	-39.387230	0.000000	
963.500000	25.071563	-39.462145	0.000000	
963.550000	25.075120	-39.537061	0.000000	
963.600000	25.078676	-39.611977	0.000000	
963.650000	25.082232	-39.686892	0.000000	
963.700000	25.085788	-39.761808	0.000000	
963.750000	25.089345	-39.836724	0.000000	
963.800000	25.092901	-39.911639	0.000000	
963.850000	25.096457	-39.986555	0.000000	
963.900000	25.100013	-40.061471	0.000000	
963.950000	25.103570	-40.136386	0.000000	
964.000000	25.107126	-40.211302	0.000000	
964.050000	25.110682	-40.286217	0.000000	
964.100000	25.114239	-40.361133	0.000000	
964.150000	25.117795	-40.436049	0.000000	
964.200000	25.121351	-40.510964	0.000000	
964.250000	25.124907	-40.585880	0.000000	
964.300000	25.128464	-40.660796	0.000000	
964.350000	25.132020	-40.735711	0.000000	
964.400000	25.135576	-40.810627	0.000000	
964.450000	25.139132	-40.885543	0.000000	
964.500000	25.142689	-40.960458	0.000000	
964.550000	25.146245	-41.035374	0.000000	
964.600000	25.149801	-41.110290	0.000000	
964.650000	25.153358	-41.185205	0.000000	
964.700000	25.156914	-41.260121	0.000000	
964.750000	25.160470	-41.335036	0.000000	
964.800000	25.164026	-41.409952	0.000000	
964.850000	25.167583	-41.484868	0.000000	
964.900000	25.171139	-41.559783	0.000000	
964.950000	25.174695	-41.634699	0.000000	
965.000000	25.178251	-41.709615	0.000000	
965.050000	25.181808	-41.784530	0.000000	
965.100000	25.185364	-41.859446	0.000000	
965.150000	25.188920	-41.934362	0.000000	
965.200000	25.192477	-42.009277	0.000000	
965.250000	25.196033	-42.084193	0.000000	
965.300000	25.199589	-42.159108	0.000000	
965.350000	25.203145	-42.234024	0.000000	
965.400000	25.206702	-42.308940	0.000000	
965.450000	25.210258	-42.383855	0.000000	
965.500000	25.213814	-42.458771	0.000000	
965.550000	25.217370	-42.533687	0.000000	
965.600000	25.220927	-42.608602	0.000000	
965.650000	25.224483	-42.683518	0.000000	
965.700000	25.228039	-42.758434	0.000000	
965.750000	25.231596	-42.833349	0.000000	
965.800000	25.235152	-42.908265	0.000000	
965.850000	25.238708	-42.983180	0.000000	
965.900000	25.242264	-43.058096	0.000000	
965.950000	25.245821	-43.133012	0.000000	
966.000000	25.249377	-43.207927	0.000000	
966.050000	25.252933	-43.282843	0.000000	
966.100000	25.256490	-43.357759	0.000000	
966.150000	25.260046	-43.432674	0.000000	
966.200000	25.263602	-43.507590	0.000000	
966.250000	25.267158	-43.582506	0.000000	
966.300000	25.270715	-43.657421	0.000000	
966.350000	25.274271	-43.732337	0.000000	
966.400000	25.277827	-43.807253	0.000000	
966.450000	25.281383	-43.882168	0.000000	
966.500000	25.284940	-43.957084	0.000000	
966.550000	25.288496	-44.031999	0.000000	
966.600000	25.292052	-44.106915	0.000000	
966.650000	25.295609	-44.181831	0.000000	
966.700000	25.299165	-44.256746	0.000000	
966.750000	25.302721	-44.331662	0.000000	
966.800000	25.306277	-44.406578	0.000000	
966.850000	25.309834	-44.481493	0.000000	
966.900000	25.313390	-44.556409	0.000000	
966.950000	25.316946	-44.631325	0.000000	
967.000000	25.320502	-44.706240	0.000000	
967.050000	25.324059	-44.781156	0.000000	
967.100000	25.327615	-44.856071	0.000000	
967.150000	25.331171	-44.930987	0.000000	
967.200000	25.334728	-45.005903	0.000000	
967.250000	25.338284	-45.080818	0.000000	
967.300000	25.341840	-45.155734	0.000000	
967.350000	25.345396	-45.230650	0.000000	
967.400000	25.348953	-45.305565	0.000000	
967.450000	25.352509	-45.380481	0.000000	
967.500000	25.356065	-45.455397	0.000000	
967.550000	25.359621	-45.530312	0.000000	
967.600000	25.363178	-45.605228	0.000000	
967.650000	25.366734	-45.680143	0.000000	
967.700000	25.370290	-45.755059	0.000000	
967.750000	25.373847	-45.829975	0.000000	
967.800000	25.377403	-45.904890	0.000000	
967.850000	25.380959	-45.979806	0.000000	
967.900000	25.384515	-46.054722	0.000000	
967.950000	25.388072	-46.129637	0.000000	
968.000000	25.391628	-46.204553	0.000000	
968.050000	25.395184	-46.279469	0.000000	
968.100000	25.398740	-46.354384	0.000000	
968.150000	25.411900	-46.379754	0.000000	
968.200000	25.443186	-46.311591	0.000000	
968.250000	25.474473	-46.243429	0.000000	
968.300000	25.505760	-46.175266	0.000000	
968.350000	25.537047	-46.107104	0.000000	
968.400000	25.568334	-46.038941	0.000000	
968.450000	25.599621	-45.970779	0.000000	
968.500000	25.630908	-45.902616	0.000000	
968.550000	25.662195	-45.834454	0.000000	
968.600000	25.693482	-45.766291	0.000000	
968.650000	25.724769	-45.698128	0.000000	
968.700000	25.756056	-45.629966	0.000000	
968.750000	25.787342	-45.561803	0.000000	
968.800000	25.818629	-45.493641	0.000000	
968.850000	25.849916	-45.425478	0.000000	
968.900000	25.881203	-45.357316	0.000000	
968.950000	25.912490	-45.289153	0.000000	
969.000000	25.943777	-45.220991	0.000000	
969.050000	25.975064	-45.152828	0.000000	
969.100000	26.006351	-45.084666	0.000000	
969.150000	26.037638	-45.016503	0.000000	
969.200000	26.068925	-44.948341	0.000000	
969.250000	26.100212	-44.880178	0.000000	
969.300000	26.131499	-44.812016	0.000000	
969.350000	26.162785	-44.743853	0.000000	
969.400000	26.194072	-44.675691	0.000000	
969.450000	26.225359	-44.607528	0.000000	
969.500000	26.256646	-44.539366	0.000000	
969.550000	26.287933	-44.471203	0.000000	
969.600000	26.319220	-44.403041	0.000000	
969.650000	26.350507	-44.334878	0.000000	
969.700000	26.381794	-44.266716	0.000000	
969.750000	26.413081	-44.198553	0.000000	
969.800000	26.444368	-44.130391	0.000000	
969.850000	26.475655	-44.062228	0.000000	
969.900000	26.506941	-43.994065	0.000000	
969.950000	26.538228	-43.925903	0.000000	
970.000000	26.569515	-43.857740	0.000000	
970.050000	26.600802	-43.789578	0.000000	
970.100000	26.632089	-43.721415	0.000000	
970.150000	26.663376	-43.653253	0.000000	
970.200000	26.694663	-43.585090	0.000000	
970.250000	26.725950	-43.516928	0.000000	
970.300000	26.757237	-43.448765	0.000000	
970.350000	26.788524	-43.380603	0.000000	
970.400000	26.819811	-43.312440	0.000000	
970.450000	26.851098	-43.244278	0.000000	
970.500000	26.882384	-43.176115	0.000000	
970.550000	26.913671	-43.107953	0.000000	
970.600000	26.944958	-43.039790	0.000000	
970.650000	26.976245	-42.971628	0.000000	
970.700000	27.007532	-42.903465	0.000000	
970.750000	27.038819	-42.835303	0.000000	
970.800000	27.070106	-42.767140	0.000000	
970.850000	27.101393	-42.698978	0.000000	
970.900000	27.132680	-42.630815	0.000000	
970.950000	27.163967	-42.562653	0.000000	
971.000000	27.195254	-42.494490	0.000000	
971.050000	27.226540	-42.426328	0.000000	
971.100000	27.257827	-42.358165	0.000000	
971.150000	27.289114	-42.290002	0.000000	
971.200000	27.320401	-42.221840	0.000000	
971.250000	27.351688	-42.153677	0.000000	
971.300000	27.382975	-42.085515	0.000000	
971.350000	27.414262	-42.017352	0.000000	
971.400000	27.445549	-41.949190	0.000000	
971.450000	27.476836	-41.881027	0.000000	
971.500000	27.508123	-41.812865	0.000000	
971.550000	27.539410	-41.744702	0.000000	
971.600000	27.570697	-41.676540	0.000000	
971.650000	27.601983	-41.608377	0.000000	
971.700000	27.633270	-41.540215	0.000000	
971.750000	27.664557	-41.472052	0.000000	
971.800000	27.695844	-41.403890	0.000000	
971.850000	27.727131	-41.335727	0.000000	
971.900000	27.758418	-41.267565	0.000000	
971.950000	27.789705	-41.199402	0.000000	
972.000000	27.820992	-41.131240	0.000000	
972.050000	27.852279	-41.063077	0.000000	
972.100000	27.883566	-40.994915	0.000000	
972.150000	27.914853	-40.926752	0.000000	
972.200000	27.946139	-40.858590	0.000000	
972.250000	27.977426	-40.790427	0.000000	
972.300000	28.008713	-40.722265	0.000000	
972.350000	28.040000	-40.654102	0.000000	
972.400000	28.071287	-40.585940	0.000000	
972.450000	28.102574	-40.517777	0.000000	
972.500000	28.133861	-40.449614	0.000000	
972.550000	28.165148	-40.381452	0.000000	
972.600000	28.196435	-40.313289	0.000000	
972.650000	28.227722	-40.245127	0.000000	
972.700000	28.259009	-40.176964	0.000000	
972.750000	28.290296	-40.108802	0.000000	
972.800000	28.321582	-40.040639	0.000000	
972.850000	28.352869	-39.972477	0.000000	
972.900000	28.384156	-39.904314	0.000000	
972.950000	28.415443	-39.836152	0.000000	
973.000000	28.446730	-39.767989	0.000000	
973.050000	28.478017	-39.699827	0.000000	
973.100000	28.509304	-39.631664	0.000000	
973.150000	28.540591	-39.563502	0.000000	
973.200000	28.571878	-39.495339	0.000000	
973.250000	28.603165	-39.427177	0.000000	
973.300000	28.634452	-39.359014	0.000000	
973.350000	28.665738	-39.290852	0.000000	
973.400000	28.697025	-39.222689	0.000000	
973.450000	28.728312	-39.154527	0.000000	
973.500000	28.759599	-39.086364	0.000000	
973.550000	28.790886	-39.018202	0.000000	
973.600000	28.822173	-38.950039	0.000000	
973.650000	28.853460	-38.881877	0.000000	
973.700000	28.884747	-38.813714	0.000000	
973.750000	28.916034	-38.745551	0.000000	
973.800000	28.947321	-38.677389	0.000000	
973.850000	28.978608	-38.609226	0.000000	
973.900000	29.009895	-38.541064	0.000000	
973.950000	29.041181	-38.472901	0.000000	
974.000000	29.072468	-38.404739	0.000000	
974.050000	29.103755	-38.336576	0.000000	
974.100000	29.135042	-38.268414	0.000000	
974.150000	29.166329	-38.200251	0.000000	
974.200000	29.197616	-38.132089	0.000000	
974.250000	29.228903	-38.063926	0.000000	
974.300000	29.260190	-37.995764	0.000000	
974.350000	29.291477	-37.927601	0.000000	
974.400000	29.322764	-37.859439	0.000000	
974.450000	29.354051	-37.791276	0.000000	
974.500000	29.385337	-37.723114	0.000000	
974.550000	29.416624	-37.654951	0.000000	
974.600000	29.447911	-37.586789	0.000000	
974.650000	29.479198	-37.518626	0.000000	
974.700000	29.510485	-37.450464	0.000000	
974.750000	29.541772	-37.382301	0.000000	
974.800000	29.573059	-37.314139	0.000000	
974.850000	29.604346	-37.245976	0.000000	
974.900000	29.635633	-37.177814	0.000000	
974.950000	29.666920	-37.109651	0.000000	
975.000000	29.698207	-37.041488	0.000000	
975.050000	29.729493	-36.973326	0.000000	
975.100000	29.735732	-36.912226	0.000000	
975.150000	29.673446	-36.870448	0.000000	
975.200000	29.611160	-36.828669	0.000000	
975.250000	29.548874	-36.786890	0.000000	
975.300000	29.486588	-36.745112	0.000000	
975.350000	29.424302	-36.703333	0.000000	
975.400000	29.362016	-36.661555	0.000000	
975.450000	29.299730	-36.619776	0.000000	
975.500000	29.237444	-36.577998	0.000000	
975.550000	29.175158	-36.536219	0.000000	
975.600000	29.112872	-36.494441	0.000000	
975.650000	29.050586	-36.452662	0.000000	
975.700000	28.988299	-36.410884	0.000000	
975.750000	28.926013	-36.369105	0.000000	
975.800000	28.863727	-36.327327	0.000000	
975.850000	28.801441	-36.285548	0.000000	
975.900000	28.739155	-36.243769	0.000000	
975.950000	28.676869	-36.201991	0.000000	
976.000000	28.614583	-36.160212	0.000000	
976.050000	28.552297	-36.118434	0.000000	
976.100000	28.490011	-36.076655	0.000000	
976.150000	28.427725	-36.034877	0.000000	
976.200000	28.365439	-35.993098	0.000000	
976.250000	28.303153	-35.951320	0.000000	
976.300000	28.240867	-35.909541	0.000000	
976.350000	28.178581	-35.867763	0.000000	
976.400000	28.116295	-35.825984	0.000000	
976.450000	28.054008	-35.784206	0.000000	
976.500000	27.991722	-35.742427	0.000000	
976.550000	27.929436	-35.700648	0.000000	
976.600000	27.867150	-35.658870	0.000000	
976.650000	27.804864	-35.617091	0.000000	
976.700000	27.742578	-35.575313	0.000000	
976.750000	27.680292	-35.533534	0.000000	
976.800000	27.618006	-35.491756	0.000000	
976.850000	27.555720	-35.449977	0.000000	
976.900000	27.493434	-35.408199	0.000000	
976.950000	27.431148	-35.366420	0.000000	
977.000000	27.368862	-35.324642	0.000000	
977.050000	27.306576	-35.282863	0.000000	
977.100000	27.244290	-35.241085	0.000000	
977.150000	27.182004	-35.199306	0.000000	
977.200000	27.119718	-35.157527	0.000000	
977.250000	27.057431	-35.115749	0.000000	
977.300000	26.995145	-35.073970	0.000000	
977.350000	26.932859	-35.032192	0.000000	
977.400000	26.870573	-34.990413	0.000000	
977.450000	26.808287	-34.948635	0.000000	
977.500000	26.746001	-34.906856	0.000000	
977.550000	26.683715	-34.865078	0.000000	
977.600000	26.621429	-34.823299	0.000000	
977.650000	26.559143	-34.781521	0.000000	
977.700000	26.496857	-34.739742	0.000000	
977.750000	26.434571	-34.697964	0.000000	
977.800000	26.372285	-34.656185	0.000000	
977.850000	26.309999	-34.614406	0.000000	
977.900000	26.247713	-34.572628	0.000000	
977.950000	26.185427	-34.530849	0.000000	
978.000000	26.123141	-34.489071	0.000000	
978.050000	26.060854	-34.447292	0.000000	
978.100000	25.998568	-34.405514	0.000000	
978.150000	25.936282	-34.363735	0.000000	
978.200000	25.873996	-34.321957	0.000000	
978.250000	25.811710	-34.280178	0.000000	
978.300000	25.749424	-34.238400	0.000000	
978.350000	25.687138	-34.196621	0.000000	
978.400000	25.624852	-34.154843	0.000000	
978.450000	25.562566	-34.113064	0.000000	
978.500000	25.500280	-34.071285	0.000000	
978.550000	25.437994	-34.029507	0.000000	
978.600000	25.375708	-33.987728	0.000000	
978.650000	25.313422	-33.945950	0.000000	
978.700000	25.251136	-33.904171	0.000000	
978.750000	25.188850	-33.862393	0.000000	
978.800000	25.126563	-33.820614	0.000000	
978.850000	25.064277	-33.778836	0.000000	
978.900000	25.001991	-33.737057	0.000000	
978.950000	24.939705	-33.695279	0.000000	
979.000000	24.877419	-33.653500	0.000000	
979.050000	24.815133	-33.611722	0.000000	
979.100000	24.752847	-33.569943	0.000000	
979.150000	24.690561	-33.528164	0.000000	
979.200000	24.628275	-33.486386	0.000000	
979.250000	24.565989	-33.444607	0.000000	
979.300000	24.503703	-33.402829	0.000000	
979.350000	24.441417	-33.361050	0.000000	
979.400000	24.379131	-33.319272	0.000000	
979.450000	24.316845	-33.277493	0.000000	
979.500000	24.254559	-33.235715	0.000000	
979.550000	24.192273	-33.193936	0.000000	
979.600000	24.129986	-33.152158	0.000000	
979.650000	24.067700	-33.110379	0.000000	
979.700000	24.005414	-33.068601	0.000000	
979.750000	23.943128	-33.026822	0.000000	
979.800000	23.880842	-32.985043	0.000000	
979.850000	23.818556	-32.943265	0.000000	
979.900000	23.756270	-32.901486	0.000000	
979.950000	23.693984	-32.859708	0.000000	
980.000000	23.631698	-32.817929	0.000000	
980.050000	23.569412	-32.776151	0.000000	
980.100000	23.507126	-32.734372	0.000000	
980.150000	23.444840	-32.692594	0.000000	
980.200000	23.382554	-32.650815	0.000000	
980.250000	23.320268	-32.609037	0.000000	
980.300000	23.257982	-32.567258	0.000000	
980.350000	23.195696	-32.525480	0.000000	
980.400000	23.133409	-32.483701	0.000000	
980.450000	23.071123	-32.441922	0.000000	
980.500000	23.008837	-32.400144	0.000000	
980.550000	22.946551	-32.358365	0.000000	
980.600000	22.884265	-32.316587	0.000000	
980.650000	22.821979	-32.274808	0.000000	
980.700000	22.759693	-32.233030	0.000000	
980.750000	22.697407	-32.191251	0.000000	
980.800000	22.635121	-32.149473	0.000000	
980.850000	22.572835	-32.107694	0.000000	
980.900000	22.510549	-32.065916	0.000000	
980.950000	22.448263	-32.024137	0.000000	
981.000000	22.385977	-31.982359	0.000000	
981.050000	22.323691	-31.940580	0.000000	
981.100000	22.261405	-31.898801	0.000000	
981.150000	22.199119	-31.857023	0.000000	
981.200000	22.136832	-31.815244	0.000000	
981.250000	22.074546	-31.773466	0.000000	
981.300000	22.012260	-31.731687	0.000000	
981.350000	21.949974	-31.689909	0.000000	
981.400000	21.887688	-31.648130	0.000000	
981.450000	21.907439	-31.688367	0.000000	
981.500000	21.949234	-31.750642	0.000000	
981.550000	21.991029	-31.812917	0.000000	
981.600000	22.032824	-31.875192	0.000000	
981.650000	22.074619	-31.937467	0.000000	
981.700000	22.116414	-31.999742	0.000000	
981.750000	22.158209	-32.062017	0.000000	
981.800000	22.200004	-32.124292	0.000000	
981.850000	22.241799	-32.186567	0.000000	
981.900000	22.283594	-32.248842	0.000000	
981.950000	22.325389	-32.311118	0.000000	
982.000000	22.367184	-32.373393	0.000000	
982.050000	22.408979	-32.435668	0.000000	
982.100000	22.450774	-32.497943	0.000000	
982.150000	22.492568	-32.560218	0.000000	
982.200000	22.534363	-32.622493	0.000000	
982.250000	22.576158	-32.684768	0.000000	
982.300000	22.617953	-32.747043	0.000000	
982.350000	22.659748	-32.809318	0.000000	
982.400000	22.701543	-32.871593	0.000000	
982.450000	22.743338	-32.933868	0.000000	
982.500000	22.785133	-32.996143	0.000000	
982.550000	22.826928	-33.058418	0.000000	
982.600000	22.868723	-33.120693	0.000000	
982.650000	22.910518	-33.182968	0.000000	
982.700000	22.952313	-33.245243	0.000000	
982.750000	22.994108	-33.307518	0.000000	
982.800000	23.035903	-33.369793	0.000000	
982.850000	23.077698	-33.432068	0.000000	
982.900000	23.119493	-33.494343	0.000000	
982.950000	23.161288	-33.556618	0.000000	
983.000000	23.203083	-33.618894	0.000000	
983.050000	23.244878	-33.681169	0.000000	
983.100000	23.286673	-33.743444	0.000000	
983.150000	23.328468	-33.805719	0.000000	
983.200000	23.370263	-33.867994	0.000000	
983.250000	23.412057	-33.930269	0.000000	
983.300000	23.453852	-33.992544	0.000000	
983.350000	23.495647	-34.054819	0.000000	
983.400000	23.537442	-34.117094	0.000000	
983.450000	23.579237	-34.179369	0.000000	
983.500000	23.621032	-34.241644	0.000000	
983.550000	23.662827	-34.303919	0.000000	
983.600000	23.704622	-34.366194	0.000000	
983.650000	23.746417	-34.428469	0.000000	
983.700000	23.788212	-34.490744	0.000000	
983.750000	23.830007	-34.553019	0.000000	
983.800000	23.871802	-34.615294	0.000000	
983.850000	23.913597	-34.677569	0.000000	
983.900000	23.955392	-34.739844	0.000000	
983.950000	23.997187	-34.802119	0.000000	
984.000000	24.038982	-34.864395	0.000000	
984.050000	24.080777	-34.926670	0.000000	
984.100000	24.122572	-34.988945	0.000000	
984.150000	24.164367	-35.051220	0.000000	
984.200000	24.206162	-35.113495	0.000000	
984.250000	24.247957	-35.175770	0.000000	
984.300000	24.289752	-35.238045	0.000000	
984.350000	24.331547	-35.300320	0.000000	
984.400000	24.373341	-35.362595	0.000000	
984.450000	24.415136	-35.424870	0.000000	
984.500000	24.456931	-35.487145	0.000000	
984.550000	24.498726	-35.549420	0.000000	
984.600000	24.540521	-35.611695	0.000000	
984.650000	24.582316	-35.673970	0.000000	
984.700000	24.624111	-35.736245	0.000000	
984.750000	24.665906	-35.798520	0.000000	
984.800000	24.707701	-35.860795	0.000000	
984.850000	24.749496	-35.923070	0.000000	
984.900000	24.791291	-35.985345	0.000000	
984.950000	24.833086	-36.047620	0.000000	
985.000000	24.874881	-36.109895	0.000000	
985.050000	24.916676	-36.172171	0.000000	
985.100000	24.958471	-36.234446	0.000000	
985.150000	25.000266	-36.296721	0.000000	
985.200000	25.042061	-36.358996	0.000000	
985.250000	25.083856	-36.421271	0.000000	
985.300000	25.125651	-36.483546	0.000000	
985.350000	25.167446	-36.545821	0.000000	
985.400000	25.209241	-36.608096	0.000000	
985.450000	25.251036	-36.670371	0.000000	
985.500000	25.292830	-36.732646	0.000000	
985.550000	25.334625	-36.794921	0.000000	
985.600000	25.376420	-36.857196	0.000000	
985.650000	25.418215	-36.919471	0.000000	
985.700000	25.460010	-36.981746	0.000000	
985.750000	25.501805	-37.044021	0.000000	
985.800000	25.543600	-37.106296	0.000000	
985.850000	25.585395	-37.168571	0.000000	
985.900000	25.627190	-37.230846	0.000000	
985.950000	25.668985	-37.293121	0.000000	
986.000000	25.710780	-37.355396	0.000000	
986.050000	25.752575	-37.417672	0.000000	
986.100000	25.794370	-37.479947	0.000000	
986.150000	25.836165	-37.542222	0.000000	
986.200000	25.877960	-37.604497	0.000000	
986.250000	25.919755	-37.666772	0.000000	
986.300000	25.961550	-37.729047	0.000000	
986.350000	26.003345	-37.791322	0.000000	
986.400000	26.045140	-37.853597	0.000000	
986.450000	26.086935	-37.915872	0.000000	
986.500000	26.128730	-37.978147	0.000000	
986.550000	26.170525	-38.040422	0.000000	
986.600000	26.212319	-38.102697	0.000000	
986.650000	26.254114	-38.164972	0.000000	
986.700000	26.295909	-38.227247	0.000000	
986.750000	26.337704	-38.289522	0.000000	
986.800000	26.379499	-38.351797	0.000000	
986.850000	26.421294	-38.414072	0.000000	
986.900000	26.463089	-38.476347	0.000000	
986.950000	26.504884	-38.538622	0.000000	
987.000000	26.546679	-38.600897	0.000000	
987.050000	26.588474	-38.663172	0.000000	
987.100000	26.630269	-38.725448	0.000000	
987.150000	26.672064	-38.787723	0.000000	
987.200000	26.713859	-38.849998	0.000000	
987.250000	26.755654	-38.912273	0.000000	
987.300000	26.797449	-38.974548	0.000000	
987.350000	26.839244	-39.036823	0.000000	
987.400000	26.881039	-39.099098	0.000000	
987.450000	26.922834	-39.161373	0.000000	
987.500000	26.964629	-39.223648	0.000000	
987.550000	27.006424	-39.285923	0.000000	
987.600000	27.048219	-39.348198	0.000000	
987.650000	27.090014	-39.410473	0.000000	
987.700000	27.131809	-39.472748	0.000000	
987.750000	27.173603	-39.535023	0.000000	
987.800000	27.215398	-39.597298	0.000000	
987.850000	27.257193	-39.659573	0.000000	
987.900000	27.298988	-39.721848	0.000000	
987.950000	27.340783	-39.784123	0.000000	
988.000000	27.382578	-39.846398	0.000000	
988.050000	27.424373	-39.908673	0.000000	
988.100000	27.466168	-39.970949	0.000000	
988.150000	27.507963	-40.033224	0.000000	
988.200000	27.549758	-40.095499	0.000000	
988.250000	27.591553	-40.157774	0.000000	
988.300000	27.633348	-40.220049	0.000000	
988.350000	27.675143	-40.282324	0.000000	
988.400000	27.716938	-40.344599	0.000000	
988.450000	27.758733	-40.406874	0.000000	
988.500000	27.800528	-40.469149	0.000000	
988.550000	27.842323	-40.531424	0.000000	
988.600000	27.884118	-40.593699	0.000000	
988.650000	27.925913	-40.655974	0.000000	
988.700000	27.967708	-40.718249	0.000000	
988.750000	28.009503	-40.780524	0.000000	
988.800000	28.051298	-40.842799	0.000000	
988.850000	28.093092	-40.905074	0.000000	
988.900000	28.134887	-40.967349	0.000000	
988.950000	28.176682	-41.029624	0.000000	
989.000000	28.218477	-41.091899	0.000000	
989.050000	28.260272	-41.154174	0.000000	
989.100000	28.302067	-41.216449	0.000000	
989.150000	28.343862	-41.278725	0.000000	
989.200000	28.385657	-41.341000	0.000000	
989.250000	28.427452	-41.403275	0.000000	
989.300000	28.469247	-41.465550	0.000000	
989.350000	28.511042	-41.527825	0.000000	
989.400000	28.552837	-41.590100	0.000000	
989.450000	28.594632	-41.652375	0.000000	
989.500000	28.636427	-41.714650	0.000000	
989.550000	28.678222	-41.776925	0.000000	
989.600000	28.720017	-41.839200	0.000000	
989.650000	28.761812	-41.901475	0.000000	
989.700000	28.803607	-41.963750	0.000000	
989.750000	28.845402	-42.026025	0.000000	
989.800000	28.887197	-42.088300	0.000000	
989.850000	28.928992	-42.150575	0.000000	
989.900000	28.970787	-42.212850	0.000000	
989.950000	29.012582	-42.275125	0.000000	
990.000000	29.054376	-42.337400	0.000000	
990.050000	29.096171	-42.399675	0.000000	
990.100000	29.137966	-42.461950	0.000000	
990.150000	29.179761	-42.524226	0.000000	
990.200000	29.221556	-42.586501	0.000000	
990.250000	29.263351	-42.648776	0.000000	
990.300000	29.305146	-42.711051	0.000000	
990.350000	29.346941	-42.773326	0.000000	
990.400000	29.388736	-42.835601	0.000000	
990.450000	29.430531	-42.897876	0.000000	
990.500000	29.472326	-42.960151	0.000000	
990.550000	29.514121	-43.022426	0.000000	
990.600000	29.555916	-43.084701	0.000000	
990.650000	29.597711	-43.146976	0.000000	
990.700000	29.639506	-43.209251	0.000000	
990.750000	29.681301	-43.271526	0.000000	
990.800000	29.723096	-43.333801	0.000000	
990.850000	29.764891	-43.396076	0.000000	
990.900000	29.806686	-43.458351	0.000000	
990.950000	29.848481	-43.520626	0.000000	
991.000000	29.890276	-43.582901	0.000000	
991.050000	29.932071	-43.645176	0.000000	
991.100000	29.973865	-43.707451	0.000000	
991.150000	30.003156	-43.734990	0.000000	
991.200000	29.995671	-43.660365	0.000000	
991.250000	29.988186	-43.585739	0.000000	
991.300000	29.980701	-43.511114	0.000000	
991.350000	29.973216	-43.436488	0.000000	
991.400000	29.965730	-43.361863	0.000000	
991.450000	29.958245	-43.287237	0.000000	
991.500000	29.950760	-43.212611	0.000000	
991.550000	29.943275	-43.137986	0.000000	
991.600000	29.935790	-43.063360	0.000000	
991.650000	29.928304	-42.988735	0.000000	
991.700000	29.920819	-42.914109	0.000000	
991.750000	29.913334	-42.839484	0.000000	
991.800000	29.905849	-42.764858	0.000000	
991.850000	29.898364	-42.690233	0.000000	
991.900000	29.890878	-42.615607	0.000000	
991.950000	29.883393	-42.540982	0.000000	
992.000000	29.875908	-42.466356	0.000000	
992.050000	29.868423	-42.391731	0.000000	
992.100000	29.860938	-42.317105	0.000000	
992.150000	29.853452	-42.242479	0.000000	
992.200000	29.845967	-42.167854	0.000000	
992.250000	29.838482	-42.093228	0.000000	
992.300000	29.830997	-42.018603	0.000000	
992.350000	29.823512	-41.943977	0.000000	
992.400000	29.816026	-41.869352	0.000000	
992.450000	29.808541	-41.794726	0.000000	
992.500000	29.801056	-41.720101	0.000000	
992.550000	29.793571	-41.645475	0.000000	
992.600000	29.786086	-41.570850	0.000000	
992.650000	29.778600	-41.496224	0.000000	
992.700000	29.771115	-41.421598	0.000000	
992.750000	29.763630	-41.346973	0.000000	
992.800000	29.756145	-41.272347	0.000000	
992.850000	29.748660	-41.197722	0.000000	
992.900000	29.741174	-41.123096	0.000000	
992.950000	29.733689	-41.048471	0.000000	
993.000000	29.726204	-40.973845	0.000000	
993.050000	29.718719	-40.899220	0.000000	
993.100000	29.711234	-40.824594	0.000000	
993.150000	29.703748	-40.749969	0.000000	
993.200000	29.696263	-40.675343	0.000000	
993.250000	29.688778	-40.600717	0.000000	
993.300000	29.681293	-40.526092	0.000000	
993.350000	29.673808	-40.451466	0.000000	
993.400000	29.666322	-40.376841	0.000000	
993.450000	29.658837	-40.302215	0.000000	
993.500000	29.651352	-40.227590	0.000000	
993.550000	29.643867	-40.152964	0.000000	
993.600000	29.636382	-40.078339	0.000000	
993.650000	29.628896	-40.003713	0.000000	
993.700000	29.621411	-39.929088	0.000000	
993.750000	29.613926	-39.854462	0.000000	
993.800000	29.606441	-39.779836	0.000000	
993.850000	29.598956	-39.705211	0.000000	
993.900000	29.591470	-39.630585	0.000000	
993.950000	29.583985	-39.555960	0.000000	
994.000000	29.576500	-39.481334	0.000000	
994.050000	29.569015	-39.406709	0.000000	
994.100000	29.561530	-39.332083	0.000000	
994.150000	29.554044	-39.257458	0.000000	
994.200000	29.546559	-39.182832	0.000000	
994.250000	29.539074	-39.108207	0.000000	
994.300000	29.531589	-39.033581	0.000000	
994.350000	29.524104	-38.958955	0.000000	
994.400000	29.516618	-38.884330	0.000000	
994.450000	29.509133	-38.809704	0.000000	
994.500000	29.501648	-38.735079	0.000000	
994.550000	29.494163	-38.660453	0.000000	
994.600000	29.486678	-38.585828	0.000000	
994.650000	29.479192	-38.511202	0.000000	
994.700000	29.471707	-38.436577	0.000000	
994.750000	29.464222	-38.361951	0.000000	
994.800000	29.456737	-38.287326	0.000000	
994.850000	29.449252	-38.212700	0.000000	
994.900000	29.441766	-38.138075	0.000000	
994.950000	29.434281	-38.063449	0.000000	
995.000000	29.426796	-37.988823	0.000000	
995.050000	29.419311	-37.914198	0.000000	
995.100000	29.411826	-37.839572	0.000000	
995.150000	29.404340	-37.764947	0.000000	
995.200000	29.396855	-37.690321	0.000000	
995.250000	29.389370	-37.615696	0.000000	
995.300000	29.381885	-37.541070	0.000000	
995.350000	29.374400	-37.466445	0.000000	
995.400000	29.366914	-37.391819	0.000000	
995.450000	29.359429	-37.317194	0.000000	
995.500000	29.351944	-37.242568	0.000000	
995.550000	29.344459	-37.167942	0.000000	
995.600000	29.336974	-37.093317	0.000000	
995.650000	29.329488	-37.018691	0.000000	
995.700000	29.322003	-36.944066	0.000000	
995.750000	29.314518	-36.869440	0.000000	
995.800000	29.307033	-36.794815	0.000000	
995.850000	29.299548	-36.720189	0.000000	
995.900000	29.292062	-36.645564	0.000000	
995.950000	29.284577	-36.570938	0.000000	
996.000000	29.277092	-36.496313	0.000000	
996.050000	29.269607	-36.421687	0.000000	
996.100000	29.262122	-36.347061	0.000000	
996.150000	29.254636	-36.272436	0.000000	
996.200000	29.247151	-36.197810	0.000000	
996.250000	29.239666	-36.123185	0.000000	
996.300000	29.232181	-36.048559	0.000000	
996.350000	29.224696	-35.973934	0.000000	
996.400000	29.217210	-35.899308	0.000000	
996.450000	29.209725	-35.824683	0.000000	
996.500000	29.202240	-35.750057	0.000000	
996.550000	29.194755	-35.675432	0.000000	
996.600000	29.187270	-35.600806	0.000000	
996.650000	29.179784	-35.526180	0.000000	
996.700000	29.172299	-35.451555	0.000000	
996.750000	29.164814	-35.376929	0.000000	
996.800000	29.157329	-35.302304	0.000000	
996.850000	29.149844	-35.227678	0.000000	
996.900000	29.142358	-35.153053	0.000000	
996.950000	29.134873	-35.078427	0.000000	
997.000000	29.127388	-35.003802	0.000000	
997.050000	29.119903	-34.929176	0.000000	
997.100000	29.112418	-34.854551	0.000000	
997.150000	29.104932	-34.779925	0.000000	
997.200000	29.097447	-34.705299	0.000000	
997.250000	29.089962	-34.630674	0.000000	
997.300000	29.082477	-34.556048	0.000000	
997.350000	29.074992	-34.481423	0.000000	
997.400000	29.067507	-34.406797	0.000000	
997.450000	29.060021	-34.332172	0.000000	
997.500000	29.052536	-34.257546	0.000000	
997.550000	29.045051	-34.182921	0.000000	
997.600000	29.037566	-34.108295	0.000000	
997.650000	29.030081	-34.033670	0.000000	
997.700000	29.022595	-33.959044	0.000000	
997.750000	29.015110	-33.884419	0.000000	
997.800000	29.007625	-33.809793	0.000000	
997.850000	29.000140	-33.735167	0.000000	
997.900000	28.992655	-33.660542	0.000000	
997.950000	28.985169	-33.585916	0.000000	
998.000000	28.977684	-33.511291	0.000000	
998.050000	28.970199	-33.436665	0.000000	
998.100000	28.962714	-33.362040	0.000000	
998.150000	28.955229	-33.287414	0.000000	
998.200000	28.947743	-33.212789	0.000000	
998.250000	28.940258	-33.138163	0.000000	
998.300000	28.932773	-33.063538	0.000000	
998.350000	28.925288	-32.988912	0.000000	
998.400000	28.917803	-32.914286	0.000000	
998.450000	28.910317	-32.839661	0.000000	
998.500000	28.902832	-32.765035	0.000000	
998.550000	28.895347	-32.690410	0.000000	
998.600000	28.887862	-32.615784	0.000000	
998.650000	28.880377	-32.541159	0.000000	
998.700000	28.872891	-32.466533	0.000000	
998.750000	28.865406	-32.391908	0.000000	
998.800000	28.857921	-32.317282	0.000000	
998.850000	28.850436	-32.242657	0.000000	
998.900000	28.842951	-32.168031	0.000000	
998.950000	28.835465	-32.093405	0.000000	
999.000000	28.827980	-32.018780	0.000000	
999.050000	28.820495	-31.944154	0.000000	
999.100000	28.813010	-31.869529	0.000000	
999.150000	28.805525	-31.794903	0.000000	
999.200000	28.798039	-31.720278	0.000000	
999.250000	28.790554	-31.645652	0.000000	
999.300000	28.783069	-31.571027	0.000000	
999.350000	28.775584	-31.496401	0.000000	
999.400000	28.768099	-31.421776	0.000000	
999.450000	28.760613	-31.347150	0.000000	
999.500000	28.753128	-31.272524	0.000000	
999.550000	28.745643	-31.197899	0.000000	
999.600000	28.738158	-31.123273	0.000000	
999.650000	28.730673	-31.048648	0.000000	
999.700000	28.723187	-30.974022	0.000000	
999.750000	28.715702	-30.899397	0.000000	
999.800000	28.708217	-30.824771	0.000000	
999.850000	28.700732	-30.750146	0.000000	
999.900000	28.693247	-30.675520	0.000000	
999.950000	28.641390	-30.710451	0.000000	
