0.000000	-16.925912	10.872516	0.000000	
0.050000	-16.923241	10.860305	0.000000	
0.100000	-16.920589	10.848090	0.000000	
0.150000	-16.917938	10.835874	0.000000	
0.200000	-16.915271	10.823662	0.000000	
0.250000	-16.912598	10.811452	0.000000	
0.300000	-16.909938	10.799238	0.000000	
0.350000	-16.907277	10.787025	0.000000	
0.400000	-16.904617	10.774811	0.000000	
0.450000	-16.901956	10.762598	0.000000	
0.500000	-16.899308	10.750382	0.000000	
0.550000	-16.894018	10.725949	0.000000	
0.600000	-16.888767	10.701508	0.000000	
0.650000	-16.883552	10.677059	0.000000	
0.700000	-16.878388	10.652601	0.000000	
0.750000	-16.873254	10.628137	0.000000	
0.800000	-16.868166	10.603663	0.000000	
0.850000	-16.863118	10.579181	0.000000	
0.900000	-16.858115	10.554691	0.000000	
0.950000	-16.853173	10.530188	0.000000	
1.000000	-16.848306	10.505672	0.000000	
1.050000	-16.843522	10.481140	0.000000	
1.100000	-16.838814	10.456594	0.000000	
1.150000	-16.834165	10.432038	0.000000	
1.200000	-16.829579	10.407469	0.000000	
1.250000	-16.825056	10.382889	0.000000	
1.300000	-16.820604	10.358294	0.000000	
1.350000	-16.816222	10.333688	0.000000	
1.400000	-16.811915	10.309067	0.000000	
1.450000	-16.807661	10.284436	0.000000	
1.500000	-16.803481	10.259791	0.000000	
1.550000	-16.799347	10.235138	0.000000	
1.600000	-16.795265	10.210476	0.000000	
1.650000	-16.791211	10.185808	0.000000	
1.700000	-16.787196	10.161135	0.000000	
1.750000	-16.783221	10.136455	0.000000	
1.800000	-16.779313	10.111764	0.000000	
1.850000	-16.775481	10.087062	0.000000	
1.900000	-16.771731	10.062348	0.000000	
1.950000	-16.768054	10.037624	0.000000	
2.000000	-16.764465	10.012888	0.000000	
2.050000	-16.760940	9.988144	0.000000	
2.100000	-16.757484	9.963392	0.000000	
2.150000	-16.754101	9.938631	0.000000	
2.200000	-16.750810	9.913860	0.000000	
2.250000	-16.747626	9.889076	0.000000	
2.300000	-16.744549	9.864279	0.000000	
2.350000	-16.741582	9.839470	0.000000	
2.400000	-16.738725	9.814649	0.000000	
2.450000	-16.735979	9.789817	0.000000	
2.500000	-16.733371	9.764970	0.000000	
2.550000	-16.730872	9.740112	0.000000	
2.600000	-16.728496	9.715239	0.000000	
2.650000	-16.726229	9.690355	0.000000	
2.700000	-16.724099	9.665457	0.000000	
2.750000	-16.722090	9.640547	0.000000	
2.800000	-16.720177	9.615628	0.000000	
2.850000	-16.718354	9.590701	0.000000	
2.900000	-16.716614	9.565767	0.000000	
2.950000	-16.714930	9.540827	0.000000	
3.000000	-16.713297	9.515884	0.000000	
3.050000	-16.711697	9.490938	0.000000	
3.100000	-16.710150	9.465988	0.000000	
3.150000	-16.708636	9.441035	0.000000	
3.200000	-16.707140	9.416081	0.000000	
3.250000	-16.705660	9.391125	0.000000	
3.300000	-16.704183	9.366170	0.000000	
3.350000	-16.702730	9.341213	0.000000	
3.400000	-16.701275	9.316256	0.000000	
3.450000	-16.699822	9.291298	0.000000	
3.500000	-16.698382	9.266341	0.000000	
3.550000	-16.696940	9.241383	0.000000	
3.600000	-16.695499	9.216425	0.000000	
3.650000	-16.694059	9.191467	0.000000	
3.700000	-16.692614	9.166510	0.000000	
3.750000	-16.691145	9.141553	0.000000	
3.800000	-16.689657	9.116598	0.000000	
3.850000	-16.688179	9.091642	0.000000	
3.900000	-16.686692	9.066687	0.000000	
3.950000	-16.685201	9.041732	0.000000	
4.000000	-16.683729	9.016776	0.000000	
4.050000	-16.682295	8.991818	0.000000	
4.100000	-16.680892	8.966858	0.000000	
4.150000	-16.679528	8.941897	0.000000	
4.200000	-16.678223	8.916933	0.000000	
4.250000	-16.676972	8.891967	0.000000	
4.300000	-16.675766	8.867000	0.000000	
4.350000	-16.674607	8.842030	0.000000	
4.400000	-16.673483	8.817058	0.000000	
4.450000	-16.672405	8.792084	0.000000	
4.500000	-16.671374	8.767109	0.000000	
4.550000	-16.670378	8.742133	0.000000	
4.600000	-16.669411	8.717155	0.000000	
4.650000	-16.668502	8.692176	0.000000	
4.700000	-16.667662	8.667194	0.000000	
4.750000	-16.666899	8.642210	0.000000	
4.800000	-16.666219	8.617223	0.000000	
4.850000	-16.665619	8.592235	0.000000	
4.900000	-16.665102	8.567245	0.000000	
4.950000	-16.664687	8.542253	0.000000	
5.000000	-16.664365	8.517261	0.000000	
5.050000	-16.664116	8.492267	0.000000	
5.100000	-16.663938	8.467273	0.000000	
5.150000	-16.663847	8.442278	0.000000	
5.200000	-16.663842	8.417285	0.000000	
5.250000	-16.663926	8.392294	0.000000	
5.300000	-16.664100	8.367304	0.000000	
5.350000	-16.664377	8.342316	0.000000	
5.400000	-16.664743	8.317329	0.000000	
5.450000	-16.665200	8.292343	0.000000	
5.500000	-16.665747	8.267358	0.000000	
5.550000	-16.666357	8.242373	0.000000	
5.600000	-16.667027	8.217390	0.000000	
5.650000	-16.667778	8.192406	0.000000	
5.700000	-16.668581	8.167423	0.000000	
5.750000	-16.669432	8.142441	0.000000	
5.800000	-16.670315	8.117460	0.000000	
5.850000	-16.671234	8.092479	0.000000	
5.900000	-16.672204	8.067500	0.000000	
5.950000	-16.673203	8.042522	0.000000	
6.000000	-16.674212	8.017544	0.000000	
6.050000	-16.675246	7.992567	0.000000	
6.100000	-16.676329	7.967592	0.000000	
6.150000	-16.677471	7.942620	0.000000	
6.200000	-16.678676	7.917651	0.000000	
6.250000	-16.679935	7.892687	0.000000	
6.300000	-16.681237	7.867726	0.000000	
6.350000	-16.682587	7.842768	0.000000	
6.400000	-16.683987	7.817815	0.000000	
6.450000	-16.685444	7.792866	0.000000	
6.500000	-16.686971	7.767921	0.000000	
6.550000	-16.688576	7.742984	0.000000	
6.600000	-16.690250	7.718051	0.000000	
6.650000	-16.691993	7.693122	0.000000	
6.700000	-16.693807	7.668199	0.000000	
6.750000	-16.695711	7.643281	0.000000	
6.800000	-16.697708	7.618372	0.000000	
6.850000	-16.699803	7.593468	0.000000	
6.900000	-16.701998	7.568573	0.000000	
6.950000	-16.704291	7.543687	0.000000	
7.000000	-16.706701	7.518812	0.000000	
7.050000	-16.709239	7.493948	0.000000	
7.100000	-16.711887	7.469094	0.000000	
7.150000	-16.714624	7.444249	0.000000	
7.200000	-16.717440	7.419412	0.000000	
7.250000	-16.720317	7.394583	0.000000	
7.300000	-16.723265	7.369762	0.000000	
7.350000	-16.726279	7.344949	0.000000	
7.400000	-16.729341	7.320142	0.000000	
7.450000	-16.732431	7.295338	0.000000	
7.500000	-16.735556	7.270539	0.000000	
7.550000	-16.738700	7.245741	0.000000	
7.600000	-16.741842	7.220943	0.000000	
7.650000	-16.744994	7.196146	0.000000	
7.700000	-16.748172	7.171352	0.000000	
7.750000	-16.751359	7.146558	0.000000	
7.800000	-16.754535	7.121764	0.000000	
7.850000	-16.757676	7.096966	0.000000	
7.900000	-16.760797	7.072166	0.000000	
7.950000	-16.763874	7.047361	0.000000	
8.000000	-16.766889	7.022550	0.000000	
8.050000	-16.769845	6.997731	0.000000	
8.100000	-16.772764	6.972908	0.000000	
8.150000	-16.775654	6.948081	0.000000	
8.200000	-16.778507	6.923250	0.000000	
8.250000	-16.781300	6.898412	0.000000	
8.300000	-16.784025	6.873566	0.000000	
8.350000	-16.786656	6.848710	0.000000	
8.400000	-16.789196	6.823843	0.000000	
8.450000	-16.791669	6.798969	0.000000	
8.500000	-16.794105	6.774091	0.000000	
8.550000	-16.796502	6.749208	0.000000	
8.600000	-16.798860	6.724322	0.000000	
8.650000	-16.801179	6.699431	0.000000	
8.700000	-16.803476	6.674539	0.000000	
8.750000	-16.805759	6.649645	0.000000	
8.800000	-16.808023	6.624749	0.000000	
8.850000	-16.810275	6.599852	0.000000	
8.900000	-16.812542	6.574956	0.000000	
8.950000	-16.814817	6.550061	0.000000	
9.000000	-16.817099	6.525167	0.000000	
9.050000	-16.819408	6.500275	0.000000	
9.100000	-16.821734	6.475385	0.000000	
9.150000	-16.824057	6.450495	0.000000	
9.200000	-16.826361	6.425602	0.000000	
9.250000	-16.828667	6.400710	0.000000	
9.300000	-16.830981	6.375819	0.000000	
9.350000	-16.833321	6.350930	0.000000	
9.400000	-16.835710	6.326045	0.000000	
9.450000	-16.838135	6.301164	0.000000	
9.500000	-16.840586	6.276286	0.000000	
9.550000	-16.843042	6.251407	0.000000	
9.600000	-16.845525	6.226532	0.000000	
9.650000	-16.848024	6.201658	0.000000	
9.700000	-16.850540	6.176786	0.000000	
9.750000	-16.853057	6.151913	0.000000	
9.800000	-16.855572	6.127041	0.000000	
9.850000	-16.858086	6.102168	0.000000	
9.900000	-16.860606	6.077296	0.000000	
9.950000	-16.863105	6.052422	0.000000	
10.000000	-16.865594	6.027547	0.000000	
10.050000	-16.868086	6.002673	0.000000	
10.100000	-16.870565	5.977797	0.000000	
10.150000	-16.873036	5.952920	0.000000	
10.200000	-16.875500	5.928042	0.000000	
10.250000	-16.877961	5.903164	0.000000	
10.300000	-16.880426	5.878287	0.000000	
10.350000	-16.882894	5.853410	0.000000	
10.400000	-16.885374	5.828534	0.000000	
10.450000	-16.887839	5.803656	0.000000	
10.500000	-16.890302	5.778779	0.000000	
10.550000	-16.892760	5.753901	0.000000	
10.600000	-16.895209	5.729021	0.000000	
10.650000	-16.897636	5.704140	0.000000	
10.700000	-16.900048	5.679257	0.000000	
10.750000	-16.902466	5.654375	0.000000	
10.800000	-16.904895	5.629494	0.000000	
10.850000	-16.907345	5.604615	0.000000	
10.900000	-16.909830	5.579740	0.000000	
10.950000	-16.912341	5.554867	0.000000	
11.000000	-16.914906	5.530001	0.000000	
11.050000	-16.917501	5.505137	0.000000	
11.100000	-16.920108	5.480275	0.000000	
11.150000	-16.922720	5.455413	0.000000	
11.200000	-16.925313	5.430549	0.000000	
11.250000	-16.927888	5.405683	0.000000	
11.300000	-16.930448	5.380817	0.000000	
11.350000	-16.932977	5.355947	0.000000	
11.400000	-16.935475	5.331075	0.000000	
11.450000	-16.937941	5.306199	0.000000	
11.500000	-16.940389	5.281322	0.000000	
11.550000	-16.942808	5.256442	0.000000	
11.600000	-16.945192	5.231559	0.000000	
11.650000	-16.947533	5.206673	0.000000	
11.700000	-16.949819	5.181782	0.000000	
11.750000	-16.952060	5.156889	0.000000	
11.800000	-16.954240	5.131991	0.000000	
11.850000	-16.956350	5.107089	0.000000	
11.900000	-16.958377	5.082179	0.000000	
11.950000	-16.960321	5.057263	0.000000	
12.000000	-16.962207	5.032341	0.000000	
12.050000	-16.964010	5.007411	0.000000	
12.100000	-16.965750	4.982476	0.000000	
12.150000	-16.967426	4.957536	0.000000	
12.200000	-16.969063	4.932593	0.000000	
12.250000	-16.970673	4.907647	0.000000	
12.300000	-16.972241	4.882699	0.000000	
12.350000	-16.973778	4.857749	0.000000	
12.400000	-16.975294	4.832797	0.000000	
12.450000	-16.976799	4.807844	0.000000	
12.500000	-16.978283	4.782889	0.000000	
12.550000	-16.979740	4.757933	0.000000	
12.600000	-16.981182	4.732976	0.000000	
12.650000	-16.982639	4.708019	0.000000	
12.700000	-16.984127	4.683065	0.000000	
12.750000	-16.985668	4.658115	0.000000	
12.800000	-16.987252	4.633167	0.000000	
12.850000	-16.988876	4.608222	0.000000	
12.900000	-16.990564	4.583282	0.000000	
12.950000	-16.992301	4.558344	0.000000	
13.000000	-16.994075	4.533410	0.000000	
13.050000	-16.995879	4.508477	0.000000	
13.100000	-16.997727	4.483548	0.000000	
13.150000	-16.999615	4.458622	0.000000	
13.200000	-17.001548	4.433699	0.000000	
13.250000	-17.003523	4.408780	0.000000	
13.300000	-17.005529	4.383863	0.000000	
13.350000	-17.007593	4.358951	0.000000	
13.400000	-17.009695	4.334041	0.000000	
13.450000	-17.011847	4.309135	0.000000	
13.500000	-17.014046	4.284234	0.000000	
13.550000	-17.016302	4.259337	0.000000	
13.600000	-17.018604	4.234445	0.000000	
13.650000	-17.020942	4.209556	0.000000	
13.700000	-17.023311	4.184669	0.000000	
13.750000	-17.025710	4.159786	0.000000	
13.800000	-17.028138	4.134905	0.000000	
13.850000	-17.030589	4.110027	0.000000	
13.900000	-17.033058	4.085150	0.000000	
13.950000	-17.035532	4.060274	0.000000	
14.000000	-17.038014	4.035398	0.000000	
14.050000	-17.040509	4.010524	0.000000	
14.100000	-17.042991	3.985648	0.000000	
14.150000	-17.045473	3.960773	0.000000	
14.200000	-17.047938	3.935896	0.000000	
14.250000	-17.050413	3.911020	0.000000	
14.300000	-17.052882	3.886143	0.000000	
14.350000	-17.055375	3.861269	0.000000	
14.400000	-17.057878	3.836396	0.000000	
14.450000	-17.060406	3.811525	0.000000	
14.500000	-17.062953	3.786656	0.000000	
14.550000	-17.065520	3.761790	0.000000	
14.600000	-17.068101	3.736925	0.000000	
14.650000	-17.070725	3.712066	0.000000	
14.700000	-17.073409	3.687214	0.000000	
14.750000	-17.076155	3.662371	0.000000	
14.800000	-17.078953	3.637534	0.000000	
14.850000	-17.081808	3.612706	0.000000	
14.900000	-17.084749	3.587889	0.000000	
14.950000	-17.087805	3.563090	0.000000	
15.000000	-17.090986	3.538310	0.000000	
15.050000	-17.094292	3.513548	0.000000	
15.100000	-17.097711	3.488802	0.000000	
15.150000	-17.101274	3.464077	0.000000	
15.200000	-17.104955	3.439370	0.000000	
15.250000	-17.108764	3.414679	0.000000	
15.300000	-17.112675	3.390004	0.000000	
15.350000	-17.116699	3.365344	0.000000	
15.400000	-17.120824	3.340700	0.000000	
15.450000	-17.125045	3.316070	0.000000	
15.500000	-17.129357	3.291454	0.000000	
15.550000	-17.133736	3.266848	0.000000	
15.600000	-17.138196	3.242255	0.000000	
15.650000	-17.142742	3.217676	0.000000	
15.700000	-17.147393	3.193117	0.000000	
15.750000	-17.152236	3.168603	0.000000	
15.800000	-17.157388	3.144182	0.000000	
15.850000	-17.162979	3.119923	0.000000	
15.900000	-17.169140	3.095926	0.000000	
15.950000	-17.175997	3.072333	0.000000	
16.000000	-17.183656	3.049313	0.000000	
16.050000	-17.192194	3.027066	0.000000	
16.100000	-17.201676	3.005792	0.000000	
16.150000	-17.212121	2.985695	0.000000	
16.200000	-17.223500	2.966953	0.000000	
16.250000	-17.235790	2.949717	0.000000	
16.300000	-17.248942	2.934131	0.000000	
16.350000	-17.262909	2.920312	0.000000	
16.400000	-17.277621	2.908352	0.000000	
16.450000	-17.293022	2.898314	0.000000	
16.500000	-17.309073	2.890258	0.000000	
16.550000	-17.325720	2.884232	0.000000	
16.600000	-17.342949	2.880266	0.000000	
16.650000	-17.360711	2.878387	0.000000	
16.700000	-17.378962	2.878619	0.000000	
16.750000	-17.397643	2.880970	0.000000	
16.800000	-17.416660	2.885412	0.000000	
16.850000	-17.435881	2.891899	0.000000	
16.900000	-17.455168	2.900373	0.000000	
16.950000	-17.474390	2.910721	0.000000	
17.000000	-17.493389	2.922810	0.000000	
17.050000	-17.512054	2.936459	0.000000	
17.100000	-17.530280	2.951472	0.000000	
17.150000	-17.548028	2.967647	0.000000	
17.200000	-17.565296	2.984769	0.000000	
17.250000	-17.582083	3.002668	0.000000	
17.300000	-17.598436	3.021187	0.000000	
17.350000	-17.614396	3.040190	0.000000	
17.400000	-17.630025	3.059560	0.000000	
17.450000	-17.645385	3.079203	0.000000	
17.500000	-17.660518	3.099058	0.000000	
17.550000	-17.675466	3.119075	0.000000	
17.600000	-17.690277	3.139204	0.000000	
17.650000	-17.704981	3.159419	0.000000	
17.700000	-17.719619	3.179683	0.000000	
17.750000	-17.734225	3.199972	0.000000	
17.800000	-17.748825	3.220265	0.000000	
17.850000	-17.763423	3.240559	0.000000	
17.900000	-17.778010	3.260862	0.000000	
17.950000	-17.792597	3.281164	0.000000	
18.000000	-17.807158	3.301485	0.000000	
18.050000	-17.821710	3.321812	0.000000	
18.100000	-17.836241	3.342154	0.000000	
18.150000	-17.850767	3.362499	0.000000	
18.200000	-17.865286	3.382849	0.000000	
18.250000	-17.879796	3.403207	0.000000	
18.300000	-17.894297	3.423569	0.000000	
18.350000	-17.908783	3.443944	0.000000	
18.400000	-17.923275	3.464314	0.000000	
18.450000	-17.937771	3.484681	0.000000	
18.500000	-17.952268	3.505047	0.000000	
18.550000	-17.966761	3.525416	0.000000	
18.600000	-17.981255	3.545785	0.000000	
18.650000	-17.995763	3.566143	0.000000	
18.700000	-18.010283	3.586493	0.000000	
18.750000	-18.024800	3.606845	0.000000	
18.800000	-18.039306	3.627205	0.000000	
18.850000	-18.053798	3.647575	0.000000	
18.900000	-18.068269	3.667960	0.000000	
18.950000	-18.082733	3.688350	0.000000	
19.000000	-18.097181	3.708751	0.000000	
19.050000	-18.111617	3.729160	0.000000	
19.100000	-18.126039	3.749578	0.000000	
19.150000	-18.140460	3.769997	0.000000	
19.200000	-18.154871	3.790423	0.000000	
19.250000	-18.169257	3.810867	0.000000	
19.300000	-18.183605	3.831337	0.000000	
19.350000	-18.197928	3.851824	0.000000	
19.400000	-18.212226	3.872328	0.000000	
19.450000	-18.226499	3.892851	0.000000	
19.500000	-18.240733	3.913400	0.000000	
19.550000	-18.254925	3.933979	0.000000	
19.600000	-18.269097	3.954572	0.000000	
19.650000	-18.283265	3.975168	0.000000	
19.700000	-18.297404	3.995784	0.000000	
19.750000	-18.311518	4.016417	0.000000	
19.800000	-18.325623	4.037057	0.000000	
19.850000	-18.339717	4.057705	0.000000	
19.900000	-18.353794	4.078364	0.000000	
19.950000	-18.367847	4.099040	0.000000	
20.000000	-18.381863	4.119740	0.000000	
20.050000	-18.395854	4.140457	0.000000	
20.100000	-18.409842	4.161176	0.000000	
20.150000	-18.423820	4.181902	0.000000	
20.200000	-18.437790	4.202633	0.000000	
20.250000	-18.451746	4.223374	0.000000	
20.300000	-18.465709	4.244110	0.000000	
20.350000	-18.479676	4.264843	0.000000	
20.400000	-18.493650	4.285571	0.000000	
20.450000	-18.507630	4.306296	0.000000	
20.500000	-18.521593	4.327031	0.000000	
20.550000	-18.535567	4.347760	0.000000	
20.600000	-18.549563	4.368474	0.000000	
20.650000	-18.563562	4.389185	0.000000	
20.700000	-18.577551	4.409903	0.000000	
20.750000	-18.591546	4.430618	0.000000	
20.800000	-18.605535	4.451335	0.000000	
20.850000	-18.619500	4.472070	0.000000	
20.900000	-18.633452	4.492813	0.000000	
20.950000	-18.647381	4.513572	0.000000	
21.000000	-18.661292	4.534342	0.000000	
21.050000	-18.675211	4.555107	0.000000	
21.100000	-18.689127	4.575874	0.000000	
21.150000	-18.703015	4.596658	0.000000	
21.200000	-18.716880	4.617458	0.000000	
21.250000	-18.730715	4.638277	0.000000	
21.300000	-18.744539	4.659104	0.000000	
21.350000	-18.758346	4.679942	0.000000	
21.400000	-18.772127	4.700797	0.000000	
21.450000	-18.785892	4.721662	0.000000	
21.500000	-18.799625	4.742550	0.000000	
21.550000	-18.813330	4.763455	0.000000	
21.600000	-18.826978	4.784396	0.000000	
21.650000	-18.840571	4.805374	0.000000	
21.700000	-18.854105	4.826390	0.000000	
21.750000	-18.867591	4.847437	0.000000	
21.800000	-18.881041	4.868509	0.000000	
21.850000	-18.894476	4.889589	0.000000	
21.900000	-18.907912	4.910670	0.000000	
21.950000	-18.921340	4.931756	0.000000	
22.000000	-18.934779	4.952834	0.000000	
22.050000	-18.948240	4.973898	0.000000	
22.100000	-18.961715	4.994953	0.000000	
22.150000	-18.975211	5.015994	0.000000	
22.200000	-18.988749	5.037007	0.000000	
22.250000	-19.002336	5.057988	0.000000	
22.300000	-19.015958	5.078947	0.000000	
22.350000	-19.029615	5.099881	0.000000	
22.400000	-19.043286	5.120806	0.000000	
22.450000	-19.056982	5.141716	0.000000	
22.500000	-19.070681	5.162622	0.000000	
22.550000	-19.084396	5.183519	0.000000	
22.600000	-19.098143	5.204394	0.000000	
22.650000	-19.111926	5.225248	0.000000	
22.700000	-19.125734	5.246085	0.000000	
22.750000	-19.139587	5.266893	0.000000	
22.800000	-19.153464	5.287686	0.000000	
22.850000	-19.167357	5.308469	0.000000	
22.900000	-19.181255	5.329249	0.000000	
22.950000	-19.195140	5.350037	0.000000	
23.000000	-19.209010	5.370834	0.000000	
23.050000	-19.222867	5.391641	0.000000	
23.100000	-19.236703	5.412461	0.000000	
23.150000	-19.250527	5.433289	0.000000	
23.200000	-19.264348	5.454119	0.000000	
23.250000	-19.278143	5.474966	0.000000	
23.300000	-19.291905	5.495836	0.000000	
23.350000	-19.305631	5.516729	0.000000	
23.400000	-19.319308	5.537654	0.000000	
23.450000	-19.332941	5.558608	0.000000	
23.500000	-19.346542	5.579583	0.000000	
23.550000	-19.360127	5.600568	0.000000	
23.600000	-19.373683	5.621572	0.000000	
23.650000	-19.387187	5.642609	0.000000	
23.700000	-19.400643	5.663675	0.000000	
23.750000	-19.414051	5.684772	0.000000	
23.800000	-19.427407	5.705901	0.000000	
23.850000	-19.440708	5.727064	0.000000	
23.900000	-19.453958	5.748259	0.000000	
23.950000	-19.467142	5.769494	0.000000	
24.000000	-19.480281	5.790757	0.000000	
24.050000	-19.493370	5.812050	0.000000	
24.100000	-19.506411	5.833372	0.000000	
24.150000	-19.519402	5.854724	0.000000	
24.200000	-19.532324	5.876119	0.000000	
24.250000	-19.545178	5.897555	0.000000	
24.300000	-19.557963	5.919033	0.000000	
24.350000	-19.570690	5.940546	0.000000	
24.400000	-19.583353	5.962097	0.000000	
24.450000	-19.595947	5.983688	0.000000	
24.500000	-19.608493	6.005307	0.000000	
24.550000	-19.620968	6.026968	0.000000	
24.600000	-19.633363	6.048675	0.000000	
24.650000	-19.645695	6.070418	0.000000	
24.700000	-19.657971	6.092194	0.000000	
24.750000	-19.670182	6.114005	0.000000	
24.800000	-19.682319	6.135856	0.000000	
24.850000	-19.694377	6.157750	0.000000	
24.900000	-19.706382	6.179672	0.000000	
24.950000	-19.718326	6.201628	0.000000	
25.000000	-19.730222	6.223611	0.000000	
25.050000	-19.742064	6.245622	0.000000	
25.100000	-19.753862	6.267658	0.000000	
25.150000	-19.765616	6.289717	0.000000	
25.200000	-19.777322	6.311803	0.000000	
25.250000	-19.788999	6.333904	0.000000	
25.300000	-19.800647	6.356022	0.000000	
25.350000	-19.812270	6.378153	0.000000	
25.400000	-19.823860	6.400302	0.000000	
25.450000	-19.835428	6.422463	0.000000	
25.500000	-19.846973	6.444636	0.000000	
25.550000	-19.858481	6.466828	0.000000	
25.600000	-19.869957	6.489037	0.000000	
25.650000	-19.881393	6.511266	0.000000	
25.700000	-19.892776	6.533523	0.000000	
25.750000	-19.904116	6.555800	0.000000	
25.800000	-19.915436	6.578088	0.000000	
25.850000	-19.926743	6.600382	0.000000	
25.900000	-19.938035	6.622683	0.000000	
25.950000	-19.949292	6.645002	0.000000	
26.000000	-19.960515	6.667338	0.000000	
26.050000	-19.971699	6.689692	0.000000	
26.100000	-19.982846	6.712065	0.000000	
26.150000	-19.993957	6.734455	0.000000	
26.200000	-20.005012	6.756873	0.000000	
26.250000	-20.016012	6.779317	0.000000	
26.300000	-20.026947	6.801792	0.000000	
26.350000	-20.037809	6.824305	0.000000	
26.400000	-20.048602	6.846850	0.000000	
26.450000	-20.059322	6.869431	0.000000	
26.500000	-20.069987	6.892039	0.000000	
26.550000	-20.080611	6.914667	0.000000	
26.600000	-20.091197	6.937313	0.000000	
26.650000	-20.101751	6.959974	0.000000	
26.700000	-20.112298	6.982639	0.000000	
26.750000	-20.122847	7.005303	0.000000	
26.800000	-20.133401	7.027965	0.000000	
26.850000	-20.143964	7.050622	0.000000	
26.900000	-20.154550	7.073268	0.000000	
26.950000	-20.165161	7.095901	0.000000	
27.000000	-20.175791	7.118526	0.000000	
27.050000	-20.186423	7.141149	0.000000	
27.100000	-20.197050	7.163775	0.000000	
27.150000	-20.207680	7.186399	0.000000	
27.200000	-20.218313	7.209022	0.000000	
27.250000	-20.228967	7.231635	0.000000	
27.300000	-20.239652	7.254233	0.000000	
27.350000	-20.250363	7.276820	0.000000	
27.400000	-20.261095	7.299396	0.000000	
27.450000	-20.271841	7.321966	0.000000	
27.500000	-20.282593	7.344534	0.000000	
27.550000	-20.293348	7.367101	0.000000	
27.600000	-20.304114	7.389661	0.000000	
27.650000	-20.314901	7.412212	0.000000	
27.700000	-20.325705	7.434755	0.000000	
27.750000	-20.336527	7.457290	0.000000	
27.800000	-20.347366	7.479816	0.000000	
27.850000	-20.358228	7.502330	0.000000	
27.900000	-20.369090	7.524845	0.000000	
27.950000	-20.379947	7.547362	0.000000	
28.000000	-20.390788	7.569887	0.000000	
28.050000	-20.401621	7.592416	0.000000	
28.100000	-20.412447	7.614948	0.000000	
28.150000	-20.423268	7.637483	0.000000	
28.200000	-20.434084	7.660020	0.000000	
28.250000	-20.444908	7.682553	0.000000	
28.300000	-20.455743	7.705080	0.000000	
28.350000	-20.466575	7.727610	0.000000	
28.400000	-20.477389	7.750147	0.000000	
28.450000	-20.488176	7.772697	0.000000	
28.500000	-20.498941	7.795258	0.000000	
28.550000	-20.509695	7.817822	0.000000	
28.600000	-20.520440	7.840392	0.000000	
28.650000	-20.531151	7.862977	0.000000	
28.700000	-20.541832	7.885575	0.000000	
28.750000	-20.552491	7.908184	0.000000	
28.800000	-20.563105	7.930814	0.000000	
28.850000	-20.573664	7.953470	0.000000	
28.900000	-20.584147	7.976161	0.000000	
28.950000	-20.594571	7.998880	0.000000	
29.000000	-20.604930	8.021629	0.000000	
29.050000	-20.615250	8.044396	0.000000	
29.100000	-20.625519	8.067187	0.000000	
29.150000	-20.635747	8.089995	0.000000	
29.200000	-20.645960	8.112810	0.000000	
29.250000	-20.656155	8.135634	0.000000	
29.300000	-20.666320	8.158472	0.000000	
29.350000	-20.676449	8.181326	0.000000	
29.400000	-20.686565	8.204186	0.000000	
29.450000	-20.696668	8.227053	0.000000	
29.500000	-20.706776	8.249917	0.000000	
29.550000	-20.716911	8.272770	0.000000	
29.600000	-20.727058	8.295616	0.000000	
29.650000	-20.737218	8.318457	0.000000	
29.700000	-20.747401	8.341288	0.000000	
29.750000	-20.757607	8.364107	0.000000	
29.800000	-20.767835	8.386917	0.000000	
29.850000	-20.778099	8.409710	0.000000	
29.900000	-20.788398	8.432486	0.000000	
29.950000	-20.798731	8.455248	0.000000	
30.000000	-20.809101	8.477993	0.000000	
30.050000	-20.819501	8.500725	0.000000	
30.100000	-20.829934	8.523441	0.000000	
30.150000	-20.840414	8.546136	0.000000	
30.200000	-20.850952	8.568805	0.000000	
30.250000	-20.861532	8.591454	0.000000	
30.300000	-20.872151	8.614085	0.000000	
30.350000	-20.882812	8.636697	0.000000	
30.400000	-20.893515	8.659288	0.000000	
30.450000	-20.904265	8.681856	0.000000	
30.500000	-20.915077	8.704394	0.000000	
30.550000	-20.925940	8.726908	0.000000	
30.600000	-20.936841	8.749402	0.000000	
30.650000	-20.947799	8.771870	0.000000	
30.700000	-20.958786	8.794323	0.000000	
30.750000	-20.969818	8.816755	0.000000	
30.800000	-20.980878	8.839172	0.000000	
30.850000	-20.991963	8.861577	0.000000	
30.900000	-21.003058	8.883978	0.000000	
30.950000	-21.014175	8.906367	0.000000	
31.000000	-21.025309	8.928748	0.000000	
31.050000	-21.036462	8.951121	0.000000	
31.100000	-21.047652	8.973475	0.000000	
31.150000	-21.058856	8.995823	0.000000	
31.200000	-21.070063	9.018169	0.000000	
31.250000	-21.081277	9.040512	0.000000	
31.300000	-21.092495	9.062852	0.000000	
31.350000	-21.103707	9.085196	0.000000	
31.400000	-21.114897	9.107550	0.000000	
31.450000	-21.126045	9.129925	0.000000	
31.500000	-21.137123	9.152332	0.000000	
31.550000	-21.148133	9.174772	0.000000	
31.600000	-21.159077	9.197244	0.000000	
31.650000	-21.169959	9.219745	0.000000	
31.700000	-21.180760	9.242284	0.000000	
31.750000	-21.191483	9.264859	0.000000	
31.800000	-21.202104	9.287480	0.000000	
31.850000	-21.212623	9.310147	0.000000	
31.900000	-21.223045	9.332859	0.000000	
31.950000	-21.233373	9.355613	0.000000	
32.000000	-21.243595	9.378412	0.000000	
32.050000	-21.253716	9.401256	0.000000	
32.100000	-21.263713	9.424151	0.000000	
32.150000	-21.273567	9.447109	0.000000	
32.200000	-21.283301	9.470117	0.000000	
32.250000	-21.292928	9.493171	0.000000	
32.300000	-21.302451	9.516270	0.000000	
32.350000	-21.311872	9.539413	0.000000	
32.400000	-21.321203	9.562596	0.000000	
32.450000	-21.330461	9.585810	0.000000	
32.500000	-21.339643	9.609055	0.000000	
32.550000	-21.348765	9.632325	0.000000	
32.600000	-21.357836	9.655616	0.000000	
32.650000	-21.366851	9.678930	0.000000	
32.700000	-21.375815	9.702265	0.000000	
32.750000	-21.384730	9.725619	0.000000	
32.800000	-21.393589	9.748994	0.000000	
32.850000	-21.402394	9.772390	0.000000	
32.900000	-21.411143	9.795807	0.000000	
32.950000	-21.419830	9.819246	0.000000	
33.000000	-21.428462	9.842706	0.000000	
33.050000	-21.437059	9.866178	0.000000	
33.100000	-21.445648	9.889654	0.000000	
33.150000	-21.454243	9.913127	0.000000	
33.200000	-21.462870	9.936588	0.000000	
33.250000	-21.471531	9.960037	0.000000	
33.300000	-21.480234	9.983469	0.000000	
33.350000	-21.488975	10.006886	0.000000	
33.400000	-21.497765	10.030282	0.000000	
33.450000	-21.506581	10.053669	0.000000	
33.500000	-21.515408	10.077051	0.000000	
33.550000	-21.524274	10.100418	0.000000	
33.600000	-21.533164	10.123775	0.000000	
33.650000	-21.542069	10.147127	0.000000	
33.700000	-21.550997	10.170470	0.000000	
33.750000	-21.559939	10.193807	0.000000	
33.800000	-21.568911	10.217132	0.000000	
33.850000	-21.577938	10.240437	0.000000	
33.900000	-21.587012	10.263724	0.000000	
33.950000	-21.596126	10.286997	0.000000	
34.000000	-21.605283	10.310254	0.000000	
34.050000	-21.614476	10.333498	0.000000	
34.100000	-21.623698	10.356732	0.000000	
34.150000	-21.632936	10.379960	0.000000	
34.200000	-21.642194	10.403180	0.000000	
34.250000	-21.651442	10.426404	0.000000	
34.300000	-21.660679	10.449632	0.000000	
34.350000	-21.669903	10.472866	0.000000	
34.400000	-21.679104	10.496109	0.000000	
34.450000	-21.688286	10.519360	0.000000	
34.500000	-21.697467	10.542612	0.000000	
34.550000	-21.706671	10.565854	0.000000	
34.600000	-21.715878	10.589095	0.000000	
34.650000	-21.725114	10.612324	0.000000	
34.700000	-21.734378	10.635541	0.000000	
34.750000	-21.743665	10.658748	0.000000	
34.800000	-21.752963	10.681951	0.000000	
34.850000	-21.762272	10.705150	0.000000	
34.900000	-21.771585	10.728347	0.000000	
34.950000	-21.780926	10.751532	0.000000	
35.000000	-21.790307	10.774702	0.000000	
35.050000	-21.799724	10.797856	0.000000	
35.100000	-21.809176	10.820997	0.000000	
35.150000	-21.818680	10.844117	0.000000	
35.200000	-21.828226	10.867221	0.000000	
35.250000	-21.837817	10.890306	0.000000	
35.300000	-21.847482	10.913360	0.000000	
35.350000	-21.857198	10.936393	0.000000	
35.400000	-21.866951	10.959411	0.000000	
35.450000	-21.876722	10.982421	0.000000	
35.500000	-21.886514	11.005422	0.000000	
35.550000	-21.896322	11.028417	0.000000	
35.600000	-21.906130	11.051411	0.000000	
35.650000	-21.915939	11.074406	0.000000	
35.700000	-21.925750	11.097399	0.000000	
35.750000	-21.935563	11.120392	0.000000	
35.800000	-21.945398	11.143375	0.000000	
35.850000	-21.955281	11.166337	0.000000	
35.900000	-21.965192	11.189286	0.000000	
35.950000	-21.975123	11.212228	0.000000	
36.000000	-21.985073	11.235161	0.000000	
36.050000	-21.995052	11.258082	0.000000	
36.100000	-22.005079	11.280980	0.000000	
36.150000	-22.015146	11.303862	0.000000	
36.200000	-22.025223	11.326739	0.000000	
36.250000	-22.035317	11.349609	0.000000	
36.300000	-22.045405	11.372482	0.000000	
36.350000	-22.055466	11.395366	0.000000	
36.400000	-22.065519	11.418254	0.000000	
36.450000	-22.075587	11.441135	0.000000	
36.500000	-22.085675	11.464008	0.000000	
36.550000	-22.095757	11.486883	0.000000	
36.600000	-22.105852	11.509752	0.000000	
36.650000	-22.115963	11.532615	0.000000	
36.700000	-22.126112	11.555461	0.000000	
36.750000	-22.136275	11.578300	0.000000	
36.800000	-22.146438	11.601140	0.000000	
36.850000	-22.156598	11.623981	0.000000	
36.900000	-22.166755	11.646824	0.000000	
36.950000	-22.176939	11.669654	0.000000	
37.000000	-22.187160	11.692467	0.000000	
37.050000	-22.197403	11.715270	0.000000	
37.100000	-22.207659	11.738068	0.000000	
37.150000	-22.217912	11.760866	0.000000	
37.200000	-22.228171	11.783662	0.000000	
37.250000	-22.238439	11.806454	0.000000	
37.300000	-22.248730	11.829235	0.000000	
37.350000	-22.259041	11.852007	0.000000	
37.400000	-22.269370	11.874772	0.000000	
37.450000	-22.279711	11.897531	0.000000	
37.500000	-22.290040	11.920296	0.000000	
37.550000	-22.300351	11.943068	0.000000	
37.600000	-22.310648	11.965847	0.000000	
37.650000	-22.320922	11.988635	0.000000	
37.700000	-22.331154	12.011441	0.000000	
37.750000	-22.341347	12.034264	0.000000	
37.800000	-22.351511	12.057100	0.000000	
37.850000	-22.361660	12.079942	0.000000	
37.900000	-22.371786	12.102794	0.000000	
37.950000	-22.381875	12.125662	0.000000	
38.000000	-22.391907	12.148556	0.000000	
38.050000	-22.401883	12.171474	0.000000	
38.100000	-22.411814	12.194413	0.000000	
38.150000	-22.421691	12.217375	0.000000	
38.200000	-22.431507	12.240364	0.000000	
38.250000	-22.441284	12.263370	0.000000	
38.300000	-22.451045	12.286383	0.000000	
38.350000	-22.460772	12.309411	0.000000	
38.400000	-22.470478	12.332449	0.000000	
38.450000	-22.480160	12.355497	0.000000	
38.500000	-22.489823	12.378553	0.000000	
38.550000	-22.499481	12.401612	0.000000	
38.600000	-22.509153	12.424664	0.000000	
38.650000	-22.518834	12.447713	0.000000	
38.700000	-22.528528	12.470756	0.000000	
38.750000	-22.538245	12.493790	0.000000	
38.800000	-22.547979	12.516817	0.000000	
38.850000	-22.557729	12.539836	0.000000	
38.900000	-22.567497	12.562848	0.000000	
38.950000	-22.577294	12.585847	0.000000	
39.000000	-22.587109	12.608839	0.000000	
39.050000	-22.596968	12.631811	0.000000	
39.100000	-22.606864	12.654767	0.000000	
39.150000	-22.616787	12.677712	0.000000	
39.200000	-22.626753	12.700638	0.000000	
39.250000	-22.636765	12.723544	0.000000	
39.300000	-22.646815	12.746433	0.000000	
39.350000	-22.656879	12.769316	0.000000	
39.400000	-22.666977	12.792184	0.000000	
39.450000	-22.677105	12.815039	0.000000	
39.500000	-22.687286	12.837870	0.000000	
39.550000	-22.697522	12.860676	0.000000	
39.600000	-22.707806	12.883460	0.000000	
39.650000	-22.718128	12.906226	0.000000	
39.700000	-22.728504	12.928968	0.000000	
39.750000	-22.738939	12.951683	0.000000	
39.800000	-22.749424	12.974375	0.000000	
39.850000	-22.759949	12.997049	0.000000	
39.900000	-22.770497	13.019712	0.000000	
39.950000	-22.781051	13.042373	0.000000	
40.000000	-22.791592	13.065039	0.000000	
40.050000	-22.802140	13.087703	0.000000	
40.100000	-22.812692	13.110365	0.000000	
40.150000	-22.823246	13.133026	0.000000	
40.200000	-22.833806	13.155684	0.000000	
40.250000	-22.844353	13.178347	0.000000	
40.300000	-22.854878	13.201021	0.000000	
40.350000	-22.865374	13.223707	0.000000	
40.400000	-22.875849	13.246403	0.000000	
40.450000	-22.886280	13.269118	0.000000	
40.500000	-22.896660	13.291855	0.000000	
40.550000	-22.906985	13.314617	0.000000	
40.600000	-22.917253	13.337405	0.000000	
40.650000	-22.927480	13.360212	0.000000	
40.700000	-22.937685	13.383029	0.000000	
40.750000	-22.947872	13.405854	0.000000	
40.800000	-22.958015	13.428700	0.000000	
40.850000	-22.968118	13.451565	0.000000	
40.900000	-22.978176	13.474450	0.000000	
40.950000	-22.988217	13.497343	0.000000	
41.000000	-22.998261	13.520234	0.000000	
41.050000	-23.008326	13.543116	0.000000	
41.100000	-23.018404	13.565992	0.000000	
41.150000	-23.028474	13.588871	0.000000	
41.200000	-23.038529	13.611758	0.000000	
41.250000	-23.048574	13.634649	0.000000	
41.300000	-23.058636	13.657532	0.000000	
41.350000	-23.068730	13.680401	0.000000	
41.400000	-23.078839	13.703263	0.000000	
41.450000	-23.088973	13.726115	0.000000	
41.500000	-23.099139	13.748952	0.000000	
41.550000	-23.109363	13.771764	0.000000	
41.600000	-23.119624	13.794560	0.000000	
41.650000	-23.129904	13.817348	0.000000	
41.700000	-23.140184	13.840135	0.000000	
41.750000	-23.150448	13.862930	0.000000	
41.800000	-23.160679	13.885740	0.000000	
41.850000	-23.170880	13.908562	0.000000	
41.900000	-23.181072	13.931388	0.000000	
41.950000	-23.191272	13.954211	0.000000	
42.000000	-23.201455	13.977041	0.000000	
42.050000	-23.211596	13.999889	0.000000	
42.100000	-23.221683	14.022760	0.000000	
42.150000	-23.231720	14.045654	0.000000	
42.200000	-23.241706	14.068569	0.000000	
42.250000	-23.251667	14.091494	0.000000	
42.300000	-23.261599	14.114432	0.000000	
42.350000	-23.271473	14.137395	0.000000	
42.400000	-23.281288	14.160383	0.000000	
42.450000	-23.291052	14.183393	0.000000	
42.500000	-23.300744	14.206433	0.000000	
42.550000	-23.310371	14.229500	0.000000	
42.600000	-23.319914	14.252602	0.000000	
42.650000	-23.329382	14.275736	0.000000	
42.700000	-23.338778	14.298898	0.000000	
42.750000	-23.348119	14.322084	0.000000	
42.800000	-23.357395	14.345295	0.000000	
42.850000	-23.366599	14.368535	0.000000	
42.900000	-23.375757	14.391792	0.000000	
42.950000	-23.384865	14.415070	0.000000	
43.000000	-23.393927	14.438366	0.000000	
43.050000	-23.402951	14.461678	0.000000	
43.100000	-23.411952	14.484998	0.000000	
43.150000	-23.420931	14.508327	0.000000	
43.200000	-23.429893	14.531664	0.000000	
43.250000	-23.438859	14.554998	0.000000	
43.300000	-23.447812	14.578338	0.000000	
43.350000	-23.456742	14.601687	0.000000	
43.400000	-23.465673	14.625035	0.000000	
43.450000	-23.474614	14.648380	0.000000	
43.500000	-23.483584	14.671713	0.000000	
43.550000	-23.492614	14.695021	0.000000	
43.600000	-23.501685	14.718313	0.000000	
43.650000	-23.510814	14.741580	0.000000	
43.700000	-23.520008	14.764822	0.000000	
43.750000	-23.529277	14.788033	0.000000	
43.800000	-23.538630	14.811208	0.000000	
43.850000	-23.548072	14.834346	0.000000	
43.900000	-23.557623	14.857439	0.000000	
43.950000	-23.567261	14.880497	0.000000	
44.000000	-23.576960	14.903530	0.000000	
44.050000	-23.586723	14.926536	0.000000	
44.100000	-23.596545	14.949518	0.000000	
44.150000	-23.606441	14.972468	0.000000	
44.200000	-23.616423	14.995382	0.000000	
44.250000	-23.626495	15.018257	0.000000	
44.300000	-23.636649	15.041094	0.000000	
44.350000	-23.646860	15.063908	0.000000	
44.400000	-23.657087	15.086714	0.000000	
44.450000	-23.667229	15.109551	0.000000	
44.500000	-23.677159	15.132453	0.000000	
44.550000	-23.686722	15.155444	0.000000	
44.600000	-23.695755	15.178535	0.000000	
44.650000	-23.704105	15.201704	0.000000	
44.700000	-23.711610	15.224914	0.000000	
44.750000	-23.718117	15.248110	0.000000	
44.800000	-23.723498	15.271227	0.000000	
44.850000	-23.727633	15.294200	0.000000	
44.900000	-23.730439	15.316946	0.000000	
44.950000	-23.731841	15.339392	0.000000	
45.000000	-23.731791	15.361465	0.000000	
45.050000	-23.730246	15.383071	0.000000	
45.100000	-23.727151	15.404147	0.000000	
45.150000	-23.722488	15.424623	0.000000	
45.200000	-23.716224	15.444465	0.000000	
45.250000	-23.708334	15.463646	0.000000	
45.300000	-23.698793	15.482130	0.000000	
45.350000	-23.687587	15.499900	0.000000	
45.400000	-23.674737	15.516923	0.000000	
45.450000	-23.660294	15.533176	0.000000	
45.500000	-23.644348	15.548613	0.000000	
45.550000	-23.627017	15.563213	0.000000	
45.600000	-23.608442	15.576939	0.000000	
45.650000	-23.588766	15.589773	0.000000	
45.700000	-23.568152	15.601743	0.000000	
45.750000	-23.546759	15.612902	0.000000	
45.800000	-23.524732	15.623299	0.000000	
45.850000	-23.502197	15.633017	0.000000	
45.900000	-23.479259	15.642139	0.000000	
45.950000	-23.456013	15.650760	0.000000	
46.000000	-23.432536	15.658970	0.000000	
46.050000	-23.408888	15.666854	0.000000	
46.100000	-23.385129	15.674501	0.000000	
46.150000	-23.361295	15.681974	0.000000	
46.200000	-23.337422	15.689349	0.000000	
46.250000	-23.313534	15.696684	0.000000	
46.300000	-23.289646	15.704020	0.000000	
46.350000	-23.265775	15.711403	0.000000	
46.400000	-23.241931	15.718862	0.000000	
46.450000	-23.218119	15.726418	0.000000	
46.500000	-23.194343	15.734079	0.000000	
46.550000	-23.170605	15.741854	0.000000	
46.600000	-23.146896	15.749717	0.000000	
46.650000	-23.123216	15.757672	0.000000	
46.700000	-23.099575	15.765749	0.000000	
46.750000	-23.075971	15.773939	0.000000	
46.800000	-23.052401	15.782235	0.000000	
46.850000	-23.028866	15.790639	0.000000	
46.900000	-23.005368	15.799151	0.000000	
46.950000	-22.981900	15.807753	0.000000	
47.000000	-22.958455	15.816420	0.000000	
47.050000	-22.935029	15.825142	0.000000	
47.100000	-22.911615	15.833898	0.000000	
47.150000	-22.888214	15.842692	0.000000	
47.200000	-22.864834	15.851541	0.000000	
47.250000	-22.841473	15.860443	0.000000	
47.300000	-22.818122	15.869368	0.000000	
47.350000	-22.794774	15.878304	0.000000	
47.400000	-22.771428	15.887244	0.000000	
47.450000	-22.748083	15.896188	0.000000	
47.500000	-22.724734	15.905120	0.000000	
47.550000	-22.701384	15.914048	0.000000	
47.600000	-22.678037	15.922985	0.000000	
47.650000	-22.654696	15.931938	0.000000	
47.700000	-22.631362	15.940913	0.000000	
47.750000	-22.608038	15.949910	0.000000	
47.800000	-22.584726	15.958939	0.000000	
47.850000	-22.561429	15.968002	0.000000	
47.900000	-22.538148	15.977109	0.000000	
47.950000	-22.514883	15.986254	0.000000	
48.000000	-22.491640	15.995451	0.000000	
48.050000	-22.468418	16.004701	0.000000	
48.100000	-22.445212	16.013992	0.000000	
48.150000	-22.422025	16.023329	0.000000	
48.200000	-22.398861	16.032722	0.000000	
48.250000	-22.375715	16.042159	0.000000	
48.300000	-22.352590	16.051645	0.000000	
48.350000	-22.329489	16.061189	0.000000	
48.400000	-22.306410	16.070787	0.000000	
48.450000	-22.283360	16.080453	0.000000	
48.500000	-22.260343	16.090194	0.000000	
48.550000	-22.237359	16.100019	0.000000	
48.600000	-22.214404	16.109909	0.000000	
48.650000	-22.191480	16.119868	0.000000	
48.700000	-22.168585	16.129898	0.000000	
48.750000	-22.145717	16.139991	0.000000	
48.800000	-22.122871	16.150136	0.000000	
48.850000	-22.100042	16.160319	0.000000	
48.900000	-22.077220	16.170520	0.000000	
48.950000	-22.054398	16.180722	0.000000	
49.000000	-22.031571	16.190908	0.000000	
49.050000	-22.008733	16.201072	0.000000	
49.100000	-21.985887	16.211217	0.000000	
49.150000	-21.963040	16.221358	0.000000	
49.200000	-21.940192	16.231497	0.000000	
49.250000	-21.917335	16.241615	0.000000	
49.300000	-21.894473	16.251721	0.000000	
49.350000	-21.871598	16.261798	0.000000	
49.400000	-21.848712	16.271851	0.000000	
49.450000	-21.825822	16.281893	0.000000	
49.500000	-21.802919	16.291905	0.000000	
49.550000	-21.780001	16.301885	0.000000	
49.600000	-21.757074	16.311844	0.000000	
49.650000	-21.734136	16.321780	0.000000	
49.700000	-21.711188	16.331695	0.000000	
49.750000	-21.688231	16.341588	0.000000	
49.800000	-21.665271	16.351476	0.000000	
49.850000	-21.642305	16.361351	0.000000	
49.900000	-21.619341	16.371228	0.000000	
49.950000	-21.596386	16.381128	0.000000	
50.000000	-21.573445	16.391057	0.000000	
50.050000	-21.550516	16.401015	0.000000	
50.100000	-21.527606	16.411015	0.000000	
50.150000	-21.504710	16.421049	0.000000	
50.200000	-21.481824	16.431107	0.000000	
50.250000	-21.458946	16.441183	0.000000	
50.300000	-21.436077	16.451278	0.000000	
50.350000	-21.413214	16.461389	0.000000	
50.400000	-21.390357	16.471515	0.000000	
50.450000	-21.367501	16.481641	0.000000	
50.500000	-21.344642	16.491762	0.000000	
50.550000	-21.321781	16.501877	0.000000	
50.600000	-21.298913	16.511976	0.000000	
50.650000	-21.276033	16.522045	0.000000	
50.700000	-21.253142	16.532089	0.000000	
50.750000	-21.230228	16.542080	0.000000	
50.800000	-21.207301	16.552041	0.000000	
50.850000	-21.184358	16.561962	0.000000	
50.900000	-21.161395	16.571835	0.000000	
50.950000	-21.138412	16.581663	0.000000	
51.000000	-21.115409	16.591443	0.000000	
51.050000	-21.092389	16.601187	0.000000	
51.100000	-21.069360	16.610908	0.000000	
51.150000	-21.046319	16.620603	0.000000	
51.200000	-21.023267	16.630273	0.000000	
51.250000	-21.000213	16.639939	0.000000	
51.300000	-20.977164	16.649615	0.000000	
51.350000	-20.954129	16.659322	0.000000	
51.400000	-20.931114	16.669071	0.000000	
51.450000	-20.908117	16.678861	0.000000	
51.500000	-20.885146	16.688707	0.000000	
51.550000	-20.862201	16.698611	0.000000	
51.600000	-20.839292	16.708591	0.000000	
51.650000	-20.816409	16.718631	0.000000	
51.700000	-20.793551	16.728729	0.000000	
51.750000	-20.770712	16.738870	0.000000	
51.800000	-20.747901	16.749075	0.000000	
51.850000	-20.725111	16.759327	0.000000	
51.900000	-20.702342	16.769631	0.000000	
51.950000	-20.679603	16.780003	0.000000	
52.000000	-20.656888	16.790431	0.000000	
52.050000	-20.634195	16.800908	0.000000	
52.100000	-20.611516	16.811420	0.000000	
52.150000	-20.588851	16.821962	0.000000	
52.200000	-20.566201	16.832537	0.000000	
52.250000	-20.543570	16.843155	0.000000	
52.300000	-20.520953	16.853804	0.000000	
52.350000	-20.498347	16.864476	0.000000	
52.400000	-20.475744	16.875156	0.000000	
52.450000	-20.453132	16.885814	0.000000	
52.500000	-20.430515	16.896464	0.000000	
52.550000	-20.407892	16.907101	0.000000	
52.600000	-20.385259	16.917718	0.000000	
52.650000	-20.362612	16.928304	0.000000	
52.700000	-20.339964	16.938890	0.000000	
52.750000	-20.317317	16.949476	0.000000	
52.800000	-20.294671	16.960065	0.000000	
52.850000	-20.272026	16.970658	0.000000	
52.900000	-20.249383	16.981254	0.000000	
52.950000	-20.226748	16.991866	0.000000	
53.000000	-20.204115	17.002483	0.000000	
53.050000	-20.181483	17.013103	0.000000	
53.100000	-20.158850	17.023719	0.000000	
53.150000	-20.136220	17.034343	0.000000	
53.200000	-20.113589	17.044965	0.000000	
53.250000	-20.090948	17.055564	0.000000	
53.300000	-20.068295	17.066138	0.000000	
53.350000	-20.045630	17.076684	0.000000	
53.400000	-20.022950	17.087200	0.000000	
53.450000	-20.000251	17.097673	0.000000	
53.500000	-19.977546	17.108133	0.000000	
53.550000	-19.954830	17.118569	0.000000	
53.600000	-19.932110	17.128995	0.000000	
53.650000	-19.909393	17.139428	0.000000	
53.700000	-19.886674	17.149859	0.000000	
53.750000	-19.863941	17.160257	0.000000	
53.800000	-19.841202	17.170645	0.000000	
53.850000	-19.818456	17.181015	0.000000	
53.900000	-19.795697	17.191357	0.000000	
53.950000	-19.772926	17.201672	0.000000	
54.000000	-19.750144	17.211964	0.000000	
54.050000	-19.727353	17.222236	0.000000	
54.100000	-19.704560	17.232504	0.000000	
54.150000	-19.681762	17.242760	0.000000	
54.200000	-19.658959	17.253007	0.000000	
54.250000	-19.636154	17.263249	0.000000	
54.300000	-19.613346	17.273484	0.000000	
54.350000	-19.590542	17.283728	0.000000	
54.400000	-19.567749	17.293995	0.000000	
54.450000	-19.544972	17.304297	0.000000	
54.500000	-19.522208	17.314629	0.000000	
54.550000	-19.499454	17.324982	0.000000	
54.600000	-19.476714	17.335366	0.000000	
54.650000	-19.453986	17.345773	0.000000	
54.700000	-19.431270	17.356208	0.000000	
54.750000	-19.408565	17.366664	0.000000	
54.800000	-19.385884	17.377169	0.000000	
54.850000	-19.363226	17.387723	0.000000	
54.900000	-19.340600	17.398343	0.000000	
54.950000	-19.318008	17.409036	0.000000	
55.000000	-19.295446	17.419791	0.000000	
55.050000	-19.272901	17.430582	0.000000	
55.100000	-19.250378	17.441420	0.000000	
55.150000	-19.227873	17.452296	0.000000	
55.200000	-19.205384	17.463204	0.000000	
55.250000	-19.182915	17.474155	0.000000	
55.300000	-19.160473	17.485163	0.000000	
55.350000	-19.138063	17.496238	0.000000	
55.400000	-19.115678	17.507366	0.000000	
55.450000	-19.093319	17.518544	0.000000	
55.500000	-19.070984	17.529771	0.000000	
55.550000	-19.048686	17.541069	0.000000	
55.600000	-19.026426	17.552441	0.000000	
55.650000	-19.004190	17.563861	0.000000	
55.700000	-18.981974	17.575320	0.000000	
55.750000	-18.959765	17.586793	0.000000	
55.800000	-18.937567	17.598287	0.000000	
55.850000	-18.915368	17.609779	0.000000	
55.900000	-18.893157	17.621247	0.000000	
55.950000	-18.870934	17.632692	0.000000	
56.000000	-18.848692	17.644098	0.000000	
56.050000	-18.826444	17.655492	0.000000	
56.100000	-18.804190	17.666873	0.000000	
56.150000	-18.781931	17.678245	0.000000	
56.200000	-18.759664	17.689601	0.000000	
56.250000	-18.737394	17.700951	0.000000	
56.300000	-18.715117	17.712285	0.000000	
56.350000	-18.692824	17.723587	0.000000	
56.400000	-18.670509	17.734846	0.000000	
56.450000	-18.648174	17.746062	0.000000	
56.500000	-18.625817	17.757234	0.000000	
56.550000	-18.603427	17.768342	0.000000	
56.600000	-18.581001	17.779376	0.000000	
56.650000	-18.558528	17.790321	0.000000	
56.700000	-18.536023	17.801200	0.000000	
56.750000	-18.513487	17.812017	0.000000	
56.800000	-18.490926	17.822781	0.000000	
56.850000	-18.468337	17.833491	0.000000	
56.900000	-18.445728	17.844157	0.000000	
56.950000	-18.423104	17.854790	0.000000	
57.000000	-18.400459	17.865377	0.000000	
57.050000	-18.377792	17.875917	0.000000	
57.100000	-18.355103	17.886409	0.000000	
57.150000	-18.332399	17.896869	0.000000	
57.200000	-18.309677	17.907291	0.000000	
57.250000	-18.286935	17.917668	0.000000	
57.300000	-18.264175	17.928006	0.000000	
57.350000	-18.241393	17.938296	0.000000	
57.400000	-18.218591	17.948543	0.000000	
57.450000	-18.195778	17.958764	0.000000	
57.500000	-18.172945	17.968940	0.000000	
57.550000	-18.150085	17.979056	0.000000	
57.600000	-18.127199	17.989109	0.000000	
57.650000	-18.104284	17.999096	0.000000	
57.700000	-18.081346	18.009028	0.000000	
57.750000	-18.058385	18.018908	0.000000	
57.800000	-18.035404	18.028742	0.000000	
57.850000	-18.012404	18.038530	0.000000	
57.900000	-17.989384	18.048273	0.000000	
57.950000	-17.966349	18.057982	0.000000	
58.000000	-17.943309	18.067678	0.000000	
58.050000	-17.920268	18.077374	0.000000	
58.100000	-17.897237	18.087092	0.000000	
58.150000	-17.874204	18.096804	0.000000	
58.200000	-17.851163	18.106500	0.000000	
58.250000	-17.828114	18.116175	0.000000	
58.300000	-17.805064	18.125851	0.000000	
58.350000	-17.782010	18.135515	0.000000	
58.400000	-17.758952	18.145172	0.000000	
58.450000	-17.735892	18.154821	0.000000	
58.500000	-17.712832	18.164473	0.000000	
58.550000	-17.689783	18.174150	0.000000	
58.600000	-17.666749	18.183862	0.000000	
58.650000	-17.643728	18.193605	0.000000	
58.700000	-17.620728	18.203398	0.000000	
58.750000	-17.597750	18.213242	0.000000	
58.800000	-17.574783	18.223113	0.000000	
58.850000	-17.551829	18.233016	0.000000	
58.900000	-17.528895	18.242962	0.000000	
58.950000	-17.505980	18.252955	0.000000	
59.000000	-17.483080	18.262983	0.000000	
59.050000	-17.460184	18.273019	0.000000	
59.100000	-17.437288	18.283055	0.000000	
59.150000	-17.414394	18.293096	0.000000	
59.200000	-17.391507	18.303151	0.000000	
59.250000	-17.368632	18.313234	0.000000	
59.300000	-17.345771	18.323350	0.000000	
59.350000	-17.322918	18.333483	0.000000	
59.400000	-17.300073	18.343635	0.000000	
59.450000	-17.277235	18.353803	0.000000	
59.500000	-17.254401	18.363981	0.000000	
59.550000	-17.231564	18.374151	0.000000	
59.600000	-17.208717	18.384297	0.000000	
59.650000	-17.185851	18.394398	0.000000	
59.700000	-17.162978	18.404484	0.000000	
59.750000	-17.140087	18.414526	0.000000	
59.800000	-17.117175	18.424520	0.000000	
59.850000	-17.094250	18.434481	0.000000	
59.900000	-17.071313	18.444416	0.000000	
59.950000	-17.048354	18.454298	0.000000	
60.000000	-17.025372	18.464128	0.000000	
60.050000	-17.002366	18.473900	0.000000	
60.100000	-16.979335	18.483611	0.000000	
60.150000	-16.956275	18.493249	0.000000	
60.200000	-16.933185	18.502815	0.000000	
60.250000	-16.910067	18.512312	0.000000	
60.300000	-16.886915	18.521725	0.000000	
60.350000	-16.863721	18.531038	0.000000	
60.400000	-16.840490	18.540256	0.000000	
60.450000	-16.817228	18.549401	0.000000	
60.500000	-16.793933	18.558459	0.000000	
60.550000	-16.770602	18.567428	0.000000	
60.600000	-16.747236	18.576300	0.000000	
60.650000	-16.723835	18.585075	0.000000	
60.700000	-16.700405	18.593770	0.000000	
60.750000	-16.676938	18.602364	0.000000	
60.800000	-16.653437	18.610861	0.000000	
60.850000	-16.629905	18.619267	0.000000	
60.900000	-16.606335	18.627569	0.000000	
60.950000	-16.582726	18.635760	0.000000	
61.000000	-16.559087	18.643865	0.000000	
61.050000	-16.535422	18.651901	0.000000	
61.100000	-16.511736	18.659875	0.000000	
61.150000	-16.488030	18.667796	0.000000	
61.200000	-16.464313	18.675684	0.000000	
61.250000	-16.440577	18.683515	0.000000	
61.300000	-16.416824	18.691298	0.000000	
61.350000	-16.393057	18.699044	0.000000	
61.400000	-16.369275	18.706740	0.000000	
61.450000	-16.345480	18.714401	0.000000	
61.500000	-16.321671	18.722021	0.000000	
61.550000	-16.297859	18.729631	0.000000	
61.600000	-16.274048	18.737244	0.000000	
61.650000	-16.250240	18.744869	0.000000	
61.700000	-16.226436	18.752503	0.000000	
61.750000	-16.202634	18.760145	0.000000	
61.800000	-16.178832	18.767786	0.000000	
61.850000	-16.155038	18.775453	0.000000	
61.900000	-16.131248	18.783131	0.000000	
61.950000	-16.107460	18.790819	0.000000	
62.000000	-16.083678	18.798522	0.000000	
62.050000	-16.059894	18.806222	0.000000	
62.100000	-16.036109	18.813918	0.000000	
62.150000	-16.012318	18.821598	0.000000	
62.200000	-15.988526	18.829272	0.000000	
62.250000	-15.964729	18.836929	0.000000	
62.300000	-15.940925	18.844567	0.000000	
62.350000	-15.917105	18.852147	0.000000	
62.400000	-15.893260	18.859645	0.000000	
62.450000	-15.869389	18.867041	0.000000	
62.500000	-15.845479	18.874274	0.000000	
62.550000	-15.821518	18.881281	0.000000	
62.600000	-15.797496	18.887975	0.000000	
62.650000	-15.773410	18.894279	0.000000	
62.700000	-15.749265	18.900110	0.000000	
62.750000	-15.725074	18.905397	0.000000	
62.800000	-15.700857	18.910048	0.000000	
62.850000	-15.676629	18.914021	0.000000	
62.900000	-15.652403	18.917250	0.000000	
62.950000	-15.628197	18.919700	0.000000	
63.000000	-15.604036	18.921328	0.000000	
63.050000	-15.579943	18.922066	0.000000	
63.100000	-15.555938	18.921889	0.000000	
63.150000	-15.532042	18.920740	0.000000	
63.200000	-15.508282	18.918585	0.000000	
63.250000	-15.484677	18.915392	0.000000	
63.300000	-15.461234	18.911162	0.000000	
63.350000	-15.437967	18.905888	0.000000	
63.400000	-15.414893	18.899595	0.000000	
63.450000	-15.392015	18.892309	0.000000	
63.500000	-15.369342	18.884069	0.000000	
63.550000	-15.346892	18.874913	0.000000	
63.600000	-15.324663	18.864911	0.000000	
63.650000	-15.302664	18.854132	0.000000	
63.700000	-15.280891	18.842660	0.000000	
63.750000	-15.259347	18.830572	0.000000	
63.800000	-15.238021	18.817957	0.000000	
63.850000	-15.216899	18.804899	0.000000	
63.900000	-15.195963	18.791461	0.000000	
63.950000	-15.175188	18.777705	0.000000	
64.000000	-15.154560	18.763675	0.000000	
64.050000	-15.134066	18.749410	0.000000	
64.100000	-15.113675	18.734977	0.000000	
64.150000	-15.093368	18.720407	0.000000	
64.200000	-15.073123	18.705744	0.000000	
64.250000	-15.052921	18.691019	0.000000	
64.300000	-15.032748	18.676254	0.000000	
64.350000	-15.012604	18.661450	0.000000	
64.400000	-14.992476	18.646623	0.000000	
64.450000	-14.972352	18.631792	0.000000	
64.500000	-14.952238	18.616947	0.000000	
64.550000	-14.932137	18.602084	0.000000	
64.600000	-14.912029	18.587231	0.000000	
64.650000	-14.891928	18.572368	0.000000	
64.700000	-14.871825	18.557508	0.000000	
64.750000	-14.851718	18.542654	0.000000	
64.800000	-14.831594	18.527823	0.000000	
64.850000	-14.811460	18.513007	0.000000	
64.900000	-14.791301	18.498225	0.000000	
64.950000	-14.771131	18.483458	0.000000	
65.000000	-14.750967	18.468683	0.000000	
65.050000	-14.730813	18.453894	0.000000	
65.100000	-14.710661	18.439103	0.000000	
65.150000	-14.690524	18.424291	0.000000	
65.200000	-14.670401	18.409461	0.000000	
65.250000	-14.650287	18.394619	0.000000	
65.300000	-14.630180	18.379766	0.000000	
65.350000	-14.610072	18.364916	0.000000	
65.400000	-14.589966	18.350062	0.000000	
65.450000	-14.569861	18.335207	0.000000	
65.500000	-14.549774	18.320329	0.000000	
65.550000	-14.529706	18.305426	0.000000	
65.600000	-14.509654	18.290504	0.000000	
65.650000	-14.489627	18.275548	0.000000	
65.700000	-14.469620	18.260566	0.000000	
65.750000	-14.449633	18.245559	0.000000	
65.800000	-14.429666	18.230523	0.000000	
65.850000	-14.409731	18.215444	0.000000	
65.900000	-14.389822	18.200330	0.000000	
65.950000	-14.369953	18.185162	0.000000	
66.000000	-14.350108	18.169960	0.000000	
66.050000	-14.330285	18.154729	0.000000	
66.100000	-14.310472	18.139485	0.000000	
66.150000	-14.290674	18.124222	0.000000	
66.200000	-14.270887	18.108944	0.000000	
66.250000	-14.251117	18.093644	0.000000	
66.300000	-14.231364	18.078322	0.000000	
66.350000	-14.211627	18.062979	0.000000	
66.400000	-14.191911	18.047609	0.000000	
66.450000	-14.172201	18.032230	0.000000	
66.500000	-14.152500	18.016842	0.000000	
66.550000	-14.132801	18.001450	0.000000	
66.600000	-14.113092	17.986070	0.000000	
66.650000	-14.093370	17.970708	0.000000	
66.700000	-14.073638	17.955358	0.000000	
66.750000	-14.053890	17.940029	0.000000	
66.800000	-14.034128	17.924719	0.000000	
66.850000	-14.014352	17.909426	0.000000	
66.900000	-13.994563	17.894152	0.000000	
66.950000	-13.974757	17.878900	0.000000	
67.000000	-13.954920	17.863690	0.000000	
67.050000	-13.935063	17.848506	0.000000	
67.100000	-13.915172	17.833369	0.000000	
67.150000	-13.895257	17.818265	0.000000	
67.200000	-13.875304	17.803212	0.000000	
67.250000	-13.855308	17.788219	0.000000	
67.300000	-13.835259	17.773297	0.000000	
67.350000	-13.815158	17.758448	0.000000	
67.400000	-13.794994	17.743684	0.000000	
67.450000	-13.774772	17.729001	0.000000	
67.500000	-13.754494	17.714396	0.000000	
67.550000	-13.734164	17.699862	0.000000	
67.600000	-13.713768	17.685420	0.000000	
67.650000	-13.693310	17.671065	0.000000	
67.700000	-13.672793	17.656794	0.000000	
67.750000	-13.652214	17.642613	0.000000	
67.800000	-13.631584	17.628503	0.000000	
67.850000	-13.610918	17.614446	0.000000	
67.900000	-13.590211	17.600447	0.000000	
67.950000	-13.569461	17.586511	0.000000	
68.000000	-13.548670	17.572635	0.000000	
68.050000	-13.527847	17.558805	0.000000	
68.100000	-13.506998	17.545015	0.000000	
68.150000	-13.486129	17.531253	0.000000	
68.200000	-13.465238	17.517523	0.000000	
68.250000	-13.444330	17.503820	0.000000	
68.300000	-13.423411	17.490131	0.000000	
68.350000	-13.402492	17.476444	0.000000	
68.400000	-13.381565	17.462768	0.000000	
68.450000	-13.360636	17.449096	0.000000	
68.500000	-13.339703	17.435429	0.000000	
68.550000	-13.318771	17.421760	0.000000	
68.600000	-13.297837	17.408095	0.000000	
68.650000	-13.276911	17.394418	0.000000	
68.700000	-13.255999	17.380720	0.000000	
68.750000	-13.235097	17.367006	0.000000	
68.800000	-13.214210	17.353269	0.000000	
68.850000	-13.193333	17.339517	0.000000	
68.900000	-13.172465	17.325751	0.000000	
68.950000	-13.151613	17.311961	0.000000	
69.000000	-13.130768	17.298161	0.000000	
69.050000	-13.109923	17.284360	0.000000	
69.100000	-13.089068	17.270575	0.000000	
69.150000	-13.068205	17.256803	0.000000	
69.200000	-13.047331	17.243048	0.000000	
69.250000	-13.026452	17.229301	0.000000	
69.300000	-13.005568	17.215560	0.000000	
69.350000	-12.984666	17.201847	0.000000	
69.400000	-12.963736	17.188180	0.000000	
69.450000	-12.942781	17.174551	0.000000	
69.500000	-12.921798	17.160967	0.000000	
69.550000	-12.900785	17.147432	0.000000	
69.600000	-12.879732	17.133961	0.000000	
69.650000	-12.858642	17.120549	0.000000	
69.700000	-12.837506	17.107213	0.000000	
69.750000	-12.816318	17.093960	0.000000	
69.800000	-12.795091	17.080771	0.000000	
69.850000	-12.773825	17.067645	0.000000	
69.900000	-12.752518	17.054584	0.000000	
69.950000	-12.731162	17.041602	0.000000	
70.000000	-12.709764	17.028685	0.000000	
70.050000	-12.688336	17.015817	0.000000	
70.100000	-12.666881	17.002994	0.000000	
70.150000	-12.645400	16.990214	0.000000	
70.200000	-12.623878	16.977503	0.000000	
70.250000	-12.602316	16.964861	0.000000	
70.300000	-12.580711	16.952289	0.000000	
70.350000	-12.559071	16.939777	0.000000	
70.400000	-12.537395	16.927324	0.000000	
70.450000	-12.515689	16.914926	0.000000	
70.500000	-12.493955	16.902576	0.000000	
70.550000	-12.472203	16.890257	0.000000	
70.600000	-12.450428	16.877979	0.000000	
70.650000	-12.428644	16.865717	0.000000	
70.700000	-12.406848	16.853476	0.000000	
70.750000	-12.385042	16.841253	0.000000	
70.800000	-12.363233	16.829037	0.000000	
70.850000	-12.341423	16.816820	0.000000	
70.900000	-12.319608	16.804613	0.000000	
70.950000	-12.297791	16.792410	0.000000	
71.000000	-12.275978	16.780198	0.000000	
71.050000	-12.254169	16.767981	0.000000	
71.100000	-12.232367	16.755753	0.000000	
71.150000	-12.210583	16.743494	0.000000	
71.200000	-12.188830	16.731183	0.000000	
71.250000	-12.167118	16.718804	0.000000	
71.300000	-12.145448	16.706353	0.000000	
71.350000	-12.123811	16.693846	0.000000	
71.400000	-12.102201	16.681293	0.000000	
71.450000	-12.080621	16.668689	0.000000	
71.500000	-12.059078	16.656021	0.000000	
71.550000	-12.037577	16.643281	0.000000	
71.600000	-12.016113	16.630479	0.000000	
71.650000	-11.994691	16.617605	0.000000	
71.700000	-11.973297	16.604683	0.000000	
71.750000	-11.951922	16.591729	0.000000	
71.800000	-11.930565	16.578742	0.000000	
71.850000	-11.909224	16.565727	0.000000	
71.900000	-11.887892	16.552696	0.000000	
71.950000	-11.866572	16.539646	0.000000	
72.000000	-11.845266	16.526572	0.000000	
72.050000	-11.823961	16.513495	0.000000	
72.100000	-11.802650	16.500430	0.000000	
72.150000	-11.781337	16.487368	0.000000	
72.200000	-11.760011	16.474325	0.000000	
72.250000	-11.738671	16.461307	0.000000	
72.300000	-11.717305	16.448331	0.000000	
72.350000	-11.695910	16.435402	0.000000	
72.400000	-11.674497	16.422504	0.000000	
72.450000	-11.653073	16.409624	0.000000	
72.500000	-11.631644	16.396750	0.000000	
72.550000	-11.610205	16.383895	0.000000	
72.600000	-11.588746	16.371072	0.000000	
72.650000	-11.567264	16.358286	0.000000	
72.700000	-11.545758	16.345540	0.000000	
72.750000	-11.524240	16.332815	0.000000	
72.800000	-11.502725	16.320084	0.000000	
72.850000	-11.481226	16.307325	0.000000	
72.900000	-11.459739	16.294549	0.000000	
72.950000	-11.438253	16.281770	0.000000	
73.000000	-11.416767	16.268991	0.000000	
73.050000	-11.395282	16.256210	0.000000	
73.100000	-11.373799	16.243426	0.000000	
73.150000	-11.352317	16.230639	0.000000	
73.200000	-11.330827	16.217867	0.000000	
73.250000	-11.309337	16.205095	0.000000	
73.300000	-11.287841	16.192333	0.000000	
73.350000	-11.266339	16.179580	0.000000	
73.400000	-11.244833	16.166836	0.000000	
73.450000	-11.223321	16.154101	0.000000	
73.500000	-11.201798	16.141385	0.000000	
73.550000	-11.180261	16.128693	0.000000	
73.600000	-11.158704	16.116035	0.000000	
73.650000	-11.137130	16.103409	0.000000	
73.700000	-11.115538	16.090813	0.000000	
73.750000	-11.093928	16.078249	0.000000	
73.800000	-11.072297	16.065724	0.000000	
73.850000	-11.050633	16.053255	0.000000	
73.900000	-11.028933	16.040849	0.000000	
73.950000	-11.007193	16.028514	0.000000	
74.000000	-10.985418	16.016240	0.000000	
74.050000	-10.963614	16.004020	0.000000	
74.100000	-10.941768	15.991874	0.000000	
74.150000	-10.919896	15.979776	0.000000	
74.200000	-10.897999	15.967720	0.000000	
74.250000	-10.876080	15.955705	0.000000	
74.300000	-10.854135	15.943735	0.000000	
74.350000	-10.832172	15.931798	0.000000	
74.400000	-10.810193	15.919890	0.000000	
74.450000	-10.788194	15.908017	0.000000	
74.500000	-10.766182	15.896170	0.000000	
74.550000	-10.744152	15.884353	0.000000	
74.600000	-10.722118	15.872544	0.000000	
74.650000	-10.700101	15.860706	0.000000	
74.700000	-10.678128	15.848794	0.000000	
74.750000	-10.656230	15.836762	0.000000	
74.800000	-10.634433	15.824573	0.000000	
74.850000	-10.612766	15.812191	0.000000	
74.900000	-10.591276	15.799561	0.000000	
74.950000	-10.569999	15.786647	0.000000	
75.000000	-10.548978	15.773402	0.000000	
75.050000	-10.528267	15.759778	0.000000	
75.100000	-10.507917	15.745741	0.000000	
75.150000	-10.487985	15.731243	0.000000	
75.200000	-10.468510	15.716274	0.000000	
75.250000	-10.449554	15.700798	0.000000	
75.300000	-10.431177	15.684788	0.000000	
75.350000	-10.413406	15.668238	0.000000	
75.400000	-10.396285	15.651134	0.000000	
75.450000	-10.379842	15.633458	0.000000	
75.500000	-10.364110	15.615194	0.000000	
75.550000	-10.349110	15.596349	0.000000	
75.600000	-10.334860	15.576913	0.000000	
75.650000	-10.321351	15.556909	0.000000	
75.700000	-10.308583	15.536356	0.000000	
75.750000	-10.296539	15.515290	0.000000	
75.800000	-10.285203	15.493755	0.000000	
75.850000	-10.274567	15.471776	0.000000	
75.900000	-10.264609	15.449389	0.000000	
75.950000	-10.255273	15.426649	0.000000	
76.000000	-10.246527	15.403591	0.000000	
76.050000	-10.238332	15.380252	0.000000	
76.100000	-10.230652	15.356671	0.000000	
76.150000	-10.223437	15.332891	0.000000	
76.200000	-10.216648	15.308944	0.000000	
76.250000	-10.210228	15.284859	0.000000	
76.300000	-10.204111	15.260670	0.000000	
76.350000	-10.198225	15.236409	0.000000	
76.400000	-10.192528	15.212090	0.000000	
76.450000	-10.186960	15.187733	0.000000	
76.500000	-10.181493	15.163348	0.000000	
76.550000	-10.176085	15.138947	0.000000	
76.600000	-10.170694	15.114541	0.000000	
76.650000	-10.165313	15.090132	0.000000	
76.700000	-10.159941	15.065722	0.000000	
76.750000	-10.154548	15.041316	0.000000	
76.800000	-10.149135	15.016916	0.000000	
76.850000	-10.143700	14.992521	0.000000	
76.900000	-10.138231	14.968133	0.000000	
76.950000	-10.132709	14.943758	0.000000	
77.000000	-10.127129	14.919396	0.000000	
77.050000	-10.121501	14.895047	0.000000	
77.100000	-10.115826	14.870707	0.000000	
77.150000	-10.110080	14.846385	0.000000	
77.200000	-10.104243	14.822083	0.000000	
77.250000	-10.098294	14.797808	0.000000	
77.300000	-10.092230	14.773561	0.000000	
77.350000	-10.086058	14.749340	0.000000	
77.400000	-10.079803	14.725140	0.000000	
77.450000	-10.073467	14.700961	0.000000	
77.500000	-10.067050	14.676803	0.000000	
77.550000	-10.060555	14.652666	0.000000	
77.600000	-10.053994	14.628548	0.000000	
77.650000	-10.047392	14.604440	0.000000	
77.700000	-10.040727	14.580351	0.000000	
77.750000	-10.033998	14.556279	0.000000	
77.800000	-10.027210	14.532225	0.000000	
77.850000	-10.020343	14.508194	0.000000	
77.900000	-10.013383	14.484189	0.000000	
77.950000	-10.006329	14.460212	0.000000	
78.000000	-9.999205	14.436254	0.000000	
78.050000	-9.992033	14.412311	0.000000	
78.100000	-9.984794	14.388387	0.000000	
78.150000	-9.977480	14.364485	0.000000	
78.200000	-9.970104	14.340600	0.000000	
78.250000	-9.962696	14.316725	0.000000	
78.300000	-9.955263	14.292858	0.000000	
78.350000	-9.947815	14.268995	0.000000	
78.400000	-9.940337	14.245141	0.000000	
78.450000	-9.932825	14.221298	0.000000	
78.500000	-9.925301	14.197458	0.000000	
78.550000	-9.917779	14.173617	0.000000	
78.600000	-9.910249	14.149779	0.000000	
78.650000	-9.902705	14.125946	0.000000	
78.700000	-9.895127	14.102123	0.000000	
78.750000	-9.887532	14.078305	0.000000	
78.800000	-9.879917	14.054494	0.000000	
78.850000	-9.872286	14.030688	0.000000	
78.900000	-9.864664	14.006879	0.000000	
78.950000	-9.857059	13.983065	0.000000	
79.000000	-9.849469	13.959246	0.000000	
79.050000	-9.841884	13.935425	0.000000	
79.100000	-9.834299	13.911604	0.000000	
79.150000	-9.826722	13.887781	0.000000	
79.200000	-9.819174	13.863948	0.000000	
79.250000	-9.811648	13.840109	0.000000	
79.300000	-9.804124	13.816269	0.000000	
79.350000	-9.796591	13.792432	0.000000	
79.400000	-9.789059	13.768595	0.000000	
79.450000	-9.781533	13.744756	0.000000	
79.500000	-9.773994	13.720921	0.000000	
79.550000	-9.766434	13.697092	0.000000	
79.600000	-9.758858	13.673269	0.000000	
79.650000	-9.751274	13.649448	0.000000	
79.700000	-9.743685	13.625628	0.000000	
79.750000	-9.736094	13.601810	0.000000	
79.800000	-9.728511	13.577988	0.000000	
79.850000	-9.720929	13.554167	0.000000	
79.900000	-9.713340	13.530348	0.000000	
79.950000	-9.705739	13.506532	0.000000	
80.000000	-9.698121	13.482723	0.000000	
80.050000	-9.690469	13.458924	0.000000	
80.100000	-9.682785	13.435136	0.000000	
80.150000	-9.675062	13.411361	0.000000	
80.200000	-9.667301	13.387599	0.000000	
80.250000	-9.659479	13.363857	0.000000	
80.300000	-9.651592	13.340136	0.000000	
80.350000	-9.643645	13.316435	0.000000	
80.400000	-9.635654	13.292749	0.000000	
80.450000	-9.627604	13.269084	0.000000	
80.500000	-9.619488	13.245442	0.000000	
80.550000	-9.611330	13.221814	0.000000	
80.600000	-9.603119	13.198205	0.000000	
80.650000	-9.594862	13.174611	0.000000	
80.700000	-9.586568	13.151030	0.000000	
80.750000	-9.578236	13.127462	0.000000	
80.800000	-9.569885	13.103901	0.000000	
80.850000	-9.561487	13.080356	0.000000	
80.900000	-9.553054	13.056823	0.000000	
80.950000	-9.544592	13.033300	0.000000	
81.000000	-9.536081	13.009795	0.000000	
81.050000	-9.527527	12.986305	0.000000	
81.100000	-9.518954	12.962822	0.000000	
81.150000	-9.510349	12.939350	0.000000	
81.200000	-9.501733	12.915883	0.000000	
81.250000	-9.493096	12.892423	0.000000	
81.300000	-9.484427	12.868975	0.000000	
81.350000	-9.475733	12.845536	0.000000	
81.400000	-9.467004	12.822111	0.000000	
81.450000	-9.458244	12.798698	0.000000	
81.500000	-9.449463	12.775292	0.000000	
81.550000	-9.440678	12.751888	0.000000	
81.600000	-9.431891	12.728485	0.000000	
81.650000	-9.423102	12.705083	0.000000	
81.700000	-9.414294	12.681688	0.000000	
81.750000	-9.405470	12.658298	0.000000	
81.800000	-9.396648	12.634908	0.000000	
81.850000	-9.387829	12.611517	0.000000	
81.900000	-9.379042	12.588115	0.000000	
81.950000	-9.370278	12.564704	0.000000	
82.000000	-9.361542	12.541284	0.000000	
82.050000	-9.352838	12.517852	0.000000	
82.100000	-9.344151	12.494413	0.000000	
82.150000	-9.335465	12.470975	0.000000	
82.200000	-9.326798	12.447529	0.000000	
82.250000	-9.318119	12.424087	0.000000	
82.300000	-9.309429	12.400650	0.000000	
82.350000	-9.300726	12.377218	0.000000	
82.400000	-9.292022	12.353787	0.000000	
82.450000	-9.283330	12.330350	0.000000	
82.500000	-9.274654	12.306907	0.000000	
82.550000	-9.265988	12.283461	0.000000	
82.600000	-9.257321	12.260015	0.000000	
82.650000	-9.248623	12.236581	0.000000	
82.700000	-9.239908	12.213153	0.000000	
82.750000	-9.231184	12.189729	0.000000	
82.800000	-9.222441	12.166313	0.000000	
82.850000	-9.213656	12.142912	0.000000	
82.900000	-9.204835	12.119525	0.000000	
82.950000	-9.195967	12.096154	0.000000	
83.000000	-9.187060	12.072797	0.000000	
83.050000	-9.178110	12.049456	0.000000	
83.100000	-9.169133	12.026126	0.000000	
83.150000	-9.160120	12.002808	0.000000	
83.200000	-9.151072	11.979504	0.000000	
83.250000	-9.141963	11.956224	0.000000	
83.300000	-9.132807	11.932963	0.000000	
83.350000	-9.123605	11.909720	0.000000	
83.400000	-9.114375	11.886489	0.000000	
83.450000	-9.105106	11.863274	0.000000	
83.500000	-9.095798	11.840075	0.000000	
83.550000	-9.086426	11.816903	0.000000	
83.600000	-9.076987	11.793758	0.000000	
83.650000	-9.067489	11.770638	0.000000	
83.700000	-9.057949	11.747536	0.000000	
83.750000	-9.048361	11.724455	0.000000	
83.800000	-9.038731	11.701390	0.000000	
83.850000	-9.029077	11.678336	0.000000	
83.900000	-9.019450	11.655271	0.000000	
83.950000	-9.009874	11.632188	0.000000	
84.000000	-9.000409	11.609069	0.000000	
84.050000	-8.991118	11.585898	0.000000	
84.100000	-8.982088	11.562660	0.000000	
84.150000	-8.973366	11.539349	0.000000	
84.200000	-8.965014	11.515957	0.000000	
84.250000	-8.957114	11.492477	0.000000	
84.300000	-8.949730	11.468905	0.000000	
84.350000	-8.942927	11.445245	0.000000	
84.400000	-8.936765	11.421498	0.000000	
84.450000	-8.931282	11.397672	0.000000	
84.500000	-8.926500	11.373771	0.000000	
84.550000	-8.922435	11.349798	0.000000	
84.600000	-8.919140	11.325758	0.000000	
84.650000	-8.916638	11.301649	0.000000	
84.700000	-8.914928	11.277474	0.000000	
84.750000	-8.914040	11.253241	0.000000	
84.800000	-8.913961	11.228950	0.000000	
84.850000	-8.914704	11.204608	0.000000	
84.900000	-8.916239	11.180219	0.000000	
84.950000	-8.918508	11.155797	0.000000	
85.000000	-8.921471	11.131357	0.000000	
85.050000	-8.925067	11.106917	0.000000	
85.100000	-8.929230	11.082497	0.000000	
85.150000	-8.933901	11.058113	0.000000	
85.200000	-8.939020	11.033771	0.000000	
85.250000	-8.944553	11.009480	0.000000	
85.300000	-8.950427	10.985239	0.000000	
85.350000	-8.956583	10.961045	0.000000	
85.400000	-8.962936	10.936888	0.000000	
85.450000	-8.969432	10.912760	0.000000	
85.500000	-8.976023	10.888653	0.000000	
85.550000	-8.982685	10.864562	0.000000	
85.600000	-8.989414	10.840487	0.000000	
85.650000	-8.996174	10.816421	0.000000	
85.700000	-9.002963	10.792362	0.000000	
85.750000	-9.009784	10.768312	0.000000	
85.800000	-9.016597	10.744260	0.000000	
85.850000	-9.023418	10.720210	0.000000	
85.900000	-9.030222	10.696155	0.000000	
85.950000	-9.037013	10.672097	0.000000	
86.000000	-9.043795	10.648036	0.000000	
86.050000	-9.050552	10.623969	0.000000	
86.100000	-9.057290	10.599896	0.000000	
86.150000	-9.064004	10.575817	0.000000	
86.200000	-9.070681	10.551727	0.000000	
86.250000	-9.077334	10.527632	0.000000	
86.300000	-9.083945	10.503523	0.000000	
86.350000	-9.090528	10.479407	0.000000	
86.400000	-9.097095	10.455286	0.000000	
86.450000	-9.103659	10.431165	0.000000	
86.500000	-9.110225	10.407044	0.000000	
86.550000	-9.116815	10.382929	0.000000	
86.600000	-9.123432	10.358822	0.000000	
86.650000	-9.130064	10.334719	0.000000	
86.700000	-9.136697	10.310617	0.000000	
86.750000	-9.143312	10.286509	0.000000	
86.800000	-9.149905	10.262395	0.000000	
86.850000	-9.156501	10.238282	0.000000	
86.900000	-9.163102	10.214171	0.000000	
86.950000	-9.169713	10.190062	0.000000	
87.000000	-9.176355	10.165963	0.000000	
87.050000	-9.183025	10.141871	0.000000	
87.100000	-9.189754	10.117796	0.000000	
87.150000	-9.196548	10.093739	0.000000	
87.200000	-9.203421	10.069706	0.000000	
87.250000	-9.210388	10.045702	0.000000	
87.300000	-9.217424	10.021719	0.000000	
87.350000	-9.224539	9.997759	0.000000	
87.400000	-9.231723	9.973821	0.000000	
87.450000	-9.238976	9.949904	0.000000	
87.500000	-9.246297	9.926009	0.000000	
87.550000	-9.253702	9.902139	0.000000	
87.600000	-9.261165	9.878287	0.000000	
87.650000	-9.268686	9.854453	0.000000	
87.700000	-9.276267	9.830639	0.000000	
87.750000	-9.283924	9.806848	0.000000	
87.800000	-9.291679	9.783088	0.000000	
87.850000	-9.299509	9.759352	0.000000	
87.900000	-9.307389	9.735631	0.000000	
87.950000	-9.315321	9.711926	0.000000	
88.000000	-9.323304	9.688238	0.000000	
88.050000	-9.331327	9.664563	0.000000	
88.100000	-9.339393	9.640901	0.000000	
88.150000	-9.347490	9.617250	0.000000	
88.200000	-9.355624	9.593610	0.000000	
88.250000	-9.363769	9.569975	0.000000	
88.300000	-9.371904	9.546336	0.000000	
88.350000	-9.380053	9.522702	0.000000	
88.400000	-9.388201	9.499067	0.000000	
88.450000	-9.396330	9.475427	0.000000	
88.500000	-9.404450	9.451783	0.000000	
88.550000	-9.412564	9.428137	0.000000	
88.600000	-9.420653	9.404482	0.000000	
88.650000	-9.428740	9.380827	0.000000	
88.700000	-9.436827	9.357172	0.000000	
88.750000	-9.444889	9.333509	0.000000	
88.800000	-9.452909	9.309831	0.000000	
88.850000	-9.460882	9.286138	0.000000	
88.900000	-9.468824	9.262434	0.000000	
88.950000	-9.476747	9.238725	0.000000	
89.000000	-9.484621	9.214999	0.000000	
89.050000	-9.492466	9.191264	0.000000	
89.100000	-9.500275	9.167517	0.000000	
89.150000	-9.508065	9.143764	0.000000	
89.200000	-9.515824	9.120001	0.000000	
89.250000	-9.523529	9.096220	0.000000	
89.300000	-9.531191	9.072426	0.000000	
89.350000	-9.538826	9.048622	0.000000	
89.400000	-9.546439	9.024811	0.000000	
89.450000	-9.554050	9.000999	0.000000	
89.500000	-9.561670	8.977190	0.000000	
89.550000	-9.569279	8.953378	0.000000	
89.600000	-9.576873	8.929560	0.000000	
89.650000	-9.584441	8.905735	0.000000	
89.700000	-9.591969	8.881897	0.000000	
89.750000	-9.599447	8.858043	0.000000	
89.800000	-9.606875	8.834174	0.000000	
89.850000	-9.614268	8.810294	0.000000	
89.900000	-9.621608	8.786400	0.000000	
89.950000	-9.628913	8.762495	0.000000	
90.000000	-9.636180	8.738578	0.000000	
90.050000	-9.643433	8.714658	0.000000	
90.100000	-9.650654	8.690728	0.000000	
90.150000	-9.657834	8.666786	0.000000	
90.200000	-9.664975	8.642832	0.000000	
90.250000	-9.672085	8.618869	0.000000	
90.300000	-9.679167	8.594899	0.000000	
90.350000	-9.686206	8.570916	0.000000	
90.400000	-9.693194	8.546918	0.000000	
90.450000	-9.700102	8.522897	0.000000	
90.500000	-9.706936	8.498854	0.000000	
90.550000	-9.713693	8.474788	0.000000	
90.600000	-9.720372	8.450699	0.000000	
90.650000	-9.726971	8.426588	0.000000	
90.700000	-9.733517	8.402463	0.000000	
90.750000	-9.740013	8.378324	0.000000	
90.800000	-9.746465	8.354172	0.000000	
90.850000	-9.752891	8.330014	0.000000	
90.900000	-9.759306	8.305853	0.000000	
90.950000	-9.765709	8.281689	0.000000	
91.000000	-9.772075	8.257515	0.000000	
91.050000	-9.778396	8.233329	0.000000	
91.100000	-9.784668	8.209131	0.000000	
91.150000	-9.790897	8.184921	0.000000	
91.200000	-9.797108	8.160707	0.000000	
91.250000	-9.803303	8.136488	0.000000	
91.300000	-9.809477	8.112263	0.000000	
91.350000	-9.815644	8.088037	0.000000	
91.400000	-9.821821	8.063813	0.000000	
91.450000	-9.828016	8.039594	0.000000	
91.500000	-9.834253	8.015387	0.000000	
91.550000	-9.840499	7.991182	0.000000	
91.600000	-9.846761	7.966981	0.000000	
91.650000	-9.853059	7.942790	0.000000	
91.700000	-9.859407	7.918612	0.000000	
91.750000	-9.865787	7.894443	0.000000	
91.800000	-9.872209	7.870285	0.000000	
91.850000	-9.878690	7.846143	0.000000	
91.900000	-9.885213	7.822013	0.000000	
91.950000	-9.891753	7.797888	0.000000	
92.000000	-9.898320	7.773770	0.000000	
92.050000	-9.904918	7.749660	0.000000	
92.100000	-9.911566	7.725563	0.000000	
92.150000	-9.918248	7.701474	0.000000	
92.200000	-9.924978	7.677399	0.000000	
92.250000	-9.931731	7.653329	0.000000	
92.300000	-9.938490	7.629261	0.000000	
92.350000	-9.945269	7.605199	0.000000	
92.400000	-9.952059	7.581139	0.000000	
92.450000	-9.958856	7.557082	0.000000	
92.500000	-9.965636	7.533019	0.000000	
92.550000	-9.972384	7.508948	0.000000	
92.600000	-9.979099	7.484868	0.000000	
92.650000	-9.985779	7.460780	0.000000	
92.700000	-9.992402	7.436676	0.000000	
92.750000	-9.998955	7.412555	0.000000	
92.800000	-10.005458	7.388421	0.000000	
92.850000	-10.011893	7.364269	0.000000	
92.900000	-10.018237	7.340093	0.000000	
92.950000	-10.024502	7.315897	0.000000	
93.000000	-10.030702	7.291685	0.000000	
93.050000	-10.036856	7.267460	0.000000	
93.100000	-10.042955	7.243222	0.000000	
93.150000	-10.048986	7.218967	0.000000	
93.200000	-10.054947	7.194695	0.000000	
93.250000	-10.060828	7.170403	0.000000	
93.300000	-10.066649	7.146096	0.000000	
93.350000	-10.072403	7.121773	0.000000	
93.400000	-10.078087	7.097433	0.000000	
93.450000	-10.083698	7.073075	0.000000	
93.500000	-10.089245	7.048701	0.000000	
93.550000	-10.094743	7.024315	0.000000	
93.600000	-10.100212	6.999921	0.000000	
93.650000	-10.105676	6.975527	0.000000	
93.700000	-10.111168	6.951140	0.000000	
93.750000	-10.116731	6.926771	0.000000	
93.800000	-10.122419	6.902438	0.000000	
93.850000	-10.128255	6.878150	0.000000	
93.900000	-10.134281	6.853922	0.000000	
93.950000	-10.140541	6.829773	0.000000	
94.000000	-10.147096	6.805730	0.000000	
94.050000	-10.153992	6.781820	0.000000	
94.100000	-10.161258	6.758068	0.000000	
94.150000	-10.168936	6.734498	0.000000	
94.200000	-10.177089	6.711149	0.000000	
94.250000	-10.185769	6.688058	0.000000	
94.300000	-10.194991	6.665243	0.000000	
94.350000	-10.204780	6.642727	0.000000	
94.400000	-10.215175	6.620543	0.000000	
94.450000	-10.226191	6.598714	0.000000	
94.500000	-10.237863	6.577272	0.000000	
94.550000	-10.250188	6.556225	0.000000	
94.600000	-10.263183	6.535596	0.000000	
94.650000	-10.276852	6.515401	0.000000	
94.700000	-10.291190	6.495643	0.000000	
94.750000	-10.306174	6.476323	0.000000	
94.800000	-10.321768	6.457426	0.000000	
94.850000	-10.337926	6.438937	0.000000	
94.900000	-10.354604	6.420833	0.000000	
94.950000	-10.371768	6.403099	0.000000	
95.000000	-10.389371	6.385708	0.000000	
95.050000	-10.407349	6.368621	0.000000	
95.100000	-10.425658	6.351821	0.000000	
95.150000	-10.444242	6.335264	0.000000	
95.200000	-10.463071	6.318936	0.000000	
95.250000	-10.482087	6.302787	0.000000	
95.300000	-10.501250	6.286787	0.000000	
95.350000	-10.520531	6.270909	0.000000	
95.400000	-10.539914	6.255139	0.000000	
95.450000	-10.559364	6.239446	0.000000	
95.500000	-10.578863	6.223808	0.000000	
95.550000	-10.598379	6.208189	0.000000	
95.600000	-10.617892	6.192568	0.000000	
95.650000	-10.637376	6.176912	0.000000	
95.700000	-10.656818	6.161204	0.000000	
95.750000	-10.676206	6.145430	0.000000	
95.800000	-10.695532	6.129579	0.000000	
95.850000	-10.714807	6.113667	0.000000	
95.900000	-10.734030	6.097690	0.000000	
95.950000	-10.753205	6.081655	0.000000	
96.000000	-10.772333	6.065562	0.000000	
96.050000	-10.791428	6.049431	0.000000	
96.100000	-10.810497	6.033269	0.000000	
96.150000	-10.829529	6.017063	0.000000	
96.200000	-10.848545	6.000837	0.000000	
96.250000	-10.867547	5.984595	0.000000	
96.300000	-10.886555	5.968359	0.000000	
96.350000	-10.905570	5.952133	0.000000	
96.400000	-10.924608	5.935934	0.000000	
96.450000	-10.943660	5.919753	0.000000	
96.500000	-10.962737	5.903604	0.000000	
96.550000	-10.981834	5.887479	0.000000	
96.600000	-11.000947	5.871375	0.000000	
96.650000	-11.020099	5.855318	0.000000	
96.700000	-11.039305	5.839329	0.000000	
96.750000	-11.058573	5.823419	0.000000	
96.800000	-11.077911	5.807595	0.000000	
96.850000	-11.097317	5.791856	0.000000	
96.900000	-11.116787	5.776198	0.000000	
96.950000	-11.136323	5.760623	0.000000	
97.000000	-11.155939	5.745149	0.000000	
97.050000	-11.175633	5.729773	0.000000	
97.100000	-11.195389	5.714476	0.000000	
97.150000	-11.215208	5.699256	0.000000	
97.200000	-11.235096	5.684124	0.000000	
97.250000	-11.255039	5.669059	0.000000	
97.300000	-11.275029	5.654055	0.000000	
97.350000	-11.295050	5.639090	0.000000	
97.400000	-11.315100	5.624162	0.000000	
97.450000	-11.335174	5.609265	0.000000	
97.500000	-11.355279	5.594410	0.000000	
97.550000	-11.375401	5.579578	0.000000	
97.600000	-11.395534	5.564760	0.000000	
97.650000	-11.415676	5.549954	0.000000	
97.700000	-11.435824	5.535155	0.000000	
97.750000	-11.455966	5.520347	0.000000	
97.800000	-11.476087	5.505512	0.000000	
97.850000	-11.496192	5.490657	0.000000	
97.900000	-11.516284	5.475783	0.000000	
97.950000	-11.536354	5.460880	0.000000	
98.000000	-11.556411	5.445959	0.000000	
98.050000	-11.576456	5.431022	0.000000	
98.100000	-11.596490	5.416069	0.000000	
98.150000	-11.616526	5.401119	0.000000	
98.200000	-11.636561	5.386169	0.000000	
98.250000	-11.656593	5.371214	0.000000	
98.300000	-11.676628	5.356262	0.000000	
98.350000	-11.696666	5.341315	0.000000	
98.400000	-11.716703	5.326367	0.000000	
98.450000	-11.736736	5.311412	0.000000	
98.500000	-11.756756	5.296441	0.000000	
98.550000	-11.776758	5.281446	0.000000	
98.600000	-11.796739	5.266422	0.000000	
98.650000	-11.816706	5.251381	0.000000	
98.700000	-11.836665	5.236330	0.000000	
98.750000	-11.856609	5.221258	0.000000	
98.800000	-11.876537	5.206167	0.000000	
98.850000	-11.896450	5.191055	0.000000	
98.900000	-11.916350	5.175928	0.000000	
98.950000	-11.936247	5.160796	0.000000	
99.000000	-11.956139	5.145658	0.000000	
99.050000	-11.976026	5.130513	0.000000	
99.100000	-11.995888	5.115336	0.000000	
99.150000	-12.015736	5.100139	0.000000	
99.200000	-12.035558	5.084908	0.000000	
99.250000	-12.055370	5.069664	0.000000	
99.300000	-12.075182	5.054418	0.000000	
99.350000	-12.094986	5.039164	0.000000	
99.400000	-12.114784	5.023901	0.000000	
99.450000	-12.134593	5.008653	0.000000	
99.500000	-12.154418	4.993425	0.000000	
99.550000	-12.174268	4.978233	0.000000	
99.600000	-12.194145	4.963077	0.000000	
99.650000	-12.214058	4.947969	0.000000	
99.700000	-12.234000	4.932900	0.000000	
99.750000	-12.253972	4.917873	0.000000	
99.800000	-12.273968	4.902876	0.000000	
99.850000	-12.294000	4.887926	0.000000	
99.900000	-12.314072	4.873031	0.000000	
99.950000	-12.334173	4.858172	0.000000	
100.000000	-12.354287	4.843331	0.000000	
100.050000	-12.374413	4.828507	0.000000	
100.100000	-12.394533	4.813673	0.000000	
100.150000	-12.414647	4.798833	0.000000	
100.200000	-12.434740	4.783966	0.000000	
100.250000	-12.454828	4.769092	0.000000	
100.300000	-12.474911	4.754212	0.000000	
100.350000	-12.494970	4.739300	0.000000	
100.400000	-12.515017	4.724372	0.000000	
100.450000	-12.535055	4.709432	0.000000	
100.500000	-12.555073	4.694467	0.000000	
100.550000	-12.575072	4.679476	0.000000	
100.600000	-12.595035	4.664436	0.000000	
100.650000	-12.614958	4.649342	0.000000	
100.700000	-12.634841	4.634196	0.000000	
100.750000	-12.654682	4.618993	0.000000	
100.800000	-12.674474	4.603727	0.000000	
100.850000	-12.694224	4.588408	0.000000	
100.900000	-12.713919	4.573017	0.000000	
100.950000	-12.733548	4.557542	0.000000	
101.000000	-12.753120	4.541994	0.000000	
101.050000	-12.772628	4.526368	0.000000	
101.100000	-12.792087	4.510681	0.000000	
101.150000	-12.811508	4.494948	0.000000	
101.200000	-12.830898	4.479178	0.000000	
101.250000	-12.850264	4.463378	0.000000	
101.300000	-12.869598	4.447541	0.000000	
101.350000	-12.888884	4.431644	0.000000	
101.400000	-12.908124	4.415693	0.000000	
101.450000	-12.927309	4.399676	0.000000	
101.500000	-12.946432	4.383584	0.000000	
101.550000	-12.965498	4.367424	0.000000	
101.600000	-12.984511	4.351200	0.000000	
101.650000	-13.003475	4.334917	0.000000	
101.700000	-13.022386	4.318573	0.000000	
101.750000	-13.041239	4.302159	0.000000	
101.800000	-13.060053	4.285700	0.000000	
101.850000	-13.078847	4.269217	0.000000	
101.900000	-13.097620	4.252709	0.000000	
101.950000	-13.116367	4.236173	0.000000	
102.000000	-13.135104	4.219623	0.000000	
102.050000	-13.153821	4.203052	0.000000	
102.100000	-13.172519	4.186458	0.000000	
102.150000	-13.191184	4.169830	0.000000	
102.200000	-13.209814	4.153162	0.000000	
102.250000	-13.228408	4.136453	0.000000	
102.300000	-13.246962	4.119702	0.000000	
102.350000	-13.265473	4.102902	0.000000	
102.400000	-13.283943	4.086059	0.000000	
102.450000	-13.302379	4.069179	0.000000	
102.500000	-13.320798	4.052281	0.000000	
102.550000	-13.339196	4.035359	0.000000	
102.600000	-13.357563	4.018404	0.000000	
102.650000	-13.375885	4.001402	0.000000	
102.700000	-13.394179	3.984369	0.000000	
102.750000	-13.412439	3.967301	0.000000	
102.800000	-13.430678	3.950209	0.000000	
102.850000	-13.448882	3.933081	0.000000	
102.900000	-13.467043	3.915906	0.000000	
102.950000	-13.485161	3.898684	0.000000	
103.000000	-13.503251	3.881431	0.000000	
103.050000	-13.521302	3.864137	0.000000	
103.100000	-13.539329	3.846817	0.000000	
103.150000	-13.557349	3.829489	0.000000	
103.200000	-13.575385	3.812179	0.000000	
103.250000	-13.593457	3.794909	0.000000	
103.300000	-13.611589	3.777706	0.000000	
103.350000	-13.629797	3.760592	0.000000	
103.400000	-13.648112	3.743605	0.000000	
103.450000	-13.666555	3.726776	0.000000	
103.500000	-13.685148	3.710137	0.000000	
103.550000	-13.703913	3.693733	0.000000	
103.600000	-13.722881	3.677616	0.000000	
103.650000	-13.742081	3.661846	0.000000	
103.700000	-13.761542	3.646474	0.000000	
103.750000	-13.781268	3.631531	0.000000	
103.800000	-13.801279	3.617063	0.000000	
103.850000	-13.821590	3.603131	0.000000	
103.900000	-13.842210	3.589773	0.000000	
103.950000	-13.863151	3.577042	0.000000	
104.000000	-13.884417	3.564993	0.000000	
104.050000	-13.906007	3.553636	0.000000	
104.100000	-13.927928	3.542993	0.000000	
104.150000	-13.950175	3.533075	0.000000	
104.200000	-13.972742	3.523888	0.000000	
104.250000	-13.995614	3.515433	0.000000	
104.300000	-14.018775	3.507705	0.000000	
104.350000	-14.042201	3.500676	0.000000	
104.400000	-14.065880	3.494324	0.000000	
104.450000	-14.089784	3.488621	0.000000	
104.500000	-14.113894	3.483552	0.000000	
104.550000	-14.138189	3.479087	0.000000	
104.600000	-14.162635	3.475177	0.000000	
104.650000	-14.187207	3.471791	0.000000	
104.700000	-14.211880	3.468873	0.000000	
104.750000	-14.236638	3.466375	0.000000	
104.800000	-14.261463	3.464272	0.000000	
104.850000	-14.286344	3.462531	0.000000	
104.900000	-14.311262	3.461101	0.000000	
104.950000	-14.336207	3.459932	0.000000	
105.000000	-14.361170	3.458965	0.000000	
105.050000	-14.386142	3.458136	0.000000	
105.100000	-14.411121	3.457442	0.000000	
105.150000	-14.436106	3.456849	0.000000	
105.200000	-14.461094	3.456336	0.000000	
105.250000	-14.486086	3.455894	0.000000	
105.300000	-14.511078	3.455488	0.000000	
105.350000	-14.536072	3.455111	0.000000	
105.400000	-14.561067	3.454766	0.000000	
105.450000	-14.586063	3.454472	0.000000	
105.500000	-14.611060	3.454229	0.000000	
105.550000	-14.636058	3.454027	0.000000	
105.600000	-14.661056	3.453870	0.000000	
105.650000	-14.686054	3.453758	0.000000	
105.700000	-14.711053	3.453656	0.000000	
105.750000	-14.736051	3.453562	0.000000	
105.800000	-14.761050	3.453494	0.000000	
105.850000	-14.786048	3.453428	0.000000	
105.900000	-14.811047	3.453362	0.000000	
105.950000	-14.836045	3.453298	0.000000	
106.000000	-14.861043	3.453248	0.000000	
106.050000	-14.886042	3.453212	0.000000	
106.100000	-14.911040	3.453210	0.000000	
106.150000	-14.936037	3.453238	0.000000	
106.200000	-14.961035	3.453308	0.000000	
106.250000	-14.986032	3.453420	0.000000	
106.300000	-15.011029	3.453583	0.000000	
106.350000	-15.036025	3.453819	0.000000	
106.400000	-15.061020	3.454132	0.000000	
106.450000	-15.086014	3.454514	0.000000	
106.500000	-15.111008	3.454957	0.000000	
106.550000	-15.136000	3.455446	0.000000	
106.600000	-15.160991	3.455991	0.000000	
106.650000	-15.185980	3.456587	0.000000	
106.700000	-15.210968	3.457216	0.000000	
106.750000	-15.235954	3.457905	0.000000	
106.800000	-15.260939	3.458671	0.000000	
106.850000	-15.285920	3.459517	0.000000	
106.900000	-15.310899	3.460440	0.000000	
106.950000	-15.335874	3.461453	0.000000	
107.000000	-15.360844	3.462556	0.000000	
107.050000	-15.385808	3.463765	0.000000	
107.100000	-15.410767	3.465071	0.000000	
107.150000	-15.435719	3.466479	0.000000	
107.200000	-15.460666	3.467974	0.000000	
107.250000	-15.485606	3.469564	0.000000	
107.300000	-15.510541	3.471254	0.000000	
107.350000	-15.535468	3.473042	0.000000	
107.400000	-15.560386	3.474939	0.000000	
107.450000	-15.585293	3.476953	0.000000	
107.500000	-15.610187	3.479097	0.000000	
107.550000	-15.635070	3.481362	0.000000	
107.600000	-15.659940	3.483760	0.000000	
107.650000	-15.684798	3.486279	0.000000	
107.700000	-15.709644	3.488908	0.000000	
107.750000	-15.734477	3.491675	0.000000	
107.800000	-15.759295	3.494576	0.000000	
107.850000	-15.784101	3.497585	0.000000	
107.900000	-15.808897	3.500685	0.000000	
107.950000	-15.833682	3.503893	0.000000	
108.000000	-15.858458	3.507176	0.000000	
108.050000	-15.883226	3.510521	0.000000	
108.100000	-15.907988	3.513919	0.000000	
108.150000	-15.932741	3.517394	0.000000	
108.200000	-15.957483	3.520942	0.000000	
108.250000	-15.982215	3.524565	0.000000	
108.300000	-16.006938	3.528253	0.000000	
108.350000	-16.031654	3.531998	0.000000	
108.400000	-16.056363	3.535800	0.000000	
108.450000	-16.081064	3.539644	0.000000	
108.500000	-16.105764	3.543502	0.000000	
108.550000	-16.130462	3.547373	0.000000	
108.600000	-16.155158	3.551256	0.000000	
108.650000	-16.179855	3.555129	0.000000	
108.700000	-16.204552	3.559009	0.000000	
108.750000	-16.229248	3.562889	0.000000	
108.800000	-16.253945	3.566767	0.000000	
108.850000	-16.278645	3.570623	0.000000	
108.900000	-16.303345	3.574482	0.000000	
108.950000	-16.328046	3.578331	0.000000	
109.000000	-16.352748	3.582169	0.000000	
109.050000	-16.377451	3.586005	0.000000	
109.100000	-16.402156	3.589830	0.000000	
109.150000	-16.426862	3.593646	0.000000	
109.200000	-16.451572	3.597434	0.000000	
109.250000	-16.476288	3.601182	0.000000	
109.300000	-16.501008	3.604905	0.000000	
109.350000	-16.525733	3.608596	0.000000	
109.400000	-16.550462	3.612254	0.000000	
109.450000	-16.575198	3.615872	0.000000	
109.500000	-16.599941	3.619431	0.000000	
109.550000	-16.624690	3.622951	0.000000	
109.600000	-16.649448	3.626406	0.000000	
109.650000	-16.674215	3.629792	0.000000	
109.700000	-16.698988	3.633126	0.000000	
109.750000	-16.723769	3.636400	0.000000	
109.800000	-16.748557	3.639617	0.000000	
109.850000	-16.773353	3.642774	0.000000	
109.900000	-16.798155	3.645888	0.000000	
109.950000	-16.822962	3.648965	0.000000	
110.000000	-16.847773	3.652004	0.000000	
110.050000	-16.872592	3.654988	0.000000	
110.100000	-16.897416	3.657921	0.000000	
110.150000	-16.922246	3.660812	0.000000	
110.200000	-16.947080	3.663666	0.000000	
110.250000	-16.971916	3.666502	0.000000	
110.300000	-16.996757	3.669302	0.000000	
110.350000	-17.021605	3.672045	0.000000	
110.400000	-17.046458	3.674732	0.000000	
110.450000	-17.071318	3.677361	0.000000	
110.500000	-17.096183	3.679933	0.000000	
110.550000	-17.121054	3.682451	0.000000	
110.600000	-17.145929	3.684919	0.000000	
110.650000	-17.170809	3.687340	0.000000	
110.700000	-17.195690	3.689738	0.000000	
110.750000	-17.220574	3.692121	0.000000	
110.800000	-17.245460	3.694472	0.000000	
110.850000	-17.270348	3.696795	0.000000	
110.900000	-17.295239	3.699094	0.000000	
110.950000	-17.320134	3.701351	0.000000	
111.000000	-17.345034	3.703550	0.000000	
111.050000	-17.369939	3.705704	0.000000	
111.100000	-17.394847	3.707820	0.000000	
111.150000	-17.419757	3.709903	0.000000	
111.200000	-17.444671	3.711939	0.000000	
111.250000	-17.469591	3.713905	0.000000	
111.300000	-17.494519	3.715774	0.000000	
111.350000	-17.519452	3.717557	0.000000	
111.400000	-17.544390	3.719279	0.000000	
111.450000	-17.569331	3.720944	0.000000	
111.500000	-17.594275	3.722551	0.000000	
111.550000	-17.619223	3.724078	0.000000	
111.600000	-17.644174	3.725551	0.000000	
111.650000	-17.669127	3.726969	0.000000	
111.700000	-17.694083	3.728328	0.000000	
111.750000	-17.719043	3.729622	0.000000	
111.800000	-17.744006	3.730864	0.000000	
111.850000	-17.768971	3.732061	0.000000	
111.900000	-17.793939	3.733236	0.000000	
111.950000	-17.818908	3.734381	0.000000	
112.000000	-17.843879	3.735506	0.000000	
112.050000	-17.868850	3.736623	0.000000	
112.100000	-17.893822	3.737733	0.000000	
112.150000	-17.918794	3.738836	0.000000	
112.200000	-17.943767	3.739918	0.000000	
112.250000	-17.968741	3.740989	0.000000	
112.300000	-17.993714	3.742076	0.000000	
112.350000	-18.018686	3.743189	0.000000	
112.400000	-18.043657	3.744327	0.000000	
112.450000	-18.068628	3.745467	0.000000	
112.500000	-18.093598	3.746623	0.000000	
112.550000	-18.118567	3.747798	0.000000	
112.600000	-18.143535	3.749019	0.000000	
112.650000	-18.168501	3.750283	0.000000	
112.700000	-18.193465	3.751576	0.000000	
112.750000	-18.218428	3.752910	0.000000	
112.800000	-18.243391	3.754257	0.000000	
112.850000	-18.268354	3.755600	0.000000	
112.900000	-18.293317	3.756936	0.000000	
112.950000	-18.318282	3.758248	0.000000	
113.000000	-18.343247	3.759540	0.000000	
113.050000	-18.368213	3.760824	0.000000	
113.100000	-18.393180	3.762077	0.000000	
113.150000	-18.418149	3.763306	0.000000	
113.200000	-18.443118	3.764529	0.000000	
113.250000	-18.468086	3.765774	0.000000	
113.300000	-18.493053	3.767040	0.000000	
113.350000	-18.518020	3.768302	0.000000	
113.400000	-18.542986	3.769572	0.000000	
113.450000	-18.567951	3.770863	0.000000	
113.500000	-18.592915	3.772179	0.000000	
113.550000	-18.617877	3.773520	0.000000	
113.600000	-18.642838	3.774884	0.000000	
113.650000	-18.667799	3.776247	0.000000	
113.700000	-18.692761	3.777588	0.000000	
113.750000	-18.717724	3.778901	0.000000	
113.800000	-18.742689	3.780190	0.000000	
113.850000	-18.767654	3.781460	0.000000	
113.900000	-18.792619	3.782715	0.000000	
113.950000	-18.817586	3.783950	0.000000	
114.000000	-18.842552	3.785154	0.000000	
114.050000	-18.867520	3.786311	0.000000	
114.100000	-18.892490	3.787419	0.000000	
114.150000	-18.917460	3.788497	0.000000	
114.200000	-18.942432	3.789529	0.000000	
114.250000	-18.967405	3.790511	0.000000	
114.300000	-18.992381	3.791436	0.000000	
114.350000	-19.017359	3.792292	0.000000	
114.400000	-19.042340	3.793106	0.000000	
114.450000	-19.067322	3.793877	0.000000	
114.500000	-19.092308	3.794595	0.000000	
114.550000	-19.117294	3.795289	0.000000	
114.600000	-19.142283	3.795946	0.000000	
114.650000	-19.167273	3.796581	0.000000	
114.700000	-19.192263	3.797188	0.000000	
114.750000	-19.217255	3.797763	0.000000	
114.800000	-19.242248	3.798304	0.000000	
114.850000	-19.267241	3.798827	0.000000	
114.900000	-19.292234	3.799340	0.000000	
114.950000	-19.317227	3.799839	0.000000	
115.000000	-19.342221	3.800328	0.000000	
115.050000	-19.367214	3.800830	0.000000	
115.100000	-19.392207	3.801347	0.000000	
115.150000	-19.417200	3.801859	0.000000	
115.200000	-19.442194	3.802368	0.000000	
115.250000	-19.467187	3.802882	0.000000	
115.300000	-19.492180	3.803410	0.000000	
115.350000	-19.517172	3.803935	0.000000	
115.400000	-19.542165	3.804457	0.000000	
115.450000	-19.567158	3.804976	0.000000	
115.500000	-19.592151	3.805498	0.000000	
115.550000	-19.617145	3.806011	0.000000	
115.600000	-19.642139	3.806491	0.000000	
115.650000	-19.667134	3.806922	0.000000	
115.700000	-19.692130	3.807316	0.000000	
115.750000	-19.717126	3.807703	0.000000	
115.800000	-19.742122	3.808098	0.000000	
115.850000	-19.767118	3.808523	0.000000	
115.900000	-19.792113	3.808980	0.000000	
115.950000	-19.817106	3.809484	0.000000	
116.000000	-19.842098	3.810026	0.000000	
116.050000	-19.867089	3.810593	0.000000	
116.100000	-19.892080	3.811161	0.000000	
116.150000	-19.917072	3.811727	0.000000	
116.200000	-19.942063	3.812290	0.000000	
116.250000	-19.967055	3.812853	0.000000	
116.300000	-19.992046	3.813436	0.000000	
116.350000	-20.017037	3.814013	0.000000	
116.400000	-20.042028	3.814595	0.000000	
116.450000	-20.067019	3.815177	0.000000	
116.500000	-20.092010	3.815746	0.000000	
116.550000	-20.117002	3.816286	0.000000	
116.600000	-20.141994	3.816817	0.000000	
116.650000	-20.166986	3.817346	0.000000	
116.700000	-20.191978	3.817875	0.000000	
116.750000	-20.216971	3.818382	0.000000	
116.800000	-20.241963	3.818840	0.000000	
116.850000	-20.266955	3.819250	0.000000	
116.900000	-20.291948	3.819596	0.000000	
116.950000	-20.316941	3.819886	0.000000	
117.000000	-20.341936	3.820129	0.000000	
117.050000	-20.366930	3.820402	0.000000	
117.100000	-20.391916	3.820773	0.000000	
117.150000	-20.416885	3.821325	0.000000	
117.200000	-20.441822	3.822129	0.000000	
117.250000	-20.466702	3.823295	0.000000	
117.300000	-20.491499	3.824883	0.000000	
117.350000	-20.516174	3.826961	0.000000	
117.400000	-20.540696	3.829599	0.000000	
117.450000	-20.565023	3.832864	0.000000	
117.500000	-20.589112	3.836834	0.000000	
117.550000	-20.612928	3.841545	0.000000	
117.600000	-20.636425	3.847057	0.000000	
117.650000	-20.659554	3.853416	0.000000	
117.700000	-20.682276	3.860656	0.000000	
117.750000	-20.704568	3.868809	0.000000	
117.800000	-20.726419	3.877899	0.000000	
117.850000	-20.747807	3.887951	0.000000	
117.900000	-20.768711	3.898985	0.000000	
117.950000	-20.789117	3.911013	0.000000	
118.000000	-20.809037	3.924007	0.000000	
118.050000	-20.828461	3.937949	0.000000	
118.100000	-20.847380	3.952783	0.000000	
118.150000	-20.865799	3.968457	0.000000	
118.200000	-20.883731	3.984895	0.000000	
118.250000	-20.901181	4.002042	0.000000	
118.300000	-20.918185	4.019796	0.000000	
118.350000	-20.934756	4.038093	0.000000	
118.400000	-20.950921	4.056856	0.000000	
118.450000	-20.966699	4.076031	0.000000	
118.500000	-20.982130	4.095550	0.000000	
118.550000	-20.997266	4.115348	0.000000	
118.600000	-21.012139	4.135383	0.000000	
118.650000	-21.026780	4.155610	0.000000	
118.700000	-21.041229	4.175985	0.000000	
118.750000	-21.055518	4.196479	0.000000	
118.800000	-21.069683	4.217063	0.000000	
118.850000	-21.083742	4.237724	0.000000	
118.900000	-21.097713	4.258447	0.000000	
118.950000	-21.111608	4.279220	0.000000	
119.000000	-21.125442	4.300035	0.000000	
119.050000	-21.139214	4.320893	0.000000	
119.100000	-21.152934	4.341786	0.000000	
119.150000	-21.166621	4.362701	0.000000	
119.200000	-21.180259	4.383648	0.000000	
119.250000	-21.193847	4.404629	0.000000	
119.300000	-21.207406	4.425629	0.000000	
119.350000	-21.220916	4.446662	0.000000	
119.400000	-21.234395	4.467716	0.000000	
119.450000	-21.247850	4.488785	0.000000	
119.500000	-21.261308	4.509853	0.000000	
119.550000	-21.274752	4.530930	0.000000	
119.600000	-21.288167	4.552024	0.000000	
119.650000	-21.301555	4.573137	0.000000	
119.700000	-21.314917	4.594265	0.000000	
119.750000	-21.328262	4.615404	0.000000	
119.800000	-21.341585	4.636556	0.000000	
119.850000	-21.354892	4.657718	0.000000	
119.900000	-21.368185	4.678889	0.000000	
119.950000	-21.381477	4.700061	0.000000	
120.000000	-21.394788	4.721220	0.000000	
120.050000	-21.408124	4.742363	0.000000	
120.100000	-21.421484	4.763491	0.000000	
120.150000	-21.434876	4.784597	0.000000	
120.200000	-21.448294	4.805686	0.000000	
120.250000	-21.461746	4.826752	0.000000	
120.300000	-21.475230	4.847798	0.000000	
120.350000	-21.488724	4.868837	0.000000	
120.400000	-21.502228	4.889870	0.000000	
120.450000	-21.515754	4.910888	0.000000	
120.500000	-21.529299	4.931894	0.000000	
120.550000	-21.542839	4.952903	0.000000	
120.600000	-21.556385	4.973909	0.000000	
120.650000	-21.569943	4.994907	0.000000	
120.700000	-21.583522	5.015891	0.000000	
120.750000	-21.597118	5.036865	0.000000	
120.800000	-21.610723	5.057834	0.000000	
120.850000	-21.624345	5.078792	0.000000	
120.900000	-21.637960	5.099755	0.000000	
120.950000	-21.651545	5.120736	0.000000	
121.000000	-21.665096	5.141737	0.000000	
121.050000	-21.678588	5.162775	0.000000	
121.100000	-21.692020	5.183849	0.000000	
121.150000	-21.705367	5.204976	0.000000	
121.200000	-21.718632	5.226155	0.000000	
121.250000	-21.731830	5.247377	0.000000	
121.300000	-21.744966	5.268638	0.000000	
121.350000	-21.758053	5.289930	0.000000	
121.400000	-21.771091	5.311253	0.000000	
121.450000	-21.784070	5.332612	0.000000	
121.500000	-21.796981	5.354014	0.000000	
121.550000	-21.809814	5.375463	0.000000	
121.600000	-21.822588	5.396948	0.000000	
121.650000	-21.835321	5.418458	0.000000	
121.700000	-21.848018	5.439990	0.000000	
121.750000	-21.860670	5.461550	0.000000	
121.800000	-21.873288	5.483131	0.000000	
121.850000	-21.885875	5.504729	0.000000	
121.900000	-21.898446	5.526337	0.000000	
121.950000	-21.910998	5.547957	0.000000	
122.000000	-21.923555	5.569574	0.000000	
122.050000	-21.936124	5.591183	0.000000	
122.100000	-21.948713	5.612781	0.000000	
122.150000	-21.961309	5.634374	0.000000	
122.200000	-21.973940	5.655947	0.000000	
122.250000	-21.986582	5.677515	0.000000	
122.300000	-21.999220	5.699083	0.000000	
122.350000	-22.011852	5.720656	0.000000	
122.400000	-22.024458	5.742244	0.000000	
122.450000	-22.037061	5.763834	0.000000	
122.500000	-22.049679	5.785415	0.000000	
122.550000	-22.062314	5.806986	0.000000	
122.600000	-22.074985	5.828536	0.000000	
122.650000	-22.087688	5.850067	0.000000	
122.700000	-22.100396	5.871596	0.000000	
122.750000	-22.113098	5.893128	0.000000	
122.800000	-22.125802	5.914658	0.000000	
122.850000	-22.138512	5.936186	0.000000	
122.900000	-22.151236	5.957705	0.000000	
122.950000	-22.163958	5.979225	0.000000	
123.000000	-22.176693	6.000738	0.000000	
123.050000	-22.189424	6.022253	0.000000	
123.100000	-22.202134	6.043780	0.000000	
123.150000	-22.214841	6.065309	0.000000	
123.200000	-22.227541	6.086843	0.000000	
123.250000	-22.240222	6.108387	0.000000	
123.300000	-22.252904	6.129931	0.000000	
123.350000	-22.265591	6.151472	0.000000	
123.400000	-22.278285	6.173009	0.000000	
123.450000	-22.290997	6.194535	0.000000	
123.500000	-22.303703	6.216065	0.000000	
123.550000	-22.316411	6.237594	0.000000	
123.600000	-22.329120	6.259122	0.000000	
123.650000	-22.341823	6.280653	0.000000	
123.700000	-22.354517	6.302191	0.000000	
123.750000	-22.367224	6.323720	0.000000	
123.800000	-22.379945	6.345241	0.000000	
123.850000	-22.392683	6.366752	0.000000	
123.900000	-22.405425	6.388260	0.000000	
123.950000	-22.418161	6.409772	0.000000	
124.000000	-22.430883	6.431292	0.000000	
124.050000	-22.443573	6.452830	0.000000	
124.100000	-22.456248	6.474377	0.000000	
124.150000	-22.468913	6.495930	0.000000	
124.200000	-22.481538	6.517505	0.000000	
124.250000	-22.494143	6.539091	0.000000	
124.300000	-22.506732	6.560687	0.000000	
124.350000	-22.519300	6.582295	0.000000	
124.400000	-22.531859	6.603908	0.000000	
124.450000	-22.544397	6.625534	0.000000	
124.500000	-22.556912	6.647172	0.000000	
124.550000	-22.569409	6.668822	0.000000	
124.600000	-22.581882	6.690484	0.000000	
124.650000	-22.594314	6.712171	0.000000	
124.700000	-22.606704	6.733881	0.000000	
124.750000	-22.619063	6.755610	0.000000	
124.800000	-22.631391	6.777356	0.000000	
124.850000	-22.643710	6.799108	0.000000	
124.900000	-22.656008	6.820872	0.000000	
124.950000	-22.668302	6.842639	0.000000	
125.000000	-22.680612	6.864397	0.000000	
125.050000	-22.692962	6.886130	0.000000	
125.100000	-22.705361	6.907835	0.000000	
125.150000	-22.717802	6.929515	0.000000	
125.200000	-22.730282	6.951172	0.000000	
125.250000	-22.742825	6.972793	0.000000	
125.300000	-22.755419	6.994384	0.000000	
125.350000	-22.768060	7.015946	0.000000	
125.400000	-22.780759	7.037474	0.000000	
125.450000	-22.793513	7.058968	0.000000	
125.500000	-22.806328	7.080425	0.000000	
125.550000	-22.819194	7.101851	0.000000	
125.600000	-22.832132	7.123234	0.000000	
125.650000	-22.845146	7.144570	0.000000	
125.700000	-22.858238	7.165859	0.000000	
125.750000	-22.871413	7.187098	0.000000	
125.800000	-22.884673	7.208286	0.000000	
125.850000	-22.897996	7.229435	0.000000	
125.900000	-22.911378	7.250548	0.000000	
125.950000	-22.924816	7.271625	0.000000	
126.000000	-22.938309	7.292668	0.000000	
126.050000	-22.951847	7.313682	0.000000	
126.100000	-22.965415	7.334677	0.000000	
126.150000	-22.979008	7.355656	0.000000	
126.200000	-22.992605	7.376633	0.000000	
126.250000	-23.006229	7.397593	0.000000	
126.300000	-23.019857	7.418550	0.000000	
126.350000	-23.033500	7.439498	0.000000	
126.400000	-23.047168	7.460430	0.000000	
126.450000	-23.060833	7.481364	0.000000	
126.500000	-23.074477	7.502311	0.000000	
126.550000	-23.088097	7.523274	0.000000	
126.600000	-23.101715	7.544237	0.000000	
126.650000	-23.115316	7.565211	0.000000	
126.700000	-23.128894	7.586202	0.000000	
126.750000	-23.142444	7.607208	0.000000	
126.800000	-23.155960	7.628238	0.000000	
126.850000	-23.169430	7.649295	0.000000	
126.900000	-23.182858	7.670380	0.000000	
126.950000	-23.196231	7.691498	0.000000	
127.000000	-23.209541	7.712657	0.000000	
127.050000	-23.222792	7.733851	0.000000	
127.100000	-23.235991	7.755079	0.000000	
127.150000	-23.249132	7.776342	0.000000	
127.200000	-23.262223	7.797636	0.000000	
127.250000	-23.275275	7.818954	0.000000	
127.300000	-23.288283	7.840298	0.000000	
127.350000	-23.301256	7.861664	0.000000	
127.400000	-23.314188	7.883056	0.000000	
127.450000	-23.327061	7.904483	0.000000	
127.500000	-23.339902	7.925931	0.000000	
127.550000	-23.352723	7.947390	0.000000	
127.600000	-23.365547	7.968848	0.000000	
127.650000	-23.378365	7.990309	0.000000	
127.700000	-23.391190	8.011766	0.000000	
127.750000	-23.404008	8.033228	0.000000	
127.800000	-23.416841	8.054680	0.000000	
127.850000	-23.429705	8.076112	0.000000	
127.900000	-23.442609	8.097520	0.000000	
127.950000	-23.455573	8.118888	0.000000	
128.000000	-23.468613	8.140209	0.000000	
128.050000	-23.481754	8.161463	0.000000	
128.100000	-23.494996	8.182652	0.000000	
128.150000	-23.508341	8.203773	0.000000	
128.200000	-23.521784	8.224829	0.000000	
128.250000	-23.535318	8.245827	0.000000	
128.300000	-23.548949	8.266762	0.000000	
128.350000	-23.562679	8.287633	0.000000	
128.400000	-23.576502	8.308443	0.000000	
128.450000	-23.590424	8.329188	0.000000	
128.500000	-23.604467	8.349854	0.000000	
128.550000	-23.618620	8.370445	0.000000	
128.600000	-23.632883	8.390963	0.000000	
128.650000	-23.647245	8.411411	0.000000	
128.700000	-23.661707	8.431789	0.000000	
128.750000	-23.676256	8.452106	0.000000	
128.800000	-23.690900	8.472358	0.000000	
128.850000	-23.705638	8.492543	0.000000	
128.900000	-23.720464	8.512665	0.000000	
128.950000	-23.735364	8.532734	0.000000	
129.000000	-23.750319	8.552762	0.000000	
129.050000	-23.765309	8.572767	0.000000	
129.100000	-23.780309	8.592763	0.000000	
129.150000	-23.795310	8.612758	0.000000	
129.200000	-23.810290	8.632769	0.000000	
129.250000	-23.825257	8.652789	0.000000	
129.300000	-23.840216	8.672815	0.000000	
129.350000	-23.855151	8.692857	0.000000	
129.400000	-23.870066	8.712914	0.000000	
129.450000	-23.884973	8.732977	0.000000	
129.500000	-23.899848	8.753061	0.000000	
129.550000	-23.914693	8.773169	0.000000	
129.600000	-23.929510	8.793296	0.000000	
129.650000	-23.944285	8.813454	0.000000	
129.700000	-23.959007	8.833650	0.000000	
129.750000	-23.973682	8.853881	0.000000	
129.800000	-23.988313	8.874145	0.000000	
129.850000	-24.002907	8.894436	0.000000	
129.900000	-24.017469	8.914751	0.000000	
129.950000	-24.031986	8.935100	0.000000	
130.000000	-24.046475	8.955470	0.000000	
130.050000	-24.060929	8.975866	0.000000	
130.100000	-24.075354	8.996283	0.000000	
130.150000	-24.089749	9.016721	0.000000	
130.200000	-24.104120	9.037177	0.000000	
130.250000	-24.118484	9.057638	0.000000	
130.300000	-24.132843	9.078101	0.000000	
130.350000	-24.147204	9.098564	0.000000	
130.400000	-24.161563	9.119028	0.000000	
130.450000	-24.175898	9.139508	0.000000	
130.500000	-24.190212	9.160003	0.000000	
130.550000	-24.204511	9.180508	0.000000	
130.600000	-24.218777	9.201034	0.000000	
130.650000	-24.232999	9.221592	0.000000	
130.700000	-24.247172	9.242181	0.000000	
130.750000	-24.261309	9.262794	0.000000	
130.800000	-24.275392	9.283443	0.000000	
130.850000	-24.289417	9.304130	0.000000	
130.900000	-24.303365	9.324867	0.000000	
130.950000	-24.317213	9.345670	0.000000	
131.000000	-24.330959	9.366537	0.000000	
131.050000	-24.344578	9.387487	0.000000	
131.100000	-24.358067	9.408516	0.000000	
131.150000	-24.371429	9.429624	0.000000	
131.200000	-24.384679	9.450801	0.000000	
131.250000	-24.397831	9.472038	0.000000	
131.300000	-24.410886	9.493336	0.000000	
131.350000	-24.423830	9.514703	0.000000	
131.400000	-24.436676	9.536132	0.000000	
131.450000	-24.449443	9.557609	0.000000	
131.500000	-24.462154	9.579122	0.000000	
131.550000	-24.474800	9.600675	0.000000	
131.600000	-24.487379	9.622270	0.000000	
131.650000	-24.499892	9.643904	0.000000	
131.700000	-24.512343	9.665576	0.000000	
131.750000	-24.524730	9.687285	0.000000	
131.800000	-24.537041	9.709039	0.000000	
131.850000	-24.549283	9.730832	0.000000	
131.900000	-24.561456	9.752665	0.000000	
131.950000	-24.573569	9.774532	0.000000	
132.000000	-24.585630	9.796427	0.000000	
132.050000	-24.597639	9.818350	0.000000	
132.100000	-24.609608	9.840295	0.000000	
132.150000	-24.621549	9.862253	0.000000	
132.200000	-24.633459	9.884228	0.000000	
132.250000	-24.645321	9.906227	0.000000	
132.300000	-24.657126	9.928256	0.000000	
132.350000	-24.668875	9.950315	0.000000	
132.400000	-24.680561	9.972406	0.000000	
132.450000	-24.692175	9.994534	0.000000	
132.500000	-24.703699	10.016707	0.000000	
132.550000	-24.715135	10.038928	0.000000	
132.600000	-24.726491	10.061192	0.000000	
132.650000	-24.737783	10.083489	0.000000	
132.700000	-24.749021	10.105816	0.000000	
132.750000	-24.760209	10.128168	0.000000	
132.800000	-24.771379	10.150530	0.000000	
132.850000	-24.782537	10.172898	0.000000	
132.900000	-24.793681	10.195274	0.000000	
132.950000	-24.804807	10.217659	0.000000	
133.000000	-24.815914	10.240055	0.000000	
133.050000	-24.827013	10.262453	0.000000	
133.100000	-24.838125	10.284846	0.000000	
133.150000	-24.849227	10.307243	0.000000	
133.200000	-24.860301	10.329654	0.000000	
133.250000	-24.871311	10.352094	0.000000	
133.300000	-24.882225	10.374576	0.000000	
133.350000	-24.892979	10.397122	0.000000	
133.400000	-24.903503	10.419753	0.000000	
133.450000	-24.913749	10.442475	0.000000	
133.500000	-24.923670	10.465298	0.000000	
133.550000	-24.933205	10.488226	0.000000	
133.600000	-24.942268	10.511269	0.000000	
133.650000	-24.950785	10.534431	0.000000	
133.700000	-24.958699	10.557713	0.000000	
133.750000	-24.965967	10.581112	0.000000	
133.800000	-24.972531	10.604627	0.000000	
133.850000	-24.978338	10.628258	0.000000	
133.900000	-24.983337	10.651994	0.000000	
133.950000	-24.987480	10.675823	0.000000	
134.000000	-24.990757	10.699735	0.000000	
134.050000	-24.993161	10.723723	0.000000	
134.100000	-24.994658	10.747784	0.000000	
134.150000	-24.995227	10.771918	0.000000	
134.200000	-24.994888	10.796110	0.000000	
134.250000	-24.993650	10.820349	0.000000	
134.300000	-24.991557	10.844616	0.000000	
134.350000	-24.988665	10.868898	0.000000	
134.400000	-24.985032	10.893175	0.000000	
134.450000	-24.980728	10.917429	0.000000	
134.500000	-24.975819	10.941645	0.000000	
134.550000	-24.970347	10.965814	0.000000	
134.600000	-24.964386	10.989928	0.000000	
134.650000	-24.958022	11.013987	0.000000	
134.700000	-24.951343	11.037996	0.000000	
134.750000	-24.944404	11.061958	0.000000	
134.800000	-24.937253	11.085880	0.000000	
134.850000	-24.929926	11.109762	0.000000	
134.900000	-24.922455	11.133610	0.000000	
134.950000	-24.914878	11.157429	0.000000	
135.000000	-24.907256	11.181235	0.000000	
135.050000	-24.899615	11.205035	0.000000	
135.100000	-24.891955	11.228830	0.000000	
135.150000	-24.884305	11.252628	0.000000	
135.200000	-24.876671	11.276430	0.000000	
135.250000	-24.869067	11.300243	0.000000	
135.300000	-24.861513	11.324072	0.000000	
135.350000	-24.854023	11.347921	0.000000	
135.400000	-24.846597	11.371790	0.000000	
135.450000	-24.839236	11.395678	0.000000	
135.500000	-24.831937	11.419585	0.000000	
135.550000	-24.824704	11.443512	0.000000	
135.600000	-24.817532	11.467458	0.000000	
135.650000	-24.810433	11.491425	0.000000	
135.700000	-24.803392	11.515409	0.000000	
135.750000	-24.796380	11.539401	0.000000	
135.800000	-24.789388	11.563399	0.000000	
135.850000	-24.782410	11.587401	0.000000	
135.900000	-24.775444	11.611406	0.000000	
135.950000	-24.768490	11.635415	0.000000	
136.000000	-24.761549	11.659428	0.000000	
136.050000	-24.754595	11.683437	0.000000	
136.100000	-24.747636	11.707445	0.000000	
136.150000	-24.740677	11.731452	0.000000	
136.200000	-24.733701	11.755455	0.000000	
136.250000	-24.726708	11.779451	0.000000	
136.300000	-24.719683	11.803437	0.000000	
136.350000	-24.712615	11.827410	0.000000	
136.400000	-24.705498	11.851367	0.000000	
136.450000	-24.698324	11.875307	0.000000	
136.500000	-24.691079	11.899225	0.000000	
136.550000	-24.683754	11.923118	0.000000	
136.600000	-24.676341	11.946984	0.000000	
136.650000	-24.668838	11.970822	0.000000	
136.700000	-24.661214	11.994620	0.000000	
136.750000	-24.653472	12.018381	0.000000	
136.800000	-24.645610	12.042102	0.000000	
136.850000	-24.637634	12.065786	0.000000	
136.900000	-24.629543	12.089431	0.000000	
136.950000	-24.621359	12.113045	0.000000	
137.000000	-24.613101	12.136634	0.000000	
137.050000	-24.604781	12.160203	0.000000	
137.100000	-24.596400	12.183749	0.000000	
137.150000	-24.587948	12.207272	0.000000	
137.200000	-24.579422	12.230768	0.000000	
137.250000	-24.570841	12.254244	0.000000	
137.300000	-24.562217	12.277705	0.000000	
137.350000	-24.553545	12.301149	0.000000	
137.400000	-24.544832	12.324577	0.000000	
137.450000	-24.536079	12.347992	0.000000	
137.500000	-24.527271	12.371387	0.000000	
137.550000	-24.518429	12.394770	0.000000	
137.600000	-24.509549	12.418139	0.000000	
137.650000	-24.500636	12.441495	0.000000	
137.700000	-24.491683	12.464836	0.000000	
137.750000	-24.482691	12.488162	0.000000	
137.800000	-24.473668	12.511475	0.000000	
137.850000	-24.464616	12.534777	0.000000	
137.900000	-24.455547	12.558072	0.000000	
137.950000	-24.446458	12.581359	0.000000	
138.000000	-24.437340	12.604634	0.000000	
138.050000	-24.428167	12.627888	0.000000	
138.100000	-24.418926	12.651113	0.000000	
138.150000	-24.409644	12.674323	0.000000	
138.200000	-24.400318	12.697514	0.000000	
138.250000	-24.390946	12.720686	0.000000	
138.300000	-24.381536	12.743843	0.000000	
138.350000	-24.372093	12.766987	0.000000	
138.400000	-24.362628	12.790122	0.000000	
138.450000	-24.353143	12.813249	0.000000	
138.500000	-24.343634	12.836367	0.000000	
138.550000	-24.334107	12.859478	0.000000	
138.600000	-24.324557	12.882580	0.000000	
138.650000	-24.314985	12.905673	0.000000	
138.700000	-24.305383	12.928754	0.000000	
138.750000	-24.295783	12.951836	0.000000	
138.800000	-24.286196	12.974923	0.000000	
138.850000	-24.276611	12.998011	0.000000	
138.900000	-24.267032	13.021101	0.000000	
138.950000	-24.257438	13.044186	0.000000	
139.000000	-24.247828	13.067264	0.000000	
139.050000	-24.238220	13.090342	0.000000	
139.100000	-24.228618	13.113423	0.000000	
139.150000	-24.219028	13.136509	0.000000	
139.200000	-24.209428	13.159591	0.000000	
139.250000	-24.199803	13.182662	0.000000	
139.300000	-24.190180	13.205734	0.000000	
139.350000	-24.180539	13.228798	0.000000	
139.400000	-24.170860	13.251845	0.000000	
139.450000	-24.161151	13.274880	0.000000	
139.500000	-24.151391	13.297893	0.000000	
139.550000	-24.141563	13.320875	0.000000	
139.600000	-24.131672	13.343831	0.000000	
139.650000	-24.121712	13.366756	0.000000	
139.700000	-24.111697	13.389658	0.000000	
139.750000	-24.101640	13.412541	0.000000	
139.800000	-24.091509	13.435390	0.000000	
139.850000	-24.081316	13.458213	0.000000	
139.900000	-24.071067	13.481011	0.000000	
139.950000	-24.060779	13.503792	0.000000	
140.000000	-24.050464	13.526561	0.000000	
140.050000	-24.040121	13.549318	0.000000	
140.100000	-24.029751	13.572063	0.000000	
140.150000	-24.019371	13.594804	0.000000	
140.200000	-24.008983	13.617542	0.000000	
140.250000	-23.998591	13.640278	0.000000	
140.300000	-23.988226	13.663025	0.000000	
140.350000	-23.977858	13.685772	0.000000	
140.400000	-23.967493	13.708519	0.000000	
140.450000	-23.957158	13.731280	0.000000	
140.500000	-23.946857	13.754056	0.000000	
140.550000	-23.936597	13.776849	0.000000	
140.600000	-23.926385	13.799664	0.000000	
140.650000	-23.916204	13.822493	0.000000	
140.700000	-23.906056	13.845337	0.000000	
140.750000	-23.895929	13.868190	0.000000	
140.800000	-23.885823	13.891053	0.000000	
140.850000	-23.875771	13.913941	0.000000	
140.900000	-23.865747	13.936841	0.000000	
140.950000	-23.855760	13.959758	0.000000	
141.000000	-23.845813	13.982692	0.000000	
141.050000	-23.835898	14.005641	0.000000	
141.100000	-23.826023	14.028607	0.000000	
141.150000	-23.816178	14.051585	0.000000	
141.200000	-23.806360	14.074575	0.000000	
141.250000	-23.796564	14.097574	0.000000	
141.300000	-23.786801	14.120587	0.000000	
141.350000	-23.777041	14.143601	0.000000	
141.400000	-23.767289	14.166620	0.000000	
141.450000	-23.757541	14.189639	0.000000	
141.500000	-23.747785	14.212656	0.000000	
141.550000	-23.738020	14.235668	0.000000	
141.600000	-23.728241	14.258674	0.000000	
141.650000	-23.718470	14.281684	0.000000	
141.700000	-23.708716	14.304702	0.000000	
141.750000	-23.698964	14.327720	0.000000	
141.800000	-23.689223	14.350743	0.000000	
141.850000	-23.679475	14.373763	0.000000	
141.900000	-23.669708	14.396774	0.000000	
141.950000	-23.659948	14.419789	0.000000	
142.000000	-23.650202	14.442809	0.000000	
142.050000	-23.640467	14.465834	0.000000	
142.100000	-23.630752	14.488868	0.000000	
142.150000	-23.621059	14.511909	0.000000	
142.200000	-23.611391	14.534961	0.000000	
142.250000	-23.601753	14.558025	0.000000	
142.300000	-23.592163	14.581107	0.000000	
142.350000	-23.582627	14.604210	0.000000	
142.400000	-23.573174	14.627344	0.000000	
142.450000	-23.563812	14.650513	0.000000	
142.500000	-23.554536	14.673715	0.000000	
142.550000	-23.545333	14.696947	0.000000	
142.600000	-23.536201	14.720205	0.000000	
142.650000	-23.527161	14.743499	0.000000	
142.700000	-23.518191	14.766819	0.000000	
142.750000	-23.509292	14.790165	0.000000	
142.800000	-23.500493	14.813550	0.000000	
142.850000	-23.491788	14.836972	0.000000	
142.900000	-23.483189	14.860435	0.000000	
142.950000	-23.474703	14.883941	0.000000	
143.000000	-23.466328	14.907490	0.000000	
143.050000	-23.458054	14.931075	0.000000	
143.100000	-23.449862	14.954689	0.000000	
143.150000	-23.441752	14.978333	0.000000	
143.200000	-23.433711	15.002001	0.000000	
143.250000	-23.425738	15.025693	0.000000	
143.300000	-23.417830	15.049407	0.000000	
143.350000	-23.409972	15.073138	0.000000	
143.400000	-23.402157	15.096883	0.000000	
143.450000	-23.394390	15.120643	0.000000	
143.500000	-23.386672	15.144418	0.000000	
143.550000	-23.379027	15.168217	0.000000	
143.600000	-23.371476	15.192044	0.000000	
143.650000	-23.364018	15.215899	0.000000	
143.700000	-23.356655	15.239782	0.000000	
143.750000	-23.349392	15.263694	0.000000	
143.800000	-23.342239	15.287638	0.000000	
143.850000	-23.335168	15.311606	0.000000	
143.900000	-23.328202	15.335604	0.000000	
143.950000	-23.321329	15.359630	0.000000	
144.000000	-23.314551	15.383682	0.000000	
144.050000	-23.307870	15.407761	0.000000	
144.100000	-23.301263	15.431861	0.000000	
144.150000	-23.294748	15.455986	0.000000	
144.200000	-23.288316	15.480133	0.000000	
144.250000	-23.281991	15.504310	0.000000	
144.300000	-23.275770	15.528515	0.000000	
144.350000	-23.269640	15.552743	0.000000	
144.400000	-23.263605	15.576997	0.000000	
144.450000	-23.257657	15.601274	0.000000	
144.500000	-23.251782	15.625571	0.000000	
144.550000	-23.245988	15.649887	0.000000	
144.600000	-23.240253	15.674218	0.000000	
144.650000	-23.234562	15.698561	0.000000	
144.700000	-23.228890	15.722907	0.000000	
144.750000	-23.223205	15.747251	0.000000	
144.800000	-23.217515	15.771593	0.000000	
144.850000	-23.211806	15.795931	0.000000	
144.900000	-23.206108	15.820271	0.000000	
144.950000	-23.200397	15.844608	0.000000	
145.000000	-23.194662	15.868939	0.000000	
145.050000	-23.188852	15.893249	0.000000	
145.100000	-23.182921	15.917525	0.000000	
145.150000	-23.176849	15.941757	0.000000	
145.200000	-23.170557	15.965914	0.000000	
145.250000	-23.163998	15.989974	0.000000	
145.300000	-23.157094	16.013899	0.000000	
145.350000	-23.149770	16.037642	0.000000	
145.400000	-23.141971	16.061159	0.000000	
145.450000	-23.133645	16.084406	0.000000	
145.500000	-23.124742	16.107337	0.000000	
145.550000	-23.115210	16.129896	0.000000	
145.600000	-23.104997	16.152032	0.000000	
145.650000	-23.094068	16.173692	0.000000	
145.700000	-23.082402	16.194839	0.000000	
145.750000	-23.069995	16.215444	0.000000	
145.800000	-23.056837	16.235466	0.000000	
145.850000	-23.042910	16.254880	0.000000	
145.900000	-23.028219	16.273678	0.000000	
145.950000	-23.012737	16.291838	0.000000	
146.000000	-22.996471	16.309357	0.000000	
146.050000	-22.979450	16.326254	0.000000	
146.100000	-22.961713	16.342541	0.000000	
146.150000	-22.943294	16.358224	0.000000	
146.200000	-22.924231	16.373325	0.000000	
146.250000	-22.904593	16.387871	0.000000	
146.300000	-22.884422	16.401875	0.000000	
146.350000	-22.863784	16.415375	0.000000	
146.400000	-22.842748	16.428411	0.000000	
146.450000	-22.821380	16.441037	0.000000	
146.500000	-22.799738	16.453309	0.000000	
146.550000	-22.777871	16.465268	0.000000	
146.600000	-22.755821	16.476954	0.000000	
146.650000	-22.733636	16.488427	0.000000	
146.700000	-22.711354	16.499734	0.000000	
146.750000	-22.689001	16.510917	0.000000	
146.800000	-22.666598	16.522010	0.000000	
146.850000	-22.644173	16.533058	0.000000	
146.900000	-22.621736	16.544083	0.000000	
146.950000	-22.599296	16.555104	0.000000	
147.000000	-22.576870	16.566151	0.000000	
147.050000	-22.554461	16.577232	0.000000	
147.100000	-22.532055	16.588320	0.000000	
147.150000	-22.509648	16.599406	0.000000	
147.200000	-22.487243	16.610496	0.000000	
147.250000	-22.464831	16.621572	0.000000	
147.300000	-22.442419	16.632646	0.000000	
147.350000	-22.420010	16.643728	0.000000	
147.400000	-22.397605	16.654818	0.000000	
147.450000	-22.375213	16.665934	0.000000	
147.500000	-22.352837	16.677080	0.000000	
147.550000	-22.330462	16.688231	0.000000	
147.600000	-22.308097	16.699400	0.000000	
147.650000	-22.285745	16.710595	0.000000	
147.700000	-22.263404	16.721810	0.000000	
147.750000	-22.241070	16.733043	0.000000	
147.800000	-22.218737	16.744274	0.000000	
147.850000	-22.196408	16.755515	0.000000	
147.900000	-22.174079	16.766756	0.000000	
147.950000	-22.151753	16.778003	0.000000	
148.000000	-22.129432	16.789259	0.000000	
148.050000	-22.107106	16.800507	0.000000	
148.100000	-22.084779	16.811753	0.000000	
148.150000	-22.062464	16.823021	0.000000	
148.200000	-22.040162	16.834315	0.000000	
148.250000	-22.017877	16.845641	0.000000	
148.300000	-21.995614	16.857013	0.000000	
148.350000	-21.973367	16.868415	0.000000	
148.400000	-21.951131	16.879838	0.000000	
148.450000	-21.928908	16.891286	0.000000	
148.500000	-21.906686	16.902737	0.000000	
148.550000	-21.884461	16.914182	0.000000	
148.600000	-21.862232	16.925620	0.000000	
148.650000	-21.839994	16.937038	0.000000	
148.700000	-21.817750	16.948445	0.000000	
148.750000	-21.795496	16.959833	0.000000	
148.800000	-21.773244	16.971225	0.000000	
148.850000	-21.751007	16.982646	0.000000	
148.900000	-21.728785	16.994097	0.000000	
148.950000	-21.706579	17.005578	0.000000	
149.000000	-21.684379	17.017071	0.000000	
149.050000	-21.662175	17.028558	0.000000	
149.100000	-21.639969	17.040040	0.000000	
149.150000	-21.617764	17.051523	0.000000	
149.200000	-21.595552	17.062992	0.000000	
149.250000	-21.573341	17.074465	0.000000	
149.300000	-21.551128	17.085933	0.000000	
149.350000	-21.528906	17.097384	0.000000	
149.400000	-21.506677	17.108821	0.000000	
149.450000	-21.484454	17.120270	0.000000	
149.500000	-21.462235	17.131727	0.000000	
149.550000	-21.440035	17.143219	0.000000	
149.600000	-21.417853	17.154744	0.000000	
149.650000	-21.395698	17.166319	0.000000	
149.700000	-21.373574	17.177954	0.000000	
149.750000	-21.351483	17.189650	0.000000	
149.800000	-21.329422	17.201401	0.000000	
149.850000	-21.307381	17.213191	0.000000	
149.900000	-21.285358	17.225014	0.000000	
149.950000	-21.263352	17.236866	0.000000	
150.000000	-21.241372	17.248766	0.000000	
150.050000	-21.219434	17.260742	0.000000	
150.100000	-21.197549	17.272810	0.000000	
150.150000	-21.175709	17.284962	0.000000	
150.200000	-21.153903	17.297174	0.000000	
150.250000	-21.132132	17.309452	0.000000	
150.300000	-21.110395	17.321788	0.000000	
150.350000	-21.088693	17.334186	0.000000	
150.400000	-21.067023	17.346642	0.000000	
150.450000	-21.045383	17.359153	0.000000	
150.500000	-21.023771	17.371715	0.000000	
150.550000	-21.002192	17.384333	0.000000	
150.600000	-20.980634	17.396987	0.000000	
150.650000	-20.959093	17.409671	0.000000	
150.700000	-20.937565	17.422378	0.000000	
150.750000	-20.916059	17.435120	0.000000	
150.800000	-20.894560	17.447876	0.000000	
150.850000	-20.873073	17.460652	0.000000	
150.900000	-20.851599	17.473451	0.000000	
150.950000	-20.830132	17.486262	0.000000	
151.000000	-20.808664	17.499073	0.000000	
151.050000	-20.787194	17.511879	0.000000	
151.100000	-20.765719	17.524676	0.000000	
151.150000	-20.744235	17.537459	0.000000	
151.200000	-20.722752	17.550243	0.000000	
151.250000	-20.701280	17.563047	0.000000	
151.300000	-20.679819	17.575868	0.000000	
151.350000	-20.658363	17.588697	0.000000	
151.400000	-20.636906	17.601525	0.000000	
151.450000	-20.615454	17.614360	0.000000	
151.500000	-20.594013	17.627215	0.000000	
151.550000	-20.572585	17.640090	0.000000	
151.600000	-20.551169	17.652984	0.000000	
151.650000	-20.529774	17.665914	0.000000	
151.700000	-20.508411	17.678893	0.000000	
151.750000	-20.487087	17.691933	0.000000	
151.800000	-20.465801	17.705031	0.000000	
151.850000	-20.444563	17.718202	0.000000	
151.900000	-20.423375	17.731452	0.000000	
151.950000	-20.402233	17.744774	0.000000	
152.000000	-20.381141	17.758176	0.000000	
152.050000	-20.360097	17.771654	0.000000	
152.100000	-20.339103	17.785210	0.000000	
152.150000	-20.318155	17.798837	0.000000	
152.200000	-20.297249	17.812530	0.000000	
152.250000	-20.276388	17.826291	0.000000	
152.300000	-20.255572	17.840121	0.000000	
152.350000	-20.234811	17.854031	0.000000	
152.400000	-20.214104	17.868022	0.000000	
152.450000	-20.193460	17.882108	0.000000	
152.500000	-20.172887	17.896298	0.000000	
152.550000	-20.152386	17.910593	0.000000	
152.600000	-20.131961	17.924998	0.000000	
152.650000	-20.111609	17.939503	0.000000	
152.700000	-20.091320	17.954096	0.000000	
152.750000	-20.071097	17.968780	0.000000	
152.800000	-20.050924	17.983530	0.000000	
152.850000	-20.030797	17.998342	0.000000	
152.900000	-20.010711	18.013209	0.000000	
152.950000	-19.990674	18.028142	0.000000	
153.000000	-19.970677	18.043130	0.000000	
153.050000	-19.950730	18.058183	0.000000	
153.100000	-19.930825	18.073296	0.000000	
153.150000	-19.910970	18.088476	0.000000	
153.200000	-19.891154	18.103708	0.000000	
153.250000	-19.871386	18.119005	0.000000	
153.300000	-19.851665	18.134365	0.000000	
153.350000	-19.831980	18.149770	0.000000	
153.400000	-19.812322	18.165213	0.000000	
153.450000	-19.792698	18.180699	0.000000	
153.500000	-19.773100	18.196219	0.000000	
153.550000	-19.753513	18.211754	0.000000	
153.600000	-19.733938	18.227304	0.000000	
153.650000	-19.714360	18.242850	0.000000	
153.700000	-19.694780	18.258394	0.000000	
153.750000	-19.675199	18.273936	0.000000	
153.800000	-19.655602	18.289458	0.000000	
153.850000	-19.636001	18.304975	0.000000	
153.900000	-19.616386	18.320474	0.000000	
153.950000	-19.596755	18.335953	0.000000	
154.000000	-19.577091	18.351388	0.000000	
154.050000	-19.557402	18.366790	0.000000	
154.100000	-19.537680	18.382150	0.000000	
154.150000	-19.517939	18.397483	0.000000	
154.200000	-19.498168	18.412778	0.000000	
154.250000	-19.478376	18.428044	0.000000	
154.300000	-19.458552	18.443269	0.000000	
154.350000	-19.438696	18.458452	0.000000	
154.400000	-19.418819	18.473609	0.000000	
154.450000	-19.398910	18.488723	0.000000	
154.500000	-19.378976	18.503805	0.000000	
154.550000	-19.359021	18.518860	0.000000	
154.600000	-19.339057	18.533903	0.000000	
154.650000	-19.319085	18.548936	0.000000	
154.700000	-19.299102	18.563955	0.000000	
154.750000	-19.279097	18.578945	0.000000	
154.800000	-19.259052	18.593882	0.000000	
154.850000	-19.238958	18.608750	0.000000	
154.900000	-19.218782	18.623500	0.000000	
154.950000	-19.198500	18.638085	0.000000	
155.000000	-19.178089	18.652454	0.000000	
155.050000	-19.157538	18.666575	0.000000	
155.100000	-19.136826	18.680389	0.000000	
155.150000	-19.115937	18.693841	0.000000	
155.200000	-19.094848	18.706859	0.000000	
155.250000	-19.073546	18.719377	0.000000	
155.300000	-19.052021	18.731338	0.000000	
155.350000	-19.030274	18.742703	0.000000	
155.400000	-19.008293	18.753406	0.000000	
155.450000	-18.986076	18.763416	0.000000	
155.500000	-18.963632	18.772696	0.000000	
155.550000	-18.940951	18.781220	0.000000	
155.600000	-18.918032	18.788966	0.000000	
155.650000	-18.894875	18.795895	0.000000	
155.700000	-18.871474	18.801997	0.000000	
155.750000	-18.847834	18.807265	0.000000	
155.800000	-18.823964	18.811713	0.000000	
155.850000	-18.799883	18.815355	0.000000	
155.900000	-18.775608	18.818205	0.000000	
155.950000	-18.751169	18.820308	0.000000	
156.000000	-18.726600	18.821703	0.000000	
156.050000	-18.701929	18.822458	0.000000	
156.100000	-18.677173	18.822629	0.000000	
156.150000	-18.652357	18.822295	0.000000	
156.200000	-18.627498	18.821509	0.000000	
156.250000	-18.602614	18.820334	0.000000	
156.300000	-18.577720	18.818818	0.000000	
156.350000	-18.552824	18.817018	0.000000	
156.400000	-18.527933	18.814968	0.000000	
156.450000	-18.503051	18.812716	0.000000	
156.500000	-18.478178	18.810298	0.000000	
156.550000	-18.453315	18.807750	0.000000	
156.600000	-18.428460	18.805099	0.000000	
156.650000	-18.403612	18.802374	0.000000	
156.700000	-18.378769	18.799601	0.000000	
156.750000	-18.353931	18.796776	0.000000	
156.800000	-18.329097	18.793913	0.000000	
156.850000	-18.304268	18.791009	0.000000	
156.900000	-18.279444	18.788060	0.000000	
156.950000	-18.254624	18.785082	0.000000	
157.000000	-18.229806	18.782080	0.000000	
157.050000	-18.204991	18.779063	0.000000	
157.100000	-18.180178	18.776029	0.000000	
157.150000	-18.155368	18.772964	0.000000	
157.200000	-18.130564	18.769856	0.000000	
157.250000	-18.105765	18.766698	0.000000	
157.300000	-18.080972	18.763495	0.000000	
157.350000	-18.056180	18.760282	0.000000	
157.400000	-18.031388	18.757071	0.000000	
157.450000	-18.006595	18.753863	0.000000	
157.500000	-17.981802	18.750657	0.000000	
157.550000	-17.957012	18.747434	0.000000	
157.600000	-17.932220	18.744219	0.000000	
157.650000	-17.907431	18.740986	0.000000	
157.700000	-17.882647	18.737714	0.000000	
157.750000	-17.857866	18.734414	0.000000	
157.800000	-17.833090	18.731086	0.000000	
157.850000	-17.808320	18.727715	0.000000	
157.900000	-17.783556	18.724298	0.000000	
157.950000	-17.758795	18.720866	0.000000	
158.000000	-17.734040	18.717394	0.000000	
158.050000	-17.709290	18.713888	0.000000	
158.100000	-17.684542	18.710366	0.000000	
158.150000	-17.659800	18.706804	0.000000	
158.200000	-17.635066	18.703192	0.000000	
158.250000	-17.610337	18.699544	0.000000	
158.300000	-17.585613	18.695868	0.000000	
158.350000	-17.560895	18.692148	0.000000	
158.400000	-17.536186	18.688374	0.000000	
158.450000	-17.511484	18.684547	0.000000	
158.500000	-17.486789	18.680666	0.000000	
158.550000	-17.462103	18.676730	0.000000	
158.600000	-17.437424	18.672749	0.000000	
158.650000	-17.412752	18.668724	0.000000	
158.700000	-17.388083	18.664673	0.000000	
158.750000	-17.363419	18.660593	0.000000	
158.800000	-17.338759	18.656489	0.000000	
158.850000	-17.314100	18.652381	0.000000	
158.900000	-17.289441	18.648268	0.000000	
158.950000	-17.264784	18.644143	0.000000	
159.000000	-17.240132	18.639991	0.000000	
159.050000	-17.215483	18.635821	0.000000	
159.100000	-17.190838	18.631628	0.000000	
159.150000	-17.166197	18.627413	0.000000	
159.200000	-17.141559	18.623180	0.000000	
159.250000	-17.116918	18.618961	0.000000	
159.300000	-17.092279	18.614732	0.000000	
159.350000	-17.067639	18.610511	0.000000	
159.400000	-17.042996	18.606306	0.000000	
159.450000	-17.018351	18.602110	0.000000	
159.500000	-16.993710	18.597895	0.000000	
159.550000	-16.969070	18.593672	0.000000	
159.600000	-16.944431	18.589444	0.000000	
159.650000	-16.919795	18.585196	0.000000	
159.700000	-16.895166	18.580916	0.000000	
159.750000	-16.870546	18.576583	0.000000	
159.800000	-16.845931	18.572222	0.000000	
159.850000	-16.821321	18.567838	0.000000	
159.900000	-16.796717	18.563413	0.000000	
159.950000	-16.772119	18.558962	0.000000	
160.000000	-16.747525	18.554483	0.000000	
160.050000	-16.722935	18.549986	0.000000	
160.100000	-16.698351	18.545461	0.000000	
160.150000	-16.673771	18.540913	0.000000	
160.200000	-16.649194	18.536346	0.000000	
160.250000	-16.624616	18.531787	0.000000	
160.300000	-16.600039	18.527220	0.000000	
160.350000	-16.575460	18.522667	0.000000	
160.400000	-16.550884	18.518096	0.000000	
160.450000	-16.526308	18.513525	0.000000	
160.500000	-16.501735	18.508938	0.000000	
160.550000	-16.477162	18.504348	0.000000	
160.600000	-16.452588	18.499763	0.000000	
160.650000	-16.428011	18.495197	0.000000	
160.700000	-16.403426	18.490678	0.000000	
160.750000	-16.378834	18.486196	0.000000	
160.800000	-16.354234	18.481758	0.000000	
160.850000	-16.329626	18.477366	0.000000	
160.900000	-16.305010	18.473017	0.000000	
160.950000	-16.280386	18.468721	0.000000	
161.000000	-16.255752	18.464477	0.000000	
161.050000	-16.231108	18.460299	0.000000	
161.100000	-16.206452	18.456185	0.000000	
161.150000	-16.181781	18.452167	0.000000	
161.200000	-16.157096	18.448228	0.000000	
161.250000	-16.132403	18.444341	0.000000	
161.300000	-16.107702	18.440504	0.000000	
161.350000	-16.082995	18.436710	0.000000	
161.400000	-16.058284	18.432938	0.000000	
161.450000	-16.033566	18.429210	0.000000	
161.500000	-16.008843	18.425522	0.000000	
161.550000	-15.984112	18.421876	0.000000	
161.600000	-15.959377	18.418258	0.000000	
161.650000	-15.934641	18.414652	0.000000	
161.700000	-15.909906	18.411033	0.000000	
161.750000	-15.885177	18.407382	0.000000	
161.800000	-15.860452	18.403710	0.000000	
161.850000	-15.835727	18.400033	0.000000	
161.900000	-15.811008	18.396324	0.000000	
161.950000	-15.786293	18.392588	0.000000	
162.000000	-15.761583	18.388822	0.000000	
162.050000	-15.736875	18.385040	0.000000	
162.100000	-15.712169	18.381247	0.000000	
162.150000	-15.687465	18.377445	0.000000	
162.200000	-15.662761	18.373632	0.000000	
162.250000	-15.638057	18.369826	0.000000	
162.300000	-15.613351	18.366034	0.000000	
162.350000	-15.588644	18.362252	0.000000	
162.400000	-15.563934	18.358491	0.000000	
162.450000	-15.539221	18.354753	0.000000	
162.500000	-15.514506	18.351026	0.000000	
162.550000	-15.489792	18.347296	0.000000	
162.600000	-15.465075	18.343589	0.000000	
162.650000	-15.440352	18.339922	0.000000	
162.700000	-15.415622	18.336310	0.000000	
162.750000	-15.390884	18.332757	0.000000	
162.800000	-15.366134	18.329273	0.000000	
162.850000	-15.341374	18.325859	0.000000	
162.900000	-15.316605	18.322507	0.000000	
162.950000	-15.291825	18.319225	0.000000	
163.000000	-15.267039	18.315982	0.000000	
163.050000	-15.242247	18.312778	0.000000	
163.100000	-15.217452	18.309594	0.000000	
163.150000	-15.192655	18.306426	0.000000	
163.200000	-15.167858	18.303250	0.000000	
163.250000	-15.143065	18.300055	0.000000	
163.300000	-15.118273	18.296845	0.000000	
163.350000	-15.093486	18.293606	0.000000	
163.400000	-15.068703	18.290331	0.000000	
163.450000	-15.043927	18.287011	0.000000	
163.500000	-15.019158	18.283641	0.000000	
163.550000	-14.994397	18.280214	0.000000	
163.600000	-14.969643	18.276747	0.000000	
163.650000	-14.944899	18.273210	0.000000	
163.700000	-14.920163	18.269613	0.000000	
163.750000	-14.895435	18.265966	0.000000	
163.800000	-14.870709	18.262295	0.000000	
163.850000	-14.845987	18.258598	0.000000	
163.900000	-14.821267	18.254891	0.000000	
163.950000	-14.796547	18.251176	0.000000	
164.000000	-14.771826	18.247474	0.000000	
164.050000	-14.747101	18.243795	0.000000	
164.100000	-14.722375	18.240131	0.000000	
164.150000	-14.697645	18.236500	0.000000	
164.200000	-14.672909	18.232911	0.000000	
164.250000	-14.648165	18.229393	0.000000	
164.300000	-14.623412	18.225945	0.000000	
164.350000	-14.598652	18.222560	0.000000	
164.400000	-14.573883	18.219254	0.000000	
164.450000	-14.549103	18.216039	0.000000	
164.500000	-14.524313	18.212904	0.000000	
164.550000	-14.499511	18.209871	0.000000	
164.600000	-14.474696	18.206934	0.000000	
164.650000	-14.449869	18.204086	0.000000	
164.700000	-14.425029	18.201339	0.000000	
164.750000	-14.400179	18.198667	0.000000	
164.800000	-14.375320	18.196064	0.000000	
164.850000	-14.350455	18.193505	0.000000	
164.900000	-14.325584	18.190998	0.000000	
164.950000	-14.300709	18.188529	0.000000	
165.000000	-14.275828	18.186106	0.000000	
165.050000	-14.250945	18.183709	0.000000	
165.100000	-14.226058	18.181359	0.000000	
165.150000	-14.201166	18.179047	0.000000	
165.200000	-14.176272	18.176758	0.000000	
165.250000	-14.151376	18.174488	0.000000	
165.300000	-14.126480	18.172217	0.000000	
165.350000	-14.101585	18.169934	0.000000	
165.400000	-14.076690	18.167651	0.000000	
165.450000	-14.051797	18.165355	0.000000	
165.500000	-14.026905	18.163037	0.000000	
165.550000	-14.002013	18.160721	0.000000	
165.600000	-13.977123	18.158387	0.000000	
165.650000	-13.952232	18.156060	0.000000	
165.700000	-13.927341	18.153732	0.000000	
165.750000	-13.902450	18.151410	0.000000	
165.800000	-13.877556	18.149117	0.000000	
165.850000	-13.852661	18.146839	0.000000	
165.900000	-13.827762	18.144601	0.000000	
165.950000	-13.802859	18.142404	0.000000	
166.000000	-13.777953	18.140252	0.000000	
166.050000	-13.753046	18.138124	0.000000	
166.100000	-13.728134	18.136045	0.000000	
166.150000	-13.703221	18.134001	0.000000	
166.200000	-13.678304	18.132006	0.000000	
166.250000	-13.653383	18.130057	0.000000	
166.300000	-13.628460	18.128149	0.000000	
166.350000	-13.603533	18.126282	0.000000	
166.400000	-13.578602	18.124473	0.000000	
166.450000	-13.553668	18.122719	0.000000	
166.500000	-13.528729	18.121022	0.000000	
166.550000	-13.503787	18.119368	0.000000	
166.600000	-13.478845	18.117715	0.000000	
166.650000	-13.453904	18.116056	0.000000	
166.700000	-13.428969	18.114332	0.000000	
166.750000	-13.404049	18.112505	0.000000	
166.800000	-13.379157	18.110508	0.000000	
166.850000	-13.354313	18.108258	0.000000	
166.900000	-13.329536	18.105701	0.000000	
166.950000	-13.304856	18.102753	0.000000	
167.000000	-13.280309	18.099331	0.000000	
167.050000	-13.255921	18.095383	0.000000	
167.100000	-13.231732	18.090848	0.000000	
167.150000	-13.207782	18.085658	0.000000	
167.200000	-13.184105	18.079765	0.000000	
167.250000	-13.160724	18.073148	0.000000	
167.300000	-13.137680	18.065767	0.000000	
167.350000	-13.115002	18.057585	0.000000	
167.400000	-13.092711	18.048592	0.000000	
167.450000	-13.070824	18.038765	0.000000	
167.500000	-13.049358	18.028077	0.000000	
167.550000	-13.028332	18.016526	0.000000	
167.600000	-13.007752	18.004112	0.000000	
167.650000	-12.987612	17.990873	0.000000	
167.700000	-12.967915	17.976818	0.000000	
167.750000	-12.948652	17.962000	0.000000	
167.800000	-12.929816	17.946465	0.000000	
167.850000	-12.911393	17.930277	0.000000	
167.900000	-12.893347	17.913521	0.000000	
167.950000	-12.875669	17.896251	0.000000	
168.000000	-12.858315	17.878546	0.000000	
168.050000	-12.841266	17.860468	0.000000	
168.100000	-12.824496	17.842063	0.000000	
168.150000	-12.807961	17.823400	0.000000	
168.200000	-12.791609	17.804545	0.000000	
168.250000	-12.775396	17.785547	0.000000	
168.300000	-12.759308	17.766427	0.000000	
168.350000	-12.743292	17.747240	0.000000	
168.400000	-12.727327	17.728006	0.000000	
168.450000	-12.711382	17.708755	0.000000	
168.500000	-12.695436	17.689504	0.000000	
168.550000	-12.679464	17.670277	0.000000	
168.600000	-12.663445	17.651089	0.000000	
168.650000	-12.647382	17.631938	0.000000	
168.700000	-12.631269	17.612830	0.000000	
168.750000	-12.615094	17.593774	0.000000	
168.800000	-12.598850	17.574779	0.000000	
168.850000	-12.582537	17.555843	0.000000	
168.900000	-12.566173	17.536951	0.000000	
168.950000	-12.549763	17.518099	0.000000	
169.000000	-12.533294	17.499298	0.000000	
169.050000	-12.516774	17.480542	0.000000	
169.100000	-12.500180	17.461853	0.000000	
169.150000	-12.483519	17.443222	0.000000	
169.200000	-12.466794	17.424646	0.000000	
169.250000	-12.450011	17.406124	0.000000	
169.300000	-12.433188	17.387637	0.000000	
169.350000	-12.416319	17.369192	0.000000	
169.400000	-12.399416	17.350776	0.000000	
169.450000	-12.382460	17.332409	0.000000	
169.500000	-12.365462	17.314080	0.000000	
169.550000	-12.348435	17.295778	0.000000	
169.600000	-12.331390	17.277492	0.000000	
169.650000	-12.314320	17.259229	0.000000	
169.700000	-12.297224	17.240990	0.000000	
169.750000	-12.280110	17.222767	0.000000	
169.800000	-12.262977	17.204562	0.000000	
169.850000	-12.245836	17.186364	0.000000	
169.900000	-12.228679	17.168182	0.000000	
169.950000	-12.211496	17.150023	0.000000	
170.000000	-12.194291	17.131886	0.000000	
170.050000	-12.177072	17.113762	0.000000	
170.100000	-12.159838	17.095653	0.000000	
170.150000	-12.142590	17.077556	0.000000	
170.200000	-12.125328	17.059474	0.000000	
170.250000	-12.108065	17.041392	0.000000	
170.300000	-12.090811	17.023302	0.000000	
170.350000	-12.073554	17.005214	0.000000	
170.400000	-12.056292	16.987132	0.000000	
170.450000	-12.039035	16.969045	0.000000	
170.500000	-12.021784	16.950952	0.000000	
170.550000	-12.004548	16.932844	0.000000	
170.600000	-11.987309	16.914740	0.000000	
170.650000	-11.970073	16.896632	0.000000	
170.700000	-11.952857	16.878507	0.000000	
170.750000	-11.935656	16.860367	0.000000	
170.800000	-11.918471	16.842213	0.000000	
170.850000	-11.901305	16.824041	0.000000	
170.900000	-11.884160	16.805849	0.000000	
170.950000	-11.867044	16.787631	0.000000	
171.000000	-11.849945	16.769396	0.000000	
171.050000	-11.832867	16.751141	0.000000	
171.100000	-11.815813	16.732864	0.000000	
171.150000	-11.798793	16.714555	0.000000	
171.200000	-11.781828	16.696195	0.000000	
171.250000	-11.764919	16.677783	0.000000	
171.300000	-11.748058	16.659329	0.000000	
171.350000	-11.731235	16.640840	0.000000	
171.400000	-11.714453	16.622314	0.000000	
171.450000	-11.697701	16.603760	0.000000	
171.500000	-11.680973	16.585186	0.000000	
171.550000	-11.664266	16.566591	0.000000	
171.600000	-11.647575	16.547982	0.000000	
171.650000	-11.630910	16.529349	0.000000	
171.700000	-11.614254	16.510708	0.000000	
171.750000	-11.597600	16.492065	0.000000	
171.800000	-11.580952	16.473416	0.000000	
171.850000	-11.564323	16.454752	0.000000	
171.900000	-11.547711	16.436071	0.000000	
171.950000	-11.531124	16.417368	0.000000	
172.000000	-11.514558	16.398647	0.000000	
172.050000	-11.498026	16.379896	0.000000	
172.100000	-11.481522	16.361119	0.000000	
172.150000	-11.465037	16.342326	0.000000	
172.200000	-11.448577	16.323511	0.000000	
172.250000	-11.432131	16.304684	0.000000	
172.300000	-11.415681	16.285860	0.000000	
172.350000	-11.399211	16.267054	0.000000	
172.400000	-11.382719	16.248267	0.000000	
172.450000	-11.366202	16.229502	0.000000	
172.500000	-11.349662	16.210759	0.000000	
172.550000	-11.333103	16.192032	0.000000	
172.600000	-11.316548	16.173302	0.000000	
172.650000	-11.299991	16.154574	0.000000	
172.700000	-11.283444	16.135836	0.000000	
172.750000	-11.266900	16.117096	0.000000	
172.800000	-11.250364	16.098349	0.000000	
172.850000	-11.233837	16.079594	0.000000	
172.900000	-11.217311	16.060838	0.000000	
172.950000	-11.200784	16.042082	0.000000	
173.000000	-11.184256	16.023328	0.000000	
173.050000	-11.167726	16.004575	0.000000	
173.100000	-11.151202	15.985818	0.000000	
173.150000	-11.134680	15.967059	0.000000	
173.200000	-11.118173	15.948286	0.000000	
173.250000	-11.101682	15.929501	0.000000	
173.300000	-11.085200	15.910707	0.000000	
173.350000	-11.068749	15.891888	0.000000	
173.400000	-11.052343	15.873031	0.000000	
173.450000	-11.035996	15.854124	0.000000	
173.500000	-11.019703	15.835170	0.000000	
173.550000	-11.003474	15.816161	0.000000	
173.600000	-10.987307	15.797099	0.000000	
173.650000	-10.971189	15.777995	0.000000	
173.700000	-10.955135	15.758837	0.000000	
173.750000	-10.939131	15.739638	0.000000	
173.800000	-10.923183	15.720393	0.000000	
173.850000	-10.907288	15.701102	0.000000	
173.900000	-10.891448	15.681767	0.000000	
173.950000	-10.875672	15.662379	0.000000	
174.000000	-10.859964	15.642937	0.000000	
174.050000	-10.844315	15.623446	0.000000	
174.100000	-10.828728	15.603906	0.000000	
174.150000	-10.813193	15.584323	0.000000	
174.200000	-10.797733	15.564682	0.000000	
174.250000	-10.782333	15.544993	0.000000	
174.300000	-10.766973	15.525272	0.000000	
174.350000	-10.751662	15.505514	0.000000	
174.400000	-10.736378	15.485733	0.000000	
174.450000	-10.721129	15.465926	0.000000	
174.500000	-10.705908	15.446097	0.000000	
174.550000	-10.690725	15.426239	0.000000	
174.600000	-10.675586	15.406346	0.000000	
174.650000	-10.660489	15.386423	0.000000	
174.700000	-10.645430	15.366469	0.000000	
174.750000	-10.630401	15.346493	0.000000	
174.800000	-10.615411	15.326488	0.000000	
174.850000	-10.600456	15.306455	0.000000	
174.900000	-10.585547	15.286389	0.000000	
174.950000	-10.570672	15.266297	0.000000	
175.000000	-10.555815	15.246192	0.000000	
175.050000	-10.540982	15.226069	0.000000	
175.100000	-10.526185	15.205920	0.000000	
175.150000	-10.511430	15.185740	0.000000	
175.200000	-10.496696	15.165545	0.000000	
175.250000	-10.481965	15.145348	0.000000	
175.300000	-10.467250	15.125140	0.000000	
175.350000	-10.452563	15.104911	0.000000	
175.400000	-10.437889	15.084672	0.000000	
175.450000	-10.423235	15.064419	0.000000	
175.500000	-10.408596	15.044154	0.000000	
175.550000	-10.393963	15.023885	0.000000	
175.600000	-10.379324	15.003620	0.000000	
175.650000	-10.364671	14.983366	0.000000	
175.700000	-10.350008	14.963119	0.000000	
175.750000	-10.335346	14.942872	0.000000	
175.800000	-10.320683	14.922625	0.000000	
175.850000	-10.306010	14.902386	0.000000	
175.900000	-10.291347	14.882139	0.000000	
175.950000	-10.276684	14.861892	0.000000	
176.000000	-10.262013	14.841651	0.000000	
176.050000	-10.247356	14.821400	0.000000	
176.100000	-10.232694	14.801153	0.000000	
176.150000	-10.218019	14.780914	0.000000	
176.200000	-10.203335	14.760683	0.000000	
176.250000	-10.188666	14.740441	0.000000	
176.300000	-10.174010	14.720189	0.000000	
176.350000	-10.159359	14.699934	0.000000	
176.400000	-10.144717	14.679672	0.000000	
176.450000	-10.130099	14.659393	0.000000	
176.500000	-10.115495	14.639105	0.000000	
176.550000	-10.100905	14.618807	0.000000	
176.600000	-10.086336	14.598493	0.000000	
176.650000	-10.071792	14.578161	0.000000	
176.700000	-10.057291	14.557798	0.000000	
176.750000	-10.042818	14.537414	0.000000	
176.800000	-10.028366	14.517016	0.000000	
176.850000	-10.013937	14.496601	0.000000	
176.900000	-9.999525	14.476174	0.000000	
176.950000	-9.985114	14.455746	0.000000	
177.000000	-9.970696	14.435324	0.000000	
177.050000	-9.956289	14.414893	0.000000	
177.100000	-9.941883	14.394462	0.000000	
177.150000	-9.927491	14.374021	0.000000	
177.200000	-9.913115	14.353568	0.000000	
177.250000	-9.898747	14.333110	0.000000	
177.300000	-9.884363	14.312663	0.000000	
177.350000	-9.869968	14.292224	0.000000	
177.400000	-9.855553	14.271799	0.000000	
177.450000	-9.841119	14.251388	0.000000	
177.500000	-9.826652	14.231001	0.000000	
177.550000	-9.812171	14.210623	0.000000	
177.600000	-9.797681	14.190251	0.000000	
177.650000	-9.783198	14.169875	0.000000	
177.700000	-9.768726	14.149491	0.000000	
177.750000	-9.754264	14.129101	0.000000	
177.800000	-9.739826	14.108694	0.000000	
177.850000	-9.725406	14.088274	0.000000	
177.900000	-9.710989	14.067853	0.000000	
177.950000	-9.696589	14.047419	0.000000	
178.000000	-9.682226	14.026960	0.000000	
178.050000	-9.667912	14.006468	0.000000	
178.100000	-9.653646	13.985943	0.000000	
178.150000	-9.639437	13.965381	0.000000	
178.200000	-9.625276	13.944786	0.000000	
178.250000	-9.611165	13.924159	0.000000	
178.300000	-9.597102	13.903500	0.000000	
178.350000	-9.583090	13.882806	0.000000	
178.400000	-9.569148	13.862065	0.000000	
178.450000	-9.555290	13.841268	0.000000	
178.500000	-9.541519	13.820414	0.000000	
178.550000	-9.527854	13.799489	0.000000	
178.600000	-9.514281	13.778504	0.000000	
178.650000	-9.500805	13.757457	0.000000	
178.700000	-9.487421	13.736351	0.000000	
178.750000	-9.474145	13.715178	0.000000	
178.800000	-9.460978	13.693941	0.000000	
178.850000	-9.447914	13.672642	0.000000	
178.900000	-9.434962	13.651276	0.000000	
178.950000	-9.422169	13.629818	0.000000	
179.000000	-9.409550	13.608262	0.000000	
179.050000	-9.397115	13.586606	0.000000	
179.100000	-9.384896	13.564838	0.000000	
179.150000	-9.372895	13.542961	0.000000	
179.200000	-9.361140	13.520969	0.000000	
179.250000	-9.349684	13.498840	0.000000	
179.300000	-9.338550	13.476572	0.000000	
179.350000	-9.327760	13.454157	0.000000	
179.400000	-9.317365	13.431581	0.000000	
179.450000	-9.307399	13.408843	0.000000	
179.500000	-9.297886	13.385941	0.000000	
179.550000	-9.288837	13.362880	0.000000	
179.600000	-9.280247	13.339663	0.000000	
179.650000	-9.272134	13.316287	0.000000	
179.700000	-9.264489	13.292759	0.000000	
179.750000	-9.257322	13.269079	0.000000	
179.800000	-9.250627	13.245260	0.000000	
179.850000	-9.244401	13.221303	0.000000	
179.900000	-9.238638	13.197213	0.000000	
179.950000	-9.233323	13.172991	0.000000	
180.000000	-9.228432	13.148655	0.000000	
180.050000	-9.223945	13.124215	0.000000	
180.100000	-9.219827	13.099681	0.000000	
180.150000	-9.216046	13.075068	0.000000	
180.200000	-9.212599	13.050382	0.000000	
180.250000	-9.209444	13.025636	0.000000	
180.300000	-9.206519	13.000846	0.000000	
180.350000	-9.203800	12.976020	0.000000	
180.400000	-9.201265	12.951163	0.000000	
180.450000	-9.198867	12.926286	0.000000	
180.500000	-9.196561	12.901396	0.000000	
180.550000	-9.194325	12.876499	0.000000	
180.600000	-9.192138	12.851597	0.000000	
180.650000	-9.190007	12.826689	0.000000	
180.700000	-9.187910	12.801778	0.000000	
180.750000	-9.185855	12.776863	0.000000	
180.800000	-9.183835	12.751945	0.000000	
180.850000	-9.181820	12.727027	0.000000	
180.900000	-9.179817	12.702108	0.000000	
180.950000	-9.177834	12.677188	0.000000	
181.000000	-9.175865	12.652267	0.000000	
181.050000	-9.173917	12.627344	0.000000	
181.100000	-9.171974	12.602420	0.000000	
181.150000	-9.170056	12.577495	0.000000	
181.200000	-9.168170	12.552568	0.000000	
181.250000	-9.166287	12.527640	0.000000	
181.300000	-9.164410	12.502712	0.000000	
181.350000	-9.162542	12.477783	0.000000	
181.400000	-9.160673	12.452854	0.000000	
181.450000	-9.158798	12.427926	0.000000	
181.500000	-9.156908	12.402999	0.000000	
181.550000	-9.154998	12.378074	0.000000	
181.600000	-9.153082	12.353150	0.000000	
181.650000	-9.151144	12.328228	0.000000	
181.700000	-9.149189	12.303307	0.000000	
181.750000	-9.147234	12.278386	0.000000	
181.800000	-9.145262	12.253466	0.000000	
181.850000	-9.143271	12.228548	0.000000	
181.900000	-9.141284	12.203629	0.000000	
181.950000	-9.139293	12.178711	0.000000	
182.000000	-9.137292	12.153793	0.000000	
182.050000	-9.135282	12.128876	0.000000	
182.100000	-9.133228	12.103963	0.000000	
182.150000	-9.131158	12.079051	0.000000	
182.200000	-9.129079	12.054139	0.000000	
182.250000	-9.126977	12.029229	0.000000	
182.300000	-9.124862	12.004320	0.000000	
182.350000	-9.122721	11.979413	0.000000	
182.400000	-9.120570	11.954507	0.000000	
182.450000	-9.118405	11.929603	0.000000	
182.500000	-9.116231	11.904699	0.000000	
182.550000	-9.114074	11.879793	0.000000	
182.600000	-9.111924	11.854887	0.000000	
182.650000	-9.109751	11.829983	0.000000	
182.700000	-9.107582	11.805079	0.000000	
182.750000	-9.105400	11.780176	0.000000	
182.800000	-9.103186	11.755276	0.000000	
182.850000	-9.100933	11.730380	0.000000	
182.900000	-9.098621	11.705490	0.000000	
182.950000	-9.096253	11.680605	0.000000	
183.000000	-9.093818	11.655728	0.000000	
183.050000	-9.091333	11.630854	0.000000	
183.100000	-9.088829	11.605983	0.000000	
183.150000	-9.086329	11.581111	0.000000	
183.200000	-9.083833	11.556239	0.000000	
183.250000	-9.081350	11.531366	0.000000	
183.300000	-9.078888	11.506491	0.000000	
183.350000	-9.076444	11.481616	0.000000	
183.400000	-9.074043	11.456736	0.000000	
183.450000	-9.071685	11.431854	0.000000	
183.500000	-9.069375	11.406968	0.000000	
183.550000	-9.067100	11.382079	0.000000	
183.600000	-9.064846	11.357189	0.000000	
183.650000	-9.062638	11.332294	0.000000	
183.700000	-9.060486	11.307395	0.000000	
183.750000	-9.058359	11.282494	0.000000	
183.800000	-9.056270	11.257590	0.000000	
183.850000	-9.054233	11.232681	0.000000	
183.900000	-9.052241	11.207767	0.000000	
183.950000	-9.050304	11.182848	0.000000	
184.000000	-9.048399	11.157925	0.000000	
184.050000	-9.046544	11.132997	0.000000	
184.100000	-9.044714	11.108066	0.000000	
184.150000	-9.042905	11.083134	0.000000	
184.200000	-9.041102	11.058201	0.000000	
184.250000	-9.039280	11.033269	0.000000	
184.300000	-9.037433	11.008340	0.000000	
184.350000	-9.035555	10.983412	0.000000	
184.400000	-9.033642	10.958488	0.000000	
184.450000	-9.031700	10.933566	0.000000	
184.500000	-9.029734	10.908645	0.000000	
184.550000	-9.027753	10.883725	0.000000	
184.600000	-9.025774	10.858805	0.000000	
184.650000	-9.023807	10.833884	0.000000	
184.700000	-9.021820	10.808964	0.000000	
184.750000	-9.019825	10.784045	0.000000	
184.800000	-9.017830	10.759126	0.000000	
184.850000	-9.015836	10.734207	0.000000	
184.900000	-9.013855	10.709287	0.000000	
184.950000	-9.011901	10.684365	0.000000	
185.000000	-9.009979	10.659442	0.000000	
185.050000	-9.008116	10.634513	0.000000	
185.100000	-9.006307	10.609582	0.000000	
185.150000	-9.004572	10.584646	0.000000	
185.200000	-9.002890	10.559707	0.000000	
185.250000	-9.001265	10.534765	0.000000	
185.300000	-8.999713	10.509817	0.000000	
185.350000	-8.998228	10.484866	0.000000	
185.400000	-8.996819	10.459910	0.000000	
185.450000	-8.995489	10.434950	0.000000	
185.500000	-8.994240	10.409986	0.000000	
185.550000	-8.993075	10.385018	0.000000	
185.600000	-8.991992	10.360048	0.000000	
185.650000	-8.991000	10.335075	0.000000	
185.700000	-8.990112	10.310099	0.000000	
185.750000	-8.989370	10.285122	0.000000	
185.800000	-8.988781	10.260144	0.000000	
185.850000	-8.988362	10.235165	0.000000	
185.900000	-8.988140	10.210190	0.000000	
185.950000	-8.988125	10.185221	0.000000	
186.000000	-8.988328	10.160260	0.000000	
186.050000	-8.988778	10.135310	0.000000	
186.100000	-8.989470	10.110375	0.000000	
186.150000	-8.990411	10.085456	0.000000	
186.200000	-8.991627	10.060561	0.000000	
186.250000	-8.993134	10.035691	0.000000	
186.300000	-8.994963	10.010852	0.000000	
186.350000	-8.997121	9.986048	0.000000	
186.400000	-8.999625	9.961284	0.000000	
186.450000	-9.002478	9.936565	0.000000	
186.500000	-9.005714	9.911897	0.000000	
186.550000	-9.009328	9.887286	0.000000	
186.600000	-9.013334	9.862740	0.000000	
186.650000	-9.017741	9.838263	0.000000	
186.700000	-9.022526	9.813850	0.000000	
186.750000	-9.027666	9.789501	0.000000	
186.800000	-9.033121	9.765209	0.000000	
186.850000	-9.038896	9.740981	0.000000	
186.900000	-9.044988	9.716818	0.000000	
186.950000	-9.051350	9.692715	0.000000	
187.000000	-9.057969	9.668672	0.000000	
187.050000	-9.064841	9.644690	0.000000	
187.100000	-9.071920	9.620759	0.000000	
187.150000	-9.079188	9.596874	0.000000	
187.200000	-9.086639	9.573037	0.000000	
187.250000	-9.094227	9.549236	0.000000	
187.300000	-9.101954	9.525474	0.000000	
187.350000	-9.109778	9.501738	0.000000	
187.400000	-9.117686	9.478028	0.000000	
187.450000	-9.125656	9.454335	0.000000	
187.500000	-9.133668	9.430656	0.000000	
187.550000	-9.141700	9.406982	0.000000	
187.600000	-9.149733	9.383309	0.000000	
187.650000	-9.157749	9.359631	0.000000	
187.700000	-9.165737	9.335942	0.000000	
187.750000	-9.173713	9.312250	0.000000	
187.800000	-9.181679	9.288554	0.000000	
187.850000	-9.189653	9.264862	0.000000	
187.900000	-9.197610	9.241163	0.000000	
187.950000	-9.205546	9.217457	0.000000	
188.000000	-9.213469	9.193747	0.000000	
188.050000	-9.221373	9.170030	0.000000	
188.100000	-9.229263	9.146308	0.000000	
188.150000	-9.237168	9.122591	0.000000	
188.200000	-9.245103	9.098885	0.000000	
188.250000	-9.253050	9.075184	0.000000	
188.300000	-9.261019	9.051489	0.000000	
188.350000	-9.269007	9.027802	0.000000	
188.400000	-9.277017	9.004122	0.000000	
188.450000	-9.285035	8.980444	0.000000	
188.500000	-9.293072	8.956773	0.000000	
188.550000	-9.301136	8.933111	0.000000	
188.600000	-9.309229	8.909459	0.000000	
188.650000	-9.317357	8.885819	0.000000	
188.700000	-9.325517	8.862189	0.000000	
188.750000	-9.333722	8.838576	0.000000	
188.800000	-9.341962	8.814975	0.000000	
188.850000	-9.350237	8.791385	0.000000	
188.900000	-9.358524	8.767801	0.000000	
188.950000	-9.366826	8.744221	0.000000	
189.000000	-9.375141	8.720645	0.000000	
189.050000	-9.383480	8.697078	0.000000	
189.100000	-9.391847	8.673520	0.000000	
189.150000	-9.400212	8.649962	0.000000	
189.200000	-9.408546	8.626394	0.000000	
189.250000	-9.416849	8.602814	0.000000	
189.300000	-9.425140	8.579230	0.000000	
189.350000	-9.433435	8.555648	0.000000	
189.400000	-9.441727	8.532064	0.000000	
189.450000	-9.450040	8.508488	0.000000	
189.500000	-9.458388	8.484925	0.000000	
189.550000	-9.466773	8.461375	0.000000	
189.600000	-9.475209	8.437844	0.000000	
189.650000	-9.483698	8.414333	0.000000	
189.700000	-9.492242	8.390844	0.000000	
189.750000	-9.500836	8.367373	0.000000	
189.800000	-9.509453	8.343912	0.000000	
189.850000	-9.518085	8.320456	0.000000	
189.900000	-9.526723	8.297003	0.000000	
189.950000	-9.535385	8.273558	0.000000	
190.000000	-9.544075	8.250123	0.000000	
190.050000	-9.552800	8.226701	0.000000	
190.100000	-9.561557	8.203291	0.000000	
190.150000	-9.570353	8.179896	0.000000	
190.200000	-9.579221	8.156528	0.000000	
190.250000	-9.588165	8.133187	0.000000	
190.300000	-9.597192	8.109879	0.000000	
190.350000	-9.606288	8.086596	0.000000	
190.400000	-9.615434	8.063333	0.000000	
190.450000	-9.624625	8.040087	0.000000	
190.500000	-9.633839	8.016849	0.000000	
190.550000	-9.643075	7.993620	0.000000	
190.600000	-9.652317	7.970393	0.000000	
190.650000	-9.661556	7.947166	0.000000	
190.700000	-9.670791	7.923936	0.000000	
190.750000	-9.680009	7.900699	0.000000	
190.800000	-9.689218	7.877459	0.000000	
190.850000	-9.698431	7.854221	0.000000	
190.900000	-9.707665	7.830991	0.000000	
190.950000	-9.716920	7.807769	0.000000	
191.000000	-9.726194	7.784554	0.000000	
191.050000	-9.735484	7.761345	0.000000	
191.100000	-9.744793	7.738144	0.000000	
191.150000	-9.754094	7.714939	0.000000	
191.200000	-9.763377	7.691728	0.000000	
191.250000	-9.772626	7.668502	0.000000	
191.300000	-9.781855	7.645269	0.000000	
191.350000	-9.791061	7.622027	0.000000	
191.400000	-9.800264	7.598783	0.000000	
191.450000	-9.809456	7.575535	0.000000	
191.500000	-9.818640	7.552283	0.000000	
191.550000	-9.827828	7.529033	0.000000	
191.600000	-9.837021	7.505786	0.000000	
191.650000	-9.846222	7.482541	0.000000	
191.700000	-9.855426	7.459298	0.000000	
191.750000	-9.864646	7.436061	0.000000	
191.800000	-9.873876	7.412828	0.000000	
191.850000	-9.883116	7.389599	0.000000	
191.900000	-9.892360	7.366372	0.000000	
191.950000	-9.901591	7.343140	0.000000	
192.000000	-9.910822	7.319907	0.000000	
192.050000	-9.920050	7.296674	0.000000	
192.100000	-9.929282	7.273442	0.000000	
192.150000	-9.938517	7.250211	0.000000	
192.200000	-9.947781	7.226992	0.000000	
192.250000	-9.957083	7.203788	0.000000	
192.300000	-9.966413	7.180595	0.000000	
192.350000	-9.975757	7.157408	0.000000	
192.400000	-9.985091	7.134217	0.000000	
192.450000	-9.994415	7.111022	0.000000	
192.500000	-10.003746	7.087829	0.000000	
192.550000	-10.013099	7.064646	0.000000	
192.600000	-10.022479	7.041473	0.000000	
192.650000	-10.031880	7.018310	0.000000	
192.700000	-10.041328	6.995166	0.000000	
192.750000	-10.050852	6.972056	0.000000	
192.800000	-10.060469	6.948990	0.000000	
192.850000	-10.070197	6.925976	0.000000	
192.900000	-10.080065	6.903030	0.000000	
192.950000	-10.090096	6.880166	0.000000	
193.000000	-10.100332	6.857405	0.000000	
193.050000	-10.110787	6.834758	0.000000	
193.100000	-10.121499	6.812249	0.000000	
193.150000	-10.132499	6.789903	0.000000	
193.200000	-10.143790	6.767725	0.000000	
193.250000	-10.155382	6.745728	0.000000	
193.300000	-10.167288	6.723927	0.000000	
193.350000	-10.179540	6.702343	0.000000	
193.400000	-10.192165	6.680997	0.000000	
193.450000	-10.205190	6.659907	0.000000	
193.500000	-10.218618	6.639083	0.000000	
193.550000	-10.232450	6.618532	0.000000	
193.600000	-10.246676	6.598250	0.000000	
193.650000	-10.261287	6.578231	0.000000	
193.700000	-10.276272	6.558462	0.000000	
193.750000	-10.291606	6.538934	0.000000	
193.800000	-10.307251	6.519624	0.000000	
193.850000	-10.323174	6.500516	0.000000	
193.900000	-10.339369	6.481608	0.000000	
193.950000	-10.355796	6.462873	0.000000	
194.000000	-10.372431	6.444295	0.000000	
194.050000	-10.389239	6.425852	0.000000	
194.100000	-10.406216	6.407543	0.000000	
194.150000	-10.423330	6.389347	0.000000	
194.200000	-10.440559	6.371251	0.000000	
194.250000	-10.457884	6.353240	0.000000	
194.300000	-10.475280	6.335293	0.000000	
194.350000	-10.492718	6.317382	0.000000	
194.400000	-10.510167	6.299483	0.000000	
194.450000	-10.527623	6.281590	0.000000	
194.500000	-10.545065	6.263684	0.000000	
194.550000	-10.562470	6.245742	0.000000	
194.600000	-10.579830	6.227756	0.000000	
194.650000	-10.597135	6.209717	0.000000	
194.700000	-10.614397	6.191636	0.000000	
194.750000	-10.631631	6.173529	0.000000	
194.800000	-10.648831	6.155388	0.000000	
194.850000	-10.666011	6.137229	0.000000	
194.900000	-10.683165	6.119046	0.000000	
194.950000	-10.700298	6.100841	0.000000	
195.000000	-10.717417	6.082625	0.000000	
195.050000	-10.734518	6.064391	0.000000	
195.100000	-10.751602	6.046142	0.000000	
195.150000	-10.768654	6.027863	0.000000	
195.200000	-10.785658	6.009541	0.000000	
195.250000	-10.802602	5.991163	0.000000	
195.300000	-10.819485	5.972729	0.000000	
195.350000	-10.836310	5.954242	0.000000	
195.400000	-10.853083	5.935709	0.000000	
195.450000	-10.869811	5.917137	0.000000	
195.500000	-10.886473	5.898506	0.000000	
195.550000	-10.903068	5.879817	0.000000	
195.600000	-10.919587	5.861064	0.000000	
195.650000	-10.936016	5.842234	0.000000	
195.700000	-10.952357	5.823333	0.000000	
195.750000	-10.968586	5.804340	0.000000	
195.800000	-10.984711	5.785260	0.000000	
195.850000	-11.000733	5.766096	0.000000	
195.900000	-11.016650	5.746846	0.000000	
195.950000	-11.032484	5.727526	0.000000	
196.000000	-11.048221	5.708124	0.000000	
196.050000	-11.063859	5.688640	0.000000	
196.100000	-11.079421	5.669094	0.000000	
196.150000	-11.094907	5.649483	0.000000	
196.200000	-11.110330	5.629821	0.000000	
196.250000	-11.125690	5.610108	0.000000	
196.300000	-11.140998	5.590352	0.000000	
196.350000	-11.156262	5.570562	0.000000	
196.400000	-11.171496	5.550746	0.000000	
196.450000	-11.186696	5.530903	0.000000	
196.500000	-11.201862	5.511031	0.000000	
196.550000	-11.216993	5.491133	0.000000	
196.600000	-11.232091	5.471209	0.000000	
196.650000	-11.247158	5.451262	0.000000	
196.700000	-11.262209	5.431302	0.000000	
196.750000	-11.277239	5.411327	0.000000	
196.800000	-11.292253	5.391341	0.000000	
196.850000	-11.307248	5.371342	0.000000	
196.900000	-11.322225	5.351329	0.000000	
196.950000	-11.337173	5.331296	0.000000	
197.000000	-11.352102	5.311248	0.000000	
197.050000	-11.367028	5.291199	0.000000	
197.100000	-11.381985	5.271173	0.000000	
197.150000	-11.396983	5.251180	0.000000	
197.200000	-11.412047	5.231241	0.000000	
197.250000	-11.427193	5.211371	0.000000	
197.300000	-11.442445	5.191591	0.000000	
197.350000	-11.457821	5.171921	0.000000	
197.400000	-11.473334	5.152375	0.000000	
197.450000	-11.489000	5.132973	0.000000	
197.500000	-11.504840	5.113740	0.000000	
197.550000	-11.520880	5.094704	0.000000	
197.600000	-11.537149	5.075899	0.000000	
197.650000	-11.553687	5.057373	0.000000	
197.700000	-11.570533	5.039178	0.000000	
197.750000	-11.587706	5.021346	0.000000	
197.800000	-11.605231	5.003909	0.000000	
197.850000	-11.623121	4.986880	0.000000	
197.900000	-11.641385	4.970284	0.000000	
197.950000	-11.660034	4.954135	0.000000	
198.000000	-11.679078	4.938449	0.000000	
198.050000	-11.698495	4.923212	0.000000	
198.100000	-11.718279	4.908430	0.000000	
198.150000	-11.738409	4.894096	0.000000	
198.200000	-11.758860	4.880184	0.000000	
198.250000	-11.779613	4.866684	0.000000	
198.300000	-11.800648	4.853578	0.000000	
198.350000	-11.821944	4.840841	0.000000	
198.400000	-11.843484	4.828464	0.000000	
198.450000	-11.865250	4.816433	0.000000	
198.500000	-11.887220	4.804721	0.000000	
198.550000	-11.909376	4.793313	0.000000	
198.600000	-11.931693	4.782170	0.000000	
198.650000	-11.954145	4.771259	0.000000	
198.700000	-11.976706	4.760543	0.000000	
198.750000	-11.999355	4.749995	0.000000	
198.800000	-12.022065	4.739568	0.000000	
198.850000	-12.044826	4.729246	0.000000	
198.900000	-12.067632	4.719014	0.000000	
198.950000	-12.090469	4.708849	0.000000	
199.000000	-12.113330	4.698737	0.000000	
199.050000	-12.136206	4.688656	0.000000	
199.100000	-12.159102	4.678619	0.000000	
199.150000	-12.182008	4.668604	0.000000	
199.200000	-12.204920	4.658603	0.000000	
199.250000	-12.227840	4.648619	0.000000	
199.300000	-12.250767	4.638654	0.000000	
199.350000	-12.273701	4.628703	0.000000	
199.400000	-12.296648	4.618784	0.000000	
199.450000	-12.319602	4.608879	0.000000	
199.500000	-12.342553	4.598968	0.000000	
199.550000	-12.365503	4.589055	0.000000	
199.600000	-12.388450	4.579135	0.000000	
199.650000	-12.411405	4.569233	0.000000	
199.700000	-12.434372	4.559360	0.000000	
199.750000	-12.457349	4.549509	0.000000	
199.800000	-12.480328	4.539664	0.000000	
199.850000	-12.503320	4.529850	0.000000	
199.900000	-12.526325	4.520065	0.000000	
199.950000	-12.549345	4.510319	0.000000	
200.000000	-12.572381	4.500610	0.000000	
200.050000	-12.595432	4.490937	0.000000	
200.100000	-12.618503	4.481313	0.000000	
200.150000	-12.641590	4.471728	0.000000	
200.200000	-12.664698	4.462193	0.000000	
200.250000	-12.687828	4.452716	0.000000	
200.300000	-12.710988	4.443312	0.000000	
200.350000	-12.734168	4.433961	0.000000	
200.400000	-12.757375	4.424676	0.000000	
200.450000	-12.780603	4.415448	0.000000	
200.500000	-12.803851	4.406270	0.000000	
200.550000	-12.827124	4.397153	0.000000	
200.600000	-12.850424	4.388106	0.000000	
200.650000	-12.873752	4.379126	0.000000	
200.700000	-12.897094	4.370186	0.000000	
200.750000	-12.920456	4.361294	0.000000	
200.800000	-12.943844	4.352471	0.000000	
200.850000	-12.967260	4.343725	0.000000	
200.900000	-12.990703	4.335049	0.000000	
200.950000	-13.014171	4.326443	0.000000	
201.000000	-13.037658	4.317890	0.000000	
201.050000	-13.061161	4.309378	0.000000	
201.100000	-13.084686	4.300925	0.000000	
201.150000	-13.108228	4.292520	0.000000	
201.200000	-13.131789	4.284168	0.000000	
201.250000	-13.155367	4.275864	0.000000	
201.300000	-13.178955	4.267587	0.000000	
201.350000	-13.202549	4.259326	0.000000	
201.400000	-13.226154	4.251098	0.000000	
201.450000	-13.249765	4.242888	0.000000	
201.500000	-13.273388	4.234709	0.000000	
201.550000	-13.297030	4.226589	0.000000	
201.600000	-13.320692	4.218530	0.000000	
201.650000	-13.344366	4.210503	0.000000	
201.700000	-13.368048	4.202498	0.000000	
201.750000	-13.391744	4.194533	0.000000	
201.800000	-13.415451	4.186601	0.000000	
201.850000	-13.439169	4.178701	0.000000	
201.900000	-13.462893	4.170821	0.000000	
201.950000	-13.486626	4.162967	0.000000	
202.000000	-13.510369	4.155147	0.000000	
202.050000	-13.534131	4.147386	0.000000	
202.100000	-13.557915	4.139696	0.000000	
202.150000	-13.581720	4.132072	0.000000	
202.200000	-13.605548	4.124526	0.000000	
202.250000	-13.629400	4.117063	0.000000	
202.300000	-13.653280	4.109691	0.000000	
202.350000	-13.677190	4.102428	0.000000	
202.400000	-13.701132	4.095272	0.000000	
202.450000	-13.725099	4.088205	0.000000	
202.500000	-13.749094	4.081231	0.000000	
202.550000	-13.773113	4.074341	0.000000	
202.600000	-13.797153	4.067524	0.000000	
202.650000	-13.821214	4.060786	0.000000	
202.700000	-13.845304	4.054158	0.000000	
202.750000	-13.869427	4.047638	0.000000	
202.800000	-13.893579	4.041221	0.000000	
202.850000	-13.917755	4.034890	0.000000	
202.900000	-13.941953	4.028634	0.000000	
202.950000	-13.966169	4.022441	0.000000	
203.000000	-13.990395	4.016285	0.000000	
203.050000	-14.014631	4.010163	0.000000	
203.100000	-14.038870	4.004054	0.000000	
203.150000	-14.063116	3.997967	0.000000	
203.200000	-14.087365	3.991892	0.000000	
203.250000	-14.111618	3.985835	0.000000	
203.300000	-14.135872	3.979781	0.000000	
203.350000	-14.160125	3.973719	0.000000	
203.400000	-14.184376	3.967652	0.000000	
203.450000	-14.208628	3.961590	0.000000	
203.500000	-14.232886	3.955553	0.000000	
203.550000	-14.257150	3.949540	0.000000	
203.600000	-14.281415	3.943531	0.000000	
203.650000	-14.305676	3.937507	0.000000	
203.700000	-14.329928	3.931446	0.000000	
203.750000	-14.354168	3.925335	0.000000	
203.800000	-14.378401	3.919201	0.000000	
203.850000	-14.402629	3.913042	0.000000	
203.900000	-14.426851	3.906861	0.000000	
203.950000	-14.451068	3.900663	0.000000	
204.000000	-14.475289	3.894475	0.000000	
204.050000	-14.499512	3.888300	0.000000	
204.100000	-14.523737	3.882128	0.000000	
204.150000	-14.547960	3.875955	0.000000	
204.200000	-14.572178	3.869758	0.000000	
204.250000	-14.596385	3.863522	0.000000	
204.300000	-14.620582	3.857251	0.000000	
204.350000	-14.644768	3.850937	0.000000	
204.400000	-14.668939	3.844573	0.000000	
204.450000	-14.693094	3.838147	0.000000	
204.500000	-14.717226	3.831639	0.000000	
204.550000	-14.741332	3.825032	0.000000	
204.600000	-14.765414	3.818340	0.000000	
204.650000	-14.789473	3.811564	0.000000	
204.700000	-14.813506	3.804703	0.000000	
204.750000	-14.837525	3.797791	0.000000	
204.800000	-14.861532	3.790840	0.000000	
204.850000	-14.885524	3.783837	0.000000	
204.900000	-14.909505	3.776790	0.000000	
204.950000	-14.933470	3.769693	0.000000	
205.000000	-14.957422	3.762549	0.000000	
205.050000	-14.981353	3.755330	0.000000	
205.100000	-15.005268	3.748054	0.000000	
205.150000	-15.029162	3.740708	0.000000	
205.200000	-15.053035	3.733296	0.000000	
205.250000	-15.076892	3.725828	0.000000	
205.300000	-15.100732	3.718309	0.000000	
205.350000	-15.124555	3.710736	0.000000	
205.400000	-15.148363	3.703117	0.000000	
205.450000	-15.172157	3.695453	0.000000	
205.500000	-15.195941	3.687756	0.000000	
205.550000	-15.219723	3.680053	0.000000	
205.600000	-15.243505	3.672354	0.000000	
205.650000	-15.267280	3.664629	0.000000	
205.700000	-15.291055	3.656906	0.000000	
205.750000	-15.314840	3.649212	0.000000	
205.800000	-15.338625	3.641520	0.000000	
205.850000	-15.362407	3.633817	0.000000	
205.900000	-15.386190	3.626117	0.000000	
205.950000	-15.409975	3.618424	0.000000	
206.000000	-15.433768	3.610757	0.000000	
206.050000	-15.457566	3.603108	0.000000	
206.100000	-15.481376	3.595502	0.000000	
206.150000	-15.505201	3.587943	0.000000	
206.200000	-15.529046	3.580452	0.000000	
206.250000	-15.552918	3.573056	0.000000	
206.300000	-15.576818	3.565752	0.000000	
206.350000	-15.600749	3.558555	0.000000	
206.400000	-15.624705	3.551444	0.000000	
206.450000	-15.648687	3.544416	0.000000	
206.500000	-15.672692	3.537467	0.000000	
206.550000	-15.696716	3.530579	0.000000	
206.600000	-15.720753	3.523733	0.000000	
206.650000	-15.744797	3.516913	0.000000	
206.700000	-15.768854	3.510134	0.000000	
206.750000	-15.792925	3.503400	0.000000	
206.800000	-15.817001	3.496682	0.000000	
206.850000	-15.841088	3.490002	0.000000	
206.900000	-15.865189	3.483372	0.000000	
206.950000	-15.889299	3.476769	0.000000	
207.000000	-15.913413	3.470181	0.000000	
207.050000	-15.937527	3.463595	0.000000	
207.100000	-15.961641	3.457007	0.000000	
207.150000	-15.985752	3.450408	0.000000	
207.200000	-16.009858	3.443791	0.000000	
207.250000	-16.033956	3.437147	0.000000	
207.300000	-16.058038	3.430445	0.000000	
207.350000	-16.082109	3.423701	0.000000	
207.400000	-16.106170	3.416916	0.000000	
207.450000	-16.130221	3.410099	0.000000	
207.500000	-16.154266	3.403256	0.000000	
207.550000	-16.178307	3.396400	0.000000	
207.600000	-16.202345	3.389534	0.000000	
207.650000	-16.226377	3.382649	0.000000	
207.700000	-16.250413	3.375775	0.000000	
207.750000	-16.274456	3.368925	0.000000	
207.800000	-16.298503	3.362091	0.000000	
207.850000	-16.322561	3.355296	0.000000	
207.900000	-16.346623	3.348518	0.000000	
207.950000	-16.370684	3.341737	0.000000	
208.000000	-16.394747	3.334962	0.000000	
208.050000	-16.418814	3.328198	0.000000	
208.100000	-16.442884	3.321449	0.000000	
208.150000	-16.466964	3.314733	0.000000	
208.200000	-16.491050	3.308042	0.000000	
208.250000	-16.515146	3.301387	0.000000	
208.300000	-16.539254	3.294773	0.000000	
208.350000	-16.563374	3.288207	0.000000	
208.400000	-16.587504	3.281674	0.000000	
208.450000	-16.611636	3.275151	0.000000	
208.500000	-16.635777	3.268659	0.000000	
208.550000	-16.659924	3.262189	0.000000	
208.600000	-16.684073	3.255728	0.000000	
208.650000	-16.708224	3.249273	0.000000	
208.700000	-16.732383	3.242844	0.000000	
208.750000	-16.756539	3.236409	0.000000	
208.800000	-16.780691	3.229955	0.000000	
208.850000	-16.804838	3.223485	0.000000	
208.900000	-16.828975	3.216980	0.000000	
208.950000	-16.853108	3.210459	0.000000	
209.000000	-16.877239	3.203930	0.000000	
209.050000	-16.901370	3.197401	0.000000	
209.100000	-16.925499	3.190864	0.000000	
209.150000	-16.949623	3.184311	0.000000	
209.200000	-16.973735	3.177713	0.000000	
209.250000	-16.997838	3.171084	0.000000	
209.300000	-17.021934	3.164431	0.000000	
209.350000	-17.046021	3.157740	0.000000	
209.400000	-17.070096	3.151008	0.000000	
209.450000	-17.094157	3.144225	0.000000	
209.500000	-17.118204	3.137396	0.000000	
209.550000	-17.142230	3.130496	0.000000	
209.600000	-17.166237	3.123529	0.000000	
209.650000	-17.190224	3.116497	0.000000	
209.700000	-17.214190	3.109399	0.000000	
209.750000	-17.238136	3.102232	0.000000	
209.800000	-17.262064	3.095007	0.000000	
209.850000	-17.285972	3.087721	0.000000	
209.900000	-17.309863	3.080381	0.000000	
209.950000	-17.333747	3.073017	0.000000	
210.000000	-17.357634	3.065663	0.000000	
210.050000	-17.381535	3.058360	0.000000	
210.100000	-17.405455	3.051141	0.000000	
210.150000	-17.429405	3.044066	0.000000	
210.200000	-17.453397	3.037203	0.000000	
210.250000	-17.477437	3.030618	0.000000	
210.300000	-17.501526	3.024362	0.000000	
210.350000	-17.525655	3.018494	0.000000	
210.400000	-17.549824	3.013067	0.000000	
210.450000	-17.574028	3.008165	0.000000	
210.500000	-17.598258	3.003859	0.000000	
210.550000	-17.622507	3.000207	0.000000	
210.600000	-17.646763	2.997271	0.000000	
210.650000	-17.671013	2.995085	0.000000	
210.700000	-17.695247	2.993704	0.000000	
210.750000	-17.719452	2.993166	0.000000	
210.800000	-17.743620	2.993487	0.000000	
210.850000	-17.767750	2.994675	0.000000	
210.900000	-17.791846	2.996736	0.000000	
210.950000	-17.815904	2.999644	0.000000	
211.000000	-17.839921	3.003370	0.000000	
211.050000	-17.863886	3.007875	0.000000	
211.100000	-17.887780	3.013128	0.000000	
211.150000	-17.911593	3.019100	0.000000	
211.200000	-17.935314	3.025735	0.000000	
211.250000	-17.958938	3.032976	0.000000	
211.300000	-17.982466	3.040753	0.000000	
211.350000	-18.005894	3.049015	0.000000	
211.400000	-18.029219	3.057693	0.000000	
211.450000	-18.052447	3.066741	0.000000	
211.500000	-18.075581	3.076101	0.000000	
211.550000	-18.098634	3.085704	0.000000	
211.600000	-18.121622	3.095495	0.000000	
211.650000	-18.144566	3.105409	0.000000	
211.700000	-18.167481	3.115397	0.000000	
211.750000	-18.190381	3.125425	0.000000	
211.800000	-18.213284	3.135443	0.000000	
211.850000	-18.236197	3.145439	0.000000	
211.900000	-18.259115	3.155424	0.000000	
211.950000	-18.282038	3.165395	0.000000	
212.000000	-18.304970	3.175349	0.000000	
212.050000	-18.327907	3.185286	0.000000	
212.100000	-18.350856	3.195198	0.000000	
212.150000	-18.373822	3.205066	0.000000	
212.200000	-18.396813	3.214877	0.000000	
212.250000	-18.419831	3.224621	0.000000	
212.300000	-18.442869	3.234316	0.000000	
212.350000	-18.465918	3.243988	0.000000	
212.400000	-18.488975	3.253640	0.000000	
212.450000	-18.512042	3.263269	0.000000	
212.500000	-18.535120	3.272871	0.000000	
212.550000	-18.558216	3.282433	0.000000	
212.600000	-18.581327	3.291960	0.000000	
212.650000	-18.604445	3.301472	0.000000	
212.700000	-18.627566	3.310976	0.000000	
212.750000	-18.650692	3.320470	0.000000	
212.800000	-18.673829	3.329934	0.000000	
212.850000	-18.696967	3.339397	0.000000	
212.900000	-18.720111	3.348845	0.000000	
212.950000	-18.743267	3.358264	0.000000	
213.000000	-18.766428	3.367672	0.000000	
213.050000	-18.789591	3.377075	0.000000	
213.100000	-18.812757	3.386470	0.000000	
213.150000	-18.835925	3.395860	0.000000	
213.200000	-18.859098	3.405235	0.000000	
213.250000	-18.882276	3.414599	0.000000	
213.300000	-18.905451	3.423972	0.000000	
213.350000	-18.928625	3.433345	0.000000	
213.400000	-18.951801	3.442716	0.000000	
213.450000	-18.974986	3.452062	0.000000	
213.500000	-18.998181	3.461384	0.000000	
213.550000	-19.021387	3.470679	0.000000	
213.600000	-19.044599	3.479960	0.000000	
213.650000	-19.067817	3.489226	0.000000	
213.700000	-19.091047	3.498462	0.000000	
213.750000	-19.114287	3.507674	0.000000	
213.800000	-19.137530	3.516880	0.000000	
213.850000	-19.160766	3.526101	0.000000	
213.900000	-19.184002	3.535324	0.000000	
213.950000	-19.207226	3.544574	0.000000	
214.000000	-19.230435	3.553862	0.000000	
214.050000	-19.253630	3.563181	0.000000	
214.100000	-19.276805	3.572546	0.000000	
214.150000	-19.299956	3.581969	0.000000	
214.200000	-19.323080	3.591453	0.000000	
214.250000	-19.346174	3.601011	0.000000	
214.300000	-19.369229	3.610660	0.000000	
214.350000	-19.392247	3.620395	0.000000	
214.400000	-19.415230	3.630208	0.000000	
214.450000	-19.438185	3.640086	0.000000	
214.500000	-19.461112	3.650031	0.000000	
214.550000	-19.484017	3.660027	0.000000	
214.600000	-19.506890	3.670097	0.000000	
214.650000	-19.529735	3.680231	0.000000	
214.700000	-19.552549	3.690436	0.000000	
214.750000	-19.575335	3.700707	0.000000	
214.800000	-19.598097	3.711034	0.000000	
214.850000	-19.620841	3.721403	0.000000	
214.900000	-19.643573	3.731802	0.000000	
214.950000	-19.666296	3.742220	0.000000	
215.000000	-19.689014	3.752653	0.000000	
215.050000	-19.711733	3.763081	0.000000	
215.100000	-19.734455	3.773502	0.000000	
215.150000	-19.757180	3.783919	0.000000	
215.200000	-19.779899	3.794346	0.000000	
215.250000	-19.802611	3.804789	0.000000	
215.300000	-19.825313	3.815253	0.000000	
215.350000	-19.848018	3.825711	0.000000	
215.400000	-19.870734	3.836146	0.000000	
215.450000	-19.893461	3.846558	0.000000	
215.500000	-19.916196	3.856950	0.000000	
215.550000	-19.938942	3.867320	0.000000	
215.600000	-19.961689	3.877687	0.000000	
215.650000	-19.984442	3.888043	0.000000	
215.700000	-20.007207	3.898371	0.000000	
215.750000	-20.029989	3.908661	0.000000	
215.800000	-20.052783	3.918923	0.000000	
215.850000	-20.075588	3.929162	0.000000	
215.900000	-20.098399	3.939389	0.000000	
215.950000	-20.121205	3.949626	0.000000	
216.000000	-20.144006	3.959873	0.000000	
216.050000	-20.166803	3.970131	0.000000	
216.100000	-20.189595	3.980399	0.000000	
216.150000	-20.212386	3.990670	0.000000	
216.200000	-20.235183	4.000926	0.000000	
216.250000	-20.257989	4.011164	0.000000	
216.300000	-20.280808	4.021375	0.000000	
216.350000	-20.303640	4.031555	0.000000	
216.400000	-20.326477	4.041726	0.000000	
216.450000	-20.349308	4.051910	0.000000	
216.500000	-20.372130	4.062111	0.000000	
216.550000	-20.394945	4.072331	0.000000	
216.600000	-20.417741	4.082589	0.000000	
216.650000	-20.440523	4.092880	0.000000	
216.700000	-20.463284	4.103211	0.000000	
216.750000	-20.486027	4.113584	0.000000	
216.800000	-20.508746	4.124009	0.000000	
216.850000	-20.531439	4.134489	0.000000	
216.900000	-20.554108	4.145020	0.000000	
216.950000	-20.576749	4.155612	0.000000	
217.000000	-20.599369	4.166248	0.000000	
217.050000	-20.621970	4.176926	0.000000	
217.100000	-20.644561	4.187625	0.000000	
217.150000	-20.667144	4.198340	0.000000	
217.200000	-20.689724	4.209064	0.000000	
217.250000	-20.712303	4.219789	0.000000	
217.300000	-20.734883	4.230512	0.000000	
217.350000	-20.757464	4.241233	0.000000	
217.400000	-20.780044	4.251956	0.000000	
217.450000	-20.802625	4.262676	0.000000	
217.500000	-20.825210	4.273388	0.000000	
217.550000	-20.847799	4.284092	0.000000	
217.600000	-20.870392	4.294785	0.000000	
217.650000	-20.892999	4.305452	0.000000	
217.700000	-20.915611	4.316105	0.000000	
217.750000	-20.938233	4.326741	0.000000	
217.800000	-20.960849	4.337386	0.000000	
217.850000	-20.983466	4.348032	0.000000	
217.900000	-21.006081	4.358680	0.000000	
217.950000	-21.028698	4.369323	0.000000	
218.000000	-21.051327	4.379944	0.000000	
218.050000	-21.073966	4.390543	0.000000	
218.100000	-21.096618	4.401115	0.000000	
218.150000	-21.119283	4.411660	0.000000	
218.200000	-21.141955	4.422188	0.000000	
218.250000	-21.164633	4.432703	0.000000	
218.300000	-21.187310	4.443220	0.000000	
218.350000	-21.209984	4.453743	0.000000	
218.400000	-21.232649	4.464287	0.000000	
218.450000	-21.255312	4.474835	0.000000	
218.500000	-21.277972	4.485390	0.000000	
218.550000	-21.300631	4.495947	0.000000	
218.600000	-21.323295	4.506493	0.000000	
218.650000	-21.345967	4.517020	0.000000	
218.700000	-21.368644	4.527538	0.000000	
218.750000	-21.391339	4.538016	0.000000	
218.800000	-21.414056	4.548444	0.000000	
218.850000	-21.436796	4.558824	0.000000	
218.900000	-21.459558	4.569156	0.000000	
218.950000	-21.482350	4.579424	0.000000	
219.000000	-21.505169	4.589631	0.000000	
219.050000	-21.528010	4.599788	0.000000	
219.100000	-21.550875	4.609892	0.000000	
219.150000	-21.573756	4.619960	0.000000	
219.200000	-21.596654	4.629987	0.000000	
219.250000	-21.619575	4.639962	0.000000	
219.300000	-21.642518	4.649881	0.000000	
219.350000	-21.665486	4.659737	0.000000	
219.400000	-21.688483	4.669527	0.000000	
219.450000	-21.711508	4.679250	0.000000	
219.500000	-21.734555	4.688922	0.000000	
219.550000	-21.757627	4.698533	0.000000	
219.600000	-21.780731	4.708072	0.000000	
219.650000	-21.803856	4.717559	0.000000	
219.700000	-21.826995	4.727014	0.000000	
219.750000	-21.850143	4.736449	0.000000	
219.800000	-21.873275	4.745918	0.000000	
219.850000	-21.896387	4.755434	0.000000	
219.900000	-21.919472	4.765004	0.000000	
219.950000	-21.942505	4.774679	0.000000	
220.000000	-21.965467	4.784495	0.000000	
220.050000	-21.988319	4.794515	0.000000	
220.100000	-22.011038	4.804773	0.000000	
220.150000	-22.033596	4.815306	0.000000	
220.200000	-22.055956	4.826158	0.000000	
220.250000	-22.078083	4.837376	0.000000	
220.300000	-22.099925	4.849022	0.000000	
220.350000	-22.121434	4.861143	0.000000	
220.400000	-22.142572	4.873776	0.000000	
220.450000	-22.163325	4.886926	0.000000	
220.500000	-22.183668	4.900605	0.000000	
220.550000	-22.203592	4.914813	0.000000	
220.600000	-22.223079	4.929568	0.000000	
220.650000	-22.242110	4.944890	0.000000	
220.700000	-22.260692	4.960766	0.000000	
220.750000	-22.278821	4.977192	0.000000	
220.800000	-22.296508	4.994148	0.000000	
220.850000	-22.313763	5.011604	0.000000	
220.900000	-22.330581	5.029549	0.000000	
220.950000	-22.346960	5.047973	0.000000	
221.000000	-22.362918	5.066832	0.000000	
221.050000	-22.378477	5.086095	0.000000	
221.100000	-22.393658	5.105719	0.000000	
221.150000	-22.408497	5.125659	0.000000	
221.200000	-22.423015	5.145885	0.000000	
221.250000	-22.437245	5.166352	0.000000	
221.300000	-22.451222	5.187026	0.000000	
221.350000	-22.464978	5.207867	0.000000	
221.400000	-22.478546	5.228841	0.000000	
221.450000	-22.491953	5.249924	0.000000	
221.500000	-22.505213	5.271103	0.000000	
221.550000	-22.518359	5.292356	0.000000	
221.600000	-22.531409	5.313670	0.000000	
221.650000	-22.544391	5.335026	0.000000	
221.700000	-22.557324	5.356413	0.000000	
221.750000	-22.570212	5.377829	0.000000	
221.800000	-22.583076	5.399260	0.000000	
221.850000	-22.595927	5.420699	0.000000	
221.900000	-22.608773	5.442142	0.000000	
221.950000	-22.621629	5.463578	0.000000	
222.000000	-22.634516	5.484995	0.000000	
222.050000	-22.647449	5.506382	0.000000	
222.100000	-22.660420	5.527745	0.000000	
222.150000	-22.673443	5.549074	0.000000	
222.200000	-22.686516	5.570371	0.000000	
222.250000	-22.699633	5.591640	0.000000	
222.300000	-22.712800	5.612878	0.000000	
222.350000	-22.726000	5.634095	0.000000	
222.400000	-22.739256	5.655277	0.000000	
222.450000	-22.752569	5.676424	0.000000	
222.500000	-22.765944	5.697533	0.000000	
222.550000	-22.779371	5.718612	0.000000	
222.600000	-22.792834	5.739669	0.000000	
222.650000	-22.806320	5.760714	0.000000	
222.700000	-22.819807	5.781757	0.000000	
222.750000	-22.833289	5.802804	0.000000	
222.800000	-22.846768	5.823853	0.000000	
222.850000	-22.860221	5.844916	0.000000	
222.900000	-22.873640	5.866001	0.000000	
222.950000	-22.887027	5.887106	0.000000	
223.000000	-22.900389	5.908226	0.000000	
223.050000	-22.913713	5.929371	0.000000	
223.100000	-22.927003	5.950538	0.000000	
223.150000	-22.940269	5.971720	0.000000	
223.200000	-22.953514	5.992916	0.000000	
223.250000	-22.966739	6.014125	0.000000	
223.300000	-22.979968	6.035332	0.000000	
223.350000	-22.993210	6.056530	0.000000	
223.400000	-23.006467	6.077717	0.000000	
223.450000	-23.019739	6.098895	0.000000	
223.500000	-23.033051	6.120046	0.000000	
223.550000	-23.046393	6.141177	0.000000	
223.600000	-23.059766	6.162287	0.000000	
223.650000	-23.073188	6.183366	0.000000	
223.700000	-23.086661	6.204412	0.000000	
223.750000	-23.100202	6.225416	0.000000	
223.800000	-23.113824	6.246367	0.000000	
223.850000	-23.127511	6.267277	0.000000	
223.900000	-23.141271	6.288141	0.000000	
223.950000	-23.155098	6.308961	0.000000	
224.000000	-23.168986	6.329743	0.000000	
224.050000	-23.182918	6.350497	0.000000	
224.100000	-23.196903	6.371215	0.000000	
224.150000	-23.210936	6.391904	0.000000	
224.200000	-23.225010	6.412564	0.000000	
224.250000	-23.239120	6.433201	0.000000	
224.300000	-23.253262	6.453816	0.000000	
224.350000	-23.267410	6.474427	0.000000	
224.400000	-23.281560	6.495036	0.000000	
224.450000	-23.295728	6.515633	0.000000	
224.500000	-23.309900	6.536227	0.000000	
224.550000	-23.324060	6.556830	0.000000	
224.600000	-23.338233	6.577424	0.000000	
224.650000	-23.352420	6.598008	0.000000	
224.700000	-23.366606	6.618592	0.000000	
224.750000	-23.380806	6.639168	0.000000	
224.800000	-23.395022	6.659732	0.000000	
224.850000	-23.409234	6.680299	0.000000	
224.900000	-23.423445	6.700866	0.000000	
224.950000	-23.437663	6.721429	0.000000	
225.000000	-23.451887	6.741988	0.000000	
225.050000	-23.466111	6.762546	0.000000	
225.100000	-23.480346	6.783097	0.000000	
225.150000	-23.494577	6.803651	0.000000	
225.200000	-23.508784	6.824220	0.000000	
225.250000	-23.522969	6.844805	0.000000	
225.300000	-23.537136	6.865403	0.000000	
225.350000	-23.551275	6.886019	0.000000	
225.400000	-23.565401	6.906643	0.000000	
225.450000	-23.579522	6.927272	0.000000	
225.500000	-23.593640	6.947902	0.000000	
225.550000	-23.607759	6.968533	0.000000	
225.600000	-23.621886	6.989157	0.000000	
225.650000	-23.635997	7.009792	0.000000	
225.700000	-23.650115	7.030423	0.000000	
225.750000	-23.664257	7.051036	0.000000	
225.800000	-23.678431	7.071627	0.000000	
225.850000	-23.692615	7.092210	0.000000	
225.900000	-23.706833	7.112770	0.000000	
225.950000	-23.721080	7.133309	0.000000	
226.000000	-23.735358	7.153825	0.000000	
226.050000	-23.749667	7.174320	0.000000	
226.100000	-23.764020	7.194782	0.000000	
226.150000	-23.778414	7.215215	0.000000	
226.200000	-23.792849	7.235619	0.000000	
226.250000	-23.807326	7.255994	0.000000	
226.300000	-23.821829	7.276352	0.000000	
226.350000	-23.836365	7.296686	0.000000	
226.400000	-23.850932	7.316999	0.000000	
226.450000	-23.865530	7.337292	0.000000	
226.500000	-23.880129	7.357583	0.000000	
226.550000	-23.894719	7.377881	0.000000	
226.600000	-23.909289	7.398191	0.000000	
226.650000	-23.923832	7.418521	0.000000	
226.700000	-23.938371	7.438853	0.000000	
226.750000	-23.952885	7.459203	0.000000	
226.800000	-23.967370	7.479573	0.000000	
226.850000	-23.981813	7.499971	0.000000	
226.900000	-23.996230	7.520389	0.000000	
226.950000	-24.010620	7.540826	0.000000	
227.000000	-24.024989	7.561278	0.000000	
227.050000	-24.039337	7.581745	0.000000	
227.100000	-24.053659	7.602232	0.000000	
227.150000	-24.067959	7.622734	0.000000	
227.200000	-24.082243	7.643248	0.000000	
227.250000	-24.096523	7.663765	0.000000	
227.300000	-24.110824	7.684267	0.000000	
227.350000	-24.125152	7.704750	0.000000	
227.400000	-24.139484	7.725229	0.000000	
227.450000	-24.153824	7.745702	0.000000	
227.500000	-24.168157	7.766181	0.000000	
227.550000	-24.182500	7.786652	0.000000	
227.600000	-24.196849	7.807120	0.000000	
227.650000	-24.211223	7.827571	0.000000	
227.700000	-24.225633	7.847996	0.000000	
227.750000	-24.240074	7.868400	0.000000	
227.800000	-24.254572	7.888763	0.000000	
227.850000	-24.269115	7.909096	0.000000	
227.900000	-24.283706	7.929393	0.000000	
227.950000	-24.298343	7.949657	0.000000	
228.000000	-24.312995	7.969911	0.000000	
228.050000	-24.327649	7.990164	0.000000	
228.100000	-24.342265	8.010442	0.000000	
228.150000	-24.356822	8.030760	0.000000	
228.200000	-24.371282	8.051140	0.000000	
228.250000	-24.385610	8.071604	0.000000	
228.300000	-24.399751	8.092179	0.000000	
228.350000	-24.413665	8.112889	0.000000	
228.400000	-24.427316	8.133746	0.000000	
228.450000	-24.440655	8.154765	0.000000	
228.500000	-24.453653	8.175956	0.000000	
228.550000	-24.466263	8.197323	0.000000	
228.600000	-24.478425	8.218884	0.000000	
228.650000	-24.490121	8.240636	0.000000	
228.700000	-24.501322	8.262589	0.000000	
228.750000	-24.511990	8.284755	0.000000	
228.800000	-24.522107	8.307139	0.000000	
228.850000	-24.531625	8.329755	0.000000	
228.900000	-24.540535	8.352601	0.000000	
228.950000	-24.548808	8.375683	0.000000	
229.000000	-24.556441	8.399004	0.000000	
229.050000	-24.563440	8.422549	0.000000	
229.100000	-24.569796	8.446310	0.000000	
229.150000	-24.575539	8.470266	0.000000	
229.200000	-24.580678	8.494400	0.000000	
229.250000	-24.585240	8.518694	0.000000	
229.300000	-24.589240	8.543132	0.000000	
229.350000	-24.592739	8.567689	0.000000	
229.400000	-24.595759	8.592350	0.000000	
229.450000	-24.598341	8.617098	0.000000	
229.500000	-24.600539	8.641910	0.000000	
229.550000	-24.602371	8.666777	0.000000	
229.600000	-24.603883	8.691680	0.000000	
229.650000	-24.605137	8.716607	0.000000	
229.700000	-24.606156	8.741552	0.000000	
229.750000	-24.606975	8.766512	0.000000	
229.800000	-24.607630	8.791483	0.000000	
229.850000	-24.608139	8.816463	0.000000	
229.900000	-24.608525	8.841449	0.000000	
229.950000	-24.608797	8.866439	0.000000	
230.000000	-24.608979	8.891432	0.000000	
230.050000	-24.609065	8.916427	0.000000	
230.100000	-24.609077	8.941424	0.000000	
230.150000	-24.609025	8.966421	0.000000	
230.200000	-24.608910	8.991419	0.000000	
230.250000	-24.608751	9.016417	0.000000	
230.300000	-24.608559	9.041415	0.000000	
230.350000	-24.608334	9.066412	0.000000	
230.400000	-24.608063	9.091410	0.000000	
230.450000	-24.607761	9.116407	0.000000	
230.500000	-24.607436	9.141404	0.000000	
230.550000	-24.607110	9.166401	0.000000	
230.600000	-24.606780	9.191398	0.000000	
230.650000	-24.606471	9.216396	0.000000	
230.700000	-24.606190	9.241393	0.000000	
230.750000	-24.605945	9.266391	0.000000	
230.800000	-24.605724	9.291389	0.000000	
230.850000	-24.605530	9.316386	0.000000	
230.900000	-24.605362	9.341383	0.000000	
230.950000	-24.605214	9.366381	0.000000	
231.000000	-24.605100	9.391378	0.000000	
231.050000	-24.605018	9.416375	0.000000	
231.100000	-24.604984	9.441371	0.000000	
231.150000	-24.605010	9.466367	0.000000	
231.200000	-24.605097	9.491362	0.000000	
231.250000	-24.605246	9.516357	0.000000	
231.300000	-24.605464	9.541351	0.000000	
231.350000	-24.605734	9.566344	0.000000	
231.400000	-24.606069	9.591337	0.000000	
231.450000	-24.606476	9.616330	0.000000	
231.500000	-24.606957	9.641322	0.000000	
231.550000	-24.607518	9.666312	0.000000	
231.600000	-24.608151	9.691300	0.000000	
231.650000	-24.608867	9.716286	0.000000	
231.700000	-24.609637	9.741271	0.000000	
231.750000	-24.610468	9.766254	0.000000	
231.800000	-24.611363	9.791235	0.000000	
231.850000	-24.612335	9.816213	0.000000	
231.900000	-24.613358	9.841188	0.000000	
231.950000	-24.614425	9.866162	0.000000	
232.000000	-24.615559	9.891133	0.000000	
232.050000	-24.616755	9.916101	0.000000	
232.100000	-24.618016	9.941066	0.000000	
232.150000	-24.619336	9.966028	0.000000	
232.200000	-24.620712	9.990987	0.000000	
232.250000	-24.622159	10.015941	0.000000	
232.300000	-24.623665	10.040892	0.000000	
232.350000	-24.625232	10.065839	0.000000	
232.400000	-24.626864	10.090782	0.000000	
232.450000	-24.628564	10.115721	0.000000	
232.500000	-24.630332	10.140655	0.000000	
232.550000	-24.632165	10.165585	0.000000	
232.600000	-24.634056	10.190510	0.000000	
232.650000	-24.635996	10.215431	0.000000	
232.700000	-24.638004	10.240346	0.000000	
232.750000	-24.640098	10.265255	0.000000	
232.800000	-24.642257	10.290158	0.000000	
232.850000	-24.644478	10.315056	0.000000	
232.900000	-24.646732	10.339950	0.000000	
232.950000	-24.649019	10.364842	0.000000	
233.000000	-24.651350	10.389731	0.000000	
233.050000	-24.653699	10.414618	0.000000	
233.100000	-24.656061	10.439504	0.000000	
233.150000	-24.658426	10.464390	0.000000	
233.200000	-24.660781	10.489277	0.000000	
233.250000	-24.663112	10.514166	0.000000	
233.300000	-24.665417	10.539056	0.000000	
233.350000	-24.667716	10.563948	0.000000	
233.400000	-24.669994	10.588841	0.000000	
233.450000	-24.672238	10.613736	0.000000	
233.500000	-24.674442	10.638635	0.000000	
233.550000	-24.676609	10.663536	0.000000	
233.600000	-24.678723	10.688441	0.000000	
233.650000	-24.680792	10.713350	0.000000	
233.700000	-24.682814	10.738263	0.000000	
233.750000	-24.684788	10.763181	0.000000	
233.800000	-24.686718	10.788103	0.000000	
233.850000	-24.688598	10.813029	0.000000	
233.900000	-24.690408	10.837961	0.000000	
233.950000	-24.692144	10.862899	0.000000	
234.000000	-24.693819	10.887841	0.000000	
234.050000	-24.695413	10.912787	0.000000	
234.100000	-24.696949	10.937738	0.000000	
234.150000	-24.698443	10.962690	0.000000	
234.200000	-24.699921	10.987644	0.000000	
234.250000	-24.701378	11.012600	0.000000	
234.300000	-24.702807	11.037556	0.000000	
234.350000	-24.704213	11.062514	0.000000	
234.400000	-24.705600	11.087474	0.000000	
234.450000	-24.706982	11.112434	0.000000	
234.500000	-24.708382	11.137392	0.000000	
234.550000	-24.709806	11.162349	0.000000	
234.600000	-24.711240	11.187305	0.000000	
234.650000	-24.712697	11.212260	0.000000	
234.700000	-24.714178	11.237213	0.000000	
234.750000	-24.715697	11.262163	0.000000	
234.800000	-24.717234	11.287112	0.000000	
234.850000	-24.718779	11.312060	0.000000	
234.900000	-24.720334	11.337007	0.000000	
234.950000	-24.721902	11.361953	0.000000	
235.000000	-24.723517	11.386897	0.000000	
235.050000	-24.725172	11.411838	0.000000	
235.100000	-24.726882	11.436776	0.000000	
235.150000	-24.728655	11.461711	0.000000	
235.200000	-24.730467	11.486643	0.000000	
235.250000	-24.732281	11.511575	0.000000	
235.300000	-24.734113	11.536506	0.000000	
235.350000	-24.735984	11.561434	0.000000	
235.400000	-24.737904	11.586359	0.000000	
235.450000	-24.739869	11.611281	0.000000	
235.500000	-24.741881	11.636198	0.000000	
235.550000	-24.743941	11.661111	0.000000	
235.600000	-24.746054	11.686018	0.000000	
235.650000	-24.748233	11.710919	0.000000	
235.700000	-24.750469	11.735814	0.000000	
235.750000	-24.752750	11.760705	0.000000	
235.800000	-24.755057	11.785593	0.000000	
235.850000	-24.757412	11.810476	0.000000	
235.900000	-24.759799	11.835355	0.000000	
235.950000	-24.762214	11.860232	0.000000	
236.000000	-24.764667	11.885106	0.000000	
236.050000	-24.767143	11.909978	0.000000	
236.100000	-24.769638	11.934849	0.000000	
236.150000	-24.772133	11.959719	0.000000	
236.200000	-24.774627	11.984589	0.000000	
236.250000	-24.777140	12.009458	0.000000	
236.300000	-24.779692	12.034324	0.000000	
236.350000	-24.782266	12.059188	0.000000	
236.400000	-24.784833	12.084052	0.000000	
236.450000	-24.787379	12.108919	0.000000	
236.500000	-24.789892	12.133788	0.000000	
236.550000	-24.792354	12.158661	0.000000	
236.600000	-24.794748	12.183541	0.000000	
236.650000	-24.797057	12.208428	0.000000	
236.700000	-24.799290	12.233321	0.000000	
236.750000	-24.801463	12.258221	0.000000	
236.800000	-24.803566	12.283127	0.000000	
236.850000	-24.805586	12.308041	0.000000	
236.900000	-24.807476	12.332963	0.000000	
236.950000	-24.809218	12.357893	0.000000	
237.000000	-24.810796	12.382829	0.000000	
237.050000	-24.812183	12.407767	0.000000	
237.100000	-24.813345	12.432707	0.000000	
237.150000	-24.814254	12.457643	0.000000	
237.200000	-24.814885	12.482568	0.000000	
237.250000	-24.815165	12.507470	0.000000	
237.300000	-24.815042	12.532341	0.000000	
237.350000	-24.814455	12.557165	0.000000	
237.400000	-24.813392	12.581932	0.000000	
237.450000	-24.811828	12.606627	0.000000	
237.500000	-24.809724	12.631236	0.000000	
237.550000	-24.807041	12.655743	0.000000	
237.600000	-24.803765	12.680132	0.000000	
237.650000	-24.799888	12.704399	0.000000	
237.700000	-24.795402	12.728533	0.000000	
237.750000	-24.790293	12.752535	0.000000	
237.800000	-24.784546	12.776401	0.000000	
237.850000	-24.778154	12.800126	0.000000	
237.900000	-24.771143	12.823713	0.000000	
237.950000	-24.763545	12.847156	0.000000	
238.000000	-24.755407	12.870463	0.000000	
238.050000	-24.746774	12.893640	0.000000	
238.100000	-24.737675	12.916692	0.000000	
238.150000	-24.728158	12.939626	0.000000	
238.200000	-24.718272	12.962452	0.000000	
238.250000	-24.708051	12.985173	0.000000	
238.300000	-24.697566	13.007803	0.000000	
238.350000	-24.686864	13.030355	0.000000	
238.400000	-24.675985	13.052837	0.000000	
238.450000	-24.664962	13.075260	0.000000	
238.500000	-24.653830	13.097636	0.000000	
238.550000	-24.642615	13.119975	0.000000	
238.600000	-24.631361	13.142295	0.000000	
238.650000	-24.620097	13.164610	0.000000	
238.700000	-24.608835	13.186926	0.000000	
238.750000	-24.597607	13.209259	0.000000	
238.800000	-24.586426	13.231615	0.000000	
238.850000	-24.575301	13.253999	0.000000	
238.900000	-24.564225	13.276408	0.000000	
238.950000	-24.553176	13.298831	0.000000	
239.000000	-24.542153	13.321268	0.000000	
239.050000	-24.531138	13.343708	0.000000	
239.100000	-24.520131	13.366154	0.000000	
239.150000	-24.509148	13.388610	0.000000	
239.200000	-24.498163	13.411066	0.000000	
239.250000	-24.487157	13.433511	0.000000	
239.300000	-24.476149	13.455956	0.000000	
239.350000	-24.465130	13.478395	0.000000	
239.400000	-24.454093	13.500826	0.000000	
239.450000	-24.443044	13.523250	0.000000	
239.500000	-24.431994	13.545674	0.000000	
239.550000	-24.420948	13.568100	0.000000	
239.600000	-24.409917	13.590533	0.000000	
239.650000	-24.398904	13.612975	0.000000	
239.700000	-24.387922	13.635432	0.000000	
239.750000	-24.376957	13.657897	0.000000	
239.800000	-24.365983	13.680358	0.000000	
239.850000	-24.354977	13.702803	0.000000	
239.900000	-24.343951	13.725239	0.000000	
239.950000	-24.332910	13.747667	0.000000	
240.000000	-24.321854	13.770088	0.000000	
240.050000	-24.310808	13.792514	0.000000	
240.100000	-24.299764	13.814940	0.000000	
240.150000	-24.288695	13.837354	0.000000	
240.200000	-24.277604	13.859757	0.000000	
240.250000	-24.266511	13.882159	0.000000	
240.300000	-24.255416	13.904561	0.000000	
240.350000	-24.244310	13.926956	0.000000	
240.400000	-24.233208	13.949354	0.000000	
240.450000	-24.222094	13.971746	0.000000	
240.500000	-24.210988	13.994142	0.000000	
240.550000	-24.199888	14.016540	0.000000	
240.600000	-24.188782	14.038936	0.000000	
240.650000	-24.177664	14.061326	0.000000	
240.700000	-24.166532	14.083708	0.000000	
240.750000	-24.155371	14.106078	0.000000	
240.800000	-24.144199	14.128442	0.000000	
240.850000	-24.133021	14.150802	0.000000	
240.900000	-24.121856	14.173170	0.000000	
240.950000	-24.110677	14.195530	0.000000	
241.000000	-24.099498	14.217890	0.000000	
241.050000	-24.088343	14.240263	0.000000	
241.100000	-24.077202	14.262642	0.000000	
241.150000	-24.066087	14.285035	0.000000	
241.200000	-24.054999	14.307441	0.000000	
241.250000	-24.043915	14.329849	0.000000	
241.300000	-24.032811	14.352247	0.000000	
241.350000	-24.021698	14.374640	0.000000	
241.400000	-24.010567	14.397024	0.000000	
241.450000	-23.999417	14.419399	0.000000	
241.500000	-23.988261	14.441770	0.000000	
241.550000	-23.977102	14.464140	0.000000	
241.600000	-23.965920	14.486499	0.000000	
241.650000	-23.954724	14.508850	0.000000	
241.700000	-23.943531	14.531204	0.000000	
241.750000	-23.932343	14.553560	0.000000	
241.800000	-23.921174	14.575924	0.000000	
241.850000	-23.910009	14.598291	0.000000	
241.900000	-23.898861	14.620666	0.000000	
241.950000	-23.887720	14.643045	0.000000	
242.000000	-23.876613	14.665439	0.000000	
242.050000	-23.865545	14.687853	0.000000	
242.100000	-23.854502	14.710278	0.000000	
242.150000	-23.843492	14.732719	0.000000	
242.200000	-23.832499	14.755168	0.000000	
242.250000	-23.821550	14.777637	0.000000	
242.300000	-23.810653	14.800131	0.000000	
242.350000	-23.799836	14.822663	0.000000	
242.400000	-23.789090	14.845228	0.000000	
242.450000	-23.778424	14.867832	0.000000	
242.500000	-23.767812	14.890462	0.000000	
242.550000	-23.757259	14.913120	0.000000	
242.600000	-23.746764	14.935805	0.000000	
242.650000	-23.736344	14.958525	0.000000	
242.700000	-23.726002	14.981281	0.000000	
242.750000	-23.715728	15.004069	0.000000	
242.800000	-23.705510	15.026882	0.000000	
242.850000	-23.695346	15.049718	0.000000	
242.900000	-23.685244	15.072583	0.000000	
242.950000	-23.675202	15.095474	0.000000	
243.000000	-23.665235	15.118398	0.000000	
243.050000	-23.655321	15.141345	0.000000	
243.100000	-23.645453	15.164312	0.000000	
243.150000	-23.635645	15.187305	0.000000	
243.200000	-23.625866	15.210310	0.000000	
243.250000	-23.616133	15.233335	0.000000	
243.300000	-23.606420	15.256369	0.000000	
243.350000	-23.596721	15.279409	0.000000	
243.400000	-23.587012	15.302444	0.000000	
243.450000	-23.577314	15.325485	0.000000	
243.500000	-23.567627	15.348530	0.000000	
243.550000	-23.557950	15.371580	0.000000	
243.600000	-23.548287	15.394636	0.000000	
243.650000	-23.538643	15.417699	0.000000	
243.700000	-23.529001	15.440764	0.000000	
243.750000	-23.519367	15.463832	0.000000	
243.800000	-23.509728	15.486898	0.000000	
243.850000	-23.500101	15.509968	0.000000	
243.900000	-23.490459	15.533033	0.000000	
243.950000	-23.480802	15.556091	0.000000	
244.000000	-23.471123	15.579140	0.000000	
244.050000	-23.461378	15.602161	0.000000	
244.100000	-23.451558	15.625147	0.000000	
244.150000	-23.441615	15.648076	0.000000	
244.200000	-23.431514	15.670928	0.000000	
244.250000	-23.421247	15.693696	0.000000	
244.300000	-23.410770	15.716350	0.000000	
244.350000	-23.400061	15.738874	0.000000	
244.400000	-23.389077	15.761234	0.000000	
244.450000	-23.377804	15.783414	0.000000	
244.500000	-23.366196	15.805379	0.000000	
244.550000	-23.354220	15.827101	0.000000	
244.600000	-23.341860	15.848555	0.000000	
244.650000	-23.329091	15.869718	0.000000	
244.700000	-23.315886	15.890567	0.000000	
244.750000	-23.302228	15.911079	0.000000	
244.800000	-23.288096	15.931238	0.000000	
244.850000	-23.273486	15.951029	0.000000	
244.900000	-23.258385	15.970441	0.000000	
244.950000	-23.242795	15.989466	0.000000	
245.000000	-23.226722	16.008110	0.000000	
245.050000	-23.210176	16.026381	0.000000	
245.100000	-23.193188	16.044297	0.000000	
245.150000	-23.175772	16.061856	0.000000	
245.200000	-23.157968	16.079080	0.000000	
245.250000	-23.139801	16.095976	0.000000	
245.300000	-23.121303	16.112572	0.000000	
245.350000	-23.102510	16.128883	0.000000	
245.400000	-23.083456	16.144937	0.000000	
245.450000	-23.064180	16.160757	0.000000	
245.500000	-23.044709	16.176368	0.000000	
245.550000	-23.025081	16.191805	0.000000	
245.600000	-23.005331	16.207105	0.000000	
245.650000	-22.985497	16.222305	0.000000	
245.700000	-22.965594	16.237424	0.000000	
245.750000	-22.945635	16.252474	0.000000	
245.800000	-22.925648	16.267489	0.000000	
245.850000	-22.905643	16.282480	0.000000	
245.900000	-22.885645	16.297481	0.000000	
245.950000	-22.865651	16.312486	0.000000	
246.000000	-22.845662	16.327498	0.000000	
246.050000	-22.825671	16.342508	0.000000	
246.100000	-22.805682	16.357521	0.000000	
246.150000	-22.785688	16.372528	0.000000	
246.200000	-22.765694	16.387533	0.000000	
246.250000	-22.745694	16.402531	0.000000	
246.300000	-22.725701	16.417538	0.000000	
246.350000	-22.705705	16.432541	0.000000	
246.400000	-22.685708	16.447544	0.000000	
246.450000	-22.665704	16.462535	0.000000	
246.500000	-22.645703	16.477532	0.000000	
246.550000	-22.625708	16.492536	0.000000	
246.600000	-22.605703	16.507528	0.000000	
246.650000	-22.585679	16.522493	0.000000	
246.700000	-22.565639	16.537437	0.000000	
246.750000	-22.545578	16.552351	0.000000	
246.800000	-22.525505	16.567250	0.000000	
246.850000	-22.505408	16.582117	0.000000	
246.900000	-22.485292	16.596958	0.000000	
246.950000	-22.465159	16.611777	0.000000	
247.000000	-22.445024	16.626592	0.000000	
247.050000	-22.424895	16.641417	0.000000	
247.100000	-22.404784	16.656264	0.000000	
247.150000	-22.384674	16.671114	0.000000	
247.200000	-22.364559	16.685957	0.000000	
247.250000	-22.344455	16.700814	0.000000	
247.300000	-22.324358	16.715680	0.000000	
247.350000	-22.304251	16.730533	0.000000	
247.400000	-22.284137	16.745377	0.000000	
247.450000	-22.264020	16.760216	0.000000	
247.500000	-22.243906	16.775059	0.000000	
247.550000	-22.223787	16.789896	0.000000	
247.600000	-22.203654	16.804712	0.000000	
247.650000	-22.183522	16.819531	0.000000	
247.700000	-22.163389	16.834348	0.000000	
247.750000	-22.143244	16.849149	0.000000	
247.800000	-22.123097	16.863947	0.000000	
247.850000	-22.102940	16.878730	0.000000	
247.900000	-22.082785	16.893516	0.000000	
247.950000	-22.062629	16.908302	0.000000	
248.000000	-22.042454	16.923060	0.000000	
248.050000	-22.022245	16.937773	0.000000	
248.100000	-22.001998	16.952432	0.000000	
248.150000	-21.981699	16.967020	0.000000	
248.200000	-21.961360	16.981552	0.000000	
248.250000	-21.940982	16.996029	0.000000	
248.300000	-21.920551	17.010429	0.000000	
248.350000	-21.900068	17.024756	0.000000	
248.400000	-21.879549	17.039028	0.000000	
248.450000	-21.858992	17.053246	0.000000	
248.500000	-21.838396	17.067408	0.000000	
248.550000	-21.817755	17.081502	0.000000	
248.600000	-21.797062	17.095517	0.000000	
248.650000	-21.776324	17.109465	0.000000	
248.700000	-21.755532	17.123330	0.000000	
248.750000	-21.734691	17.137121	0.000000	
248.800000	-21.713807	17.150847	0.000000	
248.850000	-21.692885	17.164515	0.000000	
248.900000	-21.671928	17.178131	0.000000	
248.950000	-21.650922	17.191673	0.000000	
249.000000	-21.629857	17.205125	0.000000	
249.050000	-21.608735	17.218489	0.000000	
249.100000	-21.587572	17.231789	0.000000	
249.150000	-21.566372	17.245031	0.000000	
249.200000	-21.545134	17.258213	0.000000	
249.250000	-21.523861	17.271339	0.000000	
249.300000	-21.502555	17.284413	0.000000	
249.350000	-21.481225	17.297448	0.000000	
249.400000	-21.459870	17.310443	0.000000	
249.450000	-21.438493	17.323400	0.000000	
249.500000	-21.417089	17.336315	0.000000	
249.550000	-21.395667	17.349201	0.000000	
249.600000	-21.374232	17.362065	0.000000	
249.650000	-21.352798	17.374931	0.000000	
249.700000	-21.331370	17.387807	0.000000	
249.750000	-21.309942	17.400684	0.000000	
249.800000	-21.288514	17.413558	0.000000	
249.850000	-21.267073	17.426414	0.000000	
249.900000	-21.245612	17.439234	0.000000	
249.950000	-21.224129	17.452017	0.000000	
250.000000	-21.202625	17.464766	0.000000	
250.050000	-21.181115	17.477506	0.000000	
250.100000	-21.159609	17.490251	0.000000	
250.150000	-21.138105	17.503000	0.000000	
250.200000	-21.116608	17.515760	0.000000	
250.250000	-21.095123	17.528539	0.000000	
250.300000	-21.073651	17.541341	0.000000	
250.350000	-21.052196	17.554171	0.000000	
250.400000	-21.030753	17.567019	0.000000	
250.450000	-21.009334	17.579909	0.000000	
250.500000	-20.987944	17.592844	0.000000	
250.550000	-20.966580	17.605821	0.000000	
250.600000	-20.945239	17.618835	0.000000	
250.650000	-20.923921	17.631885	0.000000	
250.700000	-20.902610	17.644948	0.000000	
250.750000	-20.881301	17.658014	0.000000	
250.800000	-20.859997	17.671087	0.000000	
250.850000	-20.838698	17.684168	0.000000	
250.900000	-20.817411	17.697271	0.000000	
250.950000	-20.796144	17.710407	0.000000	
251.000000	-20.774892	17.723567	0.000000	
251.050000	-20.753665	17.736770	0.000000	
251.100000	-20.732464	17.750014	0.000000	
251.150000	-20.711288	17.763300	0.000000	
251.200000	-20.690127	17.776609	0.000000	
251.250000	-20.668980	17.789942	0.000000	
251.300000	-20.647853	17.803305	0.000000	
251.350000	-20.626733	17.816680	0.000000	
251.400000	-20.605624	17.830071	0.000000	
251.450000	-20.584522	17.843474	0.000000	
251.500000	-20.563426	17.856887	0.000000	
251.550000	-20.542324	17.870290	0.000000	
251.600000	-20.521217	17.883684	0.000000	
251.650000	-20.500101	17.897065	0.000000	
251.700000	-20.478985	17.910447	0.000000	
251.750000	-20.457876	17.923839	0.000000	
251.800000	-20.436782	17.937254	0.000000	
251.850000	-20.415698	17.950686	0.000000	
251.900000	-20.394621	17.964129	0.000000	
251.950000	-20.373544	17.977572	0.000000	
252.000000	-20.352459	17.991001	0.000000	
252.050000	-20.331361	18.004410	0.000000	
252.100000	-20.310236	18.017771	0.000000	
252.150000	-20.289072	18.031069	0.000000	
252.200000	-20.267873	18.044308	0.000000	
252.250000	-20.246643	18.057496	0.000000	
252.300000	-20.225375	18.070621	0.000000	
252.350000	-20.204060	18.083667	0.000000	
252.400000	-20.182695	18.096628	0.000000	
252.450000	-20.161280	18.109506	0.000000	
252.500000	-20.139824	18.122313	0.000000	
252.550000	-20.118313	18.135026	0.000000	
252.600000	-20.096754	18.147659	0.000000	
252.650000	-20.075146	18.160206	0.000000	
252.700000	-20.053485	18.172660	0.000000	
252.750000	-20.031759	18.185001	0.000000	
252.800000	-20.009975	18.197241	0.000000	
252.850000	-19.988120	18.209358	0.000000	
252.900000	-19.966204	18.221369	0.000000	
252.950000	-19.944228	18.233270	0.000000	
253.000000	-19.922198	18.245075	0.000000	
253.050000	-19.900126	18.256802	0.000000	
253.100000	-19.878017	18.268461	0.000000	
253.150000	-19.855878	18.280063	0.000000	
253.200000	-19.833720	18.291630	0.000000	
253.250000	-19.811543	18.303163	0.000000	
253.300000	-19.789355	18.314675	0.000000	
253.350000	-19.767150	18.326155	0.000000	
253.400000	-19.744933	18.337615	0.000000	
253.450000	-19.722715	18.349071	0.000000	
253.500000	-19.700487	18.360508	0.000000	
253.550000	-19.678254	18.371937	0.000000	
253.600000	-19.656022	18.383367	0.000000	
253.650000	-19.633780	18.394778	0.000000	
253.700000	-19.611527	18.406167	0.000000	
253.750000	-19.589270	18.417550	0.000000	
253.800000	-19.567008	18.428922	0.000000	
253.850000	-19.544731	18.440262	0.000000	
253.900000	-19.522448	18.451593	0.000000	
253.950000	-19.500161	18.462913	0.000000	
254.000000	-19.477874	18.474234	0.000000	
254.050000	-19.455578	18.485537	0.000000	
254.100000	-19.433262	18.496798	0.000000	
254.150000	-19.410921	18.508004	0.000000	
254.200000	-19.388553	18.519154	0.000000	
254.250000	-19.366147	18.530219	0.000000	
254.300000	-19.343699	18.541198	0.000000	
254.350000	-19.321201	18.552072	0.000000	
254.400000	-19.298662	18.562860	0.000000	
254.450000	-19.276079	18.573552	0.000000	
254.500000	-19.253453	18.584157	0.000000	
254.550000	-19.230791	18.594684	0.000000	
254.600000	-19.208087	18.605123	0.000000	
254.650000	-19.185335	18.615461	0.000000	
254.700000	-19.162547	18.625723	0.000000	
254.750000	-19.139733	18.635927	0.000000	
254.800000	-19.116894	18.646080	0.000000	
254.850000	-19.094044	18.656209	0.000000	
254.900000	-19.071183	18.666315	0.000000	
254.950000	-19.048302	18.676376	0.000000	
255.000000	-19.025397	18.686387	0.000000	
255.050000	-19.002464	18.696336	0.000000	
255.100000	-18.979500	18.706212	0.000000	
255.150000	-18.956504	18.716013	0.000000	
255.200000	-18.933478	18.725736	0.000000	
255.250000	-18.910413	18.735357	0.000000	
255.300000	-18.887304	18.744855	0.000000	
255.350000	-18.864139	18.754187	0.000000	
255.400000	-18.840911	18.763324	0.000000	
255.450000	-18.817614	18.772244	0.000000	
255.500000	-18.794247	18.780931	0.000000	
255.550000	-18.770801	18.789349	0.000000	
255.600000	-18.747272	18.797470	0.000000	
255.650000	-18.723655	18.805269	0.000000	
255.700000	-18.699953	18.812732	0.000000	
255.750000	-18.676159	18.819821	0.000000	
255.800000	-18.652269	18.826514	0.000000	
255.850000	-18.628279	18.832787	0.000000	
255.900000	-18.604178	18.838610	0.000000	
255.950000	-18.579974	18.843975	0.000000	
256.000000	-18.555671	18.848882	0.000000	
256.050000	-18.531269	18.853332	0.000000	
256.100000	-18.506774	18.857349	0.000000	
256.150000	-18.482198	18.860972	0.000000	
256.200000	-18.457546	18.864216	0.000000	
256.250000	-18.432826	18.867102	0.000000	
256.300000	-18.408047	18.869643	0.000000	
256.350000	-18.383222	18.871889	0.000000	
256.400000	-18.358357	18.873859	0.000000	
256.450000	-18.333463	18.875577	0.000000	
256.500000	-18.308542	18.877070	0.000000	
256.550000	-18.283601	18.878375	0.000000	
256.600000	-18.258643	18.879507	0.000000	
256.650000	-18.233673	18.880491	0.000000	
256.700000	-18.208694	18.881340	0.000000	
256.750000	-18.183709	18.882092	0.000000	
256.800000	-18.158721	18.882776	0.000000	
256.850000	-18.133730	18.883397	0.000000	
256.900000	-18.108737	18.883965	0.000000	
256.950000	-18.083744	18.884499	0.000000	
257.000000	-18.058750	18.885033	0.000000	
257.050000	-18.033757	18.885570	0.000000	
257.100000	-18.008764	18.886124	0.000000	
257.150000	-17.983771	18.886682	0.000000	
257.200000	-17.958777	18.887214	0.000000	
257.250000	-17.933783	18.887736	0.000000	
257.300000	-17.908789	18.888250	0.000000	
257.350000	-17.883795	18.888779	0.000000	
257.400000	-17.858801	18.889295	0.000000	
257.450000	-17.833807	18.889819	0.000000	
257.500000	-17.808813	18.890351	0.000000	
257.550000	-17.783819	18.890884	0.000000	
257.600000	-17.758825	18.891390	0.000000	
257.650000	-17.733831	18.891889	0.000000	
257.700000	-17.708836	18.892395	0.000000	
257.750000	-17.683842	18.892920	0.000000	
257.800000	-17.658849	18.893451	0.000000	
257.850000	-17.633855	18.893989	0.000000	
257.900000	-17.608862	18.894553	0.000000	
257.950000	-17.583869	18.895141	0.000000	
258.000000	-17.558877	18.895750	0.000000	
258.050000	-17.533885	18.896357	0.000000	
258.100000	-17.508894	18.896982	0.000000	
258.150000	-17.483902	18.897601	0.000000	
258.200000	-17.458911	18.898235	0.000000	
258.250000	-17.433920	18.898903	0.000000	
258.300000	-17.408930	18.899581	0.000000	
258.350000	-17.383941	18.900274	0.000000	
258.400000	-17.358951	18.900966	0.000000	
258.450000	-17.333962	18.901662	0.000000	
258.500000	-17.308972	18.902359	0.000000	
258.550000	-17.283983	18.903053	0.000000	
258.600000	-17.258993	18.903722	0.000000	
258.650000	-17.234003	18.904397	0.000000	
258.700000	-17.209014	18.905047	0.000000	
258.750000	-17.184023	18.905682	0.000000	
258.800000	-17.159033	18.906279	0.000000	
258.850000	-17.134042	18.906839	0.000000	
258.900000	-17.109050	18.907368	0.000000	
258.950000	-17.084058	18.907855	0.000000	
259.000000	-17.059066	18.908297	0.000000	
259.050000	-17.034073	18.908700	0.000000	
259.100000	-17.009079	18.909076	0.000000	
259.150000	-16.984085	18.909423	0.000000	
259.200000	-16.959091	18.909765	0.000000	
259.250000	-16.934096	18.910068	0.000000	
259.300000	-16.909100	18.910325	0.000000	
259.350000	-16.884103	18.910567	0.000000	
259.400000	-16.859106	18.910792	0.000000	
259.450000	-16.834109	18.911010	0.000000	
259.500000	-16.809111	18.911213	0.000000	
259.550000	-16.784113	18.911392	0.000000	
259.600000	-16.759115	18.911562	0.000000	
259.650000	-16.734117	18.911740	0.000000	
259.700000	-16.709118	18.911920	0.000000	
259.750000	-16.684120	18.912126	0.000000	
259.800000	-16.659123	18.912350	0.000000	
259.850000	-16.634126	18.912613	0.000000	
259.900000	-16.609129	18.912907	0.000000	
259.950000	-16.584132	18.913226	0.000000	
260.000000	-16.559136	18.913564	0.000000	
260.050000	-16.534139	18.913937	0.000000	
260.100000	-16.509143	18.914322	0.000000	
260.150000	-16.484147	18.914734	0.000000	
260.200000	-16.459151	18.915153	0.000000	
260.250000	-16.434155	18.915584	0.000000	
260.300000	-16.409160	18.916030	0.000000	
260.350000	-16.384165	18.916506	0.000000	
260.400000	-16.359171	18.917013	0.000000	
260.450000	-16.334178	18.917548	0.000000	
260.500000	-16.309187	18.918117	0.000000	
260.550000	-16.284197	18.918724	0.000000	
260.600000	-16.259207	18.919373	0.000000	
260.650000	-16.234219	18.920067	0.000000	
260.700000	-16.209233	18.920818	0.000000	
260.750000	-16.184248	18.921615	0.000000	
260.800000	-16.159265	18.922457	0.000000	
260.850000	-16.134283	18.923327	0.000000	
260.900000	-16.109302	18.924223	0.000000	
260.950000	-16.084322	18.925137	0.000000	
261.000000	-16.059342	18.926057	0.000000	
261.050000	-16.034361	18.926969	0.000000	
261.100000	-16.009381	18.927833	0.000000	
261.150000	-15.984402	18.928624	0.000000	
261.200000	-15.959427	18.929286	0.000000	
261.250000	-15.934461	18.929792	0.000000	
261.300000	-15.909505	18.930097	0.000000	
261.350000	-15.884565	18.930183	0.000000	
261.400000	-15.859651	18.929984	0.000000	
261.450000	-15.834771	18.929444	0.000000	
261.500000	-15.809932	18.928530	0.000000	
261.550000	-15.785139	18.927219	0.000000	
261.600000	-15.760404	18.925482	0.000000	
261.650000	-15.735740	18.923283	0.000000	
261.700000	-15.711158	18.920595	0.000000	
261.750000	-15.686654	18.917408	0.000000	
261.800000	-15.662241	18.913700	0.000000	
261.850000	-15.637920	18.909461	0.000000	
261.900000	-15.613696	18.904690	0.000000	
261.950000	-15.589560	18.899405	0.000000	
262.000000	-15.565509	18.893636	0.000000	
262.050000	-15.541544	18.887389	0.000000	
262.100000	-15.517664	18.880689	0.000000	
262.150000	-15.493874	18.873562	0.000000	
262.200000	-15.470170	18.866042	0.000000	
262.250000	-15.446545	18.858190	0.000000	
262.300000	-15.422995	18.850039	0.000000	
262.350000	-15.399522	18.841602	0.000000	
262.400000	-15.376128	18.832898	0.000000	
262.450000	-15.352797	18.823988	0.000000	
262.500000	-15.329522	18.814908	0.000000	
262.550000	-15.306291	18.805697	0.000000	
262.600000	-15.283103	18.796364	0.000000	
262.650000	-15.259945	18.786951	0.000000	
262.700000	-15.236807	18.777486	0.000000	
262.750000	-15.213681	18.767992	0.000000	
262.800000	-15.190566	18.758472	0.000000	
262.850000	-15.167444	18.748966	0.000000	
262.900000	-15.144315	18.739480	0.000000	
262.950000	-15.121174	18.730022	0.000000	
263.000000	-15.098029	18.720574	0.000000	
263.050000	-15.074888	18.711115	0.000000	
263.100000	-15.051746	18.701659	0.000000	
263.150000	-15.028609	18.692191	0.000000	
263.200000	-15.005470	18.682727	0.000000	
263.250000	-14.982327	18.673272	0.000000	
263.300000	-14.959186	18.663815	0.000000	
263.350000	-14.936047	18.654352	0.000000	
263.400000	-14.912898	18.644913	0.000000	
263.450000	-14.889733	18.635515	0.000000	
263.500000	-14.866558	18.626142	0.000000	
263.550000	-14.843368	18.616807	0.000000	
263.600000	-14.820173	18.607481	0.000000	
263.650000	-14.796975	18.598168	0.000000	
263.700000	-14.773769	18.588872	0.000000	
263.750000	-14.750548	18.579613	0.000000	
263.800000	-14.727310	18.570396	0.000000	
263.850000	-14.704059	18.561212	0.000000	
263.900000	-14.680807	18.552031	0.000000	
263.950000	-14.657559	18.542840	0.000000	
264.000000	-14.634320	18.533629	0.000000	
264.050000	-14.611090	18.524395	0.000000	
264.100000	-14.587866	18.515145	0.000000	
264.150000	-14.564658	18.505859	0.000000	
264.200000	-14.541464	18.496540	0.000000	
264.250000	-14.518290	18.487175	0.000000	
264.300000	-14.495139	18.477755	0.000000	
264.350000	-14.472010	18.468284	0.000000	
264.400000	-14.448896	18.458778	0.000000	
264.450000	-14.425808	18.449208	0.000000	
264.500000	-14.402747	18.439575	0.000000	
264.550000	-14.379712	18.429878	0.000000	
264.600000	-14.356711	18.420100	0.000000	
264.650000	-14.333741	18.410252	0.000000	
264.700000	-14.310793	18.400352	0.000000	
264.750000	-14.287866	18.390402	0.000000	
264.800000	-14.264963	18.380392	0.000000	
264.850000	-14.242080	18.370335	0.000000	
264.900000	-14.219211	18.360242	0.000000	
264.950000	-14.196356	18.350114	0.000000	
265.000000	-14.173503	18.339983	0.000000	
265.050000	-14.150645	18.329865	0.000000	
265.100000	-14.127772	18.319781	0.000000	
265.150000	-14.104885	18.309732	0.000000	
265.200000	-14.081978	18.299733	0.000000	
265.250000	-14.059039	18.289809	0.000000	
265.300000	-14.036069	18.279962	0.000000	
265.350000	-14.013073	18.270176	0.000000	
265.400000	-13.990046	18.260465	0.000000	
265.450000	-13.966995	18.250812	0.000000	
265.500000	-13.943909	18.241246	0.000000	
265.550000	-13.920785	18.231775	0.000000	
265.600000	-13.897617	18.222419	0.000000	
265.650000	-13.874401	18.213178	0.000000	
265.700000	-13.851136	18.204063	0.000000	
265.750000	-13.827824	18.195065	0.000000	
265.800000	-13.804468	18.186180	0.000000	
265.850000	-13.781069	18.177408	0.000000	
265.900000	-13.757629	18.168747	0.000000	
265.950000	-13.734153	18.160182	0.000000	
266.000000	-13.710634	18.151733	0.000000	
266.050000	-13.687078	18.143383	0.000000	
266.100000	-13.663486	18.135135	0.000000	
266.150000	-13.639870	18.126956	0.000000	
266.200000	-13.616229	18.118844	0.000000	
266.250000	-13.592562	18.110807	0.000000	
266.300000	-13.568878	18.102821	0.000000	
266.350000	-13.545178	18.094882	0.000000	
266.400000	-13.521449	18.087021	0.000000	
266.450000	-13.497704	18.079209	0.000000	
266.500000	-13.473939	18.071454	0.000000	
266.550000	-13.450159	18.063744	0.000000	
266.600000	-13.426375	18.056046	0.000000	
266.650000	-13.402593	18.048339	0.000000	
266.700000	-13.378816	18.040619	0.000000	
266.750000	-13.355045	18.032884	0.000000	
266.800000	-13.331284	18.025118	0.000000	
266.850000	-13.307542	18.017299	0.000000	
266.900000	-13.283825	18.009412	0.000000	
266.950000	-13.260144	18.001425	0.000000	
267.000000	-13.236496	17.993349	0.000000	
267.050000	-13.212881	17.985181	0.000000	
267.100000	-13.189297	17.976927	0.000000	
267.150000	-13.165750	17.968569	0.000000	
267.200000	-13.142236	17.960125	0.000000	
267.250000	-13.118758	17.951580	0.000000	
267.300000	-13.095316	17.942935	0.000000	
267.350000	-13.071910	17.934194	0.000000	
267.400000	-13.048545	17.925348	0.000000	
267.450000	-13.025221	17.916388	0.000000	
267.500000	-13.001931	17.907337	0.000000	
267.550000	-12.978671	17.898200	0.000000	
267.600000	-12.955445	17.888974	0.000000	
267.650000	-12.932252	17.879659	0.000000	
267.700000	-12.909090	17.870263	0.000000	
267.750000	-12.885967	17.860772	0.000000	
267.800000	-12.862890	17.851169	0.000000	
267.850000	-12.839865	17.841444	0.000000	
267.900000	-12.816893	17.831598	0.000000	
267.950000	-12.793988	17.821615	0.000000	
268.000000	-12.771162	17.811473	0.000000	
268.050000	-12.748425	17.801160	0.000000	
268.100000	-12.725798	17.790638	0.000000	
268.150000	-12.703297	17.779882	0.000000	
268.200000	-12.680939	17.768873	0.000000	
268.250000	-12.658744	17.757583	0.000000	
268.300000	-12.636718	17.746011	0.000000	
268.350000	-12.614880	17.734129	0.000000	
268.400000	-12.593249	17.721918	0.000000	
268.450000	-12.571829	17.709381	0.000000	
268.500000	-12.550625	17.696508	0.000000	
268.550000	-12.529639	17.683295	0.000000	
268.600000	-12.508872	17.669729	0.000000	
268.650000	-12.488330	17.655810	0.000000	
268.700000	-12.468009	17.641550	0.000000	
268.750000	-12.447896	17.626962	0.000000	
268.800000	-12.427971	17.612086	0.000000	
268.850000	-12.408230	17.596927	0.000000	
268.900000	-12.388671	17.581503	0.000000	
268.950000	-12.369297	17.565814	0.000000	
269.000000	-12.350096	17.549887	0.000000	
269.050000	-12.331048	17.533760	0.000000	
269.100000	-12.312141	17.517448	0.000000	
269.150000	-12.293367	17.500971	0.000000	
269.200000	-12.274719	17.484340	0.000000	
269.250000	-12.256169	17.467594	0.000000	
269.300000	-12.237698	17.450755	0.000000	
269.350000	-12.219297	17.433838	0.000000	
269.400000	-12.200957	17.416853	0.000000	
269.450000	-12.182647	17.399836	0.000000	
269.500000	-12.164349	17.382806	0.000000	
269.550000	-12.146071	17.365754	0.000000	
269.600000	-12.127809	17.348685	0.000000	
269.650000	-12.109577	17.331584	0.000000	
269.700000	-12.091359	17.314469	0.000000	
269.750000	-12.073157	17.297336	0.000000	
269.800000	-12.054986	17.280169	0.000000	
269.850000	-12.036864	17.262950	0.000000	
269.900000	-12.018780	17.245691	0.000000	
269.950000	-12.000712	17.228414	0.000000	
270.000000	-11.982658	17.211121	0.000000	
270.050000	-11.964620	17.193813	0.000000	
270.100000	-11.946591	17.176494	0.000000	
270.150000	-11.928573	17.159164	0.000000	
270.200000	-11.910566	17.141823	0.000000	
270.250000	-11.892558	17.124483	0.000000	
270.300000	-11.874553	17.107139	0.000000	
270.350000	-11.856542	17.089802	0.000000	
270.400000	-11.838520	17.072477	0.000000	
270.450000	-11.820483	17.055167	0.000000	
270.500000	-11.802446	17.037857	0.000000	
270.550000	-11.784423	17.020532	0.000000	
270.600000	-11.766397	17.003211	0.000000	
270.650000	-11.748369	16.985892	0.000000	
270.700000	-11.730324	16.968591	0.000000	
270.750000	-11.712275	16.951293	0.000000	
270.800000	-11.694224	16.933998	0.000000	
270.850000	-11.676165	16.916711	0.000000	
270.900000	-11.658093	16.899438	0.000000	
270.950000	-11.640020	16.882166	0.000000	
271.000000	-11.621965	16.864874	0.000000	
271.050000	-11.603914	16.847579	0.000000	
271.100000	-11.585858	16.830289	0.000000	
271.150000	-11.567811	16.812989	0.000000	
271.200000	-11.549766	16.795689	0.000000	
271.250000	-11.531712	16.778396	0.000000	
271.300000	-11.513650	16.761113	0.000000	
271.350000	-11.495583	16.743834	0.000000	
271.400000	-11.477519	16.726552	0.000000	
271.450000	-11.459458	16.709267	0.000000	
271.500000	-11.441396	16.691983	0.000000	
271.550000	-11.423337	16.674696	0.000000	
271.600000	-11.405286	16.657400	0.000000	
271.650000	-11.387259	16.640081	0.000000	
271.700000	-11.369267	16.622726	0.000000	
271.750000	-11.351310	16.605334	0.000000	
271.800000	-11.333381	16.587915	0.000000	
271.850000	-11.315471	16.570475	0.000000	
271.900000	-11.297576	16.553020	0.000000	
271.950000	-11.279689	16.535557	0.000000	
272.000000	-11.261811	16.518084	0.000000	
272.050000	-11.243937	16.500608	0.000000	
272.100000	-11.226069	16.483125	0.000000	
272.150000	-11.208208	16.465635	0.000000	
272.200000	-11.190335	16.448158	0.000000	
272.250000	-11.172468	16.430674	0.000000	
272.300000	-11.154617	16.413174	0.000000	
272.350000	-11.136793	16.395646	0.000000	
272.400000	-11.118992	16.378095	0.000000	
272.450000	-11.101202	16.360533	0.000000	
272.500000	-11.083437	16.342945	0.000000	
272.550000	-11.065703	16.325326	0.000000	
272.600000	-11.047999	16.307675	0.000000	
272.650000	-11.030315	16.290006	0.000000	
272.700000	-11.012637	16.272330	0.000000	
272.750000	-10.994965	16.254649	0.000000	
272.800000	-10.977298	16.236962	0.000000	
272.850000	-10.959647	16.219261	0.000000	
272.900000	-10.942002	16.201553	0.000000	
272.950000	-10.924368	16.183834	0.000000	
273.000000	-10.906758	16.166091	0.000000	
273.050000	-10.889175	16.148322	0.000000	
273.100000	-10.871607	16.130538	0.000000	
273.150000	-10.854069	16.112725	0.000000	
273.200000	-10.836568	16.094875	0.000000	
273.250000	-10.819112	16.076980	0.000000	
273.300000	-10.801698	16.059046	0.000000	
273.350000	-10.784304	16.041090	0.000000	
273.400000	-10.766931	16.023116	0.000000	
273.450000	-10.749581	16.005118	0.000000	
273.500000	-10.732274	15.987080	0.000000	
273.550000	-10.714990	15.969019	0.000000	
273.600000	-10.697730	15.950934	0.000000	
273.650000	-10.680498	15.932824	0.000000	
273.700000	-10.663293	15.914689	0.000000	
273.750000	-10.646131	15.896513	0.000000	
273.800000	-10.629020	15.878291	0.000000	
273.850000	-10.611959	15.860023	0.000000	
273.900000	-10.594959	15.841700	0.000000	
273.950000	-10.578053	15.823295	0.000000	
274.000000	-10.561248	15.804801	0.000000	
274.050000	-10.544564	15.786204	0.000000	
274.100000	-10.528025	15.767489	0.000000	
274.150000	-10.511662	15.748632	0.000000	
274.200000	-10.495482	15.729634	0.000000	
274.250000	-10.479511	15.710478	0.000000	
274.300000	-10.463757	15.691162	0.000000	
274.350000	-10.448218	15.671687	0.000000	
274.400000	-10.432920	15.652034	0.000000	
274.450000	-10.417858	15.632210	0.000000	
274.500000	-10.403038	15.612210	0.000000	
274.550000	-10.388470	15.592031	0.000000	
274.600000	-10.374187	15.571653	0.000000	
274.650000	-10.360175	15.551085	0.000000	
274.700000	-10.346412	15.530344	0.000000	
274.750000	-10.332894	15.509431	0.000000	
274.800000	-10.319620	15.488352	0.000000	
274.850000	-10.306578	15.467116	0.000000	
274.900000	-10.293753	15.445731	0.000000	
274.950000	-10.281121	15.424215	0.000000	
275.000000	-10.268665	15.402582	0.000000	
275.050000	-10.256366	15.380845	0.000000	
275.100000	-10.244181	15.359034	0.000000	
275.150000	-10.232089	15.337165	0.000000	
275.200000	-10.220076	15.315248	0.000000	
275.250000	-10.208118	15.293299	0.000000	
275.300000	-10.196189	15.271332	0.000000	
275.350000	-10.184278	15.249356	0.000000	
275.400000	-10.172390	15.227367	0.000000	
275.450000	-10.160523	15.205366	0.000000	
275.500000	-10.148678	15.183353	0.000000	
275.550000	-10.136848	15.161333	0.000000	
275.600000	-10.125000	15.139322	0.000000	
275.650000	-10.113122	15.117326	0.000000	
275.700000	-10.101233	15.095336	0.000000	
275.750000	-10.089332	15.073352	0.000000	
275.800000	-10.077430	15.051369	0.000000	
275.850000	-10.065501	15.029401	0.000000	
275.900000	-10.053560	15.007438	0.000000	
275.950000	-10.041626	14.985472	0.000000	
276.000000	-10.029708	14.963497	0.000000	
276.050000	-10.017795	14.941520	0.000000	
276.100000	-10.005889	14.919539	0.000000	
276.150000	-9.994010	14.897542	0.000000	
276.200000	-9.982155	14.875533	0.000000	
276.250000	-9.970327	14.853509	0.000000	
276.300000	-9.958551	14.831458	0.000000	
276.350000	-9.946813	14.809386	0.000000	
276.400000	-9.935105	14.787299	0.000000	
276.450000	-9.923421	14.765198	0.000000	
276.500000	-9.911751	14.743091	0.000000	
276.550000	-9.900080	14.720983	0.000000	
276.600000	-9.888407	14.698877	0.000000	
276.650000	-9.876738	14.676769	0.000000	
276.700000	-9.865062	14.654665	0.000000	
276.750000	-9.853356	14.632576	0.000000	
276.800000	-9.841640	14.610493	0.000000	
276.850000	-9.829909	14.588418	0.000000	
276.900000	-9.818191	14.566337	0.000000	
276.950000	-9.806483	14.544250	0.000000	
277.000000	-9.794776	14.522162	0.000000	
277.050000	-9.783061	14.500079	0.000000	
277.100000	-9.771347	14.477995	0.000000	
277.150000	-9.759660	14.455897	0.000000	
277.200000	-9.747982	14.433794	0.000000	
277.250000	-9.736320	14.411683	0.000000	
277.300000	-9.724667	14.389567	0.000000	
277.350000	-9.713006	14.367455	0.000000	
277.400000	-9.701328	14.345352	0.000000	
277.450000	-9.689651	14.323248	0.000000	
277.500000	-9.677967	14.301148	0.000000	
277.550000	-9.666291	14.279044	0.000000	
277.600000	-9.654657	14.256919	0.000000	
277.650000	-9.643081	14.234765	0.000000	
277.700000	-9.631590	14.212569	0.000000	
277.750000	-9.620211	14.190319	0.000000	
277.800000	-9.608950	14.168011	0.000000	
277.850000	-9.597820	14.145642	0.000000	
277.900000	-9.586830	14.123207	0.000000	
277.950000	-9.575970	14.100713	0.000000	
278.000000	-9.565247	14.078159	0.000000	
278.050000	-9.554693	14.055532	0.000000	
278.100000	-9.544328	14.032824	0.000000	
278.150000	-9.534148	14.010038	0.000000	
278.200000	-9.524142	13.987178	0.000000	
278.250000	-9.514326	13.964237	0.000000	
278.300000	-9.504696	13.941221	0.000000	
278.350000	-9.495262	13.918127	0.000000	
278.400000	-9.486029	13.894952	0.000000	
278.450000	-9.477024	13.871687	0.000000	
278.500000	-9.468235	13.848335	0.000000	
278.550000	-9.459662	13.824894	0.000000	
278.600000	-9.451292	13.801373	0.000000	
278.650000	-9.443092	13.777787	0.000000	
278.700000	-9.435059	13.754138	0.000000	
278.750000	-9.427188	13.730430	0.000000	
278.800000	-9.419465	13.706671	0.000000	
278.850000	-9.411900	13.682859	0.000000	
278.900000	-9.404456	13.659006	0.000000	
278.950000	-9.397114	13.635118	0.000000	
279.000000	-9.389884	13.611193	0.000000	
279.050000	-9.382757	13.587236	0.000000	
279.100000	-9.375704	13.563256	0.000000	
279.150000	-9.368719	13.539256	0.000000	
279.200000	-9.361797	13.515237	0.000000	
279.250000	-9.354949	13.491196	0.000000	
279.300000	-9.348175	13.467134	0.000000	
279.350000	-9.341473	13.443052	0.000000	
279.400000	-9.334835	13.418952	0.000000	
279.450000	-9.328248	13.394839	0.000000	
279.500000	-9.321697	13.370716	0.000000	
279.550000	-9.315184	13.346583	0.000000	
279.600000	-9.308701	13.322441	0.000000	
279.650000	-9.302244	13.298292	0.000000	
279.700000	-9.295828	13.274131	0.000000	
279.750000	-9.289446	13.249961	0.000000	
279.800000	-9.283080	13.225786	0.000000	
279.850000	-9.276727	13.201608	0.000000	
279.900000	-9.270372	13.177431	0.000000	
279.950000	-9.264022	13.153252	0.000000	
280.000000	-9.257700	13.129066	0.000000	
280.050000	-9.251378	13.104879	0.000000	
280.100000	-9.245065	13.080690	0.000000	
280.150000	-9.238773	13.056496	0.000000	
280.200000	-9.232510	13.032294	0.000000	
280.250000	-9.226288	13.008082	0.000000	
280.300000	-9.220093	12.983864	0.000000	
280.350000	-9.213920	12.959640	0.000000	
280.400000	-9.207767	12.935411	0.000000	
280.450000	-9.201642	12.911176	0.000000	
280.500000	-9.195549	12.886934	0.000000	
280.550000	-9.189490	12.862683	0.000000	
280.600000	-9.183484	12.838420	0.000000	
280.650000	-9.177545	12.814142	0.000000	
280.700000	-9.171659	12.789850	0.000000	
280.750000	-9.165836	12.765544	0.000000	
280.800000	-9.160061	12.741226	0.000000	
280.850000	-9.154328	12.716897	0.000000	
280.900000	-9.148648	12.692557	0.000000	
280.950000	-9.143032	12.668201	0.000000	
281.000000	-9.137479	12.643829	0.000000	
281.050000	-9.131970	12.619448	0.000000	
281.100000	-9.126527	12.595049	0.000000	
281.150000	-9.121134	12.570639	0.000000	
281.200000	-9.115782	12.546220	0.000000	
281.250000	-9.110468	12.521792	0.000000	
281.300000	-9.105175	12.497360	0.000000	
281.350000	-9.099910	12.472921	0.000000	
281.400000	-9.094659	12.448479	0.000000	
281.450000	-9.089438	12.424031	0.000000	
281.500000	-9.084251	12.399575	0.000000	
281.550000	-9.079102	12.375112	0.000000	
281.600000	-9.074007	12.350639	0.000000	
281.650000	-9.068960	12.326157	0.000000	
281.700000	-9.063983	12.301662	0.000000	
281.750000	-9.059075	12.277154	0.000000	
281.800000	-9.054216	12.252638	0.000000	
281.850000	-9.049445	12.228105	0.000000	
281.900000	-9.044769	12.203555	0.000000	
281.950000	-9.040186	12.178989	0.000000	
282.000000	-9.035714	12.154406	0.000000	
282.050000	-9.031369	12.129802	0.000000	
282.100000	-9.027175	12.105174	0.000000	
282.150000	-9.023142	12.080524	0.000000	
282.200000	-9.019278	12.055850	0.000000	
282.250000	-9.015576	12.031153	0.000000	
282.300000	-9.012019	12.006435	0.000000	
282.350000	-9.008629	11.981694	0.000000	
282.400000	-9.005397	11.956931	0.000000	
282.450000	-9.002353	11.932143	0.000000	
282.500000	-8.999470	11.907333	0.000000	
282.550000	-8.996737	11.882505	0.000000	
282.600000	-8.994161	11.857659	0.000000	
282.650000	-8.991716	11.832798	0.000000	
282.700000	-8.989413	11.807921	0.000000	
282.750000	-8.987239	11.783033	0.000000	
282.800000	-8.985219	11.758132	0.000000	
282.850000	-8.983379	11.733215	0.000000	
282.900000	-8.981702	11.708286	0.000000	
282.950000	-8.980187	11.683345	0.000000	
283.000000	-8.978820	11.658394	0.000000	
283.050000	-8.977569	11.633437	0.000000	
283.100000	-8.976434	11.608472	0.000000	
283.150000	-8.975386	11.583503	0.000000	
283.200000	-8.974393	11.558532	0.000000	
283.250000	-8.973449	11.533557	0.000000	
283.300000	-8.972574	11.508580	0.000000	
283.350000	-8.971763	11.483600	0.000000	
283.400000	-8.970997	11.458617	0.000000	
283.450000	-8.970289	11.433632	0.000000	
283.500000	-8.969626	11.408645	0.000000	
283.550000	-8.969021	11.383656	0.000000	
283.600000	-8.968464	11.358665	0.000000	
283.650000	-8.967959	11.333672	0.000000	
283.700000	-8.967511	11.308678	0.000000	
283.750000	-8.967115	11.283682	0.000000	
283.800000	-8.966776	11.258686	0.000000	
283.850000	-8.966477	11.233689	0.000000	
283.900000	-8.966195	11.208692	0.000000	
283.950000	-8.965906	11.183696	0.000000	
284.000000	-8.965622	11.158699	0.000000	
284.050000	-8.965350	11.133702	0.000000	
284.100000	-8.965108	11.108705	0.000000	
284.150000	-8.964895	11.083709	0.000000	
284.200000	-8.964728	11.058712	0.000000	
284.250000	-8.964629	11.033716	0.000000	
284.300000	-8.964588	11.008719	0.000000	
284.350000	-8.964601	10.983723	0.000000	
284.400000	-8.964669	10.958727	0.000000	
284.450000	-8.964804	10.933731	0.000000	
284.500000	-8.964983	10.908734	0.000000	
284.550000	-8.965184	10.883738	0.000000	
284.600000	-8.965422	10.858741	0.000000	
284.650000	-8.965693	10.833744	0.000000	
284.700000	-8.965995	10.808748	0.000000	
284.750000	-8.966351	10.783752	0.000000	
284.800000	-8.966756	10.758757	0.000000	
284.850000	-8.967184	10.733762	0.000000	
284.900000	-8.967625	10.708768	0.000000	
284.950000	-8.968094	10.683774	0.000000	
285.000000	-8.968601	10.658781	0.000000	
285.050000	-8.969147	10.633788	0.000000	
285.100000	-8.969735	10.608796	0.000000	
285.150000	-8.970351	10.583805	0.000000	
285.200000	-8.970999	10.558814	0.000000	
285.250000	-8.971689	10.533826	0.000000	
285.300000	-8.972410	10.508838	0.000000	
285.350000	-8.973172	10.483853	0.000000	
285.400000	-8.973958	10.458868	0.000000	
285.450000	-8.974785	10.433885	0.000000	
285.500000	-8.975634	10.408902	0.000000	
285.550000	-8.976515	10.383921	0.000000	
285.600000	-8.977442	10.358940	0.000000	
285.650000	-8.978402	10.333961	0.000000	
285.700000	-8.979400	10.308982	0.000000	
285.750000	-8.980453	10.284006	0.000000	
285.800000	-8.981556	10.259033	0.000000	
285.850000	-8.982736	10.234065	0.000000	
285.900000	-8.984028	10.209106	0.000000	
285.950000	-8.985462	10.184158	0.000000	
286.000000	-8.987064	10.159227	0.000000	
286.050000	-8.988845	10.134314	0.000000	
286.100000	-8.990806	10.109420	0.000000	
286.150000	-8.992951	10.084549	0.000000	
286.200000	-8.995295	10.059701	0.000000	
286.250000	-8.997850	10.034882	0.000000	
286.300000	-9.000607	10.010091	0.000000	
286.350000	-9.003569	9.985330	0.000000	
286.400000	-9.006754	9.960604	0.000000	
286.450000	-9.010182	9.935915	0.000000	
286.500000	-9.013835	9.911260	0.000000	
286.550000	-9.017719	9.886639	0.000000	
286.600000	-9.021852	9.862054	0.000000	
286.650000	-9.026236	9.837507	0.000000	
286.700000	-9.030876	9.812999	0.000000	
286.750000	-9.035776	9.788531	0.000000	
286.800000	-9.040925	9.764107	0.000000	
286.850000	-9.046309	9.739725	0.000000	
286.900000	-9.051882	9.715379	0.000000	
286.950000	-9.057639	9.691070	0.000000	
287.000000	-9.063558	9.666796	0.000000	
287.050000	-9.069615	9.642554	0.000000	
287.100000	-9.075819	9.618348	0.000000	
287.150000	-9.082159	9.594176	0.000000	
287.200000	-9.088621	9.570035	0.000000	
287.250000	-9.095208	9.545927	0.000000	
287.300000	-9.101890	9.521844	0.000000	
287.350000	-9.108661	9.497786	0.000000	
287.400000	-9.115526	9.473754	0.000000	
287.450000	-9.122454	9.449740	0.000000	
287.500000	-9.129449	9.425745	0.000000	
287.550000	-9.136526	9.401775	0.000000	
287.600000	-9.143681	9.377826	0.000000	
287.650000	-9.150917	9.353902	0.000000	
287.700000	-9.158228	9.329999	0.000000	
287.750000	-9.165599	9.306114	0.000000	
287.800000	-9.173037	9.282250	0.000000	
287.850000	-9.180525	9.258401	0.000000	
287.900000	-9.188063	9.234568	0.000000	
287.950000	-9.195647	9.210748	0.000000	
288.000000	-9.203256	9.186936	0.000000	
288.050000	-9.210905	9.163136	0.000000	
288.100000	-9.218580	9.139344	0.000000	
288.150000	-9.226265	9.115555	0.000000	
288.200000	-9.233940	9.091763	0.000000	
288.250000	-9.241613	9.067971	0.000000	
288.300000	-9.249266	9.044172	0.000000	
288.350000	-9.256899	9.020367	0.000000	
288.400000	-9.264500	8.996553	0.000000	
288.450000	-9.272069	8.972728	0.000000	
288.500000	-9.279637	8.948904	0.000000	
288.550000	-9.287204	8.925079	0.000000	
288.600000	-9.294772	8.901254	0.000000	
288.650000	-9.302364	8.877437	0.000000	
288.700000	-9.309961	8.853622	0.000000	
288.750000	-9.317569	8.829811	0.000000	
288.800000	-9.325196	8.806006	0.000000	
288.850000	-9.332811	8.782197	0.000000	
288.900000	-9.340418	8.758385	0.000000	
288.950000	-9.348030	8.734576	0.000000	
289.000000	-9.355651	8.710768	0.000000	
289.050000	-9.363299	8.686970	0.000000	
289.100000	-9.370961	8.663177	0.000000	
289.150000	-9.378646	8.639391	0.000000	
289.200000	-9.386369	8.615618	0.000000	
289.250000	-9.394152	8.591865	0.000000	
289.300000	-9.401984	8.568128	0.000000	
289.350000	-9.409862	8.544407	0.000000	
289.400000	-9.417788	8.520700	0.000000	
289.450000	-9.425787	8.497017	0.000000	
289.500000	-9.433846	8.473353	0.000000	
289.550000	-9.441964	8.449710	0.000000	
289.600000	-9.450134	8.426084	0.000000	
289.650000	-9.458362	8.402480	0.000000	
289.700000	-9.466619	8.378886	0.000000	
289.750000	-9.474905	8.355302	0.000000	
289.800000	-9.483210	8.331725	0.000000	
289.850000	-9.491527	8.308152	0.000000	
289.900000	-9.499867	8.284586	0.000000	
289.950000	-9.508238	8.261032	0.000000	
290.000000	-9.516638	8.237487	0.000000	
290.050000	-9.525074	8.213955	0.000000	
290.100000	-9.533535	8.190432	0.000000	
290.150000	-9.542015	8.166915	0.000000	
290.200000	-9.550515	8.143406	0.000000	
290.250000	-9.559006	8.119893	0.000000	
290.300000	-9.567469	8.096371	0.000000	
290.350000	-9.575900	8.072837	0.000000	
290.400000	-9.584322	8.049301	0.000000	
290.450000	-9.592731	8.025760	0.000000	
290.500000	-9.601135	8.002217	0.000000	
290.550000	-9.609547	7.978677	0.000000	
290.600000	-9.617958	7.955137	0.000000	
290.650000	-9.626357	7.931592	0.000000	
290.700000	-9.634745	7.908044	0.000000	
290.750000	-9.643128	7.884493	0.000000	
290.800000	-9.651508	7.860941	0.000000	
290.850000	-9.659881	7.837387	0.000000	
290.900000	-9.668252	7.813832	0.000000	
290.950000	-9.676608	7.790272	0.000000	
291.000000	-9.684934	7.766701	0.000000	
291.050000	-9.693233	7.743122	0.000000	
291.100000	-9.701514	7.719535	0.000000	
291.150000	-9.709781	7.695944	0.000000	
291.200000	-9.718029	7.672346	0.000000	
291.250000	-9.726267	7.648744	0.000000	
291.300000	-9.734504	7.625143	0.000000	
291.350000	-9.742754	7.601545	0.000000	
291.400000	-9.751018	7.577953	0.000000	
291.450000	-9.759296	7.554364	0.000000	
291.500000	-9.767599	7.530785	0.000000	
291.550000	-9.775936	7.507218	0.000000	
291.600000	-9.784316	7.483668	0.000000	
291.650000	-9.792741	7.460135	0.000000	
291.700000	-9.801239	7.436632	0.000000	
291.750000	-9.809820	7.413163	0.000000	
291.800000	-9.818508	7.389740	0.000000	
291.850000	-9.827310	7.366366	0.000000	
291.900000	-9.836251	7.343051	0.000000	
291.950000	-9.845350	7.319805	0.000000	
292.000000	-9.854650	7.296647	0.000000	
292.050000	-9.864192	7.273599	0.000000	
292.100000	-9.873973	7.250665	0.000000	
292.150000	-9.884005	7.227851	0.000000	
292.200000	-9.894294	7.205163	0.000000	
292.250000	-9.904869	7.182618	0.000000	
292.300000	-9.915746	7.160232	0.000000	
292.350000	-9.926932	7.138007	0.000000	
292.400000	-9.938449	7.115961	0.000000	
292.450000	-9.950324	7.094110	0.000000	
292.500000	-9.962556	7.072459	0.000000	
292.550000	-9.975148	7.051014	0.000000	
292.600000	-9.988077	7.029766	0.000000	
292.650000	-10.001311	7.008698	0.000000	
292.700000	-10.014838	6.987805	0.000000	
292.750000	-10.028623	6.967067	0.000000	
292.800000	-10.042655	6.946485	0.000000	
292.850000	-10.056924	6.926054	0.000000	
292.900000	-10.071427	6.905774	0.000000	
292.950000	-10.086144	6.885632	0.000000	
293.000000	-10.101056	6.865618	0.000000	
293.050000	-10.116138	6.845720	0.000000	
293.100000	-10.131351	6.825912	0.000000	
293.150000	-10.146689	6.806192	0.000000	
293.200000	-10.162142	6.786555	0.000000	
293.250000	-10.177707	6.767001	0.000000	
293.300000	-10.193353	6.747508	0.000000	
293.350000	-10.209053	6.728055	0.000000	
293.400000	-10.224811	6.708649	0.000000	
293.450000	-10.240617	6.689281	0.000000	
293.500000	-10.256468	6.669950	0.000000	
293.550000	-10.272342	6.650638	0.000000	
293.600000	-10.288236	6.631344	0.000000	
293.650000	-10.304154	6.612070	0.000000	
293.700000	-10.320104	6.592823	0.000000	
293.750000	-10.336089	6.573606	0.000000	
293.800000	-10.352122	6.554429	0.000000	
293.850000	-10.368193	6.535283	0.000000	
293.900000	-10.384296	6.516166	0.000000	
293.950000	-10.400433	6.497077	0.000000	
294.000000	-10.416615	6.478027	0.000000	
294.050000	-10.432858	6.459029	0.000000	
294.100000	-10.449166	6.440088	0.000000	
294.150000	-10.465542	6.421205	0.000000	
294.200000	-10.481968	6.402366	0.000000	
294.250000	-10.498445	6.383570	0.000000	
294.300000	-10.514973	6.364820	0.000000	
294.350000	-10.531566	6.346127	0.000000	
294.400000	-10.548232	6.327498	0.000000	
294.450000	-10.564962	6.308925	0.000000	
294.500000	-10.581740	6.290397	0.000000	
294.550000	-10.598545	6.271892	0.000000	
294.600000	-10.615373	6.253408	0.000000	
294.650000	-10.632210	6.234932	0.000000	
294.700000	-10.649046	6.216455	0.000000	
294.750000	-10.665891	6.197985	0.000000	
294.800000	-10.682751	6.179530	0.000000	
294.850000	-10.699619	6.161081	0.000000	
294.900000	-10.716488	6.142634	0.000000	
294.950000	-10.733367	6.124194	0.000000	
295.000000	-10.750257	6.105766	0.000000	
295.050000	-10.767148	6.087337	0.000000	
295.100000	-10.784023	6.068895	0.000000	
295.150000	-10.800859	6.050418	0.000000	
295.200000	-10.817669	6.031916	0.000000	
295.250000	-10.834457	6.013396	0.000000	
295.300000	-10.851218	5.994852	0.000000	
295.350000	-10.867935	5.976268	0.000000	
295.400000	-10.884601	5.957640	0.000000	
295.450000	-10.901214	5.938962	0.000000	
295.500000	-10.917765	5.920230	0.000000	
295.550000	-10.934250	5.901440	0.000000	
295.600000	-10.950687	5.882607	0.000000	
295.650000	-10.967076	5.863734	0.000000	
295.700000	-10.983422	5.844823	0.000000	
295.750000	-10.999744	5.825892	0.000000	
295.800000	-11.016021	5.806923	0.000000	
295.850000	-11.032245	5.787909	0.000000	
295.900000	-11.048414	5.768848	0.000000	
295.950000	-11.064534	5.749746	0.000000	
296.000000	-11.080587	5.730588	0.000000	
296.050000	-11.096572	5.711373	0.000000	
296.100000	-11.112483	5.692095	0.000000	
296.150000	-11.128341	5.672774	0.000000	
296.200000	-11.144148	5.653411	0.000000	
296.250000	-11.159888	5.633994	0.000000	
296.300000	-11.175574	5.614533	0.000000	
296.350000	-11.191202	5.595024	0.000000	
296.400000	-11.206770	5.575469	0.000000	
296.450000	-11.222289	5.555874	0.000000	
296.500000	-11.237752	5.536235	0.000000	
296.550000	-11.253164	5.516555	0.000000	
296.600000	-11.268544	5.496850	0.000000	
296.650000	-11.283898	5.477124	0.000000	
296.700000	-11.299235	5.457385	0.000000	
296.750000	-11.314552	5.437630	0.000000	
296.800000	-11.329824	5.417839	0.000000	
296.850000	-11.345054	5.398015	0.000000	
296.900000	-11.360245	5.378162	0.000000	
296.950000	-11.375399	5.358281	0.000000	
297.000000	-11.390502	5.338361	0.000000	
297.050000	-11.405577	5.318420	0.000000	
297.100000	-11.420627	5.298461	0.000000	
297.150000	-11.435660	5.278487	0.000000	
297.200000	-11.450648	5.258481	0.000000	
297.250000	-11.465597	5.238445	0.000000	
297.300000	-11.480503	5.218379	0.000000	
297.350000	-11.495375	5.198288	0.000000	
297.400000	-11.510228	5.178183	0.000000	
297.450000	-11.525079	5.158076	0.000000	
297.500000	-11.539942	5.137978	0.000000	
297.550000	-11.554853	5.117918	0.000000	
297.600000	-11.569832	5.097913	0.000000	
297.650000	-11.584893	5.077977	0.000000	
297.700000	-11.600041	5.058116	0.000000	
297.750000	-11.615304	5.038358	0.000000	
297.800000	-11.630719	5.018740	0.000000	
297.850000	-11.646318	4.999292	0.000000	
297.900000	-11.662136	4.980054	0.000000	
297.950000	-11.678203	4.961066	0.000000	
298.000000	-11.694543	4.942356	0.000000	
298.050000	-11.711187	4.923962	0.000000	
298.100000	-11.728140	4.905901	0.000000	
298.150000	-11.745405	4.888185	0.000000	
298.200000	-11.763002	4.870843	0.000000	
298.250000	-11.780959	4.853916	0.000000	
298.300000	-11.799299	4.837434	0.000000	
298.350000	-11.818040	4.821423	0.000000	
298.400000	-11.837174	4.805890	0.000000	
298.450000	-11.856702	4.790844	0.000000	
298.500000	-11.876615	4.776286	0.000000	
298.550000	-11.896891	4.762195	0.000000	
298.600000	-11.917496	4.748543	0.000000	
298.650000	-11.938410	4.735305	0.000000	
298.700000	-11.959603	4.722454	0.000000	
298.750000	-11.981059	4.709976	0.000000	
298.800000	-12.002751	4.697844	0.000000	
298.850000	-12.024657	4.686040	0.000000	
298.900000	-12.046762	4.674558	0.000000	
298.950000	-12.069045	4.663374	0.000000	
299.000000	-12.091475	4.652459	0.000000	
299.050000	-12.114044	4.641804	0.000000	
299.100000	-12.136736	4.631392	0.000000	
299.150000	-12.159535	4.621203	0.000000	
299.200000	-12.182429	4.611210	0.000000	
299.250000	-12.205398	4.601379	0.000000	
299.300000	-12.228423	4.591672	0.000000	
299.350000	-12.251492	4.582063	0.000000	
299.400000	-12.274601	4.572548	0.000000	
299.450000	-12.297739	4.563103	0.000000	
299.500000	-12.320902	4.553721	0.000000	
299.550000	-12.344087	4.544395	0.000000	
299.600000	-12.367295	4.535125	0.000000	
299.650000	-12.390528	4.525917	0.000000	
299.700000	-12.413789	4.516776	0.000000	
299.750000	-12.437085	4.507722	0.000000	
299.800000	-12.460411	4.498741	0.000000	
299.850000	-12.483771	4.489845	0.000000	
299.900000	-12.507155	4.481009	0.000000	
299.950000	-12.530556	4.472213	0.000000	
300.000000	-12.553973	4.463460	0.000000	
300.050000	-12.577400	4.454733	0.000000	
300.100000	-12.600834	4.446026	0.000000	
300.150000	-12.624272	4.437331	0.000000	
300.200000	-12.647713	4.428643	0.000000	
300.250000	-12.671166	4.419987	0.000000	
300.300000	-12.694630	4.411363	0.000000	
300.350000	-12.718108	4.402779	0.000000	
300.400000	-12.741602	4.394236	0.000000	
300.450000	-12.765109	4.385729	0.000000	
300.500000	-12.788629	4.377261	0.000000	
300.550000	-12.812166	4.368840	0.000000	
300.600000	-12.835721	4.360472	0.000000	
300.650000	-12.859294	4.352155	0.000000	
300.700000	-12.882884	4.343886	0.000000	
300.750000	-12.906486	4.335654	0.000000	
300.800000	-12.930095	4.327438	0.000000	
300.850000	-12.953714	4.319254	0.000000	
300.900000	-12.977336	4.311076	0.000000	
300.950000	-13.000967	4.302924	0.000000	
301.000000	-13.024614	4.294816	0.000000	
301.050000	-13.048271	4.286737	0.000000	
301.100000	-13.071944	4.278706	0.000000	
301.150000	-13.095629	4.270706	0.000000	
301.200000	-13.119323	4.262738	0.000000	
301.250000	-13.143025	4.254790	0.000000	
301.300000	-13.166732	4.246855	0.000000	
301.350000	-13.190442	4.238933	0.000000	
301.400000	-13.214158	4.231025	0.000000	
301.450000	-13.237881	4.223140	0.000000	
301.500000	-13.261612	4.215279	0.000000	
301.550000	-13.285352	4.207447	0.000000	
301.600000	-13.309094	4.199620	0.000000	
301.650000	-13.332837	4.191795	0.000000	
301.700000	-13.356579	4.183968	0.000000	
301.750000	-13.380320	4.176140	0.000000	
301.800000	-13.404062	4.168312	0.000000	
301.850000	-13.427810	4.160503	0.000000	
301.900000	-13.451556	4.152689	0.000000	
301.950000	-13.475311	4.144901	0.000000	
302.000000	-13.499070	4.137122	0.000000	
302.050000	-13.522824	4.129331	0.000000	
302.100000	-13.546571	4.121518	0.000000	
302.150000	-13.570301	4.113659	0.000000	
302.200000	-13.594015	4.105751	0.000000	
302.250000	-13.617714	4.097801	0.000000	
302.300000	-13.641397	4.089807	0.000000	
302.350000	-13.665066	4.081772	0.000000	
302.400000	-13.688722	4.073700	0.000000	
302.450000	-13.712358	4.065574	0.000000	
302.500000	-13.735975	4.057391	0.000000	
302.550000	-13.759572	4.049150	0.000000	
302.600000	-13.783139	4.040824	0.000000	
302.650000	-13.806675	4.032414	0.000000	
302.700000	-13.830183	4.023924	0.000000	
302.750000	-13.853665	4.015361	0.000000	
302.800000	-13.877116	4.006715	0.000000	
302.850000	-13.900544	3.998006	0.000000	
302.900000	-13.923950	3.989237	0.000000	
302.950000	-13.947342	3.980429	0.000000	
303.000000	-13.970712	3.971558	0.000000	
303.050000	-13.994055	3.962617	0.000000	
303.100000	-14.017375	3.953613	0.000000	
303.150000	-14.040673	3.944550	0.000000	
303.200000	-14.063949	3.935435	0.000000	
303.250000	-14.087207	3.926273	0.000000	
303.300000	-14.110447	3.917067	0.000000	
303.350000	-14.133679	3.907839	0.000000	
303.400000	-14.156906	3.898596	0.000000	
303.450000	-14.180128	3.889342	0.000000	
303.500000	-14.203348	3.880082	0.000000	
303.550000	-14.226563	3.870810	0.000000	
303.600000	-14.249777	3.861535	0.000000	
303.650000	-14.272989	3.852254	0.000000	
303.700000	-14.296207	3.842991	0.000000	
303.750000	-14.319435	3.833752	0.000000	
303.800000	-14.342679	3.824553	0.000000	
303.850000	-14.365939	3.815398	0.000000	
303.900000	-14.389216	3.806289	0.000000	
303.950000	-14.412507	3.797214	0.000000	
304.000000	-14.435809	3.788173	0.000000	
304.050000	-14.459127	3.779175	0.000000	
304.100000	-14.482472	3.770246	0.000000	
304.150000	-14.505842	3.761386	0.000000	
304.200000	-14.529241	3.752604	0.000000	
304.250000	-14.552675	3.743915	0.000000	
304.300000	-14.576149	3.735334	0.000000	
304.350000	-14.599658	3.726848	0.000000	
304.400000	-14.623196	3.718444	0.000000	
304.450000	-14.646754	3.710098	0.000000	
304.500000	-14.670338	3.701824	0.000000	
304.550000	-14.693950	3.693630	0.000000	
304.600000	-14.717584	3.685499	0.000000	
304.650000	-14.741236	3.677417	0.000000	
304.700000	-14.764915	3.669412	0.000000	
304.750000	-14.788616	3.661466	0.000000	
304.800000	-14.812337	3.653580	0.000000	
304.850000	-14.836078	3.645757	0.000000	
304.900000	-14.859842	3.638002	0.000000	
304.950000	-14.883620	3.630287	0.000000	
305.000000	-14.907407	3.622601	0.000000	
305.050000	-14.931201	3.614936	0.000000	
305.100000	-14.955005	3.607298	0.000000	
305.150000	-14.978817	3.599687	0.000000	
305.200000	-15.002643	3.592121	0.000000	
305.250000	-15.026484	3.584603	0.000000	
305.300000	-15.050336	3.577119	0.000000	
305.350000	-15.074199	3.569669	0.000000	
305.400000	-15.098075	3.562267	0.000000	
305.450000	-15.121969	3.554928	0.000000	
305.500000	-15.145888	3.547676	0.000000	
305.550000	-15.169827	3.540494	0.000000	
305.600000	-15.193789	3.533399	0.000000	
305.650000	-15.217782	3.526415	0.000000	
305.700000	-15.241807	3.519549	0.000000	
305.750000	-15.265859	3.512784	0.000000	
305.800000	-15.289944	3.506139	0.000000	
305.850000	-15.314058	3.499604	0.000000	
305.900000	-15.338197	3.493173	0.000000	
305.950000	-15.362366	3.486864	0.000000	
306.000000	-15.386569	3.480693	0.000000	
306.050000	-15.410813	3.474688	0.000000	
306.100000	-15.435098	3.468845	0.000000	
306.150000	-15.459421	3.463157	0.000000	
306.200000	-15.483778	3.457602	0.000000	
306.250000	-15.508160	3.452149	0.000000	
306.300000	-15.532564	3.446788	0.000000	
306.350000	-15.556990	3.441511	0.000000	
306.400000	-15.581435	3.436309	0.000000	
306.450000	-15.605891	3.431153	0.000000	
306.500000	-15.630352	3.426017	0.000000	
306.550000	-15.654811	3.420870	0.000000	
306.600000	-15.679266	3.415710	0.000000	
306.650000	-15.703717	3.410530	0.000000	
306.700000	-15.728159	3.405318	0.000000	
306.750000	-15.752590	3.400057	0.000000	
306.800000	-15.777011	3.394754	0.000000	
306.850000	-15.801421	3.389405	0.000000	
306.900000	-15.825815	3.383992	0.000000	
306.950000	-15.850195	3.378514	0.000000	
307.000000	-15.874553	3.372941	0.000000	
307.050000	-15.898892	3.367285	0.000000	
307.100000	-15.923212	3.361537	0.000000	
307.150000	-15.947509	3.355690	0.000000	
307.200000	-15.971788	3.349756	0.000000	
307.250000	-15.996052	3.343754	0.000000	
307.300000	-16.020300	3.337684	0.000000	
307.350000	-16.044536	3.331560	0.000000	
307.400000	-16.068756	3.325373	0.000000	
307.450000	-16.092958	3.319112	0.000000	
307.500000	-16.117147	3.312802	0.000000	
307.550000	-16.141322	3.306437	0.000000	
307.600000	-16.165484	3.300025	0.000000	
307.650000	-16.189636	3.293578	0.000000	
307.700000	-16.213780	3.287099	0.000000	
307.750000	-16.237919	3.280601	0.000000	
307.800000	-16.262057	3.274098	0.000000	
307.850000	-16.286192	3.267584	0.000000	
307.900000	-16.310324	3.261063	0.000000	
307.950000	-16.334459	3.254550	0.000000	
308.000000	-16.358599	3.248054	0.000000	
308.050000	-16.382744	3.241581	0.000000	
308.100000	-16.406891	3.235113	0.000000	
308.150000	-16.431035	3.228637	0.000000	
308.200000	-16.455180	3.222162	0.000000	
308.250000	-16.479324	3.215685	0.000000	
308.300000	-16.503468	3.209206	0.000000	
308.350000	-16.527611	3.202726	0.000000	
308.400000	-16.551753	3.196239	0.000000	
308.450000	-16.575897	3.189763	0.000000	
308.500000	-16.600049	3.183312	0.000000	
308.550000	-16.624203	3.176872	0.000000	
308.600000	-16.648368	3.170469	0.000000	
308.650000	-16.672544	3.164110	0.000000	
308.700000	-16.696733	3.157797	0.000000	
308.750000	-16.720934	3.151527	0.000000	
308.800000	-16.745143	3.145295	0.000000	
308.850000	-16.769363	3.139102	0.000000	
308.900000	-16.793594	3.132955	0.000000	
308.950000	-16.817830	3.126825	0.000000	
309.000000	-16.842070	3.120714	0.000000	
309.050000	-16.866315	3.114624	0.000000	
309.100000	-16.890564	3.108549	0.000000	
309.150000	-16.914819	3.102498	0.000000	
309.200000	-16.939079	3.096469	0.000000	
309.250000	-16.963345	3.090460	0.000000	
309.300000	-16.987615	3.084469	0.000000	
309.350000	-17.011889	3.078494	0.000000	
309.400000	-17.036167	3.072537	0.000000	
309.450000	-17.060450	3.066596	0.000000	
309.500000	-17.084732	3.060655	0.000000	
309.550000	-17.109012	3.054704	0.000000	
309.600000	-17.133294	3.048761	0.000000	
309.650000	-17.157583	3.042843	0.000000	
309.700000	-17.181883	3.036979	0.000000	
309.750000	-17.206202	3.031204	0.000000	
309.800000	-17.230542	3.025540	0.000000	
309.850000	-17.254909	3.020037	0.000000	
309.900000	-17.279305	3.014748	0.000000	
309.950000	-17.303732	3.009730	0.000000	
310.000000	-17.328194	3.005043	0.000000	
310.050000	-17.352684	3.000733	0.000000	
310.100000	-17.377194	2.996841	0.000000	
310.150000	-17.401718	2.993432	0.000000	
310.200000	-17.426249	2.990531	0.000000	
310.250000	-17.450782	2.988183	0.000000	
310.300000	-17.475310	2.986429	0.000000	
310.350000	-17.499820	2.985302	0.000000	
310.400000	-17.524296	2.984837	0.000000	
310.450000	-17.548730	2.985077	0.000000	
310.500000	-17.573112	2.986055	0.000000	
310.550000	-17.597440	2.987794	0.000000	
310.600000	-17.621724	2.990288	0.000000	
310.650000	-17.645960	2.993519	0.000000	
310.700000	-17.670142	2.997461	0.000000	
310.750000	-17.694265	3.002085	0.000000	
310.800000	-17.718320	3.007344	0.000000	
310.850000	-17.742298	3.013220	0.000000	
310.900000	-17.766198	3.019648	0.000000	
310.950000	-17.790018	3.026561	0.000000	
311.000000	-17.813753	3.033917	0.000000	
311.050000	-17.837405	3.041665	0.000000	
311.100000	-17.860977	3.049754	0.000000	
311.150000	-17.884479	3.058122	0.000000	
311.200000	-17.907920	3.066705	0.000000	
311.250000	-17.931308	3.075473	0.000000	
311.300000	-17.954652	3.084385	0.000000	
311.350000	-17.977958	3.093417	0.000000	
311.400000	-18.001237	3.102525	0.000000	
311.450000	-18.024498	3.111683	0.000000	
311.500000	-18.047755	3.120852	0.000000	
311.550000	-18.071015	3.130013	0.000000	
311.600000	-18.094276	3.139171	0.000000	
311.650000	-18.117533	3.148338	0.000000	
311.700000	-18.140788	3.157512	0.000000	
311.750000	-18.164043	3.166687	0.000000	
311.800000	-18.187292	3.175874	0.000000	
311.850000	-18.210535	3.185077	0.000000	
311.900000	-18.233771	3.194295	0.000000	
311.950000	-18.257002	3.203528	0.000000	
312.000000	-18.280226	3.212779	0.000000	
312.050000	-18.303447	3.222035	0.000000	
312.100000	-18.326667	3.231295	0.000000	
312.150000	-18.349883	3.240564	0.000000	
312.200000	-18.373094	3.249846	0.000000	
312.250000	-18.396300	3.259144	0.000000	
312.300000	-18.419502	3.268449	0.000000	
312.350000	-18.442690	3.277789	0.000000	
312.400000	-18.465877	3.287133	0.000000	
312.450000	-18.489061	3.296487	0.000000	
312.500000	-18.512242	3.305847	0.000000	
312.550000	-18.535421	3.315210	0.000000	
312.600000	-18.558605	3.324564	0.000000	
312.650000	-18.581796	3.333898	0.000000	
312.700000	-18.604998	3.343204	0.000000	
312.750000	-18.628215	3.352473	0.000000	
312.800000	-18.651440	3.361722	0.000000	
312.850000	-18.674675	3.370945	0.000000	
312.900000	-18.697926	3.380126	0.000000	
312.950000	-18.721196	3.389259	0.000000	
313.000000	-18.744482	3.398352	0.000000	
313.050000	-18.767783	3.407409	0.000000	
313.100000	-18.791103	3.416414	0.000000	
313.150000	-18.814433	3.425392	0.000000	
313.200000	-18.837772	3.434348	0.000000	
313.250000	-18.861120	3.443281	0.000000	
313.300000	-18.884474	3.452199	0.000000	
313.350000	-18.907829	3.461113	0.000000	
313.400000	-18.931189	3.470016	0.000000	
313.450000	-18.954541	3.478937	0.000000	
313.500000	-18.977889	3.487872	0.000000	
313.550000	-19.001237	3.496803	0.000000	
313.600000	-19.024589	3.505727	0.000000	
313.650000	-19.047941	3.514648	0.000000	
313.700000	-19.071297	3.523560	0.000000	
313.750000	-19.094647	3.532488	0.000000	
313.800000	-19.117987	3.541442	0.000000	
313.850000	-19.141322	3.550408	0.000000	
313.900000	-19.164654	3.559381	0.000000	
313.950000	-19.187975	3.568383	0.000000	
314.000000	-19.211288	3.577407	0.000000	
314.050000	-19.234587	3.586467	0.000000	
314.100000	-19.257872	3.595564	0.000000	
314.150000	-19.281139	3.604706	0.000000	
314.200000	-19.304391	3.613888	0.000000	
314.250000	-19.327633	3.623094	0.000000	
314.300000	-19.350858	3.632344	0.000000	
314.350000	-19.374063	3.641642	0.000000	
314.400000	-19.397254	3.650975	0.000000	
314.450000	-19.420429	3.660347	0.000000	
314.500000	-19.443587	3.669757	0.000000	
314.550000	-19.466726	3.679214	0.000000	
314.600000	-19.489837	3.688734	0.000000	
314.650000	-19.512918	3.698325	0.000000	
314.700000	-19.535974	3.707975	0.000000	
314.750000	-19.559009	3.717678	0.000000	
314.800000	-19.582026	3.727423	0.000000	
314.850000	-19.605029	3.737202	0.000000	
314.900000	-19.628021	3.747006	0.000000	
314.950000	-19.651000	3.756845	0.000000	
315.000000	-19.673972	3.766700	0.000000	
315.050000	-19.696930	3.776588	0.000000	
315.100000	-19.719880	3.786495	0.000000	
315.150000	-19.742827	3.796410	0.000000	
315.200000	-19.765768	3.806339	0.000000	
315.250000	-19.788703	3.816282	0.000000	
315.300000	-19.811629	3.826249	0.000000	
315.350000	-19.834551	3.836223	0.000000	
315.400000	-19.857470	3.846203	0.000000	
315.450000	-19.880385	3.856194	0.000000	
315.500000	-19.903303	3.866179	0.000000	
315.550000	-19.926235	3.876131	0.000000	
315.600000	-19.949186	3.886037	0.000000	
315.650000	-19.972157	3.895900	0.000000	
315.700000	-19.995151	3.905708	0.000000	
315.750000	-20.018170	3.915455	0.000000	
315.800000	-20.041207	3.925161	0.000000	
315.850000	-20.064258	3.934835	0.000000	
315.900000	-20.087325	3.944469	0.000000	
315.950000	-20.110406	3.954069	0.000000	
316.000000	-20.133501	3.963633	0.000000	
316.050000	-20.156612	3.973158	0.000000	
316.100000	-20.179749	3.982616	0.000000	
316.150000	-20.202913	3.992006	0.000000	
316.200000	-20.226099	4.001340	0.000000	
316.250000	-20.249302	4.010631	0.000000	
316.300000	-20.272526	4.019868	0.000000	
316.350000	-20.295768	4.029061	0.000000	
316.400000	-20.319030	4.038204	0.000000	
316.450000	-20.342314	4.047296	0.000000	
316.500000	-20.365615	4.056346	0.000000	
316.550000	-20.388937	4.065343	0.000000	
316.600000	-20.412273	4.074305	0.000000	
316.650000	-20.435617	4.083246	0.000000	
316.700000	-20.458977	4.092147	0.000000	
316.750000	-20.482347	4.101023	0.000000	
316.800000	-20.505727	4.109871	0.000000	
316.850000	-20.529115	4.118699	0.000000	
316.900000	-20.552517	4.127491	0.000000	
316.950000	-20.575925	4.136266	0.000000	
317.000000	-20.599333	4.145043	0.000000	
317.050000	-20.622749	4.153799	0.000000	
317.100000	-20.646164	4.162556	0.000000	
317.150000	-20.669570	4.171337	0.000000	
317.200000	-20.692957	4.180168	0.000000	
317.250000	-20.716320	4.189061	0.000000	
317.300000	-20.739669	4.197991	0.000000	
317.350000	-20.763007	4.206947	0.000000	
317.400000	-20.786340	4.215918	0.000000	
317.450000	-20.809665	4.224909	0.000000	
317.500000	-20.832985	4.233913	0.000000	
317.550000	-20.856303	4.242920	0.000000	
317.600000	-20.879621	4.251929	0.000000	
317.650000	-20.902934	4.260951	0.000000	
317.700000	-20.926243	4.269984	0.000000	
317.750000	-20.949539	4.279048	0.000000	
317.800000	-20.972817	4.288157	0.000000	
317.850000	-20.996064	4.297345	0.000000	
317.900000	-21.019286	4.306594	0.000000	
317.950000	-21.042486	4.315900	0.000000	
318.000000	-21.065663	4.325262	0.000000	
318.050000	-21.088816	4.334680	0.000000	
318.100000	-21.111937	4.344177	0.000000	
318.150000	-21.135034	4.353733	0.000000	
318.200000	-21.158113	4.363335	0.000000	
318.250000	-21.181176	4.372971	0.000000	
318.300000	-21.204239	4.382610	0.000000	
318.350000	-21.227295	4.392264	0.000000	
318.400000	-21.250333	4.401961	0.000000	
318.450000	-21.273348	4.411711	0.000000	
318.500000	-21.296338	4.421520	0.000000	
318.550000	-21.319303	4.431387	0.000000	
318.600000	-21.342248	4.441301	0.000000	
318.650000	-21.365174	4.451263	0.000000	
318.700000	-21.388093	4.461243	0.000000	
318.750000	-21.411005	4.471239	0.000000	
318.800000	-21.433920	4.481230	0.000000	
318.850000	-21.456843	4.491200	0.000000	
318.900000	-21.479778	4.501142	0.000000	
318.950000	-21.502724	4.511058	0.000000	
319.000000	-21.525676	4.520960	0.000000	
319.050000	-21.548639	4.530835	0.000000	
319.100000	-21.571613	4.540684	0.000000	
319.150000	-21.594599	4.550509	0.000000	
319.200000	-21.617589	4.560320	0.000000	
319.250000	-21.640576	4.570142	0.000000	
319.300000	-21.663547	4.579994	0.000000	
319.350000	-21.686483	4.589924	0.000000	
319.400000	-21.709365	4.599964	0.000000	
319.450000	-21.732185	4.610126	0.000000	
319.500000	-21.754926	4.620431	0.000000	
319.550000	-21.777576	4.630897	0.000000	
319.600000	-21.800116	4.641554	0.000000	
319.650000	-21.822513	4.652452	0.000000	
319.700000	-21.844733	4.663641	0.000000	
319.750000	-21.866743	4.675167	0.000000	
319.800000	-21.888524	4.687051	0.000000	
319.850000	-21.910040	4.699334	0.000000	
319.900000	-21.931277	4.712030	0.000000	
319.950000	-21.952222	4.725149	0.000000	
320.000000	-21.972859	4.738702	0.000000	
320.050000	-21.993178	4.752696	0.000000	
320.100000	-22.013168	4.767149	0.000000	
320.150000	-22.032814	4.782064	0.000000	
320.200000	-22.052105	4.797447	0.000000	
320.250000	-22.071033	4.813302	0.000000	
320.300000	-22.089607	4.829608	0.000000	
320.350000	-22.107834	4.846344	0.000000	
320.400000	-22.125729	4.863478	0.000000	
320.450000	-22.143302	4.880985	0.000000	
320.500000	-22.160576	4.898829	0.000000	
320.550000	-22.177569	4.916980	0.000000	
320.600000	-22.194301	4.935409	0.000000	
320.650000	-22.210794	4.954089	0.000000	
320.700000	-22.227083	4.972976	0.000000	
320.750000	-22.243202	4.992032	0.000000	
320.800000	-22.259175	5.011226	0.000000	
320.850000	-22.275022	5.030538	0.000000	
320.900000	-22.290781	5.049929	0.000000	
320.950000	-22.306463	5.069389	0.000000	
321.000000	-22.322089	5.088896	0.000000	
321.050000	-22.337682	5.108433	0.000000	
321.100000	-22.353243	5.127996	0.000000	
321.150000	-22.368772	5.147585	0.000000	
321.200000	-22.384283	5.167190	0.000000	
321.250000	-22.399798	5.186790	0.000000	
321.300000	-22.415315	5.206390	0.000000	
321.350000	-22.430844	5.225980	0.000000	
321.400000	-22.446394	5.245553	0.000000	
321.450000	-22.461954	5.265119	0.000000	
321.500000	-22.477537	5.284666	0.000000	
321.550000	-22.493147	5.304192	0.000000	
321.600000	-22.508800	5.323684	0.000000	
321.650000	-22.524490	5.343146	0.000000	
321.700000	-22.540214	5.362581	0.000000	
321.750000	-22.555959	5.381998	0.000000	
321.800000	-22.571725	5.401398	0.000000	
321.850000	-22.587506	5.420786	0.000000	
321.900000	-22.603308	5.440156	0.000000	
321.950000	-22.619125	5.459515	0.000000	
322.000000	-22.634967	5.478851	0.000000	
322.050000	-22.650831	5.498171	0.000000	
322.100000	-22.666696	5.517489	0.000000	
322.150000	-22.682566	5.536802	0.000000	
322.200000	-22.698453	5.556103	0.000000	
322.250000	-22.714371	5.575378	0.000000	
322.300000	-22.730308	5.594637	0.000000	
322.350000	-22.746262	5.613883	0.000000	
322.400000	-22.762227	5.633119	0.000000	
322.450000	-22.778213	5.652339	0.000000	
322.500000	-22.794240	5.671524	0.000000	
322.550000	-22.810305	5.690679	0.000000	
322.600000	-22.826402	5.709805	0.000000	
322.650000	-22.842517	5.728916	0.000000	
322.700000	-22.858656	5.748007	0.000000	
322.750000	-22.874818	5.767078	0.000000	
322.800000	-22.891008	5.786125	0.000000	
322.850000	-22.907229	5.805144	0.000000	
322.900000	-22.923489	5.824130	0.000000	
322.950000	-22.939772	5.843096	0.000000	
323.000000	-22.956091	5.862030	0.000000	
323.050000	-22.972428	5.880949	0.000000	
323.100000	-22.988783	5.899851	0.000000	
323.150000	-23.005171	5.918726	0.000000	
323.200000	-23.021595	5.937570	0.000000	
323.250000	-23.038067	5.956371	0.000000	
323.300000	-23.054589	5.975129	0.000000	
323.350000	-23.071158	5.993845	0.000000	
323.400000	-23.087789	6.012506	0.000000	
323.450000	-23.104491	6.031104	0.000000	
323.500000	-23.121241	6.049660	0.000000	
323.550000	-23.138020	6.068188	0.000000	
323.600000	-23.154822	6.086698	0.000000	
323.650000	-23.171626	6.105205	0.000000	
323.700000	-23.188453	6.123692	0.000000	
323.750000	-23.205301	6.142160	0.000000	
323.800000	-23.222164	6.160614	0.000000	
323.850000	-23.239028	6.179067	0.000000	
323.900000	-23.255876	6.197534	0.000000	
323.950000	-23.272698	6.216025	0.000000	
324.000000	-23.289497	6.234536	0.000000	
324.050000	-23.306264	6.253074	0.000000	
324.100000	-23.323020	6.271622	0.000000	
324.150000	-23.339770	6.290175	0.000000	
324.200000	-23.356508	6.308740	0.000000	
324.250000	-23.373236	6.327313	0.000000	
324.300000	-23.389942	6.345905	0.000000	
324.350000	-23.406612	6.364530	0.000000	
324.400000	-23.423255	6.383180	0.000000	
324.450000	-23.439878	6.401848	0.000000	
324.500000	-23.456463	6.420551	0.000000	
324.550000	-23.473021	6.439279	0.000000	
324.600000	-23.489550	6.458032	0.000000	
324.650000	-23.506052	6.476810	0.000000	
324.700000	-23.522552	6.495589	0.000000	
324.750000	-23.539043	6.514376	0.000000	
324.800000	-23.555512	6.533184	0.000000	
324.850000	-23.571950	6.552018	0.000000	
324.900000	-23.588369	6.570870	0.000000	
324.950000	-23.604756	6.589748	0.000000	
325.000000	-23.621123	6.608643	0.000000	
325.050000	-23.637448	6.627572	0.000000	
325.100000	-23.653702	6.646557	0.000000	
325.150000	-23.669857	6.665619	0.000000	
325.200000	-23.685888	6.684776	0.000000	
325.250000	-23.701775	6.704041	0.000000	
325.300000	-23.717497	6.723426	0.000000	
325.350000	-23.733018	6.742954	0.000000	
325.400000	-23.748315	6.762636	0.000000	
325.450000	-23.763382	6.782475	0.000000	
325.500000	-23.778193	6.802490	0.000000	
325.550000	-23.792736	6.822683	0.000000	
325.600000	-23.806988	6.843065	0.000000	
325.650000	-23.820937	6.863640	0.000000	
325.700000	-23.834584	6.884403	0.000000	
325.750000	-23.847891	6.905376	0.000000	
325.800000	-23.860835	6.926573	0.000000	
325.850000	-23.873433	6.947983	0.000000	
325.900000	-23.885682	6.969600	0.000000	
325.950000	-23.897592	6.991419	0.000000	
326.000000	-23.909185	7.013425	0.000000	
326.050000	-23.920454	7.035618	0.000000	
326.100000	-23.931427	7.057978	0.000000	
326.150000	-23.942147	7.080477	0.000000	
326.200000	-23.952638	7.103103	0.000000	
326.250000	-23.962921	7.125839	0.000000	
326.300000	-23.973023	7.148669	0.000000	
326.350000	-23.982963	7.171582	0.000000	
326.400000	-23.992781	7.194554	0.000000	
326.450000	-24.002514	7.217567	0.000000	
326.500000	-24.012166	7.240619	0.000000	
326.550000	-24.021760	7.263699	0.000000	
326.600000	-24.031310	7.286798	0.000000	
326.650000	-24.040851	7.309902	0.000000	
326.700000	-24.050409	7.332998	0.000000	
326.750000	-24.059995	7.356082	0.000000	
326.800000	-24.069629	7.379144	0.000000	
326.850000	-24.079328	7.402180	0.000000	
326.900000	-24.089084	7.425190	0.000000	
326.950000	-24.098927	7.448164	0.000000	
327.000000	-24.108840	7.471107	0.000000	
327.050000	-24.118832	7.494017	0.000000	
327.100000	-24.128921	7.516883	0.000000	
327.150000	-24.139094	7.539714	0.000000	
327.200000	-24.149339	7.562512	0.000000	
327.250000	-24.159649	7.585281	0.000000	
327.300000	-24.170032	7.608018	0.000000	
327.350000	-24.180494	7.630718	0.000000	
327.400000	-24.191026	7.653386	0.000000	
327.450000	-24.201626	7.676024	0.000000	
327.500000	-24.212265	7.698643	0.000000	
327.550000	-24.222935	7.721249	0.000000	
327.600000	-24.233635	7.743841	0.000000	
327.650000	-24.244379	7.766413	0.000000	
327.700000	-24.255158	7.788968	0.000000	
327.750000	-24.265950	7.811517	0.000000	
327.800000	-24.276738	7.834068	0.000000	
327.850000	-24.287536	7.856615	0.000000	
327.900000	-24.298356	7.879151	0.000000	
327.950000	-24.309180	7.901685	0.000000	
328.000000	-24.319981	7.924230	0.000000	
328.050000	-24.330775	7.946778	0.000000	
328.100000	-24.341544	7.969337	0.000000	
328.150000	-24.352288	7.991909	0.000000	
328.200000	-24.363000	8.014496	0.000000	
328.250000	-24.373666	8.037103	0.000000	
328.300000	-24.384265	8.059740	0.000000	
328.350000	-24.394788	8.082412	0.000000	
328.400000	-24.405225	8.105122	0.000000	
328.450000	-24.415591	8.127865	0.000000	
328.500000	-24.425886	8.150641	0.000000	
328.550000	-24.436121	8.173442	0.000000	
328.600000	-24.446280	8.196276	0.000000	
328.650000	-24.456354	8.219147	0.000000	
328.700000	-24.466325	8.242061	0.000000	
328.750000	-24.476176	8.265026	0.000000	
328.800000	-24.485909	8.288040	0.000000	
328.850000	-24.495533	8.311097	0.000000	
328.900000	-24.505023	8.334207	0.000000	
328.950000	-24.514355	8.357381	0.000000	
329.000000	-24.523523	8.380616	0.000000	
329.050000	-24.532524	8.403912	0.000000	
329.100000	-24.541317	8.427282	0.000000	
329.150000	-24.549886	8.450726	0.000000	
329.200000	-24.558214	8.474252	0.000000	
329.250000	-24.566304	8.497855	0.000000	
329.300000	-24.574139	8.521535	0.000000	
329.350000	-24.581717	8.545289	0.000000	
329.400000	-24.589049	8.569113	0.000000	
329.450000	-24.596132	8.593008	0.000000	
329.500000	-24.602973	8.616975	0.000000	
329.550000	-24.609568	8.641013	0.000000	
329.600000	-24.615914	8.665125	0.000000	
329.650000	-24.622045	8.689296	0.000000	
329.700000	-24.627947	8.713529	0.000000	
329.750000	-24.633630	8.737821	0.000000	
329.800000	-24.639108	8.762168	0.000000	
329.850000	-24.644410	8.786560	0.000000	
329.900000	-24.649530	8.811000	0.000000	
329.950000	-24.654498	8.835478	0.000000	
330.000000	-24.659320	8.859993	0.000000	
330.050000	-24.664016	8.884538	0.000000	
330.100000	-24.668587	8.909111	0.000000	
330.150000	-24.673057	8.933704	0.000000	
330.200000	-24.677447	8.958313	0.000000	
330.250000	-24.681760	8.982937	0.000000	
330.300000	-24.686014	9.007571	0.000000	
330.350000	-24.690249	9.032209	0.000000	
330.400000	-24.694476	9.056848	0.000000	
330.450000	-24.698671	9.081492	0.000000	
330.500000	-24.702832	9.106141	0.000000	
330.550000	-24.706964	9.130795	0.000000	
330.600000	-24.711049	9.155457	0.000000	
330.650000	-24.715106	9.180123	0.000000	
330.700000	-24.719117	9.204797	0.000000	
330.750000	-24.723092	9.229476	0.000000	
330.800000	-24.727012	9.254163	0.000000	
330.850000	-24.730886	9.278858	0.000000	
330.900000	-24.734691	9.303562	0.000000	
330.950000	-24.738444	9.328274	0.000000	
331.000000	-24.742126	9.352998	0.000000	
331.050000	-24.745758	9.377730	0.000000	
331.100000	-24.749344	9.402469	0.000000	
331.150000	-24.752903	9.427212	0.000000	
331.200000	-24.756443	9.451958	0.000000	
331.250000	-24.759949	9.476709	0.000000	
331.300000	-24.763420	9.501465	0.000000	
331.350000	-24.766841	9.526228	0.000000	
331.400000	-24.770187	9.551001	0.000000	
331.450000	-24.773476	9.575782	0.000000	
331.500000	-24.776728	9.600567	0.000000	
331.550000	-24.779960	9.625355	0.000000	
331.600000	-24.783160	9.650148	0.000000	
331.650000	-24.786350	9.674942	0.000000	
331.700000	-24.789524	9.699738	0.000000	
331.750000	-24.792695	9.724535	0.000000	
331.800000	-24.795862	9.749332	0.000000	
331.850000	-24.799045	9.774127	0.000000	
331.900000	-24.802242	9.798920	0.000000	
331.950000	-24.805466	9.823710	0.000000	
332.000000	-24.808724	9.848495	0.000000	
332.050000	-24.812036	9.873271	0.000000	
332.100000	-24.815390	9.898041	0.000000	
332.150000	-24.818773	9.922807	0.000000	
332.200000	-24.822181	9.947569	0.000000	
332.250000	-24.825627	9.972324	0.000000	
332.300000	-24.829115	9.997074	0.000000	
332.350000	-24.832646	10.021817	0.000000	
332.400000	-24.836239	10.046552	0.000000	
332.450000	-24.839908	10.071276	0.000000	
332.500000	-24.843664	10.095987	0.000000	
332.550000	-24.847519	10.120683	0.000000	
332.600000	-24.851446	10.145368	0.000000	
332.650000	-24.855447	10.170041	0.000000	
332.700000	-24.859497	10.194706	0.000000	
332.750000	-24.863590	10.219364	0.000000	
332.800000	-24.867711	10.244019	0.000000	
332.850000	-24.871867	10.268668	0.000000	
332.900000	-24.876052	10.293313	0.000000	
332.950000	-24.880256	10.317955	0.000000	
333.000000	-24.884476	10.342595	0.000000	
333.050000	-24.888714	10.367232	0.000000	
333.100000	-24.892954	10.391868	0.000000	
333.150000	-24.897205	10.416503	0.000000	
333.200000	-24.901485	10.441132	0.000000	
333.250000	-24.905786	10.465757	0.000000	
333.300000	-24.910099	10.490381	0.000000	
333.350000	-24.914441	10.514999	0.000000	
333.400000	-24.918809	10.539612	0.000000	
333.450000	-24.923187	10.564224	0.000000	
333.500000	-24.927552	10.588839	0.000000	
333.550000	-24.931883	10.613458	0.000000	
333.600000	-24.936147	10.638090	0.000000	
333.650000	-24.940318	10.662735	0.000000	
333.700000	-24.944358	10.687397	0.000000	
333.750000	-24.948265	10.712076	0.000000	
333.800000	-24.952025	10.736770	0.000000	
333.850000	-24.955616	10.761480	0.000000	
333.900000	-24.959020	10.786205	0.000000	
333.950000	-24.962193	10.810944	0.000000	
334.000000	-24.965111	10.835696	0.000000	
334.050000	-24.967730	10.860457	0.000000	
334.100000	-24.969996	10.885227	0.000000	
334.150000	-24.971885	10.910003	0.000000	
334.200000	-24.973359	10.934782	0.000000	
334.250000	-24.974404	10.959565	0.000000	
334.300000	-24.975014	10.984347	0.000000	
334.350000	-24.975173	11.009126	0.000000	
334.400000	-24.974866	11.033901	0.000000	
334.450000	-24.974112	11.058673	0.000000	
334.500000	-24.972930	11.083443	0.000000	
334.550000	-24.971344	11.108207	0.000000	
334.600000	-24.969348	11.132964	0.000000	
334.650000	-24.966960	11.157711	0.000000	
334.700000	-24.964210	11.182440	0.000000	
334.750000	-24.961130	11.207150	0.000000	
334.800000	-24.957754	11.231841	0.000000	
334.850000	-24.954113	11.256515	0.000000	
334.900000	-24.950249	11.281172	0.000000	
334.950000	-24.946189	11.305813	0.000000	
335.000000	-24.941965	11.330437	0.000000	
335.050000	-24.937585	11.355041	0.000000	
335.100000	-24.933096	11.379630	0.000000	
335.150000	-24.928531	11.404207	0.000000	
335.200000	-24.923914	11.428776	0.000000	
335.250000	-24.919286	11.453342	0.000000	
335.300000	-24.914641	11.477905	0.000000	
335.350000	-24.909984	11.502467	0.000000	
335.400000	-24.905324	11.527027	0.000000	
335.450000	-24.900660	11.551587	0.000000	
335.500000	-24.895966	11.576140	0.000000	
335.550000	-24.891217	11.600682	0.000000	
335.600000	-24.886415	11.625212	0.000000	
335.650000	-24.881583	11.649736	0.000000	
335.700000	-24.876731	11.674256	0.000000	
335.750000	-24.871853	11.698771	0.000000	
335.800000	-24.866931	11.723276	0.000000	
335.850000	-24.861954	11.747769	0.000000	
335.900000	-24.856920	11.772250	0.000000	
335.950000	-24.851823	11.796719	0.000000	
336.000000	-24.846656	11.821174	0.000000	
336.050000	-24.841455	11.845623	0.000000	
336.100000	-24.836241	11.870069	0.000000	
336.150000	-24.831020	11.894514	0.000000	
336.200000	-24.825790	11.918957	0.000000	
336.250000	-24.820528	11.943393	0.000000	
336.300000	-24.815238	11.967824	0.000000	
336.350000	-24.809919	11.992250	0.000000	
336.400000	-24.804597	12.016674	0.000000	
336.450000	-24.799275	12.041099	0.000000	
336.500000	-24.793967	12.065527	0.000000	
336.550000	-24.788696	12.089962	0.000000	
336.600000	-24.783476	12.114408	0.000000	
336.650000	-24.778319	12.138867	0.000000	
336.700000	-24.773192	12.163333	0.000000	
336.750000	-24.768073	12.187800	0.000000	
336.800000	-24.762971	12.212271	0.000000	
336.850000	-24.757891	12.236747	0.000000	
336.900000	-24.752837	12.261229	0.000000	
336.950000	-24.747813	12.285717	0.000000	
337.000000	-24.742820	12.310212	0.000000	
337.050000	-24.737856	12.334713	0.000000	
337.100000	-24.732905	12.359217	0.000000	
337.150000	-24.727961	12.383722	0.000000	
337.200000	-24.723003	12.408224	0.000000	
337.250000	-24.718056	12.432729	0.000000	
337.300000	-24.713123	12.457236	0.000000	
337.350000	-24.708209	12.481747	0.000000	
337.400000	-24.703337	12.506267	0.000000	
337.450000	-24.698483	12.530790	0.000000	
337.500000	-24.693665	12.555319	0.000000	
337.550000	-24.688889	12.579856	0.000000	
337.600000	-24.684131	12.604397	0.000000	
337.650000	-24.679386	12.628940	0.000000	
337.700000	-24.674648	12.653484	0.000000	
337.750000	-24.669922	12.678030	0.000000	
337.800000	-24.665234	12.702584	0.000000	
337.850000	-24.660583	12.727144	0.000000	
337.900000	-24.655963	12.751711	0.000000	
337.950000	-24.651359	12.776282	0.000000	
338.000000	-24.646758	12.800853	0.000000	
338.050000	-24.642170	12.825427	0.000000	
338.100000	-24.637601	12.850004	0.000000	
338.150000	-24.633037	12.874582	0.000000	
338.200000	-24.628488	12.899163	0.000000	
338.250000	-24.623960	12.923748	0.000000	
338.300000	-24.619425	12.948332	0.000000	
338.350000	-24.614910	12.972919	0.000000	
338.400000	-24.610417	12.997511	0.000000	
338.450000	-24.605937	13.022105	0.000000	
338.500000	-24.601486	13.046704	0.000000	
338.550000	-24.597047	13.071305	0.000000	
338.600000	-24.592619	13.095907	0.000000	
338.650000	-24.588237	13.120517	0.000000	
338.700000	-24.583921	13.145137	0.000000	
338.750000	-24.579667	13.169765	0.000000	
338.800000	-24.575501	13.194407	0.000000	
338.850000	-24.571400	13.219057	0.000000	
338.900000	-24.567377	13.243719	0.000000	
338.950000	-24.563442	13.268394	0.000000	
339.000000	-24.559610	13.293086	0.000000	
339.050000	-24.555862	13.317792	0.000000	
339.100000	-24.552184	13.342508	0.000000	
339.150000	-24.548564	13.367234	0.000000	
339.200000	-24.545009	13.391970	0.000000	
339.250000	-24.541493	13.416712	0.000000	
339.300000	-24.538006	13.441460	0.000000	
339.350000	-24.534556	13.466215	0.000000	
339.400000	-24.531113	13.490971	0.000000	
339.450000	-24.527650	13.515723	0.000000	
339.500000	-24.524113	13.540460	0.000000	
339.550000	-24.520460	13.565173	0.000000	
339.600000	-24.516672	13.589856	0.000000	
339.650000	-24.512693	13.614494	0.000000	
339.700000	-24.508465	13.639070	0.000000	
339.750000	-24.503920	13.663562	0.000000	
339.800000	-24.499036	13.687961	0.000000	
339.850000	-24.493775	13.712256	0.000000	
339.900000	-24.488124	13.736436	0.000000	
339.950000	-24.482035	13.760479	0.000000	
340.000000	-24.475479	13.784364	0.000000	
340.050000	-24.468429	13.808079	0.000000	
340.100000	-24.460873	13.831606	0.000000	
340.150000	-24.452802	13.854938	0.000000	
340.200000	-24.444198	13.878063	0.000000	
340.250000	-24.435072	13.900984	0.000000	
340.300000	-24.425431	13.923697	0.000000	
340.350000	-24.415285	13.946201	0.000000	
340.400000	-24.404652	13.968506	0.000000	
340.450000	-24.393542	13.990612	0.000000	
340.500000	-24.381976	14.012528	0.000000	
340.550000	-24.370011	14.034270	0.000000	
340.600000	-24.357687	14.055851	0.000000	
340.650000	-24.345042	14.077286	0.000000	
340.700000	-24.332103	14.098578	0.000000	
340.750000	-24.318902	14.119735	0.000000	
340.800000	-24.305490	14.140777	0.000000	
340.850000	-24.291898	14.161720	0.000000	
340.900000	-24.278138	14.182569	0.000000	
340.950000	-24.264240	14.203337	0.000000	
341.000000	-24.250254	14.224052	0.000000	
341.050000	-24.236224	14.244740	0.000000	
341.100000	-24.222186	14.265423	0.000000	
341.150000	-24.208166	14.286118	0.000000	
341.200000	-24.194179	14.306834	0.000000	
341.250000	-24.180254	14.327592	0.000000	
341.300000	-24.166383	14.348385	0.000000	
341.350000	-24.152578	14.369221	0.000000	
341.400000	-24.138844	14.390105	0.000000	
341.450000	-24.125157	14.411020	0.000000	
341.500000	-24.111525	14.431972	0.000000	
341.550000	-24.097949	14.452959	0.000000	
341.600000	-24.084426	14.473981	0.000000	
341.650000	-24.070947	14.495031	0.000000	
341.700000	-24.057494	14.516097	0.000000	
341.750000	-24.044088	14.537193	0.000000	
341.800000	-24.030739	14.558326	0.000000	
341.850000	-24.017435	14.579488	0.000000	
341.900000	-24.004166	14.600673	0.000000	
341.950000	-23.990932	14.621880	0.000000	
342.000000	-23.977736	14.643112	0.000000	
342.050000	-23.964562	14.664358	0.000000	
342.100000	-23.951411	14.685619	0.000000	
342.150000	-23.938281	14.706893	0.000000	
342.200000	-23.925186	14.728187	0.000000	
342.250000	-23.912115	14.749497	0.000000	
342.300000	-23.899042	14.770806	0.000000	
342.350000	-23.885964	14.792111	0.000000	
342.400000	-23.872861	14.813401	0.000000	
342.450000	-23.859736	14.834677	0.000000	
342.500000	-23.846615	14.855955	0.000000	
342.550000	-23.833475	14.877221	0.000000	
342.600000	-23.820308	14.898470	0.000000	
342.650000	-23.807111	14.919701	0.000000	
342.700000	-23.793901	14.940923	0.000000	
342.750000	-23.780701	14.962151	0.000000	
342.800000	-23.767505	14.983383	0.000000	
342.850000	-23.754328	15.004625	0.000000	
342.900000	-23.741195	15.025893	0.000000	
342.950000	-23.728116	15.047192	0.000000	
343.000000	-23.715102	15.068530	0.000000	
343.050000	-23.702157	15.089908	0.000000	
343.100000	-23.689289	15.111330	0.000000	
343.150000	-23.676493	15.132793	0.000000	
343.200000	-23.663755	15.154288	0.000000	
343.250000	-23.651066	15.175811	0.000000	
343.300000	-23.638430	15.197364	0.000000	
343.350000	-23.625860	15.218954	0.000000	
343.400000	-23.613374	15.240593	0.000000	
343.450000	-23.600977	15.262285	0.000000	
343.500000	-23.588656	15.284022	0.000000	
343.550000	-23.576410	15.305801	0.000000	
343.600000	-23.564257	15.327636	0.000000	
343.650000	-23.552201	15.349527	0.000000	
343.700000	-23.540240	15.371473	0.000000	
343.750000	-23.528354	15.393462	0.000000	
343.800000	-23.516530	15.415486	0.000000	
343.850000	-23.504781	15.437552	0.000000	
343.900000	-23.493103	15.459654	0.000000	
343.950000	-23.481475	15.481784	0.000000	
344.000000	-23.469888	15.503935	0.000000	
344.050000	-23.458337	15.526105	0.000000	
344.100000	-23.446823	15.548294	0.000000	
344.150000	-23.435358	15.570507	0.000000	
344.200000	-23.423949	15.592748	0.000000	
344.250000	-23.412598	15.615017	0.000000	
344.300000	-23.401310	15.637317	0.000000	
344.350000	-23.390092	15.659652	0.000000	
344.400000	-23.378937	15.682017	0.000000	
344.450000	-23.367821	15.704403	0.000000	
344.500000	-23.356757	15.726814	0.000000	
344.550000	-23.345752	15.749255	0.000000	
344.600000	-23.334791	15.771718	0.000000	
344.650000	-23.323834	15.794183	0.000000	
344.700000	-23.312856	15.816638	0.000000	
344.750000	-23.301815	15.839057	0.000000	
344.800000	-23.290688	15.861426	0.000000	
344.850000	-23.279435	15.883719	0.000000	
344.900000	-23.267992	15.905893	0.000000	
344.950000	-23.256309	15.927910	0.000000	
345.000000	-23.244363	15.949747	0.000000	
345.050000	-23.232132	15.971387	0.000000	
345.100000	-23.219585	15.992797	0.000000	
345.150000	-23.206698	16.013959	0.000000	
345.200000	-23.193426	16.034830	0.000000	
345.250000	-23.179738	16.055383	0.000000	
345.300000	-23.165626	16.075609	0.000000	
345.350000	-23.151060	16.095474	0.000000	
345.400000	-23.136016	16.114949	0.000000	
345.450000	-23.120501	16.134038	0.000000	
345.500000	-23.104533	16.152748	0.000000	
345.550000	-23.088102	16.171070	0.000000	
345.600000	-23.071216	16.189014	0.000000	
345.650000	-23.053877	16.206578	0.000000	
345.700000	-23.036123	16.223781	0.000000	
345.750000	-23.017968	16.240627	0.000000	
345.800000	-22.999455	16.257142	0.000000	
345.850000	-22.980612	16.273344	0.000000	
345.900000	-22.961471	16.289248	0.000000	
345.950000	-22.942088	16.304904	0.000000	
346.000000	-22.922513	16.320354	0.000000	
346.050000	-22.902778	16.335629	0.000000	
346.100000	-22.882897	16.350739	0.000000	
346.150000	-22.862901	16.365712	0.000000	
346.200000	-22.842798	16.380558	0.000000	
346.250000	-22.822618	16.395304	0.000000	
346.300000	-22.802372	16.409964	0.000000	
346.350000	-22.782065	16.424544	0.000000	
346.400000	-22.761716	16.439065	0.000000	
346.450000	-22.741338	16.453544	0.000000	
346.500000	-22.720930	16.467978	0.000000	
346.550000	-22.700500	16.482382	0.000000	
346.600000	-22.680051	16.496757	0.000000	
346.650000	-22.659571	16.511088	0.000000	
346.700000	-22.639066	16.525382	0.000000	
346.750000	-22.618531	16.539632	0.000000	
346.800000	-22.597964	16.553835	0.000000	
346.850000	-22.577357	16.567978	0.000000	
346.900000	-22.556710	16.582062	0.000000	
346.950000	-22.536025	16.596086	0.000000	
347.000000	-22.515292	16.610040	0.000000	
347.050000	-22.494510	16.623921	0.000000	
347.100000	-22.473680	16.637731	0.000000	
347.150000	-22.452795	16.651461	0.000000	
347.200000	-22.431854	16.665105	0.000000	
347.250000	-22.410857	16.678664	0.000000	
347.300000	-22.389814	16.692153	0.000000	
347.350000	-22.368731	16.705580	0.000000	
347.400000	-22.347620	16.718965	0.000000	
347.450000	-22.326485	16.732312	0.000000	
347.500000	-22.305337	16.745638	0.000000	
347.550000	-22.284179	16.758950	0.000000	
347.600000	-22.262998	16.772226	0.000000	
347.650000	-22.241795	16.785468	0.000000	
347.700000	-22.220580	16.798691	0.000000	
347.750000	-22.199345	16.811883	0.000000	
347.800000	-22.178088	16.825039	0.000000	
347.850000	-22.156820	16.838178	0.000000	
347.900000	-22.135543	16.851302	0.000000	
347.950000	-22.114259	16.864415	0.000000	
348.000000	-22.092965	16.877513	0.000000	
348.050000	-22.071658	16.890587	0.000000	
348.100000	-22.050326	16.903620	0.000000	
348.150000	-22.028958	16.916593	0.000000	
348.200000	-22.007556	16.929505	0.000000	
348.250000	-21.986131	16.942379	0.000000	
348.300000	-21.964689	16.955224	0.000000	
348.350000	-21.943233	16.968042	0.000000	
348.400000	-21.921764	16.980841	0.000000	
348.450000	-21.900278	16.993612	0.000000	
348.500000	-21.878783	17.006366	0.000000	
348.550000	-21.857275	17.019101	0.000000	
348.600000	-21.835757	17.031819	0.000000	
348.650000	-21.814231	17.044525	0.000000	
348.700000	-21.792705	17.057229	0.000000	
348.750000	-21.771177	17.069930	0.000000	
348.800000	-21.749658	17.082647	0.000000	
348.850000	-21.728166	17.095406	0.000000	
348.900000	-21.706700	17.108205	0.000000	
348.950000	-21.685258	17.121043	0.000000	
349.000000	-21.663830	17.133903	0.000000	
349.050000	-21.642426	17.146801	0.000000	
349.100000	-21.621047	17.159741	0.000000	
349.150000	-21.599697	17.172729	0.000000	
349.200000	-21.578392	17.185790	0.000000	
349.250000	-21.557135	17.198935	0.000000	
349.300000	-21.535930	17.212164	0.000000	
349.350000	-21.514779	17.225480	0.000000	
349.400000	-21.493679	17.238879	0.000000	
349.450000	-21.472628	17.252355	0.000000	
349.500000	-21.451630	17.265913	0.000000	
349.550000	-21.430678	17.279542	0.000000	
349.600000	-21.409768	17.293236	0.000000	
349.650000	-21.388900	17.306995	0.000000	
349.700000	-21.368071	17.320813	0.000000	
349.750000	-21.347275	17.334683	0.000000	
349.800000	-21.326519	17.348611	0.000000	
349.850000	-21.305789	17.362579	0.000000	
349.900000	-21.285072	17.376567	0.000000	
349.950000	-21.264364	17.390567	0.000000	
350.000000	-21.243662	17.404577	0.000000	
350.050000	-21.222979	17.418615	0.000000	
350.100000	-21.202313	17.432680	0.000000	
350.150000	-21.181662	17.446765	0.000000	
350.200000	-21.161020	17.460867	0.000000	
350.250000	-21.140374	17.474962	0.000000	
350.300000	-21.119723	17.489047	0.000000	
350.350000	-21.099061	17.503118	0.000000	
350.400000	-21.078379	17.517157	0.000000	
350.450000	-21.057680	17.531170	0.000000	
350.500000	-21.036959	17.545151	0.000000	
350.550000	-21.016200	17.559073	0.000000	
350.600000	-20.995395	17.572926	0.000000	
350.650000	-20.974543	17.586703	0.000000	
350.700000	-20.953639	17.600402	0.000000	
350.750000	-20.932693	17.614034	0.000000	
350.800000	-20.911709	17.627608	0.000000	
350.850000	-20.890682	17.641117	0.000000	
350.900000	-20.869607	17.654552	0.000000	
350.950000	-20.848482	17.667907	0.000000	
351.000000	-20.827306	17.681182	0.000000	
351.050000	-20.806092	17.694397	0.000000	
351.100000	-20.784837	17.707547	0.000000	
351.150000	-20.763534	17.720621	0.000000	
351.200000	-20.742192	17.733631	0.000000	
351.250000	-20.720820	17.746595	0.000000	
351.300000	-20.699424	17.759521	0.000000	
351.350000	-20.678006	17.772408	0.000000	
351.400000	-20.656551	17.785236	0.000000	
351.450000	-20.635074	17.798027	0.000000	
351.500000	-20.613563	17.810762	0.000000	
351.550000	-20.592024	17.823451	0.000000	
351.600000	-20.570463	17.836103	0.000000	
351.650000	-20.548892	17.848739	0.000000	
351.700000	-20.527324	17.861378	0.000000	
351.750000	-20.505762	17.874029	0.000000	
351.800000	-20.484213	17.886701	0.000000	
351.850000	-20.462665	17.899374	0.000000	
351.900000	-20.441114	17.912041	0.000000	
351.950000	-20.419576	17.924731	0.000000	
352.000000	-20.398061	17.937459	0.000000	
352.050000	-20.376561	17.950212	0.000000	
352.100000	-20.355078	17.962993	0.000000	
352.150000	-20.333604	17.975789	0.000000	
352.200000	-20.312139	17.988600	0.000000	
352.250000	-20.290679	18.001419	0.000000	
352.300000	-20.269217	18.014235	0.000000	
352.350000	-20.247753	18.027048	0.000000	
352.400000	-20.226293	18.039869	0.000000	
352.450000	-20.204847	18.052712	0.000000	
352.500000	-20.183417	18.065582	0.000000	
352.550000	-20.162006	18.078484	0.000000	
352.600000	-20.140616	18.091422	0.000000	
352.650000	-20.119241	18.104385	0.000000	
352.700000	-20.097882	18.117375	0.000000	
352.750000	-20.076531	18.130379	0.000000	
352.800000	-20.055180	18.143382	0.000000	
352.850000	-20.033814	18.156361	0.000000	
352.900000	-20.012432	18.169313	0.000000	
352.950000	-19.991038	18.182245	0.000000	
353.000000	-19.969630	18.195153	0.000000	
353.050000	-19.948211	18.208044	0.000000	
353.100000	-19.926787	18.220926	0.000000	
353.150000	-19.905349	18.233784	0.000000	
353.200000	-19.883901	18.246628	0.000000	
353.250000	-19.862456	18.259475	0.000000	
353.300000	-19.841017	18.272334	0.000000	
353.350000	-19.819590	18.285211	0.000000	
353.400000	-19.798171	18.298101	0.000000	
353.450000	-19.776752	18.310993	0.000000	
353.500000	-19.755332	18.323883	0.000000	
353.550000	-19.733911	18.336769	0.000000	
353.600000	-19.712481	18.349642	0.000000	
353.650000	-19.691040	18.362497	0.000000	
353.700000	-19.669597	18.375349	0.000000	
353.750000	-19.648141	18.388179	0.000000	
353.800000	-19.626680	18.401000	0.000000	
353.850000	-19.605219	18.413821	0.000000	
353.900000	-19.583763	18.426652	0.000000	
353.950000	-19.562321	18.439505	0.000000	
354.000000	-19.540886	18.452371	0.000000	
354.050000	-19.519450	18.465235	0.000000	
354.100000	-19.498015	18.478101	0.000000	
354.150000	-19.476577	18.490961	0.000000	
354.200000	-19.455148	18.503836	0.000000	
354.250000	-19.433721	18.516715	0.000000	
354.300000	-19.412297	18.529599	0.000000	
354.350000	-19.390873	18.542482	0.000000	
354.400000	-19.369452	18.555371	0.000000	
354.450000	-19.348035	18.568265	0.000000	
354.500000	-19.326618	18.581161	0.000000	
354.550000	-19.305202	18.594057	0.000000	
354.600000	-19.283773	18.606933	0.000000	
354.650000	-19.262321	18.619767	0.000000	
354.700000	-19.240833	18.632537	0.000000	
354.750000	-19.219285	18.645195	0.000000	
354.800000	-19.197670	18.657717	0.000000	
354.850000	-19.175961	18.670045	0.000000	
354.900000	-19.154145	18.682146	0.000000	
354.950000	-19.132211	18.693987	0.000000	
355.000000	-19.110149	18.705531	0.000000	
355.050000	-19.087949	18.716727	0.000000	
355.100000	-19.065606	18.727548	0.000000	
355.150000	-19.043102	18.737920	0.000000	
355.200000	-19.020437	18.747806	0.000000	
355.250000	-18.997599	18.757142	0.000000	
355.300000	-18.974594	18.765912	0.000000	
355.350000	-18.951416	18.774087	0.000000	
355.400000	-18.928063	18.781630	0.000000	
355.450000	-18.904531	18.788506	0.000000	
355.500000	-18.880825	18.794727	0.000000	
355.550000	-18.856950	18.800298	0.000000	
355.600000	-18.832910	18.805220	0.000000	
355.650000	-18.808708	18.809515	0.000000	
355.700000	-18.784362	18.813224	0.000000	
355.750000	-18.759883	18.816356	0.000000	
355.800000	-18.735294	18.818942	0.000000	
355.850000	-18.710612	18.821033	0.000000	
355.900000	-18.685854	18.822676	0.000000	
355.950000	-18.661031	18.823884	0.000000	
356.000000	-18.636154	18.824677	0.000000	
356.050000	-18.611236	18.825092	0.000000	
356.100000	-18.586290	18.825181	0.000000	
356.150000	-18.561323	18.824989	0.000000	
356.200000	-18.536345	18.824588	0.000000	
356.250000	-18.511361	18.824023	0.000000	
356.300000	-18.486377	18.823333	0.000000	
356.350000	-18.461391	18.822562	0.000000	
356.400000	-18.436407	18.821722	0.000000	
356.450000	-18.411424	18.820840	0.000000	
356.500000	-18.386441	18.819940	0.000000	
356.550000	-18.361459	18.819030	0.000000	
356.600000	-18.336477	18.818117	0.000000	
356.650000	-18.311495	18.817198	0.000000	
356.700000	-18.286514	18.816262	0.000000	
356.750000	-18.261533	18.815298	0.000000	
356.800000	-18.236553	18.814309	0.000000	
356.850000	-18.211573	18.813321	0.000000	
356.900000	-18.186595	18.812303	0.000000	
356.950000	-18.161617	18.811267	0.000000	
357.000000	-18.136640	18.810210	0.000000	
357.050000	-18.111663	18.809144	0.000000	
357.100000	-18.086687	18.808066	0.000000	
357.150000	-18.061712	18.806979	0.000000	
357.200000	-18.036736	18.805887	0.000000	
357.250000	-18.011762	18.804783	0.000000	
357.300000	-17.986788	18.803662	0.000000	
357.350000	-17.961813	18.802548	0.000000	
357.400000	-17.936839	18.801434	0.000000	
357.450000	-17.911864	18.800343	0.000000	
357.500000	-17.886888	18.799279	0.000000	
357.550000	-17.861911	18.798259	0.000000	
357.600000	-17.836933	18.797265	0.000000	
357.650000	-17.811955	18.796276	0.000000	
357.700000	-17.786976	18.795316	0.000000	
357.750000	-17.761997	18.794378	0.000000	
357.800000	-17.737017	18.793470	0.000000	
357.850000	-17.712035	18.792596	0.000000	
357.900000	-17.687053	18.791748	0.000000	
357.950000	-17.662070	18.790960	0.000000	
358.000000	-17.637086	18.790206	0.000000	
358.050000	-17.612099	18.789510	0.000000	
358.100000	-17.587111	18.788891	0.000000	
358.150000	-17.562121	18.788368	0.000000	
358.200000	-17.537129	18.787926	0.000000	
358.250000	-17.512136	18.787551	0.000000	
358.300000	-17.487141	18.787239	0.000000	
358.350000	-17.462145	18.786982	0.000000	
358.400000	-17.437148	18.786767	0.000000	
358.450000	-17.412151	18.786588	0.000000	
358.500000	-17.387153	18.786449	0.000000	
358.550000	-17.362156	18.786363	0.000000	
358.600000	-17.337158	18.786315	0.000000	
358.650000	-17.312161	18.786315	0.000000	
358.700000	-17.287164	18.786382	0.000000	
358.750000	-17.262167	18.786503	0.000000	
358.800000	-17.237171	18.786696	0.000000	
358.850000	-17.212176	18.786950	0.000000	
358.900000	-17.187182	18.787283	0.000000	
358.950000	-17.162189	18.787695	0.000000	
359.000000	-17.137197	18.788152	0.000000	
359.050000	-17.112207	18.788677	0.000000	
359.100000	-17.087217	18.789259	0.000000	
359.150000	-17.062229	18.789899	0.000000	
359.200000	-17.037243	18.790577	0.000000	
359.250000	-17.012258	18.791296	0.000000	
359.300000	-16.987274	18.792067	0.000000	
359.350000	-16.962292	18.792898	0.000000	
359.400000	-16.937312	18.793797	0.000000	
359.450000	-16.912334	18.794766	0.000000	
359.500000	-16.887358	18.795811	0.000000	
359.550000	-16.862384	18.796913	0.000000	
359.600000	-16.837413	18.798071	0.000000	
359.650000	-16.812445	18.799285	0.000000	
359.700000	-16.787479	18.800549	0.000000	
359.750000	-16.762514	18.801844	0.000000	
359.800000	-16.737549	18.803149	0.000000	
359.850000	-16.712584	18.804447	0.000000	
359.900000	-16.687620	18.805748	0.000000	
359.950000	-16.662655	18.807052	0.000000	
360.000000	-16.637690	18.808353	0.000000	
360.050000	-16.612726	18.809668	0.000000	
360.100000	-16.587763	18.811001	0.000000	
360.150000	-16.562800	18.812346	0.000000	
360.200000	-16.537838	18.813699	0.000000	
360.250000	-16.512876	18.815059	0.000000	
360.300000	-16.487916	18.816447	0.000000	
360.350000	-16.462956	18.817845	0.000000	
360.400000	-16.437996	18.819240	0.000000	
360.450000	-16.413036	18.820625	0.000000	
360.500000	-16.388075	18.821993	0.000000	
360.550000	-16.363112	18.823331	0.000000	
360.600000	-16.338148	18.824631	0.000000	
360.650000	-16.313181	18.825883	0.000000	
360.700000	-16.288211	18.827087	0.000000	
360.750000	-16.263241	18.828264	0.000000	
360.800000	-16.238269	18.829417	0.000000	
360.850000	-16.213297	18.830560	0.000000	
360.900000	-16.188324	18.831682	0.000000	
360.950000	-16.163351	18.832792	0.000000	
361.000000	-16.138377	18.833885	0.000000	
361.050000	-16.113403	18.834959	0.000000	
361.100000	-16.088427	18.836016	0.000000	
361.150000	-16.063451	18.837043	0.000000	
361.200000	-16.038473	18.838049	0.000000	
361.250000	-16.013495	18.839040	0.000000	
361.300000	-15.988516	18.840030	0.000000	
361.350000	-15.963536	18.840999	0.000000	
361.400000	-15.938556	18.841957	0.000000	
361.450000	-15.913575	18.842907	0.000000	
361.500000	-15.888595	18.843877	0.000000	
361.550000	-15.863618	18.844882	0.000000	
361.600000	-15.838642	18.845932	0.000000	
361.650000	-15.813670	18.847034	0.000000	
361.700000	-15.788699	18.848173	0.000000	
361.750000	-15.763730	18.849352	0.000000	
361.800000	-15.738762	18.850542	0.000000	
361.850000	-15.713794	18.851743	0.000000	
361.900000	-15.688825	18.852935	0.000000	
361.950000	-15.663857	18.854115	0.000000	
362.000000	-15.638888	18.855230	0.000000	
362.050000	-15.613921	18.856231	0.000000	
362.100000	-15.588957	18.857094	0.000000	
362.150000	-15.564001	18.857772	0.000000	
362.200000	-15.539056	18.858241	0.000000	
362.250000	-15.514127	18.858468	0.000000	
362.300000	-15.489218	18.858416	0.000000	
362.350000	-15.464335	18.858034	0.000000	
362.400000	-15.439484	18.857314	0.000000	
362.450000	-15.414672	18.856227	0.000000	
362.500000	-15.389912	18.854729	0.000000	
362.550000	-15.365213	18.852772	0.000000	
362.600000	-15.340580	18.850335	0.000000	
362.650000	-15.316020	18.847383	0.000000	
362.700000	-15.291548	18.843888	0.000000	
362.750000	-15.267176	18.839840	0.000000	
362.800000	-15.242908	18.835225	0.000000	
362.850000	-15.218752	18.830038	0.000000	
362.900000	-15.194706	18.824302	0.000000	
362.950000	-15.170774	18.818029	0.000000	
363.000000	-15.146958	18.811237	0.000000	
363.050000	-15.123254	18.803968	0.000000	
363.100000	-15.099658	18.796266	0.000000	
363.150000	-15.076170	18.788160	0.000000	
363.200000	-15.052780	18.779706	0.000000	
363.250000	-15.029488	18.770918	0.000000	
363.300000	-15.006287	18.761836	0.000000	
363.350000	-14.983178	18.752471	0.000000	
363.400000	-14.960148	18.742869	0.000000	
363.450000	-14.937196	18.733043	0.000000	
363.500000	-14.914316	18.723022	0.000000	
363.550000	-14.891498	18.712841	0.000000	
363.600000	-14.868731	18.702536	0.000000	
363.650000	-14.846013	18.692110	0.000000	
363.700000	-14.823340	18.681582	0.000000	
363.750000	-14.800695	18.670993	0.000000	
363.800000	-14.778071	18.660357	0.000000	
363.850000	-14.755469	18.649676	0.000000	
363.900000	-14.732880	18.638969	0.000000	
363.950000	-14.710299	18.628244	0.000000	
364.000000	-14.687716	18.617523	0.000000	
364.050000	-14.665131	18.606808	0.000000	
364.100000	-14.642541	18.596103	0.000000	
364.150000	-14.619947	18.585405	0.000000	
364.200000	-14.597352	18.574712	0.000000	
364.250000	-14.574755	18.564021	0.000000	
364.300000	-14.552155	18.553336	0.000000	
364.350000	-14.529556	18.542652	0.000000	
364.400000	-14.506951	18.531980	0.000000	
364.450000	-14.484340	18.521319	0.000000	
364.500000	-14.461716	18.510689	0.000000	
364.550000	-14.439069	18.500110	0.000000	
364.600000	-14.416393	18.489598	0.000000	
364.650000	-14.393688	18.479153	0.000000	
364.700000	-14.370955	18.468772	0.000000	
364.750000	-14.348182	18.458478	0.000000	
364.800000	-14.325374	18.448267	0.000000	
364.850000	-14.302524	18.438150	0.000000	
364.900000	-14.279630	18.428129	0.000000	
364.950000	-14.256699	18.418189	0.000000	
365.000000	-14.233738	18.408320	0.000000	
365.050000	-14.210756	18.398496	0.000000	
365.100000	-14.187750	18.388725	0.000000	
365.150000	-14.164721	18.379011	0.000000	
365.200000	-14.141665	18.369358	0.000000	
365.250000	-14.118578	18.359782	0.000000	
365.300000	-14.095463	18.350271	0.000000	
365.350000	-14.072321	18.340823	0.000000	
365.400000	-14.049148	18.331451	0.000000	
365.450000	-14.025943	18.322157	0.000000	
365.500000	-14.002704	18.312948	0.000000	
365.550000	-13.979439	18.303803	0.000000	
365.600000	-13.956162	18.294691	0.000000	
365.650000	-13.932874	18.285604	0.000000	
365.700000	-13.909584	18.276525	0.000000	
365.750000	-13.886282	18.267475	0.000000	
365.800000	-13.862974	18.258438	0.000000	
365.850000	-13.839661	18.249418	0.000000	
365.900000	-13.816338	18.240422	0.000000	
365.950000	-13.793001	18.231464	0.000000	
366.000000	-13.769641	18.222566	0.000000	
366.050000	-13.746265	18.213711	0.000000	
366.100000	-13.722864	18.204919	0.000000	
366.150000	-13.699438	18.196192	0.000000	
366.200000	-13.675993	18.187521	0.000000	
366.250000	-13.652526	18.178908	0.000000	
366.300000	-13.629037	18.170358	0.000000	
366.350000	-13.605524	18.161877	0.000000	
366.400000	-13.581987	18.153467	0.000000	
366.450000	-13.558428	18.145117	0.000000	
366.500000	-13.534851	18.136822	0.000000	
366.550000	-13.511257	18.128579	0.000000	
366.600000	-13.487645	18.120387	0.000000	
366.650000	-13.464009	18.112264	0.000000	
366.700000	-13.440348	18.104217	0.000000	
366.750000	-13.416653	18.096267	0.000000	
366.800000	-13.392933	18.088393	0.000000	
366.850000	-13.369180	18.080616	0.000000	
366.900000	-13.345397	18.072932	0.000000	
366.950000	-13.321585	18.065335	0.000000	
367.000000	-13.297747	18.057822	0.000000	
367.050000	-13.273885	18.050384	0.000000	
367.100000	-13.249994	18.043039	0.000000	
367.150000	-13.226081	18.035761	0.000000	
367.200000	-13.202160	18.028507	0.000000	
367.250000	-13.178246	18.021234	0.000000	
367.300000	-13.154351	18.013906	0.000000	
367.350000	-13.130494	18.006477	0.000000	
367.400000	-13.106694	17.998900	0.000000	
367.450000	-13.082973	17.991133	0.000000	
367.500000	-13.059352	17.983136	0.000000	
367.550000	-13.035859	17.974862	0.000000	
367.600000	-13.012520	17.966269	0.000000	
367.650000	-12.989354	17.957333	0.000000	
367.700000	-12.966381	17.948023	0.000000	
367.750000	-12.943629	17.938299	0.000000	
367.800000	-12.921107	17.928147	0.000000	
367.850000	-12.898820	17.917567	0.000000	
367.900000	-12.876786	17.906527	0.000000	
367.950000	-12.855023	17.895002	0.000000	
368.000000	-12.833551	17.882974	0.000000	
368.050000	-12.812371	17.870435	0.000000	
368.100000	-12.791484	17.857383	0.000000	
368.150000	-12.770888	17.843822	0.000000	
368.200000	-12.750588	17.829753	0.000000	
368.250000	-12.730573	17.815214	0.000000	
368.300000	-12.710823	17.800248	0.000000	
368.350000	-12.691338	17.784873	0.000000	
368.400000	-12.672113	17.769113	0.000000	
368.450000	-12.653121	17.753021	0.000000	
368.500000	-12.634347	17.736630	0.000000	
368.550000	-12.615781	17.719973	0.000000	
368.600000	-12.597396	17.703092	0.000000	
368.650000	-12.579160	17.686033	0.000000	
368.700000	-12.561062	17.668816	0.000000	
368.750000	-12.543090	17.651459	0.000000	
368.800000	-12.525223	17.633990	0.000000	
368.850000	-12.507457	17.616415	0.000000	
368.900000	-12.489785	17.598741	0.000000	
368.950000	-12.472200	17.580980	0.000000	
369.000000	-12.454698	17.563138	0.000000	
369.050000	-12.437251	17.545241	0.000000	
369.100000	-12.419865	17.527287	0.000000	
369.150000	-12.402535	17.509278	0.000000	
369.200000	-12.385266	17.491210	0.000000	
369.250000	-12.368045	17.473096	0.000000	
369.300000	-12.350865	17.454943	0.000000	
369.350000	-12.333723	17.436752	0.000000	
369.400000	-12.316618	17.418525	0.000000	
369.450000	-12.299533	17.400279	0.000000	
369.500000	-12.282486	17.381996	0.000000	
369.550000	-12.265466	17.363687	0.000000	
369.600000	-12.248464	17.345362	0.000000	
369.650000	-12.231475	17.327024	0.000000	
369.700000	-12.214501	17.308671	0.000000	
369.750000	-12.197531	17.290315	0.000000	
369.800000	-12.180565	17.271954	0.000000	
369.850000	-12.163613	17.253581	0.000000	
369.900000	-12.146680	17.235191	0.000000	
369.950000	-12.129760	17.216788	0.000000	
370.000000	-12.112857	17.198371	0.000000	
370.050000	-12.095957	17.179950	0.000000	
370.100000	-12.079056	17.161531	0.000000	
370.150000	-12.062154	17.143113	0.000000	
370.200000	-12.045264	17.124683	0.000000	
370.250000	-12.028385	17.106244	0.000000	
370.300000	-12.011523	17.087791	0.000000	
370.350000	-11.994696	17.069305	0.000000	
370.400000	-11.977927	17.050769	0.000000	
370.450000	-11.961213	17.032184	0.000000	
370.500000	-11.944574	17.013535	0.000000	
370.550000	-11.928001	16.994829	0.000000	
370.600000	-11.911497	16.976064	0.000000	
370.650000	-11.895062	16.957238	0.000000	
370.700000	-11.878710	16.938343	0.000000	
370.750000	-11.862459	16.919362	0.000000	
370.800000	-11.846300	16.900301	0.000000	
370.850000	-11.830214	16.881178	0.000000	
370.900000	-11.814201	16.861993	0.000000	
370.950000	-11.798266	16.842744	0.000000	
371.000000	-11.782413	16.823428	0.000000	
371.050000	-11.766630	16.804055	0.000000	
371.100000	-11.750921	16.784622	0.000000	
371.150000	-11.735308	16.765110	0.000000	
371.200000	-11.719776	16.745532	0.000000	
371.250000	-11.704306	16.725903	0.000000	
371.300000	-11.688911	16.706213	0.000000	
371.350000	-11.673575	16.686475	0.000000	
371.400000	-11.658277	16.666705	0.000000	
371.450000	-11.642995	16.646923	0.000000	
371.500000	-11.627730	16.627127	0.000000	
371.550000	-11.612473	16.607325	0.000000	
371.600000	-11.597235	16.587508	0.000000	
371.650000	-11.582023	16.567670	0.000000	
371.700000	-11.566846	16.547807	0.000000	
371.750000	-11.551706	16.527915	0.000000	
371.800000	-11.536595	16.508002	0.000000	
371.850000	-11.521530	16.488056	0.000000	
371.900000	-11.506505	16.468078	0.000000	
371.950000	-11.491514	16.448076	0.000000	
372.000000	-11.476542	16.428059	0.000000	
372.050000	-11.461597	16.408024	0.000000	
372.100000	-11.446666	16.387977	0.000000	
372.150000	-11.431750	16.367920	0.000000	
372.200000	-11.416852	16.347849	0.000000	
372.250000	-11.401992	16.327751	0.000000	
372.300000	-11.387185	16.307615	0.000000	
372.350000	-11.372408	16.287457	0.000000	
372.400000	-11.357671	16.267270	0.000000	
372.450000	-11.342998	16.247037	0.000000	
372.500000	-11.328406	16.226743	0.000000	
372.550000	-11.313901	16.206387	0.000000	
372.600000	-11.299469	16.185979	0.000000	
372.650000	-11.285093	16.165530	0.000000	
372.700000	-11.270778	16.145038	0.000000	
372.750000	-11.256513	16.124511	0.000000	
372.800000	-11.242269	16.103969	0.000000	
372.850000	-11.228049	16.083411	0.000000	
372.900000	-11.213855	16.062835	0.000000	
372.950000	-11.199707	16.042228	0.000000	
373.000000	-11.185609	16.021586	0.000000	
373.050000	-11.171550	16.000918	0.000000	
373.100000	-11.157508	15.980238	0.000000	
373.150000	-11.143492	15.959539	0.000000	
373.200000	-11.129487	15.938832	0.000000	
373.250000	-11.115494	15.918118	0.000000	
373.300000	-11.101507	15.897399	0.000000	
373.350000	-11.087514	15.876683	0.000000	
373.400000	-11.073528	15.855964	0.000000	
373.450000	-11.059555	15.835235	0.000000	
373.500000	-11.045581	15.814507	0.000000	
373.550000	-11.031593	15.793788	0.000000	
373.600000	-11.017563	15.773099	0.000000	
373.650000	-11.003493	15.752436	0.000000	
373.700000	-10.989391	15.731796	0.000000	
373.750000	-10.975238	15.711193	0.000000	
373.800000	-10.961027	15.690629	0.000000	
373.850000	-10.946787	15.670087	0.000000	
373.900000	-10.932501	15.649576	0.000000	
373.950000	-10.918150	15.629113	0.000000	
374.000000	-10.903718	15.608707	0.000000	
374.050000	-10.889196	15.588366	0.000000	
374.100000	-10.874611	15.568068	0.000000	
374.150000	-10.859966	15.547815	0.000000	
374.200000	-10.845262	15.527605	0.000000	
374.250000	-10.830508	15.507433	0.000000	
374.300000	-10.815705	15.487296	0.000000	
374.350000	-10.800858	15.467190	0.000000	
374.400000	-10.785985	15.447103	0.000000	
374.450000	-10.771083	15.427037	0.000000	
374.500000	-10.756141	15.406999	0.000000	
374.550000	-10.741151	15.386996	0.000000	
374.600000	-10.726130	15.367015	0.000000	
374.650000	-10.711081	15.347054	0.000000	
374.700000	-10.696015	15.327106	0.000000	
374.750000	-10.680931	15.307172	0.000000	
374.800000	-10.665841	15.287241	0.000000	
374.850000	-10.650759	15.267305	0.000000	
374.900000	-10.635679	15.247368	0.000000	
374.950000	-10.620618	15.227416	0.000000	
375.000000	-10.605598	15.207435	0.000000	
375.050000	-10.590624	15.187419	0.000000	
375.100000	-10.575710	15.167360	0.000000	
375.150000	-10.560852	15.147260	0.000000	
375.200000	-10.546079	15.127100	0.000000	
375.250000	-10.531391	15.106879	0.000000	
375.300000	-10.516778	15.086603	0.000000	
375.350000	-10.502217	15.066290	0.000000	
375.400000	-10.487707	15.045940	0.000000	
375.450000	-10.473243	15.025559	0.000000	
375.500000	-10.458838	15.005136	0.000000	
375.550000	-10.444503	14.984666	0.000000	
375.600000	-10.430255	14.964136	0.000000	
375.650000	-10.416075	14.943558	0.000000	
375.700000	-10.401985	14.922920	0.000000	
375.750000	-10.387978	14.902223	0.000000	
375.800000	-10.374046	14.881474	0.000000	
375.850000	-10.360179	14.860680	0.000000	
375.900000	-10.346358	14.839854	0.000000	
375.950000	-10.332578	14.818999	0.000000	
376.000000	-10.318844	14.798114	0.000000	
376.050000	-10.305152	14.777200	0.000000	
376.100000	-10.291495	14.756262	0.000000	
376.150000	-10.277864	14.735306	0.000000	
376.200000	-10.264244	14.714344	0.000000	
376.250000	-10.250608	14.693392	0.000000	
376.300000	-10.236971	14.672441	0.000000	
376.350000	-10.223338	14.651486	0.000000	
376.400000	-10.209720	14.630523	0.000000	
376.450000	-10.196116	14.609549	0.000000	
376.500000	-10.182524	14.588569	0.000000	
376.550000	-10.168931	14.567588	0.000000	
376.600000	-10.155348	14.546601	0.000000	
376.650000	-10.141749	14.525625	0.000000	
376.700000	-10.128133	14.504659	0.000000	
376.750000	-10.114499	14.483704	0.000000	
376.800000	-10.100851	14.462760	0.000000	
376.850000	-10.087187	14.441825	0.000000	
376.900000	-10.073525	14.420889	0.000000	
376.950000	-10.059860	14.399955	0.000000	
377.000000	-10.046203	14.379016	0.000000	
377.050000	-10.032551	14.358073	0.000000	
377.100000	-10.018910	14.337123	0.000000	
377.150000	-10.005295	14.316158	0.000000	
377.200000	-9.991696	14.295181	0.000000	
377.250000	-9.978127	14.274186	0.000000	
377.300000	-9.964592	14.253169	0.000000	
377.350000	-9.951072	14.232142	0.000000	
377.400000	-9.937566	14.211106	0.000000	
377.450000	-9.924069	14.190064	0.000000	
377.500000	-9.910572	14.169022	0.000000	
377.550000	-9.897060	14.147990	0.000000	
377.600000	-9.883532	14.126968	0.000000	
377.650000	-9.869977	14.105964	0.000000	
377.700000	-9.856406	14.084971	0.000000	
377.750000	-9.842823	14.063985	0.000000	
377.800000	-9.829218	14.043014	0.000000	
377.850000	-9.815577	14.022068	0.000000	
377.900000	-9.801911	14.001138	0.000000	
377.950000	-9.788214	13.980229	0.000000	
378.000000	-9.774506	13.959328	0.000000	
378.050000	-9.760772	13.938444	0.000000	
378.100000	-9.746993	13.917590	0.000000	
378.150000	-9.733172	13.896764	0.000000	
378.200000	-9.719294	13.875975	0.000000	
378.250000	-9.705368	13.855218	0.000000	
378.300000	-9.691378	13.834504	0.000000	
378.350000	-9.677337	13.813822	0.000000	
378.400000	-9.663257	13.793166	0.000000	
378.450000	-9.649133	13.772541	0.000000	
378.500000	-9.634974	13.751939	0.000000	
378.550000	-9.620787	13.731355	0.000000	
378.600000	-9.606592	13.710777	0.000000	
378.650000	-9.592386	13.690207	0.000000	
378.700000	-9.578158	13.669651	0.000000	
378.750000	-9.563923	13.649100	0.000000	
378.800000	-9.549685	13.628552	0.000000	
378.850000	-9.535442	13.608006	0.000000	
378.900000	-9.521215	13.587449	0.000000	
378.950000	-9.506990	13.566892	0.000000	
379.000000	-9.492773	13.546328	0.000000	
379.050000	-9.478553	13.525767	0.000000	
379.100000	-9.464323	13.505213	0.000000	
379.150000	-9.450094	13.484658	0.000000	
379.200000	-9.435841	13.464120	0.000000	
379.250000	-9.421563	13.443599	0.000000	
379.300000	-9.407259	13.423098	0.000000	
379.350000	-9.392938	13.402609	0.000000	
379.400000	-9.378617	13.382119	0.000000	
379.450000	-9.364323	13.361612	0.000000	
379.500000	-9.350082	13.341069	0.000000	
379.550000	-9.335926	13.320472	0.000000	
379.600000	-9.321876	13.299810	0.000000	
379.650000	-9.307980	13.279058	0.000000	
379.700000	-9.294293	13.258194	0.000000	
379.750000	-9.280869	13.237190	0.000000	
379.800000	-9.267752	13.216038	0.000000	
379.850000	-9.255011	13.194714	0.000000	
379.900000	-9.242705	13.173205	0.000000	
379.950000	-9.230867	13.151508	0.000000	
380.000000	-9.219563	13.129606	0.000000	
380.050000	-9.208819	13.107503	0.000000	
380.100000	-9.198664	13.085193	0.000000	
380.150000	-9.189135	13.062667	0.000000	
380.200000	-9.180282	13.039925	0.000000	
380.250000	-9.172161	13.016956	0.000000	
380.300000	-9.164801	12.993756	0.000000	
380.350000	-9.158216	12.970326	0.000000	
380.400000	-9.152400	12.946668	0.000000	
380.450000	-9.147338	12.922799	0.000000	
380.500000	-9.142989	12.898741	0.000000	
380.550000	-9.139359	12.874501	0.000000	
380.600000	-9.136420	12.850102	0.000000	
380.650000	-9.134158	12.825564	0.000000	
380.700000	-9.132519	12.800914	0.000000	
380.750000	-9.131442	12.776174	0.000000	
380.800000	-9.130901	12.751364	0.000000	
380.850000	-9.130848	12.726504	0.000000	
380.900000	-9.131227	12.701615	0.000000	
380.950000	-9.131977	12.676708	0.000000	
381.000000	-9.133059	12.651792	0.000000	
381.050000	-9.134421	12.626874	0.000000	
381.100000	-9.136018	12.601957	0.000000	
381.150000	-9.137834	12.577045	0.000000	
381.200000	-9.139833	12.552138	0.000000	
381.250000	-9.141976	12.527238	0.000000	
381.300000	-9.144219	12.502346	0.000000	
381.350000	-9.146552	12.477461	0.000000	
381.400000	-9.148965	12.452583	0.000000	
381.450000	-9.151464	12.427713	0.000000	
381.500000	-9.154029	12.402849	0.000000	
381.550000	-9.156672	12.377992	0.000000	
381.600000	-9.159383	12.353142	0.000000	
381.650000	-9.162137	12.328296	0.000000	
381.700000	-9.164900	12.303451	0.000000	
381.750000	-9.167661	12.278605	0.000000	
381.800000	-9.170436	12.253761	0.000000	
381.850000	-9.173204	12.228916	0.000000	
381.900000	-9.175955	12.204070	0.000000	
381.950000	-9.178681	12.179221	0.000000	
382.000000	-9.181397	12.154371	0.000000	
382.050000	-9.184118	12.129521	0.000000	
382.100000	-9.186828	12.104670	0.000000	
382.150000	-9.189539	12.079819	0.000000	
382.200000	-9.192251	12.054969	0.000000	
382.250000	-9.194966	12.030119	0.000000	
382.300000	-9.197676	12.005268	0.000000	
382.350000	-9.200370	11.980415	0.000000	
382.400000	-9.203021	11.955558	0.000000	
382.450000	-9.205612	11.930695	0.000000	
382.500000	-9.208131	11.905825	0.000000	
382.550000	-9.210587	11.880949	0.000000	
382.600000	-9.212984	11.856067	0.000000	
382.650000	-9.215302	11.831179	0.000000	
382.700000	-9.217563	11.806284	0.000000	
382.750000	-9.219793	11.781388	0.000000	
382.800000	-9.222004	11.756490	0.000000	
382.850000	-9.224179	11.731588	0.000000	
382.900000	-9.226310	11.706684	0.000000	
382.950000	-9.228411	11.681777	0.000000	
383.000000	-9.230485	11.656868	0.000000	
383.050000	-9.232534	11.631957	0.000000	
383.100000	-9.234547	11.607042	0.000000	
383.150000	-9.236534	11.582125	0.000000	
383.200000	-9.238495	11.557205	0.000000	
383.250000	-9.240415	11.532281	0.000000	
383.300000	-9.242297	11.507354	0.000000	
383.350000	-9.244152	11.482424	0.000000	
383.400000	-9.245985	11.457493	0.000000	
383.450000	-9.247802	11.432560	0.000000	
383.500000	-9.249616	11.407627	0.000000	
383.550000	-9.251418	11.382693	0.000000	
383.600000	-9.253201	11.357758	0.000000	
383.650000	-9.254970	11.332822	0.000000	
383.700000	-9.256725	11.307885	0.000000	
383.750000	-9.258456	11.282947	0.000000	
383.800000	-9.260143	11.258006	0.000000	
383.850000	-9.261802	11.233064	0.000000	
383.900000	-9.263433	11.208121	0.000000	
383.950000	-9.265046	11.183176	0.000000	
384.000000	-9.266620	11.158230	0.000000	
384.050000	-9.268149	11.133281	0.000000	
384.100000	-9.269621	11.108329	0.000000	
384.150000	-9.271049	11.083374	0.000000	
384.200000	-9.272425	11.058416	0.000000	
384.250000	-9.273765	11.033455	0.000000	
384.300000	-9.275080	11.008493	0.000000	
384.350000	-9.276363	10.983529	0.000000	
384.400000	-9.277604	10.958562	0.000000	
384.450000	-9.278805	10.933592	0.000000	
384.500000	-9.279986	10.908621	0.000000	
384.550000	-9.281153	10.883649	0.000000	
384.600000	-9.282337	10.858678	0.000000	
384.650000	-9.283548	10.833709	0.000000	
384.700000	-9.284769	10.808741	0.000000	
384.750000	-9.285996	10.783773	0.000000	
384.800000	-9.287238	10.758805	0.000000	
384.850000	-9.288510	10.733839	0.000000	
384.900000	-9.289805	10.708875	0.000000	
384.950000	-9.291116	10.683911	0.000000	
385.000000	-9.292436	10.658948	0.000000	
385.050000	-9.293759	10.633984	0.000000	
385.100000	-9.295087	10.609021	0.000000	
385.150000	-9.296404	10.584058	0.000000	
385.200000	-9.297706	10.559094	0.000000	
385.250000	-9.298988	10.534129	0.000000	
385.300000	-9.300220	10.509163	0.000000	
385.350000	-9.301402	10.484195	0.000000	
385.400000	-9.302542	10.459225	0.000000	
385.450000	-9.303648	10.434255	0.000000	
385.500000	-9.304713	10.409283	0.000000	
385.550000	-9.305726	10.384310	0.000000	
385.600000	-9.306696	10.359334	0.000000	
385.650000	-9.307625	10.334357	0.000000	
385.700000	-9.308514	10.309377	0.000000	
385.750000	-9.309360	10.284395	0.000000	
385.800000	-9.310196	10.259413	0.000000	
385.850000	-9.311010	10.234429	0.000000	
385.900000	-9.311804	10.209445	0.000000	
385.950000	-9.312562	10.184458	0.000000	
386.000000	-9.313316	10.159472	0.000000	
386.050000	-9.314063	10.134485	0.000000	
386.100000	-9.314823	10.109498	0.000000	
386.150000	-9.315586	10.084512	0.000000	
386.200000	-9.316348	10.059526	0.000000	
386.250000	-9.317098	10.034539	0.000000	
386.300000	-9.317855	10.009552	0.000000	
386.350000	-9.318627	9.984566	0.000000	
386.400000	-9.319420	9.959581	0.000000	
386.450000	-9.320258	9.934596	0.000000	
386.500000	-9.321146	9.909614	0.000000	
386.550000	-9.322084	9.884633	0.000000	
386.600000	-9.323075	9.859655	0.000000	
386.650000	-9.324117	9.834678	0.000000	
386.700000	-9.325199	9.809704	0.000000	
386.750000	-9.326323	9.784732	0.000000	
386.800000	-9.327483	9.759762	0.000000	
386.850000	-9.328646	9.734792	0.000000	
386.900000	-9.329834	9.709823	0.000000	
386.950000	-9.331020	9.684854	0.000000	
387.000000	-9.332211	9.659885	0.000000	
387.050000	-9.333397	9.634916	0.000000	
387.100000	-9.334605	9.609948	0.000000	
387.150000	-9.335825	9.584981	0.000000	
387.200000	-9.337087	9.560016	0.000000	
387.250000	-9.338397	9.535053	0.000000	
387.300000	-9.339764	9.510093	0.000000	
387.350000	-9.341198	9.485137	0.000000	
387.400000	-9.342696	9.460183	0.000000	
387.450000	-9.344246	9.435233	0.000000	
387.500000	-9.345835	9.410285	0.000000	
387.550000	-9.347459	9.385340	0.000000	
387.600000	-9.349116	9.360398	0.000000	
387.650000	-9.350789	9.335456	0.000000	
387.700000	-9.352459	9.310514	0.000000	
387.750000	-9.354110	9.285571	0.000000	
387.800000	-9.355737	9.260627	0.000000	
387.850000	-9.357343	9.235681	0.000000	
387.900000	-9.358940	9.210735	0.000000	
387.950000	-9.360526	9.185788	0.000000	
388.000000	-9.362121	9.160842	0.000000	
388.050000	-9.363725	9.135896	0.000000	
388.100000	-9.365338	9.110951	0.000000	
388.150000	-9.366935	9.086005	0.000000	
388.200000	-9.368503	9.061057	0.000000	
388.250000	-9.370031	9.036107	0.000000	
388.300000	-9.371511	9.011155	0.000000	
388.350000	-9.372929	8.986201	0.000000	
388.400000	-9.374269	8.961242	0.000000	
388.450000	-9.375558	8.936280	0.000000	
388.500000	-9.376801	8.911316	0.000000	
388.550000	-9.377989	8.886349	0.000000	
388.600000	-9.379103	8.861377	0.000000	
388.650000	-9.380140	8.836400	0.000000	
388.700000	-9.381133	8.811422	0.000000	
388.750000	-9.382105	8.786443	0.000000	
388.800000	-9.383062	8.761463	0.000000	
388.850000	-9.383998	8.736482	0.000000	
388.900000	-9.384926	8.711500	0.000000	
388.950000	-9.385864	8.686519	0.000000	
389.000000	-9.386805	8.661538	0.000000	
389.050000	-9.387734	8.636557	0.000000	
389.100000	-9.388634	8.611575	0.000000	
389.150000	-9.389493	8.586590	0.000000	
389.200000	-9.390349	8.561606	0.000000	
389.250000	-9.391220	8.536623	0.000000	
389.300000	-9.392131	8.511641	0.000000	
389.350000	-9.393113	8.486664	0.000000	
389.400000	-9.394229	8.461696	0.000000	
389.450000	-9.395514	8.436744	0.000000	
389.500000	-9.397010	8.411818	0.000000	
389.550000	-9.398775	8.386934	0.000000	
389.600000	-9.400854	8.362104	0.000000	
389.650000	-9.403316	8.337349	0.000000	
389.700000	-9.406224	8.312691	0.000000	
389.750000	-9.409622	8.288155	0.000000	
389.800000	-9.413547	8.263770	0.000000	
389.850000	-9.418041	8.239557	0.000000	
389.900000	-9.423143	8.215536	0.000000	
389.950000	-9.428875	8.191726	0.000000	
390.000000	-9.435245	8.168138	0.000000	
390.050000	-9.442275	8.144791	0.000000	
390.100000	-9.449990	8.121697	0.000000	
390.150000	-9.458426	8.098871	0.000000	
390.200000	-9.467581	8.076306	0.000000	
390.250000	-9.477428	8.054000	0.000000	
390.300000	-9.487976	8.031964	0.000000	
390.350000	-9.499190	8.010192	0.000000	
390.400000	-9.511066	7.988693	0.000000	
390.450000	-9.523545	7.967458	0.000000	
390.500000	-9.536588	7.946477	0.000000	
390.550000	-9.550128	7.925733	0.000000	
390.600000	-9.564099	7.905211	0.000000	
390.650000	-9.578467	7.884903	0.000000	
390.700000	-9.593177	7.864793	0.000000	
390.750000	-9.608171	7.844856	0.000000	
390.800000	-9.623395	7.825068	0.000000	
390.850000	-9.638800	7.805405	0.000000	
390.900000	-9.654345	7.785840	0.000000	
390.950000	-9.670008	7.766364	0.000000	
391.000000	-9.685765	7.746960	0.000000	
391.050000	-9.701596	7.727614	0.000000	
391.100000	-9.717462	7.708294	0.000000	
391.150000	-9.733344	7.688989	0.000000	
391.200000	-9.749233	7.669689	0.000000	
391.250000	-9.765145	7.650407	0.000000	
391.300000	-9.781073	7.631139	0.000000	
391.350000	-9.797011	7.611879	0.000000	
391.400000	-9.812969	7.592636	0.000000	
391.450000	-9.828932	7.573396	0.000000	
391.500000	-9.844908	7.554168	0.000000	
391.550000	-9.860905	7.534958	0.000000	
391.600000	-9.876919	7.515761	0.000000	
391.650000	-9.892951	7.496580	0.000000	
391.700000	-9.908984	7.477399	0.000000	
391.750000	-9.924995	7.458200	0.000000	
391.800000	-9.940998	7.438995	0.000000	
391.850000	-9.957001	7.419790	0.000000	
391.900000	-9.973008	7.400587	0.000000	
391.950000	-9.989022	7.381392	0.000000	
392.000000	-10.005044	7.362202	0.000000	
392.050000	-10.021083	7.343028	0.000000	
392.100000	-10.037147	7.323875	0.000000	
392.150000	-10.053252	7.304758	0.000000	
392.200000	-10.069401	7.285678	0.000000	
392.250000	-10.085592	7.266635	0.000000	
392.300000	-10.101819	7.247622	0.000000	
392.350000	-10.118087	7.228646	0.000000	
392.400000	-10.134397	7.209707	0.000000	
392.450000	-10.150753	7.190808	0.000000	
392.500000	-10.167151	7.171948	0.000000	
392.550000	-10.183584	7.153119	0.000000	
392.600000	-10.200043	7.134312	0.000000	
392.650000	-10.216527	7.115526	0.000000	
392.700000	-10.233032	7.096759	0.000000	
392.750000	-10.249558	7.078010	0.000000	
392.800000	-10.266110	7.059282	0.000000	
392.850000	-10.282671	7.040561	0.000000	
392.900000	-10.299230	7.021838	0.000000	
392.950000	-10.315791	7.003117	0.000000	
393.000000	-10.332344	6.984390	0.000000	
393.050000	-10.348877	6.965645	0.000000	
393.100000	-10.365367	6.946865	0.000000	
393.150000	-10.381810	6.928044	0.000000	
393.200000	-10.398191	6.909171	0.000000	
393.250000	-10.414521	6.890256	0.000000	
393.300000	-10.430784	6.871284	0.000000	
393.350000	-10.446990	6.852262	0.000000	
393.400000	-10.463134	6.833188	0.000000	
393.450000	-10.479204	6.814051	0.000000	
393.500000	-10.495203	6.794853	0.000000	
393.550000	-10.511153	6.775610	0.000000	
393.600000	-10.527060	6.756331	0.000000	
393.650000	-10.542934	6.737022	0.000000	
393.700000	-10.558778	6.717688	0.000000	
393.750000	-10.574602	6.698336	0.000000	
393.800000	-10.590423	6.678981	0.000000	
393.850000	-10.606254	6.659636	0.000000	
393.900000	-10.622107	6.640309	0.000000	
393.950000	-10.637973	6.620992	0.000000	
394.000000	-10.653847	6.601682	0.000000	
394.050000	-10.669745	6.582393	0.000000	
394.100000	-10.685655	6.563113	0.000000	
394.150000	-10.701579	6.543845	0.000000	
394.200000	-10.717518	6.524589	0.000000	
394.250000	-10.733484	6.505356	0.000000	
394.300000	-10.749463	6.486133	0.000000	
394.350000	-10.765480	6.466940	0.000000	
394.400000	-10.781527	6.447773	0.000000	
394.450000	-10.797603	6.428629	0.000000	
394.500000	-10.813704	6.409505	0.000000	
394.550000	-10.829829	6.390402	0.000000	
394.600000	-10.845968	6.371310	0.000000	
394.650000	-10.862113	6.352223	0.000000	
394.700000	-10.878258	6.333136	0.000000	
394.750000	-10.894402	6.314049	0.000000	
394.800000	-10.910552	6.294966	0.000000	
394.850000	-10.926698	6.275880	0.000000	
394.900000	-10.942849	6.256799	0.000000	
394.950000	-10.959013	6.237728	0.000000	
395.000000	-10.975190	6.218669	0.000000	
395.050000	-10.991356	6.199600	0.000000	
395.100000	-11.007516	6.180527	0.000000	
395.150000	-11.023678	6.161455	0.000000	
395.200000	-11.039840	6.142383	0.000000	
395.250000	-11.056007	6.123315	0.000000	
395.300000	-11.072178	6.104250	0.000000	
395.350000	-11.088346	6.085183	0.000000	
395.400000	-11.104485	6.066092	0.000000	
395.450000	-11.120581	6.046966	0.000000	
395.500000	-11.136645	6.027814	0.000000	
395.550000	-11.152681	6.008640	0.000000	
395.600000	-11.168685	5.989438	0.000000	
395.650000	-11.184653	5.970208	0.000000	
395.700000	-11.200598	5.950958	0.000000	
395.750000	-11.216519	5.931689	0.000000	
395.800000	-11.232427	5.912409	0.000000	
395.850000	-11.248305	5.893104	0.000000	
395.900000	-11.264150	5.873773	0.000000	
395.950000	-11.279964	5.854414	0.000000	
396.000000	-11.295726	5.835013	0.000000	
396.050000	-11.311451	5.815581	0.000000	
396.100000	-11.327154	5.796131	0.000000	
396.150000	-11.342834	5.776662	0.000000	
396.200000	-11.358492	5.757175	0.000000	
396.250000	-11.374137	5.737677	0.000000	
396.300000	-11.389780	5.718177	0.000000	
396.350000	-11.405425	5.698678	0.000000	
396.400000	-11.421082	5.679190	0.000000	
396.450000	-11.436775	5.659732	0.000000	
396.500000	-11.452520	5.640317	0.000000	
396.550000	-11.468323	5.620950	0.000000	
396.600000	-11.484189	5.601636	0.000000	
396.650000	-11.500110	5.582369	0.000000	
396.700000	-11.516078	5.563140	0.000000	
396.750000	-11.532070	5.543932	0.000000	
396.800000	-11.548083	5.524740	0.000000	
396.850000	-11.564106	5.505557	0.000000	
396.900000	-11.580133	5.486378	0.000000	
396.950000	-11.596160	5.467198	0.000000	
397.000000	-11.612174	5.448007	0.000000	
397.050000	-11.628189	5.428818	0.000000	
397.100000	-11.644206	5.409630	0.000000	
397.150000	-11.660234	5.390452	0.000000	
397.200000	-11.676269	5.371278	0.000000	
397.250000	-11.692311	5.352111	0.000000	
397.300000	-11.708359	5.332948	0.000000	
397.350000	-11.724401	5.313781	0.000000	
397.400000	-11.740435	5.294606	0.000000	
397.450000	-11.756447	5.275414	0.000000	
397.500000	-11.772435	5.256201	0.000000	
397.550000	-11.788391	5.236961	0.000000	
397.600000	-11.804316	5.217695	0.000000	
397.650000	-11.820210	5.198402	0.000000	
397.700000	-11.836083	5.179091	0.000000	
397.750000	-11.851943	5.159768	0.000000	
397.800000	-11.867804	5.140446	0.000000	
397.850000	-11.883657	5.121117	0.000000	
397.900000	-11.899501	5.101781	0.000000	
397.950000	-11.915356	5.082454	0.000000	
398.000000	-11.931223	5.063136	0.000000	
398.050000	-11.947098	5.043825	0.000000	
398.100000	-11.962981	5.024520	0.000000	
398.150000	-11.978858	5.005211	0.000000	
398.200000	-11.994720	4.985889	0.000000	
398.250000	-12.010555	4.966546	0.000000	
398.300000	-12.026365	4.947183	0.000000	
398.350000	-12.042164	4.927810	0.000000	
398.400000	-12.057957	4.908433	0.000000	
398.450000	-12.073754	4.889059	0.000000	
398.500000	-12.089568	4.869700	0.000000	
398.550000	-12.105401	4.850356	0.000000	
398.600000	-12.121239	4.831016	0.000000	
398.650000	-12.137085	4.811683	0.000000	
398.700000	-12.152951	4.792367	0.000000	
398.750000	-12.168833	4.773064	0.000000	
398.800000	-12.184726	4.753772	0.000000	
398.850000	-12.200625	4.734484	0.000000	
398.900000	-12.216539	4.715210	0.000000	
398.950000	-12.232474	4.695952	0.000000	
399.000000	-12.248407	4.676694	0.000000	
399.050000	-12.264335	4.657430	0.000000	
399.100000	-12.280267	4.638170	0.000000	
399.150000	-12.296207	4.618917	0.000000	
399.200000	-12.312155	4.599669	0.000000	
399.250000	-12.328100	4.580420	0.000000	
399.300000	-12.344059	4.561182	0.000000	
399.350000	-12.360026	4.541949	0.000000	
399.400000	-12.375980	4.522707	0.000000	
399.450000	-12.391901	4.503439	0.000000	
399.500000	-12.407786	4.484142	0.000000	
399.550000	-12.423657	4.464833	0.000000	
399.600000	-12.439525	4.445522	0.000000	
399.650000	-12.455416	4.426230	0.000000	
399.700000	-12.471341	4.406968	0.000000	
399.750000	-12.487330	4.387767	0.000000	
399.800000	-12.503408	4.368653	0.000000	
399.850000	-12.519606	4.349660	0.000000	
399.900000	-12.535963	4.330835	0.000000	
399.950000	-12.552520	4.312228	0.000000	
400.000000	-12.569321	4.293905	0.000000	
400.050000	-12.586405	4.275919	0.000000	
400.100000	-12.603806	4.258323	0.000000	
400.150000	-12.621543	4.241157	0.000000	
400.200000	-12.639622	4.224449	0.000000	
400.250000	-12.658070	4.208255	0.000000	
400.300000	-12.676912	4.192633	0.000000	
400.350000	-12.696150	4.177596	0.000000	
400.400000	-12.715799	4.163182	0.000000	
400.450000	-12.735873	4.149418	0.000000	
400.500000	-12.756385	4.136319	0.000000	
400.550000	-12.777332	4.123901	0.000000	
400.600000	-12.798688	4.112141	0.000000	
400.650000	-12.820435	4.101017	0.000000	
400.700000	-12.842560	4.090525	0.000000	
400.750000	-12.865043	4.080649	0.000000	
400.800000	-12.887839	4.071348	0.000000	
400.850000	-12.910921	4.062602	0.000000	
400.900000	-12.934262	4.054373	0.000000	
400.950000	-12.957828	4.046619	0.000000	
401.000000	-12.981583	4.039299	0.000000	
401.050000	-13.005494	4.032371	0.000000	
401.100000	-13.029533	4.025787	0.000000	
401.150000	-13.053675	4.019496	0.000000	
401.200000	-13.077902	4.013459	0.000000	
401.250000	-13.102198	4.007650	0.000000	
401.300000	-13.126544	4.002015	0.000000	
401.350000	-13.150919	3.996487	0.000000	
401.400000	-13.175318	3.991052	0.000000	
401.450000	-13.199734	3.985691	0.000000	
401.500000	-13.224159	3.980369	0.000000	
401.550000	-13.248590	3.975071	0.000000	
401.600000	-13.273023	3.969783	0.000000	
401.650000	-13.297461	3.964516	0.000000	
401.700000	-13.321902	3.959260	0.000000	
401.750000	-13.346343	3.954009	0.000000	
401.800000	-13.370785	3.948760	0.000000	
401.850000	-13.395226	3.943506	0.000000	
401.900000	-13.419661	3.938228	0.000000	
401.950000	-13.444093	3.932933	0.000000	
402.000000	-13.468519	3.927612	0.000000	
402.050000	-13.492938	3.922267	0.000000	
402.100000	-13.517348	3.916873	0.000000	
402.150000	-13.541745	3.911428	0.000000	
402.200000	-13.566132	3.905938	0.000000	
402.250000	-13.590508	3.900400	0.000000	
402.300000	-13.614872	3.894808	0.000000	
402.350000	-13.639226	3.889172	0.000000	
402.400000	-13.663569	3.883493	0.000000	
402.450000	-13.687905	3.877777	0.000000	
402.500000	-13.712229	3.872015	0.000000	
402.550000	-13.736545	3.866213	0.000000	
402.600000	-13.760853	3.860381	0.000000	
402.650000	-13.785153	3.854512	0.000000	
402.700000	-13.809444	3.848606	0.000000	
402.750000	-13.833732	3.842688	0.000000	
402.800000	-13.858022	3.836776	0.000000	
402.850000	-13.882316	3.830884	0.000000	
402.900000	-13.906615	3.825015	0.000000	
402.950000	-13.930922	3.819182	0.000000	
403.000000	-13.955239	3.813393	0.000000	
403.050000	-13.979566	3.807649	0.000000	
403.100000	-14.003899	3.801936	0.000000	
403.150000	-14.028239	3.796251	0.000000	
403.200000	-14.052591	3.790614	0.000000	
403.250000	-14.076954	3.785032	0.000000	
403.300000	-14.101328	3.779492	0.000000	
403.350000	-14.125710	3.773990	0.000000	
403.400000	-14.150099	3.768518	0.000000	
403.450000	-14.174501	3.763098	0.000000	
403.500000	-14.198914	3.757731	0.000000	
403.550000	-14.223337	3.752405	0.000000	
403.600000	-14.247772	3.747135	0.000000	
403.650000	-14.272222	3.741931	0.000000	
403.700000	-14.296685	3.736785	0.000000	
403.750000	-14.321160	3.731696	0.000000	
403.800000	-14.345645	3.726652	0.000000	
403.850000	-14.370136	3.721635	0.000000	
403.900000	-14.394627	3.716619	0.000000	
403.950000	-14.419115	3.711590	0.000000	
404.000000	-14.443598	3.706539	0.000000	
404.050000	-14.468076	3.701459	0.000000	
404.100000	-14.492550	3.696364	0.000000	
404.150000	-14.517020	3.691250	0.000000	
404.200000	-14.541492	3.686144	0.000000	
404.250000	-14.565959	3.681018	0.000000	
404.300000	-14.590420	3.675861	0.000000	
404.350000	-14.614878	3.670694	0.000000	
404.400000	-14.639334	3.665513	0.000000	
404.450000	-14.663786	3.660317	0.000000	
404.500000	-14.688233	3.655100	0.000000	
404.550000	-14.712677	3.649865	0.000000	
404.600000	-14.737119	3.644621	0.000000	
404.650000	-14.761557	3.639360	0.000000	
404.700000	-14.785993	3.634085	0.000000	
404.750000	-14.810425	3.628796	0.000000	
404.800000	-14.834852	3.623479	0.000000	
404.850000	-14.859276	3.618147	0.000000	
404.900000	-14.883694	3.612788	0.000000	
404.950000	-14.908109	3.607415	0.000000	
405.000000	-14.932527	3.602055	0.000000	
405.050000	-14.956951	3.596725	0.000000	
405.100000	-14.981382	3.591422	0.000000	
405.150000	-15.005818	3.586150	0.000000	
405.200000	-15.030260	3.580907	0.000000	
405.250000	-15.054704	3.575668	0.000000	
405.300000	-15.079152	3.570449	0.000000	
405.350000	-15.103608	3.565269	0.000000	
405.400000	-15.128071	3.560126	0.000000	
405.450000	-15.152545	3.555034	0.000000	
405.500000	-15.177031	3.549998	0.000000	
405.550000	-15.201530	3.545029	0.000000	
405.600000	-15.226039	3.540111	0.000000	
405.650000	-15.250561	3.535262	0.000000	
405.700000	-15.275094	3.530477	0.000000	
405.750000	-15.299639	3.525751	0.000000	
405.800000	-15.324192	3.521075	0.000000	
405.850000	-15.348758	3.516460	0.000000	
405.900000	-15.373333	3.511901	0.000000	
405.950000	-15.397923	3.507418	0.000000	
406.000000	-15.422527	3.503012	0.000000	
406.050000	-15.447142	3.498667	0.000000	
406.100000	-15.471762	3.494350	0.000000	
406.150000	-15.496389	3.490070	0.000000	
406.200000	-15.521023	3.485829	0.000000	
406.250000	-15.545666	3.481642	0.000000	
406.300000	-15.570318	3.477504	0.000000	
406.350000	-15.594980	3.473416	0.000000	
406.400000	-15.619651	3.469380	0.000000	
406.450000	-15.644331	3.465400	0.000000	
406.500000	-15.669015	3.461447	0.000000	
406.550000	-15.693703	3.457515	0.000000	
406.600000	-15.718390	3.453575	0.000000	
406.650000	-15.743078	3.449639	0.000000	
406.700000	-15.767763	3.445689	0.000000	
406.750000	-15.792444	3.441716	0.000000	
406.800000	-15.817119	3.437707	0.000000	
406.850000	-15.841789	3.433665	0.000000	
406.900000	-15.866453	3.429597	0.000000	
406.950000	-15.891112	3.425495	0.000000	
407.000000	-15.915767	3.421367	0.000000	
407.050000	-15.940412	3.417189	0.000000	
407.100000	-15.965049	3.412957	0.000000	
407.150000	-15.989682	3.408706	0.000000	
407.200000	-16.014312	3.404437	0.000000	
407.250000	-16.038935	3.400132	0.000000	
407.300000	-16.063553	3.395792	0.000000	
407.350000	-16.088169	3.391443	0.000000	
407.400000	-16.112782	3.387076	0.000000	
407.450000	-16.137389	3.382671	0.000000	
407.500000	-16.161985	3.378201	0.000000	
407.550000	-16.186572	3.373685	0.000000	
407.600000	-16.211151	3.369122	0.000000	
407.650000	-16.235721	3.364514	0.000000	
407.700000	-16.260280	3.359850	0.000000	
407.750000	-16.284830	3.355139	0.000000	
407.800000	-16.309375	3.350395	0.000000	
407.850000	-16.333916	3.345636	0.000000	
407.900000	-16.358454	3.340863	0.000000	
407.950000	-16.382987	3.336062	0.000000	
408.000000	-16.407513	3.331231	0.000000	
408.050000	-16.432028	3.326342	0.000000	
408.100000	-16.456535	3.321414	0.000000	
408.150000	-16.481034	3.316452	0.000000	
408.200000	-16.505522	3.311435	0.000000	
408.250000	-16.529998	3.306361	0.000000	
408.300000	-16.554460	3.301223	0.000000	
408.350000	-16.578908	3.296019	0.000000	
408.400000	-16.603343	3.290754	0.000000	
408.450000	-16.627762	3.285412	0.000000	
408.500000	-16.652168	3.280004	0.000000	
408.550000	-16.676560	3.274541	0.000000	
408.600000	-16.700939	3.269013	0.000000	
408.650000	-16.725308	3.263444	0.000000	
408.700000	-16.749668	3.257837	0.000000	
408.750000	-16.774015	3.252179	0.000000	
408.800000	-16.798345	3.246448	0.000000	
408.850000	-16.822654	3.240631	0.000000	
408.900000	-16.846947	3.234742	0.000000	
408.950000	-16.871219	3.228773	0.000000	
409.000000	-16.895471	3.222719	0.000000	
409.050000	-16.919702	3.216587	0.000000	
409.100000	-16.943922	3.210405	0.000000	
409.150000	-16.968132	3.204187	0.000000	
409.200000	-16.992339	3.197955	0.000000	
409.250000	-17.016546	3.191720	0.000000	
409.300000	-17.040755	3.185498	0.000000	
409.350000	-17.064972	3.179310	0.000000	
409.400000	-17.089195	3.173146	0.000000	
409.450000	-17.113423	3.167006	0.000000	
409.500000	-17.137658	3.160895	0.000000	
409.550000	-17.161900	3.154819	0.000000	
409.600000	-17.186154	3.148789	0.000000	
409.650000	-17.210419	3.142810	0.000000	
409.700000	-17.234692	3.136867	0.000000	
409.750000	-17.258976	3.130972	0.000000	
409.800000	-17.283272	3.125124	0.000000	
409.850000	-17.307585	3.119347	0.000000	
409.900000	-17.331918	3.113652	0.000000	
409.950000	-17.356269	3.108034	0.000000	
410.000000	-17.380641	3.102503	0.000000	
410.050000	-17.405034	3.097056	0.000000	
410.100000	-17.429448	3.091696	0.000000	
410.150000	-17.453883	3.086421	0.000000	
410.200000	-17.478333	3.081215	0.000000	
410.250000	-17.502795	3.076062	0.000000	
410.300000	-17.527270	3.070969	0.000000	
410.350000	-17.551759	3.065954	0.000000	
410.400000	-17.576264	3.061024	0.000000	
410.450000	-17.600789	3.056217	0.000000	
410.500000	-17.625335	3.051556	0.000000	
410.550000	-17.649907	3.047088	0.000000	
410.600000	-17.674505	3.042846	0.000000	
410.650000	-17.699127	3.038863	0.000000	
410.700000	-17.723774	3.035186	0.000000	
410.750000	-17.748439	3.031875	0.000000	
410.800000	-17.773115	3.028990	0.000000	
410.850000	-17.797799	3.026576	0.000000	
410.900000	-17.822481	3.024665	0.000000	
410.950000	-17.847151	3.023298	0.000000	
411.000000	-17.871798	3.022484	0.000000	
411.050000	-17.896409	3.022276	0.000000	
411.100000	-17.920977	3.022714	0.000000	
411.150000	-17.945489	3.023824	0.000000	
411.200000	-17.969941	3.025600	0.000000	
411.250000	-17.994332	3.028046	0.000000	
411.300000	-18.018658	3.031171	0.000000	
411.350000	-18.042920	3.034951	0.000000	
411.400000	-18.067104	3.039372	0.000000	
411.450000	-18.091204	3.044422	0.000000	
411.500000	-18.115218	3.050069	0.000000	
411.550000	-18.139140	3.056286	0.000000	
411.600000	-18.162964	3.063037	0.000000	
411.650000	-18.186686	3.070294	0.000000	
411.700000	-18.210309	3.078009	0.000000	
411.750000	-18.233837	3.086133	0.000000	
411.800000	-18.257279	3.094594	0.000000	
411.850000	-18.280647	3.103320	0.000000	
411.900000	-18.303948	3.112275	0.000000	
411.950000	-18.327189	3.121426	0.000000	
412.000000	-18.350375	3.130740	0.000000	
412.050000	-18.373516	3.140181	0.000000	
412.100000	-18.396630	3.149699	0.000000	
412.150000	-18.419724	3.159267	0.000000	
412.200000	-18.442804	3.168872	0.000000	
412.250000	-18.465872	3.178505	0.000000	
412.300000	-18.488932	3.188157	0.000000	
412.350000	-18.511992	3.197808	0.000000	
412.400000	-18.535045	3.207478	0.000000	
412.450000	-18.558100	3.217145	0.000000	
412.500000	-18.581161	3.226794	0.000000	
412.550000	-18.604226	3.236434	0.000000	
412.600000	-18.627295	3.246065	0.000000	
412.650000	-18.650365	3.255695	0.000000	
412.700000	-18.673437	3.265321	0.000000	
412.750000	-18.696507	3.274948	0.000000	
412.800000	-18.719578	3.284576	0.000000	
412.850000	-18.742648	3.294206	0.000000	
412.900000	-18.765710	3.303855	0.000000	
412.950000	-18.788765	3.313520	0.000000	
413.000000	-18.811816	3.323195	0.000000	
413.050000	-18.834873	3.332855	0.000000	
413.100000	-18.857935	3.342504	0.000000	
413.150000	-18.880997	3.352151	0.000000	
413.200000	-18.904056	3.361806	0.000000	
413.250000	-18.927119	3.371454	0.000000	
413.300000	-18.950177	3.381110	0.000000	
413.350000	-18.973236	3.390767	0.000000	
413.400000	-18.996290	3.400435	0.000000	
413.450000	-19.019339	3.410114	0.000000	
413.500000	-19.042382	3.419806	0.000000	
413.550000	-19.065411	3.429533	0.000000	
413.600000	-19.088427	3.439290	0.000000	
413.650000	-19.111436	3.449064	0.000000	
413.700000	-19.134441	3.458845	0.000000	
413.750000	-19.157441	3.468640	0.000000	
413.800000	-19.180430	3.478457	0.000000	
413.850000	-19.203407	3.488301	0.000000	
413.900000	-19.226366	3.498186	0.000000	
413.950000	-19.249308	3.508110	0.000000	
414.000000	-19.272227	3.518086	0.000000	
414.050000	-19.295120	3.528117	0.000000	
414.100000	-19.317980	3.538224	0.000000	
414.150000	-19.340805	3.548411	0.000000	
414.200000	-19.363596	3.558673	0.000000	
414.250000	-19.386358	3.568999	0.000000	
414.300000	-19.409086	3.579399	0.000000	
414.350000	-19.431780	3.589871	0.000000	
414.400000	-19.454431	3.600436	0.000000	
414.450000	-19.477042	3.611085	0.000000	
414.500000	-19.499623	3.621801	0.000000	
414.550000	-19.522167	3.632594	0.000000	
414.600000	-19.544679	3.643453	0.000000	
414.650000	-19.567165	3.654369	0.000000	
414.700000	-19.589626	3.665336	0.000000	
414.750000	-19.612068	3.676344	0.000000	
414.800000	-19.634498	3.687378	0.000000	
414.850000	-19.656926	3.698416	0.000000	
414.900000	-19.679357	3.709449	0.000000	
414.950000	-19.701790	3.720476	0.000000	
415.000000	-19.724235	3.731477	0.000000	
415.050000	-19.746695	3.742446	0.000000	
415.100000	-19.769174	3.753373	0.000000	
415.150000	-19.791671	3.764262	0.000000	
415.200000	-19.814188	3.775106	0.000000	
415.250000	-19.836726	3.785907	0.000000	
415.300000	-19.859289	3.796651	0.000000	
415.350000	-19.881877	3.807344	0.000000	
415.400000	-19.904498	3.817965	0.000000	
415.450000	-19.927158	3.828506	0.000000	
415.500000	-19.949855	3.838965	0.000000	
415.550000	-19.972583	3.849359	0.000000	
415.600000	-19.995343	3.859687	0.000000	
415.650000	-20.018139	3.869937	0.000000	
415.700000	-20.040975	3.880101	0.000000	
415.750000	-20.063848	3.890185	0.000000	
415.800000	-20.086757	3.900185	0.000000	
415.850000	-20.109699	3.910109	0.000000	
415.900000	-20.132664	3.919984	0.000000	
415.950000	-20.155650	3.929808	0.000000	
416.000000	-20.178660	3.939577	0.000000	
416.050000	-20.201685	3.949309	0.000000	
416.100000	-20.224721	3.959017	0.000000	
416.150000	-20.247756	3.968726	0.000000	
416.200000	-20.270789	3.978439	0.000000	
416.250000	-20.293813	3.988173	0.000000	
416.300000	-20.316824	3.997936	0.000000	
416.350000	-20.339814	4.007744	0.000000	
416.400000	-20.362796	4.017571	0.000000	
416.450000	-20.385771	4.027415	0.000000	
416.500000	-20.408739	4.037273	0.000000	
416.550000	-20.431696	4.047158	0.000000	
416.600000	-20.454643	4.057064	0.000000	
416.650000	-20.477587	4.066977	0.000000	
416.700000	-20.500514	4.076929	0.000000	
416.750000	-20.523414	4.086941	0.000000	
416.800000	-20.546279	4.097030	0.000000	
416.850000	-20.569108	4.107202	0.000000	
416.900000	-20.591905	4.117446	0.000000	
416.950000	-20.614677	4.127745	0.000000	
417.000000	-20.637427	4.138099	0.000000	
417.050000	-20.660154	4.148504	0.000000	
417.100000	-20.682862	4.158955	0.000000	
417.150000	-20.705554	4.169442	0.000000	
417.200000	-20.728242	4.179937	0.000000	
417.250000	-20.750929	4.190436	0.000000	
417.300000	-20.773622	4.200921	0.000000	
417.350000	-20.796324	4.211387	0.000000	
417.400000	-20.819040	4.221823	0.000000	
417.450000	-20.841767	4.232233	0.000000	
417.500000	-20.864496	4.242638	0.000000	
417.550000	-20.887230	4.253035	0.000000	
417.600000	-20.909963	4.263430	0.000000	
417.650000	-20.932698	4.273824	0.000000	
417.700000	-20.955437	4.284207	0.000000	
417.750000	-20.978181	4.294579	0.000000	
417.800000	-21.000942	4.304916	0.000000	
417.850000	-21.023715	4.315227	0.000000	
417.900000	-21.046497	4.325519	0.000000	
417.950000	-21.069291	4.335784	0.000000	
418.000000	-21.092093	4.346035	0.000000	
418.050000	-21.114889	4.356296	0.000000	
418.100000	-21.137679	4.366570	0.000000	
418.150000	-21.160468	4.376847	0.000000	
418.200000	-21.183253	4.387133	0.000000	
418.250000	-21.206030	4.397438	0.000000	
418.300000	-21.228799	4.407757	0.000000	
418.350000	-21.251558	4.418101	0.000000	
418.400000	-21.274307	4.428465	0.000000	
418.450000	-21.297050	4.438843	0.000000	
418.500000	-21.319778	4.449253	0.000000	
418.550000	-21.342491	4.459698	0.000000	
418.600000	-21.365186	4.470179	0.000000	
418.650000	-21.387861	4.480704	0.000000	
418.700000	-21.410523	4.491257	0.000000	
418.750000	-21.433166	4.501851	0.000000	
418.800000	-21.455801	4.512462	0.000000	
418.850000	-21.478429	4.523088	0.000000	
418.900000	-21.501055	4.533719	0.000000	
418.950000	-21.523686	4.544339	0.000000	
419.000000	-21.546318	4.554956	0.000000	
419.050000	-21.568959	4.565553	0.000000	
419.100000	-21.591619	4.576108	0.000000	
419.150000	-21.614295	4.586628	0.000000	
419.200000	-21.636977	4.597133	0.000000	
419.250000	-21.659675	4.607604	0.000000	
419.300000	-21.682382	4.618055	0.000000	
419.350000	-21.705095	4.628491	0.000000	
419.400000	-21.727811	4.638922	0.000000	
419.450000	-21.750523	4.649362	0.000000	
419.500000	-21.773212	4.659849	0.000000	
419.550000	-21.795867	4.670402	0.000000	
419.600000	-21.818487	4.681023	0.000000	
419.650000	-21.841054	4.691742	0.000000	
419.700000	-21.863561	4.702567	0.000000	
419.750000	-21.885975	4.713553	0.000000	
419.800000	-21.908275	4.724726	0.000000	
419.850000	-21.930447	4.736109	0.000000	
419.900000	-21.952463	4.747743	0.000000	
419.950000	-21.974297	4.759656	0.000000	
420.000000	-21.995924	4.771884	0.000000	
420.050000	-22.017320	4.784453	0.000000	
420.100000	-22.038454	4.797401	0.000000	
420.150000	-22.059301	4.810757	0.000000	
420.200000	-22.079835	4.824542	0.000000	
420.250000	-22.100035	4.838768	0.000000	
420.300000	-22.119873	4.853463	0.000000	
420.350000	-22.139348	4.868623	0.000000	
420.400000	-22.158455	4.884242	0.000000	
420.450000	-22.177194	4.900312	0.000000	
420.500000	-22.195579	4.916815	0.000000	
420.550000	-22.213618	4.933728	0.000000	
420.600000	-22.231339	4.951011	0.000000	
420.650000	-22.248754	4.968650	0.000000	
420.700000	-22.265893	4.986605	0.000000	
420.750000	-22.282770	5.004853	0.000000	
420.800000	-22.299416	5.023348	0.000000	
420.850000	-22.315847	5.042068	0.000000	
420.900000	-22.332071	5.060999	0.000000	
420.950000	-22.348095	5.080124	0.000000	
421.000000	-22.363941	5.099415	0.000000	
421.050000	-22.379628	5.118851	0.000000	
421.100000	-22.395181	5.138406	0.000000	
421.150000	-22.410628	5.158054	0.000000	
421.200000	-22.425987	5.177774	0.000000	
421.250000	-22.441299	5.197533	0.000000	
421.300000	-22.456591	5.217309	0.000000	
421.350000	-22.471895	5.237075	0.000000	
421.400000	-22.487225	5.256820	0.000000	
421.450000	-22.502587	5.276541	0.000000	
421.500000	-22.517984	5.296234	0.000000	
421.550000	-22.533413	5.315902	0.000000	
421.600000	-22.548884	5.335538	0.000000	
421.650000	-22.564377	5.355156	0.000000	
421.700000	-22.579885	5.374763	0.000000	
421.750000	-22.595399	5.394363	0.000000	
421.800000	-22.610918	5.413961	0.000000	
421.850000	-22.626424	5.433568	0.000000	
421.900000	-22.641926	5.453180	0.000000	
421.950000	-22.657422	5.472795	0.000000	
422.000000	-22.672912	5.492415	0.000000	
422.050000	-22.688398	5.512039	0.000000	
422.100000	-22.703865	5.531675	0.000000	
422.150000	-22.719309	5.551330	0.000000	
422.200000	-22.734714	5.571013	0.000000	
422.250000	-22.750082	5.590723	0.000000	
422.300000	-22.765398	5.610472	0.000000	
422.350000	-22.780646	5.630270	0.000000	
422.400000	-22.795807	5.650132	0.000000	
422.450000	-22.810873	5.670063	0.000000	
422.500000	-22.825850	5.690060	0.000000	
422.550000	-22.840726	5.710130	0.000000	
422.600000	-22.855489	5.730281	0.000000	
422.650000	-22.870121	5.750526	0.000000	
422.700000	-22.884634	5.770855	0.000000	
422.750000	-22.899027	5.791269	0.000000	
422.800000	-22.913287	5.811777	0.000000	
422.850000	-22.927428	5.832369	0.000000	
422.900000	-22.941458	5.853039	0.000000	
422.950000	-22.955363	5.873795	0.000000	
423.000000	-22.969156	5.894629	0.000000	
423.050000	-22.982846	5.915533	0.000000	
423.100000	-22.996441	5.936501	0.000000	
423.150000	-23.009960	5.957520	0.000000	
423.200000	-23.023404	5.978590	0.000000	
423.250000	-23.036794	5.999695	0.000000	
423.300000	-23.050140	6.020830	0.000000	
423.350000	-23.063449	6.041989	0.000000	
423.400000	-23.076727	6.063169	0.000000	
423.450000	-23.089980	6.084365	0.000000	
423.500000	-23.103217	6.105571	0.000000	
423.550000	-23.116436	6.126789	0.000000	
423.600000	-23.129647	6.148012	0.000000	
423.650000	-23.142855	6.169237	0.000000	
423.700000	-23.156062	6.190463	0.000000	
423.750000	-23.169275	6.211685	0.000000	
423.800000	-23.182498	6.232900	0.000000	
423.850000	-23.195739	6.254105	0.000000	
423.900000	-23.208976	6.275311	0.000000	
423.950000	-23.222206	6.296523	0.000000	
424.000000	-23.235451	6.317725	0.000000	
424.050000	-23.248703	6.338922	0.000000	
424.100000	-23.261972	6.360110	0.000000	
424.150000	-23.275250	6.381292	0.000000	
424.200000	-23.288543	6.402464	0.000000	
424.250000	-23.301846	6.423630	0.000000	
424.300000	-23.315148	6.444797	0.000000	
424.350000	-23.328426	6.465979	0.000000	
424.400000	-23.341665	6.487184	0.000000	
424.450000	-23.354871	6.508410	0.000000	
424.500000	-23.368045	6.529655	0.000000	
424.550000	-23.381196	6.550915	0.000000	
424.600000	-23.394318	6.572192	0.000000	
424.650000	-23.407421	6.593482	0.000000	
424.700000	-23.420523	6.614772	0.000000	
424.750000	-23.433646	6.636049	0.000000	
424.800000	-23.446772	6.657323	0.000000	
424.850000	-23.459910	6.678591	0.000000	
424.900000	-23.473055	6.699853	0.000000	
424.950000	-23.486208	6.721111	0.000000	
425.000000	-23.499383	6.742355	0.000000	
425.050000	-23.512573	6.763590	0.000000	
425.100000	-23.525761	6.784826	0.000000	
425.150000	-23.538936	6.806069	0.000000	
425.200000	-23.552104	6.827318	0.000000	
425.250000	-23.565235	6.848589	0.000000	
425.300000	-23.578328	6.869882	0.000000	
425.350000	-23.591387	6.891196	0.000000	
425.400000	-23.604436	6.912517	0.000000	
425.450000	-23.617470	6.933846	0.000000	
425.500000	-23.630490	6.955182	0.000000	
425.550000	-23.643499	6.976526	0.000000	
425.600000	-23.656472	6.997891	0.000000	
425.650000	-23.669407	7.019276	0.000000	
425.700000	-23.682309	7.040682	0.000000	
425.750000	-23.695172	7.062111	0.000000	
425.800000	-23.707992	7.083566	0.000000	
425.850000	-23.720787	7.105037	0.000000	
425.900000	-23.733534	7.126538	0.000000	
425.950000	-23.746246	7.148060	0.000000	
426.000000	-23.758916	7.169607	0.000000	
426.050000	-23.771532	7.191187	0.000000	
426.100000	-23.784095	7.212799	0.000000	
426.150000	-23.796613	7.234437	0.000000	
426.200000	-23.809097	7.256095	0.000000	
426.250000	-23.821551	7.277771	0.000000	
426.300000	-23.833977	7.299463	0.000000	
426.350000	-23.846379	7.321168	0.000000	
426.400000	-23.858760	7.342886	0.000000	
426.450000	-23.871113	7.364619	0.000000	
426.500000	-23.883464	7.386354	0.000000	
426.550000	-23.895809	7.408092	0.000000	
426.600000	-23.908164	7.429824	0.000000	
426.650000	-23.920527	7.451552	0.000000	
426.700000	-23.932887	7.473281	0.000000	
426.750000	-23.945249	7.495009	0.000000	
426.800000	-23.957615	7.516735	0.000000	
426.850000	-23.969963	7.538471	0.000000	
426.900000	-23.982290	7.560220	0.000000	
426.950000	-23.994618	7.581967	0.000000	
427.000000	-24.006943	7.603717	0.000000	
427.050000	-24.019290	7.625454	0.000000	
427.100000	-24.031665	7.647174	0.000000	
427.150000	-24.044069	7.668878	0.000000	
427.200000	-24.056517	7.690555	0.000000	
427.250000	-24.068998	7.712213	0.000000	
427.300000	-24.081525	7.733843	0.000000	
427.350000	-24.094101	7.755445	0.000000	
427.400000	-24.106739	7.777011	0.000000	
427.450000	-24.119428	7.798546	0.000000	
427.500000	-24.132153	7.820061	0.000000	
427.550000	-24.144911	7.841556	0.000000	
427.600000	-24.157706	7.863030	0.000000	
427.650000	-24.170530	7.884486	0.000000	
427.700000	-24.183411	7.905908	0.000000	
427.750000	-24.196370	7.927282	0.000000	
427.800000	-24.209384	7.948624	0.000000	
427.850000	-24.222439	7.969940	0.000000	
427.900000	-24.235554	7.991221	0.000000	
427.950000	-24.248724	8.012468	0.000000	
428.000000	-24.261939	8.033688	0.000000	
428.050000	-24.275200	8.054879	0.000000	
428.100000	-24.288482	8.076056	0.000000	
428.150000	-24.301799	8.097212	0.000000	
428.200000	-24.315148	8.118348	0.000000	
428.250000	-24.328517	8.139472	0.000000	
428.300000	-24.341912	8.160578	0.000000	
428.350000	-24.355326	8.181673	0.000000	
428.400000	-24.368780	8.202742	0.000000	
428.450000	-24.382253	8.223799	0.000000	
428.500000	-24.395755	8.244837	0.000000	
428.550000	-24.409289	8.265855	0.000000	
428.600000	-24.422861	8.286849	0.000000	
428.650000	-24.436476	8.307816	0.000000	
428.700000	-24.450104	8.328774	0.000000	
428.750000	-24.463725	8.349736	0.000000	
428.800000	-24.477319	8.370716	0.000000	
428.850000	-24.490863	8.391726	0.000000	
428.900000	-24.504330	8.412781	0.000000	
428.950000	-24.517673	8.433906	0.000000	
429.000000	-24.530861	8.455116	0.000000	
429.050000	-24.543835	8.476434	0.000000	
429.100000	-24.556541	8.497883	0.000000	
429.150000	-24.568947	8.519468	0.000000	
429.200000	-24.580990	8.541210	0.000000	
429.250000	-24.592639	8.563116	0.000000	
429.300000	-24.603836	8.585198	0.000000	
429.350000	-24.614533	8.607462	0.000000	
429.400000	-24.624679	8.629917	0.000000	
429.450000	-24.634240	8.652572	0.000000	
429.500000	-24.643217	8.675420	0.000000	
429.550000	-24.651566	8.698464	0.000000	
429.600000	-24.659287	8.721698	0.000000	
429.650000	-24.666364	8.745131	0.000000	
429.700000	-24.672770	8.768766	0.000000	
429.750000	-24.678535	8.792591	0.000000	
429.800000	-24.683674	8.816600	0.000000	
429.850000	-24.688200	8.840786	0.000000	
429.900000	-24.692137	8.865130	0.000000	
429.950000	-24.695529	8.889614	0.000000	
430.000000	-24.698428	8.914218	0.000000	
430.050000	-24.700876	8.938927	0.000000	
430.100000	-24.702924	8.963717	0.000000	
430.150000	-24.704637	8.988569	0.000000	
430.200000	-24.706069	9.013468	0.000000	
430.250000	-24.707289	9.038399	0.000000	
430.300000	-24.708314	9.063357	0.000000	
430.350000	-24.709190	9.088330	0.000000	
430.400000	-24.709973	9.113310	0.000000	
430.450000	-24.710711	9.138294	0.000000	
430.500000	-24.711424	9.163279	0.000000	
430.550000	-24.712123	9.188265	0.000000	
430.600000	-24.712851	9.213250	0.000000	
430.650000	-24.713625	9.238233	0.000000	
430.700000	-24.714431	9.263216	0.000000	
430.750000	-24.715293	9.288197	0.000000	
430.800000	-24.716201	9.313178	0.000000	
430.850000	-24.717159	9.338157	0.000000	
430.900000	-24.718162	9.363134	0.000000	
430.950000	-24.719229	9.388110	0.000000	
431.000000	-24.720330	9.413085	0.000000	
431.050000	-24.721462	9.438059	0.000000	
431.100000	-24.722610	9.463032	0.000000	
431.150000	-24.723788	9.488003	0.000000	
431.200000	-24.724973	9.512975	0.000000	
431.250000	-24.726151	9.537947	0.000000	
431.300000	-24.727291	9.562920	0.000000	
431.350000	-24.728406	9.587895	0.000000	
431.400000	-24.729520	9.612869	0.000000	
431.450000	-24.730617	9.637845	0.000000	
431.500000	-24.731702	9.662820	0.000000	
431.550000	-24.732786	9.687796	0.000000	
431.600000	-24.733869	9.712772	0.000000	
431.650000	-24.734958	9.737748	0.000000	
431.700000	-24.736052	9.762723	0.000000	
431.750000	-24.737160	9.787697	0.000000	
431.800000	-24.738290	9.812671	0.000000	
431.850000	-24.739423	9.837644	0.000000	
431.900000	-24.740538	9.862618	0.000000	
431.950000	-24.741653	9.887593	0.000000	
432.000000	-24.742763	9.912567	0.000000	
432.050000	-24.743873	9.937541	0.000000	
432.100000	-24.744981	9.962516	0.000000	
432.150000	-24.746091	9.987491	0.000000	
432.200000	-24.747198	10.012465	0.000000	
432.250000	-24.748334	10.037438	0.000000	
432.300000	-24.749515	10.062408	0.000000	
432.350000	-24.750748	10.087376	0.000000	
432.400000	-24.752026	10.112342	0.000000	
432.450000	-24.753349	10.137304	0.000000	
432.500000	-24.754733	10.162264	0.000000	
432.550000	-24.756181	10.187219	0.000000	
432.600000	-24.757673	10.212171	0.000000	
432.650000	-24.759198	10.237122	0.000000	
432.700000	-24.760749	10.262071	0.000000	
432.750000	-24.762339	10.287017	0.000000	
432.800000	-24.763977	10.311959	0.000000	
432.850000	-24.765653	10.336899	0.000000	
432.900000	-24.767395	10.361834	0.000000	
432.950000	-24.769219	10.386763	0.000000	
433.000000	-24.771127	10.411685	0.000000	
433.050000	-24.773111	10.436601	0.000000	
433.100000	-24.775191	10.461509	0.000000	
433.150000	-24.777344	10.486411	0.000000	
433.200000	-24.779585	10.511305	0.000000	
433.250000	-24.781906	10.536193	0.000000	
433.300000	-24.784305	10.561073	0.000000	
433.350000	-24.786778	10.585945	0.000000	
433.400000	-24.789319	10.610809	0.000000	
433.450000	-24.791932	10.635667	0.000000	
433.500000	-24.794589	10.660520	0.000000	
433.550000	-24.797287	10.685370	0.000000	
433.600000	-24.800010	10.710217	0.000000	
433.650000	-24.802785	10.735058	0.000000	
433.700000	-24.805610	10.759895	0.000000	
433.750000	-24.808469	10.784728	0.000000	
433.800000	-24.811332	10.809561	0.000000	
433.850000	-24.814202	10.834394	0.000000	
433.900000	-24.817076	10.859226	0.000000	
433.950000	-24.819949	10.884059	0.000000	
434.000000	-24.822821	10.908891	0.000000	
434.050000	-24.825671	10.933726	0.000000	
434.100000	-24.828489	10.958564	0.000000	
434.150000	-24.831278	10.983405	0.000000	
434.200000	-24.834067	11.008247	0.000000	
434.250000	-24.836833	11.033091	0.000000	
434.300000	-24.839561	11.057938	0.000000	
434.350000	-24.842244	11.082791	0.000000	
434.400000	-24.844859	11.107652	0.000000	
434.450000	-24.847432	11.132518	0.000000	
434.500000	-24.849974	11.157387	0.000000	
434.550000	-24.852509	11.182257	0.000000	
434.600000	-24.855022	11.207129	0.000000	
434.650000	-24.857524	11.232002	0.000000	
434.700000	-24.860013	11.256877	0.000000	
434.750000	-24.862490	11.281754	0.000000	
434.800000	-24.864950	11.306632	0.000000	
434.850000	-24.867399	11.331511	0.000000	
434.900000	-24.869825	11.356392	0.000000	
434.950000	-24.872239	11.381274	0.000000	
435.000000	-24.874620	11.406159	0.000000	
435.050000	-24.876947	11.431048	0.000000	
435.100000	-24.879232	11.455941	0.000000	
435.150000	-24.881492	11.480836	0.000000	
435.200000	-24.883706	11.505734	0.000000	
435.250000	-24.885855	11.530638	0.000000	
435.300000	-24.887960	11.555545	0.000000	
435.350000	-24.890019	11.580456	0.000000	
435.400000	-24.892013	11.605371	0.000000	
435.450000	-24.893943	11.630289	0.000000	
435.500000	-24.895780	11.655213	0.000000	
435.550000	-24.897504	11.680143	0.000000	
435.600000	-24.899093	11.705080	0.000000	
435.650000	-24.900558	11.730023	0.000000	
435.700000	-24.901877	11.754971	0.000000	
435.750000	-24.903022	11.779927	0.000000	
435.800000	-24.903989	11.804889	0.000000	
435.850000	-24.904769	11.829852	0.000000	
435.900000	-24.905341	11.854814	0.000000	
435.950000	-24.905667	11.879771	0.000000	
436.000000	-24.905719	11.904719	0.000000	
436.050000	-24.905484	11.929652	0.000000	
436.100000	-24.904952	11.954566	0.000000	
436.150000	-24.904079	11.979453	0.000000	
436.200000	-24.902827	12.004304	0.000000	
436.250000	-24.901185	12.029114	0.000000	
436.300000	-24.899147	12.053879	0.000000	
436.350000	-24.896686	12.078594	0.000000	
436.400000	-24.893793	12.103252	0.000000	
436.450000	-24.890466	12.127846	0.000000	
436.500000	-24.886727	12.152379	0.000000	
436.550000	-24.882592	12.176852	0.000000	
436.600000	-24.878069	12.201263	0.000000	
436.650000	-24.873183	12.225614	0.000000	
436.700000	-24.867920	12.249902	0.000000	
436.750000	-24.862288	12.274124	0.000000	
436.800000	-24.856302	12.298280	0.000000	
436.850000	-24.849965	12.322367	0.000000	
436.900000	-24.843316	12.346389	0.000000	
436.950000	-24.836380	12.370349	0.000000	
437.000000	-24.829211	12.394254	0.000000	
437.050000	-24.821836	12.418110	0.000000	
437.100000	-24.814278	12.441920	0.000000	
437.150000	-24.806560	12.465686	0.000000	
437.200000	-24.798727	12.489420	0.000000	
437.250000	-24.790817	12.513132	0.000000	
437.300000	-24.782858	12.536828	0.000000	
437.350000	-24.774848	12.560509	0.000000	
437.400000	-24.766802	12.584178	0.000000	
437.450000	-24.758752	12.607846	0.000000	
437.500000	-24.750729	12.631522	0.000000	
437.550000	-24.742707	12.655199	0.000000	
437.600000	-24.734686	12.678877	0.000000	
437.650000	-24.726681	12.702559	0.000000	
437.700000	-24.718685	12.726245	0.000000	
437.750000	-24.710718	12.749939	0.000000	
437.800000	-24.702773	12.773642	0.000000	
437.850000	-24.694868	12.797357	0.000000	
437.900000	-24.687018	12.821091	0.000000	
437.950000	-24.679206	12.844838	0.000000	
438.000000	-24.671441	12.868600	0.000000	
438.050000	-24.663702	12.892370	0.000000	
438.100000	-24.655969	12.916143	0.000000	
438.150000	-24.648250	12.939920	0.000000	
438.200000	-24.640537	12.963699	0.000000	
438.250000	-24.632830	12.987480	0.000000	
438.300000	-24.625114	13.011259	0.000000	
438.350000	-24.617374	13.035029	0.000000	
438.400000	-24.609615	13.058792	0.000000	
438.450000	-24.601847	13.082553	0.000000	
438.500000	-24.594053	13.106304	0.000000	
438.550000	-24.586206	13.130038	0.000000	
438.600000	-24.578315	13.153755	0.000000	
438.650000	-24.570363	13.177451	0.000000	
438.700000	-24.562352	13.201126	0.000000	
438.750000	-24.554267	13.224774	0.000000	
438.800000	-24.546090	13.248390	0.000000	
438.850000	-24.537824	13.271973	0.000000	
438.900000	-24.529436	13.295510	0.000000	
438.950000	-24.520929	13.319005	0.000000	
439.000000	-24.512304	13.342454	0.000000	
439.050000	-24.503563	13.365862	0.000000	
439.100000	-24.494702	13.389225	0.000000	
439.150000	-24.485750	13.412553	0.000000	
439.200000	-24.476709	13.435848	0.000000	
439.250000	-24.467600	13.459118	0.000000	
439.300000	-24.458426	13.482364	0.000000	
439.350000	-24.449200	13.505591	0.000000	
439.400000	-24.439923	13.528799	0.000000	
439.450000	-24.430616	13.551996	0.000000	
439.500000	-24.421258	13.575174	0.000000	
439.550000	-24.411845	13.598331	0.000000	
439.600000	-24.402392	13.621471	0.000000	
439.650000	-24.392900	13.644596	0.000000	
439.700000	-24.383376	13.667709	0.000000	
439.750000	-24.373798	13.690799	0.000000	
439.800000	-24.364182	13.713873	0.000000	
439.850000	-24.354520	13.736928	0.000000	
439.900000	-24.344825	13.759969	0.000000	
439.950000	-24.335100	13.782996	0.000000	
440.000000	-24.325325	13.806000	0.000000	
440.050000	-24.315493	13.828977	0.000000	
440.100000	-24.305602	13.851927	0.000000	
440.150000	-24.295662	13.874855	0.000000	
440.200000	-24.285659	13.897754	0.000000	
440.250000	-24.275583	13.920619	0.000000	
440.300000	-24.265404	13.943437	0.000000	
440.350000	-24.255102	13.966198	0.000000	
440.400000	-24.244684	13.988905	0.000000	
440.450000	-24.234147	14.011557	0.000000	
440.500000	-24.223487	14.034153	0.000000	
440.550000	-24.212716	14.056697	0.000000	
440.600000	-24.201849	14.079197	0.000000	
440.650000	-24.190900	14.101659	0.000000	
440.700000	-24.179879	14.124089	0.000000	
440.750000	-24.168782	14.146483	0.000000	
440.800000	-24.157637	14.168854	0.000000	
440.850000	-24.146442	14.191203	0.000000	
440.900000	-24.135209	14.213533	0.000000	
440.950000	-24.123926	14.235840	0.000000	
441.000000	-24.112596	14.258122	0.000000	
441.050000	-24.101224	14.280384	0.000000	
441.100000	-24.089837	14.302638	0.000000	
441.150000	-24.078432	14.324883	0.000000	
441.200000	-24.067028	14.347129	0.000000	
441.250000	-24.055640	14.369382	0.000000	
441.300000	-24.044283	14.391651	0.000000	
441.350000	-24.032974	14.413942	0.000000	
441.400000	-24.021711	14.436258	0.000000	
441.450000	-24.010472	14.458586	0.000000	
441.500000	-23.999257	14.480926	0.000000	
441.550000	-23.988062	14.503276	0.000000	
441.600000	-23.976892	14.525639	0.000000	
441.650000	-23.965731	14.548007	0.000000	
441.700000	-23.954579	14.570380	0.000000	
441.750000	-23.943444	14.592760	0.000000	
441.800000	-23.932332	14.615152	0.000000	
441.850000	-23.921225	14.637547	0.000000	
441.900000	-23.910109	14.659937	0.000000	
441.950000	-23.898994	14.682327	0.000000	
442.000000	-23.887886	14.704722	0.000000	
442.050000	-23.876787	14.727120	0.000000	
442.100000	-23.865701	14.749526	0.000000	
442.150000	-23.854610	14.771929	0.000000	
442.200000	-23.843515	14.794329	0.000000	
442.250000	-23.832395	14.816718	0.000000	
442.300000	-23.821232	14.839084	0.000000	
442.350000	-23.810021	14.861427	0.000000	
442.400000	-23.798758	14.883744	0.000000	
442.450000	-23.787453	14.906041	0.000000	
442.500000	-23.776116	14.928320	0.000000	
442.550000	-23.764745	14.950581	0.000000	
442.600000	-23.753333	14.972822	0.000000	
442.650000	-23.741884	14.995042	0.000000	
442.700000	-23.730400	15.017244	0.000000	
442.750000	-23.718873	15.039424	0.000000	
442.800000	-23.707285	15.061572	0.000000	
442.850000	-23.695635	15.083689	0.000000	
442.900000	-23.683939	15.105781	0.000000	
442.950000	-23.672209	15.127856	0.000000	
443.000000	-23.660431	15.149906	0.000000	
443.050000	-23.648625	15.171941	0.000000	
443.100000	-23.636807	15.193970	0.000000	
443.150000	-23.624979	15.215993	0.000000	
443.200000	-23.613157	15.238020	0.000000	
443.250000	-23.601336	15.260047	0.000000	
443.300000	-23.589528	15.282082	0.000000	
443.350000	-23.577751	15.304131	0.000000	
443.400000	-23.566014	15.326201	0.000000	
443.450000	-23.554320	15.348292	0.000000	
443.500000	-23.542688	15.370414	0.000000	
443.550000	-23.531123	15.392569	0.000000	
443.600000	-23.519638	15.414764	0.000000	
443.650000	-23.508249	15.437006	0.000000	
443.700000	-23.496936	15.459286	0.000000	
443.750000	-23.485693	15.481603	0.000000	
443.800000	-23.474528	15.503957	0.000000	
443.850000	-23.463434	15.526348	0.000000	
443.900000	-23.452418	15.548779	0.000000	
443.950000	-23.441465	15.571241	0.000000	
444.000000	-23.430577	15.593737	0.000000	
444.050000	-23.419756	15.616267	0.000000	
444.100000	-23.408977	15.638818	0.000000	
444.150000	-23.398244	15.661392	0.000000	
444.200000	-23.387543	15.683982	0.000000	
444.250000	-23.376848	15.706575	0.000000	
444.300000	-23.366147	15.729166	0.000000	
444.350000	-23.355421	15.751743	0.000000	
444.400000	-23.344646	15.774295	0.000000	
444.450000	-23.333778	15.796798	0.000000	
444.500000	-23.322799	15.819240	0.000000	
444.550000	-23.311662	15.841594	0.000000	
444.600000	-23.300318	15.863828	0.000000	
444.650000	-23.288725	15.885910	0.000000	
444.700000	-23.276836	15.907806	0.000000	
444.750000	-23.264632	15.929492	0.000000	
444.800000	-23.252094	15.950946	0.000000	
444.850000	-23.239199	15.972149	0.000000	
444.900000	-23.225928	15.993076	0.000000	
444.950000	-23.212272	16.013717	0.000000	
445.000000	-23.198207	16.034044	0.000000	
445.050000	-23.183712	16.054031	0.000000	
445.100000	-23.168779	16.073662	0.000000	
445.150000	-23.153411	16.092935	0.000000	
445.200000	-23.137594	16.111836	0.000000	
445.250000	-23.121341	16.130373	0.000000	
445.300000	-23.104669	16.148553	0.000000	
445.350000	-23.087591	16.166386	0.000000	
445.400000	-23.070124	16.183888	0.000000	
445.450000	-23.052291	16.201077	0.000000	
445.500000	-23.034115	16.217962	0.000000	
445.550000	-23.015616	16.234554	0.000000	
445.600000	-22.996816	16.250863	0.000000	
445.650000	-22.977758	16.266913	0.000000	
445.700000	-22.958474	16.282729	0.000000	
445.750000	-22.938997	16.298334	0.000000	
445.800000	-22.919360	16.313757	0.000000	
445.850000	-22.899588	16.329022	0.000000	
445.900000	-22.879692	16.344136	0.000000	
445.950000	-22.859692	16.359118	0.000000	
446.000000	-22.839604	16.373991	0.000000	
446.050000	-22.819451	16.388777	0.000000	
446.100000	-22.799258	16.403511	0.000000	
446.150000	-22.779043	16.418215	0.000000	
446.200000	-22.758807	16.432888	0.000000	
446.250000	-22.738546	16.447527	0.000000	
446.300000	-22.718265	16.462138	0.000000	
446.350000	-22.697959	16.476713	0.000000	
446.400000	-22.677618	16.491239	0.000000	
446.450000	-22.657228	16.505695	0.000000	
446.500000	-22.636775	16.520061	0.000000	
446.550000	-22.616259	16.534337	0.000000	
446.600000	-22.595683	16.548526	0.000000	
446.650000	-22.575058	16.562644	0.000000	
446.700000	-22.554382	16.576686	0.000000	
446.750000	-22.533654	16.590651	0.000000	
446.800000	-22.512886	16.604556	0.000000	
446.850000	-22.492084	16.618411	0.000000	
446.900000	-22.471261	16.632235	0.000000	
446.950000	-22.450429	16.646046	0.000000	
447.000000	-22.429604	16.659867	0.000000	
447.050000	-22.408786	16.673698	0.000000	
447.100000	-22.387977	16.687542	0.000000	
447.150000	-22.367172	16.701391	0.000000	
447.200000	-22.346368	16.715242	0.000000	
447.250000	-22.325582	16.729118	0.000000	
447.300000	-22.304829	16.743040	0.000000	
447.350000	-22.284105	16.757002	0.000000	
447.400000	-22.263413	16.771009	0.000000	
447.450000	-22.242768	16.785081	0.000000	
447.500000	-22.222182	16.799238	0.000000	
447.550000	-22.201657	16.813479	0.000000	
447.600000	-22.181196	16.827815	0.000000	
447.650000	-22.160807	16.842251	0.000000	
447.700000	-22.140479	16.856774	0.000000	
447.750000	-22.120217	16.871394	0.000000	
447.800000	-22.100026	16.886116	0.000000	
447.850000	-22.079906	16.900939	0.000000	
447.900000	-22.059847	16.915849	0.000000	
447.950000	-22.039830	16.930819	0.000000	
448.000000	-22.019844	16.945832	0.000000	
448.050000	-21.999884	16.960881	0.000000	
448.100000	-21.979934	16.975943	0.000000	
448.150000	-21.959995	16.991021	0.000000	
448.200000	-21.940071	17.006119	0.000000	
448.250000	-21.920161	17.021237	0.000000	
448.300000	-21.900262	17.036368	0.000000	
448.350000	-21.880369	17.051509	0.000000	
448.400000	-21.860483	17.066658	0.000000	
448.450000	-21.840603	17.081814	0.000000	
448.500000	-21.820726	17.096976	0.000000	
448.550000	-21.800845	17.112131	0.000000	
448.600000	-21.780955	17.127276	0.000000	
448.650000	-21.761059	17.142412	0.000000	
448.700000	-21.741157	17.157540	0.000000	
448.750000	-21.721259	17.172674	0.000000	
448.800000	-21.701376	17.187826	0.000000	
448.850000	-21.681511	17.203003	0.000000	
448.900000	-21.661667	17.218204	0.000000	
448.950000	-21.641848	17.233437	0.000000	
449.000000	-21.622063	17.248713	0.000000	
449.050000	-21.602305	17.264024	0.000000	
449.100000	-21.582566	17.279358	0.000000	
449.150000	-21.562860	17.294737	0.000000	
449.200000	-21.543192	17.310164	0.000000	
449.250000	-21.523550	17.325624	0.000000	
449.300000	-21.503921	17.341102	0.000000	
449.350000	-21.484301	17.356590	0.000000	
449.400000	-21.464685	17.372085	0.000000	
449.450000	-21.445069	17.387579	0.000000	
449.500000	-21.425468	17.403093	0.000000	
449.550000	-21.405867	17.418606	0.000000	
449.600000	-21.386258	17.434110	0.000000	
449.650000	-21.366656	17.449622	0.000000	
449.700000	-21.347061	17.465144	0.000000	
449.750000	-21.327458	17.480655	0.000000	
449.800000	-21.307850	17.496160	0.000000	
449.850000	-21.288226	17.511644	0.000000	
449.900000	-21.268587	17.527109	0.000000	
449.950000	-21.248926	17.542547	0.000000	
450.000000	-21.229238	17.557951	0.000000	
450.050000	-21.209530	17.573330	0.000000	
450.100000	-21.189816	17.588702	0.000000	
450.150000	-21.170095	17.604065	0.000000	
450.200000	-21.150349	17.619396	0.000000	
450.250000	-21.130565	17.634678	0.000000	
450.300000	-21.110753	17.649924	0.000000	
450.350000	-21.090935	17.665161	0.000000	
450.400000	-21.071116	17.680399	0.000000	
450.450000	-21.051300	17.695639	0.000000	
450.500000	-21.031491	17.710888	0.000000	
450.550000	-21.011687	17.726145	0.000000	
450.600000	-20.991896	17.741417	0.000000	
450.650000	-20.972120	17.756708	0.000000	
450.700000	-20.952363	17.772025	0.000000	
450.750000	-20.932629	17.787369	0.000000	
450.800000	-20.912921	17.802747	0.000000	
450.850000	-20.893227	17.818144	0.000000	
450.900000	-20.873549	17.833561	0.000000	
450.950000	-20.853888	17.848999	0.000000	
451.000000	-20.834239	17.864452	0.000000	
451.050000	-20.814596	17.879912	0.000000	
451.100000	-20.794948	17.895367	0.000000	
451.150000	-20.775301	17.910822	0.000000	
451.200000	-20.755668	17.926295	0.000000	
451.250000	-20.736063	17.941804	0.000000	
451.300000	-20.716486	17.957349	0.000000	
451.350000	-20.696936	17.972929	0.000000	
451.400000	-20.677409	17.988538	0.000000	
451.450000	-20.657905	18.004176	0.000000	
451.500000	-20.638412	18.019828	0.000000	
451.550000	-20.618926	18.035489	0.000000	
451.600000	-20.599449	18.051161	0.000000	
451.650000	-20.579990	18.066855	0.000000	
451.700000	-20.560549	18.082571	0.000000	
451.750000	-20.541096	18.098272	0.000000	
451.800000	-20.521614	18.113936	0.000000	
451.850000	-20.502085	18.129539	0.000000	
451.900000	-20.482500	18.145064	0.000000	
451.950000	-20.462840	18.160485	0.000000	
452.000000	-20.443084	18.175770	0.000000	
452.050000	-20.423223	18.190901	0.000000	
452.100000	-20.403251	18.205862	0.000000	
452.150000	-20.383146	18.220607	0.000000	
452.200000	-20.362890	18.235104	0.000000	
452.250000	-20.342454	18.249298	0.000000	
452.300000	-20.321820	18.263143	0.000000	
452.350000	-20.300984	18.276612	0.000000	
452.400000	-20.279940	18.289687	0.000000	
452.450000	-20.258676	18.302345	0.000000	
452.500000	-20.237175	18.314533	0.000000	
452.550000	-20.215440	18.326241	0.000000	
452.600000	-20.193466	18.337434	0.000000	
452.650000	-20.171239	18.348076	0.000000	
452.700000	-20.148745	18.358133	0.000000	
452.750000	-20.125993	18.367614	0.000000	
452.800000	-20.103001	18.376539	0.000000	
452.850000	-20.079782	18.384927	0.000000	
452.900000	-20.056359	18.392817	0.000000	
452.950000	-20.032747	18.400232	0.000000	
453.000000	-20.008967	18.407206	0.000000	
453.050000	-19.985030	18.413759	0.000000	
453.100000	-19.960953	18.419919	0.000000	
453.150000	-19.936751	18.425714	0.000000	
453.200000	-19.912451	18.431211	0.000000	
453.250000	-19.888063	18.436418	0.000000	
453.300000	-19.863605	18.441382	0.000000	
453.350000	-19.839096	18.446154	0.000000	
453.400000	-19.814544	18.450755	0.000000	
453.450000	-19.789956	18.455198	0.000000	
453.500000	-19.765334	18.459491	0.000000	
453.550000	-19.740691	18.463675	0.000000	
453.600000	-19.716032	18.467784	0.000000	
453.650000	-19.691369	18.471867	0.000000	
453.700000	-19.666704	18.475942	0.000000	
453.750000	-19.642041	18.480031	0.000000	
453.800000	-19.617382	18.484138	0.000000	
453.850000	-19.592725	18.488263	0.000000	
453.900000	-19.568075	18.492425	0.000000	
453.950000	-19.543430	18.496618	0.000000	
454.000000	-19.518788	18.500826	0.000000	
454.050000	-19.494145	18.505035	0.000000	
454.100000	-19.469506	18.509258	0.000000	
454.150000	-19.444869	18.513498	0.000000	
454.200000	-19.420238	18.517769	0.000000	
454.250000	-19.395608	18.522051	0.000000	
454.300000	-19.370986	18.526369	0.000000	
454.350000	-19.346369	18.530716	0.000000	
454.400000	-19.321754	18.535070	0.000000	
454.450000	-19.297144	18.539458	0.000000	
454.500000	-19.272539	18.543866	0.000000	
454.550000	-19.247937	18.548300	0.000000	
454.600000	-19.223340	18.552763	0.000000	
454.650000	-19.198745	18.557236	0.000000	
454.700000	-19.174151	18.561714	0.000000	
454.750000	-19.149562	18.566220	0.000000	
454.800000	-19.124977	18.570750	0.000000	
454.850000	-19.100396	18.575299	0.000000	
454.900000	-19.075816	18.579858	0.000000	
454.950000	-19.051235	18.584413	0.000000	
455.000000	-19.026651	18.588947	0.000000	
455.050000	-19.002063	18.593462	0.000000	
455.100000	-18.977474	18.597967	0.000000	
455.150000	-18.952881	18.602445	0.000000	
455.200000	-18.928279	18.606877	0.000000	
455.250000	-18.903668	18.611251	0.000000	
455.300000	-18.879047	18.615563	0.000000	
455.350000	-18.854413	18.619801	0.000000	
455.400000	-18.829769	18.623983	0.000000	
455.450000	-18.805118	18.628122	0.000000	
455.500000	-18.780457	18.632203	0.000000	
455.550000	-18.755787	18.636231	0.000000	
455.600000	-18.731110	18.640214	0.000000	
455.650000	-18.706426	18.644146	0.000000	
455.700000	-18.681733	18.648027	0.000000	
455.750000	-18.657031	18.651841	0.000000	
455.800000	-18.632314	18.655559	0.000000	
455.850000	-18.607584	18.659185	0.000000	
455.900000	-18.582839	18.662711	0.000000	
455.950000	-18.558082	18.666141	0.000000	
456.000000	-18.533310	18.669473	0.000000	
456.050000	-18.508526	18.672700	0.000000	
456.100000	-18.483729	18.675822	0.000000	
456.150000	-18.458920	18.678827	0.000000	
456.200000	-18.434098	18.681709	0.000000	
456.250000	-18.409266	18.684490	0.000000	
456.300000	-18.384423	18.687160	0.000000	
456.350000	-18.359571	18.689742	0.000000	
456.400000	-18.334711	18.692237	0.000000	
456.450000	-18.309838	18.694621	0.000000	
456.500000	-18.284955	18.696895	0.000000	
456.550000	-18.260062	18.699081	0.000000	
456.600000	-18.235162	18.701201	0.000000	
456.650000	-18.210254	18.703251	0.000000	
456.700000	-18.185339	18.705226	0.000000	
456.750000	-18.160416	18.707125	0.000000	
456.800000	-18.135488	18.708966	0.000000	
456.850000	-18.110555	18.710755	0.000000	
456.900000	-18.085617	18.712471	0.000000	
456.950000	-18.060673	18.714108	0.000000	
457.000000	-18.035724	18.715654	0.000000	
457.050000	-18.010771	18.717113	0.000000	
457.100000	-17.985813	18.718501	0.000000	
457.150000	-17.960853	18.719835	0.000000	
457.200000	-17.935892	18.721147	0.000000	
457.250000	-17.910930	18.722444	0.000000	
457.300000	-17.885967	18.723702	0.000000	
457.350000	-17.861002	18.724916	0.000000	
457.400000	-17.836034	18.726065	0.000000	
457.450000	-17.811065	18.727134	0.000000	
457.500000	-17.786093	18.728143	0.000000	
457.550000	-17.761120	18.729103	0.000000	
457.600000	-17.736143	18.729990	0.000000	
457.650000	-17.711163	18.730786	0.000000	
457.700000	-17.686180	18.731505	0.000000	
457.750000	-17.661194	18.732152	0.000000	
457.800000	-17.636205	18.732743	0.000000	
457.850000	-17.611213	18.733275	0.000000	
457.900000	-17.586220	18.733772	0.000000	
457.950000	-17.561226	18.734242	0.000000	
458.000000	-17.536232	18.734709	0.000000	
458.050000	-17.511238	18.735196	0.000000	
458.100000	-17.486245	18.735696	0.000000	
458.150000	-17.461252	18.736199	0.000000	
458.200000	-17.436258	18.736686	0.000000	
458.250000	-17.411264	18.737128	0.000000	
458.300000	-17.386269	18.737517	0.000000	
458.350000	-17.361273	18.737856	0.000000	
458.400000	-17.336278	18.738145	0.000000	
458.450000	-17.311284	18.738378	0.000000	
458.500000	-17.286291	18.738562	0.000000	
458.550000	-17.261298	18.738705	0.000000	
458.600000	-17.236305	18.738807	0.000000	
458.650000	-17.211313	18.738881	0.000000	
458.700000	-17.186320	18.738930	0.000000	
458.750000	-17.161328	18.738946	0.000000	
458.800000	-17.136336	18.738933	0.000000	
458.850000	-17.111344	18.738874	0.000000	
458.900000	-17.086352	18.738752	0.000000	
458.950000	-17.061360	18.738572	0.000000	
459.000000	-17.036367	18.738352	0.000000	
459.050000	-17.011374	18.738092	0.000000	
459.100000	-16.986380	18.737795	0.000000	
459.150000	-16.961385	18.737477	0.000000	
459.200000	-16.936391	18.737134	0.000000	
459.250000	-16.911396	18.736778	0.000000	
459.300000	-16.886401	18.736425	0.000000	
459.350000	-16.861406	18.736094	0.000000	
459.400000	-16.836412	18.735815	0.000000	
459.450000	-16.811417	18.735586	0.000000	
459.500000	-16.786421	18.735430	0.000000	
459.550000	-16.761426	18.735367	0.000000	
459.600000	-16.736430	18.735389	0.000000	
459.650000	-16.711437	18.735499	0.000000	
459.700000	-16.686444	18.735685	0.000000	
459.750000	-16.661454	18.735968	0.000000	
459.800000	-16.636466	18.736332	0.000000	
459.850000	-16.611478	18.736768	0.000000	
459.900000	-16.586491	18.737276	0.000000	
459.950000	-16.561505	18.737866	0.000000	
460.000000	-16.536519	18.738513	0.000000	
460.050000	-16.511533	18.739197	0.000000	
460.100000	-16.486547	18.739922	0.000000	
460.150000	-16.461563	18.740676	0.000000	
460.200000	-16.436578	18.741433	0.000000	
460.250000	-16.411593	18.742213	0.000000	
460.300000	-16.386609	18.743027	0.000000	
460.350000	-16.361626	18.743884	0.000000	
460.400000	-16.336644	18.744761	0.000000	
460.450000	-16.311661	18.745638	0.000000	
460.500000	-16.286679	18.746535	0.000000	
460.550000	-16.261697	18.747430	0.000000	
460.600000	-16.236714	18.748290	0.000000	
460.650000	-16.211730	18.749121	0.000000	
460.700000	-16.186744	18.749901	0.000000	
460.750000	-16.161757	18.750630	0.000000	
460.800000	-16.136768	18.751274	0.000000	
460.850000	-16.111777	18.751842	0.000000	
460.900000	-16.086785	18.752329	0.000000	
460.950000	-16.061793	18.752727	0.000000	
461.000000	-16.036801	18.753028	0.000000	
461.050000	-16.011810	18.753240	0.000000	
461.100000	-15.986820	18.753359	0.000000	
461.150000	-15.961832	18.753374	0.000000	
461.200000	-15.936844	18.753304	0.000000	
461.250000	-15.911857	18.753178	0.000000	
461.300000	-15.886869	18.752984	0.000000	
461.350000	-15.861882	18.752718	0.000000	
461.400000	-15.836895	18.752374	0.000000	
461.450000	-15.811907	18.751957	0.000000	
461.500000	-15.786920	18.751478	0.000000	
461.550000	-15.761932	18.750928	0.000000	
461.600000	-15.736945	18.750319	0.000000	
461.650000	-15.711958	18.749669	0.000000	
461.700000	-15.686971	18.748969	0.000000	
461.750000	-15.661985	18.748237	0.000000	
461.800000	-15.636999	18.747464	0.000000	
461.850000	-15.612013	18.746673	0.000000	
461.900000	-15.587027	18.745860	0.000000	
461.950000	-15.562042	18.745049	0.000000	
462.000000	-15.537056	18.744252	0.000000	
462.050000	-15.512069	18.743481	0.000000	
462.100000	-15.487081	18.742728	0.000000	
462.150000	-15.462093	18.742001	0.000000	
462.200000	-15.437103	18.741312	0.000000	
462.250000	-15.412112	18.740654	0.000000	
462.300000	-15.387120	18.740005	0.000000	
462.350000	-15.362129	18.739385	0.000000	
462.400000	-15.337136	18.738775	0.000000	
462.450000	-15.312144	18.738183	0.000000	
462.500000	-15.287151	18.737628	0.000000	
462.550000	-15.262157	18.737096	0.000000	
462.600000	-15.237163	18.736580	0.000000	
462.650000	-15.212169	18.736090	0.000000	
462.700000	-15.187175	18.735611	0.000000	
462.750000	-15.162180	18.735135	0.000000	
462.800000	-15.137185	18.734663	0.000000	
462.850000	-15.112191	18.734198	0.000000	
462.900000	-15.087196	18.733737	0.000000	
462.950000	-15.062201	18.733271	0.000000	
463.000000	-15.037208	18.732763	0.000000	
463.050000	-15.012219	18.732172	0.000000	
463.100000	-14.987240	18.731462	0.000000	
463.150000	-14.962276	18.730589	0.000000	
463.200000	-14.937339	18.729503	0.000000	
463.250000	-14.912439	18.728147	0.000000	
463.300000	-14.887589	18.726471	0.000000	
463.350000	-14.862806	18.724424	0.000000	
463.400000	-14.838108	18.721947	0.000000	
463.450000	-14.813511	18.719018	0.000000	
463.500000	-14.789035	18.715581	0.000000	
463.550000	-14.764693	18.711595	0.000000	
463.600000	-14.740491	18.707055	0.000000	
463.650000	-14.716433	18.701966	0.000000	
463.700000	-14.692532	18.696294	0.000000	
463.750000	-14.668790	18.690048	0.000000	
463.800000	-14.645209	18.683235	0.000000	
463.850000	-14.621794	18.675827	0.000000	
463.900000	-14.598554	18.667822	0.000000	
463.950000	-14.575482	18.659231	0.000000	
464.000000	-14.552572	18.650080	0.000000	
464.050000	-14.529825	18.640391	0.000000	
464.100000	-14.507235	18.630212	0.000000	
464.150000	-14.484804	18.619570	0.000000	
464.200000	-14.462529	18.608506	0.000000	
464.250000	-14.440393	18.597090	0.000000	
464.300000	-14.418392	18.585353	0.000000	
464.350000	-14.396513	18.573342	0.000000	
464.400000	-14.374746	18.561098	0.000000	
464.450000	-14.353064	18.548681	0.000000	
464.500000	-14.331449	18.536134	0.000000	
464.550000	-14.309876	18.523510	0.000000	
464.600000	-14.288332	18.510833	0.000000	
464.650000	-14.266814	18.498110	0.000000	
464.700000	-14.245308	18.485365	0.000000	
464.750000	-14.223808	18.472609	0.000000	
464.800000	-14.202313	18.459846	0.000000	
464.850000	-14.180815	18.447087	0.000000	
464.900000	-14.159301	18.434356	0.000000	
464.950000	-14.137766	18.421662	0.000000	
465.000000	-14.116219	18.408986	0.000000	
465.050000	-14.094675	18.396306	0.000000	
465.100000	-14.073130	18.383629	0.000000	
465.150000	-14.051582	18.370955	0.000000	
465.200000	-14.030025	18.358298	0.000000	
465.250000	-14.008446	18.345678	0.000000	
465.300000	-13.986854	18.333081	0.000000	
465.350000	-13.965237	18.320527	0.000000	
465.400000	-13.943598	18.308012	0.000000	
465.450000	-13.921936	18.295533	0.000000	
465.500000	-13.900264	18.283073	0.000000	
465.550000	-13.878580	18.270633	0.000000	
465.600000	-13.856891	18.258201	0.000000	
465.650000	-13.835192	18.245787	0.000000	
465.700000	-13.813488	18.233381	0.000000	
465.750000	-13.791786	18.220973	0.000000	
465.800000	-13.770085	18.208562	0.000000	
465.850000	-13.748377	18.196163	0.000000	
465.900000	-13.726673	18.183757	0.000000	
465.950000	-13.704987	18.171322	0.000000	
466.000000	-13.683311	18.158867	0.000000	
466.050000	-13.661640	18.146404	0.000000	
466.100000	-13.639969	18.133941	0.000000	
466.150000	-13.618298	18.121479	0.000000	
466.200000	-13.596631	18.109009	0.000000	
466.250000	-13.574969	18.096531	0.000000	
466.300000	-13.553324	18.084023	0.000000	
466.350000	-13.531693	18.071493	0.000000	
466.400000	-13.510087	18.058917	0.000000	
466.450000	-13.488499	18.046311	0.000000	
466.500000	-13.466921	18.033687	0.000000	
466.550000	-13.445356	18.021043	0.000000	
466.600000	-13.423805	18.008373	0.000000	
466.650000	-13.402274	17.995669	0.000000	
466.700000	-13.380765	17.982929	0.000000	
466.750000	-13.359272	17.970162	0.000000	
466.800000	-13.337805	17.957352	0.000000	
466.850000	-13.316351	17.944520	0.000000	
466.900000	-13.294927	17.931640	0.000000	
466.950000	-13.273537	17.918703	0.000000	
467.000000	-13.252179	17.905716	0.000000	
467.050000	-13.230863	17.892662	0.000000	
467.100000	-13.209596	17.879532	0.000000	
467.150000	-13.188379	17.866325	0.000000	
467.200000	-13.167212	17.853037	0.000000	
467.250000	-13.146098	17.839669	0.000000	
467.300000	-13.125038	17.826217	0.000000	
467.350000	-13.104026	17.812690	0.000000	
467.400000	-13.083063	17.799087	0.000000	
467.450000	-13.062142	17.785421	0.000000	
467.500000	-13.041262	17.771690	0.000000	
467.550000	-13.020413	17.757910	0.000000	
467.600000	-12.999595	17.744080	0.000000	
467.650000	-12.978803	17.730211	0.000000	
467.700000	-12.958028	17.716314	0.000000	
467.750000	-12.937267	17.702396	0.000000	
467.800000	-12.916513	17.688465	0.000000	
467.850000	-12.895753	17.674544	0.000000	
467.900000	-12.874993	17.660625	0.000000	
467.950000	-12.854216	17.646731	0.000000	
468.000000	-12.833418	17.632871	0.000000	
468.050000	-12.812592	17.619055	0.000000	
468.100000	-12.791726	17.605301	0.000000	
468.150000	-12.770826	17.591600	0.000000	
468.200000	-12.749878	17.577974	0.000000	
468.250000	-12.728879	17.564427	0.000000	
468.300000	-12.707820	17.550974	0.000000	
468.350000	-12.686700	17.537617	0.000000	
468.400000	-12.665525	17.524346	0.000000	
468.450000	-12.644295	17.511162	0.000000	
468.500000	-12.623008	17.498067	0.000000	
468.550000	-12.601676	17.485044	0.000000	
468.600000	-12.580298	17.472095	0.000000	
468.650000	-12.558880	17.459210	0.000000	
468.700000	-12.537436	17.446365	0.000000	
468.750000	-12.515963	17.433569	0.000000	
468.800000	-12.494463	17.420814	0.000000	
468.850000	-12.472949	17.408084	0.000000	
468.900000	-12.451434	17.395356	0.000000	
468.950000	-12.429920	17.382626	0.000000	
469.000000	-12.408412	17.369885	0.000000	
469.050000	-12.386900	17.357152	0.000000	
469.100000	-12.365390	17.344414	0.000000	
469.150000	-12.343889	17.331662	0.000000	
469.200000	-12.322398	17.318894	0.000000	
469.250000	-12.300932	17.306087	0.000000	
469.300000	-12.279500	17.293223	0.000000	
469.350000	-12.258108	17.280295	0.000000	
469.400000	-12.236755	17.267304	0.000000	
469.450000	-12.215440	17.254252	0.000000	
469.500000	-12.194166	17.241133	0.000000	
469.550000	-12.172931	17.227951	0.000000	
469.600000	-12.151729	17.214716	0.000000	
469.650000	-12.130560	17.201426	0.000000	
469.700000	-12.109408	17.188108	0.000000	
469.750000	-12.088267	17.174773	0.000000	
469.800000	-12.067147	17.161403	0.000000	
469.850000	-12.046058	17.147982	0.000000	
469.900000	-12.024984	17.134538	0.000000	
469.950000	-12.003920	17.121078	0.000000	
470.000000	-11.982863	17.107606	0.000000	
470.050000	-11.961815	17.094120	0.000000	
470.100000	-11.940783	17.080609	0.000000	
470.150000	-11.919756	17.067088	0.000000	
470.200000	-11.898735	17.053558	0.000000	
470.250000	-11.877721	17.040018	0.000000	
470.300000	-11.856700	17.026488	0.000000	
470.350000	-11.835667	17.012977	0.000000	
470.400000	-11.814633	16.999467	0.000000	
470.450000	-11.793607	16.985945	0.000000	
470.500000	-11.772591	16.972410	0.000000	
470.550000	-11.751594	16.958846	0.000000	
470.600000	-11.730606	16.945268	0.000000	
470.650000	-11.709641	16.931656	0.000000	
470.700000	-11.688710	16.917994	0.000000	
470.750000	-11.667827	16.904262	0.000000	
470.800000	-11.646983	16.890470	0.000000	
470.850000	-11.626173	16.876629	0.000000	
470.900000	-11.605380	16.862761	0.000000	
470.950000	-11.584607	16.848863	0.000000	
471.000000	-11.563849	16.834942	0.000000	
471.050000	-11.543104	16.821002	0.000000	
471.100000	-11.522362	16.807058	0.000000	
471.150000	-11.501622	16.793108	0.000000	
471.200000	-11.480886	16.779153	0.000000	
471.250000	-11.460153	16.765194	0.000000	
471.300000	-11.439414	16.751244	0.000000	
471.350000	-11.418678	16.737289	0.000000	
471.400000	-11.397958	16.723309	0.000000	
471.450000	-11.377261	16.709296	0.000000	
471.500000	-11.356600	16.695232	0.000000	
471.550000	-11.335992	16.681098	0.000000	
471.600000	-11.315463	16.666863	0.000000	
471.650000	-11.295047	16.652487	0.000000	
471.700000	-11.274768	16.637950	0.000000	
471.750000	-11.254650	16.623230	0.000000	
471.800000	-11.234718	16.608308	0.000000	
471.850000	-11.215012	16.593147	0.000000	
471.900000	-11.195557	16.577727	0.000000	
471.950000	-11.176394	16.562012	0.000000	
472.000000	-11.157562	16.545970	0.000000	
472.050000	-11.139091	16.529579	0.000000	
472.100000	-11.121001	16.512824	0.000000	
472.150000	-11.103322	16.495679	0.000000	
472.200000	-11.086071	16.478134	0.000000	
472.250000	-11.069279	16.460169	0.000000	
472.300000	-11.052948	16.441782	0.000000	
472.350000	-11.037092	16.422967	0.000000	
472.400000	-11.021705	16.403729	0.000000	
472.450000	-11.006767	16.384095	0.000000	
472.500000	-10.992276	16.364079	0.000000	
472.550000	-10.978206	16.343712	0.000000	
472.600000	-10.964536	16.323025	0.000000	
472.650000	-10.951229	16.302059	0.000000	
472.700000	-10.938251	16.280846	0.000000	
472.750000	-10.925557	16.259426	0.000000	
472.800000	-10.913117	16.237826	0.000000	
472.850000	-10.900910	16.216069	0.000000	
472.900000	-10.888912	16.194177	0.000000	
472.950000	-10.877097	16.172172	0.000000	
473.000000	-10.865434	16.150076	0.000000	
473.050000	-10.853885	16.127914	0.000000	
473.100000	-10.842418	16.105704	0.000000	
473.150000	-10.831026	16.083453	0.000000	
473.200000	-10.819683	16.061176	0.000000	
473.250000	-10.808382	16.038877	0.000000	
473.300000	-10.797103	16.016566	0.000000	
473.350000	-10.785832	15.994252	0.000000	
473.400000	-10.774551	15.971943	0.000000	
473.450000	-10.763246	15.949646	0.000000	
473.500000	-10.751923	15.927358	0.000000	
473.550000	-10.740574	15.905084	0.000000	
473.600000	-10.729218	15.882813	0.000000	
473.650000	-10.717853	15.860547	0.000000	
473.700000	-10.706492	15.838278	0.000000	
473.750000	-10.695141	15.816005	0.000000	
473.800000	-10.683800	15.793726	0.000000	
473.850000	-10.672457	15.771449	0.000000	
473.900000	-10.661104	15.749176	0.000000	
473.950000	-10.649726	15.726917	0.000000	
474.000000	-10.638312	15.704677	0.000000	
474.050000	-10.626844	15.682465	0.000000	
474.100000	-10.615322	15.660283	0.000000	
474.150000	-10.603763	15.638120	0.000000	
474.200000	-10.592173	15.615975	0.000000	
474.250000	-10.580564	15.593838	0.000000	
474.300000	-10.568935	15.571713	0.000000	
474.350000	-10.557283	15.549598	0.000000	
474.400000	-10.545632	15.527484	0.000000	
474.450000	-10.533986	15.505367	0.000000	
474.500000	-10.522352	15.483243	0.000000	
474.550000	-10.510746	15.461105	0.000000	
474.600000	-10.499174	15.438950	0.000000	
474.650000	-10.487635	15.416779	0.000000	
474.700000	-10.476128	15.394593	0.000000	
474.750000	-10.464641	15.372396	0.000000	
474.800000	-10.453167	15.350193	0.000000	
474.850000	-10.441708	15.327984	0.000000	
474.900000	-10.430286	15.305755	0.000000	
474.950000	-10.418903	15.283506	0.000000	
475.000000	-10.407580	15.261228	0.000000	
475.050000	-10.396330	15.238913	0.000000	
475.100000	-10.385159	15.216557	0.000000	
475.150000	-10.374093	15.194146	0.000000	
475.200000	-10.363124	15.171687	0.000000	
475.250000	-10.352236	15.149188	0.000000	
475.300000	-10.341430	15.126649	0.000000	
475.350000	-10.330703	15.104073	0.000000	
475.400000	-10.320060	15.081457	0.000000	
475.450000	-10.309470	15.058816	0.000000	
475.500000	-10.298923	15.036154	0.000000	
475.550000	-10.288433	15.013465	0.000000	
475.600000	-10.277980	14.990758	0.000000	
475.650000	-10.267535	14.968048	0.000000	
475.700000	-10.257099	14.945333	0.000000	
475.750000	-10.246662	14.922619	0.000000	
475.800000	-10.236226	14.899904	0.000000	
475.850000	-10.225816	14.877178	0.000000	
475.900000	-10.215437	14.854436	0.000000	
475.950000	-10.205069	14.831689	0.000000	
476.000000	-10.194710	14.808938	0.000000	
476.050000	-10.184348	14.786188	0.000000	
476.100000	-10.173999	14.763433	0.000000	
476.150000	-10.163670	14.740668	0.000000	
476.200000	-10.153345	14.717901	0.000000	
476.250000	-10.143021	14.695134	0.000000	
476.300000	-10.132694	14.672368	0.000000	
476.350000	-10.122351	14.649610	0.000000	
476.400000	-10.111990	14.626859	0.000000	
476.450000	-10.101609	14.604117	0.000000	
476.500000	-10.091207	14.581385	0.000000	
476.550000	-10.080784	14.558662	0.000000	
476.600000	-10.070325	14.535956	0.000000	
476.650000	-10.059838	14.513264	0.000000	
476.700000	-10.049344	14.490574	0.000000	
476.750000	-10.038843	14.467888	0.000000	
476.800000	-10.028348	14.445199	0.000000	
476.850000	-10.017852	14.422511	0.000000	
476.900000	-10.007329	14.399835	0.000000	
476.950000	-9.996781	14.377171	0.000000	
477.000000	-9.986219	14.354514	0.000000	
477.050000	-9.975654	14.331858	0.000000	
477.100000	-9.965074	14.309210	0.000000	
477.150000	-9.954454	14.286580	0.000000	
477.200000	-9.943798	14.263967	0.000000	
477.250000	-9.933115	14.241366	0.000000	
477.300000	-9.922417	14.218773	0.000000	
477.350000	-9.911693	14.196191	0.000000	
477.400000	-9.900940	14.173624	0.000000	
477.450000	-9.890160	14.151069	0.000000	
477.500000	-9.879344	14.128530	0.000000	
477.550000	-9.868495	14.106008	0.000000	
477.600000	-9.857632	14.083492	0.000000	
477.650000	-9.846751	14.060986	0.000000	
477.700000	-9.835868	14.038480	0.000000	
477.750000	-9.824980	14.015977	0.000000	
477.800000	-9.814083	13.993478	0.000000	
477.850000	-9.803173	13.970985	0.000000	
477.900000	-9.792242	13.948502	0.000000	
477.950000	-9.781302	13.926024	0.000000	
478.000000	-9.770341	13.903556	0.000000	
478.050000	-9.759359	13.881099	0.000000	
478.100000	-9.748351	13.858655	0.000000	
478.150000	-9.737335	13.836214	0.000000	
478.200000	-9.726306	13.813780	0.000000	
478.250000	-9.715270	13.791348	0.000000	
478.300000	-9.704222	13.768924	0.000000	
478.350000	-9.693140	13.746515	0.000000	
478.400000	-9.682042	13.724114	0.000000	
478.450000	-9.670935	13.701718	0.000000	
478.500000	-9.659804	13.679334	0.000000	
478.550000	-9.648647	13.656962	0.000000	
478.600000	-9.637490	13.634591	0.000000	
478.650000	-9.626338	13.612217	0.000000	
478.700000	-9.615187	13.589843	0.000000	
478.750000	-9.604025	13.567474	0.000000	
478.800000	-9.592835	13.545119	0.000000	
478.850000	-9.581612	13.522781	0.000000	
478.900000	-9.570359	13.500458	0.000000	
478.950000	-9.559073	13.478151	0.000000	
479.000000	-9.547768	13.455853	0.000000	
479.050000	-9.536469	13.433554	0.000000	
479.100000	-9.525174	13.411251	0.000000	
479.150000	-9.513886	13.388945	0.000000	
479.200000	-9.502586	13.366646	0.000000	
479.250000	-9.491295	13.344342	0.000000	
479.300000	-9.479995	13.322042	0.000000	
479.350000	-9.468681	13.299749	0.000000	
479.400000	-9.457357	13.277462	0.000000	
479.450000	-9.446027	13.255177	0.000000	
479.500000	-9.434705	13.232888	0.000000	
479.550000	-9.423412	13.210586	0.000000	
479.600000	-9.412165	13.188261	0.000000	
479.650000	-9.400942	13.165923	0.000000	
479.700000	-9.389743	13.143575	0.000000	
479.750000	-9.378566	13.121215	0.000000	
479.800000	-9.367394	13.098853	0.000000	
479.850000	-9.356234	13.076485	0.000000	
479.900000	-9.345075	13.054117	0.000000	
479.950000	-9.333917	13.031748	0.000000	
480.000000	-9.322768	13.009374	0.000000	
480.050000	-9.311604	12.987008	0.000000	
480.100000	-9.300425	12.964649	0.000000	
480.150000	-9.289229	12.942300	0.000000	
480.200000	-9.278020	12.919957	0.000000	
480.250000	-9.266817	12.897611	0.000000	
480.300000	-9.255604	12.875270	0.000000	
480.350000	-9.244375	12.852937	0.000000	
480.400000	-9.233124	12.830616	0.000000	
480.450000	-9.221861	12.808302	0.000000	
480.500000	-9.210574	12.785999	0.000000	
480.550000	-9.199259	12.763711	0.000000	
480.600000	-9.187919	12.741435	0.000000	
480.650000	-9.176575	12.719161	0.000000	
480.700000	-9.165277	12.696867	0.000000	
480.750000	-9.154039	12.674546	0.000000	
480.800000	-9.142911	12.652179	0.000000	
480.850000	-9.131944	12.629747	0.000000	
480.900000	-9.121181	12.607234	0.000000	
480.950000	-9.110683	12.584622	0.000000	
481.000000	-9.100495	12.561903	0.000000	
481.050000	-9.090692	12.539061	0.000000	
481.100000	-9.081343	12.516083	0.000000	
481.150000	-9.072487	12.492971	0.000000	
481.200000	-9.064189	12.469721	0.000000	
481.250000	-9.056488	12.446343	0.000000	
481.300000	-9.049411	12.422842	0.000000	
481.350000	-9.043006	12.399220	0.000000	
481.400000	-9.037319	12.375471	0.000000	
481.450000	-9.032390	12.351595	0.000000	
481.500000	-9.028213	12.327598	0.000000	
481.550000	-9.024814	12.303479	0.000000	
481.600000	-9.022173	12.279243	0.000000	
481.650000	-9.020272	12.254898	0.000000	
481.700000	-9.019069	12.230454	0.000000	
481.750000	-9.018517	12.205932	0.000000	
481.800000	-9.018606	12.181340	0.000000	
481.850000	-9.019297	12.156694	0.000000	
481.900000	-9.020546	12.132004	0.000000	
481.950000	-9.022332	12.107285	0.000000	
482.000000	-9.024612	12.082552	0.000000	
482.050000	-9.027337	12.057815	0.000000	
482.100000	-9.030446	12.033087	0.000000	
482.150000	-9.033881	12.008375	0.000000	
482.200000	-9.037609	11.983685	0.000000	
482.250000	-9.041580	11.959020	0.000000	
482.300000	-9.045726	11.934376	0.000000	
482.350000	-9.049996	11.909749	0.000000	
482.400000	-9.054334	11.885131	0.000000	
482.450000	-9.058707	11.860519	0.000000	
482.500000	-9.063076	11.835906	0.000000	
482.550000	-9.067441	11.811292	0.000000	
482.600000	-9.071787	11.786675	0.000000	
482.650000	-9.076136	11.762058	0.000000	
482.700000	-9.080489	11.737443	0.000000	
482.750000	-9.084868	11.712831	0.000000	
482.800000	-9.089272	11.688224	0.000000	
482.850000	-9.093685	11.663619	0.000000	
482.900000	-9.098125	11.639018	0.000000	
482.950000	-9.102603	11.614424	0.000000	
483.000000	-9.107094	11.589833	0.000000	
483.050000	-9.111579	11.565240	0.000000	
483.100000	-9.116043	11.540644	0.000000	
483.150000	-9.120476	11.516042	0.000000	
483.200000	-9.124866	11.491433	0.000000	
483.250000	-9.129216	11.466817	0.000000	
483.300000	-9.133505	11.442189	0.000000	
483.350000	-9.137750	11.417554	0.000000	
483.400000	-9.141948	11.392911	0.000000	
483.450000	-9.146126	11.368265	0.000000	
483.500000	-9.150285	11.343616	0.000000	
483.550000	-9.154449	11.318967	0.000000	
483.600000	-9.158613	11.294319	0.000000	
483.650000	-9.162767	11.269669	0.000000	
483.700000	-9.166889	11.245013	0.000000	
483.750000	-9.170988	11.220354	0.000000	
483.800000	-9.175059	11.195690	0.000000	
483.850000	-9.179093	11.171020	0.000000	
483.900000	-9.183100	11.146345	0.000000	
483.950000	-9.187076	11.121665	0.000000	
484.000000	-9.191021	11.096980	0.000000	
484.050000	-9.194952	11.072291	0.000000	
484.100000	-9.198891	11.047604	0.000000	
484.150000	-9.202863	11.022924	0.000000	
484.200000	-9.206876	10.998250	0.000000	
484.250000	-9.210953	10.973588	0.000000	
484.300000	-9.215079	10.948935	0.000000	
484.350000	-9.219264	10.924292	0.000000	
484.400000	-9.223503	10.899660	0.000000	
484.450000	-9.227805	10.875038	0.000000	
484.500000	-9.232165	10.850427	0.000000	
484.550000	-9.236569	10.825823	0.000000	
484.600000	-9.241008	10.801226	0.000000	
484.650000	-9.245490	10.776636	0.000000	
484.700000	-9.250010	10.752053	0.000000	
484.750000	-9.254592	10.727481	0.000000	
484.800000	-9.259212	10.702916	0.000000	
484.850000	-9.263864	10.678356	0.000000	
484.900000	-9.268546	10.653801	0.000000	
484.950000	-9.273250	10.629250	0.000000	
485.000000	-9.277974	10.604702	0.000000	
485.050000	-9.282723	10.580159	0.000000	
485.100000	-9.287484	10.555617	0.000000	
485.150000	-9.292241	10.531075	0.000000	
485.200000	-9.297001	10.506534	0.000000	
485.250000	-9.301770	10.481994	0.000000	
485.300000	-9.306545	10.457456	0.000000	
485.350000	-9.311311	10.432916	0.000000	
485.400000	-9.316073	10.408375	0.000000	
485.450000	-9.320828	10.383833	0.000000	
485.500000	-9.325563	10.359286	0.000000	
485.550000	-9.330266	10.334734	0.000000	
485.600000	-9.334953	10.310179	0.000000	
485.650000	-9.339633	10.285622	0.000000	
485.700000	-9.344294	10.261062	0.000000	
485.750000	-9.348957	10.236502	0.000000	
485.800000	-9.353601	10.211939	0.000000	
485.850000	-9.358239	10.187374	0.000000	
485.900000	-9.362876	10.162809	0.000000	
485.950000	-9.367510	10.138244	0.000000	
486.000000	-9.372140	10.113678	0.000000	
486.050000	-9.376758	10.089110	0.000000	
486.100000	-9.381339	10.064535	0.000000	
486.150000	-9.385898	10.039956	0.000000	
486.200000	-9.390438	10.015375	0.000000	
486.250000	-9.394946	9.990787	0.000000	
486.300000	-9.399398	9.966190	0.000000	
486.350000	-9.403779	9.941579	0.000000	
486.400000	-9.408094	9.916958	0.000000	
486.450000	-9.412333	9.892323	0.000000	
486.500000	-9.416500	9.867676	0.000000	
486.550000	-9.420603	9.843019	0.000000	
486.600000	-9.424637	9.818353	0.000000	
486.650000	-9.428602	9.793676	0.000000	
486.700000	-9.432477	9.768985	0.000000	
486.750000	-9.436256	9.744282	0.000000	
486.800000	-9.439941	9.719563	0.000000	
486.850000	-9.443527	9.694831	0.000000	
486.900000	-9.447021	9.670084	0.000000	
486.950000	-9.450425	9.645325	0.000000	
487.000000	-9.453750	9.620554	0.000000	
487.050000	-9.456998	9.595773	0.000000	
487.100000	-9.460185	9.570984	0.000000	
487.150000	-9.463328	9.546188	0.000000	
487.200000	-9.466405	9.521383	0.000000	
487.250000	-9.469411	9.496569	0.000000	
487.300000	-9.472348	9.471745	0.000000	
487.350000	-9.475214	9.446913	0.000000	
487.400000	-9.478002	9.422071	0.000000	
487.450000	-9.480734	9.397223	0.000000	
487.500000	-9.483424	9.372370	0.000000	
487.550000	-9.486084	9.347513	0.000000	
487.600000	-9.488715	9.322653	0.000000	
487.650000	-9.491349	9.297793	0.000000	
487.700000	-9.493984	9.272933	0.000000	
487.750000	-9.496647	9.248077	0.000000	
487.800000	-9.499335	9.223223	0.000000	
487.850000	-9.502044	9.198372	0.000000	
487.900000	-9.504785	9.173525	0.000000	
487.950000	-9.507559	9.148682	0.000000	
488.000000	-9.510345	9.123840	0.000000	
488.050000	-9.513142	9.098999	0.000000	
488.100000	-9.515937	9.074158	0.000000	
488.150000	-9.518700	9.049314	0.000000	
488.200000	-9.521431	9.024466	0.000000	
488.250000	-9.524163	8.999619	0.000000	
488.300000	-9.526894	8.974771	0.000000	
488.350000	-9.529605	8.949921	0.000000	
488.400000	-9.532307	8.925071	0.000000	
488.450000	-9.535033	8.900223	0.000000	
488.500000	-9.537773	8.875376	0.000000	
488.550000	-9.540518	8.850529	0.000000	
488.600000	-9.543239	8.825681	0.000000	
488.650000	-9.545956	8.800832	0.000000	
488.700000	-9.548653	8.775980	0.000000	
488.750000	-9.551337	8.751127	0.000000	
488.800000	-9.553987	8.726271	0.000000	
488.850000	-9.556614	8.701411	0.000000	
488.900000	-9.559198	8.676547	0.000000	
488.950000	-9.561747	8.651679	0.000000	
489.000000	-9.564261	8.626806	0.000000	
489.050000	-9.566753	8.601931	0.000000	
489.100000	-9.569225	8.577054	0.000000	
489.150000	-9.571703	8.552178	0.000000	
489.200000	-9.574205	8.527304	0.000000	
489.250000	-9.576745	8.502434	0.000000	
489.300000	-9.579302	8.477566	0.000000	
489.350000	-9.581887	8.452701	0.000000	
489.400000	-9.584516	8.427841	0.000000	
489.450000	-9.587182	8.402985	0.000000	
489.500000	-9.589854	8.378130	0.000000	
489.550000	-9.592518	8.353273	0.000000	
489.600000	-9.595166	8.328416	0.000000	
489.650000	-9.597815	8.303558	0.000000	
489.700000	-9.600438	8.278698	0.000000	
489.750000	-9.603038	8.253836	0.000000	
489.800000	-9.605617	8.228971	0.000000	
489.850000	-9.608165	8.204104	0.000000	
489.900000	-9.610674	8.179234	0.000000	
489.950000	-9.613157	8.154361	0.000000	
490.000000	-9.615603	8.129486	0.000000	
490.050000	-9.618000	8.104606	0.000000	
490.100000	-9.620344	8.079722	0.000000	
490.150000	-9.622628	8.054834	0.000000	
490.200000	-9.624850	8.029941	0.000000	
490.250000	-9.627014	8.005042	0.000000	
490.300000	-9.629096	7.980137	0.000000	
490.350000	-9.631109	7.955225	0.000000	
490.400000	-9.633060	7.930307	0.000000	
490.450000	-9.634977	7.905385	0.000000	
490.500000	-9.636921	7.880466	0.000000	
490.550000	-9.638946	7.855560	0.000000	
490.600000	-9.641114	7.830676	0.000000	
490.650000	-9.643496	7.805832	0.000000	
490.700000	-9.646125	7.781037	0.000000	
490.750000	-9.649084	7.756316	0.000000	
490.800000	-9.652405	7.731682	0.000000	
490.850000	-9.656113	7.707151	0.000000	
490.900000	-9.660281	7.682752	0.000000	
490.950000	-9.664963	7.658510	0.000000	
491.000000	-9.670194	7.634449	0.000000	
491.050000	-9.676022	7.610598	0.000000	
491.100000	-9.682497	7.586987	0.000000	
491.150000	-9.689656	7.563641	0.000000	
491.200000	-9.697528	7.540575	0.000000	
491.250000	-9.706141	7.517820	0.000000	
491.300000	-9.715506	7.495395	0.000000	
491.350000	-9.725633	7.473303	0.000000	
491.400000	-9.736528	7.451559	0.000000	
491.450000	-9.748185	7.430166	0.000000	
491.500000	-9.760560	7.409112	0.000000	
491.550000	-9.773617	7.388400	0.000000	
491.600000	-9.787317	7.368029	0.000000	
491.650000	-9.801599	7.347980	0.000000	
491.700000	-9.816414	7.328248	0.000000	
491.750000	-9.831734	7.308831	0.000000	
491.800000	-9.847505	7.289716	0.000000	
491.850000	-9.863692	7.270891	0.000000	
491.900000	-9.880257	7.252339	0.000000	
491.950000	-9.897135	7.234024	0.000000	
492.000000	-9.914284	7.215924	0.000000	
492.050000	-9.931659	7.198008	0.000000	
492.100000	-9.949212	7.180246	0.000000	
492.150000	-9.966907	7.162610	0.000000	
492.200000	-9.984711	7.145074	0.000000	
492.250000	-10.002605	7.127622	0.000000	
492.300000	-10.020553	7.110223	0.000000	
492.350000	-10.038538	7.092862	0.000000	
492.400000	-10.056549	7.075526	0.000000	
492.450000	-10.074564	7.058195	0.000000	
492.500000	-10.092586	7.040871	0.000000	
492.550000	-10.110615	7.023553	0.000000	
492.600000	-10.128649	7.006241	0.000000	
492.650000	-10.146687	6.988933	0.000000	
492.700000	-10.164739	6.971640	0.000000	
492.750000	-10.182792	6.954346	0.000000	
492.800000	-10.200842	6.937050	0.000000	
492.850000	-10.218879	6.919741	0.000000	
492.900000	-10.236904	6.902419	0.000000	
492.950000	-10.254918	6.885085	0.000000	
493.000000	-10.272922	6.867740	0.000000	
493.050000	-10.290907	6.850376	0.000000	
493.100000	-10.308881	6.833000	0.000000	
493.150000	-10.326834	6.815603	0.000000	
493.200000	-10.344751	6.798170	0.000000	
493.250000	-10.362631	6.780700	0.000000	
493.300000	-10.380479	6.763198	0.000000	
493.350000	-10.398297	6.745665	0.000000	
493.400000	-10.416086	6.728104	0.000000	
493.450000	-10.433843	6.710511	0.000000	
493.500000	-10.451576	6.692893	0.000000	
493.550000	-10.469291	6.675258	0.000000	
493.600000	-10.486987	6.657604	0.000000	
493.650000	-10.504663	6.639930	0.000000	
493.700000	-10.522308	6.622225	0.000000	
493.750000	-10.539918	6.604486	0.000000	
493.800000	-10.557486	6.586704	0.000000	
493.850000	-10.574995	6.568866	0.000000	
493.900000	-10.592456	6.550980	0.000000	
493.950000	-10.609877	6.533055	0.000000	
494.000000	-10.627264	6.515095	0.000000	
494.050000	-10.644628	6.497112	0.000000	
494.100000	-10.661972	6.479109	0.000000	
494.150000	-10.679288	6.461078	0.000000	
494.200000	-10.696592	6.443036	0.000000	
494.250000	-10.713901	6.424999	0.000000	
494.300000	-10.731215	6.406967	0.000000	
494.350000	-10.748517	6.388923	0.000000	
494.400000	-10.765796	6.370858	0.000000	
494.450000	-10.783052	6.352770	0.000000	
494.500000	-10.800286	6.334661	0.000000	
494.550000	-10.817508	6.316542	0.000000	
494.600000	-10.834709	6.298403	0.000000	
494.650000	-10.851909	6.280263	0.000000	
494.700000	-10.869098	6.262112	0.000000	
494.750000	-10.886280	6.243954	0.000000	
494.800000	-10.903444	6.225779	0.000000	
494.850000	-10.920608	6.207604	0.000000	
494.900000	-10.937787	6.189443	0.000000	
494.950000	-10.954981	6.171296	0.000000	
495.000000	-10.972176	6.153150	0.000000	
495.050000	-10.989378	6.135012	0.000000	
495.100000	-11.006593	6.116886	0.000000	
495.150000	-11.023823	6.098775	0.000000	
495.200000	-11.041069	6.080679	0.000000	
495.250000	-11.058332	6.062600	0.000000	
495.300000	-11.075597	6.044524	0.000000	
495.350000	-11.092867	6.026451	0.000000	
495.400000	-11.110140	6.008382	0.000000	
495.450000	-11.127425	5.990324	0.000000	
495.500000	-11.144703	5.972260	0.000000	
495.550000	-11.161982	5.954196	0.000000	
495.600000	-11.179258	5.936129	0.000000	
495.650000	-11.196541	5.918070	0.000000	
495.700000	-11.213822	5.900008	0.000000	
495.750000	-11.231107	5.881950	0.000000	
495.800000	-11.248393	5.863893	0.000000	
495.850000	-11.265690	5.845846	0.000000	
495.900000	-11.282996	5.827808	0.000000	
495.950000	-11.300303	5.809771	0.000000	
496.000000	-11.317591	5.791715	0.000000	
496.050000	-11.334849	5.773633	0.000000	
496.100000	-11.352056	5.755503	0.000000	
496.150000	-11.369212	5.737324	0.000000	
496.200000	-11.386318	5.719098	0.000000	
496.250000	-11.403376	5.700827	0.000000	
496.300000	-11.420376	5.682502	0.000000	
496.350000	-11.437344	5.664146	0.000000	
496.400000	-11.454273	5.645754	0.000000	
496.450000	-11.471173	5.627336	0.000000	
496.500000	-11.488048	5.608894	0.000000	
496.550000	-11.504904	5.590436	0.000000	
496.600000	-11.521730	5.571951	0.000000	
496.650000	-11.538519	5.553434	0.000000	
496.700000	-11.555263	5.534875	0.000000	
496.750000	-11.571974	5.516287	0.000000	
496.800000	-11.588638	5.497655	0.000000	
496.850000	-11.605267	5.478991	0.000000	
496.900000	-11.621854	5.460290	0.000000	
496.950000	-11.638392	5.441544	0.000000	
497.000000	-11.654880	5.422754	0.000000	
497.050000	-11.671330	5.403931	0.000000	
497.100000	-11.687769	5.385097	0.000000	
497.150000	-11.704210	5.366266	0.000000	
497.200000	-11.720632	5.347418	0.000000	
497.250000	-11.737043	5.328559	0.000000	
497.300000	-11.753454	5.309702	0.000000	
497.350000	-11.769865	5.290844	0.000000	
497.400000	-11.786260	5.271972	0.000000	
497.450000	-11.802650	5.253095	0.000000	
497.500000	-11.819046	5.234224	0.000000	
497.550000	-11.835459	5.215368	0.000000	
497.600000	-11.851888	5.196527	0.000000	
497.650000	-11.868338	5.177703	0.000000	
497.700000	-11.884801	5.158892	0.000000	
497.750000	-11.901264	5.140079	0.000000	
497.800000	-11.917719	5.121260	0.000000	
497.850000	-11.934175	5.102442	0.000000	
497.900000	-11.950638	5.083630	0.000000	
497.950000	-11.967112	5.064828	0.000000	
498.000000	-11.983607	5.046044	0.000000	
498.050000	-12.000141	5.027294	0.000000	
498.100000	-12.016705	5.008571	0.000000	
498.150000	-12.033299	4.989873	0.000000	
498.200000	-12.049918	4.971199	0.000000	
498.250000	-12.066560	4.952546	0.000000	
498.300000	-12.083218	4.933906	0.000000	
498.350000	-12.099888	4.915277	0.000000	
498.400000	-12.116561	4.896651	0.000000	
498.450000	-12.133231	4.878022	0.000000	
498.500000	-12.149900	4.859392	0.000000	
498.550000	-12.166568	4.840762	0.000000	
498.600000	-12.183239	4.822134	0.000000	
498.650000	-12.199920	4.803516	0.000000	
498.700000	-12.216610	4.784905	0.000000	
498.750000	-12.233313	4.766306	0.000000	
498.800000	-12.250036	4.747725	0.000000	
498.850000	-12.266774	4.729157	0.000000	
498.900000	-12.283524	4.710600	0.000000	
498.950000	-12.300284	4.692051	0.000000	
499.000000	-12.317059	4.673516	0.000000	
499.050000	-12.333849	4.654995	0.000000	
499.100000	-12.350641	4.636475	0.000000	
499.150000	-12.367449	4.617970	0.000000	
499.200000	-12.384271	4.599479	0.000000	
499.250000	-12.401111	4.581004	0.000000	
499.300000	-12.417982	4.562558	0.000000	
499.350000	-12.434873	4.544131	0.000000	
499.400000	-12.451794	4.525733	0.000000	
499.450000	-12.468758	4.507374	0.000000	
499.500000	-12.485783	4.489072	0.000000	
499.550000	-12.502857	4.470816	0.000000	
499.600000	-12.519962	4.452588	0.000000	
499.650000	-12.537096	4.434389	0.000000	
499.700000	-12.554253	4.416212	0.000000	
499.750000	-12.571450	4.398071	0.000000	
499.800000	-12.588690	4.379973	0.000000	
499.850000	-12.605974	4.361916	0.000000	
499.900000	-12.623297	4.343896	0.000000	
499.950000	-12.640678	4.325931	0.000000	
500.000000	-12.658113	4.308019	0.000000	
500.050000	-12.675619	4.290175	0.000000	
500.100000	-12.693181	4.272389	0.000000	
500.150000	-12.710811	4.254669	0.000000	
500.200000	-12.728519	4.237031	0.000000	
500.250000	-12.746328	4.219502	0.000000	
500.300000	-12.764260	4.202114	0.000000	
500.350000	-12.782333	4.184887	0.000000	
500.400000	-12.800583	4.167875	0.000000	
500.450000	-12.819017	4.151091	0.000000	
500.500000	-12.837643	4.134554	0.000000	
500.550000	-12.856467	4.118277	0.000000	
500.600000	-12.875507	4.102290	0.000000	
500.650000	-12.894789	4.086636	0.000000	
500.700000	-12.914313	4.071327	0.000000	
500.750000	-12.934101	4.056411	0.000000	
500.800000	-12.954162	4.041910	0.000000	
500.850000	-12.974503	4.027860	0.000000	
500.900000	-12.995133	4.014270	0.000000	
500.950000	-13.016058	4.001161	0.000000	
501.000000	-13.037270	3.988528	0.000000	
501.050000	-13.058764	3.976370	0.000000	
501.100000	-13.080522	3.964665	0.000000	
501.150000	-13.102553	3.953430	0.000000	
501.200000	-13.124847	3.942651	0.000000	
501.250000	-13.147382	3.932301	0.000000	
501.300000	-13.170134	3.922361	0.000000	
501.350000	-13.193077	3.912803	0.000000	
501.400000	-13.216196	3.903610	0.000000	
501.450000	-13.239459	3.894731	0.000000	
501.500000	-13.262849	3.886134	0.000000	
501.550000	-13.286354	3.877799	0.000000	
501.600000	-13.309963	3.869714	0.000000	
501.650000	-13.333664	3.861856	0.000000	
501.700000	-13.357437	3.854182	0.000000	
501.750000	-13.381268	3.846659	0.000000	
501.800000	-13.405141	3.839256	0.000000	
501.850000	-13.429048	3.831954	0.000000	
501.900000	-13.452978	3.824725	0.000000	
501.950000	-13.476932	3.817578	0.000000	
502.000000	-13.500908	3.810504	0.000000	
502.050000	-13.524899	3.803486	0.000000	
502.100000	-13.548902	3.796506	0.000000	
502.150000	-13.572921	3.789582	0.000000	
502.200000	-13.596953	3.782705	0.000000	
502.250000	-13.621001	3.775883	0.000000	
502.300000	-13.645069	3.769132	0.000000	
502.350000	-13.669150	3.762428	0.000000	
502.400000	-13.693237	3.755746	0.000000	
502.450000	-13.717326	3.749075	0.000000	
502.500000	-13.741423	3.742428	0.000000	
502.550000	-13.765527	3.735804	0.000000	
502.600000	-13.789641	3.729221	0.000000	
502.650000	-13.813768	3.722680	0.000000	
502.700000	-13.837908	3.716190	0.000000	
502.750000	-13.862061	3.709750	0.000000	
502.800000	-13.886232	3.703374	0.000000	
502.850000	-13.910414	3.697035	0.000000	
502.900000	-13.934601	3.690718	0.000000	
502.950000	-13.958794	3.684419	0.000000	
503.000000	-13.982989	3.678131	0.000000	
503.050000	-14.007181	3.671832	0.000000	
503.100000	-14.031372	3.665529	0.000000	
503.150000	-14.055566	3.659233	0.000000	
503.200000	-14.079756	3.652928	0.000000	
503.250000	-14.103945	3.646616	0.000000	
503.300000	-14.128130	3.640288	0.000000	
503.350000	-14.152309	3.633938	0.000000	
503.400000	-14.176482	3.627564	0.000000	
503.450000	-14.200651	3.621179	0.000000	
503.500000	-14.224814	3.614772	0.000000	
503.550000	-14.248974	3.608353	0.000000	
503.600000	-14.273130	3.601919	0.000000	
503.650000	-14.297272	3.595436	0.000000	
503.700000	-14.321395	3.588886	0.000000	
503.750000	-14.345502	3.582277	0.000000	
503.800000	-14.369598	3.575630	0.000000	
503.850000	-14.393687	3.568953	0.000000	
503.900000	-14.417774	3.562267	0.000000	
503.950000	-14.441862	3.555585	0.000000	
504.000000	-14.465949	3.548903	0.000000	
504.050000	-14.490034	3.542211	0.000000	
504.100000	-14.514116	3.535509	0.000000	
504.150000	-14.538199	3.528809	0.000000	
504.200000	-14.562286	3.522123	0.000000	
504.250000	-14.586380	3.515466	0.000000	
504.300000	-14.610477	3.508820	0.000000	
504.350000	-14.634577	3.502186	0.000000	
504.400000	-14.658674	3.495539	0.000000	
504.450000	-14.682773	3.488899	0.000000	
504.500000	-14.706871	3.482258	0.000000	
504.550000	-14.730976	3.475641	0.000000	
504.600000	-14.755081	3.469025	0.000000	
504.650000	-14.779194	3.462436	0.000000	
504.700000	-14.803318	3.455885	0.000000	
504.750000	-14.827458	3.449390	0.000000	
504.800000	-14.851612	3.442943	0.000000	
504.850000	-14.875775	3.436533	0.000000	
504.900000	-14.899940	3.430129	0.000000	
504.950000	-14.924103	3.423720	0.000000	
505.000000	-14.948260	3.417286	0.000000	
505.050000	-14.972412	3.410834	0.000000	
505.100000	-14.996558	3.404362	0.000000	
505.150000	-15.020701	3.397876	0.000000	
505.200000	-15.044837	3.391369	0.000000	
505.250000	-15.068970	3.384846	0.000000	
505.300000	-15.093098	3.378305	0.000000	
505.350000	-15.117225	3.371760	0.000000	
505.400000	-15.141352	3.365215	0.000000	
505.450000	-15.165482	3.358682	0.000000	
505.500000	-15.189610	3.352142	0.000000	
505.550000	-15.213743	3.345617	0.000000	
505.600000	-15.237872	3.339082	0.000000	
505.650000	-15.262002	3.332546	0.000000	
505.700000	-15.286130	3.326009	0.000000	
505.750000	-15.310264	3.319488	0.000000	
505.800000	-15.334401	3.312983	0.000000	
505.850000	-15.358541	3.306489	0.000000	
505.900000	-15.382685	3.300009	0.000000	
505.950000	-15.406834	3.293552	0.000000	
506.000000	-15.430995	3.287141	0.000000	
506.050000	-15.455168	3.280775	0.000000	
506.100000	-15.479354	3.274459	0.000000	
506.150000	-15.503555	3.268207	0.000000	
506.200000	-15.527773	3.262018	0.000000	
506.250000	-15.552009	3.255900	0.000000	
506.300000	-15.576258	3.249840	0.000000	
506.350000	-15.600517	3.243817	0.000000	
506.400000	-15.624785	3.237833	0.000000	
506.450000	-15.649065	3.231896	0.000000	
506.500000	-15.673357	3.226012	0.000000	
506.550000	-15.697663	3.220183	0.000000	
506.600000	-15.721980	3.214397	0.000000	
506.650000	-15.746311	3.208666	0.000000	
506.700000	-15.770653	3.202976	0.000000	
506.750000	-15.795000	3.197307	0.000000	
506.800000	-15.819348	3.191640	0.000000	
506.850000	-15.843695	3.185971	0.000000	
506.900000	-15.868040	3.180292	0.000000	
506.950000	-15.892384	3.174609	0.000000	
507.000000	-15.916728	3.168926	0.000000	
507.050000	-15.941064	3.163214	0.000000	
507.100000	-15.965395	3.157479	0.000000	
507.150000	-15.989714	3.151696	0.000000	
507.200000	-16.014014	3.145838	0.000000	
507.250000	-16.038292	3.139898	0.000000	
507.300000	-16.062540	3.133848	0.000000	
507.350000	-16.086756	3.127679	0.000000	
507.400000	-16.110941	3.121400	0.000000	
507.450000	-16.135095	3.115010	0.000000	
507.500000	-16.159223	3.108521	0.000000	
507.550000	-16.183324	3.101927	0.000000	
507.600000	-16.207396	3.095230	0.000000	
507.650000	-16.231439	3.088426	0.000000	
507.700000	-16.255448	3.081506	0.000000	
507.750000	-16.279423	3.074474	0.000000	
507.800000	-16.303374	3.067354	0.000000	
507.850000	-16.327299	3.060149	0.000000	
507.900000	-16.351202	3.052866	0.000000	
507.950000	-16.375093	3.045539	0.000000	
508.000000	-16.398976	3.038181	0.000000	
508.050000	-16.422862	3.030835	0.000000	
508.100000	-16.446767	3.023576	0.000000	
508.150000	-16.470698	3.016443	0.000000	
508.200000	-16.494665	3.009499	0.000000	
508.250000	-16.518676	3.002803	0.000000	
508.300000	-16.542739	2.996427	0.000000	
508.350000	-16.566858	2.990436	0.000000	
508.400000	-16.591035	2.984878	0.000000	
508.450000	-16.615270	2.979786	0.000000	
508.500000	-16.639555	2.975210	0.000000	
508.550000	-16.663879	2.971174	0.000000	
508.600000	-16.688240	2.967703	0.000000	
508.650000	-16.712633	2.964846	0.000000	
508.700000	-16.737057	2.962622	0.000000	
508.750000	-16.761507	2.961084	0.000000	
508.800000	-16.785981	2.960253	0.000000	
508.850000	-16.810475	2.960111	0.000000	
508.900000	-16.834987	2.960664	0.000000	
508.950000	-16.859515	2.961897	0.000000	
509.000000	-16.884052	2.963759	0.000000	
509.050000	-16.908599	2.966217	0.000000	
509.100000	-16.933145	2.969216	0.000000	
509.150000	-16.957677	2.972703	0.000000	
509.200000	-16.982191	2.976640	0.000000	
509.250000	-17.006683	2.980965	0.000000	
509.300000	-17.031148	2.985639	0.000000	
509.350000	-17.055585	2.990599	0.000000	
509.400000	-17.079995	2.995789	0.000000	
509.450000	-17.104380	3.001166	0.000000	
509.500000	-17.128740	3.006716	0.000000	
509.550000	-17.153080	3.012377	0.000000	
509.600000	-17.177404	3.018124	0.000000	
509.650000	-17.201714	3.023934	0.000000	
509.700000	-17.226023	3.029752	0.000000	
509.750000	-17.250335	3.035554	0.000000	
509.800000	-17.274661	3.041300	0.000000	
509.850000	-17.299003	3.046976	0.000000	
509.900000	-17.323360	3.052593	0.000000	
509.950000	-17.347735	3.058137	0.000000	
510.000000	-17.372128	3.063601	0.000000	
510.050000	-17.396537	3.068998	0.000000	
510.100000	-17.420956	3.074347	0.000000	
510.150000	-17.445381	3.079669	0.000000	
510.200000	-17.469812	3.084965	0.000000	
510.250000	-17.494252	3.090223	0.000000	
510.300000	-17.518694	3.095468	0.000000	
510.350000	-17.543144	3.100677	0.000000	
510.400000	-17.567599	3.105860	0.000000	
510.450000	-17.592058	3.111029	0.000000	
510.500000	-17.616520	3.116179	0.000000	
510.550000	-17.640988	3.121303	0.000000	
510.600000	-17.665458	3.126419	0.000000	
510.650000	-17.689929	3.131527	0.000000	
510.700000	-17.714402	3.136629	0.000000	
510.750000	-17.738876	3.141728	0.000000	
510.800000	-17.763345	3.146847	0.000000	
510.850000	-17.787805	3.152005	0.000000	
510.900000	-17.812259	3.157193	0.000000	
510.950000	-17.836711	3.162387	0.000000	
511.000000	-17.861157	3.167609	0.000000	
511.050000	-17.885594	3.172871	0.000000	
511.100000	-17.910019	3.178192	0.000000	
511.150000	-17.934428	3.183578	0.000000	
511.200000	-17.958826	3.189012	0.000000	
511.250000	-17.983218	3.194474	0.000000	
511.300000	-18.007603	3.199966	0.000000	
511.350000	-18.031981	3.205490	0.000000	
511.400000	-18.056347	3.211071	0.000000	
511.450000	-18.080696	3.216721	0.000000	
511.500000	-18.105027	3.222450	0.000000	
511.550000	-18.129334	3.228276	0.000000	
511.600000	-18.153621	3.234188	0.000000	
511.650000	-18.177885	3.240187	0.000000	
511.700000	-18.202133	3.246250	0.000000	
511.750000	-18.226366	3.252375	0.000000	
511.800000	-18.250576	3.258584	0.000000	
511.850000	-18.274770	3.264858	0.000000	
511.900000	-18.298949	3.271190	0.000000	
511.950000	-18.323106	3.277599	0.000000	
512.000000	-18.347238	3.284103	0.000000	
512.050000	-18.371345	3.290694	0.000000	
512.100000	-18.395433	3.297360	0.000000	
512.150000	-18.419505	3.304081	0.000000	
512.200000	-18.443563	3.310854	0.000000	
512.250000	-18.467604	3.317686	0.000000	
512.300000	-18.491625	3.324591	0.000000	
512.350000	-18.515618	3.331598	0.000000	
512.400000	-18.539590	3.338679	0.000000	
512.450000	-18.563547	3.345819	0.000000	
512.500000	-18.587489	3.353010	0.000000	
512.550000	-18.611422	3.360230	0.000000	
512.600000	-18.635349	3.367472	0.000000	
512.650000	-18.659266	3.374746	0.000000	
512.700000	-18.683182	3.382024	0.000000	
512.750000	-18.707091	3.389325	0.000000	
512.800000	-18.730998	3.396636	0.000000	
512.850000	-18.754904	3.403947	0.000000	
512.900000	-18.778810	3.411259	0.000000	
512.950000	-18.802717	3.418567	0.000000	
513.000000	-18.826627	3.425866	0.000000	
513.050000	-18.850538	3.433163	0.000000	
513.100000	-18.874448	3.440463	0.000000	
513.150000	-18.898349	3.447790	0.000000	
513.200000	-18.922245	3.455133	0.000000	
513.250000	-18.946140	3.462479	0.000000	
513.300000	-18.970039	3.469815	0.000000	
513.350000	-18.993938	3.477146	0.000000	
513.400000	-19.017843	3.484460	0.000000	
513.450000	-19.041754	3.491758	0.000000	
513.500000	-19.065667	3.499044	0.000000	
513.550000	-19.089584	3.506319	0.000000	
513.600000	-19.113501	3.513595	0.000000	
513.650000	-19.137422	3.520854	0.000000	
513.700000	-19.161348	3.528100	0.000000	
513.750000	-19.185275	3.535342	0.000000	
513.800000	-19.209205	3.542572	0.000000	
513.850000	-19.233136	3.549802	0.000000	
513.900000	-19.257064	3.557040	0.000000	
513.950000	-19.280988	3.564290	0.000000	
514.000000	-19.304908	3.571556	0.000000	
514.050000	-19.328823	3.578838	0.000000	
514.100000	-19.352734	3.586132	0.000000	
514.150000	-19.376651	3.593406	0.000000	
514.200000	-19.400573	3.600667	0.000000	
514.250000	-19.424490	3.607942	0.000000	
514.300000	-19.448401	3.615236	0.000000	
514.350000	-19.472303	3.622558	0.000000	
514.400000	-19.496200	3.629896	0.000000	
514.450000	-19.520093	3.637246	0.000000	
514.500000	-19.543981	3.644616	0.000000	
514.550000	-19.567862	3.652006	0.000000	
514.600000	-19.591740	3.659407	0.000000	
514.650000	-19.615613	3.666824	0.000000	
514.700000	-19.639480	3.674260	0.000000	
514.750000	-19.663340	3.681718	0.000000	
514.800000	-19.687196	3.689193	0.000000	
514.850000	-19.711051	3.696667	0.000000	
514.900000	-19.734906	3.704143	0.000000	
514.950000	-19.758763	3.711613	0.000000	
515.000000	-19.782626	3.719061	0.000000	
515.050000	-19.806497	3.726482	0.000000	
515.100000	-19.830380	3.733863	0.000000	
515.150000	-19.854280	3.741185	0.000000	
515.200000	-19.878196	3.748453	0.000000	
515.250000	-19.902130	3.755655	0.000000	
515.300000	-19.926086	3.762781	0.000000	
515.350000	-19.950070	3.769813	0.000000	
515.400000	-19.974076	3.776766	0.000000	
515.450000	-19.998105	3.783635	0.000000	
515.500000	-20.022156	3.790430	0.000000	
515.550000	-20.046223	3.797170	0.000000	
515.600000	-20.070306	3.803851	0.000000	
515.650000	-20.094403	3.810483	0.000000	
515.700000	-20.118520	3.817047	0.000000	
515.750000	-20.142654	3.823548	0.000000	
515.800000	-20.166809	3.829977	0.000000	
515.850000	-20.190985	3.836328	0.000000	
515.900000	-20.215177	3.842623	0.000000	
515.950000	-20.239381	3.848871	0.000000	
516.000000	-20.263595	3.855085	0.000000	
516.050000	-20.287812	3.861284	0.000000	
516.100000	-20.312036	3.867463	0.000000	
516.150000	-20.336260	3.873640	0.000000	
516.200000	-20.360476	3.879845	0.000000	
516.250000	-20.384682	3.886088	0.000000	
516.300000	-20.408881	3.892355	0.000000	
516.350000	-20.433079	3.898626	0.000000	
516.400000	-20.457271	3.904925	0.000000	
516.450000	-20.481458	3.911238	0.000000	
516.500000	-20.505645	3.917557	0.000000	
516.550000	-20.529835	3.923861	0.000000	
516.600000	-20.554035	3.930119	0.000000	
516.650000	-20.578247	3.936331	0.000000	
516.700000	-20.602474	3.942479	0.000000	
516.750000	-20.626709	3.948588	0.000000	
516.800000	-20.650951	3.954674	0.000000	
516.850000	-20.675198	3.960737	0.000000	
516.900000	-20.699438	3.966828	0.000000	
516.950000	-20.723666	3.972965	0.000000	
517.000000	-20.747869	3.979186	0.000000	
517.050000	-20.772039	3.985514	0.000000	
517.100000	-20.796162	3.991979	0.000000	
517.150000	-20.820211	3.998650	0.000000	
517.200000	-20.844172	4.005547	0.000000	
517.250000	-20.868032	4.012686	0.000000	
517.300000	-20.891761	4.020121	0.000000	
517.350000	-20.915333	4.027899	0.000000	
517.400000	-20.938720	4.036071	0.000000	
517.450000	-20.961890	4.044674	0.000000	
517.500000	-20.984821	4.053740	0.000000	
517.550000	-21.007488	4.063307	0.000000	
517.600000	-21.029855	4.073427	0.000000	
517.650000	-21.051897	4.084137	0.000000	
517.700000	-21.073594	4.095462	0.000000	
517.750000	-21.094941	4.107414	0.000000	
517.800000	-21.115935	4.119983	0.000000	
517.850000	-21.136582	4.133157	0.000000	
517.900000	-21.156891	4.146924	0.000000	
517.950000	-21.176865	4.161253	0.000000	
518.000000	-21.196503	4.176130	0.000000	
518.050000	-21.215818	4.191504	0.000000	
518.100000	-21.234834	4.207336	0.000000	
518.150000	-21.253565	4.223585	0.000000	
518.200000	-21.272029	4.240198	0.000000	
518.250000	-21.290236	4.257148	0.000000	
518.300000	-21.308195	4.274409	0.000000	
518.350000	-21.325930	4.291937	0.000000	
518.400000	-21.343457	4.309701	0.000000	
518.450000	-21.360807	4.327661	0.000000	
518.500000	-21.378022	4.345765	0.000000	
518.550000	-21.395129	4.363982	0.000000	
518.600000	-21.412134	4.382301	0.000000	
518.650000	-21.429075	4.400681	0.000000	
518.700000	-21.445976	4.419100	0.000000	
518.750000	-21.462851	4.437543	0.000000	
518.800000	-21.479700	4.456010	0.000000	
518.850000	-21.496534	4.474490	0.000000	
518.900000	-21.513348	4.492988	0.000000	
518.950000	-21.530145	4.511502	0.000000	
519.000000	-21.546945	4.530014	0.000000	
519.050000	-21.563751	4.548520	0.000000	
519.100000	-21.580558	4.567025	0.000000	
519.150000	-21.597353	4.585541	0.000000	
519.200000	-21.614140	4.604065	0.000000	
519.250000	-21.630936	4.622580	0.000000	
519.300000	-21.647739	4.641089	0.000000	
519.350000	-21.664567	4.659574	0.000000	
519.400000	-21.681428	4.678031	0.000000	
519.450000	-21.698316	4.696462	0.000000	
519.500000	-21.715221	4.714878	0.000000	
519.550000	-21.732131	4.733289	0.000000	
519.600000	-21.749038	4.751703	0.000000	
519.650000	-21.765943	4.770118	0.000000	
519.700000	-21.782845	4.788537	0.000000	
519.750000	-21.799730	4.806970	0.000000	
519.800000	-21.816609	4.825409	0.000000	
519.850000	-21.833494	4.843842	0.000000	
519.900000	-21.850393	4.862263	0.000000	
519.950000	-21.867298	4.880679	0.000000	
520.000000	-21.884197	4.899099	0.000000	
520.050000	-21.901091	4.917525	0.000000	
520.100000	-21.917981	4.935954	0.000000	
520.150000	-21.934884	4.954371	0.000000	
520.200000	-21.951796	4.972780	0.000000	
520.250000	-21.968705	4.991191	0.000000	
520.300000	-21.985611	5.009605	0.000000	
520.350000	-22.002529	5.028008	0.000000	
520.400000	-22.019451	5.046408	0.000000	
520.450000	-22.036380	5.064800	0.000000	
520.500000	-22.053323	5.083179	0.000000	
520.550000	-22.070292	5.101533	0.000000	
520.600000	-22.087281	5.119870	0.000000	
520.650000	-22.104289	5.138188	0.000000	
520.700000	-22.121332	5.156474	0.000000	
520.750000	-22.138410	5.174727	0.000000	
520.800000	-22.155537	5.192935	0.000000	
520.850000	-22.172697	5.211114	0.000000	
520.900000	-22.189877	5.229274	0.000000	
520.950000	-22.207076	5.247416	0.000000	
521.000000	-22.224298	5.265537	0.000000	
521.050000	-22.241528	5.283650	0.000000	
521.100000	-22.258752	5.301769	0.000000	
521.150000	-22.275965	5.319898	0.000000	
521.200000	-22.293157	5.338047	0.000000	
521.250000	-22.310338	5.356205	0.000000	
521.300000	-22.327515	5.374367	0.000000	
521.350000	-22.344672	5.392548	0.000000	
521.400000	-22.361803	5.410753	0.000000	
521.450000	-22.378908	5.428982	0.000000	
521.500000	-22.395997	5.447227	0.000000	
521.550000	-22.413067	5.465488	0.000000	
521.600000	-22.430118	5.483769	0.000000	
521.650000	-22.447153	5.502064	0.000000	
521.700000	-22.464166	5.520379	0.000000	
521.750000	-22.481163	5.538710	0.000000	
521.800000	-22.498134	5.557065	0.000000	
521.850000	-22.515085	5.575439	0.000000	
521.900000	-22.532017	5.593831	0.000000	
521.950000	-22.548934	5.612236	0.000000	
522.000000	-22.565814	5.630676	0.000000	
522.050000	-22.582654	5.649152	0.000000	
522.100000	-22.599473	5.667648	0.000000	
522.150000	-22.616274	5.686159	0.000000	
522.200000	-22.633058	5.704686	0.000000	
522.250000	-22.649827	5.723226	0.000000	
522.300000	-22.666581	5.741779	0.000000	
522.350000	-22.683325	5.760342	0.000000	
522.400000	-22.700059	5.778914	0.000000	
522.450000	-22.716778	5.797499	0.000000	
522.500000	-22.733484	5.816095	0.000000	
522.550000	-22.750171	5.834709	0.000000	
522.600000	-22.766838	5.853340	0.000000	
522.650000	-22.783469	5.872003	0.000000	
522.700000	-22.800070	5.890695	0.000000	
522.750000	-22.816656	5.909398	0.000000	
522.800000	-22.833214	5.928127	0.000000	
522.850000	-22.849762	5.946865	0.000000	
522.900000	-22.866278	5.965632	0.000000	
522.950000	-22.882775	5.984415	0.000000	
523.000000	-22.899239	6.003227	0.000000	
523.050000	-22.915692	6.022050	0.000000	
523.100000	-22.932156	6.040862	0.000000	
523.150000	-22.948623	6.059672	0.000000	
523.200000	-22.965095	6.078477	0.000000	
523.250000	-22.981581	6.097270	0.000000	
523.300000	-22.998065	6.116065	0.000000	
523.350000	-23.014531	6.134875	0.000000	
523.400000	-23.030984	6.153697	0.000000	
523.450000	-23.047429	6.172526	0.000000	
523.500000	-23.063880	6.191349	0.000000	
523.550000	-23.080330	6.210174	0.000000	
523.600000	-23.096765	6.229011	0.000000	
523.650000	-23.113199	6.247850	0.000000	
523.700000	-23.129627	6.266693	0.000000	
523.750000	-23.146039	6.285551	0.000000	
523.800000	-23.162425	6.304430	0.000000	
523.850000	-23.178780	6.323335	0.000000	
523.900000	-23.195089	6.342279	0.000000	
523.950000	-23.211372	6.361245	0.000000	
524.000000	-23.227616	6.380243	0.000000	
524.050000	-23.243834	6.399262	0.000000	
524.100000	-23.260014	6.418314	0.000000	
524.150000	-23.276148	6.437403	0.000000	
524.200000	-23.292247	6.456524	0.000000	
524.250000	-23.308303	6.475680	0.000000	
524.300000	-23.324308	6.494881	0.000000	
524.350000	-23.340264	6.514121	0.000000	
524.400000	-23.356179	6.533395	0.000000	
524.450000	-23.372033	6.552719	0.000000	
524.500000	-23.387829	6.572089	0.000000	
524.550000	-23.403567	6.591507	0.000000	
524.600000	-23.419237	6.610981	0.000000	
524.650000	-23.434855	6.630497	0.000000	
524.700000	-23.450415	6.650061	0.000000	
524.750000	-23.465918	6.669669	0.000000	
524.800000	-23.481368	6.689320	0.000000	
524.850000	-23.496755	6.709020	0.000000	
524.900000	-23.512097	6.728754	0.000000	
524.950000	-23.527396	6.748520	0.000000	
525.000000	-23.542641	6.768329	0.000000	
525.050000	-23.557828	6.788180	0.000000	
525.100000	-23.572959	6.808074	0.000000	
525.150000	-23.588019	6.828020	0.000000	
525.200000	-23.603007	6.848019	0.000000	
525.250000	-23.617921	6.868075	0.000000	
525.300000	-23.632768	6.888182	0.000000	
525.350000	-23.647559	6.908331	0.000000	
525.400000	-23.662308	6.928511	0.000000	
525.450000	-23.677008	6.948727	0.000000	
525.500000	-23.691663	6.968976	0.000000	
525.550000	-23.706259	6.989267	0.000000	
525.600000	-23.720794	7.009602	0.000000	
525.650000	-23.735281	7.029971	0.000000	
525.700000	-23.749703	7.050387	0.000000	
525.750000	-23.764062	7.070848	0.000000	
525.800000	-23.778379	7.091340	0.000000	
525.850000	-23.792651	7.111863	0.000000	
525.900000	-23.806879	7.132416	0.000000	
525.950000	-23.821067	7.152997	0.000000	
526.000000	-23.835232	7.173595	0.000000	
526.050000	-23.849365	7.194215	0.000000	
526.100000	-23.863470	7.214853	0.000000	
526.150000	-23.877559	7.235504	0.000000	
526.200000	-23.891638	7.256161	0.000000	
526.250000	-23.905712	7.276821	0.000000	
526.300000	-23.919778	7.297487	0.000000	
526.350000	-23.933826	7.318165	0.000000	
526.400000	-23.947866	7.338849	0.000000	
526.450000	-23.961883	7.359549	0.000000	
526.500000	-23.975888	7.380257	0.000000	
526.550000	-23.989891	7.400967	0.000000	
526.600000	-24.003898	7.421674	0.000000	
526.650000	-24.017896	7.442387	0.000000	
526.700000	-24.031884	7.463107	0.000000	
526.750000	-24.045865	7.483831	0.000000	
526.800000	-24.059833	7.504564	0.000000	
526.850000	-24.073771	7.525316	0.000000	
526.900000	-24.087695	7.546078	0.000000	
526.950000	-24.101609	7.566847	0.000000	
527.000000	-24.115490	7.587637	0.000000	
527.050000	-24.129324	7.608458	0.000000	
527.100000	-24.143110	7.629309	0.000000	
527.150000	-24.156859	7.650184	0.000000	
527.200000	-24.170570	7.671084	0.000000	
527.250000	-24.184245	7.692007	0.000000	
527.300000	-24.197892	7.712948	0.000000	
527.350000	-24.211521	7.733902	0.000000	
527.400000	-24.225146	7.754859	0.000000	
527.450000	-24.238752	7.775827	0.000000	
527.500000	-24.252340	7.796809	0.000000	
527.550000	-24.265905	7.817805	0.000000	
527.600000	-24.279427	7.838830	0.000000	
527.650000	-24.292887	7.859894	0.000000	
527.700000	-24.306281	7.880998	0.000000	
527.750000	-24.319573	7.902163	0.000000	
527.800000	-24.332736	7.923401	0.000000	
527.850000	-24.345740	7.944727	0.000000	
527.900000	-24.358568	7.966146	0.000000	
527.950000	-24.371180	7.987676	0.000000	
528.000000	-24.383554	8.009322	0.000000	
528.050000	-24.395656	8.031095	0.000000	
528.100000	-24.407461	8.053000	0.000000	
528.150000	-24.418939	8.075041	0.000000	
528.200000	-24.430048	8.097231	0.000000	
528.250000	-24.440750	8.119580	0.000000	
528.300000	-24.451026	8.142091	0.000000	
528.350000	-24.460834	8.164776	0.000000	
528.400000	-24.470163	8.187644	0.000000	
528.450000	-24.478979	8.210704	0.000000	
528.500000	-24.487265	8.233959	0.000000	
528.550000	-24.495040	8.257399	0.000000	
528.600000	-24.502302	8.281023	0.000000	
528.650000	-24.509064	8.304818	0.000000	
528.700000	-24.515344	8.328773	0.000000	
528.750000	-24.521148	8.352879	0.000000	
528.800000	-24.526523	8.377116	0.000000	
528.850000	-24.531516	8.401466	0.000000	
528.900000	-24.536154	8.425914	0.000000	
528.950000	-24.540458	8.450451	0.000000	
529.000000	-24.544463	8.475062	0.000000	
529.050000	-24.548212	8.499733	0.000000	
529.100000	-24.551759	8.524449	0.000000	
529.150000	-24.555126	8.549203	0.000000	
529.200000	-24.558343	8.573985	0.000000	
529.250000	-24.561436	8.598787	0.000000	
529.300000	-24.564436	8.623602	0.000000	
529.350000	-24.567370	8.648428	0.000000	
529.400000	-24.570257	8.673259	0.000000	
529.450000	-24.573101	8.698095	0.000000	
529.500000	-24.575938	8.722933	0.000000	
529.550000	-24.578794	8.747768	0.000000	
529.600000	-24.581677	8.772600	0.000000	
529.650000	-24.584598	8.797427	0.000000	
529.700000	-24.587566	8.822248	0.000000	
529.750000	-24.590575	8.847064	0.000000	
529.800000	-24.593629	8.871874	0.000000	
529.850000	-24.596705	8.896682	0.000000	
529.900000	-24.599793	8.921489	0.000000	
529.950000	-24.602914	8.946291	0.000000	
530.000000	-24.606084	8.971087	0.000000	
530.050000	-24.609288	8.995879	0.000000	
530.100000	-24.612501	9.020669	0.000000	
530.150000	-24.615696	9.045462	0.000000	
530.200000	-24.618891	9.070254	0.000000	
530.250000	-24.622091	9.095046	0.000000	
530.300000	-24.625305	9.119837	0.000000	
530.350000	-24.628524	9.144626	0.000000	
530.400000	-24.631748	9.169416	0.000000	
530.450000	-24.635002	9.194201	0.000000	
530.500000	-24.638285	9.218983	0.000000	
530.550000	-24.641578	9.243764	0.000000	
530.600000	-24.644866	9.268546	0.000000	
530.650000	-24.648120	9.293332	0.000000	
530.700000	-24.651330	9.318123	0.000000	
530.750000	-24.654503	9.342919	0.000000	
530.800000	-24.657634	9.367721	0.000000	
530.850000	-24.660743	9.392525	0.000000	
530.900000	-24.663835	9.417331	0.000000	
530.950000	-24.666904	9.442140	0.000000	
531.000000	-24.669937	9.466954	0.000000	
531.050000	-24.672927	9.491773	0.000000	
531.100000	-24.675904	9.516594	0.000000	
531.150000	-24.678881	9.541415	0.000000	
531.200000	-24.681865	9.566236	0.000000	
531.250000	-24.684825	9.591059	0.000000	
531.300000	-24.687761	9.615885	0.000000	
531.350000	-24.690660	9.640715	0.000000	
531.400000	-24.693521	9.665548	0.000000	
531.450000	-24.696344	9.690386	0.000000	
531.500000	-24.699127	9.715228	0.000000	
531.550000	-24.701852	9.740076	0.000000	
531.600000	-24.704541	9.764929	0.000000	
531.650000	-24.707185	9.789786	0.000000	
531.700000	-24.709785	9.814648	0.000000	
531.750000	-24.712355	9.839512	0.000000	
531.800000	-24.714875	9.864381	0.000000	
531.850000	-24.717356	9.889254	0.000000	
531.900000	-24.719783	9.914131	0.000000	
531.950000	-24.722169	9.939013	0.000000	
532.000000	-24.724522	9.963897	0.000000	
532.050000	-24.726855	9.988784	0.000000	
532.100000	-24.729177	10.013672	0.000000	
532.150000	-24.731475	10.038563	0.000000	
532.200000	-24.733741	10.063457	0.000000	
532.250000	-24.735968	10.088356	0.000000	
532.300000	-24.738174	10.113257	0.000000	
532.350000	-24.740375	10.138158	0.000000	
532.400000	-24.742569	10.163060	0.000000	
532.450000	-24.744768	10.187961	0.000000	
532.500000	-24.746970	10.212863	0.000000	
532.550000	-24.749161	10.237765	0.000000	
532.600000	-24.751365	10.262666	0.000000	
532.650000	-24.753568	10.287567	0.000000	
532.700000	-24.755774	10.312468	0.000000	
532.750000	-24.757980	10.337369	0.000000	
532.800000	-24.760185	10.362270	0.000000	
532.850000	-24.762384	10.387172	0.000000	
532.900000	-24.764582	10.412073	0.000000	
532.950000	-24.766782	10.436974	0.000000	
533.000000	-24.768990	10.461875	0.000000	
533.050000	-24.771211	10.486775	0.000000	
533.100000	-24.773419	10.511675	0.000000	
533.150000	-24.775615	10.536578	0.000000	
533.200000	-24.777785	10.561482	0.000000	
533.250000	-24.779922	10.586390	0.000000	
533.300000	-24.782026	10.611300	0.000000	
533.350000	-24.784085	10.636213	0.000000	
533.400000	-24.786097	10.661130	0.000000	
533.450000	-24.788086	10.686049	0.000000	
533.500000	-24.790060	10.710969	0.000000	
533.550000	-24.792010	10.735890	0.000000	
533.600000	-24.793925	10.760815	0.000000	
533.650000	-24.795790	10.785743	0.000000	
533.700000	-24.797598	10.810675	0.000000	
533.750000	-24.799357	10.835611	0.000000	
533.800000	-24.801096	10.860548	0.000000	
533.850000	-24.802818	10.885486	0.000000	
533.900000	-24.804542	10.910424	0.000000	
533.950000	-24.806282	10.935361	0.000000	
534.000000	-24.808032	10.960297	0.000000	
534.050000	-24.809770	10.985234	0.000000	
534.100000	-24.811470	11.010174	0.000000	
534.150000	-24.813139	11.035116	0.000000	
534.200000	-24.814772	11.060061	0.000000	
534.250000	-24.816363	11.085010	0.000000	
534.300000	-24.817931	11.109959	0.000000	
534.350000	-24.819507	11.134908	0.000000	
534.400000	-24.821098	11.159857	0.000000	
534.450000	-24.822689	11.184805	0.000000	
534.500000	-24.824257	11.209754	0.000000	
534.550000	-24.825801	11.234705	0.000000	
534.600000	-24.827324	11.259658	0.000000	
534.650000	-24.828846	11.284610	0.000000	
534.700000	-24.830359	11.309563	0.000000	
534.750000	-24.831856	11.334516	0.000000	
534.800000	-24.833352	11.359469	0.000000	
534.850000	-24.834838	11.384423	0.000000	
534.900000	-24.836318	11.409378	0.000000	
534.950000	-24.837776	11.434334	0.000000	
535.000000	-24.839181	11.459293	0.000000	
535.050000	-24.840545	11.484254	0.000000	
535.100000	-24.841867	11.509218	0.000000	
535.150000	-24.843172	11.534183	0.000000	
535.200000	-24.844479	11.559148	0.000000	
535.250000	-24.845766	11.584114	0.000000	
535.300000	-24.847039	11.609080	0.000000	
535.350000	-24.848282	11.634048	0.000000	
535.400000	-24.849481	11.659018	0.000000	
535.450000	-24.850644	11.683990	0.000000	
535.500000	-24.851784	11.708963	0.000000	
535.550000	-24.852926	11.733936	0.000000	
535.600000	-24.854052	11.758910	0.000000	
535.650000	-24.855179	11.783884	0.000000	
535.700000	-24.856308	11.808857	0.000000	
535.750000	-24.857436	11.833831	0.000000	
535.800000	-24.858593	11.858803	0.000000	
535.850000	-24.859759	11.883775	0.000000	
535.900000	-24.860938	11.908746	0.000000	
535.950000	-24.862125	11.933716	0.000000	
536.000000	-24.863308	11.958687	0.000000	
536.050000	-24.864468	11.983659	0.000000	
536.100000	-24.865590	12.008631	0.000000	
536.150000	-24.866666	12.033604	0.000000	
536.200000	-24.867664	12.058579	0.000000	
536.250000	-24.868520	12.083554	0.000000	
536.300000	-24.869207	12.108525	0.000000	
536.350000	-24.869707	12.133489	0.000000	
536.400000	-24.869987	12.158439	0.000000	
536.450000	-24.870013	12.183370	0.000000	
536.500000	-24.869729	12.208273	0.000000	
536.550000	-24.869095	12.233135	0.000000	
536.600000	-24.868080	12.257954	0.000000	
536.650000	-24.866652	12.282716	0.000000	
536.700000	-24.864773	12.307414	0.000000	
536.750000	-24.862408	12.332040	0.000000	
536.800000	-24.859545	12.356581	0.000000	
536.850000	-24.856153	12.381033	0.000000	
536.900000	-24.852229	12.405392	0.000000	
536.950000	-24.847765	12.429657	0.000000	
537.000000	-24.842747	12.453827	0.000000	
537.050000	-24.837184	12.477894	0.000000	
537.100000	-24.831111	12.501858	0.000000	
537.150000	-24.824550	12.525723	0.000000	
537.200000	-24.817512	12.549489	0.000000	
537.250000	-24.810022	12.573156	0.000000	
537.300000	-24.802119	12.596724	0.000000	
537.350000	-24.793854	12.620198	0.000000	
537.400000	-24.785249	12.643581	0.000000	
537.450000	-24.776355	12.666880	0.000000	
537.500000	-24.767209	12.690103	0.000000	
537.550000	-24.757859	12.713259	0.000000	
537.600000	-24.748356	12.736364	0.000000	
537.650000	-24.738718	12.759421	0.000000	
537.700000	-24.728986	12.782443	0.000000	
537.750000	-24.719193	12.805443	0.000000	
537.800000	-24.709359	12.828426	0.000000	
537.850000	-24.699506	12.851401	0.000000	
537.900000	-24.689644	12.874373	0.000000	
537.950000	-24.679788	12.897347	0.000000	
538.000000	-24.669939	12.920324	0.000000	
538.050000	-24.660100	12.943305	0.000000	
538.100000	-24.650283	12.966297	0.000000	
538.150000	-24.640485	12.989296	0.000000	
538.200000	-24.630692	13.012298	0.000000	
538.250000	-24.620905	13.035301	0.000000	
538.300000	-24.611120	13.058306	0.000000	
538.350000	-24.601356	13.081320	0.000000	
538.400000	-24.591613	13.104343	0.000000	
538.450000	-24.581910	13.127383	0.000000	
538.500000	-24.572230	13.150432	0.000000	
538.550000	-24.562568	13.173489	0.000000	
538.600000	-24.552924	13.196553	0.000000	
538.650000	-24.543302	13.219626	0.000000	
538.700000	-24.533700	13.242708	0.000000	
538.750000	-24.524131	13.265802	0.000000	
538.800000	-24.514592	13.288908	0.000000	
538.850000	-24.505090	13.312029	0.000000	
538.900000	-24.495642	13.335172	0.000000	
538.950000	-24.486266	13.358342	0.000000	
539.000000	-24.476967	13.381541	0.000000	
539.050000	-24.467740	13.404768	0.000000	
539.100000	-24.458590	13.428024	0.000000	
539.150000	-24.449523	13.451312	0.000000	
539.200000	-24.440533	13.474630	0.000000	
539.250000	-24.431614	13.497975	0.000000	
539.300000	-24.422754	13.521344	0.000000	
539.350000	-24.413961	13.544740	0.000000	
539.400000	-24.405225	13.568157	0.000000	
539.450000	-24.396542	13.591595	0.000000	
539.500000	-24.387903	13.615050	0.000000	
539.550000	-24.379304	13.638520	0.000000	
539.600000	-24.370728	13.661999	0.000000	
539.650000	-24.362176	13.685487	0.000000	
539.700000	-24.353645	13.708984	0.000000	
539.750000	-24.345121	13.732484	0.000000	
539.800000	-24.336580	13.755976	0.000000	
539.850000	-24.328032	13.779466	0.000000	
539.900000	-24.319463	13.802948	0.000000	
539.950000	-24.310850	13.826413	0.000000	
540.000000	-24.302179	13.849856	0.000000	
540.050000	-24.293432	13.873270	0.000000	
540.100000	-24.284627	13.896662	0.000000	
540.150000	-24.275760	13.920031	0.000000	
540.200000	-24.266824	13.943374	0.000000	
540.250000	-24.257828	13.966695	0.000000	
540.300000	-24.248783	13.989997	0.000000	
540.350000	-24.239696	14.013283	0.000000	
540.400000	-24.230556	14.036548	0.000000	
540.450000	-24.221353	14.059788	0.000000	
540.500000	-24.212067	14.082996	0.000000	
540.550000	-24.202677	14.106161	0.000000	
540.600000	-24.193194	14.129287	0.000000	
540.650000	-24.183637	14.152383	0.000000	
540.700000	-24.174014	14.175450	0.000000	
540.750000	-24.164324	14.198490	0.000000	
540.800000	-24.154588	14.221511	0.000000	
540.850000	-24.144819	14.244518	0.000000	
540.900000	-24.134996	14.267503	0.000000	
540.950000	-24.125120	14.290465	0.000000	
541.000000	-24.115205	14.313411	0.000000	
541.050000	-24.105255	14.336342	0.000000	
541.100000	-24.095285	14.359263	0.000000	
541.150000	-24.085290	14.382175	0.000000	
541.200000	-24.075279	14.405079	0.000000	
541.250000	-24.065258	14.427980	0.000000	
541.300000	-24.055232	14.450878	0.000000	
541.350000	-24.045193	14.473772	0.000000	
541.400000	-24.035146	14.496662	0.000000	
541.450000	-24.025085	14.519546	0.000000	
541.500000	-24.015009	14.542423	0.000000	
541.550000	-24.004926	14.565297	0.000000	
541.600000	-23.994846	14.588173	0.000000	
541.650000	-23.984770	14.611050	0.000000	
541.700000	-23.974700	14.633931	0.000000	
541.750000	-23.964623	14.656808	0.000000	
541.800000	-23.954528	14.679676	0.000000	
541.850000	-23.944394	14.702527	0.000000	
541.900000	-23.934227	14.725363	0.000000	
541.950000	-23.924022	14.748181	0.000000	
542.000000	-23.913782	14.770983	0.000000	
542.050000	-23.903520	14.793774	0.000000	
542.100000	-23.893246	14.816560	0.000000	
542.150000	-23.882953	14.839338	0.000000	
542.200000	-23.872626	14.862100	0.000000	
542.250000	-23.862245	14.884837	0.000000	
542.300000	-23.851803	14.907547	0.000000	
542.350000	-23.841277	14.930219	0.000000	
542.400000	-23.830684	14.952860	0.000000	
542.450000	-23.820011	14.975463	0.000000	
542.500000	-23.809265	14.998032	0.000000	
542.550000	-23.798470	15.020578	0.000000	
542.600000	-23.787625	15.043100	0.000000	
542.650000	-23.776725	15.065595	0.000000	
542.700000	-23.765759	15.088058	0.000000	
542.750000	-23.754731	15.110490	0.000000	
542.800000	-23.743648	15.132894	0.000000	
542.850000	-23.732508	15.155271	0.000000	
542.900000	-23.721329	15.177627	0.000000	
542.950000	-23.710110	15.199964	0.000000	
543.000000	-23.698864	15.222286	0.000000	
543.050000	-23.687612	15.244606	0.000000	
543.100000	-23.676345	15.266919	0.000000	
543.150000	-23.665062	15.289225	0.000000	
543.200000	-23.653756	15.311519	0.000000	
543.250000	-23.642435	15.333806	0.000000	
543.300000	-23.631095	15.356084	0.000000	
543.350000	-23.619724	15.378346	0.000000	
543.400000	-23.608319	15.400590	0.000000	
543.450000	-23.596876	15.422815	0.000000	
543.500000	-23.585389	15.445015	0.000000	
543.550000	-23.573849	15.467187	0.000000	
543.600000	-23.562219	15.489309	0.000000	
543.650000	-23.550478	15.511367	0.000000	
543.700000	-23.538619	15.533354	0.000000	
543.750000	-23.526647	15.555272	0.000000	
543.800000	-23.514527	15.577098	0.000000	
543.850000	-23.502248	15.598824	0.000000	
543.900000	-23.489798	15.620437	0.000000	
543.950000	-23.477153	15.641922	0.000000	
544.000000	-23.464292	15.663263	0.000000	
544.050000	-23.451189	15.684437	0.000000	
544.100000	-23.437813	15.705423	0.000000	
544.150000	-23.424139	15.726200	0.000000	
544.200000	-23.410145	15.746750	0.000000	
544.250000	-23.395824	15.767066	0.000000	
544.300000	-23.381162	15.787133	0.000000	
544.350000	-23.366172	15.806956	0.000000	
544.400000	-23.350869	15.826540	0.000000	
544.450000	-23.335258	15.845883	0.000000	
544.500000	-23.319334	15.864981	0.000000	
544.550000	-23.303120	15.883848	0.000000	
544.600000	-23.286616	15.902482	0.000000	
544.650000	-23.269861	15.920908	0.000000	
544.700000	-23.252872	15.939135	0.000000	
544.750000	-23.235676	15.957183	0.000000	
544.800000	-23.218287	15.975065	0.000000	
544.850000	-23.200722	15.992789	0.000000	
544.900000	-23.182991	16.010361	0.000000	
544.950000	-23.165116	16.027801	0.000000	
545.000000	-23.147124	16.045132	0.000000	
545.050000	-23.129027	16.062364	0.000000	
545.100000	-23.110851	16.079518	0.000000	
545.150000	-23.092609	16.096607	0.000000	
545.200000	-23.074324	16.113652	0.000000	
545.250000	-23.055997	16.130654	0.000000	
545.300000	-23.037645	16.147630	0.000000	
545.350000	-23.019293	16.164605	0.000000	
545.400000	-23.000953	16.181593	0.000000	
545.450000	-22.982637	16.198606	0.000000	
545.500000	-22.964355	16.215654	0.000000	
545.550000	-22.946117	16.232749	0.000000	
545.600000	-22.927927	16.249892	0.000000	
545.650000	-22.909779	16.267081	0.000000	
545.700000	-22.891662	16.284301	0.000000	
545.750000	-22.873596	16.301574	0.000000	
545.800000	-22.855575	16.318894	0.000000	
545.850000	-22.837586	16.336245	0.000000	
545.900000	-22.819637	16.353640	0.000000	
545.950000	-22.801733	16.371081	0.000000	
546.000000	-22.783875	16.388569	0.000000	
546.050000	-22.766060	16.406101	0.000000	
546.100000	-22.748289	16.423678	0.000000	
546.150000	-22.730549	16.441286	0.000000	
546.200000	-22.712840	16.458927	0.000000	
546.250000	-22.695167	16.476603	0.000000	
546.300000	-22.677542	16.494330	0.000000	
546.350000	-22.659949	16.512091	0.000000	
546.400000	-22.642374	16.529869	0.000000	
546.450000	-22.624800	16.547649	0.000000	
546.500000	-22.607211	16.565413	0.000000	
546.550000	-22.589598	16.583152	0.000000	
546.600000	-22.571960	16.600867	0.000000	
546.650000	-22.554296	16.618555	0.000000	
546.700000	-22.536618	16.636228	0.000000	
546.750000	-22.518918	16.653879	0.000000	
546.800000	-22.501179	16.671490	0.000000	
546.850000	-22.483406	16.689067	0.000000	
546.900000	-22.465609	16.706619	0.000000	
546.950000	-22.447780	16.724139	0.000000	
547.000000	-22.429915	16.741620	0.000000	
547.050000	-22.412013	16.759064	0.000000	
547.100000	-22.394071	16.776469	0.000000	
547.150000	-22.376093	16.793836	0.000000	
547.200000	-22.358088	16.811176	0.000000	
547.250000	-22.340067	16.828500	0.000000	
547.300000	-22.322017	16.845794	0.000000	
547.350000	-22.303936	16.863057	0.000000	
547.400000	-22.285834	16.880299	0.000000	
547.450000	-22.267720	16.897529	0.000000	
547.500000	-22.249607	16.914759	0.000000	
547.550000	-22.231499	16.931995	0.000000	
547.600000	-22.213414	16.949254	0.000000	
547.650000	-22.195341	16.966526	0.000000	
547.700000	-22.177283	16.983813	0.000000	
547.750000	-22.159242	17.001117	0.000000	
547.800000	-22.141227	17.018448	0.000000	
547.850000	-22.123238	17.035806	0.000000	
547.900000	-22.105275	17.053191	0.000000	
547.950000	-22.087330	17.070594	0.000000	
548.000000	-22.069404	17.088017	0.000000	
548.050000	-22.051499	17.105462	0.000000	
548.100000	-22.033597	17.122910	0.000000	
548.150000	-22.015687	17.140350	0.000000	
548.200000	-21.997759	17.157771	0.000000	
548.250000	-21.979829	17.175189	0.000000	
548.300000	-21.961898	17.192607	0.000000	
548.350000	-21.943986	17.210043	0.000000	
548.400000	-21.926093	17.227499	0.000000	
548.450000	-21.908222	17.244979	0.000000	
548.500000	-21.890377	17.262484	0.000000	
548.550000	-21.872532	17.279989	0.000000	
548.600000	-21.854687	17.297493	0.000000	
548.650000	-21.836824	17.314980	0.000000	
548.700000	-21.818944	17.332448	0.000000	
548.750000	-21.801012	17.349861	0.000000	
548.800000	-21.783015	17.367205	0.000000	
548.850000	-21.764930	17.384450	0.000000	
548.900000	-21.746740	17.401574	0.000000	
548.950000	-21.728417	17.418543	0.000000	
549.000000	-21.709957	17.435345	0.000000	
549.050000	-21.691346	17.451959	0.000000	
549.100000	-21.672580	17.468373	0.000000	
549.150000	-21.653654	17.484577	0.000000	
549.200000	-21.634564	17.500558	0.000000	
549.250000	-21.615302	17.516293	0.000000	
549.300000	-21.595852	17.531763	0.000000	
549.350000	-21.576196	17.546945	0.000000	
549.400000	-21.556324	17.561825	0.000000	
549.450000	-21.536233	17.576406	0.000000	
549.500000	-21.515910	17.590664	0.000000	
549.550000	-21.495347	17.604587	0.000000	
549.600000	-21.474552	17.618175	0.000000	
549.650000	-21.453534	17.631439	0.000000	
549.700000	-21.432304	17.644395	0.000000	
549.750000	-21.410860	17.657036	0.000000	
549.800000	-21.389227	17.669386	0.000000	
549.850000	-21.367422	17.681471	0.000000	
549.900000	-21.345465	17.693310	0.000000	
549.950000	-21.323373	17.704922	0.000000	
550.000000	-21.301171	17.716344	0.000000	
550.050000	-21.278871	17.727594	0.000000	
550.100000	-21.256497	17.738712	0.000000	
550.150000	-21.234061	17.749717	0.000000	
550.200000	-21.211568	17.760614	0.000000	
550.250000	-21.189027	17.771416	0.000000	
550.300000	-21.166448	17.782141	0.000000	
550.350000	-21.143835	17.792794	0.000000	
550.400000	-21.121187	17.803372	0.000000	
550.450000	-21.098505	17.813876	0.000000	
550.500000	-21.075782	17.824292	0.000000	
550.550000	-21.053027	17.834636	0.000000	
550.600000	-21.030243	17.844914	0.000000	
550.650000	-21.007433	17.855133	0.000000	
550.700000	-20.984588	17.865268	0.000000	
550.750000	-20.961702	17.875309	0.000000	
550.800000	-20.938776	17.885251	0.000000	
550.850000	-20.915811	17.895095	0.000000	
550.900000	-20.892792	17.904809	0.000000	
550.950000	-20.869728	17.914408	0.000000	
551.000000	-20.846626	17.923913	0.000000	
551.050000	-20.823478	17.933306	0.000000	
551.100000	-20.800289	17.942594	0.000000	
551.150000	-20.777051	17.951766	0.000000	
551.200000	-20.753761	17.960814	0.000000	
551.250000	-20.730430	17.969760	0.000000	
551.300000	-20.707056	17.978599	0.000000	
551.350000	-20.683647	17.987347	0.000000	
551.400000	-20.660198	17.995989	0.000000	
551.450000	-20.636709	18.004525	0.000000	
551.500000	-20.613177	18.012942	0.000000	
551.550000	-20.589605	18.021245	0.000000	
551.600000	-20.565990	18.029425	0.000000	
551.650000	-20.542332	18.037477	0.000000	
551.700000	-20.518638	18.045429	0.000000	
551.750000	-20.494916	18.053297	0.000000	
551.800000	-20.471167	18.061083	0.000000	
551.850000	-20.447398	18.068809	0.000000	
551.900000	-20.423608	18.076471	0.000000	
551.950000	-20.399805	18.084088	0.000000	
552.000000	-20.375989	18.091668	0.000000	
552.050000	-20.352160	18.099208	0.000000	
552.100000	-20.328320	18.106714	0.000000	
552.150000	-20.304464	18.114174	0.000000	
552.200000	-20.280591	18.121578	0.000000	
552.250000	-20.256696	18.128916	0.000000	
552.300000	-20.232779	18.136184	0.000000	
552.350000	-20.208842	18.143389	0.000000	
552.400000	-20.184889	18.150541	0.000000	
552.450000	-20.160928	18.157672	0.000000	
552.500000	-20.136968	18.164804	0.000000	
552.550000	-20.113011	18.171944	0.000000	
552.600000	-20.089054	18.179089	0.000000	
552.650000	-20.065104	18.186254	0.000000	
552.700000	-20.041163	18.193448	0.000000	
552.750000	-20.017225	18.200654	0.000000	
552.800000	-19.993291	18.207872	0.000000	
552.850000	-19.969357	18.215091	0.000000	
552.900000	-19.945421	18.222306	0.000000	
552.950000	-19.921487	18.229523	0.000000	
553.000000	-19.897549	18.236731	0.000000	
553.050000	-19.873609	18.243927	0.000000	
553.100000	-19.849666	18.251117	0.000000	
553.150000	-19.825722	18.258303	0.000000	
553.200000	-19.801777	18.265485	0.000000	
553.250000	-19.777828	18.272654	0.000000	
553.300000	-19.753884	18.279839	0.000000	
553.350000	-19.729944	18.287040	0.000000	
553.400000	-19.706018	18.294285	0.000000	
553.450000	-19.682101	18.301561	0.000000	
553.500000	-19.658193	18.308864	0.000000	
553.550000	-19.634293	18.316192	0.000000	
553.600000	-19.610408	18.323565	0.000000	
553.650000	-19.586546	18.331004	0.000000	
553.700000	-19.562707	18.338513	0.000000	
553.750000	-19.538887	18.346081	0.000000	
553.800000	-19.515088	18.353706	0.000000	
553.850000	-19.491304	18.361380	0.000000	
553.900000	-19.467541	18.369116	0.000000	
553.950000	-19.443797	18.376912	0.000000	
554.000000	-19.420073	18.384771	0.000000	
554.050000	-19.396368	18.392687	0.000000	
554.100000	-19.372680	18.400658	0.000000	
554.150000	-19.349005	18.408669	0.000000	
554.200000	-19.325349	18.416736	0.000000	
554.250000	-19.301719	18.424881	0.000000	
554.300000	-19.278119	18.433115	0.000000	
554.350000	-19.254540	18.441414	0.000000	
554.400000	-19.230977	18.449759	0.000000	
554.450000	-19.207426	18.458142	0.000000	
554.500000	-19.183889	18.466566	0.000000	
554.550000	-19.160364	18.475022	0.000000	
554.600000	-19.136852	18.483514	0.000000	
554.650000	-19.113347	18.492028	0.000000	
554.700000	-19.089843	18.500542	0.000000	
554.750000	-19.066342	18.509065	0.000000	
554.800000	-19.042847	18.517604	0.000000	
554.850000	-19.019360	18.526163	0.000000	
554.900000	-18.995885	18.534757	0.000000	
554.950000	-18.972424	18.543387	0.000000	
555.000000	-18.948980	18.552061	0.000000	
555.050000	-18.925549	18.560772	0.000000	
555.100000	-18.902135	18.569528	0.000000	
555.150000	-18.878742	18.578338	0.000000	
555.200000	-18.855373	18.587214	0.000000	
555.250000	-18.832022	18.596138	0.000000	
555.300000	-18.808688	18.605100	0.000000	
555.350000	-18.785374	18.614114	0.000000	
555.400000	-18.762089	18.623202	0.000000	
555.450000	-18.738836	18.632369	0.000000	
555.500000	-18.715605	18.641595	0.000000	
555.550000	-18.692394	18.650870	0.000000	
555.600000	-18.669196	18.660181	0.000000	
555.650000	-18.646011	18.669523	0.000000	
555.700000	-18.622846	18.678916	0.000000	
555.750000	-18.599704	18.688366	0.000000	
555.800000	-18.576575	18.697848	0.000000	
555.850000	-18.553457	18.707359	0.000000	
555.900000	-18.530354	18.716906	0.000000	
555.950000	-18.507261	18.726479	0.000000	
556.000000	-18.484183	18.736088	0.000000	
556.050000	-18.461112	18.745713	0.000000	
556.100000	-18.438051	18.755363	0.000000	
556.150000	-18.415002	18.765044	0.000000	
556.200000	-18.391962	18.774744	0.000000	
556.250000	-18.368920	18.784442	0.000000	
556.300000	-18.345878	18.794140	0.000000	
556.350000	-18.322830	18.803822	0.000000	
556.400000	-18.299772	18.813480	0.000000	
556.450000	-18.276703	18.823114	0.000000	
556.500000	-18.253627	18.832729	0.000000	
556.550000	-18.230541	18.842322	0.000000	
556.600000	-18.207444	18.851885	0.000000	
556.650000	-18.184336	18.861421	0.000000	
556.700000	-18.161209	18.870909	0.000000	
556.750000	-18.138051	18.880316	0.000000	
556.800000	-18.114853	18.889614	0.000000	
556.850000	-18.091606	18.898772	0.000000	
556.900000	-18.068301	18.907748	0.000000	
556.950000	-18.044921	18.916477	0.000000	
557.000000	-18.021459	18.924903	0.000000	
557.050000	-17.997905	18.932957	0.000000	
557.100000	-17.974258	18.940587	0.000000	
557.150000	-17.950519	18.947759	0.000000	
557.200000	-17.926687	18.954449	0.000000	
557.250000	-17.902764	18.960617	0.000000	
557.300000	-17.878754	18.966241	0.000000	
557.350000	-17.854658	18.971303	0.000000	
557.400000	-17.830486	18.975772	0.000000	
557.450000	-17.806240	18.979615	0.000000	
557.500000	-17.781920	18.982811	0.000000	
557.550000	-17.757523	18.985366	0.000000	
557.600000	-17.733059	18.987285	0.000000	
557.650000	-17.708534	18.988569	0.000000	
557.700000	-17.683951	18.989236	0.000000	
557.750000	-17.659311	18.989310	0.000000	
557.800000	-17.634625	18.988794	0.000000	
557.850000	-17.609898	18.987723	0.000000	
557.900000	-17.585142	18.986150	0.000000	
557.950000	-17.560365	18.984140	0.000000	
558.000000	-17.535580	18.981749	0.000000	
558.050000	-17.510798	18.979020	0.000000	
558.100000	-17.486024	18.976023	0.000000	
558.150000	-17.461262	18.972821	0.000000	
558.200000	-17.436511	18.969458	0.000000	
558.250000	-17.411771	18.965944	0.000000	
558.300000	-17.387042	18.962323	0.000000	
558.350000	-17.362325	18.958604	0.000000	
558.400000	-17.337616	18.954812	0.000000	
558.450000	-17.312910	18.950999	0.000000	
558.500000	-17.288204	18.947192	0.000000	
558.550000	-17.263497	18.943386	0.000000	
558.600000	-17.238788	18.939594	0.000000	
558.650000	-17.214077	18.935813	0.000000	
558.700000	-17.189361	18.932061	0.000000	
558.750000	-17.164642	18.928333	0.000000	
558.800000	-17.139923	18.924601	0.000000	
558.850000	-17.115200	18.920896	0.000000	
558.900000	-17.090474	18.917207	0.000000	
558.950000	-17.065748	18.913519	0.000000	
559.000000	-17.041024	18.909817	0.000000	
559.050000	-17.016306	18.906082	0.000000	
559.100000	-16.991587	18.902345	0.000000	
559.150000	-16.966872	18.898590	0.000000	
559.200000	-16.942158	18.894823	0.000000	
559.250000	-16.917446	18.891042	0.000000	
559.300000	-16.892736	18.887245	0.000000	
559.350000	-16.868029	18.883430	0.000000	
559.400000	-16.843325	18.879597	0.000000	
559.450000	-16.818625	18.875741	0.000000	
559.500000	-16.793929	18.871860	0.000000	
559.550000	-16.769238	18.867947	0.000000	
559.600000	-16.744550	18.864019	0.000000	
559.650000	-16.719867	18.860057	0.000000	
559.700000	-16.695185	18.856086	0.000000	
559.750000	-16.670506	18.852099	0.000000	
559.800000	-16.645833	18.848080	0.000000	
559.850000	-16.621159	18.844060	0.000000	
559.900000	-16.596489	18.840018	0.000000	
559.950000	-16.571822	18.835955	0.000000	
560.000000	-16.547156	18.831890	0.000000	
560.050000	-16.522488	18.827833	0.000000	
560.100000	-16.497815	18.823811	0.000000	
560.150000	-16.473139	18.819813	0.000000	
560.200000	-16.448458	18.815848	0.000000	
560.250000	-16.423774	18.811906	0.000000	
560.300000	-16.399086	18.807983	0.000000	
560.350000	-16.374393	18.804101	0.000000	
560.400000	-16.349695	18.800257	0.000000	
560.450000	-16.324987	18.796481	0.000000	
560.500000	-16.300271	18.792761	0.000000	
560.550000	-16.275549	18.789076	0.000000	
560.600000	-16.250819	18.785443	0.000000	
560.650000	-16.226083	18.781853	0.000000	
560.700000	-16.201341	18.778294	0.000000	
560.750000	-16.176598	18.774748	0.000000	
560.800000	-16.151853	18.771213	0.000000	
560.850000	-16.127103	18.767706	0.000000	
560.900000	-16.102350	18.764216	0.000000	
560.950000	-16.077591	18.760767	0.000000	
561.000000	-16.052825	18.757364	0.000000	
561.050000	-16.028054	18.754006	0.000000	
561.100000	-16.003277	18.750686	0.000000	
561.150000	-15.978498	18.747385	0.000000	
561.200000	-15.953719	18.744085	0.000000	
561.250000	-15.928938	18.740793	0.000000	
561.300000	-15.904159	18.737497	0.000000	
561.350000	-15.879378	18.734205	0.000000	
561.400000	-15.854597	18.730920	0.000000	
561.450000	-15.829816	18.727634	0.000000	
561.500000	-15.805035	18.724345	0.000000	
561.550000	-15.780253	18.721069	0.000000	
561.600000	-15.755468	18.717816	0.000000	
561.650000	-15.730681	18.714578	0.000000	
561.700000	-15.705893	18.711348	0.000000	
561.750000	-15.681100	18.708152	0.000000	
561.800000	-15.656301	18.705009	0.000000	
561.850000	-15.631493	18.701924	0.000000	
561.900000	-15.606678	18.698911	0.000000	
561.950000	-15.581854	18.695956	0.000000	
562.000000	-15.557025	18.693055	0.000000	
562.050000	-15.532191	18.690203	0.000000	
562.100000	-15.507352	18.687387	0.000000	
562.150000	-15.482510	18.684618	0.000000	
562.200000	-15.457662	18.681901	0.000000	
562.250000	-15.432809	18.679235	0.000000	
562.300000	-15.407951	18.676610	0.000000	
562.350000	-15.383089	18.674028	0.000000	
562.400000	-15.358221	18.671493	0.000000	
562.450000	-15.333348	18.669007	0.000000	
562.500000	-15.308469	18.666597	0.000000	
562.550000	-15.283584	18.664242	0.000000	
562.600000	-15.258693	18.661953	0.000000	
562.650000	-15.233796	18.659742	0.000000	
562.700000	-15.208892	18.657623	0.000000	
562.750000	-15.183979	18.655608	0.000000	
562.800000	-15.159058	18.653682	0.000000	
562.850000	-15.134133	18.651812	0.000000	
562.900000	-15.109203	18.650002	0.000000	
562.950000	-15.084269	18.648242	0.000000	
563.000000	-15.059331	18.646541	0.000000	
563.050000	-15.034391	18.644871	0.000000	
563.100000	-15.009448	18.643247	0.000000	
563.150000	-14.984502	18.641666	0.000000	
563.200000	-14.959553	18.640127	0.000000	
563.250000	-14.934601	18.638648	0.000000	
563.300000	-14.909645	18.637256	0.000000	
563.350000	-14.884684	18.635965	0.000000	
563.400000	-14.859717	18.634802	0.000000	
563.450000	-14.834746	18.633750	0.000000	
563.500000	-14.809771	18.632789	0.000000	
563.550000	-14.784794	18.631894	0.000000	
563.600000	-14.759815	18.631051	0.000000	
563.650000	-14.734834	18.630231	0.000000	
563.700000	-14.709853	18.629409	0.000000	
563.750000	-14.684875	18.628541	0.000000	
563.800000	-14.659902	18.627608	0.000000	
563.850000	-14.634936	18.626587	0.000000	
563.900000	-14.609983	18.625446	0.000000	
563.950000	-14.585055	18.624123	0.000000	
564.000000	-14.560165	18.622551	0.000000	
564.050000	-14.535331	18.620675	0.000000	
564.100000	-14.510566	18.618462	0.000000	
564.150000	-14.485887	18.615864	0.000000	
564.200000	-14.461308	18.612841	0.000000	
564.250000	-14.436852	18.609334	0.000000	
564.300000	-14.412541	18.605288	0.000000	
564.350000	-14.388395	18.600657	0.000000	
564.400000	-14.364432	18.595397	0.000000	
564.450000	-14.340662	18.589479	0.000000	
564.500000	-14.317101	18.582877	0.000000	
564.550000	-14.293754	18.575594	0.000000	
564.600000	-14.270617	18.567642	0.000000	
564.650000	-14.247701	18.559032	0.000000	
564.700000	-14.224999	18.549786	0.000000	
564.750000	-14.202504	18.539928	0.000000	
564.800000	-14.180205	18.529504	0.000000	
564.850000	-14.158099	18.518533	0.000000	
564.900000	-14.136182	18.507049	0.000000	
564.950000	-14.114450	18.495094	0.000000	
565.000000	-14.092890	18.482731	0.000000	
565.050000	-14.071490	18.470014	0.000000	
565.100000	-14.050228	18.457007	0.000000	
565.150000	-14.029097	18.443743	0.000000	
565.200000	-14.008087	18.430254	0.000000	
565.250000	-13.987187	18.416567	0.000000	
565.300000	-13.966375	18.402732	0.000000	
565.350000	-13.945628	18.388790	0.000000	
565.400000	-13.924931	18.374773	0.000000	
565.450000	-13.904273	18.360696	0.000000	
565.500000	-13.883640	18.346583	0.000000	
565.550000	-13.863023	18.332447	0.000000	
565.600000	-13.842410	18.318305	0.000000	
565.650000	-13.821812	18.304141	0.000000	
565.700000	-13.801229	18.289958	0.000000	
565.750000	-13.780661	18.275753	0.000000	
565.800000	-13.760124	18.261505	0.000000	
565.850000	-13.739625	18.247204	0.000000	
565.900000	-13.719160	18.232852	0.000000	
565.950000	-13.698723	18.218462	0.000000	
566.000000	-13.678315	18.204030	0.000000	
566.050000	-13.657932	18.189561	0.000000	
566.100000	-13.637569	18.175064	0.000000	
566.150000	-13.617235	18.160525	0.000000	
566.200000	-13.596917	18.145961	0.000000	
566.250000	-13.576604	18.131391	0.000000	
566.300000	-13.556293	18.116819	0.000000	
566.350000	-13.535978	18.102252	0.000000	
566.400000	-13.515667	18.087679	0.000000	
566.450000	-13.495362	18.073097	0.000000	
566.500000	-13.475048	18.058529	0.000000	
566.550000	-13.454728	18.043968	0.000000	
566.600000	-13.434401	18.029418	0.000000	
566.650000	-13.414077	18.014864	0.000000	
566.700000	-13.393752	18.000310	0.000000	
566.750000	-13.373416	17.985772	0.000000	
566.800000	-13.353061	17.971260	0.000000	
566.850000	-13.332685	17.956777	0.000000	
566.900000	-13.312296	17.942313	0.000000	
566.950000	-13.291903	17.927853	0.000000	
567.000000	-13.271524	17.913374	0.000000	
567.050000	-13.251145	17.898896	0.000000	
567.100000	-13.230777	17.884401	0.000000	
567.150000	-13.210432	17.869877	0.000000	
567.200000	-13.190097	17.855339	0.000000	
567.250000	-13.169771	17.840787	0.000000	
567.300000	-13.149464	17.826210	0.000000	
567.350000	-13.129168	17.811616	0.000000	
567.400000	-13.108886	17.797002	0.000000	
567.450000	-13.088620	17.782367	0.000000	
567.500000	-13.068363	17.767719	0.000000	
567.550000	-13.048122	17.753048	0.000000	
567.600000	-13.027906	17.738342	0.000000	
567.650000	-13.007714	17.723604	0.000000	
567.700000	-12.987541	17.708841	0.000000	
567.750000	-12.967387	17.694051	0.000000	
567.800000	-12.947261	17.679223	0.000000	
567.850000	-12.927177	17.664341	0.000000	
567.900000	-12.907135	17.649401	0.000000	
567.950000	-12.887139	17.634400	0.000000	
568.000000	-12.867180	17.619353	0.000000	
568.050000	-12.847256	17.604261	0.000000	
568.100000	-12.827371	17.589119	0.000000	
568.150000	-12.807511	17.573944	0.000000	
568.200000	-12.787677	17.558737	0.000000	
568.250000	-12.767879	17.543482	0.000000	
568.300000	-12.748116	17.528182	0.000000	
568.350000	-12.728388	17.512838	0.000000	
568.400000	-12.708705	17.497434	0.000000	
568.450000	-12.689072	17.481965	0.000000	
568.500000	-12.669489	17.466433	0.000000	
568.550000	-12.649966	17.450826	0.000000	
568.600000	-12.630515	17.435129	0.000000	
568.650000	-12.611119	17.419365	0.000000	
568.700000	-12.591762	17.403551	0.000000	
568.750000	-12.572447	17.387684	0.000000	
568.800000	-12.553161	17.371782	0.000000	
568.850000	-12.533892	17.355858	0.000000	
568.900000	-12.514644	17.339908	0.000000	
568.950000	-12.495407	17.323944	0.000000	
569.000000	-12.476170	17.307981	0.000000	
569.050000	-12.456939	17.292010	0.000000	
569.100000	-12.437711	17.276036	0.000000	
569.150000	-12.418487	17.260056	0.000000	
569.200000	-12.399287	17.244048	0.000000	
569.250000	-12.380095	17.228030	0.000000	
569.300000	-12.360900	17.212016	0.000000	
569.350000	-12.341703	17.196004	0.000000	
569.400000	-12.322507	17.179991	0.000000	
569.450000	-12.303301	17.163989	0.000000	
569.500000	-12.284090	17.147995	0.000000	
569.550000	-12.264867	17.132015	0.000000	
569.600000	-12.245631	17.116049	0.000000	
569.650000	-12.226380	17.100102	0.000000	
569.700000	-12.207126	17.084158	0.000000	
569.750000	-12.187873	17.068212	0.000000	
569.800000	-12.168620	17.052266	0.000000	
569.850000	-12.149377	17.036310	0.000000	
569.900000	-12.130155	17.020327	0.000000	
569.950000	-12.110959	17.004314	0.000000	
570.000000	-12.091780	16.988282	0.000000	
570.050000	-12.072621	16.972225	0.000000	
570.100000	-12.053482	16.956145	0.000000	
570.150000	-12.034353	16.940053	0.000000	
570.200000	-12.015230	16.923953	0.000000	
570.250000	-11.996093	16.907871	0.000000	
570.300000	-11.976946	16.891801	0.000000	
570.350000	-11.957796	16.875734	0.000000	
570.400000	-11.938660	16.859651	0.000000	
570.450000	-11.919541	16.843547	0.000000	
570.500000	-11.900446	16.827413	0.000000	
570.550000	-11.881368	16.811259	0.000000	
570.600000	-11.862314	16.795078	0.000000	
570.650000	-11.843262	16.778893	0.000000	
570.700000	-11.824200	16.762721	0.000000	
570.750000	-11.805133	16.746553	0.000000	
570.800000	-11.786064	16.730389	0.000000	
570.850000	-11.766990	16.714230	0.000000	
570.900000	-11.747900	16.698091	0.000000	
570.950000	-11.728786	16.681980	0.000000	
571.000000	-11.709649	16.665897	0.000000	
571.050000	-11.690507	16.649819	0.000000	
571.100000	-11.671359	16.633747	0.000000	
571.150000	-11.652205	16.617684	0.000000	
571.200000	-11.633044	16.601627	0.000000	
571.250000	-11.613884	16.585570	0.000000	
571.300000	-11.594738	16.569496	0.000000	
571.350000	-11.575614	16.553396	0.000000	
571.400000	-11.556521	16.537260	0.000000	
571.450000	-11.537447	16.521099	0.000000	
571.500000	-11.518392	16.504918	0.000000	
571.550000	-11.499359	16.488712	0.000000	
571.600000	-11.480350	16.472478	0.000000	
571.650000	-11.461363	16.456221	0.000000	
571.700000	-11.442399	16.439936	0.000000	
571.750000	-11.423451	16.423632	0.000000	
571.800000	-11.404507	16.407324	0.000000	
571.850000	-11.385577	16.391000	0.000000	
571.900000	-11.366670	16.374649	0.000000	
571.950000	-11.347789	16.358266	0.000000	
572.000000	-11.328921	16.341867	0.000000	
572.050000	-11.310058	16.325464	0.000000	
572.100000	-11.291178	16.309081	0.000000	
572.150000	-11.272292	16.292704	0.000000	
572.200000	-11.253401	16.276333	0.000000	
572.250000	-11.234514	16.259958	0.000000	
572.300000	-11.215632	16.243577	0.000000	
572.350000	-11.196740	16.227207	0.000000	
572.400000	-11.177840	16.210848	0.000000	
572.450000	-11.158927	16.194503	0.000000	
572.500000	-11.140004	16.178170	0.000000	
572.550000	-11.121072	16.161846	0.000000	
572.600000	-11.102118	16.145548	0.000000	
572.650000	-11.083151	16.129265	0.000000	
572.700000	-11.064151	16.113018	0.000000	
572.750000	-11.045129	16.096798	0.000000	
572.800000	-11.026108	16.080576	0.000000	
572.850000	-11.007100	16.064340	0.000000	
572.900000	-10.988091	16.048104	0.000000	
572.950000	-10.969080	16.031871	0.000000	
573.000000	-10.950075	16.015631	0.000000	
573.050000	-10.931083	15.999376	0.000000	
573.100000	-10.912111	15.983098	0.000000	
573.150000	-10.893160	15.966794	0.000000	
573.200000	-10.874224	15.950473	0.000000	
573.250000	-10.855297	15.934143	0.000000	
573.300000	-10.836365	15.917816	0.000000	
573.350000	-10.817438	15.901485	0.000000	
573.400000	-10.798523	15.885140	0.000000	
573.450000	-10.779611	15.868791	0.000000	
573.500000	-10.760689	15.852453	0.000000	
573.550000	-10.741751	15.836135	0.000000	
573.600000	-10.722783	15.819853	0.000000	
573.650000	-10.703801	15.803588	0.000000	
573.700000	-10.684791	15.787355	0.000000	
573.750000	-10.665768	15.771139	0.000000	
573.800000	-10.646721	15.754952	0.000000	
573.850000	-10.627637	15.738809	0.000000	
573.900000	-10.608507	15.722722	0.000000	
573.950000	-10.589341	15.706677	0.000000	
574.000000	-10.570138	15.690677	0.000000	
574.050000	-10.550907	15.674709	0.000000	
574.100000	-10.531642	15.658783	0.000000	
574.150000	-10.512343	15.642896	0.000000	
574.200000	-10.493030	15.627025	0.000000	
574.250000	-10.473727	15.611144	0.000000	
574.300000	-10.454449	15.595234	0.000000	
574.350000	-10.435228	15.579263	0.000000	
574.400000	-10.416070	15.563222	0.000000	
574.450000	-10.397017	15.547074	0.000000	
574.500000	-10.378103	15.530787	0.000000	
574.550000	-10.359367	15.514325	0.000000	
574.600000	-10.340853	15.497654	0.000000	
574.650000	-10.322617	15.480732	0.000000	
574.700000	-10.304704	15.463537	0.000000	
574.750000	-10.287180	15.446027	0.000000	
574.800000	-10.270086	15.428186	0.000000	
574.850000	-10.253485	15.409976	0.000000	
574.900000	-10.237415	15.391385	0.000000	
574.950000	-10.221911	15.372399	0.000000	
575.000000	-10.207008	15.353010	0.000000	
575.050000	-10.192721	15.333215	0.000000	
575.100000	-10.179050	15.313023	0.000000	
575.150000	-10.166012	15.292423	0.000000	
575.200000	-10.153597	15.271419	0.000000	
575.250000	-10.141790	15.250029	0.000000	
575.300000	-10.130551	15.228284	0.000000	
575.350000	-10.119856	15.206203	0.000000	
575.400000	-10.109673	15.183810	0.000000	
575.450000	-10.099982	15.161124	0.000000	
575.500000	-10.090729	15.138185	0.000000	
575.550000	-10.081888	15.115020	0.000000	
575.600000	-10.073422	15.091655	0.000000	
575.650000	-10.065291	15.068119	0.000000	
575.700000	-10.057429	15.044453	0.000000	
575.750000	-10.049780	15.020690	0.000000	
575.800000	-10.042291	14.996861	0.000000	
575.850000	-10.034904	14.972991	0.000000	
575.900000	-10.027575	14.949100	0.000000	
575.950000	-10.020262	14.925202	0.000000	
576.000000	-10.012915	14.901317	0.000000	
576.050000	-10.005497	14.877455	0.000000	
576.100000	-9.997998	14.853618	0.000000	
576.150000	-9.990402	14.829811	0.000000	
576.200000	-9.982700	14.806037	0.000000	
576.250000	-9.974891	14.782296	0.000000	
576.300000	-9.966973	14.758590	0.000000	
576.350000	-9.958948	14.734919	0.000000	
576.400000	-9.950832	14.711279	0.000000	
576.450000	-9.942646	14.687662	0.000000	
576.500000	-9.934406	14.664063	0.000000	
576.550000	-9.926124	14.640479	0.000000	
576.600000	-9.917787	14.616913	0.000000	
576.650000	-9.909406	14.593362	0.000000	
576.700000	-9.900985	14.569825	0.000000	
576.750000	-9.892528	14.546300	0.000000	
576.800000	-9.884054	14.522782	0.000000	
576.850000	-9.875557	14.499271	0.000000	
576.900000	-9.867042	14.475767	0.000000	
576.950000	-9.858512	14.452268	0.000000	
577.000000	-9.849968	14.428774	0.000000	
577.050000	-9.841432	14.405278	0.000000	
577.100000	-9.832915	14.381774	0.000000	
577.150000	-9.824421	14.358263	0.000000	
577.200000	-9.815951	14.334743	0.000000	
577.250000	-9.807514	14.311212	0.000000	
577.300000	-9.799127	14.287664	0.000000	
577.350000	-9.790783	14.264101	0.000000	
577.400000	-9.782485	14.240522	0.000000	
577.450000	-9.774233	14.216925	0.000000	
577.500000	-9.766006	14.193320	0.000000	
577.550000	-9.757787	14.169713	0.000000	
577.600000	-9.749595	14.146096	0.000000	
577.650000	-9.741438	14.122466	0.000000	
577.700000	-9.733305	14.098828	0.000000	
577.750000	-9.725206	14.075179	0.000000	
577.800000	-9.717148	14.051515	0.000000	
577.850000	-9.709129	14.027837	0.000000	
577.900000	-9.701155	14.004145	0.000000	
577.950000	-9.693222	13.980439	0.000000	
578.000000	-9.685335	13.956717	0.000000	
578.050000	-9.677482	13.932984	0.000000	
578.100000	-9.669651	13.909243	0.000000	
578.150000	-9.661842	13.885495	0.000000	
578.200000	-9.654041	13.861745	0.000000	
578.250000	-9.646255	13.837989	0.000000	
578.300000	-9.638487	13.814228	0.000000	
578.350000	-9.630726	13.790464	0.000000	
578.400000	-9.622995	13.766692	0.000000	
578.450000	-9.615289	13.742910	0.000000	
578.500000	-9.607595	13.719125	0.000000	
578.550000	-9.599930	13.695331	0.000000	
578.600000	-9.592309	13.671522	0.000000	
578.650000	-9.584723	13.647702	0.000000	
578.700000	-9.577168	13.623872	0.000000	
578.750000	-9.569646	13.600031	0.000000	
578.800000	-9.562151	13.576182	0.000000	
578.850000	-9.554674	13.552327	0.000000	
578.900000	-9.547207	13.528469	0.000000	
578.950000	-9.539726	13.504615	0.000000	
579.000000	-9.532257	13.480758	0.000000	
579.050000	-9.524778	13.456904	0.000000	
579.100000	-9.517291	13.433052	0.000000	
579.150000	-9.509786	13.409206	0.000000	
579.200000	-9.502260	13.385368	0.000000	
579.250000	-9.494709	13.361538	0.000000	
579.300000	-9.487113	13.337723	0.000000	
579.350000	-9.479455	13.313929	0.000000	
579.400000	-9.471730	13.290158	0.000000	
579.450000	-9.463915	13.266418	0.000000	
579.500000	-9.456041	13.242698	0.000000	
579.550000	-9.448120	13.218995	0.000000	
579.600000	-9.440149	13.195308	0.000000	
579.650000	-9.432101	13.171648	0.000000	
579.700000	-9.423982	13.148012	0.000000	
579.750000	-9.415792	13.124399	0.000000	
579.800000	-9.407535	13.100810	0.000000	
579.850000	-9.399198	13.077248	0.000000	
579.900000	-9.390804	13.053705	0.000000	
579.950000	-9.382344	13.030185	0.000000	
580.000000	-9.373819	13.006688	0.000000	
580.050000	-9.365230	12.983213	0.000000	
580.100000	-9.356577	12.959761	0.000000	
580.150000	-9.347878	12.936325	0.000000	
580.200000	-9.339164	12.912895	0.000000	
580.250000	-9.330412	12.889477	0.000000	
580.300000	-9.321648	12.866064	0.000000	
580.350000	-9.312903	12.842645	0.000000	
580.400000	-9.304196	12.819212	0.000000	
580.450000	-9.295541	12.795761	0.000000	
580.500000	-9.286943	12.772289	0.000000	
580.550000	-9.278373	12.748808	0.000000	
580.600000	-9.269808	12.725324	0.000000	
580.650000	-9.261261	12.701834	0.000000	
580.700000	-9.252737	12.678335	0.000000	
580.750000	-9.244222	12.654834	0.000000	
580.800000	-9.235708	12.631332	0.000000	
580.850000	-9.227211	12.607823	0.000000	
580.900000	-9.218755	12.584300	0.000000	
580.950000	-9.210333	12.560765	0.000000	
581.000000	-9.201964	12.537211	0.000000	
581.050000	-9.193672	12.513630	0.000000	
581.100000	-9.185443	12.490028	0.000000	
581.150000	-9.177300	12.466396	0.000000	
581.200000	-9.169249	12.442734	0.000000	
581.250000	-9.161278	12.419046	0.000000	
581.300000	-9.153407	12.395325	0.000000	
581.350000	-9.145625	12.371576	0.000000	
581.400000	-9.137925	12.347802	0.000000	
581.450000	-9.130286	12.324010	0.000000	
581.500000	-9.122689	12.300205	0.000000	
581.550000	-9.115157	12.276380	0.000000	
581.600000	-9.107715	12.252528	0.000000	
581.650000	-9.100373	12.228644	0.000000	
581.700000	-9.093105	12.204738	0.000000	
581.750000	-9.085921	12.180805	0.000000	
581.800000	-9.078837	12.156841	0.000000	
581.850000	-9.071853	12.132845	0.000000	
581.900000	-9.064945	12.108824	0.000000	
581.950000	-9.058093	12.084786	0.000000	
582.000000	-9.051298	12.060730	0.000000	
582.050000	-9.044561	12.036657	0.000000	
582.100000	-9.037886	12.012567	0.000000	
582.150000	-9.031290	11.988454	0.000000	
582.200000	-9.024769	11.964322	0.000000	
582.250000	-9.018327	11.940170	0.000000	
582.300000	-9.011986	11.915994	0.000000	
582.350000	-9.005779	11.891789	0.000000	
582.400000	-8.999747	11.867550	0.000000	
582.450000	-8.993923	11.843275	0.000000	
582.500000	-8.988332	11.818960	0.000000	
582.550000	-8.983016	11.794601	0.000000	
582.600000	-8.978008	11.770201	0.000000	
582.650000	-8.973319	11.745764	0.000000	
582.700000	-8.968977	11.721287	0.000000	
582.750000	-8.965017	11.696769	0.000000	
582.800000	-8.961449	11.672210	0.000000	
582.850000	-8.958287	11.647616	0.000000	
582.900000	-8.955543	11.622984	0.000000	
582.950000	-8.953227	11.598311	0.000000	
583.000000	-8.951364	11.573598	0.000000	
583.050000	-8.949943	11.548848	0.000000	
583.100000	-8.948939	11.524062	0.000000	
583.150000	-8.948335	11.499244	0.000000	
583.200000	-8.948119	11.474399	0.000000	
583.250000	-8.948290	11.449530	0.000000	
583.300000	-8.948827	11.424640	0.000000	
583.350000	-8.949711	11.399734	0.000000	
583.400000	-8.950899	11.374820	0.000000	
583.450000	-8.952361	11.349906	0.000000	
583.500000	-8.954065	11.324996	0.000000	
583.550000	-8.955987	11.300091	0.000000	
583.600000	-8.958107	11.275194	0.000000	
583.650000	-8.960391	11.250309	0.000000	
583.700000	-8.962804	11.225432	0.000000	
583.750000	-8.965338	11.200567	0.000000	
583.800000	-8.967984	11.175712	0.000000	
583.850000	-8.970731	11.150869	0.000000	
583.900000	-8.973544	11.126032	0.000000	
583.950000	-8.976435	11.101205	0.000000	
584.000000	-8.979407	11.076388	0.000000	
584.050000	-8.982430	11.051578	0.000000	
584.100000	-8.985489	11.026772	0.000000	
584.150000	-8.988606	11.001972	0.000000	
584.200000	-8.991801	10.977182	0.000000	
584.250000	-8.995074	10.952402	0.000000	
584.300000	-8.998406	10.927630	0.000000	
584.350000	-9.001809	10.902866	0.000000	
584.400000	-9.005256	10.878108	0.000000	
584.450000	-9.008758	10.853357	0.000000	
584.500000	-9.012314	10.828613	0.000000	
584.550000	-9.015932	10.803879	0.000000	
584.600000	-9.019623	10.779155	0.000000	
584.650000	-9.023381	10.754441	0.000000	
584.700000	-9.027212	10.729740	0.000000	
584.750000	-9.031114	10.705050	0.000000	
584.800000	-9.035066	10.680368	0.000000	
584.850000	-9.039049	10.655691	0.000000	
584.900000	-9.043053	10.631017	0.000000	
584.950000	-9.047095	10.606350	0.000000	
585.000000	-9.051144	10.581683	0.000000	
585.050000	-9.055203	10.557018	0.000000	
585.100000	-9.059287	10.532357	0.000000	
585.150000	-9.063401	10.507701	0.000000	
585.200000	-9.067536	10.483048	0.000000	
585.250000	-9.071682	10.458396	0.000000	
585.300000	-9.075849	10.433748	0.000000	
585.350000	-9.080045	10.409105	0.000000	
585.400000	-9.084263	10.384465	0.000000	
585.450000	-9.088505	10.359829	0.000000	
585.500000	-9.092772	10.335198	0.000000	
585.550000	-9.097065	10.310570	0.000000	
585.600000	-9.101357	10.285942	0.000000	
585.650000	-9.105647	10.261314	0.000000	
585.700000	-9.109927	10.236685	0.000000	
585.750000	-9.114176	10.212049	0.000000	
585.800000	-9.118408	10.187411	0.000000	
585.850000	-9.122648	10.162773	0.000000	
585.900000	-9.126906	10.138140	0.000000	
585.950000	-9.131193	10.113511	0.000000	
586.000000	-9.135492	10.088885	0.000000	
586.050000	-9.139828	10.064265	0.000000	
586.100000	-9.144185	10.039648	0.000000	
586.150000	-9.148570	10.015037	0.000000	
586.200000	-9.153003	9.990435	0.000000	
586.250000	-9.157482	9.965841	0.000000	
586.300000	-9.161998	9.941253	0.000000	
586.350000	-9.166533	9.916669	0.000000	
586.400000	-9.171067	9.892086	0.000000	
586.450000	-9.175609	9.867503	0.000000	
586.500000	-9.180172	9.842924	0.000000	
586.550000	-9.184741	9.818346	0.000000	
586.600000	-9.189297	9.793766	0.000000	
586.650000	-9.193864	9.769188	0.000000	
586.700000	-9.198440	9.744611	0.000000	
586.750000	-9.203018	9.720035	0.000000	
586.800000	-9.207611	9.695462	0.000000	
586.850000	-9.212217	9.670890	0.000000	
586.900000	-9.216815	9.646318	0.000000	
586.950000	-9.221407	9.621744	0.000000	
587.000000	-9.226001	9.597170	0.000000	
587.050000	-9.230621	9.572602	0.000000	
587.100000	-9.235254	9.548036	0.000000	
587.150000	-9.239910	9.523475	0.000000	
587.200000	-9.244586	9.498918	0.000000	
587.250000	-9.249264	9.474361	0.000000	
587.300000	-9.253943	9.449804	0.000000	
587.350000	-9.258611	9.425246	0.000000	
587.400000	-9.263255	9.400683	0.000000	
587.450000	-9.267903	9.376120	0.000000	
587.500000	-9.272570	9.351561	0.000000	
587.550000	-9.277245	9.327004	0.000000	
587.600000	-9.281943	9.302450	0.000000	
587.650000	-9.286674	9.277904	0.000000	
587.700000	-9.291435	9.253362	0.000000	
587.750000	-9.296209	9.228824	0.000000	
587.800000	-9.301018	9.204292	0.000000	
587.850000	-9.305848	9.179764	0.000000	
587.900000	-9.310702	9.155241	0.000000	
587.950000	-9.315603	9.130727	0.000000	
588.000000	-9.320552	9.106224	0.000000	
588.050000	-9.325527	9.081726	0.000000	
588.100000	-9.330518	9.057231	0.000000	
588.150000	-9.335543	9.032744	0.000000	
588.200000	-9.340614	9.008267	0.000000	
588.250000	-9.345721	8.983798	0.000000	
588.300000	-9.350852	8.959335	0.000000	
588.350000	-9.355996	8.934874	0.000000	
588.400000	-9.361155	8.910416	0.000000	
588.450000	-9.366329	8.885961	0.000000	
588.500000	-9.371513	8.861508	0.000000	
588.550000	-9.376686	8.837052	0.000000	
588.600000	-9.381865	8.812598	0.000000	
588.650000	-9.387036	8.788142	0.000000	
588.700000	-9.392200	8.763685	0.000000	
588.750000	-9.397355	8.739226	0.000000	
588.800000	-9.402525	8.714770	0.000000	
588.850000	-9.407711	8.690318	0.000000	
588.900000	-9.412911	8.665868	0.000000	
588.950000	-9.418136	8.641424	0.000000	
589.000000	-9.423377	8.616984	0.000000	
589.050000	-9.428626	8.592545	0.000000	
589.100000	-9.433894	8.568111	0.000000	
589.150000	-9.439174	8.543680	0.000000	
589.200000	-9.444464	8.519251	0.000000	
589.250000	-9.449769	8.494825	0.000000	
589.300000	-9.455092	8.470405	0.000000	
589.350000	-9.460466	8.445997	0.000000	
589.400000	-9.465918	8.421608	0.000000	
589.450000	-9.471445	8.397237	0.000000	
589.500000	-9.477070	8.372889	0.000000	
589.550000	-9.482791	8.348564	0.000000	
589.600000	-9.488617	8.324263	0.000000	
589.650000	-9.494543	8.299986	0.000000	
589.700000	-9.500563	8.275731	0.000000	
589.750000	-9.506669	8.251496	0.000000	
589.800000	-9.512839	8.227276	0.000000	
589.850000	-9.519047	8.203064	0.000000	
589.900000	-9.525267	8.178855	0.000000	
589.950000	-9.531492	8.154648	0.000000	
590.000000	-9.537722	8.130441	0.000000	
590.050000	-9.543948	8.106233	0.000000	
590.100000	-9.550183	8.082028	0.000000	
590.150000	-9.556417	8.057822	0.000000	
590.200000	-9.562643	8.033615	0.000000	
590.250000	-9.568852	8.009403	0.000000	
590.300000	-9.575050	7.985189	0.000000	
590.350000	-9.581237	7.960972	0.000000	
590.400000	-9.587416	7.936753	0.000000	
590.450000	-9.593597	7.912534	0.000000	
590.500000	-9.599806	7.888323	0.000000	
590.550000	-9.606052	7.864123	0.000000	
590.600000	-9.612378	7.839948	0.000000	
590.650000	-9.618787	7.815801	0.000000	
590.700000	-9.625304	7.791690	0.000000	
590.750000	-9.631968	7.767629	0.000000	
590.800000	-9.638802	7.743629	0.000000	
590.850000	-9.645839	7.719703	0.000000	
590.900000	-9.653113	7.695861	0.000000	
590.950000	-9.660668	7.672125	0.000000	
591.000000	-9.668556	7.648517	0.000000	
591.050000	-9.676799	7.625055	0.000000	
591.100000	-9.685429	7.601762	0.000000	
591.150000	-9.694444	7.578640	0.000000	
591.200000	-9.703861	7.555695	0.000000	
591.250000	-9.713694	7.532933	0.000000	
591.300000	-9.723943	7.510357	0.000000	
591.350000	-9.734600	7.487969	0.000000	
591.400000	-9.745656	7.465764	0.000000	
591.450000	-9.757099	7.443742	0.000000	
591.500000	-9.768912	7.421901	0.000000	
591.550000	-9.781091	7.400241	0.000000	
591.600000	-9.793628	7.378765	0.000000	
591.650000	-9.806470	7.357450	0.000000	
591.700000	-9.819591	7.336282	0.000000	
591.750000	-9.832952	7.315242	0.000000	
591.800000	-9.846544	7.294330	0.000000	
591.850000	-9.860342	7.273535	0.000000	
591.900000	-9.874331	7.252853	0.000000	
591.950000	-9.888500	7.232278	0.000000	
592.000000	-9.902804	7.211786	0.000000	
592.050000	-9.917216	7.191364	0.000000	
592.100000	-9.931712	7.170998	0.000000	
592.150000	-9.946250	7.150662	0.000000	
592.200000	-9.960814	7.130344	0.000000	
592.250000	-9.975403	7.110044	0.000000	
592.300000	-9.990015	7.089759	0.000000	
592.350000	-10.004629	7.069477	0.000000	
592.400000	-10.019235	7.049189	0.000000	
592.450000	-10.033839	7.028899	0.000000	
592.500000	-10.048431	7.008601	0.000000	
592.550000	-10.063000	6.988286	0.000000	
592.600000	-10.077548	6.967957	0.000000	
592.650000	-10.092071	6.947610	0.000000	
592.700000	-10.106583	6.927253	0.000000	
592.750000	-10.121110	6.906909	0.000000	
592.800000	-10.135665	6.886583	0.000000	
592.850000	-10.150240	6.866273	0.000000	
592.900000	-10.164825	6.845970	0.000000	
592.950000	-10.179429	6.825681	0.000000	
593.000000	-10.194053	6.805407	0.000000	
593.050000	-10.208711	6.785157	0.000000	
593.100000	-10.223377	6.764913	0.000000	
593.150000	-10.238051	6.744675	0.000000	
593.200000	-10.252749	6.724456	0.000000	
593.250000	-10.267481	6.704262	0.000000	
593.300000	-10.282245	6.684091	0.000000	
593.350000	-10.297047	6.663949	0.000000	
593.400000	-10.311885	6.643835	0.000000	
593.450000	-10.326776	6.623759	0.000000	
593.500000	-10.341722	6.603725	0.000000	
593.550000	-10.356725	6.583733	0.000000	
593.600000	-10.371790	6.563787	0.000000	
593.650000	-10.386920	6.543890	0.000000	
593.700000	-10.402120	6.524047	0.000000	
593.750000	-10.417399	6.504265	0.000000	
593.800000	-10.432734	6.484528	0.000000	
593.850000	-10.448118	6.464827	0.000000	
593.900000	-10.463548	6.445163	0.000000	
593.950000	-10.479030	6.425539	0.000000	
594.000000	-10.494540	6.405937	0.000000	
594.050000	-10.510074	6.386353	0.000000	
594.100000	-10.525618	6.366776	0.000000	
594.150000	-10.541187	6.347219	0.000000	
594.200000	-10.556785	6.327685	0.000000	
594.250000	-10.572385	6.308153	0.000000	
594.300000	-10.587995	6.288627	0.000000	
594.350000	-10.603610	6.269106	0.000000	
594.400000	-10.619218	6.249579	0.000000	
594.450000	-10.634821	6.230049	0.000000	
594.500000	-10.650396	6.210497	0.000000	
594.550000	-10.665954	6.190931	0.000000	
594.600000	-10.681484	6.171344	0.000000	
594.650000	-10.696998	6.151745	0.000000	
594.700000	-10.712489	6.132128	0.000000	
594.750000	-10.727943	6.112482	0.000000	
594.800000	-10.743338	6.092788	0.000000	
594.850000	-10.758673	6.073047	0.000000	
594.900000	-10.773956	6.053267	0.000000	
594.950000	-10.789195	6.033451	0.000000	
595.000000	-10.804393	6.013605	0.000000	
595.050000	-10.819575	5.993745	0.000000	
595.100000	-10.834744	5.973876	0.000000	
595.150000	-10.849925	5.954016	0.000000	
595.200000	-10.865103	5.934153	0.000000	
595.250000	-10.880268	5.914280	0.000000	
595.300000	-10.895442	5.894414	0.000000	
595.350000	-10.910610	5.874544	0.000000	
595.400000	-10.925769	5.854666	0.000000	
595.450000	-10.940913	5.834777	0.000000	
595.500000	-10.956061	5.814891	0.000000	
595.550000	-10.971212	5.795008	0.000000	
595.600000	-10.986366	5.775126	0.000000	
595.650000	-11.001533	5.755255	0.000000	
595.700000	-11.016712	5.735392	0.000000	
595.750000	-11.031900	5.715537	0.000000	
595.800000	-11.047098	5.695689	0.000000	
595.850000	-11.062318	5.675859	0.000000	
595.900000	-11.077585	5.656064	0.000000	
595.950000	-11.092912	5.636316	0.000000	
596.000000	-11.108284	5.616603	0.000000	
596.050000	-11.123689	5.596915	0.000000	
596.100000	-11.139115	5.577245	0.000000	
596.150000	-11.154556	5.557586	0.000000	
596.200000	-11.170006	5.537934	0.000000	
596.250000	-11.185485	5.518306	0.000000	
596.300000	-11.200984	5.498693	0.000000	
596.350000	-11.216501	5.479096	0.000000	
596.400000	-11.232047	5.459521	0.000000	
596.450000	-11.247625	5.439972	0.000000	
596.500000	-11.263244	5.420456	0.000000	
596.550000	-11.278897	5.400966	0.000000	
596.600000	-11.294595	5.381512	0.000000	
596.650000	-11.310326	5.362084	0.000000	
596.700000	-11.326079	5.342673	0.000000	
596.750000	-11.341851	5.323277	0.000000	
596.800000	-11.357643	5.303898	0.000000	
596.850000	-11.373483	5.284558	0.000000	
596.900000	-11.389372	5.265258	0.000000	
596.950000	-11.405310	5.246000	0.000000	
597.000000	-11.421300	5.226788	0.000000	
597.050000	-11.437365	5.207644	0.000000	
597.100000	-11.453531	5.188590	0.000000	
597.150000	-11.469813	5.169643	0.000000	
597.200000	-11.486218	5.150810	0.000000	
597.250000	-11.502757	5.132105	0.000000	
597.300000	-11.519429	5.113529	0.000000	
597.350000	-11.536267	5.095115	0.000000	
597.400000	-11.553280	5.076883	0.000000	
597.450000	-11.570474	5.058837	0.000000	
597.500000	-11.587866	5.041000	0.000000	
597.550000	-11.605470	5.023389	0.000000	
597.600000	-11.623303	5.006031	0.000000	
597.650000	-11.641369	4.988932	0.000000	
597.700000	-11.659684	4.972115	0.000000	
597.750000	-11.678265	4.955601	0.000000	
597.800000	-11.697113	4.939392	0.000000	
597.850000	-11.716232	4.923504	0.000000	
597.900000	-11.735610	4.907932	0.000000	
597.950000	-11.755240	4.892668	0.000000	
598.000000	-11.775111	4.877706	0.000000	
598.050000	-11.795204	4.863024	0.000000	
598.100000	-11.815501	4.848608	0.000000	
598.150000	-11.835994	4.834451	0.000000	
598.200000	-11.856665	4.820538	0.000000	
598.250000	-11.877510	4.806864	0.000000	
598.300000	-11.898509	4.793406	0.000000	
598.350000	-11.919654	4.780154	0.000000	
598.400000	-11.940922	4.767080	0.000000	
598.450000	-11.962283	4.754145	0.000000	
598.500000	-11.983726	4.741328	0.000000	
598.550000	-12.005227	4.728597	0.000000	
598.600000	-12.026770	4.715930	0.000000	
598.650000	-12.048333	4.703292	0.000000	
598.700000	-12.069914	4.690683	0.000000	
598.750000	-12.091502	4.678086	0.000000	
598.800000	-12.113092	4.665491	0.000000	
598.850000	-12.134673	4.652881	0.000000	
598.900000	-12.156225	4.640225	0.000000	
598.950000	-12.177747	4.627517	0.000000	
599.000000	-12.199247	4.614773	0.000000	
599.050000	-12.220715	4.601976	0.000000	
599.100000	-12.242150	4.589124	0.000000	
599.150000	-12.263541	4.576200	0.000000	
599.200000	-12.284886	4.563200	0.000000	
599.250000	-12.306181	4.550118	0.000000	
599.300000	-12.327433	4.536964	0.000000	
599.350000	-12.348656	4.523762	0.000000	
599.400000	-12.369842	4.510496	0.000000	
599.450000	-12.390996	4.497179	0.000000	
599.500000	-12.412117	4.483806	0.000000	
599.550000	-12.433208	4.470386	0.000000	
599.600000	-12.454268	4.456919	0.000000	
599.650000	-12.475309	4.443422	0.000000	
599.700000	-12.496338	4.429907	0.000000	
599.750000	-12.517353	4.416369	0.000000	
599.800000	-12.538347	4.402799	0.000000	
599.850000	-12.559315	4.389188	0.000000	
599.900000	-12.580260	4.375543	0.000000	
599.950000	-12.601192	4.361875	0.000000	
600.000000	-12.622109	4.348187	0.000000	
600.050000	-12.643008	4.334470	0.000000	
600.100000	-12.663890	4.320725	0.000000	
600.150000	-12.684755	4.306957	0.000000	
600.200000	-12.705618	4.293184	0.000000	
600.250000	-12.726476	4.279405	0.000000	
600.300000	-12.747330	4.265620	0.000000	
600.350000	-12.768164	4.251804	0.000000	
600.400000	-12.788961	4.237932	0.000000	
600.450000	-12.809727	4.224015	0.000000	
600.500000	-12.830461	4.210049	0.000000	
600.550000	-12.851165	4.196041	0.000000	
600.600000	-12.871846	4.181999	0.000000	
600.650000	-12.892520	4.167946	0.000000	
600.700000	-12.913183	4.153877	0.000000	
600.750000	-12.933838	4.139796	0.000000	
600.800000	-12.954483	4.125700	0.000000	
600.850000	-12.975118	4.111590	0.000000	
600.900000	-12.995746	4.097469	0.000000	
600.950000	-13.016362	4.083331	0.000000	
601.000000	-13.036967	4.069176	0.000000	
601.050000	-13.057560	4.055004	0.000000	
601.100000	-13.078140	4.040812	0.000000	
601.150000	-13.098706	4.026601	0.000000	
601.200000	-13.119271	4.012386	0.000000	
601.250000	-13.139830	3.998164	0.000000	
601.300000	-13.160378	3.983926	0.000000	
601.350000	-13.180925	3.969686	0.000000	
601.400000	-13.201472	3.955446	0.000000	
601.450000	-13.222034	3.941227	0.000000	
601.500000	-13.242610	3.927029	0.000000	
601.550000	-13.263206	3.912861	0.000000	
601.600000	-13.283836	3.898743	0.000000	
601.650000	-13.304520	3.884706	0.000000	
601.700000	-13.325260	3.870759	0.000000	
601.750000	-13.346073	3.856932	0.000000	
601.800000	-13.366970	3.843251	0.000000	
601.850000	-13.387966	3.829746	0.000000	
601.900000	-13.409077	3.816453	0.000000	
601.950000	-13.430319	3.803412	0.000000	
602.000000	-13.451708	3.790652	0.000000	
602.050000	-13.473250	3.778198	0.000000	
602.100000	-13.494948	3.766063	0.000000	
602.150000	-13.516802	3.754253	0.000000	
602.200000	-13.538825	3.742798	0.000000	
602.250000	-13.561013	3.731695	0.000000	
602.300000	-13.583367	3.720958	0.000000	
602.350000	-13.605891	3.710583	0.000000	
602.400000	-13.628578	3.700567	0.000000	
602.450000	-13.651440	3.690935	0.000000	
602.500000	-13.674466	3.681668	0.000000	
602.550000	-13.697657	3.672763	0.000000	
602.600000	-13.721005	3.664208	0.000000	
602.650000	-13.744499	3.655979	0.000000	
602.700000	-13.768123	3.648062	0.000000	
602.750000	-13.791863	3.640424	0.000000	
602.800000	-13.815702	3.633041	0.000000	
602.850000	-13.839621	3.625873	0.000000	
602.900000	-13.863606	3.618894	0.000000	
602.950000	-13.887648	3.612081	0.000000	
603.000000	-13.911728	3.605390	0.000000	
603.050000	-13.935843	3.598815	0.000000	
603.100000	-13.959983	3.592323	0.000000	
603.150000	-13.984141	3.585899	0.000000	
603.200000	-14.008319	3.579547	0.000000	
603.250000	-14.032511	3.573244	0.000000	
603.300000	-14.056716	3.566998	0.000000	
603.350000	-14.080933	3.560800	0.000000	
603.400000	-14.105161	3.554641	0.000000	
603.450000	-14.129398	3.548524	0.000000	
603.500000	-14.153644	3.542443	0.000000	
603.550000	-14.177902	3.536412	0.000000	
603.600000	-14.202177	3.530455	0.000000	
603.650000	-14.226469	3.524565	0.000000	
603.700000	-14.250781	3.518767	0.000000	
603.750000	-14.275108	3.513030	0.000000	
603.800000	-14.299451	3.507362	0.000000	
603.850000	-14.323810	3.501765	0.000000	
603.900000	-14.348185	3.496234	0.000000	
603.950000	-14.372577	3.490780	0.000000	
604.000000	-14.396982	3.485381	0.000000	
604.050000	-14.421404	3.480055	0.000000	
604.100000	-14.445835	3.474773	0.000000	
604.150000	-14.470280	3.469548	0.000000	
604.200000	-14.494736	3.464374	0.000000	
604.250000	-14.519198	3.459227	0.000000	
604.300000	-14.543669	3.454116	0.000000	
604.350000	-14.568143	3.449027	0.000000	
604.400000	-14.592623	3.443959	0.000000	
604.450000	-14.617112	3.438934	0.000000	
604.500000	-14.641606	3.433931	0.000000	
604.550000	-14.666103	3.428944	0.000000	
604.600000	-14.690605	3.423980	0.000000	
604.650000	-14.715108	3.419024	0.000000	
604.700000	-14.739612	3.414072	0.000000	
604.750000	-14.764115	3.409111	0.000000	
604.800000	-14.788620	3.404166	0.000000	
604.850000	-14.813129	3.399239	0.000000	
604.900000	-14.837642	3.394331	0.000000	
604.950000	-14.862160	3.389448	0.000000	
605.000000	-14.886680	3.384577	0.000000	
605.050000	-14.911207	3.379746	0.000000	
605.100000	-14.935740	3.374946	0.000000	
605.150000	-14.960283	3.370202	0.000000	
605.200000	-14.984836	3.365512	0.000000	
605.250000	-15.009397	3.360864	0.000000	
605.300000	-15.033966	3.356261	0.000000	
605.350000	-15.058541	3.351688	0.000000	
605.400000	-15.083124	3.347155	0.000000	
605.450000	-15.107711	3.342648	0.000000	
605.500000	-15.132304	3.338170	0.000000	
605.550000	-15.156908	3.333748	0.000000	
605.600000	-15.181523	3.329394	0.000000	
605.650000	-15.206146	3.325084	0.000000	
605.700000	-15.230778	3.320826	0.000000	
605.750000	-15.255419	3.316618	0.000000	
605.800000	-15.280068	3.312458	0.000000	
605.850000	-15.304725	3.308344	0.000000	
605.900000	-15.329388	3.304260	0.000000	
605.950000	-15.354055	3.300202	0.000000	
606.000000	-15.378729	3.296187	0.000000	
606.050000	-15.403410	3.292219	0.000000	
606.100000	-15.428098	3.288290	0.000000	
606.150000	-15.452792	3.284408	0.000000	
606.200000	-15.477491	3.280558	0.000000	
606.250000	-15.502195	3.276741	0.000000	
606.300000	-15.526907	3.272981	0.000000	
606.350000	-15.551628	3.269288	0.000000	
606.400000	-15.576362	3.265684	0.000000	
606.450000	-15.601105	3.262141	0.000000	
606.500000	-15.625859	3.258668	0.000000	
606.550000	-15.650619	3.255244	0.000000	
606.600000	-15.675387	3.251865	0.000000	
606.650000	-15.700158	3.248515	0.000000	
606.700000	-15.724935	3.245211	0.000000	
606.750000	-15.749717	3.241943	0.000000	
606.800000	-15.774507	3.238736	0.000000	
606.850000	-15.799304	3.235586	0.000000	
606.900000	-15.824108	3.232479	0.000000	
606.950000	-15.848919	3.229427	0.000000	
607.000000	-15.873735	3.226416	0.000000	
607.050000	-15.898556	3.223439	0.000000	
607.100000	-15.923380	3.220481	0.000000	
607.150000	-15.948206	3.217541	0.000000	
607.200000	-15.973032	3.214599	0.000000	
607.250000	-15.997859	3.211671	0.000000	
607.300000	-16.022688	3.208755	0.000000	
607.350000	-16.047515	3.205826	0.000000	
607.400000	-16.072342	3.202896	0.000000	
607.450000	-16.097167	3.199947	0.000000	
607.500000	-16.121991	3.196985	0.000000	
607.550000	-16.146815	3.194026	0.000000	
607.600000	-16.171640	3.191080	0.000000	
607.650000	-16.196466	3.188143	0.000000	
607.700000	-16.221294	3.185211	0.000000	
607.750000	-16.246120	3.182276	0.000000	
607.800000	-16.270947	3.179341	0.000000	
607.850000	-16.295773	3.176402	0.000000	
607.900000	-16.320600	3.173472	0.000000	
607.950000	-16.345428	3.170545	0.000000	
608.000000	-16.370256	3.167621	0.000000	
608.050000	-16.395085	3.164708	0.000000	
608.100000	-16.419915	3.161800	0.000000	
608.150000	-16.444745	3.158897	0.000000	
608.200000	-16.469576	3.155995	0.000000	
608.250000	-16.494409	3.153114	0.000000	
608.300000	-16.519243	3.150251	0.000000	
608.350000	-16.544081	3.147414	0.000000	
608.400000	-16.568923	3.144615	0.000000	
608.450000	-16.593766	3.141824	0.000000	
608.500000	-16.618609	3.139032	0.000000	
608.550000	-16.643453	3.136255	0.000000	
608.600000	-16.668297	3.133472	0.000000	
608.650000	-16.693140	3.130679	0.000000	
608.700000	-16.717981	3.127873	0.000000	
608.750000	-16.742822	3.125064	0.000000	
608.800000	-16.767663	3.122261	0.000000	
608.850000	-16.792505	3.119462	0.000000	
608.900000	-16.817348	3.116677	0.000000	
608.950000	-16.842193	3.113901	0.000000	
609.000000	-16.867040	3.111153	0.000000	
609.050000	-16.891891	3.108447	0.000000	
609.100000	-16.916746	3.105785	0.000000	
609.150000	-16.941604	3.103155	0.000000	
609.200000	-16.966466	3.100563	0.000000	
609.250000	-16.991333	3.098017	0.000000	
609.300000	-17.016203	3.095500	0.000000	
609.350000	-17.041074	3.093002	0.000000	
609.400000	-17.065946	3.090508	0.000000	
609.450000	-17.090819	3.088030	0.000000	
609.500000	-17.115696	3.085588	0.000000	
609.550000	-17.140576	3.083185	0.000000	
609.600000	-17.165459	3.080802	0.000000	
609.650000	-17.190344	3.078437	0.000000	
609.700000	-17.215232	3.076093	0.000000	
609.750000	-17.240122	3.073779	0.000000	
609.800000	-17.265017	3.071503	0.000000	
609.850000	-17.289913	3.069242	0.000000	
609.900000	-17.314809	3.066978	0.000000	
609.950000	-17.339701	3.064683	0.000000	
610.000000	-17.364590	3.062352	0.000000	
610.050000	-17.389472	3.059963	0.000000	
610.100000	-17.414347	3.057511	0.000000	
610.150000	-17.439216	3.054991	0.000000	
610.200000	-17.464080	3.052430	0.000000	
610.250000	-17.488942	3.049844	0.000000	
610.300000	-17.513800	3.047227	0.000000	
610.350000	-17.538657	3.044587	0.000000	
610.400000	-17.563514	3.041945	0.000000	
610.450000	-17.588373	3.039349	0.000000	
610.500000	-17.613237	3.036830	0.000000	
610.550000	-17.638104	3.034402	0.000000	
610.600000	-17.662975	3.032119	0.000000	
610.650000	-17.687851	3.030019	0.000000	
610.700000	-17.712729	3.028136	0.000000	
610.750000	-17.737609	3.026499	0.000000	
610.800000	-17.762483	3.025145	0.000000	
610.850000	-17.787342	3.024108	0.000000	
610.900000	-17.812183	3.023429	0.000000	
610.950000	-17.836997	3.023165	0.000000	
611.000000	-17.861778	3.023364	0.000000	
611.050000	-17.886518	3.024052	0.000000	
611.100000	-17.911207	3.025279	0.000000	
611.150000	-17.935840	3.027056	0.000000	
611.200000	-17.960404	3.029416	0.000000	
611.250000	-17.984897	3.032343	0.000000	
611.300000	-18.009319	3.035823	0.000000	
611.350000	-18.033672	3.039849	0.000000	
611.400000	-18.057951	3.044428	0.000000	
611.450000	-18.082155	3.049540	0.000000	
611.500000	-18.106286	3.055129	0.000000	
611.550000	-18.130339	3.061165	0.000000	
611.600000	-18.154311	3.067631	0.000000	
611.650000	-18.178204	3.074485	0.000000	
611.700000	-18.202016	3.081711	0.000000	
611.750000	-18.225754	3.089269	0.000000	
611.800000	-18.249416	3.097145	0.000000	
611.850000	-18.273011	3.105279	0.000000	
611.900000	-18.296544	3.113631	0.000000	
611.950000	-18.320021	3.122174	0.000000	
612.000000	-18.343458	3.130849	0.000000	
612.050000	-18.366863	3.139622	0.000000	
612.100000	-18.390243	3.148471	0.000000	
612.150000	-18.413608	3.157360	0.000000	
612.200000	-18.436959	3.166288	0.000000	
612.250000	-18.460306	3.175227	0.000000	
612.300000	-18.483648	3.184176	0.000000	
612.350000	-18.506989	3.193131	0.000000	
612.400000	-18.530325	3.202099	0.000000	
612.450000	-18.553664	3.211057	0.000000	
612.500000	-18.577008	3.220002	0.000000	
612.550000	-18.600354	3.228941	0.000000	
612.600000	-18.623709	3.237857	0.000000	
612.650000	-18.647075	3.246746	0.000000	
612.700000	-18.670446	3.255618	0.000000	
612.750000	-18.693822	3.264478	0.000000	
612.800000	-18.717195	3.273345	0.000000	
612.850000	-18.740565	3.282223	0.000000	
612.900000	-18.763931	3.291108	0.000000	
612.950000	-18.787301	3.299983	0.000000	
613.000000	-18.810675	3.308849	0.000000	
613.050000	-18.834041	3.317735	0.000000	
613.100000	-18.857396	3.326649	0.000000	
613.150000	-18.880747	3.335576	0.000000	
613.200000	-18.904092	3.344516	0.000000	
613.250000	-18.927432	3.353470	0.000000	
613.300000	-18.950762	3.362448	0.000000	
613.350000	-18.974081	3.371452	0.000000	
613.400000	-18.997380	3.380505	0.000000	
613.450000	-19.020660	3.389606	0.000000	
613.500000	-19.043914	3.398768	0.000000	
613.550000	-19.067142	3.407994	0.000000	
613.600000	-19.090341	3.417294	0.000000	
613.650000	-19.113512	3.426664	0.000000	
613.700000	-19.136655	3.436105	0.000000	
613.750000	-19.159774	3.445605	0.000000	
613.800000	-19.182879	3.455141	0.000000	
613.850000	-19.205977	3.464693	0.000000	
613.900000	-19.229076	3.474242	0.000000	
613.950000	-19.252170	3.483806	0.000000	
614.000000	-19.275253	3.493398	0.000000	
614.050000	-19.298325	3.503015	0.000000	
614.100000	-19.321394	3.512644	0.000000	
614.150000	-19.344465	3.522265	0.000000	
614.200000	-19.367531	3.531898	0.000000	
614.250000	-19.390589	3.541553	0.000000	
614.300000	-19.413641	3.551222	0.000000	
614.350000	-19.436694	3.560889	0.000000	
614.400000	-19.459752	3.570544	0.000000	
614.450000	-19.482816	3.580184	0.000000	
614.500000	-19.505895	3.589789	0.000000	
614.550000	-19.528993	3.599349	0.000000	
614.600000	-19.552106	3.608874	0.000000	
614.650000	-19.575241	3.618344	0.000000	
614.700000	-19.598393	3.627773	0.000000	
614.750000	-19.621566	3.637150	0.000000	
614.800000	-19.644759	3.646480	0.000000	
614.850000	-19.667962	3.655782	0.000000	
614.900000	-19.691173	3.665066	0.000000	
614.950000	-19.714390	3.674333	0.000000	
615.000000	-19.737611	3.683590	0.000000	
615.050000	-19.760838	3.692834	0.000000	
615.100000	-19.784070	3.702064	0.000000	
615.150000	-19.807307	3.711283	0.000000	
615.200000	-19.830548	3.720489	0.000000	
615.250000	-19.853802	3.729662	0.000000	
615.300000	-19.877072	3.738795	0.000000	
615.350000	-19.900363	3.747875	0.000000	
615.400000	-19.923672	3.756907	0.000000	
615.450000	-19.946993	3.765910	0.000000	
615.500000	-19.970331	3.774870	0.000000	
615.550000	-19.993676	3.783814	0.000000	
615.600000	-20.017017	3.792765	0.000000	
615.650000	-20.040354	3.801727	0.000000	
615.700000	-20.063676	3.810725	0.000000	
615.750000	-20.086990	3.819745	0.000000	
615.800000	-20.110296	3.828785	0.000000	
615.850000	-20.133599	3.837833	0.000000	
615.900000	-20.156899	3.846887	0.000000	
615.950000	-20.180196	3.855950	0.000000	
616.000000	-20.203493	3.865012	0.000000	
616.050000	-20.226795	3.874063	0.000000	
616.100000	-20.250099	3.883108	0.000000	
616.150000	-20.273404	3.892151	0.000000	
616.200000	-20.296706	3.901199	0.000000	
616.250000	-20.320005	3.910257	0.000000	
616.300000	-20.343294	3.919340	0.000000	
616.350000	-20.366573	3.928451	0.000000	
616.400000	-20.389836	3.937602	0.000000	
616.450000	-20.413090	3.946778	0.000000	
616.500000	-20.436347	3.955946	0.000000	
616.550000	-20.459603	3.965115	0.000000	
616.600000	-20.482869	3.974260	0.000000	
616.650000	-20.506154	3.983351	0.000000	
616.700000	-20.529460	3.992389	0.000000	
616.750000	-20.552788	4.001373	0.000000	
616.800000	-20.576134	4.010308	0.000000	
616.850000	-20.599498	4.019197	0.000000	
616.900000	-20.622873	4.028055	0.000000	
616.950000	-20.646260	4.036881	0.000000	
617.000000	-20.669660	4.045674	0.000000	
617.050000	-20.693069	4.054442	0.000000	
617.100000	-20.716489	4.063180	0.000000	
617.150000	-20.739920	4.071887	0.000000	
617.200000	-20.763359	4.080575	0.000000	
617.250000	-20.786808	4.089237	0.000000	
617.300000	-20.810265	4.097877	0.000000	
617.350000	-20.833736	4.106478	0.000000	
617.400000	-20.857216	4.115057	0.000000	
617.450000	-20.880706	4.123611	0.000000	
617.500000	-20.904196	4.132165	0.000000	
617.550000	-20.927679	4.140737	0.000000	
617.600000	-20.951155	4.149328	0.000000	
617.650000	-20.974624	4.157936	0.000000	
617.700000	-20.998087	4.166563	0.000000	
617.750000	-21.021542	4.175211	0.000000	
617.800000	-21.044992	4.183871	0.000000	
617.850000	-21.068435	4.192552	0.000000	
617.900000	-21.091869	4.201257	0.000000	
617.950000	-21.115298	4.209974	0.000000	
618.000000	-21.138721	4.218709	0.000000	
618.050000	-21.162128	4.227484	0.000000	
618.100000	-21.185509	4.236328	0.000000	
618.150000	-21.208859	4.245251	0.000000	
618.200000	-21.232167	4.254274	0.000000	
618.250000	-21.255430	4.263406	0.000000	
618.300000	-21.278625	4.272687	0.000000	
618.350000	-21.301729	4.282161	0.000000	
618.400000	-21.324728	4.291856	0.000000	
618.450000	-21.347609	4.301785	0.000000	
618.500000	-21.370342	4.311989	0.000000	
618.550000	-21.392904	4.322491	0.000000	
618.600000	-21.415272	4.333321	0.000000	
618.650000	-21.437420	4.344507	0.000000	
618.700000	-21.459328	4.356080	0.000000	
618.750000	-21.480964	4.368083	0.000000	
618.800000	-21.502305	4.380527	0.000000	
618.850000	-21.523337	4.393425	0.000000	
618.900000	-21.544053	4.406785	0.000000	
618.950000	-21.564448	4.420614	0.000000	
619.000000	-21.584499	4.434935	0.000000	
619.050000	-21.604195	4.449750	0.000000	
619.100000	-21.623553	4.465032	0.000000	
619.150000	-21.642568	4.480771	0.000000	
619.200000	-21.661237	4.496961	0.000000	
619.250000	-21.679579	4.513573	0.000000	
619.300000	-21.697600	4.530591	0.000000	
619.350000	-21.715310	4.547979	0.000000	
619.400000	-21.732719	4.565710	0.000000	
619.450000	-21.749851	4.583754	0.000000	
619.500000	-21.766717	4.602086	0.000000	
619.550000	-21.783351	4.620660	0.000000	
619.600000	-21.799773	4.639444	0.000000	
619.650000	-21.816010	4.658406	0.000000	
619.700000	-21.832087	4.677517	0.000000	
619.750000	-21.848011	4.696767	0.000000	
619.800000	-21.863799	4.716135	0.000000	
619.850000	-21.879477	4.735594	0.000000	
619.900000	-21.895065	4.755128	0.000000	
619.950000	-21.910567	4.774734	0.000000	
620.000000	-21.925976	4.794413	0.000000	
620.050000	-21.941306	4.814154	0.000000	
620.100000	-21.956572	4.833946	0.000000	
620.150000	-21.971752	4.853802	0.000000	
620.200000	-21.986876	4.873702	0.000000	
620.250000	-22.001953	4.893637	0.000000	
620.300000	-22.016975	4.913615	0.000000	
620.350000	-22.031930	4.933644	0.000000	
620.400000	-22.046820	4.953720	0.000000	
620.450000	-22.061666	4.973828	0.000000	
620.500000	-22.076447	4.993985	0.000000	
620.550000	-22.091172	5.014182	0.000000	
620.600000	-22.105850	5.034415	0.000000	
620.650000	-22.120495	5.054672	0.000000	
620.700000	-22.135114	5.074948	0.000000	
620.750000	-22.149708	5.095243	0.000000	
620.800000	-22.164280	5.115555	0.000000	
620.850000	-22.178832	5.135881	0.000000	
620.900000	-22.193372	5.156216	0.000000	
620.950000	-22.207892	5.176566	0.000000	
621.000000	-22.222401	5.196923	0.000000	
621.050000	-22.236900	5.217288	0.000000	
621.100000	-22.251387	5.237661	0.000000	
621.150000	-22.265870	5.258037	0.000000	
621.200000	-22.280360	5.278408	0.000000	
621.250000	-22.294842	5.298786	0.000000	
621.300000	-22.309310	5.319173	0.000000	
621.350000	-22.323760	5.339572	0.000000	
621.400000	-22.338213	5.359969	0.000000	
621.450000	-22.352670	5.380364	0.000000	
621.500000	-22.367130	5.400757	0.000000	
621.550000	-22.381599	5.421144	0.000000	
621.600000	-22.396085	5.441518	0.000000	
621.650000	-22.410590	5.461879	0.000000	
621.700000	-22.425119	5.482222	0.000000	
621.750000	-22.439645	5.502568	0.000000	
621.800000	-22.454181	5.522906	0.000000	
621.850000	-22.468723	5.543239	0.000000	
621.900000	-22.483290	5.563555	0.000000	
621.950000	-22.497874	5.583858	0.000000	
622.000000	-22.512473	5.604150	0.000000	
622.050000	-22.527087	5.624431	0.000000	
622.100000	-22.541730	5.644691	0.000000	
622.150000	-22.556413	5.664921	0.000000	
622.200000	-22.571124	5.685131	0.000000	
622.250000	-22.585874	5.705312	0.000000	
622.300000	-22.600667	5.725462	0.000000	
622.350000	-22.615504	5.745578	0.000000	
622.400000	-22.630405	5.765648	0.000000	
622.450000	-22.645362	5.785675	0.000000	
622.500000	-22.660394	5.805645	0.000000	
622.550000	-22.675481	5.825575	0.000000	
622.600000	-22.690625	5.845461	0.000000	
622.650000	-22.705810	5.865318	0.000000	
622.700000	-22.721013	5.885160	0.000000	
622.750000	-22.736227	5.904995	0.000000	
622.800000	-22.751457	5.924818	0.000000	
622.850000	-22.766701	5.944630	0.000000	
622.900000	-22.781959	5.964431	0.000000	
622.950000	-22.797218	5.984232	0.000000	
623.000000	-22.812490	6.004023	0.000000	
623.050000	-22.827772	6.023806	0.000000	
623.100000	-22.843066	6.043581	0.000000	
623.150000	-22.858371	6.063346	0.000000	
623.200000	-22.873676	6.083112	0.000000	
623.250000	-22.888980	6.102879	0.000000	
623.300000	-22.904271	6.122655	0.000000	
623.350000	-22.919559	6.142434	0.000000	
623.400000	-22.934842	6.162216	0.000000	
623.450000	-22.950114	6.182008	0.000000	
623.500000	-22.965369	6.201812	0.000000	
623.550000	-22.980587	6.221646	0.000000	
623.600000	-22.995784	6.241496	0.000000	
623.650000	-23.010973	6.261352	0.000000	
623.700000	-23.026153	6.281216	0.000000	
623.750000	-23.041323	6.301086	0.000000	
623.800000	-23.056481	6.320966	0.000000	
623.850000	-23.071634	6.340849	0.000000	
623.900000	-23.086772	6.360745	0.000000	
623.950000	-23.101898	6.380648	0.000000	
624.000000	-23.117001	6.400569	0.000000	
624.050000	-23.132066	6.420518	0.000000	
624.100000	-23.147097	6.440492	0.000000	
624.150000	-23.162073	6.460505	0.000000	
624.200000	-23.176982	6.480567	0.000000	
624.250000	-23.191835	6.500669	0.000000	
624.300000	-23.206645	6.520802	0.000000	
624.350000	-23.221420	6.540961	0.000000	
624.400000	-23.236152	6.561150	0.000000	
624.450000	-23.250828	6.581381	0.000000	
624.500000	-23.265443	6.601656	0.000000	
624.550000	-23.280014	6.621963	0.000000	
624.600000	-23.294545	6.642300	0.000000	
624.650000	-23.309028	6.662670	0.000000	
624.700000	-23.323465	6.683074	0.000000	
624.750000	-23.337858	6.703512	0.000000	
624.800000	-23.352207	6.723980	0.000000	
624.850000	-23.366508	6.744482	0.000000	
624.900000	-23.380751	6.765025	0.000000	
624.950000	-23.394946	6.785603	0.000000	
625.000000	-23.409100	6.806209	0.000000	
625.050000	-23.423239	6.826825	0.000000	
625.100000	-23.437361	6.847454	0.000000	
625.150000	-23.451479	6.868085	0.000000	
625.200000	-23.465610	6.888707	0.000000	
625.250000	-23.479758	6.909317	0.000000	
625.300000	-23.493909	6.929926	0.000000	
625.350000	-23.508050	6.950541	0.000000	
625.400000	-23.522180	6.971164	0.000000	
625.450000	-23.536283	6.991805	0.000000	
625.500000	-23.550378	7.012451	0.000000	
625.550000	-23.564450	7.033113	0.000000	
625.600000	-23.578501	7.053790	0.000000	
625.650000	-23.592539	7.074475	0.000000	
625.700000	-23.606573	7.095162	0.000000	
625.750000	-23.620578	7.115870	0.000000	
625.800000	-23.634557	7.136595	0.000000	
625.850000	-23.648516	7.157333	0.000000	
625.900000	-23.662461	7.178081	0.000000	
625.950000	-23.676411	7.198825	0.000000	
626.000000	-23.690365	7.219567	0.000000	
626.050000	-23.704316	7.240311	0.000000	
626.100000	-23.718247	7.261068	0.000000	
626.150000	-23.732160	7.281838	0.000000	
626.200000	-23.746043	7.302627	0.000000	
626.250000	-23.759895	7.323438	0.000000	
626.300000	-23.773723	7.344264	0.000000	
626.350000	-23.787533	7.365104	0.000000	
626.400000	-23.801320	7.385957	0.000000	
626.450000	-23.815078	7.406831	0.000000	
626.500000	-23.828827	7.427709	0.000000	
626.550000	-23.842559	7.448599	0.000000	
626.600000	-23.856273	7.469501	0.000000	
626.650000	-23.869964	7.490417	0.000000	
626.700000	-23.883638	7.511345	0.000000	
626.750000	-23.897296	7.532283	0.000000	
626.800000	-23.910949	7.553225	0.000000	
626.850000	-23.924585	7.574177	0.000000	
626.900000	-23.938211	7.595136	0.000000	
626.950000	-23.951830	7.616100	0.000000	
627.000000	-23.965447	7.637064	0.000000	
627.050000	-23.979065	7.658029	0.000000	
627.100000	-23.992687	7.678990	0.000000	
627.150000	-24.006314	7.699948	0.000000	
627.200000	-24.019938	7.720909	0.000000	
627.250000	-24.033575	7.741860	0.000000	
627.300000	-24.047225	7.762803	0.000000	
627.350000	-24.060875	7.783746	0.000000	
627.400000	-24.074540	7.804679	0.000000	
627.450000	-24.088214	7.825606	0.000000	
627.500000	-24.101891	7.846531	0.000000	
627.550000	-24.115559	7.867463	0.000000	
627.600000	-24.129203	7.888408	0.000000	
627.650000	-24.142839	7.909360	0.000000	
627.700000	-24.156447	7.930328	0.000000	
627.750000	-24.170027	7.951314	0.000000	
627.800000	-24.183571	7.972322	0.000000	
627.850000	-24.197092	7.993345	0.000000	
627.900000	-24.210600	8.014376	0.000000	
627.950000	-24.224112	8.035405	0.000000	
628.000000	-24.237614	8.056440	0.000000	
628.050000	-24.251094	8.077490	0.000000	
628.100000	-24.264545	8.098558	0.000000	
628.150000	-24.277972	8.119642	0.000000	
628.200000	-24.291388	8.140734	0.000000	
628.250000	-24.304790	8.161834	0.000000	
628.300000	-24.318179	8.182943	0.000000	
628.350000	-24.331543	8.204069	0.000000	
628.400000	-24.344888	8.225206	0.000000	
628.450000	-24.358217	8.246355	0.000000	
628.500000	-24.371551	8.267500	0.000000	
628.550000	-24.384908	8.288630	0.000000	
628.600000	-24.398294	8.309741	0.000000	
628.650000	-24.411737	8.330815	0.000000	
628.700000	-24.425233	8.351854	0.000000	
628.750000	-24.438795	8.372851	0.000000	
628.800000	-24.452413	8.393812	0.000000	
628.850000	-24.466082	8.414740	0.000000	
628.900000	-24.479785	8.435647	0.000000	
628.950000	-24.493494	8.456549	0.000000	
629.000000	-24.507168	8.477473	0.000000	
629.050000	-24.520781	8.498434	0.000000	
629.100000	-24.534286	8.519455	0.000000	
629.150000	-24.547638	8.540557	0.000000	
629.200000	-24.560775	8.561769	0.000000	
629.250000	-24.573651	8.583109	0.000000	
629.300000	-24.586251	8.604577	0.000000	
629.350000	-24.598500	8.626201	0.000000	
629.400000	-24.610374	8.647982	0.000000	
629.450000	-24.621825	8.669929	0.000000	
629.500000	-24.632795	8.692056	0.000000	
629.550000	-24.643244	8.714372	0.000000	
629.600000	-24.653134	8.736887	0.000000	
629.650000	-24.662448	8.759601	0.000000	
629.700000	-24.671143	8.782526	0.000000	
629.750000	-24.679213	8.805660	0.000000	
629.800000	-24.686657	8.829005	0.000000	
629.850000	-24.693475	8.852554	0.000000	
629.900000	-24.699644	8.876311	0.000000	
629.950000	-24.705183	8.900267	0.000000	
630.000000	-24.710104	8.924405	0.000000	
630.050000	-24.714444	8.948708	0.000000	
630.100000	-24.718250	8.973158	0.000000	
630.150000	-24.721562	8.997732	0.000000	
630.200000	-24.724419	9.022408	0.000000	
630.250000	-24.726873	9.047164	0.000000	
630.300000	-24.728956	9.071985	0.000000	
630.350000	-24.730702	9.096862	0.000000	
630.400000	-24.732189	9.121776	0.000000	
630.450000	-24.733461	9.146720	0.000000	
630.500000	-24.734586	9.171681	0.000000	
630.550000	-24.735598	9.196653	0.000000	
630.600000	-24.736511	9.221632	0.000000	
630.650000	-24.737343	9.246615	0.000000	
630.700000	-24.738097	9.271602	0.000000	
630.750000	-24.738814	9.296590	0.000000	
630.800000	-24.739493	9.321579	0.000000	
630.850000	-24.740128	9.346569	0.000000	
630.900000	-24.740724	9.371559	0.000000	
630.950000	-24.741303	9.396550	0.000000	
631.000000	-24.741853	9.421541	0.000000	
631.050000	-24.742377	9.446533	0.000000	
631.100000	-24.742846	9.471524	0.000000	
631.150000	-24.743247	9.496516	0.000000	
631.200000	-24.743588	9.521507	0.000000	
631.250000	-24.743883	9.546499	0.000000	
631.300000	-24.744129	9.571492	0.000000	
631.350000	-24.744335	9.596484	0.000000	
631.400000	-24.744514	9.621476	0.000000	
631.450000	-24.744651	9.646469	0.000000	
631.500000	-24.744735	9.671463	0.000000	
631.550000	-24.744757	9.696459	0.000000	
631.600000	-24.744733	9.721456	0.000000	
631.650000	-24.744683	9.746454	0.000000	
631.700000	-24.744616	9.771452	0.000000	
631.750000	-24.744561	9.796449	0.000000	
631.800000	-24.744512	9.821447	0.000000	
631.850000	-24.744485	9.846444	0.000000	
631.900000	-24.744490	9.871441	0.000000	
631.950000	-24.744544	9.896436	0.000000	
632.000000	-24.744646	9.921430	0.000000	
632.050000	-24.744811	9.946423	0.000000	
632.100000	-24.745052	9.971414	0.000000	
632.150000	-24.745382	9.996403	0.000000	
632.200000	-24.745802	10.021392	0.000000	
632.250000	-24.746313	10.046379	0.000000	
632.300000	-24.746908	10.071364	0.000000	
632.350000	-24.747603	10.096347	0.000000	
632.400000	-24.748399	10.121327	0.000000	
632.450000	-24.749280	10.146305	0.000000	
632.500000	-24.750234	10.171280	0.000000	
632.550000	-24.751276	10.196252	0.000000	
632.600000	-24.752403	10.221221	0.000000	
632.650000	-24.753623	10.246186	0.000000	
632.700000	-24.754919	10.271147	0.000000	
632.750000	-24.756295	10.296106	0.000000	
632.800000	-24.757730	10.321061	0.000000	
632.850000	-24.759211	10.346015	0.000000	
632.900000	-24.760724	10.370967	0.000000	
632.950000	-24.762260	10.395919	0.000000	
633.000000	-24.763796	10.420870	0.000000	
633.050000	-24.765328	10.445822	0.000000	
633.100000	-24.766842	10.470774	0.000000	
633.150000	-24.768334	10.495727	0.000000	
633.200000	-24.769814	10.520681	0.000000	
633.250000	-24.771287	10.545635	0.000000	
633.300000	-24.772734	10.570591	0.000000	
633.350000	-24.774153	10.595547	0.000000	
633.400000	-24.775552	10.620505	0.000000	
633.450000	-24.776924	10.645464	0.000000	
633.500000	-24.778278	10.670425	0.000000	
633.550000	-24.779631	10.695385	0.000000	
633.600000	-24.780972	10.720346	0.000000	
633.650000	-24.782299	10.745309	0.000000	
633.700000	-24.783586	10.770274	0.000000	
633.750000	-24.784849	10.795240	0.000000	
633.800000	-24.786073	10.820209	0.000000	
633.850000	-24.787278	10.845178	0.000000	
633.900000	-24.788470	10.870149	0.000000	
633.950000	-24.789642	10.895121	0.000000	
634.000000	-24.790806	10.920092	0.000000	
634.050000	-24.791977	10.945064	0.000000	
634.100000	-24.793156	10.970035	0.000000	
634.150000	-24.794337	10.995006	0.000000	
634.200000	-24.795525	11.019977	0.000000	
634.250000	-24.796705	11.044948	0.000000	
634.300000	-24.797868	11.069920	0.000000	
634.350000	-24.799032	11.094892	0.000000	
634.400000	-24.800188	11.119864	0.000000	
634.450000	-24.801326	11.144837	0.000000	
634.500000	-24.802467	11.169809	0.000000	
634.550000	-24.803584	11.194783	0.000000	
634.600000	-24.804663	11.219758	0.000000	
634.650000	-24.805700	11.244736	0.000000	
634.700000	-24.806681	11.269715	0.000000	
634.750000	-24.807613	11.294696	0.000000	
634.800000	-24.808508	11.319679	0.000000	
634.850000	-24.809400	11.344661	0.000000	
634.900000	-24.810284	11.369644	0.000000	
634.950000	-24.811145	11.394628	0.000000	
635.000000	-24.812010	11.419611	0.000000	
635.050000	-24.812870	11.444595	0.000000	
635.100000	-24.813718	11.469580	0.000000	
635.150000	-24.814561	11.494565	0.000000	
635.200000	-24.815422	11.519548	0.000000	
635.250000	-24.816301	11.544531	0.000000	
635.300000	-24.817205	11.569513	0.000000	
635.350000	-24.818160	11.594492	0.000000	
635.400000	-24.819151	11.619470	0.000000	
635.450000	-24.820187	11.644445	0.000000	
635.500000	-24.821254	11.669419	0.000000	
635.550000	-24.822331	11.694393	0.000000	
635.600000	-24.823435	11.719365	0.000000	
635.650000	-24.824575	11.744336	0.000000	
635.700000	-24.825734	11.769306	0.000000	
635.750000	-24.826912	11.794275	0.000000	
635.800000	-24.828119	11.819244	0.000000	
635.850000	-24.829327	11.844213	0.000000	
635.900000	-24.830508	11.869183	0.000000	
635.950000	-24.831656	11.894153	0.000000	
636.000000	-24.832800	11.919124	0.000000	
636.050000	-24.833941	11.944095	0.000000	
636.100000	-24.835092	11.969065	0.000000	
636.150000	-24.836260	11.994035	0.000000	
636.200000	-24.837430	12.019005	0.000000	
636.250000	-24.838605	12.043974	0.000000	
636.300000	-24.839774	12.068944	0.000000	
636.350000	-24.840929	12.093914	0.000000	
636.400000	-24.842045	12.118886	0.000000	
636.450000	-24.843096	12.143861	0.000000	
636.500000	-24.844045	12.168839	0.000000	
636.550000	-24.844859	12.193816	0.000000	
636.600000	-24.845523	12.218792	0.000000	
636.650000	-24.845984	12.243762	0.000000	
636.700000	-24.846207	12.268722	0.000000	
636.750000	-24.846182	12.293667	0.000000	
636.800000	-24.845897	12.318593	0.000000	
636.850000	-24.845306	12.343488	0.000000	
636.900000	-24.844385	12.368345	0.000000	
636.950000	-24.843106	12.393153	0.000000	
637.000000	-24.841437	12.417902	0.000000	
637.050000	-24.839340	12.442585	0.000000	
637.100000	-24.836774	12.467192	0.000000	
637.150000	-24.833711	12.491717	0.000000	
637.200000	-24.830129	12.516154	0.000000	
637.250000	-24.826033	12.540500	0.000000	
637.300000	-24.821413	12.564758	0.000000	
637.350000	-24.816267	12.588923	0.000000	
637.400000	-24.810615	12.613000	0.000000	
637.450000	-24.804459	12.636986	0.000000	
637.500000	-24.797820	12.660875	0.000000	
637.550000	-24.790749	12.684674	0.000000	
637.600000	-24.783301	12.708389	0.000000	
637.650000	-24.775497	12.732022	0.000000	
637.700000	-24.767377	12.755574	0.000000	
637.750000	-24.758984	12.779053	0.000000	
637.800000	-24.750329	12.802457	0.000000	
637.850000	-24.741449	12.825794	0.000000	
637.900000	-24.732393	12.849077	0.000000	
637.950000	-24.723206	12.872317	0.000000	
638.000000	-24.713920	12.895523	0.000000	
638.050000	-24.704569	12.918705	0.000000	
638.100000	-24.695164	12.941867	0.000000	
638.150000	-24.685727	12.965016	0.000000	
638.200000	-24.676280	12.988161	0.000000	
638.250000	-24.666839	13.011309	0.000000	
638.300000	-24.657415	13.034464	0.000000	
638.350000	-24.648015	13.057629	0.000000	
638.400000	-24.638647	13.080806	0.000000	
638.450000	-24.629287	13.103987	0.000000	
638.500000	-24.619945	13.127175	0.000000	
638.550000	-24.610633	13.150375	0.000000	
638.600000	-24.601352	13.173588	0.000000	
638.650000	-24.592100	13.196812	0.000000	
638.700000	-24.582877	13.220047	0.000000	
638.750000	-24.573691	13.243297	0.000000	
638.800000	-24.564525	13.266554	0.000000	
638.850000	-24.555407	13.289830	0.000000	
638.900000	-24.546334	13.313123	0.000000	
638.950000	-24.537298	13.336431	0.000000	
639.000000	-24.528274	13.359743	0.000000	
639.050000	-24.519273	13.383063	0.000000	
639.100000	-24.510285	13.406389	0.000000	
639.150000	-24.501343	13.429733	0.000000	
639.200000	-24.492450	13.453095	0.000000	
639.250000	-24.483598	13.476473	0.000000	
639.300000	-24.474790	13.499868	0.000000	
639.350000	-24.466024	13.523279	0.000000	
639.400000	-24.457276	13.546696	0.000000	
639.450000	-24.448544	13.570120	0.000000	
639.500000	-24.439844	13.593556	0.000000	
639.550000	-24.431176	13.617004	0.000000	
639.600000	-24.422542	13.640465	0.000000	
639.650000	-24.413916	13.663930	0.000000	
639.700000	-24.405269	13.687386	0.000000	
639.750000	-24.396609	13.710837	0.000000	
639.800000	-24.387948	13.734288	0.000000	
639.850000	-24.379280	13.757736	0.000000	
639.900000	-24.370602	13.781181	0.000000	
639.950000	-24.361903	13.804618	0.000000	
640.000000	-24.353195	13.828051	0.000000	
640.050000	-24.344481	13.851482	0.000000	
640.100000	-24.335760	13.874911	0.000000	
640.150000	-24.327029	13.898336	0.000000	
640.200000	-24.318269	13.921750	0.000000	
640.250000	-24.309481	13.945153	0.000000	
640.300000	-24.300658	13.968543	0.000000	
640.350000	-24.291783	13.991913	0.000000	
640.400000	-24.282857	14.015264	0.000000	
640.450000	-24.273876	14.038592	0.000000	
640.500000	-24.264858	14.061906	0.000000	
640.550000	-24.255785	14.085198	0.000000	
640.600000	-24.246644	14.108463	0.000000	
640.650000	-24.237439	14.131703	0.000000	
640.700000	-24.228180	14.154921	0.000000	
640.750000	-24.218879	14.178121	0.000000	
640.800000	-24.209521	14.201298	0.000000	
640.850000	-24.200093	14.224446	0.000000	
640.900000	-24.190619	14.247575	0.000000	
640.950000	-24.181086	14.270681	0.000000	
641.000000	-24.171516	14.293771	0.000000	
641.050000	-24.161896	14.316842	0.000000	
641.100000	-24.152222	14.339890	0.000000	
641.150000	-24.142482	14.362912	0.000000	
641.200000	-24.132684	14.385908	0.000000	
641.250000	-24.122821	14.408877	0.000000	
641.300000	-24.112885	14.431816	0.000000	
641.350000	-24.102898	14.454732	0.000000	
641.400000	-24.092863	14.477627	0.000000	
641.450000	-24.082782	14.500503	0.000000	
641.500000	-24.072664	14.523361	0.000000	
641.550000	-24.062497	14.546199	0.000000	
641.600000	-24.052311	14.569027	0.000000	
641.650000	-24.042129	14.591858	0.000000	
641.700000	-24.031929	14.614681	0.000000	
641.750000	-24.021708	14.637494	0.000000	
641.800000	-24.011466	14.660298	0.000000	
641.850000	-24.001215	14.683098	0.000000	
641.900000	-23.990979	14.705904	0.000000	
641.950000	-23.980729	14.728705	0.000000	
642.000000	-23.970465	14.751499	0.000000	
642.050000	-23.960171	14.774280	0.000000	
642.100000	-23.949839	14.797044	0.000000	
642.150000	-23.939491	14.819802	0.000000	
642.200000	-23.929129	14.842552	0.000000	
642.250000	-23.918758	14.865298	0.000000	
642.300000	-23.908392	14.888047	0.000000	
642.350000	-23.898043	14.910804	0.000000	
642.400000	-23.887691	14.933559	0.000000	
642.450000	-23.877333	14.956311	0.000000	
642.500000	-23.866965	14.979059	0.000000	
642.550000	-23.856580	15.001798	0.000000	
642.600000	-23.846159	15.024521	0.000000	
642.650000	-23.835675	15.047212	0.000000	
642.700000	-23.825114	15.069867	0.000000	
642.750000	-23.814461	15.092476	0.000000	
642.800000	-23.803715	15.115037	0.000000	
642.850000	-23.792863	15.137543	0.000000	
642.900000	-23.781874	15.159976	0.000000	
642.950000	-23.770724	15.182325	0.000000	
643.000000	-23.759407	15.204581	0.000000	
643.050000	-23.747898	15.226728	0.000000	
643.100000	-23.736184	15.248756	0.000000	
643.150000	-23.724271	15.270667	0.000000	
643.200000	-23.712148	15.292454	0.000000	
643.250000	-23.699804	15.314107	0.000000	
643.300000	-23.687217	15.335611	0.000000	
643.350000	-23.674369	15.356953	0.000000	
643.400000	-23.661252	15.378129	0.000000	
643.450000	-23.647859	15.399129	0.000000	
643.500000	-23.634206	15.419961	0.000000	
643.550000	-23.620276	15.440611	0.000000	
643.600000	-23.606088	15.461090	0.000000	
643.650000	-23.591651	15.481402	0.000000	
643.700000	-23.576975	15.501548	0.000000	
643.750000	-23.562049	15.521522	0.000000	
643.800000	-23.546892	15.541327	0.000000	
643.850000	-23.531511	15.560967	0.000000	
643.900000	-23.515918	15.580450	0.000000	
643.950000	-23.500143	15.599793	0.000000	
644.000000	-23.484204	15.619012	0.000000	
644.050000	-23.468126	15.638124	0.000000	
644.100000	-23.451925	15.657138	0.000000	
644.150000	-23.435614	15.676060	0.000000	
644.200000	-23.419197	15.694898	0.000000	
644.250000	-23.402669	15.713641	0.000000	
644.300000	-23.386043	15.732300	0.000000	
644.350000	-23.369326	15.750880	0.000000	
644.400000	-23.352530	15.769389	0.000000	
644.450000	-23.335662	15.787835	0.000000	
644.500000	-23.318753	15.806243	0.000000	
644.550000	-23.301794	15.824606	0.000000	
644.600000	-23.284789	15.842927	0.000000	
644.650000	-23.267732	15.861200	0.000000	
644.700000	-23.250636	15.879438	0.000000	
644.750000	-23.233514	15.897651	0.000000	
644.800000	-23.216382	15.915856	0.000000	
644.850000	-23.199252	15.934062	0.000000	
644.900000	-23.182129	15.952274	0.000000	
644.950000	-23.165016	15.970496	0.000000	
645.000000	-23.147911	15.988727	0.000000	
645.050000	-23.130791	16.006942	0.000000	
645.100000	-23.113651	16.025139	0.000000	
645.150000	-23.096507	16.043333	0.000000	
645.200000	-23.079349	16.061513	0.000000	
645.250000	-23.062172	16.079675	0.000000	
645.300000	-23.044986	16.097829	0.000000	
645.350000	-23.027787	16.115971	0.000000	
645.400000	-23.010590	16.134114	0.000000	
645.450000	-22.993403	16.152267	0.000000	
645.500000	-22.976227	16.170430	0.000000	
645.550000	-22.959049	16.188592	0.000000	
645.600000	-22.941878	16.206760	0.000000	
645.650000	-22.924718	16.224939	0.000000	
645.700000	-22.907576	16.243135	0.000000	
645.750000	-22.890453	16.261348	0.000000	
645.800000	-22.873331	16.279562	0.000000	
645.850000	-22.856213	16.297781	0.000000	
645.900000	-22.839099	16.316003	0.000000	
645.950000	-22.821976	16.334216	0.000000	
646.000000	-22.804831	16.352410	0.000000	
646.050000	-22.787656	16.370575	0.000000	
646.100000	-22.770458	16.388717	0.000000	
646.150000	-22.753229	16.406829	0.000000	
646.200000	-22.735958	16.424901	0.000000	
646.250000	-22.718655	16.442941	0.000000	
646.300000	-22.701317	16.460946	0.000000	
646.350000	-22.683945	16.478916	0.000000	
646.400000	-22.666545	16.496858	0.000000	
646.450000	-22.649109	16.514764	0.000000	
646.500000	-22.631621	16.532617	0.000000	
646.550000	-22.614079	16.550416	0.000000	
646.600000	-22.596486	16.568163	0.000000	
646.650000	-22.578847	16.585865	0.000000	
646.700000	-22.561176	16.603536	0.000000	
646.750000	-22.543458	16.621161	0.000000	
646.800000	-22.525683	16.638729	0.000000	
646.850000	-22.507856	16.656244	0.000000	
646.900000	-22.489968	16.673701	0.000000	
646.950000	-22.472031	16.691109	0.000000	
647.000000	-22.454061	16.708486	0.000000	
647.050000	-22.436073	16.725845	0.000000	
647.100000	-22.418074	16.743192	0.000000	
647.150000	-22.400058	16.760523	0.000000	
647.200000	-22.382042	16.777853	0.000000	
647.250000	-22.364038	16.795196	0.000000	
647.300000	-22.346060	16.812565	0.000000	
647.350000	-22.328103	16.829955	0.000000	
647.400000	-22.310161	16.847361	0.000000	
647.450000	-22.292230	16.864777	0.000000	
647.500000	-22.274306	16.882202	0.000000	
647.550000	-22.256412	16.899657	0.000000	
647.600000	-22.238529	16.917124	0.000000	
647.650000	-22.220666	16.934612	0.000000	
647.700000	-22.202805	16.952102	0.000000	
647.750000	-22.184950	16.969598	0.000000	
647.800000	-22.167123	16.987123	0.000000	
647.850000	-22.149334	17.004686	0.000000	
647.900000	-22.131588	17.022292	0.000000	
647.950000	-22.113873	17.039930	0.000000	
648.000000	-22.096177	17.057587	0.000000	
648.050000	-22.078498	17.075261	0.000000	
648.100000	-22.060836	17.092951	0.000000	
648.150000	-22.043198	17.110666	0.000000	
648.200000	-22.025606	17.128424	0.000000	
648.250000	-22.008060	17.146227	0.000000	
648.300000	-21.990547	17.164061	0.000000	
648.350000	-21.973070	17.181928	0.000000	
648.400000	-21.955635	17.199836	0.000000	
648.450000	-21.938242	17.217784	0.000000	
648.500000	-21.920890	17.235772	0.000000	
648.550000	-21.903560	17.253782	0.000000	
648.600000	-21.886229	17.271791	0.000000	
648.650000	-21.868887	17.289789	0.000000	
648.700000	-21.851519	17.307758	0.000000	
648.750000	-21.834117	17.325693	0.000000	
648.800000	-21.816650	17.343554	0.000000	
648.850000	-21.799088	17.361313	0.000000	
648.900000	-21.781410	17.378941	0.000000	
648.950000	-21.763590	17.396405	0.000000	
649.000000	-21.745615	17.413684	0.000000	
649.050000	-21.727469	17.430750	0.000000	
649.100000	-21.709125	17.447564	0.000000	
649.150000	-21.690561	17.464089	0.000000	
649.200000	-21.671750	17.480279	0.000000	
649.250000	-21.652677	17.496116	0.000000	
649.300000	-21.633327	17.511580	0.000000	
649.350000	-21.613700	17.526664	0.000000	
649.400000	-21.593780	17.541348	0.000000	
649.450000	-21.573569	17.555635	0.000000	
649.500000	-21.553072	17.569517	0.000000	
649.550000	-21.532298	17.583011	0.000000	
649.600000	-21.511267	17.596133	0.000000	
649.650000	-21.489994	17.608900	0.000000	
649.700000	-21.468502	17.621338	0.000000	
649.750000	-21.446794	17.633445	0.000000	
649.800000	-21.424891	17.645251	0.000000	
649.850000	-21.402811	17.656774	0.000000	
649.900000	-21.380563	17.668018	0.000000	
649.950000	-21.358161	17.679000	0.000000	
650.000000	-21.335639	17.689772	0.000000	
650.050000	-21.313023	17.700376	0.000000	
650.100000	-21.290331	17.710838	0.000000	
650.150000	-21.267575	17.721177	0.000000	
650.200000	-21.244768	17.731410	0.000000	
650.250000	-21.221929	17.741573	0.000000	
650.300000	-21.199060	17.751666	0.000000	
650.350000	-21.176161	17.761693	0.000000	
650.400000	-21.153241	17.771671	0.000000	
650.450000	-21.130299	17.781595	0.000000	
650.500000	-21.107335	17.791469	0.000000	
650.550000	-21.084350	17.801291	0.000000	
650.600000	-21.061337	17.811046	0.000000	
650.650000	-21.038300	17.820739	0.000000	
650.700000	-21.015232	17.830354	0.000000	
650.750000	-20.992129	17.839885	0.000000	
650.800000	-20.969000	17.849347	0.000000	
650.850000	-20.945839	17.858734	0.000000	
650.900000	-20.922655	17.868064	0.000000	
650.950000	-20.899454	17.877353	0.000000	
651.000000	-20.876239	17.886608	0.000000	
651.050000	-20.853005	17.895818	0.000000	
651.100000	-20.829744	17.904964	0.000000	
651.150000	-20.806452	17.914035	0.000000	
651.200000	-20.783133	17.923039	0.000000	
651.250000	-20.759791	17.931984	0.000000	
651.300000	-20.736429	17.940878	0.000000	
651.350000	-20.713049	17.949725	0.000000	
651.400000	-20.689653	17.958530	0.000000	
651.450000	-20.666244	17.967302	0.000000	
651.500000	-20.642822	17.976040	0.000000	
651.550000	-20.619389	17.984747	0.000000	
651.600000	-20.595951	17.993443	0.000000	
651.650000	-20.572517	18.002149	0.000000	
651.700000	-20.549081	18.010848	0.000000	
651.750000	-20.525651	18.019563	0.000000	
651.800000	-20.502233	18.028311	0.000000	
651.850000	-20.478830	18.037099	0.000000	
651.900000	-20.455436	18.045911	0.000000	
651.950000	-20.432049	18.054739	0.000000	
652.000000	-20.408675	18.063599	0.000000	
652.050000	-20.385313	18.072491	0.000000	
652.100000	-20.361958	18.081398	0.000000	
652.150000	-20.338617	18.090339	0.000000	
652.200000	-20.315292	18.099321	0.000000	
652.250000	-20.291982	18.108344	0.000000	
652.300000	-20.268694	18.117421	0.000000	
652.350000	-20.245423	18.126541	0.000000	
652.400000	-20.222176	18.135725	0.000000	
652.450000	-20.198949	18.144958	0.000000	
652.500000	-20.175732	18.154219	0.000000	
652.550000	-20.152528	18.163513	0.000000	
652.600000	-20.129331	18.172828	0.000000	
652.650000	-20.106145	18.182169	0.000000	
652.700000	-20.082956	18.191505	0.000000	
652.750000	-20.059766	18.200837	0.000000	
652.800000	-20.036569	18.210148	0.000000	
652.850000	-20.013352	18.219408	0.000000	
652.900000	-19.990117	18.228617	0.000000	
652.950000	-19.966861	18.237772	0.000000	
653.000000	-19.943585	18.246872	0.000000	
653.050000	-19.920284	18.255906	0.000000	
653.100000	-19.896954	18.264868	0.000000	
653.150000	-19.873600	18.273762	0.000000	
653.200000	-19.850216	18.282581	0.000000	
653.250000	-19.826804	18.291327	0.000000	
653.300000	-19.803373	18.300020	0.000000	
653.350000	-19.779917	18.308652	0.000000	
653.400000	-19.756443	18.317236	0.000000	
653.450000	-19.732944	18.325756	0.000000	
653.500000	-19.709424	18.334219	0.000000	
653.550000	-19.685882	18.342626	0.000000	
653.600000	-19.662318	18.350970	0.000000	
653.650000	-19.638737	18.359267	0.000000	
653.700000	-19.615138	18.367516	0.000000	
653.750000	-19.591525	18.375726	0.000000	
653.800000	-19.567906	18.383916	0.000000	
653.850000	-19.544283	18.392097	0.000000	
653.900000	-19.520657	18.400271	0.000000	
653.950000	-19.497021	18.408411	0.000000	
654.000000	-19.473378	18.416534	0.000000	
654.050000	-19.449732	18.424646	0.000000	
654.100000	-19.426084	18.432753	0.000000	
654.150000	-19.402431	18.440844	0.000000	
654.200000	-19.378771	18.448915	0.000000	
654.250000	-19.355106	18.456970	0.000000	
654.300000	-19.331430	18.464995	0.000000	
654.350000	-19.307739	18.472972	0.000000	
654.400000	-19.284030	18.480893	0.000000	
654.450000	-19.260297	18.488744	0.000000	
654.500000	-19.236538	18.496510	0.000000	
654.550000	-19.212750	18.504183	0.000000	
654.600000	-19.188942	18.511791	0.000000	
654.650000	-19.165120	18.519353	0.000000	
654.700000	-19.141279	18.526853	0.000000	
654.750000	-19.117416	18.534283	0.000000	
654.800000	-19.093538	18.541665	0.000000	
654.850000	-19.069640	18.548981	0.000000	
654.900000	-19.045718	18.556223	0.000000	
654.950000	-19.021779	18.563408	0.000000	
655.000000	-18.997824	18.570537	0.000000	
655.050000	-18.973853	18.577615	0.000000	
655.100000	-18.949867	18.584641	0.000000	
655.150000	-18.925862	18.591610	0.000000	
655.200000	-18.901841	18.598527	0.000000	
655.250000	-18.877806	18.605394	0.000000	
655.300000	-18.853752	18.612203	0.000000	
655.350000	-18.829686	18.618965	0.000000	
655.400000	-18.805604	18.625677	0.000000	
655.450000	-18.781515	18.632363	0.000000	
655.500000	-18.757422	18.639032	0.000000	
655.550000	-18.733328	18.645698	0.000000	
655.600000	-18.709231	18.652357	0.000000	
655.650000	-18.685134	18.659013	0.000000	
655.700000	-18.661036	18.665666	0.000000	
655.750000	-18.636942	18.672332	0.000000	
655.800000	-18.612856	18.679026	0.000000	
655.850000	-18.588777	18.685743	0.000000	
655.900000	-18.564714	18.692513	0.000000	
655.950000	-18.540670	18.699345	0.000000	
656.000000	-18.516643	18.706232	0.000000	
656.050000	-18.492633	18.713179	0.000000	
656.100000	-18.468640	18.720180	0.000000	
656.150000	-18.444658	18.727221	0.000000	
656.200000	-18.420685	18.734287	0.000000	
656.250000	-18.396715	18.741366	0.000000	
656.300000	-18.372750	18.748465	0.000000	
656.350000	-18.348793	18.755587	0.000000	
656.400000	-18.324840	18.762728	0.000000	
656.450000	-18.300893	18.769888	0.000000	
656.500000	-18.276951	18.777068	0.000000	
656.550000	-18.253019	18.784280	0.000000	
656.600000	-18.229099	18.791534	0.000000	
656.650000	-18.205195	18.798842	0.000000	
656.700000	-18.181306	18.806205	0.000000	
656.750000	-18.157428	18.813601	0.000000	
656.800000	-18.133553	18.821009	0.000000	
656.850000	-18.109682	18.828429	0.000000	
656.900000	-18.085816	18.835865	0.000000	
656.950000	-18.061952	18.843304	0.000000	
657.000000	-18.038091	18.850757	0.000000	
657.050000	-18.014232	18.858212	0.000000	
657.100000	-17.990379	18.865687	0.000000	
657.150000	-17.966533	18.873182	0.000000	
657.200000	-17.942696	18.880703	0.000000	
657.250000	-17.918871	18.888261	0.000000	
657.300000	-17.895058	18.895859	0.000000	
657.350000	-17.871259	18.903500	0.000000	
657.400000	-17.847471	18.911177	0.000000	
657.450000	-17.823692	18.918881	0.000000	
657.500000	-17.799918	18.926604	0.000000	
657.550000	-17.776135	18.934293	0.000000	
657.600000	-17.752330	18.941904	0.000000	
657.650000	-17.728491	18.949376	0.000000	
657.700000	-17.704610	18.956660	0.000000	
657.750000	-17.680676	18.963691	0.000000	
657.800000	-17.656690	18.970440	0.000000	
657.850000	-17.632654	18.976888	0.000000	
657.900000	-17.608564	18.982963	0.000000	
657.950000	-17.584415	18.988597	0.000000	
658.000000	-17.560210	18.993748	0.000000	
658.050000	-17.535950	18.998352	0.000000	
658.100000	-17.511642	19.002398	0.000000	
658.150000	-17.487289	19.005849	0.000000	
658.200000	-17.462889	19.008689	0.000000	
658.250000	-17.438448	19.010898	0.000000	
658.300000	-17.413965	19.012480	0.000000	
658.350000	-17.389441	19.013457	0.000000	
658.400000	-17.364877	19.013825	0.000000	
658.450000	-17.340278	19.013578	0.000000	
658.500000	-17.315649	19.012727	0.000000	
658.550000	-17.290996	19.011296	0.000000	
658.600000	-17.266329	19.009319	0.000000	
658.650000	-17.241654	19.006842	0.000000	
658.700000	-17.216980	19.003933	0.000000	
658.750000	-17.192310	19.000654	0.000000	
658.800000	-17.167654	18.997055	0.000000	
658.850000	-17.143009	18.993192	0.000000	
658.900000	-17.118382	18.989083	0.000000	
658.950000	-17.093774	18.984779	0.000000	
659.000000	-17.069185	18.980317	0.000000	
659.050000	-17.044615	18.975723	0.000000	
659.100000	-17.020063	18.971032	0.000000	
659.150000	-16.995524	18.966269	0.000000	
659.200000	-16.970996	18.961450	0.000000	
659.250000	-16.946476	18.956592	0.000000	
659.300000	-16.921959	18.951722	0.000000	
659.350000	-16.897449	18.946817	0.000000	
659.400000	-16.872952	18.941857	0.000000	
659.450000	-16.848467	18.936840	0.000000	
659.500000	-16.823987	18.931797	0.000000	
659.550000	-16.799517	18.926713	0.000000	
659.600000	-16.775055	18.921593	0.000000	
659.650000	-16.750598	18.916454	0.000000	
659.700000	-16.726145	18.911292	0.000000	
659.750000	-16.701700	18.906092	0.000000	
659.800000	-16.677266	18.900835	0.000000	
659.850000	-16.652839	18.895537	0.000000	
659.900000	-16.628427	18.890169	0.000000	
659.950000	-16.604026	18.884744	0.000000	
660.000000	-16.579633	18.879275	0.000000	
660.050000	-16.555246	18.873776	0.000000	
660.100000	-16.530862	18.868269	0.000000	
660.150000	-16.506474	18.862779	0.000000	
660.200000	-16.482083	18.857298	0.000000	
660.250000	-16.457689	18.851835	0.000000	
660.300000	-16.433295	18.846375	0.000000	
660.350000	-16.408898	18.840922	0.000000	
660.400000	-16.384495	18.835499	0.000000	
660.450000	-16.360082	18.830125	0.000000	
660.500000	-16.335656	18.824803	0.000000	
660.550000	-16.311222	18.819526	0.000000	
660.600000	-16.286773	18.814311	0.000000	
660.650000	-16.262314	18.809146	0.000000	
660.700000	-16.237845	18.804026	0.000000	
660.750000	-16.213370	18.798942	0.000000	
660.800000	-16.188885	18.793901	0.000000	
660.850000	-16.164393	18.788900	0.000000	
660.900000	-16.139896	18.783917	0.000000	
660.950000	-16.115397	18.778949	0.000000	
661.000000	-16.090896	18.773988	0.000000	
661.050000	-16.066394	18.769028	0.000000	
661.100000	-16.041896	18.764055	0.000000	
661.150000	-16.017402	18.759063	0.000000	
661.200000	-15.992916	18.754034	0.000000	
661.250000	-15.968437	18.748971	0.000000	
661.300000	-15.943965	18.743882	0.000000	
661.350000	-15.919492	18.738792	0.000000	
661.400000	-15.895020	18.733704	0.000000	
661.450000	-15.870545	18.728624	0.000000	
661.500000	-15.846073	18.723532	0.000000	
661.550000	-15.821606	18.718416	0.000000	
661.600000	-15.797146	18.713267	0.000000	
661.650000	-15.772691	18.708096	0.000000	
661.700000	-15.748242	18.702892	0.000000	
661.750000	-15.723803	18.697641	0.000000	
661.800000	-15.699371	18.692356	0.000000	
661.850000	-15.674946	18.687031	0.000000	
661.900000	-15.650531	18.681661	0.000000	
661.950000	-15.626125	18.676253	0.000000	
662.000000	-15.601726	18.670807	0.000000	
662.050000	-15.577332	18.665342	0.000000	
662.100000	-15.552944	18.659854	0.000000	
662.150000	-15.528561	18.654342	0.000000	
662.200000	-15.504187	18.648793	0.000000	
662.250000	-15.479820	18.643219	0.000000	
662.300000	-15.455454	18.637639	0.000000	
662.350000	-15.431092	18.632040	0.000000	
662.400000	-15.406737	18.626414	0.000000	
662.450000	-15.382389	18.620755	0.000000	
662.500000	-15.358048	18.615065	0.000000	
662.550000	-15.333712	18.609353	0.000000	
662.600000	-15.309376	18.603639	0.000000	
662.650000	-15.285043	18.597912	0.000000	
662.700000	-15.260719	18.592145	0.000000	
662.750000	-15.236403	18.586346	0.000000	
662.800000	-15.212095	18.580513	0.000000	
662.850000	-15.187798	18.574635	0.000000	
662.900000	-15.163515	18.568698	0.000000	
662.950000	-15.139243	18.562717	0.000000	
663.000000	-15.114979	18.556707	0.000000	
663.050000	-15.090714	18.550696	0.000000	
663.100000	-15.066455	18.544663	0.000000	
663.150000	-15.042204	18.538597	0.000000	
663.200000	-15.017959	18.532509	0.000000	
663.250000	-14.993711	18.526430	0.000000	
663.300000	-14.969462	18.520359	0.000000	
663.350000	-14.945211	18.514295	0.000000	
663.400000	-14.920956	18.508247	0.000000	
663.450000	-14.896698	18.502210	0.000000	
663.500000	-14.872443	18.496162	0.000000	
663.550000	-14.848191	18.490101	0.000000	
663.600000	-14.823946	18.484014	0.000000	
663.650000	-14.799712	18.477878	0.000000	
663.700000	-14.775490	18.471695	0.000000	
663.750000	-14.751278	18.465475	0.000000	
663.800000	-14.727073	18.459230	0.000000	
663.850000	-14.702869	18.452978	0.000000	
663.900000	-14.678665	18.446729	0.000000	
663.950000	-14.654458	18.440491	0.000000	
664.000000	-14.630245	18.434277	0.000000	
664.050000	-14.606030	18.428070	0.000000	
664.100000	-14.581820	18.421842	0.000000	
664.150000	-14.557613	18.415601	0.000000	
664.200000	-14.533409	18.409352	0.000000	
664.250000	-14.509207	18.403096	0.000000	
664.300000	-14.485013	18.396809	0.000000	
664.350000	-14.460829	18.390484	0.000000	
664.400000	-14.436662	18.384100	0.000000	
664.450000	-14.412515	18.377638	0.000000	
664.500000	-14.388392	18.371090	0.000000	
664.550000	-14.364294	18.364457	0.000000	
664.600000	-14.340221	18.357734	0.000000	
664.650000	-14.316175	18.350920	0.000000	
664.700000	-14.292146	18.344047	0.000000	
664.750000	-14.268129	18.337134	0.000000	
664.800000	-14.244127	18.330172	0.000000	
664.850000	-14.220144	18.323151	0.000000	
664.900000	-14.196187	18.316040	0.000000	
664.950000	-14.172266	18.308815	0.000000	
665.000000	-14.148378	18.301486	0.000000	
665.050000	-14.124527	18.294033	0.000000	
665.100000	-14.100719	18.286444	0.000000	
665.150000	-14.076951	18.278729	0.000000	
665.200000	-14.053225	18.270890	0.000000	
665.250000	-14.029539	18.262930	0.000000	
665.300000	-14.005890	18.254858	0.000000	
665.350000	-13.982273	18.246691	0.000000	
665.400000	-13.958682	18.238444	0.000000	
665.450000	-13.935117	18.230119	0.000000	
665.500000	-13.911578	18.221718	0.000000	
665.550000	-13.888062	18.213253	0.000000	
665.600000	-13.864563	18.204737	0.000000	
665.650000	-13.841084	18.196165	0.000000	
665.700000	-13.817617	18.187561	0.000000	
665.750000	-13.794170	18.178900	0.000000	
665.800000	-13.770750	18.170162	0.000000	
665.850000	-13.747350	18.161368	0.000000	
665.900000	-13.723964	18.152534	0.000000	
665.950000	-13.700591	18.143664	0.000000	
666.000000	-13.677223	18.134781	0.000000	
666.050000	-13.653858	18.125890	0.000000	
666.100000	-13.630489	18.117012	0.000000	
666.150000	-13.607110	18.108159	0.000000	
666.200000	-13.583722	18.099330	0.000000	
666.250000	-13.560320	18.090540	0.000000	
666.300000	-13.536906	18.081780	0.000000	
666.350000	-13.513483	18.073046	0.000000	
666.400000	-13.490050	18.064338	0.000000	
666.450000	-13.466610	18.055650	0.000000	
666.500000	-13.443161	18.046988	0.000000	
666.550000	-13.419704	18.038346	0.000000	
666.600000	-13.396239	18.029727	0.000000	
666.650000	-13.372766	18.021128	0.000000	
666.700000	-13.349284	18.012554	0.000000	
666.750000	-13.325794	18.004002	0.000000	
666.800000	-13.302296	17.995472	0.000000	
666.850000	-13.278783	17.986984	0.000000	
666.900000	-13.255257	17.978530	0.000000	
666.950000	-13.231718	17.970111	0.000000	
667.000000	-13.208160	17.961747	0.000000	
667.050000	-13.184583	17.953437	0.000000	
667.100000	-13.160986	17.945183	0.000000	
667.150000	-13.137374	17.936978	0.000000	
667.200000	-13.113747	17.928815	0.000000	
667.250000	-13.090101	17.920711	0.000000	
667.300000	-13.066440	17.912654	0.000000	
667.350000	-13.042760	17.904651	0.000000	
667.400000	-13.019063	17.896698	0.000000	
667.450000	-12.995348	17.888803	0.000000	
667.500000	-12.971613	17.880968	0.000000	
667.550000	-12.947860	17.873193	0.000000	
667.600000	-12.924088	17.865471	0.000000	
667.650000	-12.900311	17.857765	0.000000	
667.700000	-12.876535	17.850057	0.000000	
667.750000	-12.852779	17.842296	0.000000	
667.800000	-12.829066	17.834429	0.000000	
667.850000	-12.805413	17.826423	0.000000	
667.900000	-12.781838	17.818240	0.000000	
667.950000	-12.758360	17.809849	0.000000	
668.000000	-12.734997	17.801214	0.000000	
668.050000	-12.711780	17.792284	0.000000	
668.100000	-12.688742	17.783009	0.000000	
668.150000	-12.665912	17.773343	0.000000	
668.200000	-12.643312	17.763254	0.000000	
668.250000	-12.620955	17.752737	0.000000	
668.300000	-12.598878	17.741740	0.000000	
668.350000	-12.577112	17.730236	0.000000	
668.400000	-12.555671	17.718214	0.000000	
668.450000	-12.534582	17.705653	0.000000	
668.500000	-12.513875	17.692513	0.000000	
668.550000	-12.493560	17.678778	0.000000	
668.600000	-12.473646	17.664444	0.000000	
668.650000	-12.454119	17.649539	0.000000	
668.700000	-12.434963	17.634098	0.000000	
668.750000	-12.416163	17.618147	0.000000	
668.800000	-12.397704	17.601735	0.000000	
668.850000	-12.379561	17.584908	0.000000	
668.900000	-12.361713	17.567709	0.000000	
668.950000	-12.344157	17.550159	0.000000	
669.000000	-12.326870	17.532292	0.000000	
669.050000	-12.309825	17.514145	0.000000	
669.100000	-12.292990	17.495764	0.000000	
669.150000	-12.276323	17.477200	0.000000	
669.200000	-12.259795	17.458491	0.000000	
669.250000	-12.243387	17.439659	0.000000	
669.300000	-12.227083	17.420723	0.000000	
669.350000	-12.210861	17.401709	0.000000	
669.400000	-12.194681	17.382657	0.000000	
669.450000	-12.178530	17.363578	0.000000	
669.500000	-12.162375	17.344504	0.000000	
669.550000	-12.146196	17.325448	0.000000	
669.600000	-12.129988	17.306418	0.000000	
669.650000	-12.113733	17.287428	0.000000	
669.700000	-12.097446	17.268465	0.000000	
669.750000	-12.081124	17.249531	0.000000	
669.800000	-12.064784	17.230612	0.000000	
669.850000	-12.048421	17.211713	0.000000	
669.900000	-12.032034	17.192835	0.000000	
669.950000	-12.015613	17.173986	0.000000	
670.000000	-11.999153	17.155171	0.000000	
670.050000	-11.982663	17.136382	0.000000	
670.100000	-11.966141	17.117621	0.000000	
670.150000	-11.949584	17.098889	0.000000	
670.200000	-11.932995	17.080189	0.000000	
670.250000	-11.916383	17.061509	0.000000	
670.300000	-11.899751	17.042847	0.000000	
670.350000	-11.883102	17.024199	0.000000	
670.400000	-11.866422	17.005580	0.000000	
670.450000	-11.849716	16.986985	0.000000	
670.500000	-11.832970	16.968426	0.000000	
670.550000	-11.816184	16.949904	0.000000	
670.600000	-11.799349	16.931427	0.000000	
670.650000	-11.782463	16.912997	0.000000	
670.700000	-11.765524	16.894618	0.000000	
670.750000	-11.748523	16.876296	0.000000	
670.800000	-11.731469	16.858024	0.000000	
670.850000	-11.714360	16.839803	0.000000	
670.900000	-11.697211	16.821619	0.000000	
670.950000	-11.680037	16.803458	0.000000	
671.000000	-11.662851	16.785307	0.000000	
671.050000	-11.645657	16.767164	0.000000	
671.100000	-11.628445	16.749037	0.000000	
671.150000	-11.611221	16.730921	0.000000	
671.200000	-11.593999	16.712804	0.000000	
671.250000	-11.576788	16.694676	0.000000	
671.300000	-11.559592	16.676535	0.000000	
671.350000	-11.542403	16.658386	0.000000	
671.400000	-11.525226	16.640227	0.000000	
671.450000	-11.508061	16.622057	0.000000	
671.500000	-11.490901	16.603883	0.000000	
671.550000	-11.473765	16.585686	0.000000	
671.600000	-11.456650	16.567469	0.000000	
671.650000	-11.439547	16.549241	0.000000	
671.700000	-11.422458	16.531000	0.000000	
671.750000	-11.405402	16.512726	0.000000	
671.800000	-11.388381	16.494419	0.000000	
671.850000	-11.371383	16.476088	0.000000	
671.900000	-11.354412	16.457733	0.000000	
671.950000	-11.337452	16.439367	0.000000	
672.000000	-11.320482	16.421010	0.000000	
672.050000	-11.303488	16.402676	0.000000	
672.100000	-11.286458	16.384377	0.000000	
672.150000	-11.269411	16.366093	0.000000	
672.200000	-11.252352	16.347821	0.000000	
672.250000	-11.235267	16.329575	0.000000	
672.300000	-11.218166	16.311341	0.000000	
672.350000	-11.201044	16.293129	0.000000	
672.400000	-11.183909	16.274928	0.000000	
672.450000	-11.166751	16.256748	0.000000	
672.500000	-11.149588	16.238572	0.000000	
672.550000	-11.132420	16.220402	0.000000	
672.600000	-11.115234	16.202247	0.000000	
672.650000	-11.098027	16.184113	0.000000	
672.700000	-11.080809	16.165990	0.000000	
672.750000	-11.063573	16.147883	0.000000	
672.800000	-11.046303	16.129810	0.000000	
672.850000	-11.028992	16.111775	0.000000	
672.900000	-11.011642	16.093781	0.000000	
672.950000	-10.994238	16.075839	0.000000	
673.000000	-10.976778	16.057954	0.000000	
673.050000	-10.959274	16.040113	0.000000	
673.100000	-10.941738	16.022305	0.000000	
673.150000	-10.924187	16.004512	0.000000	
673.200000	-10.906600	15.986754	0.000000	
673.250000	-10.888972	15.969039	0.000000	
673.300000	-10.871307	15.951361	0.000000	
673.350000	-10.853597	15.933729	0.000000	
673.400000	-10.835840	15.916143	0.000000	
673.450000	-10.818034	15.898606	0.000000	
673.500000	-10.800188	15.881108	0.000000	
673.550000	-10.782304	15.863647	0.000000	
673.600000	-10.764388	15.846218	0.000000	
673.650000	-10.746442	15.828817	0.000000	
673.700000	-10.728466	15.811446	0.000000	
673.750000	-10.710454	15.794112	0.000000	
673.800000	-10.692410	15.776810	0.000000	
673.850000	-10.674342	15.759534	0.000000	
673.900000	-10.656252	15.742280	0.000000	
673.950000	-10.638151	15.725038	0.000000	
674.000000	-10.620050	15.707796	0.000000	
674.050000	-10.601962	15.690541	0.000000	
674.100000	-10.583899	15.673260	0.000000	
674.150000	-10.565861	15.655953	0.000000	
674.200000	-10.547844	15.638624	0.000000	
674.250000	-10.529866	15.621258	0.000000	
674.300000	-10.511939	15.603840	0.000000	
674.350000	-10.494067	15.586367	0.000000	
674.400000	-10.476237	15.568851	0.000000	
674.450000	-10.458442	15.551299	0.000000	
674.500000	-10.440675	15.533721	0.000000	
674.550000	-10.422921	15.516127	0.000000	
674.600000	-10.405180	15.498522	0.000000	
674.650000	-10.387462	15.480894	0.000000	
674.700000	-10.369769	15.463240	0.000000	
674.750000	-10.352127	15.445538	0.000000	
674.800000	-10.334560	15.427762	0.000000	
674.850000	-10.317071	15.409911	0.000000	
674.900000	-10.299659	15.391985	0.000000	
674.950000	-10.282350	15.373960	0.000000	
675.000000	-10.265159	15.355825	0.000000	
675.050000	-10.248094	15.337575	0.000000	
675.100000	-10.231166	15.319203	0.000000	
675.150000	-10.214390	15.300703	0.000000	
675.200000	-10.197782	15.282063	0.000000	
675.250000	-10.181362	15.263274	0.000000	
675.300000	-10.165163	15.244318	0.000000	
675.350000	-10.149203	15.225188	0.000000	
675.400000	-10.133505	15.205872	0.000000	
675.450000	-10.118112	15.186343	0.000000	
675.500000	-10.103060	15.166582	0.000000	
675.550000	-10.088386	15.146569	0.000000	
675.600000	-10.074115	15.126294	0.000000	
675.650000	-10.060273	15.105750	0.000000	
675.700000	-10.046866	15.084942	0.000000	
675.750000	-10.033918	15.063863	0.000000	
675.800000	-10.021413	15.042525	0.000000	
675.850000	-10.009331	15.020945	0.000000	
675.900000	-9.997664	14.999125	0.000000	
675.950000	-9.986398	14.977069	0.000000	
676.000000	-9.975516	14.954796	0.000000	
676.050000	-9.964990	14.932322	0.000000	
676.100000	-9.954792	14.909667	0.000000	
676.150000	-9.944924	14.886835	0.000000	
676.200000	-9.935369	14.863842	0.000000	
676.250000	-9.926116	14.840701	0.000000	
676.300000	-9.917133	14.817431	0.000000	
676.350000	-9.908390	14.794054	0.000000	
676.400000	-9.899876	14.770581	0.000000	
676.450000	-9.891556	14.747026	0.000000	
676.500000	-9.883380	14.723413	0.000000	
676.550000	-9.875326	14.699753	0.000000	
676.600000	-9.867349	14.676064	0.000000	
676.650000	-9.859422	14.652356	0.000000	
676.700000	-9.851511	14.628643	0.000000	
676.750000	-9.843606	14.604927	0.000000	
676.800000	-9.835689	14.581216	0.000000	
676.850000	-9.827765	14.557507	0.000000	
676.900000	-9.819848	14.533795	0.000000	
676.950000	-9.811940	14.510081	0.000000	
677.000000	-9.804061	14.486357	0.000000	
677.050000	-9.796209	14.462624	0.000000	
677.100000	-9.788402	14.438876	0.000000	
677.150000	-9.780637	14.415114	0.000000	
677.200000	-9.772893	14.391345	0.000000	
677.250000	-9.765152	14.367575	0.000000	
677.300000	-9.757398	14.343809	0.000000	
677.350000	-9.749626	14.320049	0.000000	
677.400000	-9.741831	14.296297	0.000000	
677.450000	-9.733999	14.272556	0.000000	
677.500000	-9.726160	14.248818	0.000000	
677.550000	-9.718326	14.225079	0.000000	
677.600000	-9.710503	14.201335	0.000000	
677.650000	-9.702703	14.177585	0.000000	
677.700000	-9.694926	14.153826	0.000000	
677.750000	-9.687185	14.130056	0.000000	
677.800000	-9.679492	14.106271	0.000000	
677.850000	-9.671850	14.082470	0.000000	
677.900000	-9.664249	14.058657	0.000000	
677.950000	-9.656693	14.034830	0.000000	
678.000000	-9.649176	14.010992	0.000000	
678.050000	-9.641699	13.987141	0.000000	
678.100000	-9.634269	13.963277	0.000000	
678.150000	-9.626876	13.939402	0.000000	
678.200000	-9.619529	13.915513	0.000000	
678.250000	-9.612230	13.891609	0.000000	
678.300000	-9.605001	13.867685	0.000000	
678.350000	-9.597843	13.843738	0.000000	
678.400000	-9.590768	13.819767	0.000000	
678.450000	-9.583768	13.795772	0.000000	
678.500000	-9.576848	13.771754	0.000000	
678.550000	-9.570005	13.747713	0.000000	
678.600000	-9.563242	13.723649	0.000000	
678.650000	-9.556538	13.699568	0.000000	
678.700000	-9.549879	13.675475	0.000000	
678.750000	-9.543254	13.651370	0.000000	
678.800000	-9.536652	13.627259	0.000000	
678.850000	-9.530047	13.603149	0.000000	
678.900000	-9.523422	13.579045	0.000000	
678.950000	-9.516790	13.554942	0.000000	
679.000000	-9.510150	13.530842	0.000000	
679.050000	-9.503530	13.506736	0.000000	
679.100000	-9.496908	13.482631	0.000000	
679.150000	-9.490267	13.458531	0.000000	
679.200000	-9.483620	13.434433	0.000000	
679.250000	-9.476979	13.410333	0.000000	
679.300000	-9.470358	13.386228	0.000000	
679.350000	-9.463741	13.362122	0.000000	
679.400000	-9.457130	13.338014	0.000000	
679.450000	-9.450517	13.313907	0.000000	
679.500000	-9.443893	13.289802	0.000000	
679.550000	-9.437252	13.265702	0.000000	
679.600000	-9.430596	13.241607	0.000000	
679.650000	-9.423919	13.217516	0.000000	
679.700000	-9.417240	13.193426	0.000000	
679.750000	-9.410582	13.169331	0.000000	
679.800000	-9.403965	13.145224	0.000000	
679.850000	-9.397388	13.121107	0.000000	
679.900000	-9.390871	13.096974	0.000000	
679.950000	-9.384403	13.072827	0.000000	
680.000000	-9.377988	13.048667	0.000000	
680.050000	-9.371613	13.024495	0.000000	
680.100000	-9.365254	13.000320	0.000000	
680.150000	-9.358921	12.976137	0.000000	
680.200000	-9.352629	12.951943	0.000000	
680.250000	-9.346368	12.927741	0.000000	
680.300000	-9.340132	12.903533	0.000000	
680.350000	-9.333922	12.879318	0.000000	
680.400000	-9.327729	12.855098	0.000000	
680.450000	-9.321545	12.830877	0.000000	
680.500000	-9.315365	12.806654	0.000000	
680.550000	-9.309190	12.782430	0.000000	
680.600000	-9.303009	12.758208	0.000000	
680.650000	-9.296800	12.733993	0.000000	
680.700000	-9.290562	12.709787	0.000000	
680.750000	-9.284288	12.685590	0.000000	
680.800000	-9.277990	12.661401	0.000000	
680.850000	-9.271676	12.637215	0.000000	
680.900000	-9.265350	12.613032	0.000000	
680.950000	-9.259002	12.588854	0.000000	
681.000000	-9.252653	12.564677	0.000000	
681.050000	-9.246290	12.540504	0.000000	
681.100000	-9.239930	12.516329	0.000000	
681.150000	-9.233580	12.492152	0.000000	
681.200000	-9.227257	12.467969	0.000000	
681.250000	-9.220949	12.443782	0.000000	
681.300000	-9.214642	12.419594	0.000000	
681.350000	-9.208322	12.395410	0.000000	
681.400000	-9.201960	12.371237	0.000000	
681.450000	-9.195569	12.347072	0.000000	
681.500000	-9.189153	12.322913	0.000000	
681.550000	-9.182739	12.298753	0.000000	
681.600000	-9.176346	12.274588	0.000000	
681.650000	-9.169997	12.250412	0.000000	
681.700000	-9.163695	12.226222	0.000000	
681.750000	-9.157462	12.202014	0.000000	
681.800000	-9.151302	12.177788	0.000000	
681.850000	-9.145214	12.153544	0.000000	
681.900000	-9.139194	12.129284	0.000000	
681.950000	-9.133238	12.105009	0.000000	
682.000000	-9.127333	12.080723	0.000000	
682.050000	-9.121474	12.056425	0.000000	
682.100000	-9.115656	12.032118	0.000000	
682.150000	-9.109881	12.007801	0.000000	
682.200000	-9.104142	11.983476	0.000000	
682.250000	-9.098427	11.959146	0.000000	
682.300000	-9.092741	11.934809	0.000000	
682.350000	-9.087109	11.910460	0.000000	
682.400000	-9.081532	11.886098	0.000000	
682.450000	-9.076012	11.861722	0.000000	
682.500000	-9.070540	11.837333	0.000000	
682.550000	-9.065131	11.812929	0.000000	
682.600000	-9.059755	11.788517	0.000000	
682.650000	-9.054411	11.764097	0.000000	
682.700000	-9.049091	11.739671	0.000000	
682.750000	-9.043789	11.715241	0.000000	
682.800000	-9.038493	11.690810	0.000000	
682.850000	-9.033195	11.666379	0.000000	
682.900000	-9.027894	11.641949	0.000000	
682.950000	-9.022594	11.617518	0.000000	
683.000000	-9.017295	11.593087	0.000000	
683.050000	-9.012007	11.568655	0.000000	
683.100000	-9.006727	11.544220	0.000000	
683.150000	-9.001462	11.519782	0.000000	
683.200000	-8.996188	11.495346	0.000000	
683.250000	-8.990942	11.470905	0.000000	
683.300000	-8.985754	11.446452	0.000000	
683.350000	-8.980650	11.421986	0.000000	
683.400000	-8.975630	11.397505	0.000000	
683.450000	-8.970736	11.373005	0.000000	
683.500000	-8.966016	11.348479	0.000000	
683.550000	-8.961520	11.323923	0.000000	
683.600000	-8.957280	11.299339	0.000000	
683.650000	-8.953332	11.274724	0.000000	
683.700000	-8.949689	11.250081	0.000000	
683.750000	-8.946379	11.225412	0.000000	
683.800000	-8.943449	11.200717	0.000000	
683.850000	-8.940908	11.175998	0.000000	
683.900000	-8.938779	11.151260	0.000000	
683.950000	-8.937072	11.126508	0.000000	
684.000000	-8.935797	11.101749	0.000000	
684.050000	-8.934953	11.076984	0.000000	
684.100000	-8.934554	11.052213	0.000000	
684.150000	-8.934613	11.027438	0.000000	
684.200000	-8.935141	11.002660	0.000000	
684.250000	-8.936149	10.977879	0.000000	
684.300000	-8.937627	10.953104	0.000000	
684.350000	-8.939548	10.928343	0.000000	
684.400000	-8.941893	10.903600	0.000000	
684.450000	-8.944640	10.878874	0.000000	
684.500000	-8.947774	10.854173	0.000000	
684.550000	-8.951271	10.829501	0.000000	
684.600000	-8.955082	10.804859	0.000000	
684.650000	-8.959152	10.780245	0.000000	
684.700000	-8.963450	10.755658	0.000000	
684.750000	-8.967946	10.731094	0.000000	
684.800000	-8.972608	10.706553	0.000000	
684.850000	-8.977403	10.682031	0.000000	
684.900000	-8.982321	10.657530	0.000000	
684.950000	-8.987333	10.633043	0.000000	
685.000000	-8.992432	10.608573	0.000000	
685.050000	-8.997587	10.584114	0.000000	
685.100000	-9.002792	10.559664	0.000000	
685.150000	-9.008028	10.535221	0.000000	
685.200000	-9.013286	10.510781	0.000000	
685.250000	-9.018573	10.486348	0.000000	
685.300000	-9.023868	10.461916	0.000000	
685.350000	-9.029144	10.437480	0.000000	
685.400000	-9.034381	10.413037	0.000000	
685.450000	-9.039581	10.388585	0.000000	
685.500000	-9.044749	10.364127	0.000000	
685.550000	-9.049876	10.339661	0.000000	
685.600000	-9.054957	10.315184	0.000000	
685.650000	-9.060009	10.290701	0.000000	
685.700000	-9.065050	10.266216	0.000000	
685.750000	-9.070086	10.241730	0.000000	
685.800000	-9.075137	10.217247	0.000000	
685.850000	-9.080193	10.192764	0.000000	
685.900000	-9.085268	10.168286	0.000000	
685.950000	-9.090358	10.143812	0.000000	
686.000000	-9.095460	10.119340	0.000000	
686.050000	-9.100553	10.094865	0.000000	
686.100000	-9.105639	10.070390	0.000000	
686.150000	-9.110719	10.045913	0.000000	
686.200000	-9.115797	10.021436	0.000000	
686.250000	-9.120874	9.996958	0.000000	
686.300000	-9.125942	9.972479	0.000000	
686.350000	-9.131000	9.947997	0.000000	
686.400000	-9.136072	9.923518	0.000000	
686.450000	-9.141177	9.899047	0.000000	
686.500000	-9.146297	9.874577	0.000000	
686.550000	-9.151442	9.850114	0.000000	
686.600000	-9.156600	9.825652	0.000000	
686.650000	-9.161769	9.801193	0.000000	
686.700000	-9.166948	9.776736	0.000000	
686.750000	-9.172120	9.752277	0.000000	
686.800000	-9.177281	9.727816	0.000000	
686.850000	-9.182430	9.703353	0.000000	
686.900000	-9.187561	9.678886	0.000000	
686.950000	-9.192667	9.654414	0.000000	
687.000000	-9.197737	9.629934	0.000000	
687.050000	-9.202787	9.605450	0.000000	
687.100000	-9.207833	9.580965	0.000000	
687.150000	-9.212882	9.556480	0.000000	
687.200000	-9.217950	9.532000	0.000000	
687.250000	-9.223063	9.507530	0.000000	
687.300000	-9.228210	9.483067	0.000000	
687.350000	-9.233388	9.458611	0.000000	
687.400000	-9.238629	9.434170	0.000000	
687.450000	-9.243907	9.409737	0.000000	
687.500000	-9.249212	9.385310	0.000000	
687.550000	-9.254567	9.360895	0.000000	
687.600000	-9.259964	9.336489	0.000000	
687.650000	-9.265398	9.312091	0.000000	
687.700000	-9.270869	9.287702	0.000000	
687.750000	-9.276361	9.263317	0.000000	
687.800000	-9.281883	9.238939	0.000000	
687.850000	-9.287426	9.214565	0.000000	
687.900000	-9.292972	9.190192	0.000000	
687.950000	-9.298550	9.165826	0.000000	
688.000000	-9.304146	9.141463	0.000000	
688.050000	-9.309762	9.117104	0.000000	
688.100000	-9.315405	9.092752	0.000000	
688.150000	-9.321066	9.068403	0.000000	
688.200000	-9.326750	9.044059	0.000000	
688.250000	-9.332460	9.019722	0.000000	
688.300000	-9.338180	8.995387	0.000000	
688.350000	-9.343919	8.971057	0.000000	
688.400000	-9.349686	8.946733	0.000000	
688.450000	-9.355465	8.922414	0.000000	
688.500000	-9.361270	8.898100	0.000000	
688.550000	-9.367108	8.873795	0.000000	
688.600000	-9.372951	8.849491	0.000000	
688.650000	-9.378798	8.825189	0.000000	
688.700000	-9.384665	8.800891	0.000000	
688.750000	-9.390531	8.776593	0.000000	
688.800000	-9.396400	8.752295	0.000000	
688.850000	-9.402286	8.728002	0.000000	
688.900000	-9.408209	8.703717	0.000000	
688.950000	-9.414192	8.679447	0.000000	
689.000000	-9.420214	8.655186	0.000000	
689.050000	-9.426289	8.630938	0.000000	
689.100000	-9.432436	8.606708	0.000000	
689.150000	-9.438649	8.582495	0.000000	
689.200000	-9.444928	8.558298	0.000000	
689.250000	-9.451252	8.534113	0.000000	
689.300000	-9.457588	8.509932	0.000000	
689.350000	-9.463942	8.485755	0.000000	
689.400000	-9.470309	8.461581	0.000000	
689.450000	-9.476673	8.437406	0.000000	
689.500000	-9.483034	8.413231	0.000000	
689.550000	-9.489401	8.389057	0.000000	
689.600000	-9.495788	8.364889	0.000000	
689.650000	-9.502197	8.340727	0.000000	
689.700000	-9.508651	8.316577	0.000000	
689.750000	-9.515131	8.292434	0.000000	
689.800000	-9.521670	8.268307	0.000000	
689.850000	-9.528257	8.244192	0.000000	
689.900000	-9.534893	8.220090	0.000000	
689.950000	-9.541568	8.195999	0.000000	
690.000000	-9.548273	8.171917	0.000000	
690.050000	-9.555029	8.147849	0.000000	
690.100000	-9.561815	8.123789	0.000000	
690.150000	-9.568616	8.099734	0.000000	
690.200000	-9.575411	8.075677	0.000000	
690.250000	-9.582190	8.051615	0.000000	
690.300000	-9.588963	8.027552	0.000000	
690.350000	-9.595746	8.003492	0.000000	
690.400000	-9.602523	7.979429	0.000000	
690.450000	-9.609282	7.955363	0.000000	
690.500000	-9.616023	7.931292	0.000000	
690.550000	-9.622743	7.907215	0.000000	
690.600000	-9.629447	7.883134	0.000000	
690.650000	-9.636112	7.859042	0.000000	
690.700000	-9.642751	7.834944	0.000000	
690.750000	-9.649335	7.810831	0.000000	
690.800000	-9.655906	7.786714	0.000000	
690.850000	-9.662465	7.762594	0.000000	
690.900000	-9.669031	7.738476	0.000000	
690.950000	-9.675605	7.714360	0.000000	
691.000000	-9.682206	7.690252	0.000000	
691.050000	-9.688873	7.666166	0.000000	
691.100000	-9.695615	7.642106	0.000000	
691.150000	-9.702474	7.618087	0.000000	
691.200000	-9.709498	7.594130	0.000000	
691.250000	-9.716718	7.570248	0.000000	
691.300000	-9.724177	7.546459	0.000000	
691.350000	-9.731904	7.522780	0.000000	
691.400000	-9.739933	7.499229	0.000000	
691.450000	-9.748292	7.475820	0.000000	
691.500000	-9.757009	7.452567	0.000000	
691.550000	-9.766124	7.429494	0.000000	
691.600000	-9.775644	7.406607	0.000000	
691.650000	-9.785567	7.383910	0.000000	
691.700000	-9.795916	7.361416	0.000000	
691.750000	-9.806707	7.339139	0.000000	
691.800000	-9.817963	7.317093	0.000000	
691.850000	-9.829674	7.295281	0.000000	
691.900000	-9.841827	7.273704	0.000000	
691.950000	-9.854417	7.252361	0.000000	
692.000000	-9.867423	7.231240	0.000000	
692.050000	-9.880824	7.210334	0.000000	
692.100000	-9.894564	7.189615	0.000000	
692.150000	-9.908623	7.169081	0.000000	
692.200000	-9.922972	7.148718	0.000000	
692.250000	-9.937561	7.128500	0.000000	
692.300000	-9.952377	7.108428	0.000000	
692.350000	-9.967396	7.088490	0.000000	
692.400000	-9.982604	7.068682	0.000000	
692.450000	-9.997970	7.048989	0.000000	
692.500000	-10.013474	7.029395	0.000000	
692.550000	-10.029086	7.009881	0.000000	
692.600000	-10.044783	6.990432	0.000000	
692.650000	-10.060564	6.971048	0.000000	
692.700000	-10.076404	6.951711	0.000000	
692.750000	-10.092303	6.932421	0.000000	
692.800000	-10.108253	6.913173	0.000000	
692.850000	-10.124240	6.893956	0.000000	
692.900000	-10.140241	6.874751	0.000000	
692.950000	-10.156246	6.855549	0.000000	
693.000000	-10.172251	6.836348	0.000000	
693.050000	-10.188273	6.817160	0.000000	
693.100000	-10.204317	6.797991	0.000000	
693.150000	-10.220395	6.778850	0.000000	
693.200000	-10.236511	6.759741	0.000000	
693.250000	-10.252677	6.740676	0.000000	
693.300000	-10.268902	6.721658	0.000000	
693.350000	-10.285185	6.702691	0.000000	
693.400000	-10.301519	6.683769	0.000000	
693.450000	-10.317887	6.664876	0.000000	
693.500000	-10.334292	6.646016	0.000000	
693.550000	-10.350741	6.627195	0.000000	
693.600000	-10.367233	6.608412	0.000000	
693.650000	-10.383760	6.589659	0.000000	
693.700000	-10.400315	6.570930	0.000000	
693.750000	-10.416916	6.552242	0.000000	
693.800000	-10.433548	6.533581	0.000000	
693.850000	-10.450199	6.514937	0.000000	
693.900000	-10.466869	6.496311	0.000000	
693.950000	-10.483569	6.477710	0.000000	
694.000000	-10.500312	6.459149	0.000000	
694.050000	-10.517095	6.440623	0.000000	
694.100000	-10.533923	6.422137	0.000000	
694.150000	-10.550795	6.403692	0.000000	
694.200000	-10.567720	6.385294	0.000000	
694.250000	-10.584677	6.366925	0.000000	
694.300000	-10.601655	6.348576	0.000000	
694.350000	-10.618646	6.330238	0.000000	
694.400000	-10.635645	6.311908	0.000000	
694.450000	-10.652648	6.293582	0.000000	
694.500000	-10.669653	6.275258	0.000000	
694.550000	-10.686643	6.256919	0.000000	
694.600000	-10.703613	6.238563	0.000000	
694.650000	-10.720577	6.220201	0.000000	
694.700000	-10.737534	6.201833	0.000000	
694.750000	-10.754485	6.183460	0.000000	
694.800000	-10.771418	6.165070	0.000000	
694.850000	-10.788331	6.146662	0.000000	
694.900000	-10.805222	6.128235	0.000000	
694.950000	-10.822090	6.109787	0.000000	
695.000000	-10.838945	6.091327	0.000000	
695.050000	-10.855778	6.072848	0.000000	
695.100000	-10.872607	6.054364	0.000000	
695.150000	-10.889414	6.035860	0.000000	
695.200000	-10.906195	6.017332	0.000000	
695.250000	-10.922950	5.998780	0.000000	
695.300000	-10.939700	5.980223	0.000000	
695.350000	-10.956444	5.961661	0.000000	
695.400000	-10.973194	5.943104	0.000000	
695.450000	-10.989949	5.924551	0.000000	
695.500000	-11.006709	5.906005	0.000000	
695.550000	-11.023474	5.887461	0.000000	
695.600000	-11.040240	5.868919	0.000000	
695.650000	-11.057018	5.850388	0.000000	
695.700000	-11.073823	5.831882	0.000000	
695.750000	-11.090645	5.813391	0.000000	
695.800000	-11.107488	5.794919	0.000000	
695.850000	-11.124348	5.776463	0.000000	
695.900000	-11.141242	5.758038	0.000000	
695.950000	-11.158182	5.739656	0.000000	
696.000000	-11.175175	5.721321	0.000000	
696.050000	-11.192200	5.703017	0.000000	
696.100000	-11.209251	5.684736	0.000000	
696.150000	-11.226313	5.666466	0.000000	
696.200000	-11.243392	5.648212	0.000000	
696.250000	-11.260487	5.629972	0.000000	
696.300000	-11.277588	5.611737	0.000000	
696.350000	-11.294693	5.593506	0.000000	
696.400000	-11.311817	5.575294	0.000000	
696.450000	-11.328961	5.557100	0.000000	
696.500000	-11.346120	5.538920	0.000000	
696.550000	-11.363299	5.520761	0.000000	
696.600000	-11.380514	5.502636	0.000000	
696.650000	-11.397771	5.484550	0.000000	
696.700000	-11.415059	5.466494	0.000000	
696.750000	-11.432357	5.448447	0.000000	
696.800000	-11.449677	5.430422	0.000000	
696.850000	-11.467016	5.412414	0.000000	
696.900000	-11.484393	5.394444	0.000000	
696.950000	-11.501802	5.376505	0.000000	
697.000000	-11.519233	5.358588	0.000000	
697.050000	-11.536688	5.340695	0.000000	
697.100000	-11.554167	5.322825	0.000000	
697.150000	-11.571667	5.304976	0.000000	
697.200000	-11.589200	5.287159	0.000000	
697.250000	-11.606754	5.269363	0.000000	
697.300000	-11.624344	5.251601	0.000000	
697.350000	-11.641975	5.233879	0.000000	
697.400000	-11.659626	5.216176	0.000000	
697.450000	-11.677285	5.198481	0.000000	
697.500000	-11.694946	5.180787	0.000000	
697.550000	-11.712601	5.163089	0.000000	
697.600000	-11.730253	5.145387	0.000000	
697.650000	-11.747908	5.127688	0.000000	
697.700000	-11.765564	5.109990	0.000000	
697.750000	-11.783226	5.092298	0.000000	
697.800000	-11.800908	5.074626	0.000000	
697.850000	-11.818607	5.056971	0.000000	
697.900000	-11.836324	5.039334	0.000000	
697.950000	-11.854045	5.021701	0.000000	
698.000000	-11.871775	5.004077	0.000000	
698.050000	-11.889503	4.986452	0.000000	
698.100000	-11.907232	4.968827	0.000000	
698.150000	-11.924970	4.951212	0.000000	
698.200000	-11.942733	4.933622	0.000000	
698.250000	-11.960522	4.916059	0.000000	
698.300000	-11.978351	4.898538	0.000000	
698.350000	-11.996202	4.881040	0.000000	
698.400000	-12.014077	4.863566	0.000000	
698.450000	-12.031972	4.846114	0.000000	
698.500000	-12.049891	4.828685	0.000000	
698.550000	-12.067838	4.811285	0.000000	
698.600000	-12.085822	4.793922	0.000000	
698.650000	-12.103836	4.776590	0.000000	
698.700000	-12.121860	4.759268	0.000000	
698.750000	-12.139902	4.741964	0.000000	
698.800000	-12.157954	4.724670	0.000000	
698.850000	-12.176016	4.707387	0.000000	
698.900000	-12.194090	4.690117	0.000000	
698.950000	-12.212181	4.672864	0.000000	
699.000000	-12.230286	4.655625	0.000000	
699.050000	-12.248398	4.638393	0.000000	
699.100000	-12.266514	4.621167	0.000000	
699.150000	-12.284637	4.603947	0.000000	
699.200000	-12.302755	4.586722	0.000000	
699.250000	-12.320857	4.569480	0.000000	
699.300000	-12.338927	4.552206	0.000000	
699.350000	-12.356968	4.534900	0.000000	
699.400000	-12.374982	4.517566	0.000000	
699.450000	-12.392963	4.500200	0.000000	
699.500000	-12.410929	4.482817	0.000000	
699.550000	-12.428866	4.465406	0.000000	
699.600000	-12.446787	4.447978	0.000000	
699.650000	-12.464680	4.430520	0.000000	
699.700000	-12.482550	4.413039	0.000000	
699.750000	-12.500410	4.395549	0.000000	
699.800000	-12.518278	4.378067	0.000000	
699.850000	-12.536161	4.360600	0.000000	
699.900000	-12.554060	4.343150	0.000000	
699.950000	-12.571984	4.325728	0.000000	
700.000000	-12.589960	4.308364	0.000000	
700.050000	-12.608012	4.291089	0.000000	
700.100000	-12.626165	4.273936	0.000000	
700.150000	-12.644441	4.256934	0.000000	
700.200000	-12.662857	4.240109	0.000000	
700.250000	-12.681433	4.223490	0.000000	
700.300000	-12.700200	4.207124	0.000000	
700.350000	-12.719182	4.191054	0.000000	
700.400000	-12.738386	4.175297	0.000000	
700.450000	-12.757830	4.159883	0.000000	
700.500000	-12.777534	4.144852	0.000000	
700.550000	-12.797505	4.130234	0.000000	
700.600000	-12.817765	4.116064	0.000000	
700.650000	-12.838304	4.102342	0.000000	
700.700000	-12.859137	4.089096	0.000000	
700.750000	-12.880261	4.076328	0.000000	
700.800000	-12.901676	4.064044	0.000000	
700.850000	-12.923366	4.052232	0.000000	
700.900000	-12.945325	4.040878	0.000000	
700.950000	-12.967546	4.029979	0.000000	
701.000000	-12.990017	4.019526	0.000000	
701.050000	-13.012709	4.009489	0.000000	
701.100000	-13.035605	3.999853	0.000000	
701.150000	-13.058681	3.990590	0.000000	
701.200000	-13.081921	3.981669	0.000000	
701.250000	-13.105300	3.973053	0.000000	
701.300000	-13.128810	3.964736	0.000000	
701.350000	-13.152430	3.956687	0.000000	
701.400000	-13.176136	3.948854	0.000000	
701.450000	-13.199914	3.941202	0.000000	
701.500000	-13.223754	3.933717	0.000000	
701.550000	-13.247636	3.926351	0.000000	
701.600000	-13.271552	3.919085	0.000000	
701.650000	-13.295492	3.911891	0.000000	
701.700000	-13.319456	3.904777	0.000000	
701.750000	-13.343434	3.897709	0.000000	
701.800000	-13.367426	3.890685	0.000000	
701.850000	-13.391430	3.883703	0.000000	
701.900000	-13.415440	3.876742	0.000000	
701.950000	-13.439459	3.869814	0.000000	
702.000000	-13.463492	3.862932	0.000000	
702.050000	-13.487540	3.856103	0.000000	
702.100000	-13.511602	3.849327	0.000000	
702.150000	-13.535680	3.842612	0.000000	
702.200000	-13.559769	3.835939	0.000000	
702.250000	-13.583872	3.829317	0.000000	
702.300000	-13.607991	3.822756	0.000000	
702.350000	-13.632126	3.816255	0.000000	
702.400000	-13.656273	3.809806	0.000000	
702.450000	-13.680440	3.803433	0.000000	
702.500000	-13.704632	3.797160	0.000000	
702.550000	-13.728847	3.790979	0.000000	
702.600000	-13.753090	3.784912	0.000000	
702.650000	-13.777359	3.778951	0.000000	
702.700000	-13.801652	3.773092	0.000000	
702.750000	-13.825964	3.767312	0.000000	
702.800000	-13.850294	3.761608	0.000000	
702.850000	-13.874644	3.755987	0.000000	
702.900000	-13.899011	3.750434	0.000000	
702.950000	-13.923400	3.744974	0.000000	
703.000000	-13.947808	3.739587	0.000000	
703.050000	-13.972228	3.734251	0.000000	
703.100000	-13.996659	3.728965	0.000000	
703.150000	-14.021101	3.723723	0.000000	
703.200000	-14.045547	3.718505	0.000000	
703.250000	-14.070001	3.713316	0.000000	
703.300000	-14.094461	3.708156	0.000000	
703.350000	-14.118923	3.703007	0.000000	
703.400000	-14.143387	3.697862	0.000000	
703.450000	-14.167855	3.692736	0.000000	
703.500000	-14.192321	3.687601	0.000000	
703.550000	-14.216779	3.682431	0.000000	
703.600000	-14.241228	3.677225	0.000000	
703.650000	-14.265669	3.671974	0.000000	
703.700000	-14.290095	3.666659	0.000000	
703.750000	-14.314512	3.661301	0.000000	
703.800000	-14.338917	3.655890	0.000000	
703.850000	-14.363312	3.650435	0.000000	
703.900000	-14.387698	3.644940	0.000000	
703.950000	-14.412075	3.639405	0.000000	
704.000000	-14.436438	3.633811	0.000000	
704.050000	-14.460789	3.628163	0.000000	
704.100000	-14.485125	3.622457	0.000000	
704.150000	-14.509448	3.616694	0.000000	
704.200000	-14.533760	3.610882	0.000000	
704.250000	-14.558058	3.605015	0.000000	
704.300000	-14.582348	3.599108	0.000000	
704.350000	-14.606628	3.593163	0.000000	
704.400000	-14.630898	3.587177	0.000000	
704.450000	-14.655151	3.581124	0.000000	
704.500000	-14.679389	3.575006	0.000000	
704.550000	-14.703615	3.568841	0.000000	
704.600000	-14.727831	3.562637	0.000000	
704.650000	-14.752039	3.556405	0.000000	
704.700000	-14.776236	3.550127	0.000000	
704.750000	-14.800420	3.543800	0.000000	
704.800000	-14.824586	3.537407	0.000000	
704.850000	-14.848735	3.530950	0.000000	
704.900000	-14.872866	3.524434	0.000000	
704.950000	-14.896978	3.517844	0.000000	
705.000000	-14.921068	3.511177	0.000000	
705.050000	-14.945144	3.504459	0.000000	
705.100000	-14.969208	3.497697	0.000000	
705.150000	-14.993265	3.490915	0.000000	
705.200000	-15.017317	3.484110	0.000000	
705.250000	-15.041364	3.477287	0.000000	
705.300000	-15.065411	3.470466	0.000000	
705.350000	-15.089457	3.463638	0.000000	
705.400000	-15.113498	3.456793	0.000000	
705.450000	-15.137538	3.449946	0.000000	
705.500000	-15.161578	3.443095	0.000000	
705.550000	-15.185609	3.436216	0.000000	
705.600000	-15.209631	3.429302	0.000000	
705.650000	-15.233643	3.422355	0.000000	
705.700000	-15.257640	3.415357	0.000000	
705.750000	-15.281623	3.408311	0.000000	
705.800000	-15.305595	3.401231	0.000000	
705.850000	-15.329555	3.394112	0.000000	
705.900000	-15.353510	3.386979	0.000000	
705.950000	-15.377460	3.379829	0.000000	
706.000000	-15.401409	3.372675	0.000000	
706.050000	-15.425361	3.365532	0.000000	
706.100000	-15.449310	3.358378	0.000000	
706.150000	-15.473252	3.351201	0.000000	
706.200000	-15.497185	3.343997	0.000000	
706.250000	-15.521101	3.336736	0.000000	
706.300000	-15.544998	3.329413	0.000000	
706.350000	-15.568870	3.322006	0.000000	
706.400000	-15.592711	3.314495	0.000000	
706.450000	-15.616526	3.306904	0.000000	
706.500000	-15.640315	3.299226	0.000000	
706.550000	-15.664082	3.291482	0.000000	
706.600000	-15.687837	3.283700	0.000000	
706.650000	-15.711577	3.275872	0.000000	
706.700000	-15.735301	3.267994	0.000000	
706.750000	-15.759013	3.260080	0.000000	
706.800000	-15.782715	3.252137	0.000000	
706.850000	-15.806404	3.244156	0.000000	
706.900000	-15.830084	3.236148	0.000000	
706.950000	-15.853752	3.228106	0.000000	
707.000000	-15.877409	3.220031	0.000000	
707.050000	-15.901047	3.211899	0.000000	
707.100000	-15.924660	3.203697	0.000000	
707.150000	-15.948248	3.195421	0.000000	
707.200000	-15.971817	3.187093	0.000000	
707.250000	-15.995363	3.178698	0.000000	
707.300000	-16.018894	3.170261	0.000000	
707.350000	-16.042410	3.161781	0.000000	
707.400000	-16.065920	3.153286	0.000000	
707.450000	-16.089426	3.144780	0.000000	
707.500000	-16.112925	3.136252	0.000000	
707.550000	-16.136414	3.127697	0.000000	
707.600000	-16.159893	3.119116	0.000000	
707.650000	-16.183358	3.110494	0.000000	
707.700000	-16.206815	3.101853	0.000000	
707.750000	-16.230268	3.093197	0.000000	
707.800000	-16.253715	3.084526	0.000000	
707.850000	-16.277159	3.075847	0.000000	
707.900000	-16.300615	3.067202	0.000000	
707.950000	-16.324086	3.058599	0.000000	
708.000000	-16.347576	3.050060	0.000000	
708.050000	-16.371094	3.041606	0.000000	
708.100000	-16.394656	3.033300	0.000000	
708.150000	-16.418276	3.025211	0.000000	
708.200000	-16.441965	3.017387	0.000000	
708.250000	-16.465728	3.009882	0.000000	
708.300000	-16.489569	3.002745	0.000000	
708.350000	-16.513487	2.996029	0.000000	
708.400000	-16.537478	2.989761	0.000000	
708.450000	-16.561536	2.983980	0.000000	
708.500000	-16.585661	2.978727	0.000000	
708.550000	-16.609851	2.974028	0.000000	
708.600000	-16.634103	2.969952	0.000000	
708.650000	-16.658409	2.966529	0.000000	
708.700000	-16.682762	2.963790	0.000000	
708.750000	-16.707150	2.961754	0.000000	
708.800000	-16.731574	2.960428	0.000000	
708.850000	-16.756030	2.959813	0.000000	
708.900000	-16.780520	2.959902	0.000000	
708.950000	-16.805028	2.960681	0.000000	
709.000000	-16.829551	2.962130	0.000000	
709.050000	-16.854085	2.964207	0.000000	
709.100000	-16.878628	2.966881	0.000000	
709.150000	-16.903169	2.970086	0.000000	
709.200000	-16.927700	2.973748	0.000000	
709.250000	-16.952213	2.977838	0.000000	
709.300000	-16.976699	2.982302	0.000000	
709.350000	-17.001159	2.987087	0.000000	
709.400000	-17.025587	2.992143	0.000000	
709.450000	-17.049983	2.997440	0.000000	
709.500000	-17.074350	3.002925	0.000000	
709.550000	-17.098693	3.008560	0.000000	
709.600000	-17.123015	3.014311	0.000000	
709.650000	-17.147329	3.020110	0.000000	
709.700000	-17.171642	3.025916	0.000000	
709.750000	-17.195959	3.031700	0.000000	
709.800000	-17.220289	3.037426	0.000000	
709.850000	-17.244635	3.043083	0.000000	
709.900000	-17.268999	3.048664	0.000000	
709.950000	-17.293378	3.054177	0.000000	
710.000000	-17.317779	3.059596	0.000000	
710.050000	-17.342202	3.064912	0.000000	
710.100000	-17.366647	3.070127	0.000000	
710.150000	-17.391112	3.075241	0.000000	
710.200000	-17.415592	3.080272	0.000000	
710.250000	-17.440088	3.085225	0.000000	
710.300000	-17.464602	3.090071	0.000000	
710.350000	-17.489137	3.094803	0.000000	
710.400000	-17.513688	3.099450	0.000000	
710.450000	-17.538258	3.103998	0.000000	
710.500000	-17.562850	3.108428	0.000000	
710.550000	-17.587464	3.112738	0.000000	
710.600000	-17.612099	3.116922	0.000000	
710.650000	-17.636757	3.120973	0.000000	
710.700000	-17.661432	3.124914	0.000000	
710.750000	-17.686125	3.128745	0.000000	
710.800000	-17.710835	3.132461	0.000000	
710.850000	-17.735561	3.136081	0.000000	
710.900000	-17.760300	3.139621	0.000000	
710.950000	-17.785053	3.143065	0.000000	
711.000000	-17.809820	3.146427	0.000000	
711.050000	-17.834600	3.149704	0.000000	
711.100000	-17.859389	3.152916	0.000000	
711.150000	-17.884185	3.156083	0.000000	
711.200000	-17.908986	3.159212	0.000000	
711.250000	-17.933790	3.162319	0.000000	
711.300000	-17.958598	3.165397	0.000000	
711.350000	-17.983408	3.168465	0.000000	
711.400000	-18.008218	3.171525	0.000000	
711.450000	-18.033030	3.174579	0.000000	
711.500000	-18.057843	3.177617	0.000000	
711.550000	-18.082659	3.180639	0.000000	
711.600000	-18.107477	3.183641	0.000000	
711.650000	-18.132295	3.186645	0.000000	
711.700000	-18.157110	3.189678	0.000000	
711.750000	-18.181921	3.192738	0.000000	
711.800000	-18.206727	3.195838	0.000000	
711.850000	-18.231525	3.198997	0.000000	
711.900000	-18.256318	3.202196	0.000000	
711.950000	-18.281106	3.205426	0.000000	
712.000000	-18.305891	3.208687	0.000000	
712.050000	-18.330672	3.211973	0.000000	
712.100000	-18.355447	3.215304	0.000000	
712.150000	-18.380217	3.218673	0.000000	
712.200000	-18.404980	3.222087	0.000000	
712.250000	-18.429740	3.225529	0.000000	
712.300000	-18.454497	3.228990	0.000000	
712.350000	-18.479247	3.232496	0.000000	
712.400000	-18.503989	3.236059	0.000000	
712.450000	-18.528721	3.239686	0.000000	
712.500000	-18.553445	3.243366	0.000000	
712.550000	-18.578160	3.247099	0.000000	
712.600000	-18.602865	3.250897	0.000000	
712.650000	-18.627560	3.254767	0.000000	
712.700000	-18.652248	3.258690	0.000000	
712.750000	-18.676929	3.262652	0.000000	
712.800000	-18.701604	3.266660	0.000000	
712.850000	-18.726275	3.270688	0.000000	
712.900000	-18.750948	3.274704	0.000000	
712.950000	-18.775621	3.278724	0.000000	
713.000000	-18.800290	3.282767	0.000000	
713.050000	-18.824955	3.286834	0.000000	
713.100000	-18.849617	3.290922	0.000000	
713.150000	-18.874280	3.295003	0.000000	
713.200000	-18.898943	3.299085	0.000000	
713.250000	-18.923609	3.303146	0.000000	
713.300000	-18.948278	3.307185	0.000000	
713.350000	-18.972950	3.311211	0.000000	
713.400000	-18.997623	3.315221	0.000000	
713.450000	-19.022302	3.319199	0.000000	
713.500000	-19.046988	3.323134	0.000000	
713.550000	-19.071682	3.327018	0.000000	
713.600000	-19.096383	3.330855	0.000000	
713.650000	-19.121094	3.334629	0.000000	
713.700000	-19.145813	3.338357	0.000000	
713.750000	-19.170535	3.342059	0.000000	
713.800000	-19.195262	3.345727	0.000000	
713.850000	-19.219995	3.349360	0.000000	
713.900000	-19.244731	3.352975	0.000000	
713.950000	-19.269464	3.356610	0.000000	
714.000000	-19.294190	3.360281	0.000000	
714.050000	-19.318907	3.364001	0.000000	
714.100000	-19.343608	3.367805	0.000000	
714.150000	-19.368282	3.371728	0.000000	
714.200000	-19.392919	3.375821	0.000000	
714.250000	-19.417510	3.380102	0.000000	
714.300000	-19.442045	3.384614	0.000000	
714.350000	-19.466503	3.389418	0.000000	
714.400000	-19.490880	3.394516	0.000000	
714.450000	-19.515167	3.399921	0.000000	
714.500000	-19.539347	3.405675	0.000000	
714.550000	-19.563405	3.411808	0.000000	
714.600000	-19.587323	3.418354	0.000000	
714.650000	-19.611097	3.425326	0.000000	
714.700000	-19.634725	3.432741	0.000000	
714.750000	-19.658193	3.440608	0.000000	
714.800000	-19.681494	3.448935	0.000000	
714.850000	-19.704615	3.457748	0.000000	
714.900000	-19.727555	3.467039	0.000000	
714.950000	-19.750308	3.476818	0.000000	
715.000000	-19.772882	3.487056	0.000000	
715.050000	-19.795284	3.497721	0.000000	
715.100000	-19.817529	3.508773	0.000000	
715.150000	-19.839621	3.520187	0.000000	
715.200000	-19.861565	3.531935	0.000000	
715.250000	-19.883363	3.543995	0.000000	
715.300000	-19.905022	3.556341	0.000000	
715.350000	-19.926551	3.568948	0.000000	
715.400000	-19.947960	3.581779	0.000000	
715.450000	-19.969264	3.594806	0.000000	
715.500000	-19.990470	3.608011	0.000000	
715.550000	-20.011588	3.621368	0.000000	
715.600000	-20.032635	3.634843	0.000000	
715.650000	-20.053618	3.648421	0.000000	
715.700000	-20.074538	3.662098	0.000000	
715.750000	-20.095389	3.675882	0.000000	
715.800000	-20.116195	3.689735	0.000000	
715.850000	-20.136962	3.703647	0.000000	
715.900000	-20.157705	3.717595	0.000000	
715.950000	-20.178423	3.731581	0.000000	
716.000000	-20.199122	3.745593	0.000000	
716.050000	-20.219806	3.759627	0.000000	
716.100000	-20.240473	3.773688	0.000000	
716.150000	-20.261123	3.787774	0.000000	
716.200000	-20.281756	3.801887	0.000000	
716.250000	-20.302382	3.816010	0.000000	
716.300000	-20.323003	3.830141	0.000000	
716.350000	-20.343617	3.844283	0.000000	
716.400000	-20.364220	3.858440	0.000000	
716.450000	-20.384817	3.872606	0.000000	
716.500000	-20.405399	3.886794	0.000000	
716.550000	-20.425966	3.901004	0.000000	
716.600000	-20.446516	3.915239	0.000000	
716.650000	-20.467040	3.929511	0.000000	
716.700000	-20.487538	3.943817	0.000000	
716.750000	-20.508014	3.958154	0.000000	
716.800000	-20.528467	3.972522	0.000000	
716.850000	-20.548889	3.986932	0.000000	
716.900000	-20.569279	4.001386	0.000000	
716.950000	-20.589631	4.015890	0.000000	
717.000000	-20.609949	4.030441	0.000000	
717.050000	-20.630239	4.045028	0.000000	
717.100000	-20.650505	4.059651	0.000000	
717.150000	-20.670740	4.074316	0.000000	
717.200000	-20.690945	4.089023	0.000000	
717.250000	-20.711124	4.103769	0.000000	
717.300000	-20.731266	4.118566	0.000000	
717.350000	-20.751384	4.133398	0.000000	
717.400000	-20.771481	4.148262	0.000000	
717.450000	-20.791557	4.163153	0.000000	
717.500000	-20.811626	4.178055	0.000000	
717.550000	-20.831693	4.192960	0.000000	
717.600000	-20.851751	4.207877	0.000000	
717.650000	-20.871821	4.222778	0.000000	
717.700000	-20.891906	4.237658	0.000000	
717.750000	-20.912019	4.252499	0.000000	
717.800000	-20.932159	4.267303	0.000000	
717.850000	-20.952335	4.282058	0.000000	
717.900000	-20.972543	4.296769	0.000000	
717.950000	-20.992798	4.311414	0.000000	
718.000000	-21.013108	4.325984	0.000000	
718.050000	-21.033482	4.340464	0.000000	
718.100000	-21.053910	4.354867	0.000000	
718.150000	-21.074375	4.369217	0.000000	
718.200000	-21.094876	4.383517	0.000000	
718.250000	-21.115406	4.397776	0.000000	
718.300000	-21.135962	4.411998	0.000000	
718.350000	-21.156545	4.426180	0.000000	
718.400000	-21.177162	4.440315	0.000000	
718.450000	-21.197808	4.454407	0.000000	
718.500000	-21.218496	4.468437	0.000000	
718.550000	-21.239210	4.482431	0.000000	
718.600000	-21.259947	4.496388	0.000000	
718.650000	-21.280717	4.510299	0.000000	
718.700000	-21.301515	4.524167	0.000000	
718.750000	-21.322352	4.537975	0.000000	
718.800000	-21.343225	4.551729	0.000000	
718.850000	-21.364134	4.565429	0.000000	
718.900000	-21.385072	4.579084	0.000000	
718.950000	-21.406045	4.592685	0.000000	
719.000000	-21.427040	4.606253	0.000000	
719.050000	-21.448054	4.619792	0.000000	
719.100000	-21.469075	4.633319	0.000000	
719.150000	-21.490113	4.646819	0.000000	
719.200000	-21.511168	4.660293	0.000000	
719.250000	-21.532254	4.673718	0.000000	
719.300000	-21.553362	4.687110	0.000000	
719.350000	-21.574489	4.700472	0.000000	
719.400000	-21.595634	4.713807	0.000000	
719.450000	-21.616785	4.727133	0.000000	
719.500000	-21.637934	4.740462	0.000000	
719.550000	-21.659065	4.753817	0.000000	
719.600000	-21.680192	4.767179	0.000000	
719.650000	-21.701300	4.780570	0.000000	
719.700000	-21.722389	4.793990	0.000000	
719.750000	-21.743459	4.807437	0.000000	
719.800000	-21.764513	4.820910	0.000000	
719.850000	-21.785551	4.834409	0.000000	
719.900000	-21.806574	4.847930	0.000000	
719.950000	-21.827578	4.861481	0.000000	
720.000000	-21.848554	4.875077	0.000000	
720.050000	-21.869512	4.888698	0.000000	
720.100000	-21.890459	4.902337	0.000000	
720.150000	-21.911394	4.915996	0.000000	
720.200000	-21.932316	4.929675	0.000000	
720.250000	-21.953232	4.943363	0.000000	
720.300000	-21.974141	4.957063	0.000000	
720.350000	-21.995045	4.970772	0.000000	
720.400000	-22.015937	4.984498	0.000000	
720.450000	-22.036824	4.998232	0.000000	
720.500000	-22.057719	5.011956	0.000000	
720.550000	-22.078637	5.025641	0.000000	
720.600000	-22.099589	5.039274	0.000000	
720.650000	-22.120573	5.052855	0.000000	
720.700000	-22.141594	5.066380	0.000000	
720.750000	-22.162657	5.079840	0.000000	
720.800000	-22.183746	5.093258	0.000000	
720.850000	-22.204860	5.106638	0.000000	
720.900000	-22.225991	5.119990	0.000000	
720.950000	-22.247142	5.133312	0.000000	
721.000000	-22.268317	5.146594	0.000000	
721.050000	-22.289527	5.159823	0.000000	
721.100000	-22.310765	5.173009	0.000000	
721.150000	-22.332024	5.186158	0.000000	
721.200000	-22.353302	5.199279	0.000000	
721.250000	-22.374586	5.212391	0.000000	
721.300000	-22.395868	5.225505	0.000000	
721.350000	-22.417144	5.238629	0.000000	
721.400000	-22.438416	5.251759	0.000000	
721.450000	-22.459688	5.264890	0.000000	
721.500000	-22.480947	5.278040	0.000000	
721.550000	-22.502188	5.291217	0.000000	
721.600000	-22.523387	5.304460	0.000000	
721.650000	-22.544528	5.317788	0.000000	
721.700000	-22.565590	5.331233	0.000000	
721.750000	-22.586567	5.344802	0.000000	
721.800000	-22.607431	5.358527	0.000000	
721.850000	-22.628162	5.372429	0.000000	
721.900000	-22.648720	5.386554	0.000000	
721.950000	-22.669085	5.400918	0.000000	
722.000000	-22.689234	5.415544	0.000000	
722.050000	-22.709147	5.430449	0.000000	
722.100000	-22.728788	5.445662	0.000000	
722.150000	-22.748137	5.461205	0.000000	
722.200000	-22.767152	5.477108	0.000000	
722.250000	-22.785819	5.493374	0.000000	
722.300000	-22.804132	5.510003	0.000000	
722.350000	-22.822084	5.526992	0.000000	
722.400000	-22.839655	5.544357	0.000000	
722.450000	-22.856833	5.562099	0.000000	
722.500000	-22.873618	5.580216	0.000000	
722.550000	-22.890004	5.598703	0.000000	
722.600000	-22.906001	5.617556	0.000000	
722.650000	-22.921634	5.636747	0.000000	
722.700000	-22.936904	5.656266	0.000000	
722.750000	-22.951845	5.676078	0.000000	
722.800000	-22.966462	5.696174	0.000000	
722.850000	-22.980790	5.716516	0.000000	
722.900000	-22.994852	5.737078	0.000000	
722.950000	-23.008683	5.757821	0.000000	
723.000000	-23.022321	5.778714	0.000000	
723.050000	-23.035767	5.799749	0.000000	
723.100000	-23.049060	5.820897	0.000000	
723.150000	-23.062238	5.842126	0.000000	
723.200000	-23.075336	5.863413	0.000000	
723.250000	-23.088390	5.884729	0.000000	
723.300000	-23.101410	5.906066	0.000000	
723.350000	-23.114391	5.927429	0.000000	
723.400000	-23.127337	5.948813	0.000000	
723.450000	-23.140265	5.970208	0.000000	
723.500000	-23.153207	5.991595	0.000000	
723.550000	-23.166172	6.012967	0.000000	
723.600000	-23.179173	6.034318	0.000000	
723.650000	-23.192194	6.055658	0.000000	
723.700000	-23.205216	6.076997	0.000000	
723.750000	-23.218241	6.098334	0.000000	
723.800000	-23.231259	6.119675	0.000000	
723.850000	-23.244287	6.141010	0.000000	
723.900000	-23.257313	6.162346	0.000000	
723.950000	-23.270352	6.183675	0.000000	
724.000000	-23.283396	6.205000	0.000000	
724.050000	-23.296437	6.226327	0.000000	
724.100000	-23.309500	6.247641	0.000000	
724.150000	-23.322567	6.268953	0.000000	
724.200000	-23.335633	6.290264	0.000000	
724.250000	-23.348690	6.311582	0.000000	
724.300000	-23.361735	6.332907	0.000000	
724.350000	-23.374778	6.354233	0.000000	
724.400000	-23.387843	6.375546	0.000000	
724.450000	-23.400932	6.396845	0.000000	
724.500000	-23.414040	6.418132	0.000000	
724.550000	-23.427161	6.439411	0.000000	
724.600000	-23.440275	6.460694	0.000000	
724.650000	-23.453390	6.481976	0.000000	
724.700000	-23.466504	6.503259	0.000000	
724.750000	-23.479621	6.524541	0.000000	
724.800000	-23.492759	6.545809	0.000000	
724.850000	-23.505904	6.567074	0.000000	
724.900000	-23.519060	6.588332	0.000000	
724.950000	-23.532241	6.609574	0.000000	
725.000000	-23.545432	6.630809	0.000000	
725.050000	-23.558638	6.652036	0.000000	
725.100000	-23.571859	6.673253	0.000000	
725.150000	-23.585083	6.694468	0.000000	
725.200000	-23.598317	6.715677	0.000000	
725.250000	-23.611573	6.736872	0.000000	
725.300000	-23.624851	6.758053	0.000000	
725.350000	-23.638148	6.779221	0.000000	
725.400000	-23.651468	6.800375	0.000000	
725.450000	-23.664805	6.821517	0.000000	
725.500000	-23.678160	6.842649	0.000000	
725.550000	-23.691536	6.863766	0.000000	
725.600000	-23.704922	6.884878	0.000000	
725.650000	-23.718328	6.905978	0.000000	
725.700000	-23.731766	6.927056	0.000000	
725.750000	-23.745242	6.948111	0.000000	
725.800000	-23.758763	6.969137	0.000000	
725.850000	-23.772326	6.990136	0.000000	
725.900000	-23.785945	7.011099	0.000000	
725.950000	-23.799615	7.032028	0.000000	
726.000000	-23.813318	7.052936	0.000000	
726.050000	-23.827059	7.073819	0.000000	
726.100000	-23.840847	7.094669	0.000000	
726.150000	-23.854677	7.115493	0.000000	
726.200000	-23.868544	7.136292	0.000000	
726.250000	-23.882448	7.157066	0.000000	
726.300000	-23.896371	7.177827	0.000000	
726.350000	-23.910311	7.198577	0.000000	
726.400000	-23.924268	7.219316	0.000000	
726.450000	-23.938239	7.240045	0.000000	
726.500000	-23.952218	7.260769	0.000000	
726.550000	-23.966203	7.281489	0.000000	
726.600000	-23.980196	7.302204	0.000000	
726.650000	-23.994200	7.322912	0.000000	
726.700000	-24.008213	7.343614	0.000000	
726.750000	-24.022205	7.364330	0.000000	
726.800000	-24.036178	7.385057	0.000000	
726.850000	-24.050142	7.405791	0.000000	
726.900000	-24.064089	7.426536	0.000000	
726.950000	-24.078022	7.447291	0.000000	
727.000000	-24.091927	7.468064	0.000000	
727.050000	-24.105822	7.488844	0.000000	
727.100000	-24.119715	7.509626	0.000000	
727.150000	-24.133587	7.530422	0.000000	
727.200000	-24.147441	7.551230	0.000000	
727.250000	-24.161271	7.572054	0.000000	
727.300000	-24.175062	7.592904	0.000000	
727.350000	-24.188796	7.613791	0.000000	
727.400000	-24.202443	7.634732	0.000000	
727.450000	-24.215997	7.655730	0.000000	
727.500000	-24.229451	7.676790	0.000000	
727.550000	-24.242775	7.697925	0.000000	
727.600000	-24.255952	7.719142	0.000000	
727.650000	-24.268935	7.740463	0.000000	
727.700000	-24.281704	7.761894	0.000000	
727.750000	-24.294222	7.783450	0.000000	
727.800000	-24.306488	7.805127	0.000000	
727.850000	-24.318473	7.826935	0.000000	
727.900000	-24.330159	7.848881	0.000000	
727.950000	-24.341508	7.870980	0.000000	
728.000000	-24.352489	7.893240	0.000000	
728.050000	-24.363088	7.915664	0.000000	
728.100000	-24.373267	7.938265	0.000000	
728.150000	-24.382997	7.961054	0.000000	
728.200000	-24.392282	7.984025	0.000000	
728.250000	-24.401125	8.007176	0.000000	
728.300000	-24.409528	8.030501	0.000000	
728.350000	-24.417506	8.053993	0.000000	
728.400000	-24.425079	8.077636	0.000000	
728.450000	-24.432277	8.101416	0.000000	
728.500000	-24.439099	8.125328	0.000000	
728.550000	-24.445553	8.149366	0.000000	
728.600000	-24.451679	8.173514	0.000000	
728.650000	-24.457497	8.197757	0.000000	
728.700000	-24.463048	8.222078	0.000000	
728.750000	-24.468336	8.246469	0.000000	
728.800000	-24.473408	8.270915	0.000000	
728.850000	-24.478282	8.295410	0.000000	
728.900000	-24.482994	8.319944	0.000000	
728.950000	-24.487561	8.344512	0.000000	
729.000000	-24.492007	8.369107	0.000000	
729.050000	-24.496375	8.393719	0.000000	
729.100000	-24.500682	8.418343	0.000000	
729.150000	-24.504944	8.442975	0.000000	
729.200000	-24.509170	8.467615	0.000000	
729.250000	-24.513381	8.492256	0.000000	
729.300000	-24.517583	8.516900	0.000000	
729.350000	-24.521784	8.541543	0.000000	
729.400000	-24.525982	8.566187	0.000000	
729.450000	-24.530173	8.590833	0.000000	
729.500000	-24.534342	8.615482	0.000000	
729.550000	-24.538518	8.640130	0.000000	
729.600000	-24.542686	8.664779	0.000000	
729.650000	-24.546830	8.689432	0.000000	
729.700000	-24.550973	8.714086	0.000000	
729.750000	-24.555137	8.738735	0.000000	
729.800000	-24.559336	8.763380	0.000000	
729.850000	-24.563578	8.788016	0.000000	
729.900000	-24.567856	8.812646	0.000000	
729.950000	-24.572144	8.837275	0.000000	
730.000000	-24.576437	8.861903	0.000000	
730.050000	-24.580732	8.886530	0.000000	
730.100000	-24.585022	8.911158	0.000000	
730.150000	-24.589319	8.935785	0.000000	
730.200000	-24.593647	8.960406	0.000000	
730.250000	-24.598007	8.985022	0.000000	
730.300000	-24.602390	9.009633	0.000000	
730.350000	-24.606772	9.034245	0.000000	
730.400000	-24.611141	9.058859	0.000000	
730.450000	-24.615515	9.083472	0.000000	
730.500000	-24.619910	9.108081	0.000000	
730.550000	-24.624349	9.132682	0.000000	
730.600000	-24.628829	9.157275	0.000000	
730.650000	-24.633378	9.181855	0.000000	
730.700000	-24.638015	9.206418	0.000000	
730.750000	-24.642712	9.230969	0.000000	
730.800000	-24.647441	9.255514	0.000000	
730.850000	-24.652208	9.280051	0.000000	
730.900000	-24.656988	9.304585	0.000000	
730.950000	-24.661772	9.329119	0.000000	
731.000000	-24.666581	9.353649	0.000000	
731.050000	-24.671417	9.378173	0.000000	
731.100000	-24.676289	9.402690	0.000000	
731.150000	-24.681204	9.427199	0.000000	
731.200000	-24.686138	9.451705	0.000000	
731.250000	-24.691078	9.476209	0.000000	
731.300000	-24.696032	9.500711	0.000000	
731.350000	-24.700990	9.525212	0.000000	
731.400000	-24.705977	9.549707	0.000000	
731.450000	-24.711015	9.574192	0.000000	
731.500000	-24.716081	9.598672	0.000000	
731.550000	-24.721159	9.623150	0.000000	
731.600000	-24.726253	9.647625	0.000000	
731.650000	-24.731338	9.672101	0.000000	
731.700000	-24.736402	9.696581	0.000000	
731.750000	-24.741430	9.721070	0.000000	
731.800000	-24.746445	9.745562	0.000000	
731.850000	-24.751477	9.770049	0.000000	
731.900000	-24.756538	9.794530	0.000000	
731.950000	-24.761645	9.819001	0.000000	
732.000000	-24.766811	9.843459	0.000000	
732.050000	-24.772021	9.867907	0.000000	
732.100000	-24.777290	9.892342	0.000000	
732.150000	-24.782627	9.916761	0.000000	
732.200000	-24.788014	9.941168	0.000000	
732.250000	-24.793474	9.965558	0.000000	
732.300000	-24.799014	9.989929	0.000000	
732.350000	-24.804634	10.014282	0.000000	
732.400000	-24.810348	10.038611	0.000000	
732.450000	-24.816148	10.062920	0.000000	
732.500000	-24.822031	10.087207	0.000000	
732.550000	-24.828009	10.111472	0.000000	
732.600000	-24.834080	10.135713	0.000000	
732.650000	-24.840230	10.159934	0.000000	
732.700000	-24.846476	10.184132	0.000000	
732.750000	-24.852818	10.208306	0.000000	
732.800000	-24.859269	10.232452	0.000000	
732.850000	-24.865828	10.256570	0.000000	
732.900000	-24.872472	10.280666	0.000000	
732.950000	-24.879195	10.304740	0.000000	
733.000000	-24.885976	10.328798	0.000000	
733.050000	-24.892795	10.352846	0.000000	
733.100000	-24.899631	10.376889	0.000000	
733.150000	-24.906450	10.400937	0.000000	
733.200000	-24.913222	10.424997	0.000000	
733.250000	-24.919918	10.449073	0.000000	
733.300000	-24.926491	10.473175	0.000000	
733.350000	-24.932904	10.497310	0.000000	
733.400000	-24.939106	10.521483	0.000000	
733.450000	-24.945039	10.545699	0.000000	
733.500000	-24.950647	10.569961	0.000000	
733.550000	-24.955878	10.594269	0.000000	
733.600000	-24.960705	10.618623	0.000000	
733.650000	-24.965114	10.643020	0.000000	
733.700000	-24.969055	10.667456	0.000000	
733.750000	-24.972494	10.691928	0.000000	
733.800000	-24.975402	10.716432	0.000000	
733.850000	-24.977759	10.740969	0.000000	
733.900000	-24.979542	10.765539	0.000000	
733.950000	-24.980759	10.790140	0.000000	
734.000000	-24.981398	10.814774	0.000000	
734.050000	-24.981450	10.839435	0.000000	
734.100000	-24.980950	10.864117	0.000000	
734.150000	-24.979914	10.888812	0.000000	
734.200000	-24.978360	10.913513	0.000000	
734.250000	-24.976291	10.938214	0.000000	
734.300000	-24.973731	10.962903	0.000000	
734.350000	-24.970715	10.987576	0.000000	
734.400000	-24.967259	11.012226	0.000000	
734.450000	-24.963409	11.036845	0.000000	
734.500000	-24.959219	11.061429	0.000000	
734.550000	-24.954740	11.085978	0.000000	
734.600000	-24.950005	11.110490	0.000000	
734.650000	-24.945045	11.134966	0.000000	
734.700000	-24.939866	11.159405	0.000000	
734.750000	-24.934513	11.183810	0.000000	
734.800000	-24.929005	11.208184	0.000000	
734.850000	-24.923382	11.232532	0.000000	
734.900000	-24.917672	11.256861	0.000000	
734.950000	-24.911872	11.281169	0.000000	
735.000000	-24.905992	11.305460	0.000000	
735.050000	-24.900035	11.329734	0.000000	
735.100000	-24.894022	11.353994	0.000000	
735.150000	-24.887950	11.378241	0.000000	
735.200000	-24.881817	11.402474	0.000000	
735.250000	-24.875625	11.426693	0.000000	
735.300000	-24.869394	11.450902	0.000000	
735.350000	-24.863154	11.475110	0.000000	
735.400000	-24.856916	11.499318	0.000000	
735.450000	-24.850688	11.523528	0.000000	
735.500000	-24.844463	11.547739	0.000000	
735.550000	-24.838239	11.571950	0.000000	
735.600000	-24.831998	11.596157	0.000000	
735.650000	-24.825760	11.620365	0.000000	
735.700000	-24.819510	11.644569	0.000000	
735.750000	-24.813249	11.668771	0.000000	
735.800000	-24.806986	11.692972	0.000000	
735.850000	-24.800748	11.717180	0.000000	
735.900000	-24.794509	11.741387	0.000000	
735.950000	-24.788263	11.765592	0.000000	
736.000000	-24.782039	11.789804	0.000000	
736.050000	-24.775824	11.814017	0.000000	
736.100000	-24.769634	11.838237	0.000000	
736.150000	-24.763480	11.862466	0.000000	
736.200000	-24.757347	11.886699	0.000000	
736.250000	-24.751252	11.910942	0.000000	
736.300000	-24.745182	11.935191	0.000000	
736.350000	-24.739123	11.959443	0.000000	
736.400000	-24.733070	11.983697	0.000000	
736.450000	-24.726996	12.007945	0.000000	
736.500000	-24.720907	12.032190	0.000000	
736.550000	-24.714827	12.056437	0.000000	
736.600000	-24.708766	12.080688	0.000000	
736.650000	-24.702754	12.104952	0.000000	
736.700000	-24.696783	12.129225	0.000000	
736.750000	-24.690850	12.153508	0.000000	
736.800000	-24.684961	12.177802	0.000000	
736.850000	-24.679113	12.202106	0.000000	
736.900000	-24.673289	12.226416	0.000000	
736.950000	-24.667515	12.250739	0.000000	
737.000000	-24.661773	12.275070	0.000000	
737.050000	-24.656050	12.299405	0.000000	
737.100000	-24.650352	12.323746	0.000000	
737.150000	-24.644665	12.348090	0.000000	
737.200000	-24.638989	12.372437	0.000000	
737.250000	-24.633323	12.396785	0.000000	
737.300000	-24.627659	12.421134	0.000000	
737.350000	-24.622021	12.445489	0.000000	
737.400000	-24.616430	12.469854	0.000000	
737.450000	-24.610870	12.494227	0.000000	
737.500000	-24.605343	12.518607	0.000000	
737.550000	-24.599842	12.542993	0.000000	
737.600000	-24.594355	12.567383	0.000000	
737.650000	-24.588890	12.591777	0.000000	
737.700000	-24.583442	12.616176	0.000000	
737.750000	-24.578010	12.640577	0.000000	
737.800000	-24.572617	12.664987	0.000000	
737.850000	-24.567258	12.689404	0.000000	
737.900000	-24.561945	12.713832	0.000000	
737.950000	-24.556673	12.738268	0.000000	
738.000000	-24.551452	12.762714	0.000000	
738.050000	-24.546276	12.787170	0.000000	
738.100000	-24.541154	12.811637	0.000000	
738.150000	-24.536066	12.836112	0.000000	
738.200000	-24.531018	12.860595	0.000000	
738.250000	-24.525996	12.885083	0.000000	
738.300000	-24.521014	12.909579	0.000000	
738.350000	-24.516078	12.934085	0.000000	
738.400000	-24.511193	12.958601	0.000000	
738.450000	-24.506364	12.983126	0.000000	
738.500000	-24.501578	13.007660	0.000000	
738.550000	-24.496860	13.032207	0.000000	
738.600000	-24.492218	13.056769	0.000000	
738.650000	-24.487642	13.081343	0.000000	
738.700000	-24.483132	13.105929	0.000000	
738.750000	-24.478682	13.130526	0.000000	
738.800000	-24.474300	13.155136	0.000000	
738.850000	-24.469961	13.179752	0.000000	
738.900000	-24.465670	13.204378	0.000000	
738.950000	-24.461413	13.229010	0.000000	
739.000000	-24.457181	13.253646	0.000000	
739.050000	-24.452971	13.278287	0.000000	
739.100000	-24.448807	13.302935	0.000000	
739.150000	-24.444665	13.327587	0.000000	
739.200000	-24.440578	13.352248	0.000000	
739.250000	-24.436535	13.376917	0.000000	
739.300000	-24.432520	13.401591	0.000000	
739.350000	-24.428518	13.426268	0.000000	
739.400000	-24.424521	13.450945	0.000000	
739.450000	-24.420495	13.475617	0.000000	
739.500000	-24.416439	13.500284	0.000000	
739.550000	-24.412379	13.524951	0.000000	
739.600000	-24.408302	13.549614	0.000000	
739.650000	-24.404196	13.574273	0.000000	
739.700000	-24.400079	13.598929	0.000000	
739.750000	-24.395942	13.623583	0.000000	
739.800000	-24.391791	13.648234	0.000000	
739.850000	-24.387631	13.672884	0.000000	
739.900000	-24.383469	13.697533	0.000000	
739.950000	-24.379328	13.722186	0.000000	
740.000000	-24.375206	13.746841	0.000000	
740.050000	-24.371110	13.771501	0.000000	
740.100000	-24.367020	13.796162	0.000000	
740.150000	-24.362920	13.820822	0.000000	
740.200000	-24.358832	13.845483	0.000000	
740.250000	-24.354726	13.870141	0.000000	
740.300000	-24.350604	13.894797	0.000000	
740.350000	-24.346484	13.919453	0.000000	
740.400000	-24.342376	13.944112	0.000000	
740.450000	-24.338278	13.968772	0.000000	
740.500000	-24.334186	13.993433	0.000000	
740.550000	-24.330052	14.018085	0.000000	
740.600000	-24.325819	14.042717	0.000000	
740.650000	-24.321449	14.067315	0.000000	
740.700000	-24.316922	14.091874	0.000000	
740.750000	-24.312201	14.116381	0.000000	
740.800000	-24.307234	14.140818	0.000000	
740.850000	-24.301964	14.165164	0.000000	
740.900000	-24.296354	14.189402	0.000000	
740.950000	-24.290359	14.213508	0.000000	
741.000000	-24.283929	14.237460	0.000000	
741.050000	-24.277030	14.261237	0.000000	
741.100000	-24.269642	14.284821	0.000000	
741.150000	-24.261742	14.308195	0.000000	
741.200000	-24.253327	14.331354	0.000000	
741.250000	-24.244364	14.354278	0.000000	
741.300000	-24.234853	14.376959	0.000000	
741.350000	-24.224776	14.399380	0.000000	
741.400000	-24.214136	14.421545	0.000000	
741.450000	-24.202924	14.443446	0.000000	
741.500000	-24.191157	14.465093	0.000000	
741.550000	-24.178845	14.486481	0.000000	
741.600000	-24.166022	14.507615	0.000000	
741.650000	-24.152734	14.528507	0.000000	
741.700000	-24.139019	14.549169	0.000000	
741.750000	-24.124920	14.569620	0.000000	
741.800000	-24.110463	14.589865	0.000000	
741.850000	-24.095693	14.609924	0.000000	
741.900000	-24.080669	14.629826	0.000000	
741.950000	-24.065419	14.649585	0.000000	
742.000000	-24.049988	14.669220	0.000000	
742.050000	-24.034406	14.688749	0.000000	
742.100000	-24.018715	14.708200	0.000000	
742.150000	-24.002947	14.727593	0.000000	
742.200000	-23.987135	14.746954	0.000000	
742.250000	-23.971299	14.766295	0.000000	
742.300000	-23.955450	14.785627	0.000000	
742.350000	-23.939604	14.804962	0.000000	
742.400000	-23.923766	14.824303	0.000000	
742.450000	-23.907940	14.843653	0.000000	
742.500000	-23.892137	14.863023	0.000000	
742.550000	-23.876340	14.882398	0.000000	
742.600000	-23.860557	14.901783	0.000000	
742.650000	-23.844786	14.921180	0.000000	
742.700000	-23.829024	14.940583	0.000000	
742.750000	-23.813266	14.959990	0.000000	
742.800000	-23.797509	14.979398	0.000000	
742.850000	-23.781748	14.998803	0.000000	
742.900000	-23.765969	15.018192	0.000000	
742.950000	-23.750157	15.037553	0.000000	
743.000000	-23.734305	15.056882	0.000000	
743.050000	-23.718414	15.076176	0.000000	
743.100000	-23.702478	15.095431	0.000000	
743.150000	-23.686478	15.114630	0.000000	
743.200000	-23.670415	15.133775	0.000000	
743.250000	-23.654285	15.152863	0.000000	
743.300000	-23.638079	15.171886	0.000000	
743.350000	-23.621822	15.190867	0.000000	
743.400000	-23.605527	15.209816	0.000000	
743.450000	-23.589206	15.228744	0.000000	
743.500000	-23.572841	15.247634	0.000000	
743.550000	-23.556424	15.266480	0.000000	
743.600000	-23.539961	15.285287	0.000000	
743.650000	-23.523458	15.304060	0.000000	
743.700000	-23.506908	15.322791	0.000000	
743.750000	-23.490300	15.341472	0.000000	
743.800000	-23.473637	15.360103	0.000000	
743.850000	-23.456921	15.378688	0.000000	
743.900000	-23.440172	15.397246	0.000000	
743.950000	-23.423413	15.415793	0.000000	
744.000000	-23.406653	15.434340	0.000000	
744.050000	-23.389903	15.452897	0.000000	
744.100000	-23.373184	15.471479	0.000000	
744.150000	-23.356513	15.490103	0.000000	
744.200000	-23.339899	15.508778	0.000000	
744.250000	-23.323351	15.527509	0.000000	
744.300000	-23.306856	15.546286	0.000000	
744.350000	-23.290401	15.565099	0.000000	
744.400000	-23.273960	15.583923	0.000000	
744.450000	-23.257519	15.602748	0.000000	
744.500000	-23.241082	15.621576	0.000000	
744.550000	-23.224662	15.640419	0.000000	
744.600000	-23.208264	15.659281	0.000000	
744.650000	-23.191891	15.678165	0.000000	
744.700000	-23.175554	15.697080	0.000000	
744.750000	-23.159251	15.716025	0.000000	
744.800000	-23.142999	15.735016	0.000000	
744.850000	-23.126816	15.754066	0.000000	
744.900000	-23.110676	15.773155	0.000000	
744.950000	-23.094561	15.792265	0.000000	
745.000000	-23.078456	15.811385	0.000000	
745.050000	-23.062362	15.830514	0.000000	
745.100000	-23.046267	15.849642	0.000000	
745.150000	-23.030167	15.868766	0.000000	
745.200000	-23.014049	15.887875	0.000000	
745.250000	-22.997913	15.906968	0.000000	
745.300000	-22.981735	15.926027	0.000000	
745.350000	-22.965528	15.945060	0.000000	
745.400000	-22.949316	15.964090	0.000000	
745.450000	-22.933107	15.983122	0.000000	
745.500000	-22.916908	16.002163	0.000000	
745.550000	-22.900712	16.021206	0.000000	
745.600000	-22.884523	16.040255	0.000000	
745.650000	-22.868332	16.059303	0.000000	
745.700000	-22.852152	16.078360	0.000000	
745.750000	-22.835976	16.097420	0.000000	
745.800000	-22.819824	16.116500	0.000000	
745.850000	-22.803684	16.135590	0.000000	
745.900000	-22.787556	16.154689	0.000000	
745.950000	-22.771443	16.173802	0.000000	
746.000000	-22.755344	16.192925	0.000000	
746.050000	-22.739255	16.212057	0.000000	
746.100000	-22.723180	16.231201	0.000000	
746.150000	-22.707131	16.250366	0.000000	
746.200000	-22.691088	16.269537	0.000000	
746.250000	-22.675046	16.288709	0.000000	
746.300000	-22.659009	16.307884	0.000000	
746.350000	-22.643001	16.327085	0.000000	
746.400000	-22.627007	16.346298	0.000000	
746.450000	-22.611013	16.365510	0.000000	
746.500000	-22.595008	16.384713	0.000000	
746.550000	-22.578993	16.403908	0.000000	
746.600000	-22.562981	16.423105	0.000000	
746.650000	-22.546975	16.442307	0.000000	
746.700000	-22.530984	16.461521	0.000000	
746.750000	-22.514994	16.480737	0.000000	
746.800000	-22.498999	16.499948	0.000000	
746.850000	-22.482986	16.519144	0.000000	
746.900000	-22.466963	16.538333	0.000000	
746.950000	-22.450930	16.557514	0.000000	
747.000000	-22.434889	16.576688	0.000000	
747.050000	-22.418846	16.595860	0.000000	
747.100000	-22.402800	16.615030	0.000000	
747.150000	-22.386743	16.634189	0.000000	
747.200000	-22.370669	16.653336	0.000000	
747.250000	-22.354588	16.672477	0.000000	
747.300000	-22.338499	16.691610	0.000000	
747.350000	-22.322387	16.710723	0.000000	
747.400000	-22.306251	16.729817	0.000000	
747.450000	-22.290109	16.748905	0.000000	
747.500000	-22.273960	16.767988	0.000000	
747.550000	-22.257811	16.787070	0.000000	
747.600000	-22.241665	16.806155	0.000000	
747.650000	-22.225511	16.825233	0.000000	
747.700000	-22.209337	16.844294	0.000000	
747.750000	-22.193130	16.863325	0.000000	
747.800000	-22.176899	16.882338	0.000000	
747.850000	-22.160640	16.901326	0.000000	
747.900000	-22.144359	16.920295	0.000000	
747.950000	-22.128052	16.939243	0.000000	
748.000000	-22.111702	16.958152	0.000000	
748.050000	-22.095306	16.977023	0.000000	
748.100000	-22.078870	16.995859	0.000000	
748.150000	-22.062409	17.014673	0.000000	
748.200000	-22.045910	17.033453	0.000000	
748.250000	-22.029383	17.052209	0.000000	
748.300000	-22.012819	17.070933	0.000000	
748.350000	-21.996219	17.089623	0.000000	
748.400000	-21.979582	17.108279	0.000000	
748.450000	-21.962908	17.126902	0.000000	
748.500000	-21.946194	17.145488	0.000000	
748.550000	-21.929432	17.164031	0.000000	
748.600000	-21.912641	17.182548	0.000000	
748.650000	-21.895820	17.201038	0.000000	
748.700000	-21.878985	17.219516	0.000000	
748.750000	-21.862153	17.237997	0.000000	
748.800000	-21.845326	17.256481	0.000000	
748.850000	-21.828500	17.274967	0.000000	
748.900000	-21.811677	17.293456	0.000000	
748.950000	-21.794858	17.311947	0.000000	
749.000000	-21.778050	17.330449	0.000000	
749.050000	-21.761243	17.348951	0.000000	
749.100000	-21.744435	17.367454	0.000000	
749.150000	-21.727621	17.385949	0.000000	
749.200000	-21.710782	17.404422	0.000000	
749.250000	-21.693909	17.422863	0.000000	
749.300000	-21.676964	17.441233	0.000000	
749.350000	-21.659935	17.459516	0.000000	
749.400000	-21.642792	17.477676	0.000000	
749.450000	-21.625520	17.495689	0.000000	
749.500000	-21.608074	17.513494	0.000000	
749.550000	-21.590428	17.531054	0.000000	
749.600000	-21.572565	17.548331	0.000000	
749.650000	-21.554463	17.565296	0.000000	
749.700000	-21.536096	17.581907	0.000000	
749.750000	-21.517443	17.598135	0.000000	
749.800000	-21.498479	17.613942	0.000000	
749.850000	-21.479207	17.629319	0.000000	
749.900000	-21.459612	17.644244	0.000000	
749.950000	-21.439686	17.658688	0.000000	
750.000000	-21.419425	17.672650	0.000000	
750.050000	-21.398820	17.686108	0.000000	
750.100000	-21.377884	17.699071	0.000000	
750.150000	-21.356619	17.711528	0.000000	
750.200000	-21.335039	17.723502	0.000000	
750.250000	-21.313153	17.734998	0.000000	
750.300000	-21.290977	17.746025	0.000000	
750.350000	-21.268545	17.756629	0.000000	
750.400000	-21.245875	17.766820	0.000000	
750.450000	-21.223009	17.776653	0.000000	
750.500000	-21.199978	17.786173	0.000000	
750.550000	-21.176811	17.795416	0.000000	
750.600000	-21.153537	17.804435	0.000000	
750.650000	-21.130176	17.813257	0.000000	
750.700000	-21.106740	17.821904	0.000000	
750.750000	-21.083239	17.830389	0.000000	
750.800000	-21.059677	17.838716	0.000000	
750.850000	-21.036062	17.846900	0.000000	
750.900000	-21.012403	17.854958	0.000000	
750.950000	-20.988702	17.862896	0.000000	
751.000000	-20.964973	17.870747	0.000000	
751.050000	-20.941215	17.878509	0.000000	
751.100000	-20.917432	17.886193	0.000000	
751.150000	-20.893625	17.893800	0.000000	
751.200000	-20.869800	17.901347	0.000000	
751.250000	-20.845954	17.908830	0.000000	
751.300000	-20.822087	17.916243	0.000000	
751.350000	-20.798204	17.923601	0.000000	
751.400000	-20.774294	17.930874	0.000000	
751.450000	-20.750360	17.938066	0.000000	
751.500000	-20.726400	17.945165	0.000000	
751.550000	-20.702403	17.952143	0.000000	
751.600000	-20.678377	17.959019	0.000000	
751.650000	-20.654313	17.965763	0.000000	
751.700000	-20.630217	17.972395	0.000000	
751.750000	-20.606091	17.978920	0.000000	
751.800000	-20.581937	17.985344	0.000000	
751.850000	-20.557759	17.991679	0.000000	
751.900000	-20.533562	17.997935	0.000000	
751.950000	-20.509343	18.004107	0.000000	
752.000000	-20.485105	18.010207	0.000000	
752.050000	-20.460848	18.016228	0.000000	
752.100000	-20.436574	18.022180	0.000000	
752.150000	-20.412283	18.028066	0.000000	
752.200000	-20.387976	18.033888	0.000000	
752.250000	-20.363652	18.039637	0.000000	
752.300000	-20.339308	18.045310	0.000000	
752.350000	-20.314947	18.050908	0.000000	
752.400000	-20.290570	18.056442	0.000000	
752.450000	-20.266184	18.061937	0.000000	
752.500000	-20.241788	18.067394	0.000000	
752.550000	-20.217383	18.072810	0.000000	
752.600000	-20.192972	18.078204	0.000000	
752.650000	-20.168554	18.083563	0.000000	
752.700000	-20.144133	18.088910	0.000000	
752.750000	-20.119710	18.094247	0.000000	
752.800000	-20.095284	18.099568	0.000000	
752.850000	-20.070854	18.104877	0.000000	
752.900000	-20.046424	18.110184	0.000000	
752.950000	-20.021996	18.115500	0.000000	
753.000000	-19.997572	18.120832	0.000000	
753.050000	-19.973147	18.126159	0.000000	
753.100000	-19.948723	18.131495	0.000000	
753.150000	-19.924298	18.136819	0.000000	
753.200000	-19.899874	18.142154	0.000000	
753.250000	-19.875453	18.147501	0.000000	
753.300000	-19.851037	18.152871	0.000000	
753.350000	-19.826624	18.158253	0.000000	
753.400000	-19.802213	18.163647	0.000000	
753.450000	-19.777802	18.169038	0.000000	
753.500000	-19.753389	18.174424	0.000000	
753.550000	-19.728981	18.179829	0.000000	
753.600000	-19.704580	18.185266	0.000000	
753.650000	-19.680185	18.190728	0.000000	
753.700000	-19.655795	18.196211	0.000000	
753.750000	-19.631407	18.201706	0.000000	
753.800000	-19.607020	18.207204	0.000000	
753.850000	-19.582637	18.212721	0.000000	
753.900000	-19.558263	18.218278	0.000000	
753.950000	-19.533895	18.223856	0.000000	
754.000000	-19.509531	18.229454	0.000000	
754.050000	-19.485169	18.235059	0.000000	
754.100000	-19.460815	18.240701	0.000000	
754.150000	-19.436470	18.246379	0.000000	
754.200000	-19.412133	18.252095	0.000000	
754.250000	-19.387806	18.257847	0.000000	
754.300000	-19.363489	18.263644	0.000000	
754.350000	-19.339181	18.269474	0.000000	
754.400000	-19.314878	18.275328	0.000000	
754.450000	-19.290584	18.281219	0.000000	
754.500000	-19.266301	18.287158	0.000000	
754.550000	-19.242029	18.293140	0.000000	
754.600000	-19.217765	18.299155	0.000000	
754.650000	-19.193507	18.305195	0.000000	
754.700000	-19.169261	18.311278	0.000000	
754.750000	-19.145032	18.317427	0.000000	
754.800000	-19.120822	18.323651	0.000000	
754.850000	-19.096634	18.329956	0.000000	
754.900000	-19.072460	18.336315	0.000000	
754.950000	-19.048301	18.342730	0.000000	
755.000000	-19.024158	18.349204	0.000000	
755.050000	-19.000029	18.355726	0.000000	
755.100000	-18.975918	18.362320	0.000000	
755.150000	-18.951824	18.368973	0.000000	
755.200000	-18.927748	18.375688	0.000000	
755.250000	-18.903690	18.382471	0.000000	
755.300000	-18.879651	18.389317	0.000000	
755.350000	-18.855633	18.396235	0.000000	
755.400000	-18.831637	18.403226	0.000000	
755.450000	-18.807664	18.410299	0.000000	
755.500000	-18.783716	18.417458	0.000000	
755.550000	-18.759787	18.424681	0.000000	
755.600000	-18.735876	18.431965	0.000000	
755.650000	-18.711977	18.439291	0.000000	
755.700000	-18.688094	18.446671	0.000000	
755.750000	-18.664222	18.454091	0.000000	
755.800000	-18.640358	18.461536	0.000000	
755.850000	-18.616503	18.469008	0.000000	
755.900000	-18.592659	18.476517	0.000000	
755.950000	-18.568834	18.484086	0.000000	
756.000000	-18.545025	18.491703	0.000000	
756.050000	-18.521234	18.499375	0.000000	
756.100000	-18.497463	18.507111	0.000000	
756.150000	-18.473713	18.514909	0.000000	
756.200000	-18.449978	18.522751	0.000000	
756.250000	-18.426252	18.530621	0.000000	
756.300000	-18.402528	18.538501	0.000000	
756.350000	-18.378807	18.546388	0.000000	
756.400000	-18.355080	18.554256	0.000000	
756.450000	-18.331347	18.562106	0.000000	
756.500000	-18.307611	18.569944	0.000000	
756.550000	-18.283865	18.577754	0.000000	
756.600000	-18.260117	18.585558	0.000000	
756.650000	-18.236370	18.593362	0.000000	
756.700000	-18.212623	18.601170	0.000000	
756.750000	-18.188873	18.608965	0.000000	
756.800000	-18.165124	18.616764	0.000000	
756.850000	-18.141373	18.624556	0.000000	
756.900000	-18.117615	18.632327	0.000000	
756.950000	-18.093844	18.640057	0.000000	
757.000000	-18.070061	18.647752	0.000000	
757.050000	-18.046270	18.655419	0.000000	
757.100000	-18.022469	18.663060	0.000000	
757.150000	-17.998654	18.670658	0.000000	
757.200000	-17.974820	18.678198	0.000000	
757.250000	-17.950974	18.685703	0.000000	
757.300000	-17.927123	18.693195	0.000000	
757.350000	-17.903277	18.700699	0.000000	
757.400000	-17.879433	18.708209	0.000000	
757.450000	-17.855598	18.715748	0.000000	
757.500000	-17.831772	18.723315	0.000000	
757.550000	-17.807956	18.730912	0.000000	
757.600000	-17.784159	18.738566	0.000000	
757.650000	-17.760376	18.746259	0.000000	
757.700000	-17.736601	18.753980	0.000000	
757.750000	-17.712837	18.761733	0.000000	
757.800000	-17.689085	18.769522	0.000000	
757.850000	-17.665337	18.777325	0.000000	
757.900000	-17.641594	18.785144	0.000000	
757.950000	-17.617864	18.793002	0.000000	
758.000000	-17.594149	18.800907	0.000000	
758.050000	-17.570449	18.808858	0.000000	
758.100000	-17.546758	18.816835	0.000000	
758.150000	-17.523080	18.824850	0.000000	
758.200000	-17.499412	18.832896	0.000000	
758.250000	-17.475758	18.840983	0.000000	
758.300000	-17.452114	18.849103	0.000000	
758.350000	-17.428473	18.857231	0.000000	
758.400000	-17.404835	18.865367	0.000000	
758.450000	-17.381200	18.873513	0.000000	
758.500000	-17.357570	18.881672	0.000000	
758.550000	-17.333945	18.889847	0.000000	
758.600000	-17.310318	18.898014	0.000000	
758.650000	-17.286687	18.906171	0.000000	
758.700000	-17.263051	18.914314	0.000000	
758.750000	-17.239406	18.922430	0.000000	
758.800000	-17.215755	18.930527	0.000000	
758.850000	-17.192090	18.938581	0.000000	
758.900000	-17.168407	18.946577	0.000000	
758.950000	-17.144702	18.954493	0.000000	
759.000000	-17.120963	18.962292	0.000000	
759.050000	-17.097180	18.969926	0.000000	
759.100000	-17.073340	18.977326	0.000000	
759.150000	-17.049439	18.984454	0.000000	
759.200000	-17.025470	18.991245	0.000000	
759.250000	-17.001436	18.997657	0.000000	
759.300000	-16.977337	19.003636	0.000000	
759.350000	-16.953176	19.009119	0.000000	
759.400000	-16.928964	19.014081	0.000000	
759.450000	-16.904703	19.018477	0.000000	
759.500000	-16.880396	19.022274	0.000000	
759.550000	-16.856047	19.025410	0.000000	
759.600000	-16.831664	19.027872	0.000000	
759.650000	-16.807260	19.029640	0.000000	
759.700000	-16.782836	19.030686	0.000000	
759.750000	-16.758399	19.031002	0.000000	
759.800000	-16.733965	19.030582	0.000000	
759.850000	-16.709534	19.029414	0.000000	
759.900000	-16.685120	19.027511	0.000000	
759.950000	-16.660736	19.024878	0.000000	
760.000000	-16.636393	19.021539	0.000000	
760.050000	-16.612096	19.017519	0.000000	
760.100000	-16.587859	19.012844	0.000000	
760.150000	-16.563693	19.007565	0.000000	
760.200000	-16.539608	19.001717	0.000000	
760.250000	-16.515611	18.995353	0.000000	
760.300000	-16.491695	18.988546	0.000000	
760.350000	-16.467867	18.981332	0.000000	
760.400000	-16.444125	18.973767	0.000000	
760.450000	-16.420466	18.965888	0.000000	
760.500000	-16.396885	18.957734	0.000000	
760.550000	-16.373376	18.949334	0.000000	
760.600000	-16.349938	18.940718	0.000000	
760.650000	-16.326569	18.931898	0.000000	
760.700000	-16.303260	18.922907	0.000000	
760.750000	-16.280005	18.913769	0.000000	
760.800000	-16.256799	18.904499	0.000000	
760.850000	-16.233641	18.895105	0.000000	
760.900000	-16.210523	18.885607	0.000000	
760.950000	-16.187444	18.876013	0.000000	
761.000000	-16.164396	18.866342	0.000000	
761.050000	-16.141379	18.856597	0.000000	
761.100000	-16.118391	18.846783	0.000000	
761.150000	-16.095421	18.836923	0.000000	
761.200000	-16.072465	18.827030	0.000000	
761.250000	-16.049518	18.817116	0.000000	
761.300000	-16.026584	18.807171	0.000000	
761.350000	-16.003668	18.797183	0.000000	
761.400000	-15.980761	18.787173	0.000000	
761.450000	-15.957859	18.777149	0.000000	
761.500000	-15.934967	18.767105	0.000000	
761.550000	-15.912086	18.757033	0.000000	
761.600000	-15.889211	18.746950	0.000000	
761.650000	-15.866330	18.736879	0.000000	
761.700000	-15.843442	18.726823	0.000000	
761.750000	-15.820547	18.716785	0.000000	
761.800000	-15.797650	18.706750	0.000000	
761.850000	-15.774748	18.696728	0.000000	
761.900000	-15.751829	18.686744	0.000000	
761.950000	-15.728907	18.676768	0.000000	
762.000000	-15.705972	18.666820	0.000000	
762.050000	-15.683028	18.656895	0.000000	
762.100000	-15.660071	18.646997	0.000000	
762.150000	-15.637112	18.637104	0.000000	
762.200000	-15.614153	18.627213	0.000000	
762.250000	-15.591202	18.617301	0.000000	
762.300000	-15.568262	18.607367	0.000000	
762.350000	-15.545331	18.597411	0.000000	
762.400000	-15.522409	18.587437	0.000000	
762.450000	-15.499504	18.577424	0.000000	
762.500000	-15.476611	18.567384	0.000000	
762.550000	-15.453730	18.557318	0.000000	
762.600000	-15.430857	18.547235	0.000000	
762.650000	-15.407990	18.537138	0.000000	
762.700000	-15.385127	18.527031	0.000000	
762.750000	-15.362271	18.516907	0.000000	
762.800000	-15.339427	18.506756	0.000000	
762.850000	-15.316589	18.496593	0.000000	
762.900000	-15.293754	18.486423	0.000000	
762.950000	-15.270918	18.476255	0.000000	
763.000000	-15.248077	18.466098	0.000000	
763.050000	-15.225232	18.455950	0.000000	
763.100000	-15.202380	18.445819	0.000000	
763.150000	-15.179525	18.435696	0.000000	
763.200000	-15.156654	18.425611	0.000000	
763.250000	-15.133773	18.415550	0.000000	
763.300000	-15.110869	18.405542	0.000000	
763.350000	-15.087945	18.395583	0.000000	
763.400000	-15.064993	18.385686	0.000000	
763.450000	-15.042024	18.375829	0.000000	
763.500000	-15.019033	18.366021	0.000000	
763.550000	-14.996024	18.356256	0.000000	
763.600000	-14.972993	18.346538	0.000000	
763.650000	-14.949949	18.336851	0.000000	
763.700000	-14.926903	18.327168	0.000000	
763.750000	-14.903857	18.317485	0.000000	
763.800000	-14.880805	18.307816	0.000000	
763.850000	-14.857740	18.298176	0.000000	
763.900000	-14.834663	18.288564	0.000000	
763.950000	-14.811582	18.278960	0.000000	
764.000000	-14.788510	18.269337	0.000000	
764.050000	-14.765443	18.259701	0.000000	
764.100000	-14.742393	18.250027	0.000000	
764.150000	-14.719367	18.240298	0.000000	
764.200000	-14.696356	18.230534	0.000000	
764.250000	-14.673371	18.220710	0.000000	
764.300000	-14.650408	18.210836	0.000000	
764.350000	-14.627470	18.200903	0.000000	
764.400000	-14.604550	18.190927	0.000000	
764.450000	-14.581648	18.180908	0.000000	
764.500000	-14.558759	18.170861	0.000000	
764.550000	-14.535875	18.160801	0.000000	
764.600000	-14.513002	18.150714	0.000000	
764.650000	-14.490134	18.140617	0.000000	
764.700000	-14.467274	18.130501	0.000000	
764.750000	-14.444411	18.120393	0.000000	
764.800000	-14.421541	18.110300	0.000000	
764.850000	-14.398662	18.100229	0.000000	
764.900000	-14.375773	18.090182	0.000000	
764.950000	-14.352879	18.080149	0.000000	
765.000000	-14.329975	18.070138	0.000000	
765.050000	-14.307053	18.060172	0.000000	
765.100000	-14.284108	18.050263	0.000000	
765.150000	-14.261131	18.040432	0.000000	
765.200000	-14.238114	18.030696	0.000000	
765.250000	-14.215068	18.021031	0.000000	
765.300000	-14.191990	18.011439	0.000000	
765.350000	-14.168886	18.001908	0.000000	
765.400000	-14.145761	17.992428	0.000000	
765.450000	-14.122622	17.982979	0.000000	
765.500000	-14.099471	17.973556	0.000000	
765.550000	-14.076306	17.964168	0.000000	
765.600000	-14.053127	17.954815	0.000000	
765.650000	-14.029929	17.945505	0.000000	
765.700000	-14.006720	17.936222	0.000000	
765.750000	-13.983500	17.926964	0.000000	
765.800000	-13.960278	17.917711	0.000000	
765.850000	-13.937065	17.908437	0.000000	
765.900000	-13.913862	17.899139	0.000000	
765.950000	-13.890676	17.889800	0.000000	
766.000000	-13.867508	17.880418	0.000000	
766.050000	-13.844355	17.871002	0.000000	
766.100000	-13.821222	17.861538	0.000000	
766.150000	-13.798107	17.852028	0.000000	
766.200000	-13.775010	17.842471	0.000000	
766.250000	-13.751938	17.832852	0.000000	
766.300000	-13.728887	17.823181	0.000000	
766.350000	-13.705850	17.813476	0.000000	
766.400000	-13.682823	17.803747	0.000000	
766.450000	-13.659797	17.794017	0.000000	
766.500000	-13.636771	17.784285	0.000000	
766.550000	-13.613740	17.774565	0.000000	
766.600000	-13.590706	17.764852	0.000000	
766.650000	-13.567669	17.755148	0.000000	
766.700000	-13.544624	17.745463	0.000000	
766.750000	-13.521568	17.735808	0.000000	
766.800000	-13.498496	17.726192	0.000000	
766.850000	-13.475410	17.716611	0.000000	
766.900000	-13.452299	17.707092	0.000000	
766.950000	-13.429168	17.697622	0.000000	
767.000000	-13.406016	17.688202	0.000000	
767.050000	-13.382840	17.678841	0.000000	
767.100000	-13.359639	17.669540	0.000000	
767.150000	-13.336412	17.660304	0.000000	
767.200000	-13.313162	17.651128	0.000000	
767.250000	-13.289894	17.641994	0.000000	
767.300000	-13.266605	17.632916	0.000000	
767.350000	-13.243295	17.623888	0.000000	
767.400000	-13.219971	17.614896	0.000000	
767.450000	-13.196635	17.605932	0.000000	
767.500000	-13.173292	17.596984	0.000000	
767.550000	-13.149944	17.588051	0.000000	
767.600000	-13.126599	17.579109	0.000000	
767.650000	-13.103254	17.570168	0.000000	
767.700000	-13.079912	17.561220	0.000000	
767.750000	-13.056576	17.552255	0.000000	
767.800000	-13.033252	17.543258	0.000000	
767.850000	-13.009933	17.534251	0.000000	
767.900000	-12.986616	17.525237	0.000000	
767.950000	-12.963304	17.516210	0.000000	
768.000000	-12.940000	17.507164	0.000000	
768.050000	-12.916707	17.498090	0.000000	
768.100000	-12.893429	17.488979	0.000000	
768.150000	-12.870174	17.479810	0.000000	
768.200000	-12.846945	17.470577	0.000000	
768.250000	-12.823738	17.461288	0.000000	
768.300000	-12.800554	17.451940	0.000000	
768.350000	-12.777395	17.442533	0.000000	
768.400000	-12.754254	17.433082	0.000000	
768.450000	-12.731120	17.423610	0.000000	
768.500000	-12.707991	17.414127	0.000000	
768.550000	-12.684870	17.404624	0.000000	
768.600000	-12.661759	17.395096	0.000000	
768.650000	-12.638660	17.385542	0.000000	
768.700000	-12.615580	17.375942	0.000000	
768.750000	-12.592525	17.366284	0.000000	
768.800000	-12.569496	17.356563	0.000000	
768.850000	-12.546487	17.346798	0.000000	
768.900000	-12.523508	17.336960	0.000000	
768.950000	-12.500557	17.327060	0.000000	
769.000000	-12.477630	17.317101	0.000000	
769.050000	-12.454728	17.307084	0.000000	
769.100000	-12.431851	17.297010	0.000000	
769.150000	-12.408997	17.286887	0.000000	
769.200000	-12.386167	17.276712	0.000000	
769.250000	-12.363352	17.266502	0.000000	
769.300000	-12.340559	17.256246	0.000000	
769.350000	-12.317785	17.245946	0.000000	
769.400000	-12.295029	17.235609	0.000000	
769.450000	-12.272301	17.225209	0.000000	
769.500000	-12.249609	17.214731	0.000000	
769.550000	-12.226952	17.204174	0.000000	
769.600000	-12.204325	17.193549	0.000000	
769.650000	-12.181724	17.182869	0.000000	
769.700000	-12.159141	17.172149	0.000000	
769.750000	-12.136581	17.161379	0.000000	
769.800000	-12.114045	17.150562	0.000000	
769.850000	-12.091537	17.139687	0.000000	
769.900000	-12.069065	17.128740	0.000000	
769.950000	-12.046624	17.117732	0.000000	
770.000000	-12.024211	17.106667	0.000000	
770.050000	-12.001826	17.095543	0.000000	
770.100000	-11.979472	17.084358	0.000000	
770.150000	-11.957136	17.073137	0.000000	
770.200000	-11.934822	17.061873	0.000000	
770.250000	-11.912527	17.050571	0.000000	
770.300000	-11.890260	17.039215	0.000000	
770.350000	-11.868019	17.027805	0.000000	
770.400000	-11.845806	17.016343	0.000000	
770.450000	-11.823619	17.004829	0.000000	
770.500000	-11.801447	16.993286	0.000000	
770.550000	-11.779282	16.981729	0.000000	
770.600000	-11.757125	16.970156	0.000000	
770.650000	-11.734981	16.958557	0.000000	
770.700000	-11.712856	16.946921	0.000000	
770.750000	-11.690753	16.935242	0.000000	
770.800000	-11.668667	16.923530	0.000000	
770.850000	-11.646591	16.911800	0.000000	
770.900000	-11.624531	16.900039	0.000000	
770.950000	-11.602491	16.888243	0.000000	
771.000000	-11.580479	16.876400	0.000000	
771.050000	-11.558507	16.864485	0.000000	
771.100000	-11.536601	16.852460	0.000000	
771.150000	-11.514771	16.840310	0.000000	
771.200000	-11.493050	16.827989	0.000000	
771.250000	-11.471461	16.815469	0.000000	
771.300000	-11.450033	16.802720	0.000000	
771.350000	-11.428806	16.789700	0.000000	
771.400000	-11.407813	16.776374	0.000000	
771.450000	-11.387082	16.762723	0.000000	
771.500000	-11.366645	16.748716	0.000000	
771.550000	-11.346535	16.734321	0.000000	
771.600000	-11.326786	16.719505	0.000000	
771.650000	-11.307418	16.704252	0.000000	
771.700000	-11.288456	16.688551	0.000000	
771.750000	-11.269911	16.672399	0.000000	
771.800000	-11.251798	16.655793	0.000000	
771.850000	-11.234122	16.638734	0.000000	
771.900000	-11.216886	16.621213	0.000000	
771.950000	-11.200091	16.603246	0.000000	
772.000000	-11.183734	16.584846	0.000000	
772.050000	-11.167801	16.566030	0.000000	
772.100000	-11.152276	16.546815	0.000000	
772.150000	-11.137148	16.527229	0.000000	
772.200000	-11.122402	16.507295	0.000000	
772.250000	-11.108013	16.487047	0.000000	
772.300000	-11.093955	16.466523	0.000000	
772.350000	-11.080202	16.445753	0.000000	
772.400000	-11.066717	16.424779	0.000000	
772.450000	-11.053468	16.403633	0.000000	
772.500000	-11.040432	16.382338	0.000000	
772.550000	-11.027581	16.360919	0.000000	
772.600000	-11.014880	16.339402	0.000000	
772.650000	-11.002293	16.317812	0.000000	
772.700000	-10.989811	16.296157	0.000000	
772.750000	-10.977393	16.274462	0.000000	
772.800000	-10.965016	16.252743	0.000000	
772.850000	-10.952662	16.231011	0.000000	
772.900000	-10.940342	16.209259	0.000000	
772.950000	-10.928039	16.187497	0.000000	
773.000000	-10.915754	16.165724	0.000000	
773.050000	-10.903471	16.143951	0.000000	
773.100000	-10.891209	16.122166	0.000000	
773.150000	-10.878984	16.100360	0.000000	
773.200000	-10.866778	16.078543	0.000000	
773.250000	-10.854578	16.056723	0.000000	
773.300000	-10.842384	16.034899	0.000000	
773.350000	-10.830181	16.013080	0.000000	
773.400000	-10.817962	15.991271	0.000000	
773.450000	-10.805730	15.969469	0.000000	
773.500000	-10.793472	15.947682	0.000000	
773.550000	-10.781184	15.925912	0.000000	
773.600000	-10.768866	15.904159	0.000000	
773.650000	-10.756526	15.882418	0.000000	
773.700000	-10.744162	15.860691	0.000000	
773.750000	-10.731771	15.838979	0.000000	
773.800000	-10.719364	15.817277	0.000000	
773.850000	-10.706956	15.795575	0.000000	
773.900000	-10.694545	15.773875	0.000000	
773.950000	-10.682113	15.752187	0.000000	
774.000000	-10.669669	15.730506	0.000000	
774.050000	-10.657187	15.708847	0.000000	
774.100000	-10.644683	15.687200	0.000000	
774.150000	-10.632149	15.665571	0.000000	
774.200000	-10.619566	15.643970	0.000000	
774.250000	-10.606934	15.622397	0.000000	
774.300000	-10.594255	15.600853	0.000000	
774.350000	-10.581541	15.579328	0.000000	
774.400000	-10.568792	15.557825	0.000000	
774.450000	-10.556021	15.536336	0.000000	
774.500000	-10.543225	15.514860	0.000000	
774.550000	-10.530408	15.493397	0.000000	
774.600000	-10.517550	15.471960	0.000000	
774.650000	-10.504636	15.450557	0.000000	
774.700000	-10.491659	15.429194	0.000000	
774.750000	-10.478642	15.407855	0.000000	
774.800000	-10.465594	15.386535	0.000000	
774.850000	-10.452517	15.365233	0.000000	
774.900000	-10.439411	15.343947	0.000000	
774.950000	-10.426287	15.322673	0.000000	
775.000000	-10.413135	15.301415	0.000000	
775.050000	-10.399966	15.280168	0.000000	
775.100000	-10.386804	15.258916	0.000000	
775.150000	-10.373655	15.237657	0.000000	
775.200000	-10.360507	15.216397	0.000000	
775.250000	-10.347358	15.195138	0.000000	
775.300000	-10.334217	15.173873	0.000000	
775.350000	-10.321095	15.152598	0.000000	
775.400000	-10.307967	15.131325	0.000000	
775.450000	-10.294843	15.110051	0.000000	
775.500000	-10.281723	15.088773	0.000000	
775.550000	-10.268614	15.067489	0.000000	
775.600000	-10.255521	15.046196	0.000000	
775.650000	-10.242462	15.024882	0.000000	
775.700000	-10.229464	15.003530	0.000000	
775.750000	-10.216519	14.982144	0.000000	
775.800000	-10.203609	14.960737	0.000000	
775.850000	-10.190714	14.939321	0.000000	
775.900000	-10.177826	14.917900	0.000000	
775.950000	-10.164943	14.896477	0.000000	
776.000000	-10.152041	14.875064	0.000000	
776.050000	-10.139139	14.853652	0.000000	
776.100000	-10.126241	14.832237	0.000000	
776.150000	-10.113329	14.810831	0.000000	
776.200000	-10.100401	14.789434	0.000000	
776.250000	-10.087479	14.768034	0.000000	
776.300000	-10.074570	14.746626	0.000000	
776.350000	-10.061674	14.725211	0.000000	
776.400000	-10.048774	14.703797	0.000000	
776.450000	-10.035875	14.682383	0.000000	
776.500000	-10.022990	14.660961	0.000000	
776.550000	-10.010109	14.639536	0.000000	
776.600000	-9.997213	14.618120	0.000000	
776.650000	-9.984313	14.596706	0.000000	
776.700000	-9.971399	14.575301	0.000000	
776.750000	-9.958452	14.553916	0.000000	
776.800000	-9.945493	14.532538	0.000000	
776.850000	-9.932521	14.511167	0.000000	
776.900000	-9.919543	14.489801	0.000000	
776.950000	-9.906570	14.468431	0.000000	
777.000000	-9.893602	14.447059	0.000000	
777.050000	-9.880635	14.425685	0.000000	
777.100000	-9.867664	14.404314	0.000000	
777.150000	-9.854687	14.382947	0.000000	
777.200000	-9.841711	14.361579	0.000000	
777.250000	-9.828741	14.340208	0.000000	
777.300000	-9.815773	14.318836	0.000000	
777.350000	-9.802812	14.297459	0.000000	
777.400000	-9.789856	14.276079	0.000000	
777.450000	-9.776927	14.254684	0.000000	
777.500000	-9.764019	14.233276	0.000000	
777.550000	-9.751127	14.211859	0.000000	
777.600000	-9.738262	14.190425	0.000000	
777.650000	-9.725419	14.168979	0.000000	
777.700000	-9.712581	14.147530	0.000000	
777.750000	-9.699747	14.126078	0.000000	
777.800000	-9.686936	14.104612	0.000000	
777.850000	-9.674126	14.083146	0.000000	
777.900000	-9.661321	14.061677	0.000000	
777.950000	-9.648513	14.040209	0.000000	
778.000000	-9.635705	14.018742	0.000000	
778.050000	-9.622888	13.997280	0.000000	
778.100000	-9.610082	13.975811	0.000000	
778.150000	-9.597285	13.954337	0.000000	
778.200000	-9.584486	13.932863	0.000000	
778.250000	-9.571683	13.911393	0.000000	
778.300000	-9.558851	13.889940	0.000000	
778.350000	-9.545989	13.868505	0.000000	
778.400000	-9.533083	13.847097	0.000000	
778.450000	-9.520153	13.825703	0.000000	
778.500000	-9.507186	13.804331	0.000000	
778.550000	-9.494204	13.782968	0.000000	
778.600000	-9.481207	13.761614	0.000000	
778.650000	-9.468208	13.740261	0.000000	
778.700000	-9.455241	13.718890	0.000000	
778.750000	-9.442359	13.697473	0.000000	
778.800000	-9.429604	13.675989	0.000000	
778.850000	-9.416983	13.654438	0.000000	
778.900000	-9.404533	13.632800	0.000000	
778.950000	-9.392309	13.611055	0.000000	
779.000000	-9.380367	13.589183	0.000000	
779.050000	-9.368721	13.567181	0.000000	
779.100000	-9.357416	13.545037	0.000000	
779.150000	-9.346496	13.522743	0.000000	
779.200000	-9.335986	13.500293	0.000000	
779.250000	-9.325911	13.477680	0.000000	
779.300000	-9.316294	13.454902	0.000000	
779.350000	-9.307163	13.431950	0.000000	
779.400000	-9.298536	13.408824	0.000000	
779.450000	-9.290448	13.385519	0.000000	
779.500000	-9.282896	13.362040	0.000000	
779.550000	-9.275879	13.338386	0.000000	
779.600000	-9.269386	13.314563	0.000000	
779.650000	-9.263415	13.290573	0.000000	
779.700000	-9.257951	13.266431	0.000000	
779.750000	-9.252990	13.242147	0.000000	
779.800000	-9.248498	13.217742	0.000000	
779.850000	-9.244443	13.193234	0.000000	
779.900000	-9.240799	13.168630	0.000000	
779.950000	-9.237554	13.143940	0.000000	
780.000000	-9.234643	13.119184	0.000000	
780.050000	-9.232017	13.094379	0.000000	
780.100000	-9.229644	13.069531	0.000000	
780.150000	-9.227493	13.044650	0.000000	
780.200000	-9.225513	13.019747	0.000000	
780.250000	-9.223670	12.994829	0.000000	
780.300000	-9.221953	12.969896	0.000000	
780.350000	-9.220336	12.944954	0.000000	
780.400000	-9.218816	12.920003	0.000000	
780.450000	-9.217363	12.895048	0.000000	
780.500000	-9.215936	12.870090	0.000000	
780.550000	-9.214528	12.845131	0.000000	
780.600000	-9.213133	12.820172	0.000000	
780.650000	-9.211737	12.795212	0.000000	
780.700000	-9.210349	12.770252	0.000000	
780.750000	-9.208944	12.745293	0.000000	
780.800000	-9.207505	12.720336	0.000000	
780.850000	-9.206025	12.695382	0.000000	
780.900000	-9.204485	12.670432	0.000000	
780.950000	-9.202894	12.645485	0.000000	
781.000000	-9.201224	12.620545	0.000000	
781.050000	-9.199495	12.595609	0.000000	
781.100000	-9.197714	12.570677	0.000000	
781.150000	-9.195904	12.545747	0.000000	
781.200000	-9.194065	12.520818	0.000000	
781.250000	-9.192214	12.495891	0.000000	
781.300000	-9.190345	12.470964	0.000000	
781.350000	-9.188456	12.446039	0.000000	
781.400000	-9.186556	12.421115	0.000000	
781.450000	-9.184643	12.396191	0.000000	
781.500000	-9.182731	12.371267	0.000000	
781.550000	-9.180813	12.346344	0.000000	
781.600000	-9.178887	12.321421	0.000000	
781.650000	-9.176975	12.296497	0.000000	
781.700000	-9.175091	12.271571	0.000000	
781.750000	-9.173215	12.246645	0.000000	
781.800000	-9.171370	12.221716	0.000000	
781.850000	-9.169562	12.196785	0.000000	
781.900000	-9.167788	12.171852	0.000000	
781.950000	-9.166048	12.146916	0.000000	
782.000000	-9.164363	12.121976	0.000000	
782.050000	-9.162742	12.097031	0.000000	
782.100000	-9.161170	12.072083	0.000000	
782.150000	-9.159647	12.047130	0.000000	
782.200000	-9.158163	12.022175	0.000000	
782.250000	-9.156702	11.997218	0.000000	
782.300000	-9.155260	11.972261	0.000000	
782.350000	-9.153848	11.947301	0.000000	
782.400000	-9.152473	11.922340	0.000000	
782.450000	-9.151137	11.897376	0.000000	
782.500000	-9.149817	11.872412	0.000000	
782.550000	-9.148519	11.847446	0.000000	
782.600000	-9.147275	11.822479	0.000000	
782.650000	-9.146074	11.797510	0.000000	
782.700000	-9.144923	11.772538	0.000000	
782.750000	-9.143830	11.747565	0.000000	
782.800000	-9.142814	11.722590	0.000000	
782.850000	-9.141871	11.697613	0.000000	
782.900000	-9.140982	11.672634	0.000000	
782.950000	-9.140138	11.647654	0.000000	
783.000000	-9.139359	11.622671	0.000000	
783.050000	-9.138638	11.597687	0.000000	
783.100000	-9.137982	11.572701	0.000000	
783.150000	-9.137404	11.547714	0.000000	
783.200000	-9.136876	11.522724	0.000000	
783.250000	-9.136394	11.497733	0.000000	
783.300000	-9.135980	11.472741	0.000000	
783.350000	-9.135631	11.447747	0.000000	
783.400000	-9.135363	11.422751	0.000000	
783.450000	-9.135176	11.397755	0.000000	
783.500000	-9.135075	11.372760	0.000000	
783.550000	-9.135058	11.347764	0.000000	
783.600000	-9.135124	11.322768	0.000000	
783.650000	-9.135269	11.297773	0.000000	
783.700000	-9.135494	11.272779	0.000000	
783.750000	-9.135796	11.247786	0.000000	
783.800000	-9.136183	11.222796	0.000000	
783.850000	-9.136655	11.197809	0.000000	
783.900000	-9.137227	11.172827	0.000000	
783.950000	-9.137922	11.147850	0.000000	
784.000000	-9.138750	11.122878	0.000000	
784.050000	-9.139719	11.097914	0.000000	
784.100000	-9.140802	11.072956	0.000000	
784.150000	-9.141998	11.048003	0.000000	
784.200000	-9.143315	11.023056	0.000000	
784.250000	-9.144773	10.998117	0.000000	
784.300000	-9.146362	10.973183	0.000000	
784.350000	-9.148059	10.948254	0.000000	
784.400000	-9.149843	10.923329	0.000000	
784.450000	-9.151704	10.898408	0.000000	
784.500000	-9.153634	10.873491	0.000000	
784.550000	-9.155626	10.848578	0.000000	
784.600000	-9.157681	10.823668	0.000000	
784.650000	-9.159795	10.798762	0.000000	
784.700000	-9.161944	10.773859	0.000000	
784.750000	-9.164141	10.748958	0.000000	
784.800000	-9.166386	10.724061	0.000000	
784.850000	-9.168678	10.699167	0.000000	
784.900000	-9.171014	10.674278	0.000000	
784.950000	-9.173364	10.649390	0.000000	
785.000000	-9.175708	10.624501	0.000000	
785.050000	-9.178054	10.599613	0.000000	
785.100000	-9.180393	10.574724	0.000000	
785.150000	-9.182759	10.549837	0.000000	
785.200000	-9.185138	10.524952	0.000000	
785.250000	-9.187506	10.500066	0.000000	
785.300000	-9.189869	10.475180	0.000000	
785.350000	-9.192254	10.450296	0.000000	
785.400000	-9.194662	10.425414	0.000000	
785.450000	-9.197101	10.400535	0.000000	
785.500000	-9.199560	10.375658	0.000000	
785.550000	-9.202049	10.350783	0.000000	
785.600000	-9.204540	10.325909	0.000000	
785.650000	-9.207056	10.301038	0.000000	
785.700000	-9.209592	10.276168	0.000000	
785.750000	-9.212174	10.251302	0.000000	
785.800000	-9.214795	10.226441	0.000000	
785.850000	-9.217431	10.201581	0.000000	
785.900000	-9.220070	10.176721	0.000000	
785.950000	-9.222712	10.151862	0.000000	
786.000000	-9.225386	10.127006	0.000000	
786.050000	-9.228109	10.102156	0.000000	
786.100000	-9.230872	10.077311	0.000000	
786.150000	-9.233659	10.052468	0.000000	
786.200000	-9.236437	10.027624	0.000000	
786.250000	-9.239235	10.002782	0.000000	
786.300000	-9.242077	9.977946	0.000000	
786.350000	-9.244958	9.953115	0.000000	
786.400000	-9.247861	9.928286	0.000000	
786.450000	-9.250805	9.903462	0.000000	
786.500000	-9.253790	9.878644	0.000000	
786.550000	-9.256825	9.853831	0.000000	
786.600000	-9.259891	9.829023	0.000000	
786.650000	-9.263000	9.804219	0.000000	
786.700000	-9.266142	9.779420	0.000000	
786.750000	-9.269316	9.754624	0.000000	
786.800000	-9.272495	9.729828	0.000000	
786.850000	-9.275674	9.705033	0.000000	
786.900000	-9.278864	9.680239	0.000000	
786.950000	-9.282070	9.655446	0.000000	
787.000000	-9.285288	9.630655	0.000000	
787.050000	-9.288514	9.605866	0.000000	
787.100000	-9.291741	9.581076	0.000000	
787.150000	-9.294982	9.556288	0.000000	
787.200000	-9.298226	9.531501	0.000000	
787.250000	-9.301491	9.506716	0.000000	
787.300000	-9.304750	9.481930	0.000000	
787.350000	-9.307983	9.457141	0.000000	
787.400000	-9.311199	9.432350	0.000000	
787.450000	-9.314397	9.407557	0.000000	
787.500000	-9.317576	9.382761	0.000000	
787.550000	-9.320724	9.357961	0.000000	
787.600000	-9.323853	9.333158	0.000000	
787.650000	-9.326984	9.308356	0.000000	
787.700000	-9.330113	9.283553	0.000000	
787.750000	-9.333230	9.258749	0.000000	
787.800000	-9.336350	9.233945	0.000000	
787.850000	-9.339476	9.209142	0.000000	
787.900000	-9.342633	9.184343	0.000000	
787.950000	-9.345810	9.159547	0.000000	
788.000000	-9.348998	9.134751	0.000000	
788.050000	-9.352196	9.109958	0.000000	
788.100000	-9.355383	9.085162	0.000000	
788.150000	-9.358565	9.060366	0.000000	
788.200000	-9.361734	9.035568	0.000000	
788.250000	-9.364901	9.010770	0.000000	
788.300000	-9.368079	8.985974	0.000000	
788.350000	-9.371285	8.961181	0.000000	
788.400000	-9.374519	8.936392	0.000000	
788.450000	-9.377759	8.911603	0.000000	
788.500000	-9.381005	8.886815	0.000000	
788.550000	-9.384261	8.862029	0.000000	
788.600000	-9.387534	8.837244	0.000000	
788.650000	-9.390825	8.812462	0.000000	
788.700000	-9.394105	8.787679	0.000000	
788.750000	-9.397395	8.762897	0.000000	
788.800000	-9.400692	8.738115	0.000000	
788.850000	-9.403967	8.713332	0.000000	
788.900000	-9.407244	8.688548	0.000000	
788.950000	-9.410496	8.663761	0.000000	
789.000000	-9.413746	8.638973	0.000000	
789.050000	-9.417002	8.614187	0.000000	
789.100000	-9.420262	8.589401	0.000000	
789.150000	-9.423535	8.564617	0.000000	
789.200000	-9.426791	8.539830	0.000000	
789.250000	-9.430032	8.515042	0.000000	
789.300000	-9.433252	8.490252	0.000000	
789.350000	-9.436450	8.465458	0.000000	
789.400000	-9.439615	8.440660	0.000000	
789.450000	-9.442765	8.415860	0.000000	
789.500000	-9.445910	8.391060	0.000000	
789.550000	-9.449045	8.366258	0.000000	
789.600000	-9.452144	8.341452	0.000000	
789.650000	-9.455237	8.316645	0.000000	
789.700000	-9.458325	8.291837	0.000000	
789.750000	-9.461461	8.267037	0.000000	
789.800000	-9.464668	8.242248	0.000000	
789.850000	-9.467984	8.217479	0.000000	
789.900000	-9.471460	8.192739	0.000000	
789.950000	-9.475135	8.168043	0.000000	
790.000000	-9.479047	8.143400	0.000000	
790.050000	-9.483231	8.118825	0.000000	
790.100000	-9.487712	8.094330	0.000000	
790.150000	-9.492523	8.069930	0.000000	
790.200000	-9.497722	8.045654	0.000000	
790.250000	-9.503356	8.021518	0.000000	
790.300000	-9.509451	7.997534	0.000000	
790.350000	-9.516027	7.973714	0.000000	
790.400000	-9.523094	7.950067	0.000000	
790.450000	-9.530670	7.926603	0.000000	
790.500000	-9.538779	7.903343	0.000000	
790.550000	-9.547449	7.880308	0.000000	
790.600000	-9.556696	7.857503	0.000000	
790.650000	-9.566535	7.834933	0.000000	
790.700000	-9.576956	7.812604	0.000000	
790.750000	-9.587954	7.790521	0.000000	
790.800000	-9.599489	7.768677	0.000000	
790.850000	-9.611514	7.747056	0.000000	
790.900000	-9.624008	7.725655	0.000000	
790.950000	-9.636928	7.704461	0.000000	
791.000000	-9.650227	7.683464	0.000000	
791.050000	-9.663882	7.662659	0.000000	
791.100000	-9.677850	7.642031	0.000000	
791.150000	-9.692093	7.621563	0.000000	
791.200000	-9.706576	7.601241	0.000000	
791.250000	-9.721232	7.581027	0.000000	
791.300000	-9.736023	7.560902	0.000000	
791.350000	-9.750926	7.540849	0.000000	
791.400000	-9.765927	7.520863	0.000000	
791.450000	-9.781017	7.500938	0.000000	
791.500000	-9.796191	7.481072	0.000000	
791.550000	-9.811411	7.461241	0.000000	
791.600000	-9.826658	7.441430	0.000000	
791.650000	-9.841920	7.421631	0.000000	
791.700000	-9.857183	7.401832	0.000000	
791.750000	-9.872447	7.382034	0.000000	
791.800000	-9.887698	7.362225	0.000000	
791.850000	-9.902936	7.342407	0.000000	
791.900000	-9.918162	7.322580	0.000000	
791.950000	-9.933379	7.302746	0.000000	
792.000000	-9.948585	7.282903	0.000000	
792.050000	-9.963767	7.263043	0.000000	
792.100000	-9.978917	7.243158	0.000000	
792.150000	-9.994040	7.223252	0.000000	
792.200000	-10.009147	7.203334	0.000000	
792.250000	-10.024224	7.183394	0.000000	
792.300000	-10.039291	7.163446	0.000000	
792.350000	-10.054344	7.143488	0.000000	
792.400000	-10.069395	7.123528	0.000000	
792.450000	-10.084438	7.103562	0.000000	
792.500000	-10.099452	7.083575	0.000000	
792.550000	-10.114424	7.063557	0.000000	
792.600000	-10.129364	7.043515	0.000000	
792.650000	-10.144250	7.023433	0.000000	
792.700000	-10.159102	7.003326	0.000000	
792.750000	-10.173934	6.983203	0.000000	
792.800000	-10.188735	6.963057	0.000000	
792.850000	-10.203497	6.942883	0.000000	
792.900000	-10.218231	6.922688	0.000000	
792.950000	-10.232962	6.902490	0.000000	
793.000000	-10.247679	6.882282	0.000000	
793.050000	-10.262397	6.862075	0.000000	
793.100000	-10.277125	6.841875	0.000000	
793.150000	-10.291865	6.821684	0.000000	
793.200000	-10.306607	6.801495	0.000000	
793.250000	-10.321346	6.781303	0.000000	
793.300000	-10.336098	6.761121	0.000000	
793.350000	-10.350864	6.740949	0.000000	
793.400000	-10.365665	6.720805	0.000000	
793.450000	-10.380499	6.700685	0.000000	
793.500000	-10.395367	6.680591	0.000000	
793.550000	-10.410269	6.660522	0.000000	
793.600000	-10.425206	6.640479	0.000000	
793.650000	-10.440179	6.620463	0.000000	
793.700000	-10.455191	6.600476	0.000000	
793.750000	-10.470225	6.580504	0.000000	
793.800000	-10.485291	6.560557	0.000000	
793.850000	-10.500386	6.540632	0.000000	
793.900000	-10.515525	6.520738	0.000000	
793.950000	-10.530687	6.500862	0.000000	
794.000000	-10.545869	6.481002	0.000000	
794.050000	-10.561068	6.461154	0.000000	
794.100000	-10.576278	6.441315	0.000000	
794.150000	-10.591507	6.421489	0.000000	
794.200000	-10.606764	6.401686	0.000000	
794.250000	-10.622043	6.381899	0.000000	
794.300000	-10.637331	6.362119	0.000000	
794.350000	-10.652629	6.342347	0.000000	
794.400000	-10.667920	6.322570	0.000000	
794.450000	-10.683201	6.302784	0.000000	
794.500000	-10.698478	6.282995	0.000000	
794.550000	-10.713760	6.263211	0.000000	
794.600000	-10.729060	6.243441	0.000000	
794.650000	-10.744373	6.223680	0.000000	
794.700000	-10.759686	6.203921	0.000000	
794.750000	-10.775004	6.184164	0.000000	
794.800000	-10.790338	6.164420	0.000000	
794.850000	-10.805668	6.144673	0.000000	
794.900000	-10.820988	6.124918	0.000000	
794.950000	-10.836306	6.105161	0.000000	
795.000000	-10.851630	6.085409	0.000000	
795.050000	-10.866957	6.065660	0.000000	
795.100000	-10.882292	6.045916	0.000000	
795.150000	-10.897640	6.026183	0.000000	
795.200000	-10.912987	6.006449	0.000000	
795.250000	-10.928330	5.986712	0.000000	
795.300000	-10.943665	5.966969	0.000000	
795.350000	-10.959002	5.947227	0.000000	
795.400000	-10.974327	5.927476	0.000000	
795.450000	-10.989657	5.907729	0.000000	
795.500000	-11.004982	5.887978	0.000000	
795.550000	-11.020302	5.868223	0.000000	
795.600000	-11.035608	5.848457	0.000000	
795.650000	-11.050887	5.828671	0.000000	
795.700000	-11.066142	5.808865	0.000000	
795.750000	-11.081386	5.789051	0.000000	
795.800000	-11.096639	5.769245	0.000000	
795.850000	-11.111890	5.749437	0.000000	
795.900000	-11.127136	5.729624	0.000000	
795.950000	-11.142380	5.709811	0.000000	
796.000000	-11.157607	5.689984	0.000000	
796.050000	-11.172822	5.670148	0.000000	
796.100000	-11.188005	5.650288	0.000000	
796.150000	-11.203177	5.630420	0.000000	
796.200000	-11.218331	5.610538	0.000000	
796.250000	-11.233482	5.590653	0.000000	
796.300000	-11.248619	5.570758	0.000000	
796.350000	-11.263758	5.550863	0.000000	
796.400000	-11.278892	5.530965	0.000000	
796.450000	-11.294018	5.511062	0.000000	
796.500000	-11.309127	5.491145	0.000000	
796.550000	-11.324216	5.471214	0.000000	
796.600000	-11.339287	5.451269	0.000000	
796.650000	-11.354347	5.431315	0.000000	
796.700000	-11.369405	5.411360	0.000000	
796.750000	-11.384455	5.391399	0.000000	
796.800000	-11.399496	5.371432	0.000000	
796.850000	-11.414528	5.351457	0.000000	
796.900000	-11.429555	5.331479	0.000000	
796.950000	-11.444585	5.311502	0.000000	
797.000000	-11.459616	5.291527	0.000000	
797.050000	-11.474653	5.271556	0.000000	
797.100000	-11.489704	5.251596	0.000000	
797.150000	-11.504777	5.231652	0.000000	
797.200000	-11.519870	5.211724	0.000000	
797.250000	-11.534966	5.191797	0.000000	
797.300000	-11.550072	5.171879	0.000000	
797.350000	-11.565201	5.151979	0.000000	
797.400000	-11.580344	5.132090	0.000000	
797.450000	-11.595510	5.112218	0.000000	
797.500000	-11.610716	5.092378	0.000000	
797.550000	-11.625974	5.072578	0.000000	
797.600000	-11.641307	5.052837	0.000000	
797.650000	-11.656720	5.033161	0.000000	
797.700000	-11.672224	5.013562	0.000000	
797.750000	-11.687841	4.994059	0.000000	
797.800000	-11.703607	4.974686	0.000000	
797.850000	-11.719533	4.955456	0.000000	
797.900000	-11.735634	4.936391	0.000000	
797.950000	-11.751925	4.917510	0.000000	
798.000000	-11.768439	4.898851	0.000000	
798.050000	-11.785204	4.880453	0.000000	
798.100000	-11.802248	4.862353	0.000000	
798.150000	-11.819578	4.844571	0.000000	
798.200000	-11.837207	4.827126	0.000000	
798.250000	-11.855128	4.810018	0.000000	
798.300000	-11.873363	4.793271	0.000000	
798.350000	-11.891901	4.776883	0.000000	
798.400000	-11.910741	4.760856	0.000000	
798.450000	-11.929888	4.745200	0.000000	
798.500000	-11.949343	4.729910	0.000000	
798.550000	-11.969103	4.714992	0.000000	
798.600000	-11.989166	4.700446	0.000000	
798.650000	-12.009501	4.686241	0.000000	
798.700000	-12.030103	4.672378	0.000000	
798.750000	-12.050954	4.658842	0.000000	
798.800000	-12.072042	4.645631	0.000000	
798.850000	-12.093347	4.632728	0.000000	
798.900000	-12.114847	4.620109	0.000000	
798.950000	-12.136514	4.607739	0.000000	
799.000000	-12.158335	4.595609	0.000000	
799.050000	-12.180276	4.583672	0.000000	
799.100000	-12.202319	4.571910	0.000000	
799.150000	-12.224448	4.560301	0.000000	
799.200000	-12.246640	4.548810	0.000000	
799.250000	-12.268887	4.537422	0.000000	
799.300000	-12.291184	4.526131	0.000000	
799.350000	-12.313528	4.514934	0.000000	
799.400000	-12.335916	4.503822	0.000000	
799.450000	-12.358343	4.492791	0.000000	
799.500000	-12.380811	4.481845	0.000000	
799.550000	-12.403322	4.470986	0.000000	
799.600000	-12.425874	4.460216	0.000000	
799.650000	-12.448471	4.449539	0.000000	
799.700000	-12.471124	4.438984	0.000000	
799.750000	-12.493819	4.428519	0.000000	
799.800000	-12.516549	4.418129	0.000000	
799.850000	-12.539305	4.407792	0.000000	
799.900000	-12.562086	4.397512	0.000000	
799.950000	-12.584893	4.387287	0.000000	
800.000000	-12.607729	4.377125	0.000000	
800.050000	-12.630582	4.367002	0.000000	
800.100000	-12.653452	4.356911	0.000000	
800.150000	-12.676331	4.346843	0.000000	
800.200000	-12.699211	4.336775	0.000000	
800.250000	-12.722092	4.326710	0.000000	
800.300000	-12.744969	4.316635	0.000000	
800.350000	-12.767839	4.306547	0.000000	
800.400000	-12.790702	4.296444	0.000000	
800.450000	-12.813564	4.286338	0.000000	
800.500000	-12.836426	4.276231	0.000000	
800.550000	-12.859289	4.266127	0.000000	
800.600000	-12.882147	4.256012	0.000000	
800.650000	-12.904990	4.245864	0.000000	
800.700000	-12.927808	4.235658	0.000000	
800.750000	-12.950592	4.225376	0.000000	
800.800000	-12.973350	4.215036	0.000000	
800.850000	-12.996092	4.204660	0.000000	
800.900000	-13.018819	4.194252	0.000000	
800.950000	-13.041521	4.183787	0.000000	
801.000000	-13.064193	4.173259	0.000000	
801.050000	-13.086832	4.162661	0.000000	
801.100000	-13.109445	4.152006	0.000000	
801.150000	-13.132029	4.141294	0.000000	
801.200000	-13.154576	4.130506	0.000000	
801.250000	-13.177091	4.119655	0.000000	
801.300000	-13.199568	4.108729	0.000000	
801.350000	-13.222021	4.097756	0.000000	
801.400000	-13.244448	4.086731	0.000000	
801.450000	-13.266842	4.075641	0.000000	
801.500000	-13.289196	4.064472	0.000000	
801.550000	-13.311511	4.053222	0.000000	
801.600000	-13.333780	4.041879	0.000000	
801.650000	-13.356004	4.030445	0.000000	
801.700000	-13.378191	4.018939	0.000000	
801.750000	-13.400356	4.007387	0.000000	
801.800000	-13.422504	3.995805	0.000000	
801.850000	-13.444634	3.984184	0.000000	
801.900000	-13.466739	3.972513	0.000000	
801.950000	-13.488825	3.960806	0.000000	
802.000000	-13.510905	3.949084	0.000000	
802.050000	-13.532975	3.937344	0.000000	
802.100000	-13.555038	3.925591	0.000000	
802.150000	-13.577097	3.913829	0.000000	
802.200000	-13.599157	3.902070	0.000000	
802.250000	-13.621225	3.890325	0.000000	
802.300000	-13.643297	3.878587	0.000000	
802.350000	-13.665372	3.866857	0.000000	
802.400000	-13.687453	3.855136	0.000000	
802.450000	-13.709536	3.843419	0.000000	
802.500000	-13.731619	3.831703	0.000000	
802.550000	-13.753701	3.819984	0.000000	
802.600000	-13.775769	3.808241	0.000000	
802.650000	-13.797818	3.796463	0.000000	
802.700000	-13.819858	3.784670	0.000000	
802.750000	-13.841882	3.772847	0.000000	
802.800000	-13.863872	3.760967	0.000000	
802.850000	-13.885828	3.749025	0.000000	
802.900000	-13.907742	3.737008	0.000000	
802.950000	-13.929621	3.724929	0.000000	
803.000000	-13.951468	3.712795	0.000000	
803.050000	-13.973287	3.700607	0.000000	
803.100000	-13.995079	3.688371	0.000000	
803.150000	-14.016835	3.676068	0.000000	
803.200000	-14.038543	3.663684	0.000000	
803.250000	-14.060209	3.651225	0.000000	
803.300000	-14.081831	3.638690	0.000000	
803.350000	-14.103414	3.626086	0.000000	
803.400000	-14.124969	3.613431	0.000000	
803.450000	-14.146488	3.600715	0.000000	
803.500000	-14.167979	3.587949	0.000000	
803.550000	-14.189434	3.575122	0.000000	
803.600000	-14.210866	3.562254	0.000000	
803.650000	-14.232274	3.549346	0.000000	
803.700000	-14.253661	3.536403	0.000000	
803.750000	-14.275030	3.523430	0.000000	
803.800000	-14.296380	3.510426	0.000000	
803.850000	-14.317715	3.497399	0.000000	
803.900000	-14.339040	3.484353	0.000000	
803.950000	-14.360363	3.471306	0.000000	
804.000000	-14.381685	3.458257	0.000000	
804.050000	-14.403003	3.445201	0.000000	
804.100000	-14.424322	3.432145	0.000000	
804.150000	-14.445660	3.419125	0.000000	
804.200000	-14.467048	3.406195	0.000000	
804.250000	-14.488508	3.393402	0.000000	
804.300000	-14.510063	3.380795	0.000000	
804.350000	-14.531731	3.368427	0.000000	
804.400000	-14.553522	3.356327	0.000000	
804.450000	-14.575447	3.344544	0.000000	
804.500000	-14.597516	3.333123	0.000000	
804.550000	-14.619739	3.322118	0.000000	
804.600000	-14.642130	3.311582	0.000000	
804.650000	-14.664688	3.301555	0.000000	
804.700000	-14.687426	3.292101	0.000000	
804.750000	-14.710347	3.283266	0.000000	
804.800000	-14.733446	3.275063	0.000000	
804.850000	-14.756726	3.267530	0.000000	
804.900000	-14.780190	3.260698	0.000000	
804.950000	-14.803833	3.254565	0.000000	
805.000000	-14.827653	3.249131	0.000000	
805.050000	-14.851643	3.244405	0.000000	
805.100000	-14.875799	3.240364	0.000000	
805.150000	-14.900109	3.236987	0.000000	
805.200000	-14.924559	3.234261	0.000000	
805.250000	-14.949129	3.232136	0.000000	
805.300000	-14.973803	3.230592	0.000000	
805.350000	-14.998556	3.229586	0.000000	
805.400000	-15.023369	3.229087	0.000000	
805.450000	-15.048230	3.229061	0.000000	
805.500000	-15.073126	3.229448	0.000000	
805.550000	-15.098042	3.230209	0.000000	
805.600000	-15.122970	3.231277	0.000000	
805.650000	-15.147903	3.232619	0.000000	
805.700000	-15.172836	3.234177	0.000000	
805.750000	-15.197764	3.235916	0.000000	
805.800000	-15.222684	3.237802	0.000000	
805.850000	-15.247597	3.239816	0.000000	
805.900000	-15.272503	3.241927	0.000000	
805.950000	-15.297401	3.244128	0.000000	
806.000000	-15.322293	3.246397	0.000000	
806.050000	-15.347181	3.248717	0.000000	
806.100000	-15.372066	3.251071	0.000000	
806.150000	-15.396946	3.253477	0.000000	
806.200000	-15.421822	3.255940	0.000000	
806.250000	-15.446692	3.258453	0.000000	
806.300000	-15.471557	3.261032	0.000000	
806.350000	-15.496415	3.263680	0.000000	
806.400000	-15.521266	3.266389	0.000000	
806.450000	-15.546109	3.269162	0.000000	
806.500000	-15.570944	3.271997	0.000000	
806.550000	-15.595770	3.274900	0.000000	
806.600000	-15.620588	3.277872	0.000000	
806.650000	-15.645393	3.280938	0.000000	
806.700000	-15.670187	3.284087	0.000000	
806.750000	-15.694969	3.287331	0.000000	
806.800000	-15.719742	3.290640	0.000000	
806.850000	-15.744506	3.294011	0.000000	
806.900000	-15.769262	3.297444	0.000000	
806.950000	-15.794008	3.300946	0.000000	
807.000000	-15.818743	3.304512	0.000000	
807.050000	-15.843466	3.308166	0.000000	
807.100000	-15.868172	3.311929	0.000000	
807.150000	-15.892863	3.315790	0.000000	
807.200000	-15.917539	3.319756	0.000000	
807.250000	-15.942202	3.323805	0.000000	
807.300000	-15.966852	3.327945	0.000000	
807.350000	-15.991488	3.332171	0.000000	
807.400000	-16.016113	3.336461	0.000000	
807.450000	-16.040732	3.340796	0.000000	
807.500000	-16.065347	3.345152	0.000000	
807.550000	-16.089957	3.349539	0.000000	
807.600000	-16.114560	3.353972	0.000000	
807.650000	-16.139156	3.358435	0.000000	
807.700000	-16.163752	3.362907	0.000000	
807.750000	-16.188345	3.367391	0.000000	
807.800000	-16.212936	3.371890	0.000000	
807.850000	-16.237521	3.376419	0.000000	
807.900000	-16.262104	3.380963	0.000000	
807.950000	-16.286687	3.385505	0.000000	
808.000000	-16.311273	3.390026	0.000000	
808.050000	-16.335863	3.394529	0.000000	
808.100000	-16.360459	3.399000	0.000000	
808.150000	-16.385060	3.403439	0.000000	
808.200000	-16.409663	3.407867	0.000000	
808.250000	-16.434273	3.412260	0.000000	
808.300000	-16.458889	3.416618	0.000000	
808.350000	-16.483511	3.420938	0.000000	
808.400000	-16.508142	3.425206	0.000000	
808.450000	-16.532783	3.429415	0.000000	
808.500000	-16.557428	3.433599	0.000000	
808.550000	-16.582076	3.437766	0.000000	
808.600000	-16.606727	3.441912	0.000000	
808.650000	-16.631388	3.446005	0.000000	
808.700000	-16.656058	3.450037	0.000000	
808.750000	-16.680733	3.454036	0.000000	
808.800000	-16.705416	3.457994	0.000000	
808.850000	-16.730103	3.461922	0.000000	
808.900000	-16.754798	3.465807	0.000000	
808.950000	-16.779496	3.469674	0.000000	
809.000000	-16.804192	3.473553	0.000000	
809.050000	-16.828883	3.477459	0.000000	
809.100000	-16.853574	3.481368	0.000000	
809.150000	-16.878265	3.485276	0.000000	
809.200000	-16.902956	3.489181	0.000000	
809.250000	-16.927650	3.493073	0.000000	
809.300000	-16.952343	3.496967	0.000000	
809.350000	-16.977033	3.500883	0.000000	
809.400000	-17.001717	3.504833	0.000000	
809.450000	-17.026390	3.508844	0.000000	
809.500000	-17.051047	3.512946	0.000000	
809.550000	-17.075688	3.517130	0.000000	
809.600000	-17.100317	3.521381	0.000000	
809.650000	-17.124933	3.525699	0.000000	
809.700000	-17.149533	3.530105	0.000000	
809.750000	-17.174116	3.534606	0.000000	
809.800000	-17.198684	3.539190	0.000000	
809.850000	-17.223234	3.543867	0.000000	
809.900000	-17.247770	3.548616	0.000000	
809.950000	-17.272293	3.553442	0.000000	
810.000000	-17.296802	3.558336	0.000000	
810.050000	-17.321303	3.563271	0.000000	
810.100000	-17.345796	3.568247	0.000000	
810.150000	-17.370279	3.573275	0.000000	
810.200000	-17.394752	3.578358	0.000000	
810.250000	-17.419218	3.583477	0.000000	
810.300000	-17.443675	3.588645	0.000000	
810.350000	-17.468123	3.593860	0.000000	
810.400000	-17.492560	3.599133	0.000000	
810.450000	-17.516987	3.604451	0.000000	
810.500000	-17.541411	3.609785	0.000000	
810.550000	-17.565838	3.615102	0.000000	
810.600000	-17.590272	3.620386	0.000000	
810.650000	-17.614711	3.625648	0.000000	
810.700000	-17.639157	3.630876	0.000000	
810.750000	-17.663613	3.636053	0.000000	
810.800000	-17.688079	3.641182	0.000000	
810.850000	-17.712553	3.646270	0.000000	
810.900000	-17.737038	3.651302	0.000000	
810.950000	-17.761533	3.656289	0.000000	
811.000000	-17.786035	3.661240	0.000000	
811.050000	-17.810542	3.666166	0.000000	
811.100000	-17.835052	3.671077	0.000000	
811.150000	-17.859564	3.675977	0.000000	
811.200000	-17.884081	3.680857	0.000000	
811.250000	-17.908603	3.685711	0.000000	
811.300000	-17.933129	3.690543	0.000000	
811.350000	-17.957659	3.695351	0.000000	
811.400000	-17.982196	3.700131	0.000000	
811.450000	-18.006742	3.704863	0.000000	
811.500000	-18.031296	3.709559	0.000000	
811.550000	-18.055854	3.714232	0.000000	
811.600000	-18.080416	3.718888	0.000000	
811.650000	-18.104976	3.723551	0.000000	
811.700000	-18.129532	3.728234	0.000000	
811.750000	-18.154081	3.732956	0.000000	
811.800000	-18.178622	3.737711	0.000000	
811.850000	-18.203156	3.742510	0.000000	
811.900000	-18.227683	3.747338	0.000000	
811.950000	-18.252201	3.752212	0.000000	
812.000000	-18.276710	3.757135	0.000000	
812.050000	-18.301209	3.762100	0.000000	
812.100000	-18.325701	3.767103	0.000000	
812.150000	-18.350186	3.772134	0.000000	
812.200000	-18.374672	3.777166	0.000000	
812.250000	-18.399154	3.782211	0.000000	
812.300000	-18.423634	3.787274	0.000000	
812.350000	-18.448105	3.792376	0.000000	
812.400000	-18.472570	3.797508	0.000000	
812.450000	-18.497030	3.802667	0.000000	
812.500000	-18.521488	3.807841	0.000000	
812.550000	-18.545945	3.813015	0.000000	
812.600000	-18.570404	3.818178	0.000000	
812.650000	-18.594866	3.823328	0.000000	
812.700000	-18.619331	3.828462	0.000000	
812.750000	-18.643800	3.833576	0.000000	
812.800000	-18.668274	3.838665	0.000000	
812.850000	-18.692747	3.843761	0.000000	
812.900000	-18.717222	3.848846	0.000000	
812.950000	-18.741698	3.853927	0.000000	
813.000000	-18.766177	3.858993	0.000000	
813.050000	-18.790662	3.864032	0.000000	
813.100000	-18.815150	3.869060	0.000000	
813.150000	-18.839639	3.874079	0.000000	
813.200000	-18.864129	3.879096	0.000000	
813.250000	-18.888617	3.884124	0.000000	
813.300000	-18.913101	3.889166	0.000000	
813.350000	-18.937581	3.894228	0.000000	
813.400000	-18.962062	3.899290	0.000000	
813.450000	-18.986540	3.904358	0.000000	
813.500000	-19.011013	3.909453	0.000000	
813.550000	-19.035479	3.914582	0.000000	
813.600000	-19.059935	3.919755	0.000000	
813.650000	-19.084377	3.924994	0.000000	
813.700000	-19.108807	3.930294	0.000000	
813.750000	-19.133230	3.935625	0.000000	
813.800000	-19.157650	3.940971	0.000000	
813.850000	-19.182068	3.946329	0.000000	
813.900000	-19.206488	3.951674	0.000000	
813.950000	-19.230909	3.957016	0.000000	
814.000000	-19.255332	3.962350	0.000000	
814.050000	-19.279753	3.967693	0.000000	
814.100000	-19.304168	3.973063	0.000000	
814.150000	-19.328584	3.978429	0.000000	
814.200000	-19.353000	3.983791	0.000000	
814.250000	-19.377420	3.989140	0.000000	
814.300000	-19.401843	3.994474	0.000000	
814.350000	-19.426271	3.999780	0.000000	
814.400000	-19.450707	4.005054	0.000000	
814.450000	-19.475149	4.010294	0.000000	
814.500000	-19.499596	4.015507	0.000000	
814.550000	-19.524055	4.020665	0.000000	
814.600000	-19.548521	4.025793	0.000000	
814.650000	-19.572998	4.030868	0.000000	
814.700000	-19.597485	4.035897	0.000000	
814.750000	-19.621981	4.040882	0.000000	
814.800000	-19.646481	4.045850	0.000000	
814.850000	-19.670983	4.050812	0.000000	
814.900000	-19.695482	4.055783	0.000000	
814.950000	-19.719980	4.060761	0.000000	
815.000000	-19.744475	4.065751	0.000000	
815.050000	-19.768968	4.070754	0.000000	
815.100000	-19.793461	4.075754	0.000000	
815.150000	-19.817960	4.080729	0.000000	
815.200000	-19.842458	4.085707	0.000000	
815.250000	-19.866958	4.090678	0.000000	
815.300000	-19.891455	4.095662	0.000000	
815.350000	-19.915948	4.100664	0.000000	
815.400000	-19.940434	4.105699	0.000000	
815.450000	-19.964909	4.110785	0.000000	
815.500000	-19.989370	4.115933	0.000000	
815.550000	-20.013821	4.121132	0.000000	
815.600000	-20.038255	4.126407	0.000000	
815.650000	-20.062672	4.131755	0.000000	
815.700000	-20.087071	4.137181	0.000000	
815.750000	-20.111455	4.142673	0.000000	
815.800000	-20.135822	4.148243	0.000000	
815.850000	-20.160175	4.153873	0.000000	
815.900000	-20.184518	4.159545	0.000000	
815.950000	-20.208859	4.165230	0.000000	
816.000000	-20.233195	4.170932	0.000000	
816.050000	-20.257527	4.176656	0.000000	
816.100000	-20.281851	4.182413	0.000000	
816.150000	-20.306167	4.188207	0.000000	
816.200000	-20.330474	4.194041	0.000000	
816.250000	-20.354778	4.199889	0.000000	
816.300000	-20.379080	4.205745	0.000000	
816.350000	-20.403379	4.211617	0.000000	
816.400000	-20.427673	4.217506	0.000000	
816.450000	-20.451967	4.223398	0.000000	
816.500000	-20.476266	4.229269	0.000000	
816.550000	-20.500570	4.235114	0.000000	
816.600000	-20.524882	4.240928	0.000000	
816.650000	-20.549201	4.246714	0.000000	
816.700000	-20.573528	4.252465	0.000000	
816.750000	-20.597866	4.258171	0.000000	
816.800000	-20.622215	4.263831	0.000000	
816.850000	-20.646575	4.269445	0.000000	
816.900000	-20.670941	4.275035	0.000000	
816.950000	-20.695306	4.280632	0.000000	
817.000000	-20.719664	4.286253	0.000000	
817.050000	-20.744016	4.291902	0.000000	
817.100000	-20.768363	4.297571	0.000000	
817.150000	-20.792710	4.303239	0.000000	
817.200000	-20.817062	4.308889	0.000000	
817.250000	-20.841419	4.314517	0.000000	
817.300000	-20.865774	4.320152	0.000000	
817.350000	-20.890127	4.325795	0.000000	
817.400000	-20.914483	4.331425	0.000000	
817.450000	-20.938840	4.337053	0.000000	
817.500000	-20.963198	4.342674	0.000000	
817.550000	-20.987555	4.348302	0.000000	
817.600000	-21.011905	4.353959	0.000000	
817.650000	-21.036251	4.359632	0.000000	
817.700000	-21.060594	4.365322	0.000000	
817.750000	-21.084935	4.371019	0.000000	
817.800000	-21.109272	4.376730	0.000000	
817.850000	-21.133611	4.382436	0.000000	
817.900000	-21.157948	4.388152	0.000000	
817.950000	-21.182289	4.393849	0.000000	
818.000000	-21.206636	4.399519	0.000000	
818.050000	-21.230987	4.405172	0.000000	
818.100000	-21.255342	4.410811	0.000000	
818.150000	-21.279697	4.416449	0.000000	
818.200000	-21.304054	4.422082	0.000000	
818.250000	-21.328409	4.427720	0.000000	
818.300000	-21.352762	4.433366	0.000000	
818.350000	-21.377116	4.439009	0.000000	
818.400000	-21.401469	4.444658	0.000000	
818.450000	-21.425818	4.450321	0.000000	
818.500000	-21.450162	4.456007	0.000000	
818.550000	-21.474485	4.461772	0.000000	
818.600000	-21.498775	4.467655	0.000000	
818.650000	-21.523013	4.473700	0.000000	
818.700000	-21.547181	4.479958	0.000000	
818.750000	-21.571249	4.486481	0.000000	
818.800000	-21.595196	4.493315	0.000000	
818.850000	-21.618985	4.500522	0.000000	
818.900000	-21.642577	4.508172	0.000000	
818.950000	-21.665937	4.516300	0.000000	
819.000000	-21.689027	4.524964	0.000000	
819.050000	-21.711818	4.534187	0.000000	
819.100000	-21.734276	4.543993	0.000000	
819.150000	-21.756362	4.554416	0.000000	
819.200000	-21.778039	4.565480	0.000000	
819.250000	-21.799279	4.577215	0.000000	
819.300000	-21.820050	4.589648	0.000000	
819.350000	-21.840334	4.602801	0.000000	
819.400000	-21.860121	4.616674	0.000000	
819.450000	-21.879410	4.631266	0.000000	
819.500000	-21.898192	4.646580	0.000000	
819.550000	-21.916480	4.662591	0.000000	
819.600000	-21.934288	4.679253	0.000000	
819.650000	-21.951634	4.696519	0.000000	
819.700000	-21.968541	4.714331	0.000000	
819.750000	-21.985027	4.732646	0.000000	
819.800000	-22.001137	4.751392	0.000000	
819.850000	-22.016905	4.770518	0.000000	
819.900000	-22.032365	4.789970	0.000000	
819.950000	-22.047556	4.809691	0.000000	
820.000000	-22.062519	4.829629	0.000000	
820.050000	-22.077288	4.849744	0.000000	
820.100000	-22.091897	4.869999	0.000000	
820.150000	-22.106384	4.890358	0.000000	
820.200000	-22.120780	4.910788	0.000000	
820.250000	-22.135132	4.931252	0.000000	
820.300000	-22.149459	4.951735	0.000000	
820.350000	-22.163793	4.972213	0.000000	
820.400000	-22.178160	4.992666	0.000000	
820.450000	-22.192582	5.013082	0.000000	
820.500000	-22.207068	5.033451	0.000000	
820.550000	-22.221621	5.053772	0.000000	
820.600000	-22.236234	5.074052	0.000000	
820.650000	-22.250891	5.094301	0.000000	
820.700000	-22.265594	5.114517	0.000000	
820.750000	-22.280338	5.134704	0.000000	
820.800000	-22.295124	5.154860	0.000000	
820.850000	-22.309931	5.175002	0.000000	
820.900000	-22.324757	5.195131	0.000000	
820.950000	-22.339604	5.215243	0.000000	
821.000000	-22.354476	5.235338	0.000000	
821.050000	-22.369354	5.255427	0.000000	
821.100000	-22.384228	5.275520	0.000000	
821.150000	-22.399092	5.295619	0.000000	
821.200000	-22.413939	5.315731	0.000000	
821.250000	-22.428786	5.335843	0.000000	
821.300000	-22.443636	5.355954	0.000000	
821.350000	-22.458495	5.376057	0.000000	
821.400000	-22.473351	5.396162	0.000000	
821.450000	-22.488193	5.416278	0.000000	
821.500000	-22.503021	5.436404	0.000000	
821.550000	-22.517823	5.456549	0.000000	
821.600000	-22.532610	5.476706	0.000000	
821.650000	-22.547389	5.496868	0.000000	
821.700000	-22.562178	5.517023	0.000000	
821.750000	-22.576973	5.537174	0.000000	
821.800000	-22.591771	5.557323	0.000000	
821.850000	-22.606557	5.577480	0.000000	
821.900000	-22.621346	5.597635	0.000000	
821.950000	-22.636114	5.617805	0.000000	
822.000000	-22.650863	5.637990	0.000000	
822.050000	-22.665594	5.658188	0.000000	
822.100000	-22.680327	5.678384	0.000000	
822.150000	-22.695073	5.698571	0.000000	
822.200000	-22.709835	5.718746	0.000000	
822.250000	-22.724633	5.738896	0.000000	
822.300000	-22.739457	5.759025	0.000000	
822.350000	-22.754304	5.779138	0.000000	
822.400000	-22.769181	5.799227	0.000000	
822.450000	-22.784097	5.819287	0.000000	
822.500000	-22.799061	5.839311	0.000000	
822.550000	-22.814049	5.859317	0.000000	
822.600000	-22.829077	5.879293	0.000000	
822.650000	-22.844133	5.899247	0.000000	
822.700000	-22.859221	5.919177	0.000000	
822.750000	-22.874344	5.939080	0.000000	
822.800000	-22.889490	5.958964	0.000000	
822.850000	-22.904678	5.978816	0.000000	
822.900000	-22.919930	5.998618	0.000000	
822.950000	-22.935245	6.018370	0.000000	
823.000000	-22.950643	6.038057	0.000000	
823.050000	-22.966130	6.057674	0.000000	
823.100000	-22.981709	6.077215	0.000000	
823.150000	-22.997366	6.096694	0.000000	
823.200000	-23.013110	6.116102	0.000000	
823.250000	-23.028939	6.135440	0.000000	
823.300000	-23.044832	6.154726	0.000000	
823.350000	-23.060780	6.173968	0.000000	
823.400000	-23.076782	6.193165	0.000000	
823.450000	-23.092820	6.212332	0.000000	
823.500000	-23.108892	6.231472	0.000000	
823.550000	-23.124985	6.250595	0.000000	
823.600000	-23.141099	6.269702	0.000000	
823.650000	-23.157223	6.288800	0.000000	
823.700000	-23.173355	6.307892	0.000000	
823.750000	-23.189478	6.326991	0.000000	
823.800000	-23.205588	6.346101	0.000000	
823.850000	-23.221704	6.365206	0.000000	
823.900000	-23.237821	6.384310	0.000000	
823.950000	-23.253916	6.403432	0.000000	
824.000000	-23.269992	6.422569	0.000000	
824.050000	-23.286058	6.441715	0.000000	
824.100000	-23.302104	6.460879	0.000000	
824.150000	-23.318109	6.480077	0.000000	
824.200000	-23.334090	6.499296	0.000000	
824.250000	-23.350031	6.518550	0.000000	
824.300000	-23.365921	6.537846	0.000000	
824.350000	-23.381779	6.557170	0.000000	
824.400000	-23.397614	6.576513	0.000000	
824.450000	-23.413414	6.595886	0.000000	
824.500000	-23.429183	6.615283	0.000000	
824.550000	-23.444930	6.634699	0.000000	
824.600000	-23.460662	6.654127	0.000000	
824.650000	-23.476381	6.673565	0.000000	
824.700000	-23.492099	6.693005	0.000000	
824.750000	-23.507832	6.712432	0.000000	
824.800000	-23.523584	6.731845	0.000000	
824.850000	-23.539333	6.751259	0.000000	
824.900000	-23.555067	6.770685	0.000000	
824.950000	-23.570788	6.790122	0.000000	
825.000000	-23.586511	6.809557	0.000000	
825.050000	-23.602217	6.829006	0.000000	
825.100000	-23.617890	6.848481	0.000000	
825.150000	-23.633533	6.867981	0.000000	
825.200000	-23.649161	6.887493	0.000000	
825.250000	-23.664755	6.907032	0.000000	
825.300000	-23.680339	6.926579	0.000000	
825.350000	-23.695926	6.946123	0.000000	
825.400000	-23.711501	6.965678	0.000000	
825.450000	-23.727066	6.985241	0.000000	
825.500000	-23.742630	7.004804	0.000000	
825.550000	-23.758197	7.024365	0.000000	
825.600000	-23.773756	7.043932	0.000000	
825.650000	-23.789310	7.063504	0.000000	
825.700000	-23.804860	7.083078	0.000000	
825.750000	-23.820400	7.102661	0.000000	
825.800000	-23.835928	7.122252	0.000000	
825.850000	-23.851458	7.141844	0.000000	
825.900000	-23.867001	7.161423	0.000000	
825.950000	-23.882572	7.180981	0.000000	
826.000000	-23.898156	7.200528	0.000000	
826.050000	-23.913734	7.220080	0.000000	
826.100000	-23.929321	7.239625	0.000000	
826.150000	-23.944909	7.259170	0.000000	
826.200000	-23.960479	7.278728	0.000000	
826.250000	-23.976033	7.298298	0.000000	
826.300000	-23.991596	7.317861	0.000000	
826.350000	-24.007156	7.337427	0.000000	
826.400000	-24.022706	7.357001	0.000000	
826.450000	-24.038260	7.376572	0.000000	
826.500000	-24.053808	7.396148	0.000000	
826.550000	-24.069335	7.415739	0.000000	
826.600000	-24.084820	7.435364	0.000000	
826.650000	-24.100243	7.455033	0.000000	
826.700000	-24.115572	7.474771	0.000000	
826.750000	-24.130788	7.494587	0.000000	
826.800000	-24.145868	7.514495	0.000000	
826.850000	-24.160756	7.534529	0.000000	
826.900000	-24.175414	7.554710	0.000000	
826.950000	-24.189790	7.575061	0.000000	
827.000000	-24.203830	7.595607	0.000000	
827.050000	-24.217496	7.616360	0.000000	
827.100000	-24.230774	7.637317	0.000000	
827.150000	-24.243616	7.658493	0.000000	
827.200000	-24.256015	7.679885	0.000000	
827.250000	-24.267957	7.701488	0.000000	
827.300000	-24.279415	7.723313	0.000000	
827.350000	-24.290371	7.745372	0.000000	
827.400000	-24.300828	7.767663	0.000000	
827.450000	-24.310768	7.790191	0.000000	
827.500000	-24.320173	7.812960	0.000000	
827.550000	-24.329040	7.835969	0.000000	
827.600000	-24.337380	7.859207	0.000000	
827.650000	-24.345208	7.882659	0.000000	
827.700000	-24.352559	7.906305	0.000000	
827.750000	-24.359458	7.930126	0.000000	
827.800000	-24.365932	7.954105	0.000000	
827.850000	-24.371994	7.978231	0.000000	
827.900000	-24.377685	8.002480	0.000000	
827.950000	-24.383061	8.026831	0.000000	
828.000000	-24.388159	8.051263	0.000000	
828.050000	-24.393030	8.075756	0.000000	
828.100000	-24.397710	8.100296	0.000000	
828.150000	-24.402244	8.124871	0.000000	
828.200000	-24.406690	8.149466	0.000000	
828.250000	-24.411074	8.174074	0.000000	
828.300000	-24.415428	8.198689	0.000000	
828.350000	-24.419756	8.223309	0.000000	
828.400000	-24.424046	8.247936	0.000000	
828.450000	-24.428288	8.272572	0.000000	
828.500000	-24.432518	8.297210	0.000000	
828.550000	-24.436751	8.321848	0.000000	
828.600000	-24.440990	8.346484	0.000000	
828.650000	-24.445230	8.371121	0.000000	
828.700000	-24.449476	8.395756	0.000000	
828.750000	-24.453705	8.420395	0.000000	
828.800000	-24.457935	8.445033	0.000000	
828.850000	-24.462154	8.469672	0.000000	
828.900000	-24.466373	8.494312	0.000000	
828.950000	-24.470595	8.518951	0.000000	
829.000000	-24.474798	8.543594	0.000000	
829.050000	-24.478987	8.568238	0.000000	
829.100000	-24.483165	8.592885	0.000000	
829.150000	-24.487341	8.617532	0.000000	
829.200000	-24.491501	8.642181	0.000000	
829.250000	-24.495618	8.666837	0.000000	
829.300000	-24.499684	8.691503	0.000000	
829.350000	-24.503683	8.716179	0.000000	
829.400000	-24.507636	8.740863	0.000000	
829.450000	-24.511546	8.765554	0.000000	
829.500000	-24.515415	8.790250	0.000000	
829.550000	-24.519222	8.814956	0.000000	
829.600000	-24.522979	8.839670	0.000000	
829.650000	-24.526691	8.864391	0.000000	
829.700000	-24.530370	8.889117	0.000000	
829.750000	-24.534009	8.913849	0.000000	
829.800000	-24.537614	8.938586	0.000000	
829.850000	-24.541171	8.963330	0.000000	
829.900000	-24.544684	8.988079	0.000000	
829.950000	-24.548140	9.012837	0.000000	
830.000000	-24.551530	9.037603	0.000000	
830.050000	-24.554857	9.062377	0.000000	
830.100000	-24.558119	9.087160	0.000000	
830.150000	-24.561318	9.111950	0.000000	
830.200000	-24.564463	9.136748	0.000000	
830.250000	-24.567537	9.161555	0.000000	
830.300000	-24.570547	9.186369	0.000000	
830.350000	-24.573489	9.211192	0.000000	
830.400000	-24.576376	9.236021	0.000000	
830.450000	-24.579212	9.260857	0.000000	
830.500000	-24.582026	9.285695	0.000000	
830.550000	-24.584815	9.310536	0.000000	
830.600000	-24.587591	9.335378	0.000000	
830.650000	-24.590353	9.360223	0.000000	
830.700000	-24.593093	9.385070	0.000000	
830.750000	-24.595813	9.409920	0.000000	
830.800000	-24.598517	9.434771	0.000000	
830.850000	-24.601210	9.459624	0.000000	
830.900000	-24.603909	9.484477	0.000000	
830.950000	-24.606601	9.509330	0.000000	
831.000000	-24.609312	9.534181	0.000000	
831.050000	-24.612057	9.559028	0.000000	
831.100000	-24.614847	9.583869	0.000000	
831.150000	-24.617685	9.608705	0.000000	
831.200000	-24.620542	9.633539	0.000000	
831.250000	-24.623417	9.658371	0.000000	
831.300000	-24.626339	9.683197	0.000000	
831.350000	-24.629307	9.708018	0.000000	
831.400000	-24.632308	9.732835	0.000000	
831.450000	-24.635344	9.757649	0.000000	
831.500000	-24.638414	9.782459	0.000000	
831.550000	-24.641492	9.807268	0.000000	
831.600000	-24.644575	9.832076	0.000000	
831.650000	-24.647656	9.856885	0.000000	
831.700000	-24.650711	9.881696	0.000000	
831.750000	-24.653726	9.906512	0.000000	
831.800000	-24.656693	9.931332	0.000000	
831.850000	-24.659616	9.956157	0.000000	
831.900000	-24.662509	9.980985	0.000000	
831.950000	-24.665356	10.005818	0.000000	
832.000000	-24.668162	10.030655	0.000000	
832.050000	-24.670916	10.055497	0.000000	
832.100000	-24.673627	10.080344	0.000000	
832.150000	-24.676273	10.105199	0.000000	
832.200000	-24.678854	10.130061	0.000000	
832.250000	-24.681390	10.154927	0.000000	
832.300000	-24.683867	10.179799	0.000000	
832.350000	-24.686259	10.204680	0.000000	
832.400000	-24.688586	10.229567	0.000000	
832.450000	-24.690862	10.254460	0.000000	
832.500000	-24.693093	10.279357	0.000000	
832.550000	-24.695263	10.304261	0.000000	
832.600000	-24.697398	10.329168	0.000000	
832.650000	-24.699521	10.354076	0.000000	
832.700000	-24.701633	10.378986	0.000000	
832.750000	-24.703738	10.403896	0.000000	
832.800000	-24.705856	10.428805	0.000000	
832.850000	-24.707981	10.453714	0.000000	
832.900000	-24.710117	10.478621	0.000000	
832.950000	-24.712250	10.503529	0.000000	
833.000000	-24.714375	10.528437	0.000000	
833.050000	-24.716489	10.553347	0.000000	
833.100000	-24.718606	10.578256	0.000000	
833.150000	-24.720697	10.603167	0.000000	
833.200000	-24.722775	10.628079	0.000000	
833.250000	-24.724844	10.652992	0.000000	
833.300000	-24.726900	10.677906	0.000000	
833.350000	-24.728946	10.702821	0.000000	
833.400000	-24.731001	10.727735	0.000000	
833.450000	-24.733057	10.752649	0.000000	
833.500000	-24.735105	10.777564	0.000000	
833.550000	-24.737123	10.802480	0.000000	
833.600000	-24.739116	10.827399	0.000000	
833.650000	-24.741086	10.852319	0.000000	
833.700000	-24.743034	10.877241	0.000000	
833.750000	-24.744972	10.902164	0.000000	
833.800000	-24.746898	10.927088	0.000000	
833.850000	-24.748802	10.952014	0.000000	
833.900000	-24.750704	10.976941	0.000000	
833.950000	-24.752587	11.001869	0.000000	
834.000000	-24.754469	11.026797	0.000000	
834.050000	-24.756341	11.051726	0.000000	
834.100000	-24.758215	11.076654	0.000000	
834.150000	-24.760073	11.101584	0.000000	
834.200000	-24.761915	11.126515	0.000000	
834.250000	-24.763745	11.151447	0.000000	
834.300000	-24.765579	11.176378	0.000000	
834.350000	-24.767432	11.201308	0.000000	
834.400000	-24.769312	11.226236	0.000000	
834.450000	-24.771196	11.251164	0.000000	
834.500000	-24.773089	11.276091	0.000000	
834.550000	-24.774995	11.301017	0.000000	
834.600000	-24.776923	11.325941	0.000000	
834.650000	-24.778883	11.350863	0.000000	
834.700000	-24.780850	11.375785	0.000000	
834.750000	-24.782824	11.400706	0.000000	
834.800000	-24.784802	11.425627	0.000000	
834.850000	-24.786812	11.450544	0.000000	
834.900000	-24.788874	11.475457	0.000000	
834.950000	-24.790966	11.500366	0.000000	
835.000000	-24.793117	11.525270	0.000000	
835.050000	-24.795328	11.550167	0.000000	
835.100000	-24.797604	11.575057	0.000000	
835.150000	-24.799932	11.599942	0.000000	
835.200000	-24.802309	11.624823	0.000000	
835.250000	-24.804733	11.649700	0.000000	
835.300000	-24.807211	11.674572	0.000000	
835.350000	-24.809721	11.699442	0.000000	
835.400000	-24.812260	11.724309	0.000000	
835.450000	-24.814838	11.749171	0.000000	
835.500000	-24.817481	11.774027	0.000000	
835.550000	-24.820194	11.798874	0.000000	
835.600000	-24.822970	11.823715	0.000000	
835.650000	-24.825823	11.848547	0.000000	
835.700000	-24.828740	11.873373	0.000000	
835.750000	-24.831741	11.898189	0.000000	
835.800000	-24.834801	11.922998	0.000000	
835.850000	-24.837903	11.947802	0.000000	
835.900000	-24.841030	11.972603	0.000000	
835.950000	-24.844144	11.997406	0.000000	
836.000000	-24.847248	12.022210	0.000000	
836.050000	-24.850307	12.047019	0.000000	
836.100000	-24.853282	12.071836	0.000000	
836.150000	-24.856126	12.096663	0.000000	
836.200000	-24.858792	12.121497	0.000000	
836.250000	-24.861224	12.146335	0.000000	
836.300000	-24.863395	12.171169	0.000000	
836.350000	-24.865242	12.195995	0.000000	
836.400000	-24.866738	12.220805	0.000000	
836.450000	-24.867815	12.245587	0.000000	
836.500000	-24.868403	12.270327	0.000000	
836.550000	-24.868459	12.295018	0.000000	
836.600000	-24.867942	12.319651	0.000000	
836.650000	-24.866818	12.344207	0.000000	
836.700000	-24.865054	12.368676	0.000000	
836.750000	-24.862637	12.393051	0.000000	
836.800000	-24.859546	12.417328	0.000000	
836.850000	-24.855762	12.441493	0.000000	
836.900000	-24.851273	12.465538	0.000000	
836.950000	-24.846074	12.489453	0.000000	
837.000000	-24.840176	12.513232	0.000000	
837.050000	-24.833578	12.536869	0.000000	
837.100000	-24.826306	12.560364	0.000000	
837.150000	-24.818396	12.583721	0.000000	
837.200000	-24.809907	12.606939	0.000000	
837.250000	-24.800912	12.630027	0.000000	
837.300000	-24.791480	12.652990	0.000000	
837.350000	-24.781658	12.675835	0.000000	
837.400000	-24.771489	12.698568	0.000000	
837.450000	-24.761026	12.721201	0.000000	
837.500000	-24.750332	12.743750	0.000000	
837.550000	-24.739479	12.766238	0.000000	
837.600000	-24.728507	12.788680	0.000000	
837.650000	-24.717429	12.811078	0.000000	
837.700000	-24.706282	12.833446	0.000000	
837.750000	-24.695081	12.855788	0.000000	
837.800000	-24.683835	12.878109	0.000000	
837.850000	-24.672564	12.900418	0.000000	
837.900000	-24.661304	12.922732	0.000000	
837.950000	-24.650081	12.945065	0.000000	
838.000000	-24.638892	12.967415	0.000000	
838.050000	-24.627746	12.989787	0.000000	
838.100000	-24.616669	13.012194	0.000000	
838.150000	-24.605661	13.034637	0.000000	
838.200000	-24.594704	13.057105	0.000000	
838.250000	-24.583796	13.079597	0.000000	
838.300000	-24.572926	13.102109	0.000000	
838.350000	-24.562100	13.124641	0.000000	
838.400000	-24.551297	13.147185	0.000000	
838.450000	-24.540514	13.169738	0.000000	
838.500000	-24.529728	13.192290	0.000000	
838.550000	-24.518927	13.214835	0.000000	
838.600000	-24.508099	13.237367	0.000000	
838.650000	-24.497231	13.259880	0.000000	
838.700000	-24.486325	13.282373	0.000000	
838.750000	-24.475380	13.304848	0.000000	
838.800000	-24.464400	13.327304	0.000000	
838.850000	-24.453378	13.349738	0.000000	
838.900000	-24.442299	13.372141	0.000000	
838.950000	-24.431155	13.394511	0.000000	
839.000000	-24.419946	13.416849	0.000000	
839.050000	-24.408697	13.439165	0.000000	
839.100000	-24.397395	13.461454	0.000000	
839.150000	-24.386040	13.483716	0.000000	
839.200000	-24.374628	13.505950	0.000000	
839.250000	-24.363164	13.528158	0.000000	
839.300000	-24.351661	13.550346	0.000000	
839.350000	-24.340125	13.572518	0.000000	
839.400000	-24.328564	13.594679	0.000000	
839.450000	-24.316989	13.616832	0.000000	
839.500000	-24.305394	13.638976	0.000000	
839.550000	-24.293796	13.661118	0.000000	
839.600000	-24.282188	13.683255	0.000000	
839.650000	-24.270569	13.705387	0.000000	
839.700000	-24.258930	13.727508	0.000000	
839.750000	-24.247278	13.749623	0.000000	
839.800000	-24.235609	13.771728	0.000000	
839.850000	-24.223930	13.793828	0.000000	
839.900000	-24.212248	13.815926	0.000000	
839.950000	-24.200580	13.838033	0.000000	
840.000000	-24.188926	13.860146	0.000000	
840.050000	-24.177270	13.882259	0.000000	
840.100000	-24.165593	13.904360	0.000000	
840.150000	-24.153908	13.926457	0.000000	
840.200000	-24.142195	13.948538	0.000000	
840.250000	-24.130452	13.970603	0.000000	
840.300000	-24.118692	13.992658	0.000000	
840.350000	-24.106891	14.014691	0.000000	
840.400000	-24.095031	14.036692	0.000000	
840.450000	-24.083083	14.058646	0.000000	
840.500000	-24.071040	14.080547	0.000000	
840.550000	-24.058908	14.102399	0.000000	
840.600000	-24.046666	14.124188	0.000000	
840.650000	-24.034323	14.145919	0.000000	
840.700000	-24.021864	14.167582	0.000000	
840.750000	-24.009313	14.189191	0.000000	
840.800000	-23.996683	14.210755	0.000000	
840.850000	-23.983984	14.232278	0.000000	
840.900000	-23.971217	14.253760	0.000000	
840.950000	-23.958398	14.275211	0.000000	
841.000000	-23.945514	14.296625	0.000000	
841.050000	-23.932560	14.317997	0.000000	
841.100000	-23.919553	14.339339	0.000000	
841.150000	-23.906518	14.360664	0.000000	
841.200000	-23.893455	14.381973	0.000000	
841.250000	-23.880366	14.403266	0.000000	
841.300000	-23.867249	14.424543	0.000000	
841.350000	-23.854095	14.445799	0.000000	
841.400000	-23.840919	14.467042	0.000000	
841.450000	-23.827719	14.488270	0.000000	
841.500000	-23.814497	14.509485	0.000000	
841.550000	-23.801259	14.530691	0.000000	
841.600000	-23.788011	14.551889	0.000000	
841.650000	-23.774756	14.573084	0.000000	
841.700000	-23.761496	14.594274	0.000000	
841.750000	-23.748244	14.615471	0.000000	
841.800000	-23.734995	14.636669	0.000000	
841.850000	-23.721739	14.657863	0.000000	
841.900000	-23.708485	14.679058	0.000000	
841.950000	-23.695240	14.700259	0.000000	
842.000000	-23.682009	14.721468	0.000000	
842.050000	-23.668790	14.742685	0.000000	
842.100000	-23.655574	14.763904	0.000000	
842.150000	-23.642362	14.785125	0.000000	
842.200000	-23.629152	14.806348	0.000000	
842.250000	-23.615949	14.827574	0.000000	
842.300000	-23.602744	14.848800	0.000000	
842.350000	-23.589540	14.870026	0.000000	
842.400000	-23.576321	14.891243	0.000000	
842.450000	-23.563077	14.912444	0.000000	
842.500000	-23.549832	14.933645	0.000000	
842.550000	-23.536591	14.954848	0.000000	
842.600000	-23.523354	14.976054	0.000000	
842.650000	-23.510124	14.997264	0.000000	
842.700000	-23.496911	15.018485	0.000000	
842.750000	-23.483723	15.039723	0.000000	
842.800000	-23.470569	15.060981	0.000000	
842.850000	-23.457441	15.082255	0.000000	
842.900000	-23.444353	15.103554	0.000000	
842.950000	-23.431290	15.124869	0.000000	
843.000000	-23.418230	15.146185	0.000000	
843.050000	-23.405160	15.167496	0.000000	
843.100000	-23.392088	15.188804	0.000000	
843.150000	-23.379016	15.210113	0.000000	
843.200000	-23.365935	15.231417	0.000000	
843.250000	-23.352822	15.252701	0.000000	
843.300000	-23.339682	15.273968	0.000000	
843.350000	-23.326524	15.295224	0.000000	
843.400000	-23.313336	15.316461	0.000000	
843.450000	-23.300121	15.337681	0.000000	
843.500000	-23.286884	15.358887	0.000000	
843.550000	-23.273596	15.380059	0.000000	
843.600000	-23.260277	15.401212	0.000000	
843.650000	-23.246928	15.422345	0.000000	
843.700000	-23.233557	15.443465	0.000000	
843.750000	-23.220161	15.464568	0.000000	
843.800000	-23.206725	15.485645	0.000000	
843.850000	-23.193248	15.506697	0.000000	
843.900000	-23.179719	15.527715	0.000000	
843.950000	-23.166112	15.548683	0.000000	
844.000000	-23.152453	15.569618	0.000000	
844.050000	-23.138749	15.590524	0.000000	
844.100000	-23.125003	15.611401	0.000000	
844.150000	-23.111197	15.632240	0.000000	
844.200000	-23.097350	15.653051	0.000000	
844.250000	-23.083457	15.673832	0.000000	
844.300000	-23.069540	15.694598	0.000000	
844.350000	-23.055585	15.715339	0.000000	
844.400000	-23.041593	15.736055	0.000000	
844.450000	-23.027587	15.756762	0.000000	
844.500000	-23.013569	15.777461	0.000000	
844.550000	-22.999541	15.798153	0.000000	
844.600000	-22.985523	15.818852	0.000000	
844.650000	-22.971493	15.839543	0.000000	
844.700000	-22.957467	15.860237	0.000000	
844.750000	-22.943447	15.880934	0.000000	
844.800000	-22.929445	15.901643	0.000000	
844.850000	-22.915479	15.922375	0.000000	
844.900000	-22.901525	15.943116	0.000000	
844.950000	-22.887607	15.963880	0.000000	
845.000000	-22.873742	15.984678	0.000000	
845.050000	-22.859920	16.005505	0.000000	
845.100000	-22.846152	16.026366	0.000000	
845.150000	-22.832448	16.047269	0.000000	
845.200000	-22.818812	16.068215	0.000000	
845.250000	-22.805222	16.089192	0.000000	
845.300000	-22.791676	16.110198	0.000000	
845.350000	-22.778165	16.131226	0.000000	
845.400000	-22.764709	16.152290	0.000000	
845.450000	-22.751296	16.173382	0.000000	
845.500000	-22.737908	16.194490	0.000000	
845.550000	-22.724570	16.215631	0.000000	
845.600000	-22.711276	16.236800	0.000000	
845.650000	-22.698032	16.258001	0.000000	
845.700000	-22.684851	16.279241	0.000000	
845.750000	-22.671710	16.300507	0.000000	
845.800000	-22.658609	16.321798	0.000000	
845.850000	-22.645553	16.343116	0.000000	
845.900000	-22.632536	16.364458	0.000000	
845.950000	-22.619571	16.385830	0.000000	
846.000000	-22.606646	16.407227	0.000000	
846.050000	-22.593747	16.428640	0.000000	
846.100000	-22.580884	16.450073	0.000000	
846.150000	-22.568062	16.471531	0.000000	
846.200000	-22.555272	16.493007	0.000000	
846.250000	-22.542527	16.514509	0.000000	
846.300000	-22.529842	16.536046	0.000000	
846.350000	-22.517231	16.557626	0.000000	
846.400000	-22.504677	16.579239	0.000000	
846.450000	-22.492169	16.600879	0.000000	
846.500000	-22.479705	16.622545	0.000000	
846.550000	-22.467287	16.644238	0.000000	
846.600000	-22.454902	16.665951	0.000000	
846.650000	-22.442555	16.687687	0.000000	
846.700000	-22.430247	16.709444	0.000000	
846.750000	-22.417969	16.731219	0.000000	
846.800000	-22.405736	16.753020	0.000000	
846.850000	-22.393509	16.774824	0.000000	
846.900000	-22.381269	16.796621	0.000000	
846.950000	-22.368977	16.818386	0.000000	
847.000000	-22.356595	16.840095	0.000000	
847.050000	-22.344088	16.861721	0.000000	
847.100000	-22.331432	16.883243	0.000000	
847.150000	-22.318584	16.904629	0.000000	
847.200000	-22.305499	16.925842	0.000000	
847.250000	-22.292130	16.946838	0.000000	
847.300000	-22.278441	16.967577	0.000000	
847.350000	-22.264384	16.988005	0.000000	
847.400000	-22.249924	17.008084	0.000000	
847.450000	-22.235046	17.027778	0.000000	
847.500000	-22.219720	17.047042	0.000000	
847.550000	-22.203946	17.065860	0.000000	
847.600000	-22.187714	17.084211	0.000000	
847.650000	-22.171012	17.102073	0.000000	
847.700000	-22.153826	17.119421	0.000000	
847.750000	-22.136128	17.136217	0.000000	
847.800000	-22.117922	17.152460	0.000000	
847.850000	-22.099202	17.168141	0.000000	
847.900000	-22.079982	17.183254	0.000000	
847.950000	-22.060264	17.197788	0.000000	
848.000000	-22.040083	17.211762	0.000000	
848.050000	-22.019481	17.225209	0.000000	
848.100000	-21.998498	17.238165	0.000000	
848.150000	-21.977168	17.250658	0.000000	
848.200000	-21.955529	17.262730	0.000000	
848.250000	-21.933608	17.274394	0.000000	
848.300000	-21.911448	17.285698	0.000000	
848.350000	-21.889081	17.296668	0.000000	
848.400000	-21.866556	17.307371	0.000000	
848.450000	-21.843900	17.317846	0.000000	
848.500000	-21.821145	17.328140	0.000000	
848.550000	-21.798326	17.338312	0.000000	
848.600000	-21.775455	17.348380	0.000000	
848.650000	-21.752548	17.358378	0.000000	
848.700000	-21.729624	17.368341	0.000000	
848.750000	-21.706694	17.378291	0.000000	
848.800000	-21.683771	17.388256	0.000000	
848.850000	-21.660860	17.398248	0.000000	
848.900000	-21.637969	17.408283	0.000000	
848.950000	-21.615110	17.418387	0.000000	
849.000000	-21.592293	17.428584	0.000000	
849.050000	-21.569522	17.438881	0.000000	
849.100000	-21.546791	17.449268	0.000000	
849.150000	-21.524099	17.459737	0.000000	
849.200000	-21.501442	17.470283	0.000000	
849.250000	-21.478820	17.480902	0.000000	
849.300000	-21.456233	17.491596	0.000000	
849.350000	-21.433675	17.502354	0.000000	
849.400000	-21.411155	17.513195	0.000000	
849.450000	-21.388660	17.524089	0.000000	
849.500000	-21.366187	17.535033	0.000000	
849.550000	-21.343739	17.546031	0.000000	
849.600000	-21.321312	17.557070	0.000000	
849.650000	-21.298905	17.568153	0.000000	
849.700000	-21.276519	17.579280	0.000000	
849.750000	-21.254147	17.590434	0.000000	
849.800000	-21.231785	17.601610	0.000000	
849.850000	-21.209433	17.612807	0.000000	
849.900000	-21.187086	17.624012	0.000000	
849.950000	-21.164737	17.635214	0.000000	
850.000000	-21.142378	17.646397	0.000000	
850.050000	-21.120011	17.657562	0.000000	
850.100000	-21.097631	17.668700	0.000000	
850.150000	-21.075241	17.679821	0.000000	
850.200000	-21.052843	17.690923	0.000000	
850.250000	-21.030436	17.702008	0.000000	
850.300000	-21.008017	17.713069	0.000000	
850.350000	-20.985598	17.724131	0.000000	
850.400000	-20.963177	17.735189	0.000000	
850.450000	-20.940743	17.746220	0.000000	
850.500000	-20.918309	17.757252	0.000000	
850.550000	-20.895873	17.768278	0.000000	
850.600000	-20.873430	17.779289	0.000000	
850.650000	-20.850976	17.790280	0.000000	
850.700000	-20.828514	17.801253	0.000000	
850.750000	-20.806031	17.812185	0.000000	
850.800000	-20.783532	17.823081	0.000000	
850.850000	-20.761024	17.833961	0.000000	
850.900000	-20.738514	17.844835	0.000000	
850.950000	-20.716003	17.855708	0.000000	
851.000000	-20.693495	17.866587	0.000000	
851.050000	-20.670993	17.877479	0.000000	
851.100000	-20.648499	17.888388	0.000000	
851.150000	-20.626019	17.899324	0.000000	
851.200000	-20.603546	17.910274	0.000000	
851.250000	-20.581079	17.921235	0.000000	
851.300000	-20.558614	17.932202	0.000000	
851.350000	-20.536148	17.943165	0.000000	
851.400000	-20.513672	17.954110	0.000000	
851.450000	-20.491188	17.965037	0.000000	
851.500000	-20.468695	17.975946	0.000000	
851.550000	-20.446188	17.986824	0.000000	
851.600000	-20.423671	17.997681	0.000000	
851.650000	-20.401145	18.008519	0.000000	
851.700000	-20.378613	18.019344	0.000000	
851.750000	-20.356075	18.030156	0.000000	
851.800000	-20.333531	18.040954	0.000000	
851.850000	-20.310974	18.051724	0.000000	
851.900000	-20.288397	18.062452	0.000000	
851.950000	-20.265791	18.073114	0.000000	
852.000000	-20.243161	18.083722	0.000000	
852.050000	-20.220506	18.094280	0.000000	
852.100000	-20.197824	18.104776	0.000000	
852.150000	-20.175105	18.115192	0.000000	
852.200000	-20.152342	18.125512	0.000000	
852.250000	-20.129535	18.135734	0.000000	
852.300000	-20.106685	18.145860	0.000000	
852.350000	-20.083799	18.155904	0.000000	
852.400000	-20.060877	18.165869	0.000000	
852.450000	-20.037930	18.175776	0.000000	
852.500000	-20.014957	18.185627	0.000000	
852.550000	-19.991969	18.195440	0.000000	
852.600000	-19.968965	18.205218	0.000000	
852.650000	-19.945940	18.214949	0.000000	
852.700000	-19.922890	18.224618	0.000000	
852.750000	-19.899812	18.234224	0.000000	
852.800000	-19.876708	18.243768	0.000000	
852.850000	-19.853581	18.253257	0.000000	
852.900000	-19.830428	18.262683	0.000000	
852.950000	-19.807250	18.272045	0.000000	
853.000000	-19.784049	18.281346	0.000000	
853.050000	-19.760826	18.290593	0.000000	
853.100000	-19.737578	18.299780	0.000000	
853.150000	-19.714316	18.308930	0.000000	
853.200000	-19.691037	18.318037	0.000000	
853.250000	-19.667752	18.327129	0.000000	
853.300000	-19.644465	18.336215	0.000000	
853.350000	-19.621171	18.345283	0.000000	
853.400000	-19.597863	18.354317	0.000000	
853.450000	-19.574541	18.363314	0.000000	
853.500000	-19.551196	18.372250	0.000000	
853.550000	-19.527830	18.381129	0.000000	
853.600000	-19.504439	18.389944	0.000000	
853.650000	-19.481018	18.398681	0.000000	
853.700000	-19.457570	18.407342	0.000000	
853.750000	-19.434101	18.415945	0.000000	
853.800000	-19.410609	18.424487	0.000000	
853.850000	-19.387096	18.432968	0.000000	
853.900000	-19.363561	18.441389	0.000000	
853.950000	-19.340012	18.449772	0.000000	
854.000000	-19.316454	18.458126	0.000000	
854.050000	-19.292883	18.466446	0.000000	
854.100000	-19.269292	18.474703	0.000000	
854.150000	-19.245678	18.482893	0.000000	
854.200000	-19.222035	18.490999	0.000000	
854.250000	-19.198365	18.499020	0.000000	
854.300000	-19.174658	18.506934	0.000000	
854.350000	-19.150917	18.514747	0.000000	
854.400000	-19.127148	18.522476	0.000000	
854.450000	-19.103359	18.530145	0.000000	
854.500000	-19.079555	18.537771	0.000000	
854.550000	-19.055735	18.545347	0.000000	
854.600000	-19.031899	18.552876	0.000000	
854.650000	-19.008048	18.560354	0.000000	
854.700000	-18.984181	18.567785	0.000000	
854.750000	-18.960304	18.575185	0.000000	
854.800000	-18.936420	18.582563	0.000000	
854.850000	-18.912526	18.589906	0.000000	
854.900000	-18.888622	18.597222	0.000000	
854.950000	-18.864715	18.604526	0.000000	
855.000000	-18.840796	18.611791	0.000000	
855.050000	-18.816867	18.619029	0.000000	
855.100000	-18.792935	18.626254	0.000000	
855.150000	-18.769001	18.633473	0.000000	
855.200000	-18.745064	18.640681	0.000000	
855.250000	-18.721128	18.647894	0.000000	
855.300000	-18.697197	18.655124	0.000000	
855.350000	-18.673269	18.662365	0.000000	
855.400000	-18.649344	18.669613	0.000000	
855.450000	-18.625421	18.676871	0.000000	
855.500000	-18.601493	18.684111	0.000000	
855.550000	-18.577552	18.691310	0.000000	
855.600000	-18.553601	18.698472	0.000000	
855.650000	-18.529643	18.705610	0.000000	
855.700000	-18.505678	18.712723	0.000000	
855.750000	-18.481710	18.719827	0.000000	
855.800000	-18.457739	18.726918	0.000000	
855.850000	-18.433760	18.733986	0.000000	
855.900000	-18.409777	18.741038	0.000000	
855.950000	-18.385790	18.748077	0.000000	
856.000000	-18.361798	18.755099	0.000000	
856.050000	-18.337808	18.762130	0.000000	
856.100000	-18.313817	18.769156	0.000000	
856.150000	-18.289821	18.776166	0.000000	
856.200000	-18.265825	18.783177	0.000000	
856.250000	-18.241835	18.790205	0.000000	
856.300000	-18.217849	18.797249	0.000000	
856.350000	-18.193873	18.804321	0.000000	
856.400000	-18.169908	18.811430	0.000000	
856.450000	-18.145949	18.818560	0.000000	
856.500000	-18.121997	18.825711	0.000000	
856.550000	-18.098056	18.832895	0.000000	
856.600000	-18.074123	18.840111	0.000000	
856.650000	-18.050201	18.847363	0.000000	
856.700000	-18.026287	18.854644	0.000000	
856.750000	-18.002381	18.861948	0.000000	
856.800000	-17.978478	18.869268	0.000000	
856.850000	-17.954581	18.876605	0.000000	
856.900000	-17.930690	18.883963	0.000000	
856.950000	-17.906812	18.891364	0.000000	
857.000000	-17.882945	18.898799	0.000000	
857.050000	-17.859085	18.906256	0.000000	
857.100000	-17.835221	18.913702	0.000000	
857.150000	-17.811350	18.921126	0.000000	
857.200000	-17.787470	18.928515	0.000000	
857.250000	-17.763569	18.935824	0.000000	
857.300000	-17.739638	18.943015	0.000000	
857.350000	-17.715666	18.950036	0.000000	
857.400000	-17.691642	18.956833	0.000000	
857.450000	-17.667565	18.963382	0.000000	
857.500000	-17.643436	18.969642	0.000000	
857.550000	-17.619249	18.975583	0.000000	
857.600000	-17.595004	18.981151	0.000000	
857.650000	-17.570707	18.986310	0.000000	
857.700000	-17.546363	18.991032	0.000000	
857.750000	-17.521972	18.995264	0.000000	
857.800000	-17.497546	18.998983	0.000000	
857.850000	-17.473087	19.002170	0.000000	
857.900000	-17.448593	19.004817	0.000000	
857.950000	-17.424064	19.006892	0.000000	
858.000000	-17.399500	19.008368	0.000000	
858.050000	-17.374898	19.009246	0.000000	
858.100000	-17.350260	19.009550	0.000000	
858.150000	-17.325592	19.009301	0.000000	
858.200000	-17.300901	19.008508	0.000000	
858.250000	-17.276188	19.007211	0.000000	
858.300000	-17.251463	19.005451	0.000000	
858.350000	-17.226728	19.003273	0.000000	
858.400000	-17.201992	19.000713	0.000000	
858.450000	-17.177262	18.997810	0.000000	
858.500000	-17.152543	18.994578	0.000000	
858.550000	-17.127842	18.991063	0.000000	
858.600000	-17.103158	18.987294	0.000000	
858.650000	-17.078491	18.983330	0.000000	
858.700000	-17.053837	18.979232	0.000000	
858.750000	-17.029193	18.975051	0.000000	
858.800000	-17.004553	18.970845	0.000000	
858.850000	-16.979911	18.966645	0.000000	
858.900000	-16.955267	18.962457	0.000000	
858.950000	-16.930620	18.958291	0.000000	
859.000000	-16.905966	18.954169	0.000000	
859.050000	-16.881301	18.950107	0.000000	
859.100000	-16.856628	18.946098	0.000000	
859.150000	-16.831948	18.942125	0.000000	
859.200000	-16.807264	18.938181	0.000000	
859.250000	-16.782571	18.934286	0.000000	
859.300000	-16.757871	18.930439	0.000000	
859.350000	-16.733163	18.926638	0.000000	
859.400000	-16.708452	18.922867	0.000000	
859.450000	-16.683735	18.919137	0.000000	
859.500000	-16.659014	18.915436	0.000000	
859.550000	-16.634287	18.911770	0.000000	
859.600000	-16.609551	18.908160	0.000000	
859.650000	-16.584806	18.904605	0.000000	
859.700000	-16.560055	18.901094	0.000000	
859.750000	-16.535301	18.897606	0.000000	
859.800000	-16.510543	18.894144	0.000000	
859.850000	-16.485785	18.890683	0.000000	
859.900000	-16.461025	18.887234	0.000000	
859.950000	-16.436259	18.883828	0.000000	
860.000000	-16.411490	18.880442	0.000000	
860.050000	-16.386719	18.877081	0.000000	
860.100000	-16.361944	18.873738	0.000000	
860.150000	-16.337169	18.870401	0.000000	
860.200000	-16.312391	18.867084	0.000000	
860.250000	-16.287611	18.863780	0.000000	
860.300000	-16.262833	18.860462	0.000000	
860.350000	-16.238058	18.857125	0.000000	
860.400000	-16.213284	18.853773	0.000000	
860.450000	-16.188512	18.850416	0.000000	
860.500000	-16.163741	18.847043	0.000000	
860.550000	-16.138971	18.843672	0.000000	
860.600000	-16.114198	18.840311	0.000000	
860.650000	-16.089426	18.836951	0.000000	
860.700000	-16.064654	18.833590	0.000000	
860.750000	-16.039879	18.830250	0.000000	
860.800000	-16.015100	18.826943	0.000000	
860.850000	-15.990319	18.823660	0.000000	
860.900000	-15.965533	18.820410	0.000000	
860.950000	-15.940746	18.817172	0.000000	
861.000000	-15.915957	18.813946	0.000000	
861.050000	-15.891166	18.810740	0.000000	
861.100000	-15.866372	18.807560	0.000000	
861.150000	-15.841575	18.804402	0.000000	
861.200000	-15.816774	18.801284	0.000000	
861.250000	-15.791970	18.798184	0.000000	
861.300000	-15.767162	18.795118	0.000000	
861.350000	-15.742347	18.792094	0.000000	
861.400000	-15.717529	18.789099	0.000000	
861.450000	-15.692709	18.786117	0.000000	
861.500000	-15.667887	18.783155	0.000000	
861.550000	-15.643059	18.780237	0.000000	
861.600000	-15.618227	18.777348	0.000000	
861.650000	-15.593393	18.774480	0.000000	
861.700000	-15.568559	18.771616	0.000000	
861.750000	-15.543724	18.768757	0.000000	
861.800000	-15.518891	18.765875	0.000000	
861.850000	-15.494063	18.762962	0.000000	
861.900000	-15.469239	18.760014	0.000000	
861.950000	-15.444419	18.757031	0.000000	
862.000000	-15.419599	18.754044	0.000000	
862.050000	-15.394782	18.751042	0.000000	
862.100000	-15.369964	18.748039	0.000000	
862.150000	-15.345148	18.745021	0.000000	
862.200000	-15.320333	18.741998	0.000000	
862.250000	-15.295520	18.738955	0.000000	
862.300000	-15.270706	18.735920	0.000000	
862.350000	-15.245892	18.732887	0.000000	
862.400000	-15.221076	18.729873	0.000000	
862.450000	-15.196255	18.726893	0.000000	
862.500000	-15.171430	18.723957	0.000000	
862.550000	-15.146603	18.721042	0.000000	
862.600000	-15.121775	18.718133	0.000000	
862.650000	-15.096944	18.715259	0.000000	
862.700000	-15.072109	18.712433	0.000000	
862.750000	-15.047265	18.709689	0.000000	
862.800000	-15.022414	18.707027	0.000000	
862.850000	-14.997554	18.704452	0.000000	
862.900000	-14.972686	18.701963	0.000000	
862.950000	-14.947811	18.699544	0.000000	
863.000000	-14.922928	18.697191	0.000000	
863.050000	-14.898040	18.694885	0.000000	
863.100000	-14.873150	18.692594	0.000000	
863.150000	-14.848265	18.690272	0.000000	
863.200000	-14.823386	18.687898	0.000000	
863.250000	-14.798521	18.685438	0.000000	
863.300000	-14.773676	18.682863	0.000000	
863.350000	-14.748862	18.680119	0.000000	
863.400000	-14.724091	18.677167	0.000000	
863.450000	-14.699378	18.673954	0.000000	
863.500000	-14.674741	18.670420	0.000000	
863.550000	-14.650194	18.666533	0.000000	
863.600000	-14.625746	18.662270	0.000000	
863.650000	-14.601405	18.657618	0.000000	
863.700000	-14.577176	18.652549	0.000000	
863.750000	-14.553069	18.647040	0.000000	
863.800000	-14.529090	18.641060	0.000000	
863.850000	-14.505247	18.634591	0.000000	
863.900000	-14.481552	18.627613	0.000000	
863.950000	-14.458007	18.620131	0.000000	
864.000000	-14.434605	18.612167	0.000000	
864.050000	-14.411341	18.603736	0.000000	
864.100000	-14.388208	18.594855	0.000000	
864.150000	-14.365210	18.585539	0.000000	
864.200000	-14.342343	18.575823	0.000000	
864.250000	-14.319610	18.565718	0.000000	
864.300000	-14.297005	18.555260	0.000000	
864.350000	-14.274521	18.544486	0.000000	
864.400000	-14.252143	18.533443	0.000000	
864.450000	-14.229860	18.522173	0.000000	
864.500000	-14.207649	18.510738	0.000000	
864.550000	-14.185496	18.499174	0.000000	
864.600000	-14.163386	18.487522	0.000000	
864.650000	-14.141300	18.475817	0.000000	
864.700000	-14.119236	18.464070	0.000000	
864.750000	-14.097181	18.452303	0.000000	
864.800000	-14.075123	18.440543	0.000000	
864.850000	-14.053054	18.428805	0.000000	
864.900000	-14.030959	18.417120	0.000000	
864.950000	-14.008818	18.405525	0.000000	
865.000000	-13.986623	18.394039	0.000000	
865.050000	-13.964378	18.382656	0.000000	
865.100000	-13.942085	18.371375	0.000000	
865.150000	-13.919748	18.360187	0.000000	
865.200000	-13.897365	18.349093	0.000000	
865.250000	-13.874931	18.338107	0.000000	
865.300000	-13.852434	18.327254	0.000000	
865.350000	-13.829880	18.316518	0.000000	
865.400000	-13.807269	18.305900	0.000000	
865.450000	-13.784605	18.295390	0.000000	
865.500000	-13.761897	18.284972	0.000000	
865.550000	-13.739151	18.274634	0.000000	
865.600000	-13.716368	18.264368	0.000000	
865.650000	-13.693558	18.254160	0.000000	
865.700000	-13.670723	18.244002	0.000000	
865.750000	-13.647858	18.233907	0.000000	
865.800000	-13.624969	18.223864	0.000000	
865.850000	-13.602059	18.213867	0.000000	
865.900000	-13.579135	18.203898	0.000000	
865.950000	-13.556210	18.193930	0.000000	
866.000000	-13.533296	18.183940	0.000000	
866.050000	-13.510396	18.173919	0.000000	
866.100000	-13.487509	18.163869	0.000000	
866.150000	-13.464642	18.153774	0.000000	
866.200000	-13.441791	18.143641	0.000000	
866.250000	-13.418954	18.133477	0.000000	
866.300000	-13.396135	18.123273	0.000000	
866.350000	-13.373336	18.113022	0.000000	
866.400000	-13.350547	18.102748	0.000000	
866.450000	-13.327772	18.092441	0.000000	
866.500000	-13.305006	18.082114	0.000000	
866.550000	-13.282248	18.071770	0.000000	
866.600000	-13.259497	18.061407	0.000000	
866.650000	-13.236757	18.051024	0.000000	
866.700000	-13.214016	18.040640	0.000000	
866.750000	-13.191275	18.030258	0.000000	
866.800000	-13.168536	18.019869	0.000000	
866.850000	-13.145808	18.009460	0.000000	
866.900000	-13.123094	17.999017	0.000000	
866.950000	-13.100396	17.988541	0.000000	
867.000000	-13.077706	17.978047	0.000000	
867.050000	-13.055031	17.967524	0.000000	
867.100000	-13.032371	17.956969	0.000000	
867.150000	-13.009729	17.946378	0.000000	
867.200000	-12.987111	17.935739	0.000000	
867.250000	-12.964533	17.925019	0.000000	
867.300000	-12.942006	17.914204	0.000000	
867.350000	-12.919531	17.903286	0.000000	
867.400000	-12.897114	17.892256	0.000000	
867.450000	-12.874761	17.881102	0.000000	
867.500000	-12.852472	17.869828	0.000000	
867.550000	-12.830258	17.858411	0.000000	
867.600000	-12.808120	17.846852	0.000000	
867.650000	-12.786073	17.835131	0.000000	
867.700000	-12.764111	17.823258	0.000000	
867.750000	-12.742242	17.811219	0.000000	
867.800000	-12.720473	17.799002	0.000000	
867.850000	-12.698812	17.786594	0.000000	
867.900000	-12.677258	17.774001	0.000000	
867.950000	-12.655821	17.761214	0.000000	
868.000000	-12.634507	17.748227	0.000000	
868.050000	-12.613333	17.735018	0.000000	
868.100000	-12.592302	17.721592	0.000000	
868.150000	-12.571416	17.707945	0.000000	
868.200000	-12.550678	17.694070	0.000000	
868.250000	-12.530084	17.679982	0.000000	
868.300000	-12.509631	17.665692	0.000000	
868.350000	-12.489313	17.651214	0.000000	
868.400000	-12.469142	17.636536	0.000000	
868.450000	-12.449107	17.621669	0.000000	
868.500000	-12.429205	17.606620	0.000000	
868.550000	-12.409422	17.591408	0.000000	
868.600000	-12.389759	17.576034	0.000000	
868.650000	-12.370219	17.560497	0.000000	
868.700000	-12.350793	17.544812	0.000000	
868.750000	-12.331491	17.528974	0.000000	
868.800000	-12.312316	17.512975	0.000000	
868.850000	-12.293266	17.496823	0.000000	
868.900000	-12.274325	17.480536	0.000000	
868.950000	-12.255477	17.464133	0.000000	
869.000000	-12.236715	17.447627	0.000000	
869.050000	-12.218020	17.431040	0.000000	
869.100000	-12.199366	17.414405	0.000000	
869.150000	-12.180742	17.397735	0.000000	
869.200000	-12.162152	17.381025	0.000000	
869.250000	-12.143600	17.364273	0.000000	
869.300000	-12.125084	17.347478	0.000000	
869.350000	-12.106587	17.330663	0.000000	
869.400000	-12.088093	17.313845	0.000000	
869.450000	-12.069588	17.297038	0.000000	
869.500000	-12.051083	17.280233	0.000000	
869.550000	-12.032572	17.263434	0.000000	
869.600000	-12.014064	17.246630	0.000000	
869.650000	-11.995549	17.229836	0.000000	
869.700000	-11.977010	17.213068	0.000000	
869.750000	-11.958442	17.196334	0.000000	
869.800000	-11.939837	17.179640	0.000000	
869.850000	-11.921199	17.162983	0.000000	
869.900000	-11.902533	17.146356	0.000000	
869.950000	-11.883858	17.129739	0.000000	
870.000000	-11.865177	17.113128	0.000000	
870.050000	-11.846480	17.096536	0.000000	
870.100000	-11.827773	17.079953	0.000000	
870.150000	-11.809078	17.063358	0.000000	
870.200000	-11.790387	17.046758	0.000000	
870.250000	-11.771689	17.030167	0.000000	
870.300000	-11.752973	17.013594	0.000000	
870.350000	-11.734230	16.997053	0.000000	
870.400000	-11.715463	16.980538	0.000000	
870.450000	-11.696682	16.964040	0.000000	
870.500000	-11.677882	16.947564	0.000000	
870.550000	-11.659070	16.931101	0.000000	
870.600000	-11.640263	16.914633	0.000000	
870.650000	-11.621454	16.898167	0.000000	
870.700000	-11.602641	16.881706	0.000000	
870.750000	-11.583834	16.865238	0.000000	
870.800000	-11.565042	16.848753	0.000000	
870.850000	-11.546257	16.832258	0.000000	
870.900000	-11.527476	16.815760	0.000000	
870.950000	-11.508682	16.799278	0.000000	
871.000000	-11.489875	16.782808	0.000000	
871.050000	-11.471072	16.766335	0.000000	
871.100000	-11.452288	16.749841	0.000000	
871.150000	-11.433514	16.733335	0.000000	
871.200000	-11.414736	16.716834	0.000000	
871.250000	-11.395949	16.700343	0.000000	
871.300000	-11.377163	16.683852	0.000000	
871.350000	-11.358382	16.667354	0.000000	
871.400000	-11.339624	16.650831	0.000000	
871.450000	-11.320885	16.634285	0.000000	
871.500000	-11.302176	16.617706	0.000000	
871.550000	-11.283494	16.601096	0.000000	
871.600000	-11.264815	16.584482	0.000000	
871.650000	-11.246124	16.567882	0.000000	
871.700000	-11.227421	16.551296	0.000000	
871.750000	-11.208725	16.534703	0.000000	
871.800000	-11.190041	16.518095	0.000000	
871.850000	-11.171368	16.501476	0.000000	
871.900000	-11.152724	16.484824	0.000000	
871.950000	-11.134114	16.468135	0.000000	
872.000000	-11.115562	16.451384	0.000000	
872.050000	-11.097070	16.434570	0.000000	
872.100000	-11.078637	16.417696	0.000000	
872.150000	-11.060253	16.400771	0.000000	
872.200000	-11.041941	16.383775	0.000000	
872.250000	-11.023725	16.366685	0.000000	
872.300000	-11.005638	16.349468	0.000000	
872.350000	-10.987690	16.332119	0.000000	
872.400000	-10.969883	16.314635	0.000000	
872.450000	-10.952206	16.297029	0.000000	
872.500000	-10.934669	16.279290	0.000000	
872.550000	-10.917269	16.261424	0.000000	
872.600000	-10.900019	16.243418	0.000000	
872.650000	-10.882946	16.225246	0.000000	
872.700000	-10.866078	16.206884	0.000000	
872.750000	-10.849442	16.188310	0.000000	
872.800000	-10.833029	16.169536	0.000000	
872.850000	-10.816843	16.150567	0.000000	
872.900000	-10.800880	16.131404	0.000000	
872.950000	-10.785126	16.112066	0.000000	
873.000000	-10.769571	16.092560	0.000000	
873.050000	-10.754191	16.072911	0.000000	
873.100000	-10.738973	16.053129	0.000000	
873.150000	-10.723893	16.033234	0.000000	
873.200000	-10.708960	16.013220	0.000000	
873.250000	-10.694172	15.993093	0.000000	
873.300000	-10.679500	15.972874	0.000000	
873.350000	-10.664929	15.952580	0.000000	
873.400000	-10.650434	15.932230	0.000000	
873.450000	-10.636022	15.911818	0.000000	
873.500000	-10.621692	15.891345	0.000000	
873.550000	-10.607451	15.870808	0.000000	
873.600000	-10.593299	15.850206	0.000000	
873.650000	-10.579222	15.829550	0.000000	
873.700000	-10.565193	15.808859	0.000000	
873.750000	-10.551193	15.788147	0.000000	
873.800000	-10.537202	15.767430	0.000000	
873.850000	-10.523211	15.746713	0.000000	
873.900000	-10.509213	15.726000	0.000000	
873.950000	-10.495222	15.705283	0.000000	
874.000000	-10.481229	15.684566	0.000000	
874.050000	-10.467224	15.663859	0.000000	
874.100000	-10.453213	15.643155	0.000000	
874.150000	-10.439188	15.622460	0.000000	
874.200000	-10.425158	15.601770	0.000000	
874.250000	-10.411116	15.581087	0.000000	
874.300000	-10.397057	15.560416	0.000000	
874.350000	-10.383000	15.539744	0.000000	
874.400000	-10.368949	15.519068	0.000000	
874.450000	-10.354921	15.498376	0.000000	
874.500000	-10.340899	15.477681	0.000000	
874.550000	-10.326885	15.456980	0.000000	
874.600000	-10.312877	15.436275	0.000000	
874.650000	-10.298860	15.415576	0.000000	
874.700000	-10.284834	15.394883	0.000000	
874.750000	-10.270820	15.374182	0.000000	
874.800000	-10.256813	15.353476	0.000000	
874.850000	-10.242825	15.332758	0.000000	
874.900000	-10.228851	15.312030	0.000000	
874.950000	-10.214872	15.291306	0.000000	
875.000000	-10.200871	15.270596	0.000000	
875.050000	-10.186861	15.249892	0.000000	
875.100000	-10.172854	15.229186	0.000000	
875.150000	-10.158850	15.208478	0.000000	
875.200000	-10.144872	15.187753	0.000000	
875.250000	-10.130918	15.167011	0.000000	
875.300000	-10.116989	15.146251	0.000000	
875.350000	-10.103098	15.125467	0.000000	
875.400000	-10.089242	15.104660	0.000000	
875.450000	-10.075417	15.083832	0.000000	
875.500000	-10.061638	15.062977	0.000000	
875.550000	-10.047938	15.042072	0.000000	
875.600000	-10.034322	15.021118	0.000000	
875.650000	-10.020802	15.000106	0.000000	
875.700000	-10.007399	14.979026	0.000000	
875.750000	-9.994153	14.957856	0.000000	
875.800000	-9.981066	14.936596	0.000000	
875.850000	-9.968147	14.915243	0.000000	
875.900000	-9.955379	14.893805	0.000000	
875.950000	-9.942799	14.872265	0.000000	
876.000000	-9.930417	14.850615	0.000000	
876.050000	-9.918237	14.828854	0.000000	
876.100000	-9.906261	14.806981	0.000000	
876.150000	-9.894480	14.785001	0.000000	
876.200000	-9.882892	14.762915	0.000000	
876.250000	-9.871475	14.740734	0.000000	
876.300000	-9.860246	14.718450	0.000000	
876.350000	-9.849199	14.696067	0.000000	
876.400000	-9.838318	14.673596	0.000000	
876.450000	-9.827601	14.651038	0.000000	
876.500000	-9.817024	14.628406	0.000000	
876.550000	-9.806560	14.605716	0.000000	
876.600000	-9.796168	14.582988	0.000000	
876.650000	-9.785843	14.560225	0.000000	
876.700000	-9.775564	14.537441	0.000000	
876.750000	-9.765327	14.514635	0.000000	
876.800000	-9.755094	14.491828	0.000000	
876.850000	-9.744844	14.469028	0.000000	
876.900000	-9.734567	14.446242	0.000000	
876.950000	-9.724263	14.423468	0.000000	
877.000000	-9.713917	14.400714	0.000000	
877.050000	-9.703538	14.377975	0.000000	
877.100000	-9.693123	14.355252	0.000000	
877.150000	-9.682665	14.332548	0.000000	
877.200000	-9.672167	14.309862	0.000000	
877.250000	-9.661635	14.287192	0.000000	
877.300000	-9.651085	14.264530	0.000000	
877.350000	-9.640510	14.241880	0.000000	
877.400000	-9.629923	14.219235	0.000000	
877.450000	-9.619316	14.196598	0.000000	
877.500000	-9.608689	14.173971	0.000000	
877.550000	-9.598067	14.151340	0.000000	
877.600000	-9.587460	14.128704	0.000000	
877.650000	-9.576908	14.106043	0.000000	
877.700000	-9.566440	14.083347	0.000000	
877.750000	-9.556058	14.060614	0.000000	
877.800000	-9.545757	14.037847	0.000000	
877.850000	-9.535554	14.015039	0.000000	
877.900000	-9.525482	13.992177	0.000000	
877.950000	-9.515577	13.969248	0.000000	
878.000000	-9.505838	13.946253	0.000000	
878.050000	-9.496278	13.923188	0.000000	
878.100000	-9.486898	13.900056	0.000000	
878.150000	-9.477694	13.876856	0.000000	
878.200000	-9.468672	13.853588	0.000000	
878.250000	-9.459842	13.830249	0.000000	
878.300000	-9.451195	13.806840	0.000000	
878.350000	-9.442734	13.783363	0.000000	
878.400000	-9.434445	13.759821	0.000000	
878.450000	-9.426315	13.736220	0.000000	
878.500000	-9.418336	13.712563	0.000000	
878.550000	-9.410517	13.688847	0.000000	
878.600000	-9.402860	13.665073	0.000000	
878.650000	-9.395356	13.641243	0.000000	
878.700000	-9.387973	13.617372	0.000000	
878.750000	-9.380679	13.593471	0.000000	
878.800000	-9.373474	13.569540	0.000000	
878.850000	-9.366348	13.545582	0.000000	
878.900000	-9.359282	13.521604	0.000000	
878.950000	-9.352238	13.497618	0.000000	
879.000000	-9.345172	13.473640	0.000000	
879.050000	-9.338074	13.449672	0.000000	
879.100000	-9.330910	13.425726	0.000000	
879.150000	-9.323675	13.401803	0.000000	
879.200000	-9.316383	13.377898	0.000000	
879.250000	-9.309034	13.354011	0.000000	
879.300000	-9.301616	13.330145	0.000000	
879.350000	-9.294152	13.306293	0.000000	
879.400000	-9.286661	13.282450	0.000000	
879.450000	-9.279154	13.258611	0.000000	
879.500000	-9.271652	13.234770	0.000000	
879.550000	-9.264171	13.210924	0.000000	
879.600000	-9.256725	13.187068	0.000000	
879.650000	-9.249317	13.163202	0.000000	
879.700000	-9.241973	13.139320	0.000000	
879.750000	-9.234701	13.115419	0.000000	
879.800000	-9.227529	13.091494	0.000000	
879.850000	-9.220463	13.067543	0.000000	
879.900000	-9.213513	13.043564	0.000000	
879.950000	-9.206682	13.019554	0.000000	
880.000000	-9.199981	12.995511	0.000000	
880.050000	-9.193417	12.971430	0.000000	
880.100000	-9.187009	12.947306	0.000000	
880.150000	-9.180787	12.923133	0.000000	
880.200000	-9.174760	12.898908	0.000000	
880.250000	-9.168935	12.874632	0.000000	
880.300000	-9.163304	12.850307	0.000000	
880.350000	-9.157887	12.825931	0.000000	
880.400000	-9.152685	12.801505	0.000000	
880.450000	-9.147677	12.777037	0.000000	
880.500000	-9.142846	12.752530	0.000000	
880.550000	-9.138191	12.727987	0.000000	
880.600000	-9.133696	12.703411	0.000000	
880.650000	-9.129346	12.678807	0.000000	
880.700000	-9.125116	12.654180	0.000000	
880.750000	-9.120979	12.629536	0.000000	
880.800000	-9.116946	12.604874	0.000000	
880.850000	-9.113005	12.580197	0.000000	
880.900000	-9.109147	12.555507	0.000000	
880.950000	-9.105375	12.530804	0.000000	
881.000000	-9.101684	12.506087	0.000000	
881.050000	-9.098091	12.481355	0.000000	
881.100000	-9.094613	12.456605	0.000000	
881.150000	-9.091231	12.431840	0.000000	
881.200000	-9.087940	12.407061	0.000000	
881.250000	-9.084715	12.382272	0.000000	
881.300000	-9.081542	12.357476	0.000000	
881.350000	-9.078412	12.332675	0.000000	
881.400000	-9.075312	12.307869	0.000000	
881.450000	-9.072228	12.283061	0.000000	
881.500000	-9.069158	12.258251	0.000000	
881.550000	-9.066107	12.233439	0.000000	
881.600000	-9.063056	12.208627	0.000000	
881.650000	-9.060028	12.183812	0.000000	
881.700000	-9.057010	12.158996	0.000000	
881.750000	-9.054007	12.134177	0.000000	
881.800000	-9.051032	12.109355	0.000000	
881.850000	-9.048053	12.084534	0.000000	
881.900000	-9.045074	12.059712	0.000000	
881.950000	-9.042102	12.034890	0.000000	
882.000000	-9.039117	12.010070	0.000000	
882.050000	-9.036138	11.985248	0.000000	
882.100000	-9.033142	11.960429	0.000000	
882.150000	-9.030119	11.935613	0.000000	
882.200000	-9.027093	11.910797	0.000000	
882.250000	-9.024056	11.885982	0.000000	
882.300000	-9.021028	11.861167	0.000000	
882.350000	-9.018022	11.836349	0.000000	
882.400000	-9.015034	11.811529	0.000000	
882.450000	-9.012047	11.786709	0.000000	
882.500000	-9.009052	11.761890	0.000000	
882.550000	-9.006055	11.737071	0.000000	
882.600000	-9.003049	11.712254	0.000000	
882.650000	-9.000036	11.687437	0.000000	
882.700000	-8.997007	11.662622	0.000000	
882.750000	-8.993942	11.637812	0.000000	
882.800000	-8.990854	11.613006	0.000000	
882.850000	-8.987725	11.588204	0.000000	
882.900000	-8.984568	11.563407	0.000000	
882.950000	-8.981362	11.538617	0.000000	
883.000000	-8.978101	11.513835	0.000000	
883.050000	-8.974814	11.489056	0.000000	
883.100000	-8.971516	11.464278	0.000000	
883.150000	-8.968223	11.439500	0.000000	
883.200000	-8.964965	11.414718	0.000000	
883.250000	-8.961762	11.389931	0.000000	
883.300000	-8.958636	11.365137	0.000000	
883.350000	-8.955590	11.340337	0.000000	
883.400000	-8.952645	11.315531	0.000000	
883.450000	-8.949827	11.290719	0.000000	
883.500000	-8.947171	11.265898	0.000000	
883.550000	-8.944697	11.241068	0.000000	
883.600000	-8.942407	11.216230	0.000000	
883.650000	-8.940321	11.191383	0.000000	
883.700000	-8.938476	11.166529	0.000000	
883.750000	-8.936910	11.141670	0.000000	
883.800000	-8.935658	11.116806	0.000000	
883.850000	-8.934721	11.091940	0.000000	
883.900000	-8.934125	11.067070	0.000000	
883.950000	-8.933871	11.042196	0.000000	
884.000000	-8.933962	11.017315	0.000000	
884.050000	-8.934415	10.992432	0.000000	
884.100000	-8.935229	10.967549	0.000000	
884.150000	-8.936387	10.942671	0.000000	
884.200000	-8.937888	10.917799	0.000000	
884.250000	-8.939701	10.892937	0.000000	
884.300000	-8.941802	10.868089	0.000000	
884.350000	-8.944185	10.843260	0.000000	
884.400000	-8.946839	10.818450	0.000000	
884.450000	-8.949722	10.793661	0.000000	
884.500000	-8.952830	10.768893	0.000000	
884.550000	-8.956158	10.744148	0.000000	
884.600000	-8.959703	10.719430	0.000000	
884.650000	-8.963468	10.694739	0.000000	
884.700000	-8.967438	10.670075	0.000000	
884.750000	-8.971581	10.645437	0.000000	
884.800000	-8.975858	10.620819	0.000000	
884.850000	-8.980252	10.596222	0.000000	
884.900000	-8.984752	10.571642	0.000000	
884.950000	-8.989362	10.547083	0.000000	
885.000000	-8.994094	10.522546	0.000000	
885.050000	-8.998944	10.498030	0.000000	
885.100000	-9.003912	10.473538	0.000000	
885.150000	-9.008986	10.449067	0.000000	
885.200000	-9.014147	10.424613	0.000000	
885.250000	-9.019390	10.400176	0.000000	
885.300000	-9.024705	10.375753	0.000000	
885.350000	-9.030089	10.351344	0.000000	
885.400000	-9.035526	10.326946	0.000000	
885.450000	-9.041020	10.302560	0.000000	
885.500000	-9.046588	10.278191	0.000000	
885.550000	-9.052223	10.253836	0.000000	
885.600000	-9.057911	10.229494	0.000000	
885.650000	-9.063648	10.205163	0.000000	
885.700000	-9.069405	10.180836	0.000000	
885.750000	-9.075177	10.156513	0.000000	
885.800000	-9.080955	10.132192	0.000000	
885.850000	-9.086746	10.107873	0.000000	
885.900000	-9.092558	10.083559	0.000000	
885.950000	-9.098398	10.059252	0.000000	
886.000000	-9.104258	10.034949	0.000000	
886.050000	-9.110147	10.010654	0.000000	
886.100000	-9.116074	9.986368	0.000000	
886.150000	-9.122024	9.962088	0.000000	
886.200000	-9.127986	9.937812	0.000000	
886.250000	-9.133971	9.913541	0.000000	
886.300000	-9.139959	9.889270	0.000000	
886.350000	-9.145978	9.865008	0.000000	
886.400000	-9.152035	9.840754	0.000000	
886.450000	-9.158125	9.816509	0.000000	
886.500000	-9.164245	9.792272	0.000000	
886.550000	-9.170382	9.768039	0.000000	
886.600000	-9.176553	9.743815	0.000000	
886.650000	-9.182752	9.719599	0.000000	
886.700000	-9.188973	9.695388	0.000000	
886.750000	-9.195225	9.671186	0.000000	
886.800000	-9.201530	9.646997	0.000000	
886.850000	-9.207878	9.622818	0.000000	
886.900000	-9.214270	9.598651	0.000000	
886.950000	-9.220709	9.574496	0.000000	
887.000000	-9.227197	9.550354	0.000000	
887.050000	-9.233710	9.526218	0.000000	
887.100000	-9.240249	9.502090	0.000000	
887.150000	-9.246809	9.477967	0.000000	
887.200000	-9.253387	9.453850	0.000000	
887.250000	-9.260009	9.429745	0.000000	
887.300000	-9.266684	9.405655	0.000000	
887.350000	-9.273432	9.381585	0.000000	
887.400000	-9.280230	9.357529	0.000000	
887.450000	-9.287070	9.333485	0.000000	
887.500000	-9.293956	9.309454	0.000000	
887.550000	-9.300873	9.285432	0.000000	
887.600000	-9.307819	9.261419	0.000000	
887.650000	-9.314777	9.237408	0.000000	
887.700000	-9.321738	9.213399	0.000000	
887.750000	-9.328704	9.189391	0.000000	
887.800000	-9.335690	9.165388	0.000000	
887.850000	-9.342703	9.141394	0.000000	
887.900000	-9.349768	9.117414	0.000000	
887.950000	-9.356868	9.093445	0.000000	
888.000000	-9.363974	9.069478	0.000000	
888.050000	-9.371074	9.045509	0.000000	
888.100000	-9.378172	9.021539	0.000000	
888.150000	-9.385245	8.997562	0.000000	
888.200000	-9.392306	8.973582	0.000000	
888.250000	-9.399351	8.949597	0.000000	
888.300000	-9.406383	8.925609	0.000000	
888.350000	-9.413408	8.901618	0.000000	
888.400000	-9.420410	8.877621	0.000000	
888.450000	-9.427394	8.853618	0.000000	
888.500000	-9.434345	8.829605	0.000000	
888.550000	-9.441275	8.805587	0.000000	
888.600000	-9.448204	8.781568	0.000000	
888.650000	-9.455152	8.757555	0.000000	
888.700000	-9.462138	8.733553	0.000000	
888.750000	-9.469158	8.709562	0.000000	
888.800000	-9.476224	8.685585	0.000000	
888.850000	-9.483336	8.661622	0.000000	
888.900000	-9.490479	8.637669	0.000000	
888.950000	-9.497630	8.613719	0.000000	
889.000000	-9.504808	8.589777	0.000000	
889.050000	-9.512036	8.565851	0.000000	
889.100000	-9.519318	8.541942	0.000000	
889.150000	-9.526666	8.518052	0.000000	
889.200000	-9.534075	8.494181	0.000000	
889.250000	-9.541542	8.470327	0.000000	
889.300000	-9.549057	8.446487	0.000000	
889.350000	-9.556593	8.422654	0.000000	
889.400000	-9.564146	8.398826	0.000000	
889.450000	-9.571716	8.375003	0.000000	
889.500000	-9.579308	8.351187	0.000000	
889.550000	-9.586919	8.327376	0.000000	
889.600000	-9.594548	8.303570	0.000000	
889.650000	-9.602180	8.279765	0.000000	
889.700000	-9.609799	8.255956	0.000000	
889.750000	-9.617396	8.232141	0.000000	
889.800000	-9.624986	8.208323	0.000000	
889.850000	-9.632551	8.184497	0.000000	
889.900000	-9.640069	8.160656	0.000000	
889.950000	-9.647534	8.136799	0.000000	
890.000000	-9.654939	8.112925	0.000000	
890.050000	-9.662283	8.089031	0.000000	
890.100000	-9.669563	8.065119	0.000000	
890.150000	-9.676774	8.041186	0.000000	
890.200000	-9.683923	8.017233	0.000000	
890.250000	-9.691028	7.993267	0.000000	
890.300000	-9.698088	7.969288	0.000000	
890.350000	-9.705123	7.945300	0.000000	
890.400000	-9.712156	7.921312	0.000000	
890.450000	-9.719170	7.897318	0.000000	
890.500000	-9.726181	7.873324	0.000000	
890.550000	-9.733179	7.849325	0.000000	
890.600000	-9.740170	7.825325	0.000000	
890.650000	-9.747130	7.801315	0.000000	
890.700000	-9.754043	7.777292	0.000000	
890.750000	-9.760917	7.753258	0.000000	
890.800000	-9.767760	7.729215	0.000000	
890.850000	-9.774564	7.705161	0.000000	
890.900000	-9.781329	7.681096	0.000000	
890.950000	-9.788087	7.657028	0.000000	
891.000000	-9.794843	7.632960	0.000000	
891.050000	-9.801612	7.608896	0.000000	
891.100000	-9.808387	7.584833	0.000000	
891.150000	-9.815172	7.560773	0.000000	
891.200000	-9.821978	7.536719	0.000000	
891.250000	-9.828813	7.512674	0.000000	
891.300000	-9.835680	7.488638	0.000000	
891.350000	-9.842561	7.464606	0.000000	
891.400000	-9.849438	7.440572	0.000000	
891.450000	-9.856290	7.416532	0.000000	
891.500000	-9.863137	7.392490	0.000000	
891.550000	-9.869967	7.368443	0.000000	
891.600000	-9.876784	7.344392	0.000000	
891.650000	-9.883605	7.320342	0.000000	
891.700000	-9.890454	7.296301	0.000000	
891.750000	-9.897389	7.272285	0.000000	
891.800000	-9.904418	7.248298	0.000000	
891.850000	-9.911554	7.224346	0.000000	
891.900000	-9.918828	7.200441	0.000000	
891.950000	-9.926286	7.176602	0.000000	
892.000000	-9.933945	7.152840	0.000000	
892.050000	-9.941851	7.129179	0.000000	
892.100000	-9.950058	7.105649	0.000000	
892.150000	-9.958592	7.082266	0.000000	
892.200000	-9.967483	7.059052	0.000000	
892.250000	-9.976755	7.036028	0.000000	
892.300000	-9.986437	7.013223	0.000000	
892.350000	-9.996548	6.990658	0.000000	
892.400000	-10.007110	6.968348	0.000000	
892.450000	-10.018162	6.946319	0.000000	
892.500000	-10.029711	6.924575	0.000000	
892.550000	-10.041750	6.903116	0.000000	
892.600000	-10.054305	6.881963	0.000000	
892.650000	-10.067381	6.861115	0.000000	
892.700000	-10.080977	6.840580	0.000000	
892.750000	-10.095075	6.820346	0.000000	
892.800000	-10.109632	6.800398	0.000000	
892.850000	-10.124638	6.780735	0.000000	
892.900000	-10.140065	6.761348	0.000000	
892.950000	-10.155893	6.742231	0.000000	
893.000000	-10.172076	6.723360	0.000000	
893.050000	-10.188579	6.704720	0.000000	
893.100000	-10.205361	6.686290	0.000000	
893.150000	-10.222380	6.668051	0.000000	
893.200000	-10.239602	6.649978	0.000000	
893.250000	-10.257001	6.632056	0.000000	
893.300000	-10.274555	6.614271	0.000000	
893.350000	-10.292213	6.596584	0.000000	
893.400000	-10.309941	6.578962	0.000000	
893.450000	-10.327733	6.561403	0.000000	
893.500000	-10.345557	6.543876	0.000000	
893.550000	-10.363422	6.526390	0.000000	
893.600000	-10.381329	6.508946	0.000000	
893.650000	-10.399263	6.491531	0.000000	
893.700000	-10.417226	6.474145	0.000000	
893.750000	-10.435212	6.456784	0.000000	
893.800000	-10.453241	6.439468	0.000000	
893.850000	-10.471325	6.422211	0.000000	
893.900000	-10.489456	6.405006	0.000000	
893.950000	-10.507642	6.387859	0.000000	
894.000000	-10.525888	6.370779	0.000000	
894.050000	-10.544195	6.353765	0.000000	
894.100000	-10.562555	6.336809	0.000000	
894.150000	-10.580956	6.319896	0.000000	
894.200000	-10.599398	6.303027	0.000000	
894.250000	-10.617900	6.286226	0.000000	
894.300000	-10.636459	6.269487	0.000000	
894.350000	-10.655053	6.252788	0.000000	
894.400000	-10.673701	6.236148	0.000000	
894.450000	-10.692418	6.219587	0.000000	
894.500000	-10.711186	6.203082	0.000000	
894.550000	-10.730012	6.186641	0.000000	
894.600000	-10.748876	6.170243	0.000000	
894.650000	-10.767781	6.153890	0.000000	
894.700000	-10.786725	6.137581	0.000000	
894.750000	-10.805712	6.121321	0.000000	
894.800000	-10.824744	6.105114	0.000000	
894.850000	-10.843809	6.088945	0.000000	
894.900000	-10.862891	6.072795	0.000000	
894.950000	-10.882000	6.056678	0.000000	
895.000000	-10.901129	6.040584	0.000000	
895.050000	-10.920266	6.024500	0.000000	
895.100000	-10.939423	6.008440	0.000000	
895.150000	-10.958604	5.992409	0.000000	
895.200000	-10.977821	5.976420	0.000000	
895.250000	-10.997055	5.960451	0.000000	
895.300000	-11.016300	5.944495	0.000000	
895.350000	-11.035558	5.928555	0.000000	
895.400000	-11.054843	5.912648	0.000000	
895.450000	-11.074150	5.896768	0.000000	
895.500000	-11.093469	5.880903	0.000000	
895.550000	-11.112800	5.865053	0.000000	
895.600000	-11.132153	5.849229	0.000000	
895.650000	-11.151542	5.833449	0.000000	
895.700000	-11.170949	5.817691	0.000000	
895.750000	-11.190375	5.801956	0.000000	
895.800000	-11.209820	5.786244	0.000000	
895.850000	-11.229271	5.770541	0.000000	
895.900000	-11.248723	5.754838	0.000000	
895.950000	-11.268172	5.739131	0.000000	
896.000000	-11.287601	5.723401	0.000000	
896.050000	-11.307019	5.707658	0.000000	
896.100000	-11.326426	5.691901	0.000000	
896.150000	-11.345813	5.676120	0.000000	
896.200000	-11.365173	5.660308	0.000000	
896.250000	-11.384502	5.644458	0.000000	
896.300000	-11.403798	5.628571	0.000000	
896.350000	-11.423062	5.612645	0.000000	
896.400000	-11.442278	5.596664	0.000000	
896.450000	-11.461455	5.580636	0.000000	
896.500000	-11.480593	5.564562	0.000000	
896.550000	-11.499689	5.548438	0.000000	
896.600000	-11.518763	5.532286	0.000000	
896.650000	-11.537813	5.516106	0.000000	
896.700000	-11.556829	5.499884	0.000000	
896.750000	-11.575814	5.483625	0.000000	
896.800000	-11.594760	5.467320	0.000000	
896.850000	-11.613675	5.450977	0.000000	
896.900000	-11.632568	5.434608	0.000000	
896.950000	-11.651443	5.418217	0.000000	
897.000000	-11.670305	5.401811	0.000000	
897.050000	-11.689167	5.385405	0.000000	
897.100000	-11.708026	5.368996	0.000000	
897.150000	-11.726894	5.352597	0.000000	
897.200000	-11.745774	5.336212	0.000000	
897.250000	-11.764672	5.319848	0.000000	
897.300000	-11.783580	5.303497	0.000000	
897.350000	-11.802505	5.287164	0.000000	
897.400000	-11.821436	5.270838	0.000000	
897.450000	-11.840377	5.254523	0.000000	
897.500000	-11.859305	5.238195	0.000000	
897.550000	-11.878205	5.221835	0.000000	
897.600000	-11.897077	5.205444	0.000000	
897.650000	-11.915920	5.189020	0.000000	
897.700000	-11.934728	5.172558	0.000000	
897.750000	-11.953506	5.156062	0.000000	
897.800000	-11.972270	5.139549	0.000000	
897.850000	-11.991031	5.123034	0.000000	
897.900000	-12.009784	5.106509	0.000000	
897.950000	-12.028508	5.089951	0.000000	
898.000000	-12.047212	5.073371	0.000000	
898.050000	-12.065890	5.056762	0.000000	
898.100000	-12.084546	5.040128	0.000000	
898.150000	-12.103180	5.023468	0.000000	
898.200000	-12.121792	5.006783	0.000000	
898.250000	-12.140372	4.990061	0.000000	
898.300000	-12.158924	4.973306	0.000000	
898.350000	-12.177457	4.956531	0.000000	
898.400000	-12.195981	4.939744	0.000000	
898.450000	-12.214505	4.922957	0.000000	
898.500000	-12.233042	4.906185	0.000000	
898.550000	-12.251607	4.889444	0.000000	
898.600000	-12.270216	4.872755	0.000000	
898.650000	-12.288871	4.856115	0.000000	
898.700000	-12.307553	4.839507	0.000000	
898.750000	-12.326268	4.822935	0.000000	
898.800000	-12.345029	4.806416	0.000000	
898.850000	-12.363821	4.789933	0.000000	
898.900000	-12.382649	4.773492	0.000000	
898.950000	-12.401502	4.757080	0.000000	
899.000000	-12.420388	4.740706	0.000000	
899.050000	-12.439298	4.724359	0.000000	
899.100000	-12.458241	4.708050	0.000000	
899.150000	-12.477220	4.691782	0.000000	
899.200000	-12.496228	4.675547	0.000000	
899.250000	-12.515250	4.659329	0.000000	
899.300000	-12.534295	4.643137	0.000000	
899.350000	-12.553362	4.626971	0.000000	
899.400000	-12.572457	4.610836	0.000000	
899.450000	-12.591580	4.594734	0.000000	
899.500000	-12.610719	4.578651	0.000000	
899.550000	-12.629877	4.562590	0.000000	
899.600000	-12.649049	4.546547	0.000000	
899.650000	-12.668237	4.530523	0.000000	
899.700000	-12.687440	4.514518	0.000000	
899.750000	-12.706675	4.498550	0.000000	
899.800000	-12.725941	4.482621	0.000000	
899.850000	-12.745227	4.466716	0.000000	
899.900000	-12.764536	4.450840	0.000000	
899.950000	-12.783851	4.434972	0.000000	
900.000000	-12.803174	4.419113	0.000000	
900.050000	-12.822516	4.403277	0.000000	
900.100000	-12.841879	4.387468	0.000000	
900.150000	-12.861263	4.371682	0.000000	
900.200000	-12.880657	4.355910	0.000000	
900.250000	-12.900052	4.340139	0.000000	
900.300000	-12.919445	4.324365	0.000000	
900.350000	-12.938830	4.308583	0.000000	
900.400000	-12.958202	4.292784	0.000000	
900.450000	-12.977546	4.276954	0.000000	
900.500000	-12.996868	4.261097	0.000000	
900.550000	-13.016183	4.245233	0.000000	
900.600000	-13.035481	4.229347	0.000000	
900.650000	-13.054752	4.213431	0.000000	
900.700000	-13.073984	4.197468	0.000000	
900.750000	-13.093180	4.181462	0.000000	
900.800000	-13.112325	4.165398	0.000000	
900.850000	-13.131411	4.149263	0.000000	
900.900000	-13.150446	4.133066	0.000000	
900.950000	-13.169432	4.116811	0.000000	
901.000000	-13.188367	4.100497	0.000000	
901.050000	-13.207256	4.084128	0.000000	
901.100000	-13.226095	4.067702	0.000000	
901.150000	-13.244883	4.051216	0.000000	
901.200000	-13.263615	4.034665	0.000000	
901.250000	-13.282298	4.018058	0.000000	
901.300000	-13.300936	4.001399	0.000000	
901.350000	-13.319524	3.984686	0.000000	
901.400000	-13.338067	3.967922	0.000000	
901.450000	-13.356577	3.951123	0.000000	
901.500000	-13.375060	3.934294	0.000000	
901.550000	-13.393506	3.917425	0.000000	
901.600000	-13.411903	3.900503	0.000000	
901.650000	-13.430260	3.883536	0.000000	
901.700000	-13.448591	3.866540	0.000000	
901.750000	-13.466924	3.849547	0.000000	
901.800000	-13.485284	3.832585	0.000000	
901.850000	-13.503703	3.815694	0.000000	
901.900000	-13.522202	3.798901	0.000000	
901.950000	-13.540795	3.782225	0.000000	
902.000000	-13.559505	3.765706	0.000000	
902.050000	-13.578377	3.749411	0.000000	
902.100000	-13.597434	3.733386	0.000000	
902.150000	-13.616693	3.717671	0.000000	
902.200000	-13.636184	3.702323	0.000000	
902.250000	-13.655930	3.687401	0.000000	
902.300000	-13.675945	3.672959	0.000000	
902.350000	-13.696245	3.659045	0.000000	
902.400000	-13.716850	3.645707	0.000000	
902.450000	-13.737776	3.633004	0.000000	
902.500000	-13.759020	3.620974	0.000000	
902.550000	-13.780587	3.609629	0.000000	
902.600000	-13.802480	3.598994	0.000000	
902.650000	-13.824702	3.589074	0.000000	
902.700000	-13.847248	3.579881	0.000000	
902.750000	-13.870114	3.571412	0.000000	
902.800000	-13.893275	3.563642	0.000000	
902.850000	-13.916706	3.556534	0.000000	
902.900000	-13.940382	3.550054	0.000000	
902.950000	-13.964284	3.544168	0.000000	
903.000000	-13.988390	3.538837	0.000000	
903.050000	-14.012676	3.534034	0.000000	
903.100000	-14.037105	3.529690	0.000000	
903.150000	-14.061654	3.525751	0.000000	
903.200000	-14.086299	3.522156	0.000000	
903.250000	-14.111019	3.518855	0.000000	
903.300000	-14.135792	3.515778	0.000000	
903.350000	-14.160600	3.512863	0.000000	
903.400000	-14.185430	3.510068	0.000000	
903.450000	-14.210273	3.507341	0.000000	
903.500000	-14.235118	3.504628	0.000000	
903.550000	-14.259960	3.501888	0.000000	
903.600000	-14.284797	3.499121	0.000000	
903.650000	-14.309628	3.496292	0.000000	
903.700000	-14.334451	3.493404	0.000000	
903.750000	-14.359262	3.490419	0.000000	
903.800000	-14.384061	3.487329	0.000000	
903.850000	-14.408847	3.484132	0.000000	
903.900000	-14.433619	3.480829	0.000000	
903.950000	-14.458379	3.477431	0.000000	
904.000000	-14.483131	3.473960	0.000000	
904.050000	-14.507872	3.470415	0.000000	
904.100000	-14.532599	3.466768	0.000000	
904.150000	-14.557314	3.463028	0.000000	
904.200000	-14.582014	3.459192	0.000000	
904.250000	-14.606700	3.455267	0.000000	
904.300000	-14.631370	3.451250	0.000000	
904.350000	-14.656030	3.447168	0.000000	
904.400000	-14.680682	3.443039	0.000000	
904.450000	-14.705327	3.438859	0.000000	
904.500000	-14.729961	3.434625	0.000000	
904.550000	-14.754589	3.430353	0.000000	
904.600000	-14.779212	3.426049	0.000000	
904.650000	-14.803831	3.421716	0.000000	
904.700000	-14.828446	3.417361	0.000000	
904.750000	-14.853055	3.412969	0.000000	
904.800000	-14.877659	3.408550	0.000000	
904.850000	-14.902261	3.404115	0.000000	
904.900000	-14.926862	3.399675	0.000000	
904.950000	-14.951463	3.395235	0.000000	
905.000000	-14.976064	3.390801	0.000000	
905.050000	-15.000667	3.386371	0.000000	
905.100000	-15.025271	3.381954	0.000000	
905.150000	-15.049881	3.377570	0.000000	
905.200000	-15.074499	3.373236	0.000000	
905.250000	-15.099127	3.368970	0.000000	
905.300000	-15.123770	3.364787	0.000000	
905.350000	-15.148429	3.360713	0.000000	
905.400000	-15.173102	3.356722	0.000000	
905.450000	-15.197784	3.352790	0.000000	
905.500000	-15.222475	3.348917	0.000000	
905.550000	-15.247178	3.345117	0.000000	
905.600000	-15.271888	3.341358	0.000000	
905.650000	-15.296606	3.337646	0.000000	
905.700000	-15.321328	3.333964	0.000000	
905.750000	-15.346053	3.330306	0.000000	
905.800000	-15.370784	3.326675	0.000000	
905.850000	-15.395517	3.323061	0.000000	
905.900000	-15.420255	3.319471	0.000000	
905.950000	-15.444994	3.315894	0.000000	
906.000000	-15.469734	3.312315	0.000000	
906.050000	-15.494470	3.308718	0.000000	
906.100000	-15.519203	3.305100	0.000000	
906.150000	-15.543936	3.301483	0.000000	
906.200000	-15.568667	3.297851	0.000000	
906.250000	-15.593392	3.294186	0.000000	
906.300000	-15.618115	3.290497	0.000000	
906.350000	-15.642831	3.286767	0.000000	
906.400000	-15.667539	3.282975	0.000000	
906.450000	-15.692236	3.279113	0.000000	
906.500000	-15.716924	3.275190	0.000000	
906.550000	-15.741606	3.271230	0.000000	
906.600000	-15.766282	3.267224	0.000000	
906.650000	-15.790952	3.263190	0.000000	
906.700000	-15.815617	3.259118	0.000000	
906.750000	-15.840280	3.255033	0.000000	
906.800000	-15.864942	3.250940	0.000000	
906.850000	-15.889602	3.246836	0.000000	
906.900000	-15.914262	3.242731	0.000000	
906.950000	-15.938921	3.238623	0.000000	
907.000000	-15.963577	3.234495	0.000000	
907.050000	-15.988231	3.230354	0.000000	
907.100000	-16.012882	3.226199	0.000000	
907.150000	-16.037527	3.222012	0.000000	
907.200000	-16.062166	3.217788	0.000000	
907.250000	-16.086798	3.213529	0.000000	
907.300000	-16.111421	3.209219	0.000000	
907.350000	-16.136032	3.204845	0.000000	
907.400000	-16.160635	3.200423	0.000000	
907.450000	-16.185230	3.195961	0.000000	
907.500000	-16.209818	3.191464	0.000000	
907.550000	-16.234401	3.186938	0.000000	
907.600000	-16.258977	3.182376	0.000000	
907.650000	-16.283547	3.177782	0.000000	
907.700000	-16.308108	3.173139	0.000000	
907.750000	-16.332660	3.168455	0.000000	
907.800000	-16.357202	3.163708	0.000000	
907.850000	-16.381733	3.158905	0.000000	
907.900000	-16.406253	3.154040	0.000000	
907.950000	-16.430762	3.149119	0.000000	
908.000000	-16.455263	3.144156	0.000000	
908.050000	-16.479760	3.139175	0.000000	
908.100000	-16.504259	3.134199	0.000000	
908.150000	-16.528757	3.129220	0.000000	
908.200000	-16.553257	3.124250	0.000000	
908.250000	-16.577756	3.119277	0.000000	
908.300000	-16.602254	3.114296	0.000000	
908.350000	-16.626753	3.109324	0.000000	
908.400000	-16.651254	3.104358	0.000000	
908.450000	-16.675753	3.099382	0.000000	
908.500000	-16.700247	3.094386	0.000000	
908.550000	-16.724743	3.089396	0.000000	
908.600000	-16.749236	3.084396	0.000000	
908.650000	-16.773726	3.079375	0.000000	
908.700000	-16.798210	3.074331	0.000000	
908.750000	-16.822694	3.069287	0.000000	
908.800000	-16.847172	3.064215	0.000000	
908.850000	-16.871647	3.059126	0.000000	
908.900000	-16.896117	3.054015	0.000000	
908.950000	-16.920587	3.048905	0.000000	
909.000000	-16.945055	3.043784	0.000000	
909.050000	-16.969515	3.038630	0.000000	
909.100000	-16.993972	3.033455	0.000000	
909.150000	-17.018426	3.028268	0.000000	
909.200000	-17.042886	3.023117	0.000000	
909.250000	-17.067358	3.018039	0.000000	
909.300000	-17.091846	3.013076	0.000000	
909.350000	-17.116355	3.008265	0.000000	
909.400000	-17.140885	3.003634	0.000000	
909.450000	-17.165441	2.999235	0.000000	
909.500000	-17.190021	2.995121	0.000000	
909.550000	-17.214626	2.991353	0.000000	
909.600000	-17.239247	2.987971	0.000000	
909.650000	-17.263879	2.985030	0.000000	
909.700000	-17.288515	2.982569	0.000000	
909.750000	-17.313153	2.980625	0.000000	
909.800000	-17.337780	2.979231	0.000000	
909.850000	-17.362391	2.978433	0.000000	
909.900000	-17.386979	2.978239	0.000000	
909.950000	-17.411534	2.978684	0.000000	
910.000000	-17.436058	2.979757	0.000000	
910.050000	-17.460549	2.981472	0.000000	
910.100000	-17.485012	2.983825	0.000000	
910.150000	-17.509446	2.986785	0.000000	
910.200000	-17.533846	2.990327	0.000000	
910.250000	-17.558205	2.994420	0.000000	
910.300000	-17.582520	2.999018	0.000000	
910.350000	-17.606790	3.004063	0.000000	
910.400000	-17.631014	3.009531	0.000000	
910.450000	-17.655188	3.015396	0.000000	
910.500000	-17.679309	3.021624	0.000000	
910.550000	-17.703374	3.028175	0.000000	
910.600000	-17.727384	3.035004	0.000000	
910.650000	-17.751344	3.042059	0.000000	
910.700000	-17.775256	3.049304	0.000000	
910.750000	-17.799127	3.056702	0.000000	
910.800000	-17.822958	3.064245	0.000000	
910.850000	-17.846752	3.071904	0.000000	
910.900000	-17.870516	3.079652	0.000000	
910.950000	-17.894254	3.087476	0.000000	
911.000000	-17.917981	3.095334	0.000000	
911.050000	-17.941693	3.103232	0.000000	
911.100000	-17.965396	3.111159	0.000000	
911.150000	-17.989091	3.119107	0.000000	
911.200000	-18.012779	3.127077	0.000000	
911.250000	-18.036461	3.135065	0.000000	
911.300000	-18.060135	3.143078	0.000000	
911.350000	-18.083795	3.151134	0.000000	
911.400000	-18.107432	3.159259	0.000000	
911.450000	-18.131050	3.167442	0.000000	
911.500000	-18.154645	3.175694	0.000000	
911.550000	-18.178215	3.184016	0.000000	
911.600000	-18.201762	3.192408	0.000000	
911.650000	-18.225279	3.200878	0.000000	
911.700000	-18.248775	3.209407	0.000000	
911.750000	-18.272255	3.217982	0.000000	
911.800000	-18.295721	3.226597	0.000000	
911.850000	-18.319171	3.235251	0.000000	
911.900000	-18.342618	3.243917	0.000000	
911.950000	-18.366068	3.252573	0.000000	
912.000000	-18.389524	3.261213	0.000000	
912.050000	-18.412986	3.269836	0.000000	
912.100000	-18.436453	3.278446	0.000000	
912.150000	-18.459923	3.287047	0.000000	
912.200000	-18.483391	3.295654	0.000000	
912.250000	-18.506857	3.304265	0.000000	
912.300000	-18.530317	3.312897	0.000000	
912.350000	-18.553771	3.321545	0.000000	
912.400000	-18.577216	3.330215	0.000000	
912.450000	-18.600654	3.338908	0.000000	
912.500000	-18.624073	3.347647	0.000000	
912.550000	-18.647478	3.356423	0.000000	
912.600000	-18.670879	3.365211	0.000000	
912.650000	-18.694279	3.374000	0.000000	
912.700000	-18.717683	3.382781	0.000000	
912.750000	-18.741080	3.391578	0.000000	
912.800000	-18.764465	3.400406	0.000000	
912.850000	-18.787842	3.409253	0.000000	
912.900000	-18.811211	3.418121	0.000000	
912.950000	-18.834565	3.427025	0.000000	
913.000000	-18.857894	3.435995	0.000000	
913.050000	-18.881201	3.445017	0.000000	
913.100000	-18.904480	3.454113	0.000000	
913.150000	-18.927737	3.463265	0.000000	
913.200000	-18.950975	3.472468	0.000000	
913.250000	-18.974187	3.481738	0.000000	
913.300000	-18.997366	3.491095	0.000000	
913.350000	-19.020508	3.500541	0.000000	
913.400000	-19.043622	3.510061	0.000000	
913.450000	-19.066716	3.519628	0.000000	
913.500000	-19.089795	3.529235	0.000000	
913.550000	-19.112860	3.538873	0.000000	
913.600000	-19.135920	3.548523	0.000000	
913.650000	-19.158969	3.558200	0.000000	
913.700000	-19.182007	3.567905	0.000000	
913.750000	-19.205031	3.577645	0.000000	
913.800000	-19.228051	3.587393	0.000000	
913.850000	-19.251069	3.597145	0.000000	
913.900000	-19.274081	3.606914	0.000000	
913.950000	-19.297087	3.616695	0.000000	
914.000000	-19.320095	3.626472	0.000000	
914.050000	-19.343110	3.636233	0.000000	
914.100000	-19.366129	3.645984	0.000000	
914.150000	-19.389149	3.655732	0.000000	
914.200000	-19.412167	3.665485	0.000000	
914.250000	-19.435177	3.675259	0.000000	
914.300000	-19.458183	3.685041	0.000000	
914.350000	-19.481192	3.694815	0.000000	
914.400000	-19.504210	3.704571	0.000000	
914.450000	-19.527230	3.714319	0.000000	
914.500000	-19.550248	3.724075	0.000000	
914.550000	-19.573262	3.733838	0.000000	
914.600000	-19.596275	3.743604	0.000000	
914.650000	-19.619278	3.753394	0.000000	
914.700000	-19.642266	3.763216	0.000000	
914.750000	-19.665234	3.773085	0.000000	
914.800000	-19.688185	3.782990	0.000000	
914.850000	-19.711111	3.792952	0.000000	
914.900000	-19.734008	3.802979	0.000000	
914.950000	-19.756875	3.813070	0.000000	
915.000000	-19.779721	3.823208	0.000000	
915.050000	-19.802536	3.833413	0.000000	
915.100000	-19.825318	3.843692	0.000000	
915.150000	-19.848057	3.854064	0.000000	
915.200000	-19.870764	3.864505	0.000000	
915.250000	-19.893428	3.875037	0.000000	
915.300000	-19.916061	3.885637	0.000000	
915.350000	-19.938665	3.896297	0.000000	
915.400000	-19.961246	3.907010	0.000000	
915.450000	-19.983810	3.917761	0.000000	
915.500000	-20.006361	3.928540	0.000000	
915.550000	-20.028902	3.939341	0.000000	
915.600000	-20.051429	3.950174	0.000000	
915.650000	-20.073949	3.961023	0.000000	
915.700000	-20.096464	3.971881	0.000000	
915.750000	-20.118985	3.982727	0.000000	
915.800000	-20.141521	3.993539	0.000000	
915.850000	-20.164067	4.004332	0.000000	
915.900000	-20.186629	4.015087	0.000000	
915.950000	-20.209214	4.025794	0.000000	
916.000000	-20.231817	4.036462	0.000000	
916.050000	-20.254439	4.047087	0.000000	
916.100000	-20.277087	4.057657	0.000000	
916.150000	-20.299761	4.068173	0.000000	
916.200000	-20.322462	4.078631	0.000000	
916.250000	-20.345193	4.089025	0.000000	
916.300000	-20.367964	4.099333	0.000000	
916.350000	-20.390776	4.109553	0.000000	
916.400000	-20.413621	4.119701	0.000000	
916.450000	-20.436497	4.129776	0.000000	
916.500000	-20.459404	4.139782	0.000000	
916.550000	-20.482342	4.149712	0.000000	
916.600000	-20.505309	4.159575	0.000000	
916.650000	-20.528312	4.169353	0.000000	
916.700000	-20.551350	4.179046	0.000000	
916.750000	-20.574425	4.188646	0.000000	
916.800000	-20.597535	4.198160	0.000000	
916.850000	-20.620679	4.207586	0.000000	
916.900000	-20.643867	4.216899	0.000000	
916.950000	-20.667095	4.226106	0.000000	
917.000000	-20.690366	4.235203	0.000000	
917.050000	-20.713682	4.244178	0.000000	
917.100000	-20.737045	4.253028	0.000000	
917.150000	-20.760452	4.261759	0.000000	
917.200000	-20.783906	4.270361	0.000000	
917.250000	-20.807411	4.278828	0.000000	
917.300000	-20.830965	4.287159	0.000000	
917.350000	-20.854565	4.295363	0.000000	
917.400000	-20.878205	4.303452	0.000000	
917.450000	-20.901886	4.311423	0.000000	
917.500000	-20.925605	4.319290	0.000000	
917.550000	-20.949355	4.327065	0.000000	
917.600000	-20.973129	4.334772	0.000000	
917.650000	-20.996932	4.342392	0.000000	
917.700000	-21.020760	4.349944	0.000000	
917.750000	-21.044603	4.357448	0.000000	
917.800000	-21.068460	4.364912	0.000000	
917.850000	-21.092329	4.372342	0.000000	
917.900000	-21.116204	4.379751	0.000000	
917.950000	-21.140080	4.387159	0.000000	
918.000000	-21.163956	4.394566	0.000000	
918.050000	-21.187830	4.401981	0.000000	
918.100000	-21.211695	4.409421	0.000000	
918.150000	-21.235544	4.416910	0.000000	
918.200000	-21.259373	4.424457	0.000000	
918.250000	-21.283178	4.432075	0.000000	
918.300000	-21.306955	4.439776	0.000000	
918.350000	-21.330697	4.447577	0.000000	
918.400000	-21.354405	4.455478	0.000000	
918.450000	-21.378077	4.463482	0.000000	
918.500000	-21.401720	4.471572	0.000000	
918.550000	-21.425331	4.479755	0.000000	
918.600000	-21.448908	4.488034	0.000000	
918.650000	-21.472461	4.496385	0.000000	
918.700000	-21.495989	4.504808	0.000000	
918.750000	-21.519503	4.513274	0.000000	
918.800000	-21.543007	4.521772	0.000000	
918.850000	-21.566496	4.530310	0.000000	
918.900000	-21.589972	4.538888	0.000000	
918.950000	-21.613436	4.547503	0.000000	
919.000000	-21.636875	4.556186	0.000000	
919.050000	-21.660277	4.564966	0.000000	
919.100000	-21.683626	4.573880	0.000000	
919.150000	-21.706901	4.582963	0.000000	
919.200000	-21.730089	4.592236	0.000000	
919.250000	-21.753161	4.601744	0.000000	
919.300000	-21.776091	4.611520	0.000000	
919.350000	-21.798846	4.621601	0.000000	
919.400000	-21.821393	4.632025	0.000000	
919.450000	-21.843688	4.642842	0.000000	
919.500000	-21.865696	4.654082	0.000000	
919.550000	-21.887382	4.665788	0.000000	
919.600000	-21.908704	4.677986	0.000000	
919.650000	-21.929625	4.690705	0.000000	
919.700000	-21.950099	4.703986	0.000000	
919.750000	-21.970095	4.717859	0.000000	
919.800000	-21.989580	4.732354	0.000000	
919.850000	-22.008541	4.747484	0.000000	
919.900000	-22.026976	4.763243	0.000000	
919.950000	-22.044898	4.779625	0.000000	
920.000000	-22.062318	4.796620	0.000000	
920.050000	-22.079266	4.814182	0.000000	
920.100000	-22.095756	4.832284	0.000000	
920.150000	-22.111795	4.850890	0.000000	
920.200000	-22.127398	4.869957	0.000000	
920.250000	-22.142577	4.889457	0.000000	
920.300000	-22.157367	4.909335	0.000000	
920.350000	-22.171792	4.929549	0.000000	
920.400000	-22.185890	4.950050	0.000000	
920.450000	-22.199695	4.970796	0.000000	
920.500000	-22.213253	4.991736	0.000000	
920.550000	-22.226593	5.012841	0.000000	
920.600000	-22.239755	5.034077	0.000000	
920.650000	-22.252773	5.055411	0.000000	
920.700000	-22.265682	5.076816	0.000000	
920.750000	-22.278532	5.098258	0.000000	
920.800000	-22.291353	5.119719	0.000000	
920.850000	-22.304186	5.141172	0.000000	
920.900000	-22.317053	5.162605	0.000000	
920.950000	-22.329955	5.184017	0.000000	
921.000000	-22.342894	5.205406	0.000000	
921.050000	-22.355851	5.226783	0.000000	
921.100000	-22.368804	5.248163	0.000000	
921.150000	-22.381753	5.269546	0.000000	
921.200000	-22.394720	5.290917	0.000000	
921.250000	-22.407701	5.312280	0.000000	
921.300000	-22.420712	5.333624	0.000000	
921.350000	-22.433752	5.354950	0.000000	
921.400000	-22.446819	5.376260	0.000000	
921.450000	-22.459916	5.397551	0.000000	
921.500000	-22.473060	5.418813	0.000000	
921.550000	-22.486241	5.440053	0.000000	
921.600000	-22.499454	5.461272	0.000000	
921.650000	-22.512696	5.482474	0.000000	
921.700000	-22.525986	5.503646	0.000000	
921.750000	-22.539342	5.524777	0.000000	
921.800000	-22.552737	5.545884	0.000000	
921.850000	-22.566178	5.566961	0.000000	
921.900000	-22.579662	5.588012	0.000000	
921.950000	-22.593170	5.609047	0.000000	
922.000000	-22.606713	5.630059	0.000000	
922.050000	-22.620273	5.651060	0.000000	
922.100000	-22.633862	5.672043	0.000000	
922.150000	-22.647483	5.693004	0.000000	
922.200000	-22.661135	5.713945	0.000000	
922.250000	-22.674808	5.734872	0.000000	
922.300000	-22.688512	5.755780	0.000000	
922.350000	-22.702234	5.776676	0.000000	
922.400000	-22.715981	5.797555	0.000000	
922.450000	-22.729777	5.818402	0.000000	
922.500000	-22.743623	5.839215	0.000000	
922.550000	-22.757494	5.860012	0.000000	
922.600000	-22.771390	5.880791	0.000000	
922.650000	-22.785319	5.901550	0.000000	
922.700000	-22.799276	5.922289	0.000000	
922.750000	-22.813256	5.943014	0.000000	
922.800000	-22.827260	5.963722	0.000000	
922.850000	-22.841307	5.984401	0.000000	
922.900000	-22.855373	6.005067	0.000000	
922.950000	-22.869447	6.025728	0.000000	
923.000000	-22.883540	6.046376	0.000000	
923.050000	-22.897650	6.067012	0.000000	
923.100000	-22.911791	6.087626	0.000000	
923.150000	-22.925970	6.108215	0.000000	
923.200000	-22.940180	6.128781	0.000000	
923.250000	-22.954429	6.149321	0.000000	
923.300000	-22.968719	6.169831	0.000000	
923.350000	-22.983044	6.190317	0.000000	
923.400000	-22.997415	6.210771	0.000000	
923.450000	-23.011830	6.231194	0.000000	
923.500000	-23.026265	6.251602	0.000000	
923.550000	-23.040698	6.272012	0.000000	
923.600000	-23.055135	6.292419	0.000000	
923.650000	-23.069586	6.312817	0.000000	
923.700000	-23.084064	6.333195	0.000000	
923.750000	-23.098569	6.353555	0.000000	
923.800000	-23.113098	6.373898	0.000000	
923.850000	-23.127639	6.394232	0.000000	
923.900000	-23.142176	6.414570	0.000000	
923.950000	-23.156712	6.434907	0.000000	
924.000000	-23.171253	6.455241	0.000000	
924.050000	-23.185785	6.475582	0.000000	
924.100000	-23.200295	6.495938	0.000000	
924.150000	-23.214759	6.516324	0.000000	
924.200000	-23.229160	6.536755	0.000000	
924.250000	-23.243510	6.557219	0.000000	
924.300000	-23.257791	6.577731	0.000000	
924.350000	-23.272001	6.598290	0.000000	
924.400000	-23.286145	6.618894	0.000000	
924.450000	-23.300205	6.639554	0.000000	
924.500000	-23.314175	6.660276	0.000000	
924.550000	-23.328055	6.681057	0.000000	
924.600000	-23.341863	6.701884	0.000000	
924.650000	-23.355600	6.722758	0.000000	
924.700000	-23.369249	6.743689	0.000000	
924.750000	-23.382799	6.764683	0.000000	
924.800000	-23.396265	6.785732	0.000000	
924.850000	-23.409637	6.806842	0.000000	
924.900000	-23.422918	6.828012	0.000000	
924.950000	-23.436113	6.849237	0.000000	
925.000000	-23.449226	6.870514	0.000000	
925.050000	-23.462271	6.891835	0.000000	
925.100000	-23.475265	6.913187	0.000000	
925.150000	-23.488220	6.934566	0.000000	
925.200000	-23.501148	6.955961	0.000000	
925.250000	-23.514052	6.977371	0.000000	
925.300000	-23.526943	6.998789	0.000000	
925.350000	-23.539825	7.020213	0.000000	
925.400000	-23.552684	7.041650	0.000000	
925.450000	-23.565519	7.063103	0.000000	
925.500000	-23.578355	7.084554	0.000000	
925.550000	-23.591187	7.106009	0.000000	
925.600000	-23.604019	7.127463	0.000000	
925.650000	-23.616836	7.148926	0.000000	
925.700000	-23.629656	7.170387	0.000000	
925.750000	-23.642486	7.191843	0.000000	
925.800000	-23.655305	7.213305	0.000000	
925.850000	-23.668098	7.234782	0.000000	
925.900000	-23.680874	7.256268	0.000000	
925.950000	-23.693633	7.277765	0.000000	
926.000000	-23.706391	7.299262	0.000000	
926.050000	-23.719144	7.320762	0.000000	
926.100000	-23.731869	7.342278	0.000000	
926.150000	-23.744553	7.363817	0.000000	
926.200000	-23.757209	7.385374	0.000000	
926.250000	-23.769829	7.406951	0.000000	
926.300000	-23.782415	7.428549	0.000000	
926.350000	-23.794939	7.450182	0.000000	
926.400000	-23.807410	7.471846	0.000000	
926.450000	-23.819843	7.493533	0.000000	
926.500000	-23.832227	7.515246	0.000000	
926.550000	-23.844551	7.536994	0.000000	
926.600000	-23.856814	7.558777	0.000000	
926.650000	-23.869014	7.580594	0.000000	
926.700000	-23.881159	7.602442	0.000000	
926.750000	-23.893242	7.624325	0.000000	
926.800000	-23.905287	7.646228	0.000000	
926.850000	-23.917326	7.668136	0.000000	
926.900000	-23.929367	7.690043	0.000000	
926.950000	-23.941415	7.711945	0.000000	
927.000000	-23.953474	7.733841	0.000000	
927.050000	-23.965548	7.755728	0.000000	
927.100000	-23.977639	7.777606	0.000000	
927.150000	-23.989754	7.799469	0.000000	
927.200000	-24.001904	7.821313	0.000000	
927.250000	-24.014082	7.843139	0.000000	
927.300000	-24.026308	7.864938	0.000000	
927.350000	-24.038593	7.886701	0.000000	
927.400000	-24.050960	7.908415	0.000000	
927.450000	-24.063400	7.930086	0.000000	
927.500000	-24.075902	7.951720	0.000000	
927.550000	-24.088495	7.973300	0.000000	
927.600000	-24.101165	7.994837	0.000000	
927.650000	-24.113912	8.016327	0.000000	
927.700000	-24.126762	8.037758	0.000000	
927.750000	-24.139722	8.059126	0.000000	
927.800000	-24.152783	8.080433	0.000000	
927.850000	-24.165926	8.101691	0.000000	
927.900000	-24.179142	8.122905	0.000000	
927.950000	-24.192430	8.144076	0.000000	
928.000000	-24.205764	8.165218	0.000000	
928.050000	-24.219135	8.186339	0.000000	
928.100000	-24.232531	8.207443	0.000000	
928.150000	-24.245971	8.228520	0.000000	
928.200000	-24.259444	8.249577	0.000000	
928.250000	-24.272952	8.270612	0.000000	
928.300000	-24.286473	8.291640	0.000000	
928.350000	-24.299992	8.312668	0.000000	
928.400000	-24.313500	8.333703	0.000000	
928.450000	-24.327000	8.354744	0.000000	
928.500000	-24.340485	8.375794	0.000000	
928.550000	-24.353976	8.396841	0.000000	
928.600000	-24.367452	8.417897	0.000000	
928.650000	-24.380927	8.438953	0.000000	
928.700000	-24.394394	8.460015	0.000000	
928.750000	-24.407847	8.481085	0.000000	
928.800000	-24.421290	8.502162	0.000000	
928.850000	-24.434720	8.523248	0.000000	
928.900000	-24.448153	8.544331	0.000000	
928.950000	-24.461592	8.565411	0.000000	
929.000000	-24.475024	8.586495	0.000000	
929.050000	-24.488474	8.607567	0.000000	
929.100000	-24.501937	8.628632	0.000000	
929.150000	-24.515406	8.649691	0.000000	
929.200000	-24.528856	8.670764	0.000000	
929.250000	-24.542286	8.691849	0.000000	
929.300000	-24.555676	8.712958	0.000000	
929.350000	-24.569039	8.734084	0.000000	
929.400000	-24.582371	8.755229	0.000000	
929.450000	-24.595666	8.776396	0.000000	
929.500000	-24.608886	8.797607	0.000000	
929.550000	-24.622022	8.818865	0.000000	
929.600000	-24.635014	8.840203	0.000000	
929.650000	-24.647823	8.861634	0.000000	
929.700000	-24.660410	8.883175	0.000000	
929.750000	-24.672731	8.904839	0.000000	
929.800000	-24.684725	8.926647	0.000000	
929.850000	-24.696333	8.948615	0.000000	
929.900000	-24.707517	8.970751	0.000000	
929.950000	-24.718202	8.993071	0.000000	
930.000000	-24.728331	9.015588	0.000000	
930.050000	-24.737887	9.038293	0.000000	
930.100000	-24.746816	9.061196	0.000000	
930.150000	-24.755086	9.084291	0.000000	
930.200000	-24.762667	9.107575	0.000000	
930.250000	-24.769543	9.131038	0.000000	
930.300000	-24.775714	9.154670	0.000000	
930.350000	-24.781184	9.178463	0.000000	
930.400000	-24.785940	9.202417	0.000000	
930.450000	-24.789994	9.226529	0.000000	
930.500000	-24.793360	9.250795	0.000000	
930.550000	-24.796065	9.275201	0.000000	
930.600000	-24.798137	9.299736	0.000000	
930.650000	-24.799630	9.324377	0.000000	
930.700000	-24.800592	9.349105	0.000000	
930.750000	-24.801042	9.373902	0.000000	
930.800000	-24.801033	9.398752	0.000000	
930.850000	-24.800624	9.423639	0.000000	
930.900000	-24.799875	9.448551	0.000000	
930.950000	-24.798838	9.473482	0.000000	
931.000000	-24.797593	9.498421	0.000000	
931.050000	-24.796193	9.523364	0.000000	
931.100000	-24.794678	9.548308	0.000000	
931.150000	-24.793101	9.573252	0.000000	
931.200000	-24.791510	9.598196	0.000000	
931.250000	-24.789935	9.623141	0.000000	
931.300000	-24.788412	9.648088	0.000000	
931.350000	-24.786954	9.673037	0.000000	
931.400000	-24.785559	9.697990	0.000000	
931.450000	-24.784237	9.722948	0.000000	
931.500000	-24.782977	9.747909	0.000000	
931.550000	-24.781785	9.772874	0.000000	
931.600000	-24.780670	9.797842	0.000000	
931.650000	-24.779613	9.822813	0.000000	
931.700000	-24.778613	9.847787	0.000000	
931.750000	-24.777662	9.872763	0.000000	
931.800000	-24.776763	9.897742	0.000000	
931.850000	-24.775925	9.922725	0.000000	
931.900000	-24.775133	9.947710	0.000000	
931.950000	-24.774385	9.972698	0.000000	
932.000000	-24.773663	9.997687	0.000000	
932.050000	-24.772970	10.022676	0.000000	
932.100000	-24.772292	10.047667	0.000000	
932.150000	-24.771607	10.072657	0.000000	
932.200000	-24.770916	10.097646	0.000000	
932.250000	-24.770202	10.122636	0.000000	
932.300000	-24.769467	10.147624	0.000000	
932.350000	-24.768714	10.172612	0.000000	
932.400000	-24.767936	10.197599	0.000000	
932.450000	-24.767146	10.222586	0.000000	
932.500000	-24.766344	10.247572	0.000000	
932.550000	-24.765529	10.272558	0.000000	
932.600000	-24.764690	10.297544	0.000000	
932.650000	-24.763828	10.322528	0.000000	
932.700000	-24.762947	10.347512	0.000000	
932.750000	-24.762056	10.372496	0.000000	
932.800000	-24.761177	10.397480	0.000000	
932.850000	-24.760333	10.422465	0.000000	
932.900000	-24.759526	10.447450	0.000000	
932.950000	-24.758772	10.472436	0.000000	
933.000000	-24.758069	10.497423	0.000000	
933.050000	-24.757407	10.522410	0.000000	
933.100000	-24.756755	10.547398	0.000000	
933.150000	-24.756133	10.572386	0.000000	
933.200000	-24.755544	10.597375	0.000000	
933.250000	-24.754978	10.622365	0.000000	
933.300000	-24.754455	10.647355	0.000000	
933.350000	-24.753975	10.672347	0.000000	
933.400000	-24.753527	10.697339	0.000000	
933.450000	-24.753100	10.722332	0.000000	
933.500000	-24.752689	10.747325	0.000000	
933.550000	-24.752304	10.772319	0.000000	
933.600000	-24.751942	10.797314	0.000000	
933.650000	-24.751604	10.822310	0.000000	
933.700000	-24.751270	10.847306	0.000000	
933.750000	-24.750943	10.872302	0.000000	
933.800000	-24.750602	10.897297	0.000000	
933.850000	-24.750241	10.922293	0.000000	
933.900000	-24.749853	10.947287	0.000000	
933.950000	-24.749443	10.972281	0.000000	
934.000000	-24.749012	10.997276	0.000000	
934.050000	-24.748546	11.022270	0.000000	
934.100000	-24.748039	11.047263	0.000000	
934.150000	-24.747501	11.072256	0.000000	
934.200000	-24.746904	11.097247	0.000000	
934.250000	-24.746266	11.122236	0.000000	
934.300000	-24.745577	11.147224	0.000000	
934.350000	-24.744817	11.172210	0.000000	
934.400000	-24.743986	11.197193	0.000000	
934.450000	-24.743073	11.222172	0.000000	
934.500000	-24.742107	11.247149	0.000000	
934.550000	-24.741077	11.272123	0.000000	
934.600000	-24.739962	11.297093	0.000000	
934.650000	-24.738764	11.322057	0.000000	
934.700000	-24.737485	11.347017	0.000000	
934.750000	-24.736130	11.371972	0.000000	
934.800000	-24.734702	11.396922	0.000000	
934.850000	-24.733198	11.421866	0.000000	
934.900000	-24.731624	11.446807	0.000000	
934.950000	-24.729974	11.471742	0.000000	
935.000000	-24.728227	11.496672	0.000000	
935.050000	-24.726388	11.521597	0.000000	
935.100000	-24.724453	11.546516	0.000000	
935.150000	-24.722456	11.571432	0.000000	
935.200000	-24.720386	11.596342	0.000000	
935.250000	-24.718268	11.621249	0.000000	
935.300000	-24.716108	11.646153	0.000000	
935.350000	-24.713912	11.671055	0.000000	
935.400000	-24.711705	11.695955	0.000000	
935.450000	-24.709502	11.720856	0.000000	
935.500000	-24.707332	11.745760	0.000000	
935.550000	-24.705185	11.770664	0.000000	
935.600000	-24.703070	11.795571	0.000000	
935.650000	-24.700992	11.820480	0.000000	
935.700000	-24.698940	11.845391	0.000000	
935.750000	-24.696929	11.870306	0.000000	
935.800000	-24.694975	11.895224	0.000000	
935.850000	-24.693076	11.920147	0.000000	
935.900000	-24.691264	11.945075	0.000000	
935.950000	-24.689526	11.970008	0.000000	
936.000000	-24.687877	11.994947	0.000000	
936.050000	-24.686331	12.019891	0.000000	
936.100000	-24.684883	12.044839	0.000000	
936.150000	-24.683558	12.069794	0.000000	
936.200000	-24.682358	12.094753	0.000000	
936.250000	-24.681308	12.119718	0.000000	
936.300000	-24.680397	12.144688	0.000000	
936.350000	-24.679606	12.169661	0.000000	
936.400000	-24.678943	12.194639	0.000000	
936.450000	-24.678396	12.219619	0.000000	
936.500000	-24.677942	12.244602	0.000000	
936.550000	-24.677570	12.269586	0.000000	
936.600000	-24.677268	12.294570	0.000000	
936.650000	-24.677025	12.319557	0.000000	
936.700000	-24.676862	12.344545	0.000000	
936.750000	-24.676779	12.369537	0.000000	
936.800000	-24.676756	12.394530	0.000000	
936.850000	-24.676768	12.419525	0.000000	
936.900000	-24.676802	12.444520	0.000000	
936.950000	-24.676857	12.469516	0.000000	
937.000000	-24.676922	12.494513	0.000000	
937.050000	-24.676980	12.519509	0.000000	
937.100000	-24.677006	12.544504	0.000000	
937.150000	-24.676979	12.569498	0.000000	
937.200000	-24.676899	12.594491	0.000000	
937.250000	-24.676766	12.619483	0.000000	
937.300000	-24.676566	12.644475	0.000000	
937.350000	-24.676300	12.669467	0.000000	
937.400000	-24.675978	12.694459	0.000000	
937.450000	-24.675597	12.719450	0.000000	
937.500000	-24.675156	12.744442	0.000000	
937.550000	-24.674660	12.769433	0.000000	
937.600000	-24.674121	12.794424	0.000000	
937.650000	-24.673545	12.819415	0.000000	
937.700000	-24.672938	12.844406	0.000000	
937.750000	-24.672303	12.869396	0.000000	
937.800000	-24.671635	12.894386	0.000000	
937.850000	-24.670950	12.919376	0.000000	
937.900000	-24.670243	12.944365	0.000000	
937.950000	-24.669503	12.969353	0.000000	
938.000000	-24.668699	12.994338	0.000000	
938.050000	-24.667812	13.019318	0.000000	
938.100000	-24.666822	13.044291	0.000000	
938.150000	-24.665702	13.069252	0.000000	
938.200000	-24.664416	13.094193	0.000000	
938.250000	-24.662909	13.119103	0.000000	
938.300000	-24.661135	13.143976	0.000000	
938.350000	-24.659059	13.168800	0.000000	
938.400000	-24.656628	13.193557	0.000000	
938.450000	-24.653801	13.218235	0.000000	
938.500000	-24.650552	13.242822	0.000000	
938.550000	-24.646836	13.267302	0.000000	
938.600000	-24.642629	13.291660	0.000000	
938.650000	-24.637873	13.315872	0.000000	
938.700000	-24.632554	13.339932	0.000000	
938.750000	-24.626655	13.363822	0.000000	
938.800000	-24.620149	13.387534	0.000000	
938.850000	-24.613047	13.411065	0.000000	
938.900000	-24.605342	13.434416	0.000000	
938.950000	-24.597042	13.457582	0.000000	
939.000000	-24.588177	13.480568	0.000000	
939.050000	-24.578762	13.503376	0.000000	
939.100000	-24.568830	13.526011	0.000000	
939.150000	-24.558393	13.548466	0.000000	
939.200000	-24.547490	13.570746	0.000000	
939.250000	-24.536171	13.592861	0.000000	
939.300000	-24.524472	13.614813	0.000000	
939.350000	-24.512410	13.636602	0.000000	
939.400000	-24.500027	13.658241	0.000000	
939.450000	-24.487367	13.679739	0.000000	
939.500000	-24.474458	13.701105	0.000000	
939.550000	-24.461337	13.722357	0.000000	
939.600000	-24.448041	13.743511	0.000000	
939.650000	-24.434595	13.764576	0.000000	
939.700000	-24.421034	13.785569	0.000000	
939.750000	-24.407361	13.806491	0.000000	
939.800000	-24.393605	13.827359	0.000000	
939.850000	-24.379779	13.848179	0.000000	
939.900000	-24.365878	13.868948	0.000000	
939.950000	-24.351887	13.889656	0.000000	
940.000000	-24.337804	13.910298	0.000000	
940.050000	-24.323633	13.930880	0.000000	
940.100000	-24.309387	13.951411	0.000000	
940.150000	-24.295074	13.971898	0.000000	
940.200000	-24.280704	13.992345	0.000000	
940.250000	-24.266283	14.012758	0.000000	
940.300000	-24.251821	14.033143	0.000000	
940.350000	-24.237336	14.053513	0.000000	
940.400000	-24.222828	14.073868	0.000000	
940.450000	-24.208289	14.094201	0.000000	
940.500000	-24.193740	14.114526	0.000000	
940.550000	-24.179179	14.134844	0.000000	
940.600000	-24.164586	14.155139	0.000000	
940.650000	-24.149955	14.175407	0.000000	
940.700000	-24.135293	14.195653	0.000000	
940.750000	-24.120611	14.215885	0.000000	
940.800000	-24.105910	14.236102	0.000000	
940.850000	-24.091178	14.256297	0.000000	
940.900000	-24.076409	14.276464	0.000000	
940.950000	-24.061620	14.296615	0.000000	
941.000000	-24.046811	14.316752	0.000000	
941.050000	-24.032005	14.336890	0.000000	
941.100000	-24.017204	14.357032	0.000000	
941.150000	-24.002398	14.377171	0.000000	
941.200000	-23.987568	14.397291	0.000000	
941.250000	-23.972721	14.417400	0.000000	
941.300000	-23.957844	14.437486	0.000000	
941.350000	-23.942915	14.457533	0.000000	
941.400000	-23.927920	14.477532	0.000000	
941.450000	-23.912869	14.497489	0.000000	
941.500000	-23.897760	14.517402	0.000000	
941.550000	-23.882581	14.537262	0.000000	
941.600000	-23.867336	14.557071	0.000000	
941.650000	-23.852043	14.576844	0.000000	
941.700000	-23.836717	14.596591	0.000000	
941.750000	-23.821366	14.616319	0.000000	
941.800000	-23.805991	14.636029	0.000000	
941.850000	-23.790592	14.655721	0.000000	
941.900000	-23.775192	14.675412	0.000000	
941.950000	-23.759803	14.695111	0.000000	
942.000000	-23.744430	14.714823	0.000000	
942.050000	-23.729090	14.734560	0.000000	
942.100000	-23.713762	14.754305	0.000000	
942.150000	-23.698435	14.774052	0.000000	
942.200000	-23.683106	14.793797	0.000000	
942.250000	-23.667792	14.813553	0.000000	
942.300000	-23.652495	14.833323	0.000000	
942.350000	-23.637241	14.853123	0.000000	
942.400000	-23.622030	14.872955	0.000000	
942.450000	-23.606868	14.892824	0.000000	
942.500000	-23.591744	14.912722	0.000000	
942.550000	-23.576671	14.932660	0.000000	
942.600000	-23.561657	14.952642	0.000000	
942.650000	-23.546692	14.972663	0.000000	
942.700000	-23.531760	14.992710	0.000000	
942.750000	-23.516866	15.012785	0.000000	
942.800000	-23.501992	15.032875	0.000000	
942.850000	-23.487133	15.052978	0.000000	
942.900000	-23.472305	15.073104	0.000000	
942.950000	-23.457494	15.093242	0.000000	
943.000000	-23.442694	15.113390	0.000000	
943.050000	-23.427885	15.133530	0.000000	
943.100000	-23.413070	15.153665	0.000000	
943.150000	-23.398262	15.173806	0.000000	
943.200000	-23.383445	15.193940	0.000000	
943.250000	-23.368613	15.214064	0.000000	
943.300000	-23.353749	15.234162	0.000000	
943.350000	-23.338842	15.254228	0.000000	
943.400000	-23.323875	15.274249	0.000000	
943.450000	-23.308854	15.294229	0.000000	
943.500000	-23.293770	15.314162	0.000000	
943.550000	-23.278622	15.334044	0.000000	
943.600000	-23.263402	15.353870	0.000000	
943.650000	-23.248104	15.373634	0.000000	
943.700000	-23.232744	15.393349	0.000000	
943.750000	-23.217345	15.413034	0.000000	
943.800000	-23.201899	15.432683	0.000000	
943.850000	-23.186420	15.452306	0.000000	
943.900000	-23.170909	15.471904	0.000000	
943.950000	-23.155346	15.491462	0.000000	
944.000000	-23.139722	15.510971	0.000000	
944.050000	-23.124050	15.530442	0.000000	
944.100000	-23.108334	15.549879	0.000000	
944.150000	-23.092573	15.569279	0.000000	
944.200000	-23.076759	15.588638	0.000000	
944.250000	-23.060908	15.607968	0.000000	
944.300000	-23.045035	15.627280	0.000000	
944.350000	-23.029154	15.646586	0.000000	
944.400000	-23.013260	15.665881	0.000000	
944.450000	-22.997359	15.685171	0.000000	
944.500000	-22.981458	15.704461	0.000000	
944.550000	-22.965560	15.723753	0.000000	
944.600000	-22.949680	15.743060	0.000000	
944.650000	-22.933825	15.762388	0.000000	
944.700000	-22.918008	15.781747	0.000000	
944.750000	-22.902231	15.801138	0.000000	
944.800000	-22.886480	15.820550	0.000000	
944.850000	-22.870738	15.839969	0.000000	
944.900000	-22.855007	15.859397	0.000000	
944.950000	-22.839299	15.878843	0.000000	
945.000000	-22.823642	15.898328	0.000000	
945.050000	-22.808044	15.917861	0.000000	
945.100000	-22.792497	15.937434	0.000000	
945.150000	-22.777001	15.957047	0.000000	
945.200000	-22.761539	15.976687	0.000000	
945.250000	-22.746118	15.996360	0.000000	
945.300000	-22.730741	16.016068	0.000000	
945.350000	-22.715391	16.035797	0.000000	
945.400000	-22.700061	16.055542	0.000000	
945.450000	-22.684758	16.075308	0.000000	
945.500000	-22.669469	16.095085	0.000000	
945.550000	-22.654192	16.114871	0.000000	
945.600000	-22.638923	16.134665	0.000000	
945.650000	-22.623670	16.154471	0.000000	
945.700000	-22.608422	16.174281	0.000000	
945.750000	-22.593172	16.194089	0.000000	
945.800000	-22.577906	16.213884	0.000000	
945.850000	-22.562616	16.233661	0.000000	
945.900000	-22.547306	16.253421	0.000000	
945.950000	-22.531965	16.273156	0.000000	
946.000000	-22.516584	16.292860	0.000000	
946.050000	-22.501158	16.312528	0.000000	
946.100000	-22.485675	16.332151	0.000000	
946.150000	-22.470144	16.351736	0.000000	
946.200000	-22.454564	16.371282	0.000000	
946.250000	-22.438939	16.390793	0.000000	
946.300000	-22.423268	16.410266	0.000000	
946.350000	-22.407540	16.429694	0.000000	
946.400000	-22.391775	16.449092	0.000000	
946.450000	-22.375973	16.468461	0.000000	
946.500000	-22.360129	16.487797	0.000000	
946.550000	-22.344265	16.507115	0.000000	
946.600000	-22.328376	16.526414	0.000000	
946.650000	-22.312476	16.545704	0.000000	
946.700000	-22.296545	16.564969	0.000000	
946.750000	-22.280599	16.584222	0.000000	
946.800000	-22.264639	16.603463	0.000000	
946.850000	-22.248664	16.622693	0.000000	
946.900000	-22.232685	16.641919	0.000000	
946.950000	-22.216708	16.661147	0.000000	
947.000000	-22.200743	16.680385	0.000000	
947.050000	-22.184797	16.699638	0.000000	
947.100000	-22.168859	16.718899	0.000000	
947.150000	-22.152958	16.738188	0.000000	
947.200000	-22.137090	16.757504	0.000000	
947.250000	-22.121261	16.776852	0.000000	
947.300000	-22.105485	16.796241	0.000000	
947.350000	-22.089761	16.815672	0.000000	
947.400000	-22.074085	16.835142	0.000000	
947.450000	-22.058435	16.854633	0.000000	
947.500000	-22.042822	16.874153	0.000000	
947.550000	-22.027263	16.893716	0.000000	
947.600000	-22.011757	16.913320	0.000000	
947.650000	-21.996304	16.932965	0.000000	
947.700000	-21.980891	16.952643	0.000000	
947.750000	-21.965527	16.972358	0.000000	
947.800000	-21.950200	16.992103	0.000000	
947.850000	-21.934909	17.011876	0.000000	
947.900000	-21.919658	17.031680	0.000000	
947.950000	-21.904450	17.051518	0.000000	
948.000000	-21.889294	17.071397	0.000000	
948.050000	-21.874192	17.091318	0.000000	
948.100000	-21.859145	17.111280	0.000000	
948.150000	-21.844152	17.131283	0.000000	
948.200000	-21.829211	17.151324	0.000000	
948.250000	-21.814313	17.171397	0.000000	
948.300000	-21.799459	17.191502	0.000000	
948.350000	-21.784645	17.211636	0.000000	
948.400000	-21.769870	17.231797	0.000000	
948.450000	-21.755140	17.251991	0.000000	
948.500000	-21.740469	17.272230	0.000000	
948.550000	-21.725835	17.292495	0.000000	
948.600000	-21.711238	17.312787	0.000000	
948.650000	-21.696663	17.333094	0.000000	
948.700000	-21.682112	17.353419	0.000000	
948.750000	-21.667591	17.373765	0.000000	
948.800000	-21.653081	17.394120	0.000000	
948.850000	-21.638566	17.414471	0.000000	
948.900000	-21.624006	17.434786	0.000000	
948.950000	-21.609357	17.455026	0.000000	
949.000000	-21.594574	17.475151	0.000000	
949.050000	-21.579626	17.495127	0.000000	
949.100000	-21.564459	17.514898	0.000000	
949.150000	-21.549035	17.534421	0.000000	
949.200000	-21.533325	17.553654	0.000000	
949.250000	-21.517283	17.572536	0.000000	
949.300000	-21.500875	17.591007	0.000000	
949.350000	-21.484078	17.609029	0.000000	
949.400000	-21.466880	17.626575	0.000000	
949.450000	-21.449266	17.643616	0.000000	
949.500000	-21.431219	17.660105	0.000000	
949.550000	-21.412730	17.676023	0.000000	
949.600000	-21.393794	17.691338	0.000000	
949.650000	-21.374396	17.706017	0.000000	
949.700000	-21.354535	17.720054	0.000000	
949.750000	-21.334216	17.733455	0.000000	
949.800000	-21.313437	17.746219	0.000000	
949.850000	-21.292215	17.758343	0.000000	
949.900000	-21.270565	17.769825	0.000000	
949.950000	-21.248525	17.780693	0.000000	
950.000000	-21.226140	17.790985	0.000000	
950.050000	-21.203450	17.800746	0.000000	
950.100000	-21.180482	17.810000	0.000000	
950.150000	-21.157280	17.818795	0.000000	
950.200000	-21.133869	17.827158	0.000000	
950.250000	-21.110280	17.835128	0.000000	
950.300000	-21.086547	17.842749	0.000000	
950.350000	-21.062702	17.850075	0.000000	
950.400000	-21.038764	17.857147	0.000000	
950.450000	-21.014752	17.864006	0.000000	
950.500000	-20.990680	17.870697	0.000000	
950.550000	-20.966571	17.877272	0.000000	
950.600000	-20.942430	17.883749	0.000000	
950.650000	-20.918268	17.890153	0.000000	
950.700000	-20.894091	17.896498	0.000000	
950.750000	-20.869899	17.902792	0.000000	
950.800000	-20.845692	17.909027	0.000000	
950.850000	-20.821466	17.915194	0.000000	
950.900000	-20.797231	17.921325	0.000000	
950.950000	-20.772993	17.927444	0.000000	
951.000000	-20.748755	17.933565	0.000000	
951.050000	-20.724519	17.939689	0.000000	
951.100000	-20.700277	17.945794	0.000000	
951.150000	-20.676029	17.951875	0.000000	
951.200000	-20.651781	17.957955	0.000000	
951.250000	-20.627534	17.964038	0.000000	
951.300000	-20.603288	17.970126	0.000000	
951.350000	-20.579042	17.976213	0.000000	
951.400000	-20.554796	17.982304	0.000000	
951.450000	-20.530550	17.988389	0.000000	
951.500000	-20.506298	17.994456	0.000000	
951.550000	-20.482041	18.000497	0.000000	
951.600000	-20.457779	18.006523	0.000000	
951.650000	-20.433513	18.012533	0.000000	
951.700000	-20.409250	18.018554	0.000000	
951.750000	-20.384990	18.024584	0.000000	
951.800000	-20.360728	18.030609	0.000000	
951.850000	-20.336467	18.036638	0.000000	
951.900000	-20.312206	18.042666	0.000000	
951.950000	-20.287938	18.048668	0.000000	
952.000000	-20.263663	18.054636	0.000000	
952.050000	-20.239381	18.060577	0.000000	
952.100000	-20.215095	18.066506	0.000000	
952.150000	-20.190811	18.072437	0.000000	
952.200000	-20.166530	18.078383	0.000000	
952.250000	-20.142253	18.084343	0.000000	
952.300000	-20.117978	18.090315	0.000000	
952.350000	-20.093707	18.096298	0.000000	
952.400000	-20.069439	18.102294	0.000000	
952.450000	-20.045170	18.108289	0.000000	
952.500000	-20.020901	18.114281	0.000000	
952.550000	-19.996633	18.120278	0.000000	
952.600000	-19.972362	18.126262	0.000000	
952.650000	-19.948088	18.132232	0.000000	
952.700000	-19.923809	18.138184	0.000000	
952.750000	-19.899524	18.144114	0.000000	
952.800000	-19.875238	18.150036	0.000000	
952.850000	-19.850953	18.155966	0.000000	
952.900000	-19.826666	18.161887	0.000000	
952.950000	-19.802378	18.167805	0.000000	
953.000000	-19.778093	18.173730	0.000000	
953.050000	-19.753808	18.179660	0.000000	
953.100000	-19.729521	18.185581	0.000000	
953.150000	-19.705230	18.191488	0.000000	
953.200000	-19.680937	18.197382	0.000000	
953.250000	-19.656638	18.203255	0.000000	
953.300000	-19.632328	18.209083	0.000000	
953.350000	-19.608008	18.214869	0.000000	
953.400000	-19.583678	18.220617	0.000000	
953.450000	-19.559346	18.226354	0.000000	
953.500000	-19.535010	18.232077	0.000000	
953.550000	-19.510671	18.237784	0.000000	
953.600000	-19.486327	18.243467	0.000000	
953.650000	-19.461976	18.249119	0.000000	
953.700000	-19.437611	18.254712	0.000000	
953.750000	-19.413233	18.260234	0.000000	
953.800000	-19.388840	18.265691	0.000000	
953.850000	-19.364435	18.271097	0.000000	
953.900000	-19.340015	18.276431	0.000000	
953.950000	-19.315583	18.281709	0.000000	
954.000000	-19.291141	18.286938	0.000000	
954.050000	-19.266689	18.292116	0.000000	
954.100000	-19.242227	18.297250	0.000000	
954.150000	-19.217755	18.302332	0.000000	
954.200000	-19.193268	18.307346	0.000000	
954.250000	-19.168768	18.312294	0.000000	
954.300000	-19.144252	18.317167	0.000000	
954.350000	-19.119724	18.321976	0.000000	
954.400000	-19.095183	18.326723	0.000000	
954.450000	-19.070632	18.331418	0.000000	
954.500000	-19.046066	18.336041	0.000000	
954.550000	-19.021492	18.340626	0.000000	
954.600000	-18.996912	18.345180	0.000000	
954.650000	-18.972326	18.349709	0.000000	
954.700000	-18.947742	18.354243	0.000000	
954.750000	-18.923160	18.358789	0.000000	
954.800000	-18.898580	18.363347	0.000000	
954.850000	-18.873997	18.367889	0.000000	
954.900000	-18.849409	18.372403	0.000000	
954.950000	-18.824819	18.376904	0.000000	
955.000000	-18.800229	18.381406	0.000000	
955.050000	-18.775636	18.385894	0.000000	
955.100000	-18.751039	18.390361	0.000000	
955.150000	-18.726437	18.394791	0.000000	
955.200000	-18.701831	18.399202	0.000000	
955.250000	-18.677223	18.403602	0.000000	
955.300000	-18.652613	18.407989	0.000000	
955.350000	-18.628000	18.412364	0.000000	
955.400000	-18.603385	18.416722	0.000000	
955.450000	-18.578767	18.421057	0.000000	
955.500000	-18.554141	18.425352	0.000000	
955.550000	-18.529513	18.429627	0.000000	
955.600000	-18.504877	18.433857	0.000000	
955.650000	-18.480232	18.438036	0.000000	
955.700000	-18.455576	18.442147	0.000000	
955.750000	-18.430905	18.446166	0.000000	
955.800000	-18.406221	18.450111	0.000000	
955.850000	-18.381528	18.453997	0.000000	
955.900000	-18.356831	18.457858	0.000000	
955.950000	-18.332131	18.461706	0.000000	
956.000000	-18.307428	18.465532	0.000000	
956.050000	-18.282720	18.469328	0.000000	
956.100000	-18.258012	18.473124	0.000000	
956.150000	-18.233307	18.476941	0.000000	
956.200000	-18.208605	18.480774	0.000000	
956.250000	-18.183903	18.484607	0.000000	
956.300000	-18.159203	18.488453	0.000000	
956.350000	-18.134506	18.492314	0.000000	
956.400000	-18.109810	18.496184	0.000000	
956.450000	-18.085114	18.500057	0.000000	
956.500000	-18.060422	18.503947	0.000000	
956.550000	-18.035732	18.507853	0.000000	
956.600000	-18.011041	18.511754	0.000000	
956.650000	-17.986351	18.515662	0.000000	
956.700000	-17.961665	18.519598	0.000000	
956.750000	-17.936989	18.523589	0.000000	
956.800000	-17.912320	18.527636	0.000000	
956.850000	-17.887658	18.531720	0.000000	
956.900000	-17.863002	18.535849	0.000000	
956.950000	-17.838351	18.540009	0.000000	
957.000000	-17.813703	18.544180	0.000000	
957.050000	-17.789057	18.548367	0.000000	
957.100000	-17.764414	18.552571	0.000000	
957.150000	-17.739770	18.556771	0.000000	
957.200000	-17.715122	18.560949	0.000000	
957.250000	-17.690472	18.565115	0.000000	
957.300000	-17.665822	18.569278	0.000000	
957.350000	-17.641168	18.573415	0.000000	
957.400000	-17.616509	18.577530	0.000000	
957.450000	-17.591850	18.581635	0.000000	
957.500000	-17.567191	18.585747	0.000000	
957.550000	-17.542530	18.589847	0.000000	
957.600000	-17.517869	18.593945	0.000000	
957.650000	-17.493208	18.598041	0.000000	
957.700000	-17.468546	18.602130	0.000000	
957.750000	-17.443880	18.606199	0.000000	
957.800000	-17.419208	18.610231	0.000000	
957.850000	-17.394534	18.614247	0.000000	
957.900000	-17.369859	18.618260	0.000000	
957.950000	-17.345184	18.622273	0.000000	
958.000000	-17.320510	18.626292	0.000000	
958.050000	-17.295836	18.630307	0.000000	
958.100000	-17.271160	18.634311	0.000000	
958.150000	-17.246479	18.638286	0.000000	
958.200000	-17.221795	18.642248	0.000000	
958.250000	-17.197114	18.646219	0.000000	
958.300000	-17.172434	18.650204	0.000000	
958.350000	-17.147756	18.654198	0.000000	
958.400000	-17.123085	18.658228	0.000000	
958.450000	-17.098420	18.662295	0.000000	
958.500000	-17.073761	18.666399	0.000000	
958.550000	-17.049110	18.670546	0.000000	
958.600000	-17.024469	18.674743	0.000000	
958.650000	-16.999833	18.678974	0.000000	
958.700000	-16.975207	18.683264	0.000000	
958.750000	-16.950589	18.687600	0.000000	
958.800000	-16.925978	18.691974	0.000000	
958.850000	-16.901375	18.696398	0.000000	
958.900000	-16.876782	18.700872	0.000000	
958.950000	-16.852196	18.705386	0.000000	
959.000000	-16.827613	18.709918	0.000000	
959.050000	-16.803033	18.714465	0.000000	
959.100000	-16.778459	18.719043	0.000000	
959.150000	-16.753891	18.723660	0.000000	
959.200000	-16.729330	18.728314	0.000000	
959.250000	-16.704771	18.732981	0.000000	
959.300000	-16.680213	18.737653	0.000000	
959.350000	-16.655654	18.742320	0.000000	
959.400000	-16.631095	18.746991	0.000000	
959.450000	-16.606536	18.751659	0.000000	
959.500000	-16.581975	18.756312	0.000000	
959.550000	-16.557411	18.760958	0.000000	
959.600000	-16.532844	18.765582	0.000000	
959.650000	-16.508275	18.770196	0.000000	
959.700000	-16.483704	18.774802	0.000000	
959.750000	-16.459128	18.779380	0.000000	
959.800000	-16.434551	18.783951	0.000000	
959.850000	-16.409971	18.788509	0.000000	
959.900000	-16.385385	18.793032	0.000000	
959.950000	-16.360791	18.797512	0.000000	
960.000000	-16.336192	18.801967	0.000000	
960.050000	-16.311590	18.806402	0.000000	
960.100000	-16.286984	18.810819	0.000000	
960.150000	-16.262375	18.815221	0.000000	
960.200000	-16.237767	18.819627	0.000000	
960.250000	-16.213164	18.824059	0.000000	
960.300000	-16.188569	18.828532	0.000000	
960.350000	-16.163981	18.833043	0.000000	
960.400000	-16.139400	18.837594	0.000000	
960.450000	-16.114823	18.842159	0.000000	
960.500000	-16.090247	18.846735	0.000000	
960.550000	-16.065670	18.851309	0.000000	
960.600000	-16.041095	18.855889	0.000000	
960.650000	-16.016518	18.860459	0.000000	
960.700000	-15.991940	18.865020	0.000000	
960.750000	-15.967360	18.869573	0.000000	
960.800000	-15.942776	18.874101	0.000000	
960.850000	-15.918181	18.878564	0.000000	
960.900000	-15.893576	18.882947	0.000000	
960.950000	-15.868958	18.887224	0.000000	
961.000000	-15.844324	18.891326	0.000000	
961.050000	-15.819672	18.895182	0.000000	
961.100000	-15.795005	18.898760	0.000000	
961.150000	-15.770326	18.901995	0.000000	
961.200000	-15.745642	18.904826	0.000000	
961.250000	-15.720962	18.907173	0.000000	
961.300000	-15.696293	18.908996	0.000000	
961.350000	-15.671651	18.910231	0.000000	
961.400000	-15.647046	18.910844	0.000000	
961.450000	-15.622495	18.910796	0.000000	
961.500000	-15.598017	18.910062	0.000000	
961.550000	-15.573618	18.908626	0.000000	
961.600000	-15.549318	18.906464	0.000000	
961.650000	-15.525127	18.903537	0.000000	
961.700000	-15.501055	18.899849	0.000000	
961.750000	-15.477108	18.895381	0.000000	
961.800000	-15.453286	18.890140	0.000000	
961.850000	-15.429595	18.884148	0.000000	
961.900000	-15.406037	18.877439	0.000000	
961.950000	-15.382623	18.870030	0.000000	
962.000000	-15.359348	18.861971	0.000000	
962.050000	-15.336223	18.853310	0.000000	
962.100000	-15.313244	18.844113	0.000000	
962.150000	-15.290409	18.834417	0.000000	
962.200000	-15.267708	18.824293	0.000000	
962.250000	-15.245140	18.813780	0.000000	
962.300000	-15.222694	18.802943	0.000000	
962.350000	-15.200365	18.791810	0.000000	
962.400000	-15.178130	18.780453	0.000000	
962.450000	-15.155975	18.768910	0.000000	
962.500000	-15.133884	18.757230	0.000000	
962.550000	-15.111839	18.745451	0.000000	
962.600000	-15.089833	18.733593	0.000000	
962.650000	-15.067845	18.721700	0.000000	
962.700000	-15.045860	18.709798	0.000000	
962.750000	-15.023878	18.697892	0.000000	
962.800000	-15.001890	18.685997	0.000000	
962.850000	-14.979902	18.674104	0.000000	
962.900000	-14.957920	18.662197	0.000000	
962.950000	-14.935945	18.650280	0.000000	
963.000000	-14.913962	18.638376	0.000000	
963.050000	-14.891972	18.626486	0.000000	
963.100000	-14.869969	18.614619	0.000000	
963.150000	-14.847959	18.602765	0.000000	
963.200000	-14.825946	18.590918	0.000000	
963.250000	-14.803941	18.579054	0.000000	
963.300000	-14.781942	18.567182	0.000000	
963.350000	-14.759944	18.555306	0.000000	
963.400000	-14.737943	18.543435	0.000000	
963.450000	-14.715942	18.531565	0.000000	
963.500000	-14.693946	18.519687	0.000000	
963.550000	-14.671959	18.507792	0.000000	
963.600000	-14.649973	18.495894	0.000000	
963.650000	-14.627998	18.483976	0.000000	
963.700000	-14.606038	18.472030	0.000000	
963.750000	-14.584102	18.460042	0.000000	
963.800000	-14.562189	18.448011	0.000000	
963.850000	-14.540297	18.435942	0.000000	
963.900000	-14.518422	18.423843	0.000000	
963.950000	-14.496552	18.411735	0.000000	
964.000000	-14.474695	18.399604	0.000000	
964.050000	-14.452865	18.387426	0.000000	
964.100000	-14.431063	18.375197	0.000000	
964.150000	-14.409285	18.362924	0.000000	
964.200000	-14.387536	18.350601	0.000000	
964.250000	-14.365821	18.338219	0.000000	
964.300000	-14.344135	18.325787	0.000000	
964.350000	-14.322474	18.313313	0.000000	
964.400000	-14.300837	18.300797	0.000000	
964.450000	-14.279220	18.288247	0.000000	
964.500000	-14.257623	18.275661	0.000000	
964.550000	-14.236043	18.263046	0.000000	
964.600000	-14.214482	18.250398	0.000000	
964.650000	-14.192953	18.237694	0.000000	
964.700000	-14.171456	18.224936	0.000000	
964.750000	-14.149995	18.212118	0.000000	
964.800000	-14.128558	18.199260	0.000000	
964.850000	-14.107136	18.186376	0.000000	
964.900000	-14.085740	18.173450	0.000000	
964.950000	-14.064373	18.160476	0.000000	
965.000000	-14.043035	18.147454	0.000000	
965.050000	-14.021719	18.134396	0.000000	
965.100000	-14.000419	18.121312	0.000000	
965.150000	-13.979140	18.108192	0.000000	
965.200000	-13.957876	18.095049	0.000000	
965.250000	-13.936613	18.081903	0.000000	
965.300000	-13.915347	18.068762	0.000000	
965.350000	-13.894079	18.055625	0.000000	
965.400000	-13.872815	18.042483	0.000000	
965.450000	-13.851546	18.029346	0.000000	
965.500000	-13.830274	18.016215	0.000000	
965.550000	-13.808999	18.003090	0.000000	
965.600000	-13.787719	17.989973	0.000000	
965.650000	-13.766429	17.976874	0.000000	
965.700000	-13.745123	17.963801	0.000000	
965.750000	-13.723798	17.950760	0.000000	
965.800000	-13.702440	17.937772	0.000000	
965.850000	-13.681058	17.924827	0.000000	
965.900000	-13.659661	17.911906	0.000000	
965.950000	-13.638248	17.899011	0.000000	
966.000000	-13.616814	17.886148	0.000000	
966.050000	-13.595365	17.873311	0.000000	
966.100000	-13.573910	17.860485	0.000000	
966.150000	-13.552441	17.847679	0.000000	
966.200000	-13.530963	17.834889	0.000000	
966.250000	-13.509475	17.822114	0.000000	
966.300000	-13.487991	17.809334	0.000000	
966.350000	-13.466504	17.796557	0.000000	
966.400000	-13.445009	17.783794	0.000000	
966.450000	-13.423498	17.771059	0.000000	
966.500000	-13.401976	17.758342	0.000000	
966.550000	-13.380440	17.745648	0.000000	
966.600000	-13.358886	17.732986	0.000000	
966.650000	-13.337315	17.720355	0.000000	
966.700000	-13.315722	17.707764	0.000000	
966.750000	-13.294104	17.695219	0.000000	
966.800000	-13.272457	17.682727	0.000000	
966.850000	-13.250790	17.670273	0.000000	
966.900000	-13.229106	17.657847	0.000000	
966.950000	-13.207398	17.645466	0.000000	
967.000000	-13.185665	17.633127	0.000000	
967.050000	-13.163909	17.620830	0.000000	
967.100000	-13.142128	17.608576	0.000000	
967.150000	-13.120319	17.596370	0.000000	
967.200000	-13.098483	17.584211	0.000000	
967.250000	-13.076618	17.572103	0.000000	
967.300000	-13.054726	17.560041	0.000000	
967.350000	-13.032808	17.548025	0.000000	
967.400000	-13.010857	17.536067	0.000000	
967.450000	-12.988883	17.524149	0.000000	
967.500000	-12.966894	17.512259	0.000000	
967.550000	-12.944890	17.500393	0.000000	
967.600000	-12.922875	17.488550	0.000000	
967.650000	-12.900852	17.476719	0.000000	
967.700000	-12.878822	17.464903	0.000000	
967.750000	-12.856797	17.453078	0.000000	
967.800000	-12.834769	17.441257	0.000000	
967.850000	-12.812751	17.429419	0.000000	
967.900000	-12.790742	17.417563	0.000000	
967.950000	-12.768743	17.405687	0.000000	
968.000000	-12.746761	17.393782	0.000000	
968.050000	-12.724799	17.381841	0.000000	
968.100000	-12.702853	17.369873	0.000000	
968.150000	-12.680924	17.357873	0.000000	
968.200000	-12.659016	17.345837	0.000000	
968.250000	-12.637137	17.333752	0.000000	
968.300000	-12.615279	17.321629	0.000000	
968.350000	-12.593445	17.309463	0.000000	
968.400000	-12.571619	17.297283	0.000000	
968.450000	-12.549804	17.285083	0.000000	
968.500000	-12.527999	17.272865	0.000000	
968.550000	-12.506203	17.260631	0.000000	
968.600000	-12.484423	17.248368	0.000000	
968.650000	-12.462668	17.236062	0.000000	
968.700000	-12.440938	17.223709	0.000000	
968.750000	-12.419229	17.211319	0.000000	
968.800000	-12.397542	17.198889	0.000000	
968.850000	-12.375889	17.186398	0.000000	
968.900000	-12.354272	17.173845	0.000000	
968.950000	-12.332692	17.161227	0.000000	
969.000000	-12.311144	17.148556	0.000000	
969.050000	-12.289617	17.135849	0.000000	
969.100000	-12.268111	17.123108	0.000000	
969.150000	-12.246630	17.110325	0.000000	
969.200000	-12.225172	17.097506	0.000000	
969.250000	-12.203736	17.084651	0.000000	
969.300000	-12.182323	17.071760	0.000000	
969.350000	-12.160932	17.058833	0.000000	
969.400000	-12.139565	17.045866	0.000000	
969.450000	-12.118230	17.032848	0.000000	
969.500000	-12.096925	17.019776	0.000000	
969.550000	-12.075654	17.006650	0.000000	
969.600000	-12.054420	16.993464	0.000000	
969.650000	-12.033219	16.980223	0.000000	
969.700000	-12.012056	16.966924	0.000000	
969.750000	-11.990929	16.953565	0.000000	
969.800000	-11.969848	16.940133	0.000000	
969.850000	-11.948808	16.926635	0.000000	
969.900000	-11.927814	16.913067	0.000000	
969.950000	-11.906866	16.899428	0.000000	
970.000000	-11.885967	16.885717	0.000000	
970.050000	-11.865117	16.871935	0.000000	
970.100000	-11.844321	16.858072	0.000000	
970.150000	-11.823566	16.844148	0.000000	
970.200000	-11.802840	16.830182	0.000000	
970.250000	-11.782153	16.816158	0.000000	
970.300000	-11.761499	16.802084	0.000000	
970.350000	-11.740873	16.787972	0.000000	
970.400000	-11.720274	16.773819	0.000000	
970.450000	-11.699708	16.759617	0.000000	
970.500000	-11.679186	16.745351	0.000000	
970.550000	-11.658705	16.731023	0.000000	
970.600000	-11.638251	16.716653	0.000000	
970.650000	-11.617820	16.702252	0.000000	
970.700000	-11.597400	16.687834	0.000000	
970.750000	-11.576997	16.673390	0.000000	
970.800000	-11.556613	16.658920	0.000000	
970.850000	-11.536249	16.644420	0.000000	
970.900000	-11.515903	16.629895	0.000000	
970.950000	-11.495559	16.615367	0.000000	
971.000000	-11.475198	16.600863	0.000000	
971.050000	-11.454812	16.586393	0.000000	
971.100000	-11.434408	16.571950	0.000000	
971.150000	-11.413977	16.557545	0.000000	
971.200000	-11.393532	16.543160	0.000000	
971.250000	-11.373081	16.528783	0.000000	
971.300000	-11.352616	16.514426	0.000000	
971.350000	-11.332127	16.500102	0.000000	
971.400000	-11.311609	16.485822	0.000000	
971.450000	-11.291065	16.471581	0.000000	
971.500000	-11.270494	16.457379	0.000000	
971.550000	-11.249884	16.443232	0.000000	
971.600000	-11.229250	16.429123	0.000000	
971.650000	-11.208604	16.415029	0.000000	
971.700000	-11.187947	16.400951	0.000000	
971.750000	-11.167294	16.386868	0.000000	
971.800000	-11.146632	16.372798	0.000000	
971.850000	-11.125958	16.358744	0.000000	
971.900000	-11.105275	16.344705	0.000000	
971.950000	-11.084582	16.330679	0.000000	
972.000000	-11.063881	16.316664	0.000000	
972.050000	-11.043181	16.302648	0.000000	
972.100000	-11.022482	16.288631	0.000000	
972.150000	-11.001780	16.274618	0.000000	
972.200000	-10.981105	16.260566	0.000000	
972.250000	-10.960464	16.246469	0.000000	
972.300000	-10.939888	16.232286	0.000000	
972.350000	-10.919404	16.217985	0.000000	
972.400000	-10.899047	16.203525	0.000000	
972.450000	-10.878867	16.188855	0.000000	
972.500000	-10.858893	16.173943	0.000000	
972.550000	-10.839154	16.158768	0.000000	
972.600000	-10.819688	16.143298	0.000000	
972.650000	-10.800527	16.127511	0.000000	
972.700000	-10.781682	16.111408	0.000000	
972.750000	-10.763188	16.094965	0.000000	
972.800000	-10.745081	16.078169	0.000000	
972.850000	-10.727381	16.061003	0.000000	
972.900000	-10.710128	16.043446	0.000000	
972.950000	-10.693346	16.025489	0.000000	
973.000000	-10.677039	16.007131	0.000000	
973.050000	-10.661215	15.988363	0.000000	
973.100000	-10.645887	15.969181	0.000000	
973.150000	-10.631058	15.949582	0.000000	
973.200000	-10.616716	15.929573	0.000000	
973.250000	-10.602854	15.909181	0.000000	
973.300000	-10.589461	15.888420	0.000000	
973.350000	-10.576507	15.867329	0.000000	
973.400000	-10.563982	15.845934	0.000000	
973.450000	-10.551843	15.824268	0.000000	
973.500000	-10.540056	15.802371	0.000000	
973.550000	-10.528595	15.780267	0.000000	
973.600000	-10.517446	15.757976	0.000000	
973.650000	-10.506573	15.735526	0.000000	
973.700000	-10.495945	15.712942	0.000000	
973.750000	-10.485541	15.690239	0.000000	
973.800000	-10.475338	15.667434	0.000000	
973.850000	-10.465309	15.644548	0.000000	
973.900000	-10.455424	15.621595	0.000000	
973.950000	-10.445634	15.598598	0.000000	
974.000000	-10.435926	15.575567	0.000000	
974.050000	-10.426302	15.552500	0.000000	
974.100000	-10.416759	15.529400	0.000000	
974.150000	-10.407288	15.506270	0.000000	
974.200000	-10.397881	15.483113	0.000000	
974.250000	-10.388544	15.459927	0.000000	
974.300000	-10.379270	15.436716	0.000000	
974.350000	-10.370066	15.413477	0.000000	
974.400000	-10.360933	15.390209	0.000000	
974.450000	-10.351853	15.366921	0.000000	
974.500000	-10.342841	15.343606	0.000000	
974.550000	-10.333885	15.320268	0.000000	
974.600000	-10.324979	15.296910	0.000000	
974.650000	-10.316121	15.273534	0.000000	
974.700000	-10.307313	15.250139	0.000000	
974.750000	-10.298536	15.226732	0.000000	
974.800000	-10.289808	15.203306	0.000000	
974.850000	-10.281099	15.179873	0.000000	
974.900000	-10.272381	15.156444	0.000000	
974.950000	-10.263682	15.133007	0.000000	
975.000000	-10.255018	15.109557	0.000000	
975.050000	-10.246388	15.086095	0.000000	
975.100000	-10.237786	15.062623	0.000000	
975.150000	-10.229222	15.039136	0.000000	
975.200000	-10.220705	15.015634	0.000000	
975.250000	-10.212254	14.992108	0.000000	
975.300000	-10.203874	14.968559	0.000000	
975.350000	-10.195555	14.944988	0.000000	
975.400000	-10.187294	14.921398	0.000000	
975.450000	-10.179096	14.897787	0.000000	
975.500000	-10.170981	14.874149	0.000000	
975.550000	-10.162953	14.850484	0.000000	
975.600000	-10.155007	14.826791	0.000000	
975.650000	-10.147134	14.803074	0.000000	
975.700000	-10.139329	14.779335	0.000000	
975.750000	-10.131590	14.755575	0.000000	
975.800000	-10.123919	14.731791	0.000000	
975.850000	-10.116304	14.707989	0.000000	
975.900000	-10.108747	14.684168	0.000000	
975.950000	-10.101255	14.660324	0.000000	
976.000000	-10.093802	14.636466	0.000000	
976.050000	-10.086384	14.612596	0.000000	
976.100000	-10.078972	14.588724	0.000000	
976.150000	-10.071572	14.564847	0.000000	
976.200000	-10.064184	14.540967	0.000000	
976.250000	-10.056795	14.517088	0.000000	
976.300000	-10.049387	14.493214	0.000000	
976.350000	-10.041967	14.469344	0.000000	
976.400000	-10.034532	14.445479	0.000000	
976.450000	-10.027066	14.421624	0.000000	
976.500000	-10.019549	14.397785	0.000000	
976.550000	-10.011964	14.373968	0.000000	
976.600000	-10.004300	14.350176	0.000000	
976.650000	-9.996554	14.326411	0.000000	
976.700000	-9.988736	14.302670	0.000000	
976.750000	-9.980834	14.278957	0.000000	
976.800000	-9.972865	14.255265	0.000000	
976.850000	-9.964853	14.231588	0.000000	
976.900000	-9.956790	14.207927	0.000000	
976.950000	-9.948697	14.184276	0.000000	
977.000000	-9.940578	14.160633	0.000000	
977.050000	-9.932451	14.136993	0.000000	
977.100000	-9.924313	14.113358	0.000000	
977.150000	-9.916193	14.089715	0.000000	
977.200000	-9.908105	14.066063	0.000000	
977.250000	-9.900044	14.042402	0.000000	
977.300000	-9.892014	14.018732	0.000000	
977.350000	-9.884009	13.995053	0.000000	
977.400000	-9.876030	13.971366	0.000000	
977.450000	-9.868065	13.947675	0.000000	
977.500000	-9.860137	13.923972	0.000000	
977.550000	-9.852271	13.900250	0.000000	
977.600000	-9.844453	13.876512	0.000000	
977.650000	-9.836682	13.852758	0.000000	
977.700000	-9.828978	13.828981	0.000000	
977.750000	-9.821350	13.805180	0.000000	
977.800000	-9.813787	13.781356	0.000000	
977.850000	-9.806285	13.757512	0.000000	
977.900000	-9.798836	13.733651	0.000000	
977.950000	-9.791435	13.709775	0.000000	
978.000000	-9.784081	13.685883	0.000000	
978.050000	-9.776796	13.661971	0.000000	
978.100000	-9.769581	13.638036	0.000000	
978.150000	-9.762433	13.614082	0.000000	
978.200000	-9.755322	13.590116	0.000000	
978.250000	-9.748226	13.566145	0.000000	
978.300000	-9.741125	13.542176	0.000000	
978.350000	-9.734009	13.518212	0.000000	
978.400000	-9.726879	13.494252	0.000000	
978.450000	-9.719713	13.470303	0.000000	
978.500000	-9.712544	13.446355	0.000000	
978.550000	-9.705344	13.422418	0.000000	
978.600000	-9.698101	13.398493	0.000000	
978.650000	-9.690817	13.374582	0.000000	
978.700000	-9.683496	13.350682	0.000000	
978.750000	-9.676145	13.326792	0.000000	
978.800000	-9.668774	13.302909	0.000000	
978.850000	-9.661386	13.279030	0.000000	
978.900000	-9.653981	13.255157	0.000000	
978.950000	-9.646537	13.231296	0.000000	
979.000000	-9.639064	13.207445	0.000000	
979.050000	-9.631553	13.183605	0.000000	
979.100000	-9.623994	13.159779	0.000000	
979.150000	-9.616394	13.135966	0.000000	
979.200000	-9.608741	13.112168	0.000000	
979.250000	-9.601036	13.088387	0.000000	
979.300000	-9.593278	13.064623	0.000000	
979.350000	-9.585471	13.040874	0.000000	
979.400000	-9.577641	13.017133	0.000000	
979.450000	-9.569798	12.993396	0.000000	
979.500000	-9.561950	12.969661	0.000000	
979.550000	-9.554095	12.945928	0.000000	
979.600000	-9.546241	12.922195	0.000000	
979.650000	-9.538368	12.898468	0.000000	
979.700000	-9.530487	12.874744	0.000000	
979.750000	-9.522598	12.851023	0.000000	
979.800000	-9.514695	12.827307	0.000000	
979.850000	-9.506766	12.803599	0.000000	
979.900000	-9.498812	12.779900	0.000000	
979.950000	-9.490829	12.756209	0.000000	
980.000000	-9.482830	12.732525	0.000000	
980.050000	-9.474822	12.708844	0.000000	
980.100000	-9.466818	12.685161	0.000000	
980.150000	-9.458802	12.661482	0.000000	
980.200000	-9.450755	12.637813	0.000000	
980.250000	-9.442704	12.614146	0.000000	
980.300000	-9.434671	12.590473	0.000000	
980.350000	-9.426661	12.566792	0.000000	
980.400000	-9.418689	12.543098	0.000000	
980.450000	-9.410759	12.519391	0.000000	
980.500000	-9.402879	12.495669	0.000000	
980.550000	-9.395052	12.471930	0.000000	
980.600000	-9.387261	12.448180	0.000000	
980.650000	-9.379523	12.424415	0.000000	
980.700000	-9.371850	12.400628	0.000000	
980.750000	-9.364243	12.376821	0.000000	
980.800000	-9.356701	12.352992	0.000000	
980.850000	-9.349203	12.329150	0.000000	
980.900000	-9.341730	12.305299	0.000000	
980.950000	-9.334296	12.281435	0.000000	
981.000000	-9.326907	12.257557	0.000000	
981.050000	-9.319548	12.233669	0.000000	
981.100000	-9.312227	12.209769	0.000000	
981.150000	-9.304931	12.185860	0.000000	
981.200000	-9.297657	12.161945	0.000000	
981.250000	-9.290421	12.138018	0.000000	
981.300000	-9.283206	12.114083	0.000000	
981.350000	-9.276008	12.090144	0.000000	
981.400000	-9.268826	12.066199	0.000000	
981.450000	-9.261644	12.042254	0.000000	
981.500000	-9.254451	12.018313	0.000000	
981.550000	-9.247222	11.994382	0.000000	
981.600000	-9.239968	11.970459	0.000000	
981.650000	-9.232701	11.946540	0.000000	
981.700000	-9.225419	11.922625	0.000000	
981.750000	-9.218117	11.898716	0.000000	
981.800000	-9.210806	11.874809	0.000000	
981.850000	-9.203470	11.850910	0.000000	
981.900000	-9.196139	11.827010	0.000000	
981.950000	-9.188825	11.803104	0.000000	
982.000000	-9.181536	11.779191	0.000000	
982.050000	-9.174254	11.755276	0.000000	
982.100000	-9.166988	11.731355	0.000000	
982.150000	-9.159716	11.707437	0.000000	
982.200000	-9.152432	11.683522	0.000000	
982.250000	-9.145138	11.659611	0.000000	
982.300000	-9.137815	11.635708	0.000000	
982.350000	-9.130482	11.611809	0.000000	
982.400000	-9.123132	11.587915	0.000000	
982.450000	-9.115772	11.564024	0.000000	
982.500000	-9.108388	11.540141	0.000000	
982.550000	-9.100983	11.516265	0.000000	
982.600000	-9.093564	11.492393	0.000000	
982.650000	-9.086141	11.468522	0.000000	
982.700000	-9.078718	11.444651	0.000000	
982.750000	-9.071280	11.420785	0.000000	
982.800000	-9.063835	11.396922	0.000000	
982.850000	-9.056379	11.373061	0.000000	
982.900000	-9.048916	11.349203	0.000000	
982.950000	-9.041433	11.325350	0.000000	
983.000000	-9.033922	11.301507	0.000000	
983.050000	-9.026382	11.277672	0.000000	
983.100000	-9.018805	11.253849	0.000000	
983.150000	-9.011224	11.230027	0.000000	
983.200000	-9.003668	11.206198	0.000000	
983.250000	-8.996175	11.182350	0.000000	
983.300000	-8.988797	11.158472	0.000000	
983.350000	-8.981581	11.134552	0.000000	
983.400000	-8.974552	11.110589	0.000000	
983.450000	-8.967763	11.086576	0.000000	
983.500000	-8.961265	11.062509	0.000000	
983.550000	-8.955119	11.038380	0.000000	
983.600000	-8.949359	11.014193	0.000000	
983.650000	-8.944051	10.989948	0.000000	
983.700000	-8.939238	10.965657	0.000000	
983.750000	-8.934947	10.941328	0.000000	
983.800000	-8.931226	10.916966	0.000000	
983.850000	-8.928102	10.892577	0.000000	
983.900000	-8.925590	10.868165	0.000000	
983.950000	-8.923736	10.843733	0.000000	
984.000000	-8.922544	10.819286	0.000000	
984.050000	-8.922050	10.794824	0.000000	
984.100000	-8.922265	10.770359	0.000000	
984.150000	-8.923225	10.745894	0.000000	
984.200000	-8.924916	10.721441	0.000000	
984.250000	-8.927303	10.697003	0.000000	
984.300000	-8.930364	10.672589	0.000000	
984.350000	-8.934061	10.648212	0.000000	
984.400000	-8.938334	10.623872	0.000000	
984.450000	-8.943135	10.599573	0.000000	
984.500000	-8.948422	10.575325	0.000000	
984.550000	-8.954148	10.551134	0.000000	
984.600000	-8.960260	10.526997	0.000000	
984.650000	-8.966706	10.502914	0.000000	
984.700000	-8.973435	10.478884	0.000000	
984.750000	-8.980371	10.454897	0.000000	
984.800000	-8.987478	10.430949	0.000000	
984.850000	-8.994712	10.407032	0.000000	
984.900000	-9.002050	10.383142	0.000000	
984.950000	-9.009466	10.359273	0.000000	
985.000000	-9.016919	10.335413	0.000000	
985.050000	-9.024402	10.311562	0.000000	
985.100000	-9.031909	10.287718	0.000000	
985.150000	-9.039431	10.263879	0.000000	
985.200000	-9.046928	10.240031	0.000000	
985.250000	-9.054401	10.216176	0.000000	
985.300000	-9.061862	10.192317	0.000000	
985.350000	-9.069291	10.168448	0.000000	
985.400000	-9.076684	10.144567	0.000000	
985.450000	-9.084055	10.120679	0.000000	
985.500000	-9.091413	10.096788	0.000000	
985.550000	-9.098735	10.072885	0.000000	
985.600000	-9.106003	10.048966	0.000000	
985.650000	-9.113235	10.025037	0.000000	
985.700000	-9.120436	10.001098	0.000000	
985.750000	-9.127581	9.977143	0.000000	
985.800000	-9.134684	9.953176	0.000000	
985.850000	-9.141753	9.929199	0.000000	
985.900000	-9.148780	9.905210	0.000000	
985.950000	-9.155759	9.881208	0.000000	
986.000000	-9.162704	9.857196	0.000000	
986.050000	-9.169622	9.833177	0.000000	
986.100000	-9.176524	9.809152	0.000000	
986.150000	-9.183395	9.785119	0.000000	
986.200000	-9.190205	9.761068	0.000000	
986.250000	-9.196957	9.737001	0.000000	
986.300000	-9.203636	9.712914	0.000000	
986.350000	-9.210260	9.688810	0.000000	
986.400000	-9.216836	9.664693	0.000000	
986.450000	-9.223380	9.640566	0.000000	
986.500000	-9.229895	9.616431	0.000000	
986.550000	-9.236380	9.592288	0.000000	
986.600000	-9.242830	9.568135	0.000000	
986.650000	-9.249277	9.543982	0.000000	
986.700000	-9.255698	9.519821	0.000000	
986.750000	-9.262092	9.495653	0.000000	
986.800000	-9.268468	9.471481	0.000000	
986.850000	-9.274811	9.447300	0.000000	
986.900000	-9.281121	9.423111	0.000000	
986.950000	-9.287401	9.398914	0.000000	
987.000000	-9.293670	9.374715	0.000000	
987.050000	-9.299907	9.350507	0.000000	
987.100000	-9.306122	9.326294	0.000000	
987.150000	-9.312299	9.302071	0.000000	
987.200000	-9.318445	9.277840	0.000000	
987.250000	-9.324574	9.253604	0.000000	
987.300000	-9.330703	9.229369	0.000000	
987.350000	-9.336834	9.205134	0.000000	
987.400000	-9.342937	9.180892	0.000000	
987.450000	-9.349028	9.156647	0.000000	
987.500000	-9.355091	9.132394	0.000000	
987.550000	-9.361116	9.108132	0.000000	
987.600000	-9.367120	9.083865	0.000000	
987.650000	-9.373125	9.059597	0.000000	
987.700000	-9.379106	9.035324	0.000000	
987.750000	-9.385089	9.011051	0.000000	
987.800000	-9.391085	8.986781	0.000000	
987.850000	-9.397104	8.962517	0.000000	
987.900000	-9.403158	8.938262	0.000000	
987.950000	-9.409249	8.914017	0.000000	
988.000000	-9.415394	8.889786	0.000000	
988.050000	-9.421579	8.865566	0.000000	
988.100000	-9.427809	8.841357	0.000000	
988.150000	-9.434079	8.817159	0.000000	
988.200000	-9.440408	8.792976	0.000000	
988.250000	-9.446794	8.768810	0.000000	
988.300000	-9.453235	8.744658	0.000000	
988.350000	-9.459724	8.720519	0.000000	
988.400000	-9.466254	8.696392	0.000000	
988.450000	-9.472845	8.672281	0.000000	
988.500000	-9.479479	8.648181	0.000000	
988.550000	-9.486170	8.624097	0.000000	
988.600000	-9.492908	8.600025	0.000000	
988.650000	-9.499675	8.575961	0.000000	
988.700000	-9.506477	8.551906	0.000000	
988.750000	-9.513309	8.527859	0.000000	
988.800000	-9.520152	8.503815	0.000000	
988.850000	-9.527000	8.479772	0.000000	
988.900000	-9.533836	8.455727	0.000000	
988.950000	-9.540655	8.431677	0.000000	
989.000000	-9.547455	8.407621	0.000000	
989.050000	-9.554220	8.383557	0.000000	
989.100000	-9.560936	8.359479	0.000000	
989.150000	-9.567615	8.335392	0.000000	
989.200000	-9.574240	8.311290	0.000000	
989.250000	-9.580802	8.287172	0.000000	
989.300000	-9.587310	8.263039	0.000000	
989.350000	-9.593749	8.238888	0.000000	
989.400000	-9.600124	8.214719	0.000000	
989.450000	-9.606435	8.190534	0.000000	
989.500000	-9.612669	8.166329	0.000000	
989.550000	-9.618844	8.142109	0.000000	
989.600000	-9.624950	8.117870	0.000000	
989.650000	-9.631011	8.093619	0.000000	
989.700000	-9.637039	8.069360	0.000000	
989.750000	-9.643037	8.045092	0.000000	
989.800000	-9.649033	8.020824	0.000000	
989.850000	-9.655034	7.996557	0.000000	
989.900000	-9.661027	7.972288	0.000000	
989.950000	-9.667019	7.948019	0.000000	
990.000000	-9.673025	7.923754	0.000000	
990.050000	-9.679042	7.899491	0.000000	
990.100000	-9.685085	7.875235	0.000000	
990.150000	-9.691168	7.850990	0.000000	
990.200000	-9.697303	7.826759	0.000000	
990.250000	-9.703486	7.802540	0.000000	
990.300000	-9.709708	7.778331	0.000000	
990.350000	-9.715965	7.754131	0.000000	
990.400000	-9.722260	7.729941	0.000000	
990.450000	-9.728576	7.705756	0.000000	
990.500000	-9.734928	7.681580	0.000000	
990.550000	-9.741333	7.657417	0.000000	
990.600000	-9.747783	7.633265	0.000000	
990.650000	-9.754270	7.609123	0.000000	
990.700000	-9.760785	7.584988	0.000000	
990.750000	-9.767349	7.560866	0.000000	
990.800000	-9.773951	7.536755	0.000000	
990.850000	-9.780608	7.512660	0.000000	
990.900000	-9.787332	7.488586	0.000000	
990.950000	-9.794160	7.464544	0.000000	
991.000000	-9.801121	7.440545	0.000000	
991.050000	-9.808235	7.416598	0.000000	
991.100000	-9.815514	7.392708	0.000000	
991.150000	-9.822978	7.368887	0.000000	
991.200000	-9.830639	7.345141	0.000000	
991.250000	-9.838506	7.321476	0.000000	
991.300000	-9.846636	7.297919	0.000000	
991.350000	-9.855059	7.274487	0.000000	
991.400000	-9.863790	7.251191	0.000000	
991.450000	-9.872880	7.228061	0.000000	
991.500000	-9.882381	7.205125	0.000000	
991.550000	-9.892303	7.182397	0.000000	
991.600000	-9.902645	7.159877	0.000000	
991.650000	-9.913411	7.137574	0.000000	
991.700000	-9.924624	7.115501	0.000000	
991.750000	-9.936288	7.093662	0.000000	
991.800000	-9.948385	7.072052	0.000000	
991.850000	-9.960915	7.050678	0.000000	
991.900000	-9.973859	7.029540	0.000000	
991.950000	-9.987207	7.008634	0.000000	
992.000000	-10.000922	6.987944	0.000000	
992.050000	-10.014997	6.967473	0.000000	
992.100000	-10.029400	6.947206	0.000000	
992.150000	-10.044110	6.927133	0.000000	
992.200000	-10.059098	6.907241	0.000000	
992.250000	-10.074341	6.887515	0.000000	
992.300000	-10.089825	6.867952	0.000000	
992.350000	-10.105503	6.848525	0.000000	
992.400000	-10.121342	6.829212	0.000000	
992.450000	-10.137313	6.809994	0.000000	
992.500000	-10.153380	6.790850	0.000000	
992.550000	-10.169504	6.771751	0.000000	
992.600000	-10.185654	6.752671	0.000000	
992.650000	-10.201833	6.733615	0.000000	
992.700000	-10.218029	6.714573	0.000000	
992.750000	-10.234215	6.695523	0.000000	
992.800000	-10.250396	6.676469	0.000000	
992.850000	-10.266572	6.657410	0.000000	
992.900000	-10.282733	6.638340	0.000000	
992.950000	-10.298853	6.619234	0.000000	
993.000000	-10.314943	6.600103	0.000000	
993.050000	-10.331009	6.580952	0.000000	
993.100000	-10.347037	6.561769	0.000000	
993.150000	-10.363027	6.542554	0.000000	
993.200000	-10.378971	6.523301	0.000000	
993.250000	-10.394866	6.504007	0.000000	
993.300000	-10.410722	6.484682	0.000000	
993.350000	-10.426527	6.465315	0.000000	
993.400000	-10.442289	6.445912	0.000000	
993.450000	-10.458026	6.426489	0.000000	
993.500000	-10.473751	6.407055	0.000000	
993.550000	-10.489467	6.387615	0.000000	
993.600000	-10.505191	6.368181	0.000000	
993.650000	-10.520925	6.348755	0.000000	
993.700000	-10.536669	6.329338	0.000000	
993.750000	-10.552413	6.309921	0.000000	
993.800000	-10.568181	6.290524	0.000000	
993.850000	-10.583975	6.271148	0.000000	
993.900000	-10.599800	6.251799	0.000000	
993.950000	-10.615655	6.232476	0.000000	
994.000000	-10.631557	6.213192	0.000000	
994.050000	-10.647486	6.193932	0.000000	
994.100000	-10.663435	6.174688	0.000000	
994.150000	-10.679411	6.155465	0.000000	
994.200000	-10.695431	6.136282	0.000000	
994.250000	-10.711500	6.117138	0.000000	
994.300000	-10.727618	6.098034	0.000000	
994.350000	-10.743773	6.078962	0.000000	
994.400000	-10.759960	6.059914	0.000000	
994.450000	-10.776177	6.040891	0.000000	
994.500000	-10.792416	6.021886	0.000000	
994.550000	-10.808668	6.002892	0.000000	
994.600000	-10.824932	5.983908	0.000000	
994.650000	-10.841193	5.964921	0.000000	
994.700000	-10.857453	5.945934	0.000000	
994.750000	-10.873706	5.926940	0.000000	
994.800000	-10.889956	5.907944	0.000000	
994.850000	-10.906178	5.888925	0.000000	
994.900000	-10.922363	5.869875	0.000000	
994.950000	-10.938513	5.850795	0.000000	
995.000000	-10.954623	5.831682	0.000000	
995.050000	-10.970688	5.812530	0.000000	
995.100000	-10.986714	5.793346	0.000000	
995.150000	-11.002718	5.774144	0.000000	
995.200000	-11.018683	5.754909	0.000000	
995.250000	-11.034609	5.735641	0.000000	
995.300000	-11.050497	5.716341	0.000000	
995.350000	-11.066353	5.697015	0.000000	
995.400000	-11.082172	5.677658	0.000000	
995.450000	-11.097967	5.658282	0.000000	
995.500000	-11.113744	5.638891	0.000000	
995.550000	-11.129517	5.619497	0.000000	
995.600000	-11.145275	5.600090	0.000000	
995.650000	-11.161002	5.580658	0.000000	
995.700000	-11.176694	5.561197	0.000000	
995.750000	-11.192344	5.541704	0.000000	
995.800000	-11.207939	5.522166	0.000000	
995.850000	-11.223492	5.502596	0.000000	
995.900000	-11.239017	5.483005	0.000000	
995.950000	-11.254499	5.463380	0.000000	
996.000000	-11.269916	5.443706	0.000000	
996.050000	-11.285276	5.423989	0.000000	
996.100000	-11.300577	5.404227	0.000000	
996.150000	-11.315807	5.384413	0.000000	
996.200000	-11.330950	5.364534	0.000000	
996.250000	-11.346006	5.344593	0.000000	
996.300000	-11.360967	5.324582	0.000000	
996.350000	-11.375850	5.304513	0.000000	
996.400000	-11.390680	5.284404	0.000000	
996.450000	-11.405483	5.264274	0.000000	
996.500000	-11.420271	5.244132	0.000000	
996.550000	-11.435062	5.223993	0.000000	
996.600000	-11.449866	5.203864	0.000000	
996.650000	-11.464731	5.183789	0.000000	
996.700000	-11.479695	5.163802	0.000000	
996.750000	-11.494795	5.143938	0.000000	
996.800000	-11.510063	5.124229	0.000000	
996.850000	-11.525546	5.104725	0.000000	
996.900000	-11.541256	5.085445	0.000000	
996.950000	-11.557217	5.066420	0.000000	
997.000000	-11.573460	5.047687	0.000000	
997.050000	-11.590014	5.029278	0.000000	
997.100000	-11.606891	5.011216	0.000000	
997.150000	-11.624111	4.993528	0.000000	
997.200000	-11.641704	4.976250	0.000000	
997.250000	-11.659689	4.959409	0.000000	
997.300000	-11.678083	4.943025	0.000000	
997.350000	-11.696884	4.927100	0.000000	
997.400000	-11.716081	4.911630	0.000000	
997.450000	-11.735655	4.896607	0.000000	
997.500000	-11.755597	4.882034	0.000000	
997.550000	-11.775902	4.867915	0.000000	
997.600000	-11.796539	4.854227	0.000000	
997.650000	-11.817491	4.840960	0.000000	
997.700000	-11.838714	4.828064	0.000000	
997.750000	-11.860173	4.815505	0.000000	
997.800000	-11.881852	4.803273	0.000000	
997.850000	-11.903734	4.791358	0.000000	
997.900000	-11.925785	4.779720	0.000000	
997.950000	-11.947990	4.768343	0.000000	
998.000000	-11.970328	4.757204	0.000000	
998.050000	-11.992777	4.746270	0.000000	
998.100000	-12.015330	4.735533	0.000000	
998.150000	-12.037966	4.724960	0.000000	
998.200000	-12.060676	4.714538	0.000000	
998.250000	-12.083439	4.704224	0.000000	
998.300000	-12.106242	4.693995	0.000000	
998.350000	-12.129077	4.683834	0.000000	
998.400000	-12.151936	4.673723	0.000000	
998.450000	-12.174811	4.663646	0.000000	
998.500000	-12.197701	4.653601	0.000000	
998.550000	-12.220598	4.643573	0.000000	
998.600000	-12.243489	4.633531	0.000000	
998.650000	-12.266374	4.623475	0.000000	
998.700000	-12.289250	4.613401	0.000000	
998.750000	-12.312130	4.603333	0.000000	
998.800000	-12.335009	4.593266	0.000000	
998.850000	-12.357886	4.583194	0.000000	
998.900000	-12.380756	4.573104	0.000000	
998.950000	-12.403619	4.563001	0.000000	
999.000000	-12.426479	4.552887	0.000000	
999.050000	-12.449325	4.542745	0.000000	
999.100000	-12.472164	4.532585	0.000000	
999.150000	-12.494990	4.522396	0.000000	
999.200000	-12.517810	4.512190	0.000000	
999.250000	-12.540621	4.501964	0.000000	
999.300000	-12.563434	4.491744	0.000000	
999.350000	-12.586252	4.481533	0.000000	
999.400000	-12.609074	4.471335	0.000000	
999.450000	-12.631911	4.461170	0.000000	
999.500000	-12.643294	4.456008	0.000000	
999.550000	-12.654675	4.450839	0.000000	
999.600000	-12.666055	4.445669	0.000000	
999.650000	-12.677442	4.440516	0.000000	
999.700000	-12.688839	4.435384	0.000000	
999.750000	-12.700246	4.430275	0.000000	
999.800000	-12.711659	4.425178	0.000000	
999.850000	-12.723084	4.420110	0.000000	
999.900000	-12.734521	4.415068	0.000000	
999.950000	-12.745969	4.410050	0.000000	
