0.000000	-54.850592	-20.624623	0.000000	
0.050000	-54.828973	-20.635159	0.000000	
0.100000	-54.807355	-20.645701	0.000000	
0.150000	-54.785742	-20.656281	0.000000	
0.200000	-54.764132	-20.666879	0.000000	
0.250000	-54.742523	-20.677490	0.000000	
0.300000	-54.720914	-20.688087	0.000000	
0.350000	-54.699306	-20.698689	0.000000	
0.400000	-54.677700	-20.709297	0.000000	
0.450000	-54.656093	-20.719889	0.000000	
0.500000	-54.634484	-20.730456	0.000000	
0.550000	-54.594234	-20.743026	0.000000	
0.600000	-54.553985	-20.755598	0.000000	
0.650000	-54.513741	-20.768207	0.000000	
0.700000	-54.473501	-20.780844	0.000000	
0.750000	-54.433263	-20.793500	0.000000	
0.800000	-54.393029	-20.806177	0.000000	
0.850000	-54.352796	-20.818851	0.000000	
0.900000	-54.312560	-20.831492	0.000000	
0.950000	-54.272321	-20.844096	0.000000	
1.000000	-54.232079	-20.856655	0.000000	
1.050000	-54.191831	-20.869134	0.000000	
1.100000	-54.151574	-20.881509	0.000000	
1.150000	-54.111310	-20.893807	0.000000	
1.200000	-54.071037	-20.905983	0.000000	
1.250000	-54.030755	-20.918062	0.000000	
1.300000	-53.990466	-20.930050	0.000000	
1.350000	-53.950171	-20.941968	0.000000	
1.400000	-53.909870	-20.953823	0.000000	
1.450000	-53.869563	-20.965599	0.000000	
1.500000	-53.829252	-20.977313	0.000000	
1.550000	-53.788938	-20.988995	0.000000	
1.600000	-53.748621	-21.000641	0.000000	
1.650000	-53.708301	-21.012245	0.000000	
1.700000	-53.667974	-21.023767	0.000000	
1.750000	-53.627639	-21.035212	0.000000	
1.800000	-53.587296	-21.046569	0.000000	
1.850000	-53.546948	-21.057872	0.000000	
1.900000	-53.506599	-21.069157	0.000000	
1.950000	-53.466254	-21.080468	0.000000	
2.000000	-53.425910	-21.091806	0.000000	
2.050000	-53.385571	-21.103183	0.000000	
2.100000	-53.345236	-21.114609	0.000000	
2.150000	-53.304906	-21.126092	0.000000	
2.200000	-53.264580	-21.137624	0.000000	
2.250000	-53.224262	-21.149246	0.000000	
2.300000	-53.183952	-21.160960	0.000000	
2.350000	-53.143653	-21.172787	0.000000	
2.400000	-53.103366	-21.184728	0.000000	
2.450000	-53.063093	-21.196788	0.000000	
2.500000	-53.022832	-21.208967	0.000000	
2.550000	-52.982582	-21.221260	0.000000	
2.600000	-52.942345	-21.233666	0.000000	
2.650000	-52.902122	-21.246201	0.000000	
2.700000	-52.861908	-21.258821	0.000000	
2.750000	-52.821702	-21.271526	0.000000	
2.800000	-52.781501	-21.284281	0.000000	
2.850000	-52.741307	-21.297108	0.000000	
2.900000	-52.701116	-21.309969	0.000000	
2.950000	-52.660924	-21.322818	0.000000	
3.000000	-52.620732	-21.335658	0.000000	
3.050000	-52.580543	-21.348538	0.000000	
3.100000	-52.540359	-21.361451	0.000000	
3.150000	-52.500180	-21.374419	0.000000	
3.200000	-52.460008	-21.387444	0.000000	
3.250000	-52.419846	-21.400549	0.000000	
3.300000	-52.379694	-21.413732	0.000000	
3.350000	-52.339552	-21.426982	0.000000	
3.400000	-52.299415	-21.440272	0.000000	
3.450000	-52.259283	-21.453584	0.000000	
3.500000	-52.219148	-21.466886	0.000000	
3.550000	-52.179018	-21.480209	0.000000	
3.600000	-52.138888	-21.493537	0.000000	
3.650000	-52.098754	-21.506829	0.000000	
3.700000	-52.058615	-21.520085	0.000000	
3.750000	-52.018474	-21.533322	0.000000	
3.800000	-51.978333	-21.546552	0.000000	
3.850000	-51.938195	-21.559813	0.000000	
3.900000	-51.898061	-21.573101	0.000000	
3.950000	-51.857932	-21.586435	0.000000	
4.000000	-51.817808	-21.599809	0.000000	
4.050000	-51.777688	-21.613220	0.000000	
4.100000	-51.737570	-21.626643	0.000000	
4.150000	-51.697453	-21.640069	0.000000	
4.200000	-51.657333	-21.653474	0.000000	
4.250000	-51.617209	-21.666837	0.000000	
4.300000	-51.577078	-21.680138	0.000000	
4.350000	-51.536936	-21.693349	0.000000	
4.400000	-51.496784	-21.706488	0.000000	
4.450000	-51.456626	-21.719579	0.000000	
4.500000	-51.416467	-21.732661	0.000000	
4.550000	-51.376305	-21.745716	0.000000	
4.600000	-51.336134	-21.758705	0.000000	
4.650000	-51.295957	-21.771642	0.000000	
4.700000	-51.255780	-21.784571	0.000000	
4.750000	-51.215599	-21.797478	0.000000	
4.800000	-51.175417	-21.810363	0.000000	
4.850000	-51.135233	-21.823238	0.000000	
4.900000	-51.095049	-21.836110	0.000000	
4.950000	-51.054864	-21.848973	0.000000	
5.000000	-51.014681	-21.861842	0.000000	
5.050000	-50.974501	-21.874737	0.000000	
5.100000	-50.934321	-21.887639	0.000000	
5.150000	-50.894143	-21.900542	0.000000	
5.200000	-50.853964	-21.913440	0.000000	
5.250000	-50.813786	-21.926343	0.000000	
5.300000	-50.773611	-21.939275	0.000000	
5.350000	-50.733437	-21.952205	0.000000	
5.400000	-50.693265	-21.965156	0.000000	
5.450000	-50.653092	-21.978098	0.000000	
5.500000	-50.612917	-21.991025	0.000000	
5.550000	-50.572740	-22.003924	0.000000	
5.600000	-50.532561	-22.016812	0.000000	
5.650000	-50.492386	-22.029728	0.000000	
5.700000	-50.452213	-22.042662	0.000000	
5.750000	-50.412043	-22.055616	0.000000	
5.800000	-50.371877	-22.068598	0.000000	
5.850000	-50.331715	-22.081606	0.000000	
5.900000	-50.291553	-22.094615	0.000000	
5.950000	-50.251388	-22.107595	0.000000	
6.000000	-50.211209	-22.120373	0.000000	
6.050000	-50.171047	-22.132580	0.000000	
6.100000	-50.131057	-22.143762	0.000000	
6.150000	-50.091542	-22.153488	0.000000	
6.200000	-50.052933	-22.161431	0.000000	
6.250000	-50.015715	-22.167420	0.000000	
6.300000	-49.980363	-22.171425	0.000000	
6.350000	-49.947265	-22.173498	0.000000	
6.400000	-49.916732	-22.173781	0.000000	
6.450000	-49.888980	-22.172393	0.000000	
6.500000	-49.864132	-22.169430	0.000000	
6.550000	-49.842295	-22.164971	0.000000	
6.600000	-49.823539	-22.159077	0.000000	
6.650000	-49.807892	-22.151788	0.000000	
6.700000	-49.795367	-22.143103	0.000000	
6.750000	-49.785979	-22.133057	0.000000	
6.800000	-49.779728	-22.121630	0.000000	
6.850000	-49.776620	-22.108835	0.000000	
6.900000	-49.776651	-22.094676	0.000000	
6.950000	-49.779816	-22.079159	0.000000	
7.000000	-49.786107	-22.062282	0.000000	
7.050000	-49.795549	-22.044234	0.000000	
7.100000	-49.808107	-22.025368	0.000000	
7.150000	-49.823638	-22.006155	0.000000	
7.200000	-49.841848	-21.987042	0.000000	
7.250000	-49.862292	-21.968343	0.000000	
7.300000	-49.884483	-21.950238	0.000000	
7.350000	-49.907958	-21.932775	0.000000	
7.400000	-49.932337	-21.915906	0.000000	
7.450000	-49.957302	-21.899500	0.000000	
7.500000	-49.982625	-21.883417	0.000000	
7.550000	-50.005211	-21.876054	0.000000	
7.600000	-50.027904	-21.868803	0.000000	
7.650000	-50.050620	-21.861577	0.000000	
7.700000	-50.073323	-21.854337	0.000000	
7.750000	-50.096011	-21.847079	0.000000	
7.800000	-50.118667	-21.839784	0.000000	
7.850000	-50.141273	-21.832433	0.000000	
7.900000	-50.163815	-21.825009	0.000000	
7.950000	-50.186294	-21.817514	0.000000	
8.000000	-50.208700	-21.809938	0.000000	
8.050000	-50.231035	-21.802284	0.000000	
8.100000	-50.253271	-21.794522	0.000000	
8.150000	-50.275406	-21.786651	0.000000	
8.200000	-50.297429	-21.778657	0.000000	
8.250000	-50.319324	-21.770522	0.000000	
8.300000	-50.341118	-21.762277	0.000000	
8.350000	-50.362810	-21.753921	0.000000	
8.400000	-50.384389	-21.745440	0.000000	
8.450000	-50.405850	-21.736829	0.000000	
8.500000	-50.427195	-21.728090	0.000000	
8.550000	-50.448428	-21.719231	0.000000	
8.600000	-50.469563	-21.710265	0.000000	
8.650000	-50.490618	-21.701214	0.000000	
8.700000	-50.511593	-21.692080	0.000000	
8.750000	-50.532505	-21.682879	0.000000	
8.800000	-50.553336	-21.673592	0.000000	
8.850000	-50.574092	-21.664228	0.000000	
8.900000	-50.594772	-21.654784	0.000000	
8.950000	-50.615399	-21.645286	0.000000	
9.000000	-50.635962	-21.635723	0.000000	
9.050000	-50.656466	-21.626100	0.000000	
9.100000	-50.676922	-21.616430	0.000000	
9.150000	-50.697337	-21.606720	0.000000	
9.200000	-50.717736	-21.596993	0.000000	
9.250000	-50.738136	-21.587265	0.000000	
9.300000	-50.758523	-21.577526	0.000000	
9.350000	-50.778871	-21.567747	0.000000	
9.400000	-50.799202	-21.557951	0.000000	
9.450000	-50.819517	-21.548139	0.000000	
9.500000	-50.839789	-21.538285	0.000000	
9.550000	-50.860021	-21.528391	0.000000	
9.600000	-50.880220	-21.518465	0.000000	
9.650000	-50.900363	-21.508486	0.000000	
9.700000	-50.920458	-21.498459	0.000000	
9.750000	-50.940510	-21.488391	0.000000	
9.800000	-50.960500	-21.478264	0.000000	
9.850000	-50.980445	-21.468093	0.000000	
9.900000	-51.000358	-21.457890	0.000000	
9.950000	-51.020259	-21.447676	0.000000	
10.000000	-51.040117	-21.437420	0.000000	
10.050000	-51.059944	-21.427134	0.000000	
10.100000	-51.079748	-21.416826	0.000000	
10.150000	-51.099540	-21.406506	0.000000	
10.200000	-51.119301	-21.396157	0.000000	
10.250000	-51.139007	-21.385757	0.000000	
10.300000	-51.158646	-21.375292	0.000000	
10.350000	-51.178231	-21.364777	0.000000	
10.400000	-51.197765	-21.354215	0.000000	
10.450000	-51.217245	-21.343603	0.000000	
10.500000	-51.236686	-21.332953	0.000000	
10.550000	-51.256111	-21.322288	0.000000	
10.600000	-51.275511	-21.311601	0.000000	
10.650000	-51.294897	-21.300899	0.000000	
10.700000	-51.314285	-21.290199	0.000000	
10.750000	-51.333676	-21.279501	0.000000	
10.800000	-51.353076	-21.268812	0.000000	
10.850000	-51.372490	-21.258135	0.000000	
10.900000	-51.391895	-21.247450	0.000000	
10.950000	-51.411268	-21.236734	0.000000	
11.000000	-51.430587	-21.225969	0.000000	
11.050000	-51.449863	-21.215167	0.000000	
11.100000	-51.469120	-21.204346	0.000000	
11.150000	-51.488359	-21.193509	0.000000	
11.200000	-51.507557	-21.182635	0.000000	
11.250000	-51.526718	-21.171728	0.000000	
11.300000	-51.545833	-21.160780	0.000000	
11.350000	-51.564876	-21.149771	0.000000	
11.400000	-51.583845	-21.138700	0.000000	
11.450000	-51.602773	-21.127593	0.000000	
11.500000	-51.621634	-21.116430	0.000000	
11.550000	-51.640403	-21.105187	0.000000	
11.600000	-51.659063	-21.093852	0.000000	
11.650000	-51.677628	-21.082437	0.000000	
11.700000	-51.696076	-21.070924	0.000000	
11.750000	-51.714403	-21.059311	0.000000	
11.800000	-51.732580	-21.047572	0.000000	
11.850000	-51.750620	-21.035718	0.000000	
11.900000	-51.768536	-21.023760	0.000000	
11.950000	-51.786362	-21.011725	0.000000	
12.000000	-51.804104	-20.999619	0.000000	
12.050000	-51.821790	-20.987466	0.000000	
12.100000	-51.839436	-20.975280	0.000000	
12.150000	-51.857032	-20.963051	0.000000	
12.200000	-51.874558	-20.950763	0.000000	
12.250000	-51.892024	-20.938425	0.000000	
12.300000	-51.909464	-20.926065	0.000000	
12.350000	-51.926908	-20.913709	0.000000	
12.400000	-51.944378	-20.901374	0.000000	
12.450000	-51.961880	-20.889066	0.000000	
12.500000	-51.979388	-20.876762	0.000000	
12.550000	-51.996898	-20.864460	0.000000	
12.600000	-52.014403	-20.852154	0.000000	
12.650000	-52.031922	-20.839859	0.000000	
12.700000	-52.049461	-20.827579	0.000000	
12.750000	-52.067028	-20.815321	0.000000	
12.800000	-52.084624	-20.803086	0.000000	
12.850000	-52.102244	-20.790870	0.000000	
12.900000	-52.119876	-20.778662	0.000000	
12.950000	-52.137496	-20.766444	0.000000	
13.000000	-52.155071	-20.754194	0.000000	
13.050000	-52.172620	-20.741922	0.000000	
13.100000	-52.190121	-20.729614	0.000000	
13.150000	-52.207582	-20.717274	0.000000	
13.200000	-52.225011	-20.704908	0.000000	
13.250000	-52.242411	-20.692520	0.000000	
13.300000	-52.259803	-20.680126	0.000000	
13.350000	-52.277165	-20.667709	0.000000	
13.400000	-52.294495	-20.655265	0.000000	
13.450000	-52.311807	-20.642807	0.000000	
13.500000	-52.329103	-20.630336	0.000000	
13.550000	-52.346384	-20.617853	0.000000	
13.600000	-52.363679	-20.605382	0.000000	
13.650000	-52.380996	-20.592929	0.000000	
13.700000	-52.398332	-20.580492	0.000000	
13.750000	-52.415700	-20.568082	0.000000	
13.800000	-52.433119	-20.555713	0.000000	
13.850000	-52.450572	-20.543372	0.000000	
13.900000	-52.468096	-20.531091	0.000000	
13.950000	-52.485688	-20.518864	0.000000	
14.000000	-52.503360	-20.506701	0.000000	
14.050000	-52.521136	-20.494623	0.000000	
14.100000	-52.538998	-20.482615	0.000000	
14.150000	-52.556937	-20.470668	0.000000	
14.200000	-52.574925	-20.458760	0.000000	
14.250000	-52.592928	-20.446865	0.000000	
14.300000	-52.610969	-20.434999	0.000000	
14.350000	-52.629040	-20.423159	0.000000	
14.400000	-52.647156	-20.411356	0.000000	
14.450000	-52.665317	-20.399589	0.000000	
14.500000	-52.683496	-20.387839	0.000000	
14.550000	-52.701707	-20.376116	0.000000	
14.600000	-52.719968	-20.364435	0.000000	
14.650000	-52.738256	-20.352778	0.000000	
14.700000	-52.756584	-20.341155	0.000000	
14.750000	-52.774946	-20.329561	0.000000	
14.800000	-52.793329	-20.317987	0.000000	
14.850000	-52.811729	-20.306428	0.000000	
14.900000	-52.830175	-20.294910	0.000000	
14.950000	-52.848634	-20.283404	0.000000	
15.000000	-52.867118	-20.271921	0.000000	
15.050000	-52.885651	-20.260481	0.000000	
15.100000	-52.904229	-20.249083	0.000000	
15.150000	-52.922878	-20.237751	0.000000	
15.200000	-52.941616	-20.226499	0.000000	
15.250000	-52.960448	-20.215332	0.000000	
15.300000	-52.979378	-20.204251	0.000000	
15.350000	-52.998412	-20.193263	0.000000	
15.400000	-53.017537	-20.182355	0.000000	
15.450000	-53.036743	-20.171521	0.000000	
15.500000	-53.056020	-20.160752	0.000000	
15.550000	-53.075363	-20.150043	0.000000	
15.600000	-53.094747	-20.139371	0.000000	
15.650000	-53.114145	-20.128712	0.000000	
15.700000	-53.133594	-20.118100	0.000000	
15.750000	-53.153163	-20.107604	0.000000	
15.800000	-53.172978	-20.097370	0.000000	
15.850000	-53.193174	-20.087604	0.000000	
15.900000	-53.213868	-20.078576	0.000000	
15.950000	-53.235126	-20.070572	0.000000	
16.000000	-53.256990	-20.063905	0.000000	
16.050000	-53.279433	-20.058833	0.000000	
16.100000	-53.302393	-20.055542	0.000000	
16.150000	-53.325792	-20.054214	0.000000	
16.200000	-53.349553	-20.054965	0.000000	
16.250000	-53.373611	-20.057910	0.000000	
16.300000	-53.397923	-20.063130	0.000000	
16.350000	-53.422466	-20.070692	0.000000	
16.400000	-53.447236	-20.080577	0.000000	
16.450000	-53.472223	-20.092803	0.000000	
16.500000	-53.497437	-20.107346	0.000000	
16.550000	-53.522870	-20.124226	0.000000	
16.600000	-53.548541	-20.143440	0.000000	
16.650000	-53.574460	-20.165003	0.000000	
16.700000	-53.600646	-20.188924	0.000000	
16.750000	-53.627075	-20.215169	0.000000	
16.800000	-53.653666	-20.243679	0.000000	
16.850000	-53.680307	-20.274288	0.000000	
16.900000	-53.706856	-20.306797	0.000000	
16.950000	-53.733181	-20.340937	0.000000	
17.000000	-53.759196	-20.376418	0.000000	
17.050000	-53.784876	-20.412941	0.000000	
17.100000	-53.810253	-20.450225	0.000000	
17.150000	-53.835361	-20.488077	0.000000	
17.200000	-53.860251	-20.526321	0.000000	
17.250000	-53.884997	-20.564804	0.000000	
17.300000	-53.909668	-20.603401	0.000000	
17.350000	-53.934323	-20.642019	0.000000	
17.400000	-53.958992	-20.680615	0.000000	
17.450000	-53.983684	-20.719175	0.000000	
17.500000	-54.008397	-20.757703	0.000000	
17.550000	-54.033131	-20.796199	0.000000	
17.600000	-54.057902	-20.834636	0.000000	
17.650000	-54.082694	-20.873041	0.000000	
17.700000	-54.107503	-20.911420	0.000000	
17.750000	-54.132331	-20.949768	0.000000	
17.800000	-54.157183	-20.988077	0.000000	
17.850000	-54.182073	-21.026329	0.000000	
17.900000	-54.206991	-21.064535	0.000000	
17.950000	-54.231930	-21.102708	0.000000	
18.000000	-54.256897	-21.140839	0.000000	
18.050000	-54.281900	-21.178913	0.000000	
18.100000	-54.306934	-21.216939	0.000000	
18.150000	-54.331977	-21.254950	0.000000	
18.200000	-54.357048	-21.292919	0.000000	
18.250000	-54.382158	-21.330828	0.000000	
18.300000	-54.407287	-21.368707	0.000000	
18.350000	-54.432438	-21.406551	0.000000	
18.400000	-54.457607	-21.444365	0.000000	
18.450000	-54.482799	-21.482141	0.000000	
18.500000	-54.508007	-21.519890	0.000000	
18.550000	-54.533257	-21.557572	0.000000	
18.600000	-54.558546	-21.595193	0.000000	
18.650000	-54.583858	-21.632772	0.000000	
18.700000	-54.609205	-21.670297	0.000000	
18.750000	-54.634581	-21.707773	0.000000	
18.800000	-54.659989	-21.745199	0.000000	
18.850000	-54.685406	-21.782610	0.000000	
18.900000	-54.710838	-21.819992	0.000000	
18.950000	-54.736271	-21.857371	0.000000	
19.000000	-54.761718	-21.894727	0.000000	
19.050000	-54.787176	-21.932063	0.000000	
19.100000	-54.812640	-21.969387	0.000000	
19.150000	-54.838127	-22.006672	0.000000	
19.200000	-54.863648	-22.043905	0.000000	
19.250000	-54.889178	-22.081119	0.000000	
19.300000	-54.914723	-22.118310	0.000000	
19.350000	-54.940297	-22.155453	0.000000	
19.400000	-54.965901	-22.192548	0.000000	
19.450000	-54.991532	-22.229598	0.000000	
19.500000	-55.017180	-22.266621	0.000000	
19.550000	-55.042836	-22.303630	0.000000	
19.600000	-55.068475	-22.340662	0.000000	
19.650000	-55.094102	-22.377712	0.000000	
19.700000	-55.119729	-22.414760	0.000000	
19.750000	-55.145360	-22.451801	0.000000	
19.800000	-55.171013	-22.488804	0.000000	
19.850000	-55.196668	-22.525803	0.000000	
19.900000	-55.222341	-22.562771	0.000000	
19.950000	-55.248027	-22.599717	0.000000	
20.000000	-55.273738	-22.636621	0.000000	
20.050000	-55.299472	-22.673488	0.000000	
20.100000	-55.325224	-22.710325	0.000000	
20.150000	-55.351006	-22.747113	0.000000	
20.200000	-55.376814	-22.783859	0.000000	
20.250000	-55.402653	-22.820551	0.000000	
20.300000	-55.428526	-22.857188	0.000000	
20.350000	-55.454426	-22.893780	0.000000	
20.400000	-55.480351	-22.930331	0.000000	
20.450000	-55.506282	-22.966871	0.000000	
20.500000	-55.532226	-23.003389	0.000000	
20.550000	-55.558195	-23.039864	0.000000	
20.600000	-55.584183	-23.076307	0.000000	
20.650000	-55.610206	-23.112693	0.000000	
20.700000	-55.636251	-23.149042	0.000000	
20.750000	-55.662304	-23.185376	0.000000	
20.800000	-55.688372	-23.221684	0.000000	
20.850000	-55.714443	-23.257987	0.000000	
20.900000	-55.740542	-23.294243	0.000000	
20.950000	-55.766674	-23.330441	0.000000	
21.000000	-55.792843	-23.366573	0.000000	
21.050000	-55.819047	-23.402644	0.000000	
21.100000	-55.845290	-23.438646	0.000000	
21.150000	-55.871584	-23.474560	0.000000	
21.200000	-55.897917	-23.510404	0.000000	
21.250000	-55.924275	-23.546203	0.000000	
21.300000	-55.950650	-23.581971	0.000000	
21.350000	-55.977063	-23.617670	0.000000	
21.400000	-56.003508	-23.653311	0.000000	
21.450000	-56.029980	-23.688905	0.000000	
21.500000	-56.056474	-23.724457	0.000000	
21.550000	-56.082989	-23.759973	0.000000	
21.600000	-56.109524	-23.795451	0.000000	
21.650000	-56.136073	-23.830905	0.000000	
21.700000	-56.162641	-23.866325	0.000000	
21.750000	-56.189220	-23.901725	0.000000	
21.800000	-56.215807	-23.937110	0.000000	
21.850000	-56.242396	-23.972490	0.000000	
21.900000	-56.268980	-24.007875	0.000000	
21.950000	-56.295537	-24.043304	0.000000	
22.000000	-56.322058	-24.078793	0.000000	
22.050000	-56.348543	-24.114341	0.000000	
22.100000	-56.375003	-24.149931	0.000000	
22.150000	-56.401442	-24.185557	0.000000	
22.200000	-56.427865	-24.221210	0.000000	
22.250000	-56.454275	-24.256884	0.000000	
22.300000	-56.480664	-24.292591	0.000000	
22.350000	-56.507039	-24.328322	0.000000	
22.400000	-56.533398	-24.364080	0.000000	
22.450000	-56.559755	-24.399840	0.000000	
22.500000	-56.586118	-24.435587	0.000000	
22.550000	-56.612497	-24.471305	0.000000	
22.600000	-56.638893	-24.506990	0.000000	
22.650000	-56.665313	-24.542629	0.000000	
22.700000	-56.691781	-24.578179	0.000000	
22.750000	-56.718275	-24.613680	0.000000	
22.800000	-56.744763	-24.649189	0.000000	
22.850000	-56.771182	-24.684803	0.000000	
22.900000	-56.797406	-24.720687	0.000000	
22.950000	-56.823292	-24.756977	0.000000	
23.000000	-56.848650	-24.793812	0.000000	
23.050000	-56.873273	-24.831309	0.000000	
23.100000	-56.896931	-24.869580	0.000000	
23.150000	-56.919426	-24.908691	0.000000	
23.200000	-56.940578	-24.948678	0.000000	
23.250000	-56.960261	-24.989570	0.000000	
23.300000	-56.978370	-25.031370	0.000000	
23.350000	-56.994848	-25.074056	0.000000	
23.400000	-57.009658	-25.117628	0.000000	
23.450000	-57.022765	-25.162103	0.000000	
23.500000	-57.034162	-25.207488	0.000000	
23.550000	-57.043824	-25.253796	0.000000	
23.600000	-57.051770	-25.301023	0.000000	
23.650000	-57.058005	-25.349190	0.000000	
23.700000	-57.062540	-25.398310	0.000000	
23.750000	-57.065370	-25.448406	0.000000	
23.800000	-57.066517	-25.499449	0.000000	
23.850000	-57.066024	-25.551372	0.000000	
23.900000	-57.063961	-25.604060	0.000000	
23.950000	-57.060428	-25.657353	0.000000	
24.000000	-57.055552	-25.711095	0.000000	
24.050000	-57.049561	-25.765132	0.000000	
24.100000	-57.042678	-25.819347	0.000000	
24.150000	-57.035139	-25.873651	0.000000	
24.200000	-57.027114	-25.927991	0.000000	
24.250000	-57.018804	-25.982341	0.000000	
24.300000	-57.010307	-26.036689	0.000000	
24.350000	-57.001713	-26.091033	0.000000	
24.400000	-56.993084	-26.145375	0.000000	
24.450000	-56.984476	-26.199718	0.000000	
24.500000	-56.975939	-26.254065	0.000000	
24.550000	-56.967459	-26.308416	0.000000	
24.600000	-56.959068	-26.362772	0.000000	
24.650000	-56.950763	-26.417132	0.000000	
24.700000	-56.942529	-26.471496	0.000000	
24.750000	-56.934339	-26.525862	0.000000	
24.800000	-56.926186	-26.580230	0.000000	
24.850000	-56.918056	-26.634598	0.000000	
24.900000	-56.909972	-26.688968	0.000000	
24.950000	-56.901923	-26.743338	0.000000	
25.000000	-56.893913	-26.797711	0.000000	
25.050000	-56.885974	-26.852088	0.000000	
25.100000	-56.878104	-26.906467	0.000000	
25.150000	-56.870267	-26.960848	0.000000	
25.200000	-56.862452	-27.015229	0.000000	
25.250000	-56.854686	-27.069611	0.000000	
25.300000	-56.846951	-27.123994	0.000000	
25.350000	-56.839277	-27.178379	0.000000	
25.400000	-56.831660	-27.232766	0.000000	
25.450000	-56.824119	-27.287156	0.000000	
25.500000	-56.816659	-27.341549	0.000000	
25.550000	-56.809228	-27.395941	0.000000	
25.600000	-56.801840	-27.450335	0.000000	
25.650000	-56.794487	-27.504730	0.000000	
25.700000	-56.787140	-27.559124	0.000000	
25.750000	-56.779792	-27.613517	0.000000	
25.800000	-56.772465	-27.667911	0.000000	
25.850000	-56.765153	-27.722305	0.000000	
25.900000	-56.757872	-27.776699	0.000000	
25.950000	-56.750591	-27.831092	0.000000	
26.000000	-56.743335	-27.885486	0.000000	
26.050000	-56.736103	-27.939881	0.000000	
26.100000	-56.728887	-27.994275	0.000000	
26.150000	-56.721681	-28.048669	0.000000	
26.200000	-56.714485	-28.103063	0.000000	
26.250000	-56.707313	-28.157457	0.000000	
26.300000	-56.700155	-28.211850	0.000000	
26.350000	-56.692991	-28.266243	0.000000	
26.400000	-56.685832	-28.320635	0.000000	
26.450000	-56.678698	-28.375027	0.000000	
26.500000	-56.671575	-28.429419	0.000000	
26.550000	-56.664463	-28.483810	0.000000	
26.600000	-56.657368	-28.538201	0.000000	
26.650000	-56.650290	-28.592592	0.000000	
26.700000	-56.643199	-28.646981	0.000000	
26.750000	-56.636085	-28.701370	0.000000	
26.800000	-56.628981	-28.755758	0.000000	
26.850000	-56.621884	-28.810145	0.000000	
26.900000	-56.614776	-28.864532	0.000000	
26.950000	-56.607627	-28.918917	0.000000	
27.000000	-56.600418	-28.973299	0.000000	
27.050000	-56.593131	-29.027677	0.000000	
27.100000	-56.585802	-29.082052	0.000000	
27.150000	-56.578421	-29.136425	0.000000	
27.200000	-56.570946	-29.190792	0.000000	
27.250000	-56.563374	-29.245154	0.000000	
27.300000	-56.555654	-29.299506	0.000000	
27.350000	-56.547782	-29.353848	0.000000	
27.400000	-56.539758	-29.408178	0.000000	
27.450000	-56.531538	-29.462495	0.000000	
27.500000	-56.523096	-29.516794	0.000000	
27.550000	-56.514428	-29.571074	0.000000	
27.600000	-56.505508	-29.625336	0.000000	
27.650000	-56.496345	-29.679578	0.000000	
27.700000	-56.486954	-29.733802	0.000000	
27.750000	-56.477353	-29.788007	0.000000	
27.800000	-56.467586	-29.842197	0.000000	
27.850000	-56.457637	-29.896373	0.000000	
27.900000	-56.447508	-29.950535	0.000000	
27.950000	-56.437225	-30.004685	0.000000	
28.000000	-56.426780	-30.058820	0.000000	
28.050000	-56.416203	-30.112943	0.000000	
28.100000	-56.405508	-30.167053	0.000000	
28.150000	-56.394699	-30.221154	0.000000	
28.200000	-56.383810	-30.275248	0.000000	
28.250000	-56.372837	-30.329333	0.000000	
28.300000	-56.361800	-30.383412	0.000000	
28.350000	-56.350704	-30.437484	0.000000	
28.400000	-56.339553	-30.491550	0.000000	
28.450000	-56.328378	-30.545613	0.000000	
28.500000	-56.317188	-30.599674	0.000000	
28.550000	-56.305977	-30.653732	0.000000	
28.600000	-56.294752	-30.707788	0.000000	
28.650000	-56.283539	-30.761846	0.000000	
28.700000	-56.272336	-30.815906	0.000000	
28.750000	-56.261119	-30.869964	0.000000	
28.800000	-56.249899	-30.924021	0.000000	
28.850000	-56.238637	-30.978073	0.000000	
28.900000	-56.227342	-31.032120	0.000000	
28.950000	-56.215978	-31.086157	0.000000	
29.000000	-56.204558	-31.140186	0.000000	
29.050000	-56.193116	-31.194212	0.000000	
29.100000	-56.181661	-31.248237	0.000000	
29.150000	-56.170215	-31.302263	0.000000	
29.200000	-56.158760	-31.356288	0.000000	
29.250000	-56.147238	-31.410305	0.000000	
29.300000	-56.135596	-31.464303	0.000000	
29.350000	-56.123727	-31.518258	0.000000	
29.400000	-56.111535	-31.572136	0.000000	
29.450000	-56.098896	-31.625892	0.000000	
29.500000	-56.085667	-31.679463	0.000000	
29.550000	-56.071726	-31.732774	0.000000	
29.600000	-56.056978	-31.785745	0.000000	
29.650000	-56.041297	-31.838268	0.000000	
29.700000	-56.024550	-31.890236	0.000000	
29.750000	-56.006689	-31.941581	0.000000	
29.800000	-55.987679	-31.992241	0.000000	
29.850000	-55.967471	-32.042163	0.000000	
29.900000	-55.946056	-32.091304	0.000000	
29.950000	-55.923397	-32.139633	0.000000	
30.000000	-55.899529	-32.187167	0.000000	
30.050000	-55.874424	-32.233884	0.000000	
30.100000	-55.848076	-32.279784	0.000000	
30.150000	-55.820479	-32.324881	0.000000	
30.200000	-55.791620	-32.369191	0.000000	
30.250000	-55.761497	-32.412721	0.000000	
30.300000	-55.730137	-32.455455	0.000000	
30.350000	-55.697628	-32.497424	0.000000	
30.400000	-55.664091	-32.538666	0.000000	
30.450000	-55.629646	-32.579220	0.000000	
30.500000	-55.594408	-32.619117	0.000000	
30.550000	-55.558511	-32.658426	0.000000	
30.600000	-55.522102	-32.697246	0.000000	
30.650000	-55.485297	-32.735650	0.000000	
30.700000	-55.448212	-32.773726	0.000000	
30.750000	-55.410964	-32.811598	0.000000	
30.800000	-55.373603	-32.849318	0.000000	
30.850000	-55.336173	-32.886941	0.000000	
30.900000	-55.298710	-32.924515	0.000000	
30.950000	-55.261233	-32.962068	0.000000	
31.000000	-55.223758	-32.999622	0.000000	
31.050000	-55.186265	-33.037149	0.000000	
31.100000	-55.148762	-33.074657	0.000000	
31.150000	-55.111239	-33.112133	0.000000	
31.200000	-55.073692	-33.149567	0.000000	
31.250000	-55.036104	-33.186939	0.000000	
31.300000	-54.998481	-33.224252	0.000000	
31.350000	-54.960821	-33.261507	0.000000	
31.400000	-54.923103	-33.298666	0.000000	
31.450000	-54.885306	-33.335696	0.000000	
31.500000	-54.847426	-33.372593	0.000000	
31.550000	-54.809471	-33.409365	0.000000	
31.600000	-54.771438	-33.446008	0.000000	
31.650000	-54.733321	-33.482519	0.000000	
31.700000	-54.695117	-33.518886	0.000000	
31.750000	-54.656835	-33.555125	0.000000	
31.800000	-54.618466	-33.591221	0.000000	
31.850000	-54.580007	-33.627168	0.000000	
31.900000	-54.541475	-33.662992	0.000000	
31.950000	-54.502863	-33.698683	0.000000	
32.000000	-54.464182	-33.734252	0.000000	
32.050000	-54.425422	-33.769685	0.000000	
32.100000	-54.386602	-33.805012	0.000000	
32.150000	-54.347726	-33.840242	0.000000	
32.200000	-54.308803	-33.875387	0.000000	
32.250000	-54.269818	-33.910418	0.000000	
32.300000	-54.230769	-33.945337	0.000000	
32.350000	-54.191645	-33.980118	0.000000	
32.400000	-54.152455	-34.014776	0.000000	
32.450000	-54.113215	-34.049342	0.000000	
32.500000	-54.073934	-34.083830	0.000000	
32.550000	-54.034612	-34.118241	0.000000	
32.600000	-53.995250	-34.152574	0.000000	
32.650000	-53.955845	-34.186823	0.000000	
32.700000	-53.916393	-34.220985	0.000000	
32.750000	-53.876900	-34.255067	0.000000	
32.800000	-53.837360	-34.289059	0.000000	
32.850000	-53.797772	-34.322957	0.000000	
32.900000	-53.758153	-34.356792	0.000000	
32.950000	-53.718502	-34.390568	0.000000	
33.000000	-53.678828	-34.424296	0.000000	
33.050000	-53.639135	-34.457989	0.000000	
33.100000	-53.599426	-34.491651	0.000000	
33.150000	-53.559692	-34.525261	0.000000	
33.200000	-53.519935	-34.558827	0.000000	
33.250000	-53.480168	-34.592373	0.000000	
33.300000	-53.440408	-34.625932	0.000000	
33.350000	-53.400647	-34.659489	0.000000	
33.400000	-53.360890	-34.693054	0.000000	
33.450000	-53.321138	-34.726628	0.000000	
33.500000	-53.281393	-34.760215	0.000000	
33.550000	-53.241663	-34.793833	0.000000	
33.600000	-53.201948	-34.827480	0.000000	
33.650000	-53.162250	-34.861160	0.000000	
33.700000	-53.122563	-34.894861	0.000000	
33.750000	-53.082878	-34.928568	0.000000	
33.800000	-53.043201	-34.962291	0.000000	
33.850000	-53.003546	-34.996057	0.000000	
33.900000	-52.963904	-35.029850	0.000000	
33.950000	-52.924275	-35.063667	0.000000	
34.000000	-52.884658	-35.097511	0.000000	
34.050000	-52.845060	-35.131390	0.000000	
34.100000	-52.805489	-35.165319	0.000000	
34.150000	-52.765946	-35.199304	0.000000	
34.200000	-52.726442	-35.233365	0.000000	
34.250000	-52.686982	-35.267507	0.000000	
34.300000	-52.647543	-35.301691	0.000000	
34.350000	-52.608124	-35.335912	0.000000	
34.400000	-52.568726	-35.370172	0.000000	
34.450000	-52.529359	-35.404493	0.000000	
34.500000	-52.490029	-35.438883	0.000000	
34.550000	-52.450720	-35.473314	0.000000	
34.600000	-52.411434	-35.507787	0.000000	
34.650000	-52.372169	-35.542300	0.000000	
34.700000	-52.332932	-35.576865	0.000000	
34.750000	-52.293724	-35.611483	0.000000	
34.800000	-52.254555	-35.646176	0.000000	
34.850000	-52.215430	-35.680950	0.000000	
34.900000	-52.176349	-35.715806	0.000000	
34.950000	-52.137327	-35.750770	0.000000	
35.000000	-52.098364	-35.785841	0.000000	
35.050000	-52.059441	-35.820984	0.000000	
35.100000	-52.020550	-35.856186	0.000000	
35.150000	-51.981657	-35.891386	0.000000	
35.200000	-51.942720	-35.926499	0.000000	
35.250000	-51.903686	-35.961402	0.000000	
35.300000	-51.864492	-35.995920	0.000000	
35.350000	-51.825108	-36.029891	0.000000	
35.400000	-51.785508	-36.063131	0.000000	
35.450000	-51.745696	-36.095455	0.000000	
35.500000	-51.705677	-36.126683	0.000000	
35.550000	-51.665467	-36.156696	0.000000	
35.600000	-51.625103	-36.185376	0.000000	
35.650000	-51.584600	-36.212652	0.000000	
35.700000	-51.543968	-36.238489	0.000000	
35.750000	-51.503216	-36.262850	0.000000	
35.800000	-51.462350	-36.285744	0.000000	
35.850000	-51.421354	-36.307166	0.000000	
35.900000	-51.380232	-36.327097	0.000000	
35.950000	-51.338966	-36.345548	0.000000	
36.000000	-51.297558	-36.362491	0.000000	
36.050000	-51.256002	-36.377918	0.000000	
36.100000	-51.214304	-36.391862	0.000000	
36.150000	-51.172475	-36.404306	0.000000	
36.200000	-51.130545	-36.415266	0.000000	
36.250000	-51.088570	-36.424815	0.000000	
36.300000	-51.046599	-36.433068	0.000000	
36.350000	-51.004678	-36.440196	0.000000	
36.400000	-50.962859	-36.446359	0.000000	
36.450000	-50.921163	-36.451731	0.000000	
36.500000	-50.879588	-36.456528	0.000000	
36.550000	-50.838120	-36.460910	0.000000	
36.600000	-50.796735	-36.465004	0.000000	
36.650000	-50.755404	-36.468935	0.000000	
36.700000	-50.714103	-36.472783	0.000000	
36.750000	-50.672818	-36.476588	0.000000	
36.800000	-50.631531	-36.480400	0.000000	
36.850000	-50.590237	-36.484233	0.000000	
36.900000	-50.548937	-36.488088	0.000000	
36.950000	-50.507621	-36.491991	0.000000	
37.000000	-50.466292	-36.495934	0.000000	
37.050000	-50.424942	-36.499943	0.000000	
37.100000	-50.383565	-36.504037	0.000000	
37.150000	-50.342161	-36.508217	0.000000	
37.200000	-50.300730	-36.512479	0.000000	
37.250000	-50.259268	-36.516833	0.000000	
37.300000	-50.217773	-36.521279	0.000000	
37.350000	-50.176246	-36.525816	0.000000	
37.400000	-50.134688	-36.530445	0.000000	
37.450000	-50.093091	-36.535182	0.000000	
37.500000	-50.051453	-36.540035	0.000000	
37.550000	-50.009778	-36.544996	0.000000	
37.600000	-49.968068	-36.550054	0.000000	
37.650000	-49.926336	-36.555179	0.000000	
37.700000	-49.884576	-36.560380	0.000000	
37.750000	-49.842797	-36.565637	0.000000	
37.800000	-49.801001	-36.570943	0.000000	
37.850000	-49.759194	-36.576282	0.000000	
37.900000	-49.717387	-36.581621	0.000000	
37.950000	-49.675587	-36.586942	0.000000	
38.000000	-49.633792	-36.592249	0.000000	
38.050000	-49.591999	-36.597547	0.000000	
38.100000	-49.550207	-36.602846	0.000000	
38.150000	-49.508415	-36.608143	0.000000	
38.200000	-49.466631	-36.613417	0.000000	
38.250000	-49.424848	-36.618687	0.000000	
38.300000	-49.383062	-36.623966	0.000000	
38.350000	-49.341265	-36.629281	0.000000	
38.400000	-49.299457	-36.634631	0.000000	
38.450000	-49.257648	-36.639986	0.000000	
38.500000	-49.215837	-36.645348	0.000000	
38.550000	-49.174019	-36.650730	0.000000	
38.600000	-49.132196	-36.656132	0.000000	
38.650000	-49.090362	-36.661571	0.000000	
38.700000	-49.048504	-36.667085	0.000000	
38.750000	-49.006630	-36.672649	0.000000	
38.800000	-48.964744	-36.678253	0.000000	
38.850000	-48.922849	-36.683881	0.000000	
38.900000	-48.880940	-36.689555	0.000000	
38.950000	-48.839011	-36.695292	0.000000	
39.000000	-48.797060	-36.701095	0.000000	
39.050000	-48.755093	-36.706952	0.000000	
39.100000	-48.713116	-36.712836	0.000000	
39.150000	-48.671134	-36.718743	0.000000	
39.200000	-48.629144	-36.724672	0.000000	
39.250000	-48.587147	-36.730628	0.000000	
39.300000	-48.545137	-36.736628	0.000000	
39.350000	-48.503106	-36.742699	0.000000	
39.400000	-48.461056	-36.748840	0.000000	
39.450000	-48.418978	-36.755078	0.000000	
39.500000	-48.376867	-36.761433	0.000000	
39.550000	-48.334727	-36.767894	0.000000	
39.600000	-48.292565	-36.774431	0.000000	
39.650000	-48.250380	-36.781056	0.000000	
39.700000	-48.208182	-36.787726	0.000000	
39.750000	-48.166004	-36.794330	0.000000	
39.800000	-48.123871	-36.800807	0.000000	
39.850000	-48.081833	-36.807039	0.000000	
39.900000	-48.039943	-36.812934	0.000000	
39.950000	-47.998282	-36.818350	0.000000	
40.000000	-47.956952	-36.823153	0.000000	
40.050000	-47.916037	-36.827246	0.000000	
40.100000	-47.875613	-36.830553	0.000000	
40.150000	-47.835778	-36.832994	0.000000	
40.200000	-47.796625	-36.834488	0.000000	
40.250000	-47.758217	-36.834978	0.000000	
40.300000	-47.720573	-36.834456	0.000000	
40.350000	-47.683721	-36.832893	0.000000	
40.400000	-47.647694	-36.830251	0.000000	
40.450000	-47.612474	-36.826532	0.000000	
40.500000	-47.578078	-36.821707	0.000000	
40.550000	-47.544526	-36.815758	0.000000	
40.600000	-47.511835	-36.808692	0.000000	
40.650000	-47.479985	-36.800526	0.000000	
40.700000	-47.448973	-36.791246	0.000000	
40.750000	-47.418775	-36.780900	0.000000	
40.800000	-47.389345	-36.769588	0.000000	
40.850000	-47.360653	-36.757392	0.000000	
40.900000	-47.332635	-36.744448	0.000000	
40.950000	-47.305238	-36.730864	0.000000	
41.000000	-47.278390	-36.716755	0.000000	
41.050000	-47.251996	-36.702255	0.000000	
41.100000	-47.225988	-36.687450	0.000000	
41.150000	-47.200300	-36.672409	0.000000	
41.200000	-47.174850	-36.657206	0.000000	
41.250000	-47.149544	-36.641913	0.000000	
41.300000	-47.124329	-36.626564	0.000000	
41.350000	-47.099172	-36.611181	0.000000	
41.400000	-47.074040	-36.595784	0.000000	
41.450000	-47.048902	-36.580390	0.000000	
41.500000	-47.023759	-36.565000	0.000000	
41.550000	-46.998592	-36.549625	0.000000	
41.600000	-46.973380	-36.534277	0.000000	
41.650000	-46.948112	-36.518962	0.000000	
41.700000	-46.922821	-36.503659	0.000000	
41.750000	-46.897521	-36.488363	0.000000	
41.800000	-46.872233	-36.473059	0.000000	
41.850000	-46.846958	-36.457748	0.000000	
41.900000	-46.821701	-36.442427	0.000000	
41.950000	-46.796447	-36.427103	0.000000	
42.000000	-46.771194	-36.411779	0.000000	
42.050000	-46.745921	-36.396468	0.000000	
42.100000	-46.720635	-36.381165	0.000000	
42.150000	-46.695328	-36.365873	0.000000	
42.200000	-46.670004	-36.350593	0.000000	
42.250000	-46.644661	-36.335323	0.000000	
42.300000	-46.619309	-36.320058	0.000000	
42.350000	-46.593945	-36.304800	0.000000	
42.400000	-46.568574	-36.289546	0.000000	
42.450000	-46.543193	-36.274298	0.000000	
42.500000	-46.517796	-36.259060	0.000000	
42.550000	-46.492413	-36.243813	0.000000	
42.600000	-46.467034	-36.228563	0.000000	
42.650000	-46.441644	-36.213320	0.000000	
42.700000	-46.416248	-36.198081	0.000000	
42.750000	-46.390848	-36.182845	0.000000	
42.800000	-46.365423	-36.167623	0.000000	
42.850000	-46.339968	-36.152419	0.000000	
42.900000	-46.314518	-36.137210	0.000000	
42.950000	-46.289095	-36.121986	0.000000	
43.000000	-46.263699	-36.106745	0.000000	
43.050000	-46.238354	-36.091473	0.000000	
43.100000	-46.213074	-36.076161	0.000000	
43.150000	-46.187849	-36.060817	0.000000	
43.200000	-46.162668	-36.045445	0.000000	
43.250000	-46.137506	-36.030062	0.000000	
43.300000	-46.112336	-36.014683	0.000000	
43.350000	-46.087167	-35.999302	0.000000	
43.400000	-46.061986	-35.983927	0.000000	
43.450000	-46.036823	-35.968542	0.000000	
43.500000	-46.011684	-35.953142	0.000000	
43.550000	-45.986583	-35.937719	0.000000	
43.600000	-45.961531	-35.922268	0.000000	
43.650000	-45.936555	-35.906772	0.000000	
43.700000	-45.911688	-35.891213	0.000000	
43.750000	-45.886899	-35.875609	0.000000	
43.800000	-45.862189	-35.859961	0.000000	
43.850000	-45.837595	-35.844247	0.000000	
43.900000	-45.813111	-35.828471	0.000000	
43.950000	-45.788721	-35.812644	0.000000	
44.000000	-45.764413	-35.796771	0.000000	
44.050000	-45.740224	-35.780835	0.000000	
44.100000	-45.716131	-35.764847	0.000000	
44.150000	-45.692140	-35.748804	0.000000	
44.200000	-45.668273	-35.732697	0.000000	
44.250000	-45.644539	-35.716522	0.000000	
44.300000	-45.620936	-35.700277	0.000000	
44.350000	-45.597495	-35.683948	0.000000	
44.400000	-45.574175	-35.667555	0.000000	
44.450000	-45.551012	-35.651080	0.000000	
44.500000	-45.528003	-35.634527	0.000000	
44.550000	-45.505219	-35.617866	0.000000	
44.600000	-45.482735	-35.601070	0.000000	
44.650000	-45.460596	-35.584128	0.000000	
44.700000	-45.438871	-35.567025	0.000000	
44.750000	-45.417666	-35.549742	0.000000	
44.800000	-45.397086	-35.532256	0.000000	
44.850000	-45.377225	-35.514567	0.000000	
44.900000	-45.358139	-35.496684	0.000000	
44.950000	-45.339923	-35.478603	0.000000	
45.000000	-45.322661	-35.460333	0.000000	
45.050000	-45.306388	-35.441880	0.000000	
45.100000	-45.291096	-35.423258	0.000000	
45.150000	-45.276805	-35.404466	0.000000	
45.200000	-45.263515	-35.385510	0.000000	
45.250000	-45.251230	-35.366402	0.000000	
45.300000	-45.239967	-35.347152	0.000000	
45.350000	-45.229756	-35.327754	0.000000	
45.400000	-45.220553	-35.308213	0.000000	
45.450000	-45.212402	-35.288520	0.000000	
45.500000	-45.205305	-35.268690	0.000000	
45.550000	-45.199250	-35.248734	0.000000	
45.600000	-45.194177	-35.228678	0.000000	
45.650000	-45.189984	-35.208550	0.000000	
45.700000	-45.186591	-35.188368	0.000000	
45.750000	-45.183908	-35.168151	0.000000	
45.800000	-45.181789	-35.147924	0.000000	
45.850000	-45.180150	-35.127698	0.000000	
45.900000	-45.178879	-35.107488	0.000000	
45.950000	-45.177920	-35.087298	0.000000	
46.000000	-45.177187	-35.067130	0.000000	
46.050000	-45.176572	-35.046975	0.000000	
46.100000	-45.176038	-35.026830	0.000000	
46.150000	-45.175553	-35.006693	0.000000	
46.200000	-45.175127	-34.986563	0.000000	
46.250000	-45.174774	-34.966444	0.000000	
46.300000	-45.174469	-34.946333	0.000000	
46.350000	-45.174214	-34.926231	0.000000	
46.400000	-45.173975	-34.906131	0.000000	
46.450000	-45.173789	-34.886041	0.000000	
46.500000	-45.173655	-34.865960	0.000000	
46.550000	-45.173538	-34.845882	0.000000	
46.600000	-45.173451	-34.825810	0.000000	
46.650000	-45.173409	-34.805746	0.000000	
46.700000	-45.173419	-34.785693	0.000000	
46.750000	-45.173485	-34.765650	0.000000	
46.800000	-45.173597	-34.745614	0.000000	
46.850000	-45.173801	-34.725594	0.000000	
46.900000	-45.174084	-34.705587	0.000000	
46.950000	-45.174436	-34.685592	0.000000	
47.000000	-45.174826	-34.665603	0.000000	
47.050000	-45.175231	-34.645617	0.000000	
47.100000	-45.175689	-34.625640	0.000000	
47.150000	-45.176217	-34.605675	0.000000	
47.200000	-45.176825	-34.585724	0.000000	
47.250000	-45.177472	-34.565779	0.000000	
47.300000	-45.178144	-34.545839	0.000000	
47.350000	-45.178849	-34.525905	0.000000	
47.400000	-45.179575	-34.505975	0.000000	
47.450000	-45.180330	-34.486051	0.000000	
47.500000	-45.181095	-34.466130	0.000000	
47.550000	-45.181871	-34.446210	0.000000	
47.600000	-45.182655	-34.426293	0.000000	
47.650000	-45.183412	-34.406371	0.000000	
47.700000	-45.184128	-34.386441	0.000000	
47.750000	-45.184843	-34.366512	0.000000	
47.800000	-45.185551	-34.346581	0.000000	
47.850000	-45.186278	-34.326655	0.000000	
47.900000	-45.187026	-34.306733	0.000000	
47.950000	-45.187822	-34.286821	0.000000	
48.000000	-45.188661	-34.266917	0.000000	
48.050000	-45.189547	-34.247023	0.000000	
48.100000	-45.190524	-34.227146	0.000000	
48.150000	-45.191567	-34.207282	0.000000	
48.200000	-45.192665	-34.187430	0.000000	
48.250000	-45.193817	-34.167589	0.000000	
48.300000	-45.195020	-34.147759	0.000000	
48.350000	-45.196289	-34.127941	0.000000	
48.400000	-45.197629	-34.108138	0.000000	
48.450000	-45.199044	-34.088352	0.000000	
48.500000	-45.200563	-34.068588	0.000000	
48.550000	-45.202199	-34.048850	0.000000	
48.600000	-45.203997	-34.029152	0.000000	
48.650000	-45.206003	-34.009505	0.000000	
48.700000	-45.208313	-33.989940	0.000000	
48.750000	-45.210985	-33.970481	0.000000	
48.800000	-45.214077	-33.951160	0.000000	
48.850000	-45.217690	-33.932021	0.000000	
48.900000	-45.221891	-33.913105	0.000000	
48.950000	-45.226729	-33.894454	0.000000	
49.000000	-45.232256	-33.876109	0.000000	
49.050000	-45.238550	-33.858128	0.000000	
49.100000	-45.245662	-33.840548	0.000000	
49.150000	-45.253605	-33.823395	0.000000	
49.200000	-45.262408	-33.806695	0.000000	
49.250000	-45.272075	-33.790460	0.000000	
49.300000	-45.282619	-33.774695	0.000000	
49.350000	-45.294046	-33.759395	0.000000	
49.400000	-45.306358	-33.744573	0.000000	
49.450000	-45.319528	-33.730221	0.000000	
49.500000	-45.333548	-33.716342	0.000000	
49.550000	-45.348393	-33.702922	0.000000	
49.600000	-45.364065	-33.689974	0.000000	
49.650000	-45.380506	-33.677479	0.000000	
49.700000	-45.397689	-33.665439	0.000000	
49.750000	-45.415550	-33.653839	0.000000	
49.800000	-45.434028	-33.642661	0.000000	
49.850000	-45.453042	-33.631869	0.000000	
49.900000	-45.472521	-33.621435	0.000000	
49.950000	-45.492381	-33.611305	0.000000	
50.000000	-45.512530	-33.601415	0.000000	
50.050000	-45.532902	-33.591717	0.000000	
50.100000	-45.553416	-33.582146	0.000000	
50.150000	-45.574028	-33.572666	0.000000	
50.200000	-45.594718	-33.563259	0.000000	
50.250000	-45.615449	-33.553892	0.000000	
50.300000	-45.636221	-33.544565	0.000000	
50.350000	-45.657014	-33.535257	0.000000	
50.400000	-45.677850	-33.525991	0.000000	
50.450000	-45.698721	-33.516759	0.000000	
50.500000	-45.719635	-33.507569	0.000000	
50.550000	-45.740586	-33.498417	0.000000	
50.600000	-45.761575	-33.489301	0.000000	
50.650000	-45.782585	-33.480206	0.000000	
50.700000	-45.803609	-33.471123	0.000000	
50.750000	-45.824651	-33.462059	0.000000	
50.800000	-45.845700	-33.453001	0.000000	
50.850000	-45.866760	-33.443952	0.000000	
50.900000	-45.887820	-33.434904	0.000000	
50.950000	-45.908881	-33.425855	0.000000	
51.000000	-45.929944	-33.416807	0.000000	
51.050000	-45.951019	-33.407770	0.000000	
51.100000	-45.972101	-33.398740	0.000000	
51.150000	-45.993207	-33.389733	0.000000	
51.200000	-46.014330	-33.380741	0.000000	
51.250000	-46.035435	-33.371731	0.000000	
51.300000	-46.056539	-33.362719	0.000000	
51.350000	-46.077634	-33.353696	0.000000	
51.400000	-46.098729	-33.344673	0.000000	
51.450000	-46.119822	-33.335645	0.000000	
51.500000	-46.140903	-33.326604	0.000000	
51.550000	-46.161979	-33.317557	0.000000	
51.600000	-46.183043	-33.308495	0.000000	
51.650000	-46.204091	-33.299416	0.000000	
51.700000	-46.225125	-33.290322	0.000000	
51.750000	-46.246139	-33.281207	0.000000	
51.800000	-46.267112	-33.272048	0.000000	
51.850000	-46.288045	-33.262849	0.000000	
51.900000	-46.308937	-33.253607	0.000000	
51.950000	-46.329804	-33.244337	0.000000	
52.000000	-46.350651	-33.235045	0.000000	
52.050000	-46.371489	-33.225744	0.000000	
52.100000	-46.392333	-33.216448	0.000000	
52.150000	-46.413190	-33.207165	0.000000	
52.200000	-46.434065	-33.197899	0.000000	
52.250000	-46.454961	-33.188655	0.000000	
52.300000	-46.475887	-33.179439	0.000000	
52.350000	-46.496854	-33.170266	0.000000	
52.400000	-46.517868	-33.161141	0.000000	
52.450000	-46.538960	-33.152099	0.000000	
52.500000	-46.560188	-33.143211	0.000000	
52.550000	-46.581602	-33.134547	0.000000	
52.600000	-46.603243	-33.126170	0.000000	
52.650000	-46.625168	-33.118177	0.000000	
52.700000	-46.647435	-33.110667	0.000000	
52.750000	-46.670091	-33.103749	0.000000	
52.800000	-46.693192	-33.097544	0.000000	
52.850000	-46.716757	-33.092108	0.000000	
52.900000	-46.740804	-33.087512	0.000000	
52.950000	-46.765339	-33.083813	0.000000	
53.000000	-46.790358	-33.081010	0.000000	
53.050000	-46.815843	-33.079090	0.000000	
53.100000	-46.841787	-33.078029	0.000000	
53.150000	-46.868181	-33.077798	0.000000	
53.200000	-46.895023	-33.078395	0.000000	
53.250000	-46.922297	-33.079792	0.000000	
53.300000	-46.950010	-33.081995	0.000000	
53.350000	-46.978166	-33.084988	0.000000	
53.400000	-47.006748	-33.088765	0.000000	
53.450000	-47.035744	-33.093306	0.000000	
53.500000	-47.065124	-33.098565	0.000000	
53.550000	-47.094823	-33.104466	0.000000	
53.600000	-47.124788	-33.110940	0.000000	
53.650000	-47.154975	-33.117926	0.000000	
53.700000	-47.185334	-33.125351	0.000000	
53.750000	-47.215817	-33.133118	0.000000	
53.800000	-47.246378	-33.141115	0.000000	
53.850000	-47.276979	-33.149248	0.000000	
53.900000	-47.307599	-33.157444	0.000000	
53.950000	-47.338225	-33.165651	0.000000	
54.000000	-47.368837	-33.173796	0.000000	
54.050000	-47.399434	-33.181863	0.000000	
54.100000	-47.430014	-33.189853	0.000000	
54.150000	-47.460580	-33.197773	0.000000	
54.200000	-47.491136	-33.205650	0.000000	
54.250000	-47.521685	-33.213485	0.000000	
54.300000	-47.552222	-33.221270	0.000000	
54.350000	-47.582749	-33.229006	0.000000	
54.400000	-47.613274	-33.236729	0.000000	
54.450000	-47.643800	-33.244446	0.000000	
54.500000	-47.674329	-33.252166	0.000000	
54.550000	-47.704862	-33.259892	0.000000	
54.600000	-47.735391	-33.267600	0.000000	
54.650000	-47.765911	-33.275265	0.000000	
54.700000	-47.796420	-33.282882	0.000000	
54.750000	-47.826915	-33.290439	0.000000	
54.800000	-47.857392	-33.297924	0.000000	
54.850000	-47.887850	-33.305330	0.000000	
54.900000	-47.918285	-33.312650	0.000000	
54.950000	-47.948699	-33.319884	0.000000	
55.000000	-47.979087	-33.327018	0.000000	
55.050000	-48.009454	-33.334070	0.000000	
55.100000	-48.039807	-33.341062	0.000000	
55.150000	-48.070148	-33.348004	0.000000	
55.200000	-48.100485	-33.354923	0.000000	
55.250000	-48.130833	-33.361879	0.000000	
55.300000	-48.161206	-33.368939	0.000000	
55.350000	-48.191627	-33.376220	0.000000	
55.400000	-48.222104	-33.383788	0.000000	
55.450000	-48.252639	-33.391700	0.000000	
55.500000	-48.283230	-33.399991	0.000000	
55.550000	-48.313878	-33.408726	0.000000	
55.600000	-48.344585	-33.417974	0.000000	
55.650000	-48.375352	-33.427846	0.000000	
55.700000	-48.406175	-33.438448	0.000000	
55.750000	-48.437042	-33.449843	0.000000	
55.800000	-48.467940	-33.462080	0.000000	
55.850000	-48.498866	-33.475225	0.000000	
55.900000	-48.529827	-33.489279	0.000000	
55.950000	-48.560818	-33.504240	0.000000	
56.000000	-48.591845	-33.520140	0.000000	
56.050000	-48.622900	-33.536993	0.000000	
56.100000	-48.653984	-33.554770	0.000000	
56.150000	-48.685091	-33.573473	0.000000	
56.200000	-48.716222	-33.593060	0.000000	
56.250000	-48.747379	-33.613493	0.000000	
56.300000	-48.778540	-33.634736	0.000000	
56.350000	-48.809687	-33.656738	0.000000	
56.400000	-48.840804	-33.679398	0.000000	
56.450000	-48.871886	-33.702652	0.000000	
56.500000	-48.902923	-33.726446	0.000000	
56.550000	-48.933907	-33.750739	0.000000	
56.600000	-48.964831	-33.775495	0.000000	
56.650000	-48.995692	-33.800675	0.000000	
56.700000	-49.026494	-33.826189	0.000000	
56.750000	-49.057248	-33.851946	0.000000	
56.800000	-49.087971	-33.877859	0.000000	
56.850000	-49.118675	-33.903863	0.000000	
56.900000	-49.149364	-33.929938	0.000000	
56.950000	-49.180033	-33.956099	0.000000	
57.000000	-49.210688	-33.982326	0.000000	
57.050000	-49.241337	-34.008590	0.000000	
57.100000	-49.271987	-34.034860	0.000000	
57.150000	-49.302629	-34.061174	0.000000	
57.200000	-49.333261	-34.087534	0.000000	
57.250000	-49.363879	-34.113965	0.000000	
57.300000	-49.394481	-34.140474	0.000000	
57.350000	-49.425066	-34.167058	0.000000	
57.400000	-49.455633	-34.193721	0.000000	
57.450000	-49.486186	-34.220448	0.000000	
57.500000	-49.516728	-34.247227	0.000000	
57.550000	-49.547260	-34.274056	0.000000	
57.600000	-49.577785	-34.300919	0.000000	
57.650000	-49.608312	-34.327786	0.000000	
57.700000	-49.638845	-34.354640	0.000000	
57.750000	-49.669382	-34.381490	0.000000	
57.800000	-49.699922	-34.408336	0.000000	
57.850000	-49.730458	-34.435207	0.000000	
57.900000	-49.760986	-34.462118	0.000000	
57.950000	-49.791519	-34.489021	0.000000	
58.000000	-49.822061	-34.515901	0.000000	
58.050000	-49.852614	-34.542750	0.000000	
58.100000	-49.883169	-34.569601	0.000000	
58.150000	-49.913717	-34.596489	0.000000	
58.200000	-49.944267	-34.623386	0.000000	
58.250000	-49.974813	-34.650303	0.000000	
58.300000	-50.005352	-34.677259	0.000000	
58.350000	-50.035881	-34.704261	0.000000	
58.400000	-50.066407	-34.731282	0.000000	
58.450000	-50.096930	-34.758326	0.000000	
58.500000	-50.127436	-34.785432	0.000000	
58.550000	-50.157926	-34.812608	0.000000	
58.600000	-50.188405	-34.839826	0.000000	
58.650000	-50.218871	-34.867098	0.000000	
58.700000	-50.249330	-34.894407	0.000000	
58.750000	-50.279781	-34.921748	0.000000	
58.800000	-50.310234	-34.949093	0.000000	
58.850000	-50.340694	-34.976420	0.000000	
58.900000	-50.371159	-35.003735	0.000000	
58.950000	-50.401625	-35.031056	0.000000	
59.000000	-50.432073	-35.058449	0.000000	
59.050000	-50.462474	-35.085999	0.000000	
59.100000	-50.492798	-35.113795	0.000000	
59.150000	-50.523006	-35.141916	0.000000	
59.200000	-50.553065	-35.170417	0.000000	
59.250000	-50.582913	-35.199408	0.000000	
59.300000	-50.612502	-35.228946	0.000000	
59.350000	-50.641797	-35.259067	0.000000	
59.400000	-50.670755	-35.289831	0.000000	
59.450000	-50.699338	-35.321285	0.000000	
59.500000	-50.727511	-35.353453	0.000000	
59.550000	-50.755237	-35.386357	0.000000	
59.600000	-50.782492	-35.420026	0.000000	
59.650000	-50.809268	-35.454477	0.000000	
59.700000	-50.835580	-35.489687	0.000000	
59.750000	-50.861418	-35.525682	0.000000	
59.800000	-50.886767	-35.562475	0.000000	
59.850000	-50.911624	-35.600089	0.000000	
59.900000	-50.935967	-35.638561	0.000000	
59.950000	-50.959812	-35.677866	0.000000	
60.000000	-50.983158	-35.717985	0.000000	
60.050000	-51.006021	-35.758875	0.000000	
60.100000	-51.028430	-35.800455	0.000000	
60.150000	-51.050406	-35.842668	0.000000	
60.200000	-51.071999	-35.885409	0.000000	
60.250000	-51.093265	-35.928586	0.000000	
60.300000	-51.114259	-35.972098	0.000000	
60.350000	-51.135037	-36.015863	0.000000	
60.400000	-51.155644	-36.059821	0.000000	
60.450000	-51.176127	-36.103917	0.000000	
60.500000	-51.196514	-36.148114	0.000000	
60.550000	-51.216864	-36.192350	0.000000	
60.600000	-51.237220	-36.236581	0.000000	
60.650000	-51.257621	-36.280768	0.000000	
60.700000	-51.278061	-36.324919	0.000000	
60.750000	-51.298514	-36.369059	0.000000	
60.800000	-51.318976	-36.413191	0.000000	
60.850000	-51.339462	-36.457302	0.000000	
60.900000	-51.359978	-36.501384	0.000000	
60.950000	-51.380539	-36.545426	0.000000	
61.000000	-51.401126	-36.589443	0.000000	
61.050000	-51.421743	-36.633433	0.000000	
61.100000	-51.442382	-36.677405	0.000000	
61.150000	-51.463039	-36.721359	0.000000	
61.200000	-51.483736	-36.765276	0.000000	
61.250000	-51.504465	-36.809164	0.000000	
61.300000	-51.525193	-36.853055	0.000000	
61.350000	-51.545933	-36.896934	0.000000	
61.400000	-51.566668	-36.940819	0.000000	
61.450000	-51.587378	-36.984730	0.000000	
61.500000	-51.608053	-37.028674	0.000000	
61.550000	-51.628698	-37.072647	0.000000	
61.600000	-51.649284	-37.116677	0.000000	
61.650000	-51.669808	-37.160766	0.000000	
61.700000	-51.690250	-37.204935	0.000000	
61.750000	-51.710638	-37.249157	0.000000	
61.800000	-51.730981	-37.293422	0.000000	
61.850000	-51.751271	-37.337737	0.000000	
61.900000	-51.771502	-37.382108	0.000000	
61.950000	-51.791648	-37.426558	0.000000	
62.000000	-51.811723	-37.471075	0.000000	
62.050000	-51.831725	-37.515659	0.000000	
62.100000	-51.851677	-37.560289	0.000000	
62.150000	-51.871601	-37.604947	0.000000	
62.200000	-51.891490	-37.649638	0.000000	
62.250000	-51.911287	-37.694413	0.000000	
62.300000	-51.930973	-37.739291	0.000000	
62.350000	-51.950530	-37.784282	0.000000	
62.400000	-51.969905	-37.829430	0.000000	
62.450000	-51.989057	-37.874759	0.000000	
62.500000	-52.007916	-37.920309	0.000000	
62.550000	-52.026426	-37.966113	0.000000	
62.600000	-52.044488	-38.012221	0.000000	
62.650000	-52.062025	-38.058660	0.000000	
62.700000	-52.078969	-38.105454	0.000000	
62.750000	-52.095263	-38.152623	0.000000	
62.800000	-52.110860	-38.200191	0.000000	
62.850000	-52.125734	-38.248161	0.000000	
62.900000	-52.139872	-38.296528	0.000000	
62.950000	-52.153290	-38.345286	0.000000	
63.000000	-52.165980	-38.394424	0.000000	
63.050000	-52.177913	-38.443959	0.000000	
63.100000	-52.189077	-38.493889	0.000000	
63.150000	-52.199454	-38.544231	0.000000	
63.200000	-52.209049	-38.594993	0.000000	
63.250000	-52.217876	-38.646169	0.000000	
63.300000	-52.225981	-38.697722	0.000000	
63.350000	-52.233398	-38.749631	0.000000	
63.400000	-52.240184	-38.801863	0.000000	
63.450000	-52.246361	-38.854390	0.000000	
63.500000	-52.252007	-38.907165	0.000000	
63.550000	-52.257205	-38.960133	0.000000	
63.600000	-52.261990	-39.013267	0.000000	
63.650000	-52.266476	-39.066512	0.000000	
63.700000	-52.270737	-39.119832	0.000000	
63.750000	-52.274853	-39.173197	0.000000	
63.800000	-52.278893	-39.226585	0.000000	
63.850000	-52.282910	-39.279979	0.000000	
63.900000	-52.286936	-39.333371	0.000000	
63.950000	-52.291020	-39.386747	0.000000	
64.000000	-52.295157	-39.440108	0.000000	
64.050000	-52.299345	-39.493455	0.000000	
64.100000	-52.303628	-39.546775	0.000000	
64.150000	-52.308034	-39.600063	0.000000	
64.200000	-52.312579	-39.653312	0.000000	
64.250000	-52.317223	-39.706533	0.000000	
64.300000	-52.321942	-39.759734	0.000000	
64.350000	-52.326738	-39.812913	0.000000	
64.400000	-52.331577	-39.866081	0.000000	
64.450000	-52.336428	-39.919246	0.000000	
64.500000	-52.341319	-39.972399	0.000000	
64.550000	-52.346254	-40.025540	0.000000	
64.600000	-52.351236	-40.078667	0.000000	
64.650000	-52.356312	-40.131767	0.000000	
64.700000	-52.361450	-40.184849	0.000000	
64.750000	-52.366649	-40.237914	0.000000	
64.800000	-52.371914	-40.290959	0.000000	
64.850000	-52.377245	-40.343986	0.000000	
64.900000	-52.382631	-40.396995	0.000000	
64.950000	-52.388048	-40.449994	0.000000	
65.000000	-52.393451	-40.502998	0.000000	
65.050000	-52.398837	-40.556007	0.000000	
65.100000	-52.404198	-40.609022	0.000000	
65.150000	-52.409479	-40.662060	0.000000	
65.200000	-52.414599	-40.715139	0.000000	
65.250000	-52.419491	-40.768275	0.000000	
65.300000	-52.424104	-40.821474	0.000000	
65.350000	-52.428373	-40.874739	0.000000	
65.400000	-52.432244	-40.928078	0.000000	
65.450000	-52.435677	-40.981486	0.000000	
65.500000	-52.438609	-41.034965	0.000000	
65.550000	-52.440963	-41.088512	0.000000	
65.600000	-52.442641	-41.142132	0.000000	
65.650000	-52.443591	-41.195817	0.000000	
65.700000	-52.443771	-41.249574	0.000000	
65.750000	-52.443143	-41.303390	0.000000	
65.800000	-52.441702	-41.357254	0.000000	
65.850000	-52.439445	-41.411174	0.000000	
65.900000	-52.436382	-41.465155	0.000000	
65.950000	-52.432522	-41.519205	0.000000	
66.000000	-52.427890	-41.573316	0.000000	
66.050000	-52.422503	-41.627480	0.000000	
66.100000	-52.416340	-41.681695	0.000000	
66.150000	-52.409426	-41.735950	0.000000	
66.200000	-52.401780	-41.790237	0.000000	
66.250000	-52.393452	-41.844536	0.000000	
66.300000	-52.384472	-41.898831	0.000000	
66.350000	-52.374892	-41.953108	0.000000	
66.400000	-52.364797	-42.007361	0.000000	
66.450000	-52.354258	-42.061588	0.000000	
66.500000	-52.343352	-42.115789	0.000000	
66.550000	-52.332155	-42.169966	0.000000	
66.600000	-52.320742	-42.224120	0.000000	
66.650000	-52.309165	-42.278252	0.000000	
66.700000	-52.297452	-42.332363	0.000000	
66.750000	-52.285604	-42.386452	0.000000	
66.800000	-52.273697	-42.440530	0.000000	
66.850000	-52.261781	-42.494607	0.000000	
66.900000	-52.249836	-42.548679	0.000000	
66.950000	-52.237838	-42.602742	0.000000	
67.000000	-52.225784	-42.656796	0.000000	
67.050000	-52.213671	-42.710841	0.000000	
67.100000	-52.201525	-42.764881	0.000000	
67.150000	-52.189377	-42.818921	0.000000	
67.200000	-52.177236	-42.872961	0.000000	
67.250000	-52.165134	-42.927008	0.000000	
67.300000	-52.153073	-42.981062	0.000000	
67.350000	-52.141052	-43.035123	0.000000	
67.400000	-52.129076	-43.089193	0.000000	
67.450000	-52.117132	-43.143268	0.000000	
67.500000	-52.105198	-43.197345	0.000000	
67.550000	-52.093246	-43.251420	0.000000	
67.600000	-52.081295	-43.305494	0.000000	
67.650000	-52.069329	-43.359566	0.000000	
67.700000	-52.057357	-43.413637	0.000000	
67.750000	-52.045424	-43.467715	0.000000	
67.800000	-52.033527	-43.521801	0.000000	
67.850000	-52.021634	-43.575887	0.000000	
67.900000	-52.009717	-43.629969	0.000000	
67.950000	-51.997745	-43.684041	0.000000	
68.000000	-51.985694	-43.738096	0.000000	
68.050000	-51.973499	-43.792119	0.000000	
68.100000	-51.961101	-43.846095	0.000000	
68.150000	-51.948431	-43.900004	0.000000	
68.200000	-51.935402	-43.953818	0.000000	
68.250000	-51.921974	-44.007520	0.000000	
68.300000	-51.908082	-44.061090	0.000000	
68.350000	-51.893689	-44.114505	0.000000	
68.400000	-51.878768	-44.167743	0.000000	
68.450000	-51.863278	-44.220777	0.000000	
68.500000	-51.847202	-44.273596	0.000000	
68.550000	-51.830543	-44.326201	0.000000	
68.600000	-51.813288	-44.378580	0.000000	
68.650000	-51.795396	-44.430719	0.000000	
68.700000	-51.776884	-44.482624	0.000000	
68.750000	-51.757773	-44.534302	0.000000	
68.800000	-51.738038	-44.585745	0.000000	
68.850000	-51.717701	-44.636959	0.000000	
68.900000	-51.696772	-44.687946	0.000000	
68.950000	-51.675277	-44.738718	0.000000	
69.000000	-51.653237	-44.789275	0.000000	
69.050000	-51.630674	-44.839619	0.000000	
69.100000	-51.607639	-44.889763	0.000000	
69.150000	-51.584176	-44.939714	0.000000	
69.200000	-51.560312	-44.989474	0.000000	
69.250000	-51.536119	-45.039068	0.000000	
69.300000	-51.511646	-45.088517	0.000000	
69.350000	-51.486940	-45.137842	0.000000	
69.400000	-51.462060	-45.187072	0.000000	
69.450000	-51.437053	-45.236228	0.000000	
69.500000	-51.411967	-45.285336	0.000000	
69.550000	-51.386836	-45.334417	0.000000	
69.600000	-51.361662	-45.383473	0.000000	
69.650000	-51.336489	-45.432528	0.000000	
69.700000	-51.311337	-45.481597	0.000000	
69.750000	-51.286177	-45.530660	0.000000	
69.800000	-51.260996	-45.579710	0.000000	
69.850000	-51.235774	-45.628735	0.000000	
69.900000	-51.210492	-45.677721	0.000000	
69.950000	-51.185165	-45.726678	0.000000	
70.000000	-51.159775	-45.775596	0.000000	
70.050000	-51.134313	-45.824469	0.000000	
70.100000	-51.108790	-45.873302	0.000000	
70.150000	-51.083198	-45.922091	0.000000	
70.200000	-51.057541	-45.970837	0.000000	
70.250000	-51.031788	-46.019516	0.000000	
70.300000	-51.005881	-46.068084	0.000000	
70.350000	-50.979778	-46.116508	0.000000	
70.400000	-50.953420	-46.164735	0.000000	
70.450000	-50.926767	-46.212732	0.000000	
70.500000	-50.899783	-46.260458	0.000000	
70.550000	-50.872431	-46.307871	0.000000	
70.600000	-50.844675	-46.354939	0.000000	
70.650000	-50.816505	-46.401652	0.000000	
70.700000	-50.787879	-46.447969	0.000000	
70.750000	-50.758779	-46.493875	0.000000	
70.800000	-50.729221	-46.539373	0.000000	
70.850000	-50.699206	-46.584458	0.000000	
70.900000	-50.668767	-46.629161	0.000000	
70.950000	-50.637923	-46.673492	0.000000	
71.000000	-50.606667	-46.717452	0.000000	
71.050000	-50.575003	-46.761047	0.000000	
71.100000	-50.542953	-46.804291	0.000000	
71.150000	-50.510519	-46.847189	0.000000	
71.200000	-50.477716	-46.889754	0.000000	
71.250000	-50.444564	-46.932006	0.000000	
71.300000	-50.411111	-46.973975	0.000000	
71.350000	-50.377403	-47.015690	0.000000	
71.400000	-50.343464	-47.057169	0.000000	
71.450000	-50.309360	-47.098472	0.000000	
71.500000	-50.275122	-47.139629	0.000000	
71.550000	-50.240799	-47.180691	0.000000	
71.600000	-50.206432	-47.221699	0.000000	
71.650000	-50.172043	-47.262681	0.000000	
71.700000	-50.137645	-47.303652	0.000000	
71.750000	-50.103249	-47.344624	0.000000	
71.800000	-50.068874	-47.385622	0.000000	
71.850000	-50.034529	-47.426655	0.000000	
71.900000	-50.000217	-47.467729	0.000000	
71.950000	-49.965919	-47.508820	0.000000	
72.000000	-49.931633	-47.549925	0.000000	
72.050000	-49.897343	-47.591026	0.000000	
72.100000	-49.863028	-47.632095	0.000000	
72.150000	-49.828676	-47.673116	0.000000	
72.200000	-49.794256	-47.714052	0.000000	
72.250000	-49.759738	-47.754858	0.000000	
72.300000	-49.725093	-47.795498	0.000000	
72.350000	-49.690307	-47.835947	0.000000	
72.400000	-49.655380	-47.876199	0.000000	
72.450000	-49.620313	-47.916253	0.000000	
72.500000	-49.585089	-47.956085	0.000000	
72.550000	-49.549693	-47.995668	0.000000	
72.600000	-49.514099	-48.034962	0.000000	
72.650000	-49.478301	-48.073948	0.000000	
72.700000	-49.442264	-48.112566	0.000000	
72.750000	-49.405970	-48.150778	0.000000	
72.800000	-49.369408	-48.188547	0.000000	
72.850000	-49.332554	-48.225827	0.000000	
72.900000	-49.295391	-48.262576	0.000000	
72.950000	-49.257926	-48.298802	0.000000	
73.000000	-49.220170	-48.334524	0.000000	
73.050000	-49.182120	-48.369735	0.000000	
73.100000	-49.143783	-48.404439	0.000000	
73.150000	-49.105170	-48.438650	0.000000	
73.200000	-49.066298	-48.472386	0.000000	
73.250000	-49.027197	-48.505704	0.000000	
73.300000	-48.987887	-48.538624	0.000000	
73.350000	-48.948385	-48.571166	0.000000	
73.400000	-48.908703	-48.603342	0.000000	
73.450000	-48.868852	-48.635166	0.000000	
73.500000	-48.828834	-48.666632	0.000000	
73.550000	-48.788652	-48.697738	0.000000	
73.600000	-48.748320	-48.728509	0.000000	
73.650000	-48.707852	-48.758959	0.000000	
73.700000	-48.667265	-48.789130	0.000000	
73.750000	-48.626579	-48.819048	0.000000	
73.800000	-48.585816	-48.848768	0.000000	
73.850000	-48.544999	-48.878345	0.000000	
73.900000	-48.504151	-48.907838	0.000000	
73.950000	-48.463285	-48.937280	0.000000	
74.000000	-48.422409	-48.966693	0.000000	
74.050000	-48.381526	-48.996091	0.000000	
74.100000	-48.340649	-49.025505	0.000000	
74.150000	-48.299785	-49.054954	0.000000	
74.200000	-48.258947	-49.084471	0.000000	
74.250000	-48.218139	-49.114066	0.000000	
74.300000	-48.177350	-49.143707	0.000000	
74.350000	-48.136580	-49.173400	0.000000	
74.400000	-48.095829	-49.203140	0.000000	
74.450000	-48.055093	-49.232925	0.000000	
74.500000	-48.014356	-49.262706	0.000000	
74.550000	-47.973601	-49.292429	0.000000	
74.600000	-47.932815	-49.322053	0.000000	
74.650000	-47.891983	-49.351507	0.000000	
74.700000	-47.851095	-49.380734	0.000000	
74.750000	-47.810137	-49.409657	0.000000	
74.800000	-47.769107	-49.438202	0.000000	
74.850000	-47.727992	-49.466282	0.000000	
74.900000	-47.686791	-49.493843	0.000000	
74.950000	-47.645496	-49.520812	0.000000	
75.000000	-47.604110	-49.547158	0.000000	
75.050000	-47.562624	-49.572848	0.000000	
75.100000	-47.521033	-49.597823	0.000000	
75.150000	-47.479327	-49.622067	0.000000	
75.200000	-47.437501	-49.645541	0.000000	
75.250000	-47.395549	-49.668205	0.000000	
75.300000	-47.353463	-49.690045	0.000000	
75.350000	-47.311250	-49.711042	0.000000	
75.400000	-47.268911	-49.731204	0.000000	
75.450000	-47.226452	-49.750548	0.000000	
75.500000	-47.183880	-49.769108	0.000000	
75.550000	-47.141216	-49.786922	0.000000	
75.600000	-47.098485	-49.804061	0.000000	
75.650000	-47.055703	-49.820581	0.000000	
75.700000	-47.012886	-49.836564	0.000000	
75.750000	-46.970050	-49.852079	0.000000	
75.800000	-46.927206	-49.867174	0.000000	
75.850000	-46.884366	-49.881936	0.000000	
75.900000	-46.841532	-49.896455	0.000000	
75.950000	-46.798705	-49.910796	0.000000	
76.000000	-46.755885	-49.925006	0.000000	
76.050000	-46.713071	-49.939110	0.000000	
76.100000	-46.670266	-49.953109	0.000000	
76.150000	-46.627465	-49.967036	0.000000	
76.200000	-46.584674	-49.980859	0.000000	
76.250000	-46.541889	-49.994621	0.000000	
76.300000	-46.499109	-50.008316	0.000000	
76.350000	-46.456335	-50.021954	0.000000	
76.400000	-46.413566	-50.035546	0.000000	
76.450000	-46.370806	-50.049067	0.000000	
76.500000	-46.328053	-50.062521	0.000000	
76.550000	-46.285310	-50.075885	0.000000	
76.600000	-46.242578	-50.089156	0.000000	
76.650000	-46.199856	-50.102344	0.000000	
76.700000	-46.157148	-50.115430	0.000000	
76.750000	-46.114450	-50.128426	0.000000	
76.800000	-46.071760	-50.141350	0.000000	
76.850000	-46.029076	-50.154235	0.000000	
76.900000	-45.986392	-50.167114	0.000000	
76.950000	-45.943711	-50.179976	0.000000	
77.000000	-45.901035	-50.192798	0.000000	
77.050000	-45.858362	-50.205592	0.000000	
77.100000	-45.815692	-50.218360	0.000000	
77.150000	-45.773027	-50.231089	0.000000	
77.200000	-45.730365	-50.243804	0.000000	
77.250000	-45.687701	-50.256535	0.000000	
77.300000	-45.645037	-50.269276	0.000000	
77.350000	-45.602368	-50.282074	0.000000	
77.400000	-45.559696	-50.294917	0.000000	
77.450000	-45.517018	-50.307815	0.000000	
77.500000	-45.474334	-50.320779	0.000000	
77.550000	-45.431643	-50.333813	0.000000	
77.600000	-45.388943	-50.346938	0.000000	
77.650000	-45.346229	-50.360199	0.000000	
77.700000	-45.303505	-50.373576	0.000000	
77.750000	-45.260766	-50.387080	0.000000	
77.800000	-45.218016	-50.400700	0.000000	
77.850000	-45.175258	-50.414394	0.000000	
77.900000	-45.132499	-50.428113	0.000000	
77.950000	-45.089750	-50.441748	0.000000	
78.000000	-45.047030	-50.455206	0.000000	
78.050000	-45.004358	-50.468398	0.000000	
78.100000	-44.961766	-50.481215	0.000000	
78.150000	-44.919286	-50.493575	0.000000	
78.200000	-44.876943	-50.505433	0.000000	
78.250000	-44.834782	-50.516670	0.000000	
78.300000	-44.792849	-50.527205	0.000000	
78.350000	-44.751189	-50.536947	0.000000	
78.400000	-44.709836	-50.545825	0.000000	
78.450000	-44.668807	-50.553818	0.000000	
78.500000	-44.628115	-50.560913	0.000000	
78.550000	-44.587757	-50.567122	0.000000	
78.600000	-44.547737	-50.572429	0.000000	
78.650000	-44.508066	-50.576813	0.000000	
78.700000	-44.468756	-50.580234	0.000000	
78.750000	-44.429823	-50.582682	0.000000	
78.800000	-44.391276	-50.584156	0.000000	
78.850000	-44.353127	-50.584627	0.000000	
78.900000	-44.315375	-50.584126	0.000000	
78.950000	-44.278033	-50.582665	0.000000	
79.000000	-44.241075	-50.580347	0.000000	
79.050000	-44.204502	-50.577234	0.000000	
79.100000	-44.168279	-50.573440	0.000000	
79.150000	-44.132367	-50.569076	0.000000	
79.200000	-44.096725	-50.564243	0.000000	
79.250000	-44.061337	-50.558996	0.000000	
79.300000	-44.026153	-50.553434	0.000000	
79.350000	-43.991132	-50.547634	0.000000	
79.400000	-43.956231	-50.541668	0.000000	
79.450000	-43.921422	-50.535581	0.000000	
79.500000	-43.886699	-50.529383	0.000000	
79.550000	-43.852052	-50.523087	0.000000	
79.600000	-43.817480	-50.516696	0.000000	
79.650000	-43.782969	-50.510227	0.000000	
79.700000	-43.748509	-50.503692	0.000000	
79.750000	-43.714100	-50.497095	0.000000	
79.800000	-43.679741	-50.490436	0.000000	
79.850000	-43.645407	-50.483747	0.000000	
79.900000	-43.611104	-50.477022	0.000000	
79.950000	-43.576830	-50.470262	0.000000	
80.000000	-43.542578	-50.463478	0.000000	
80.050000	-43.508355	-50.456660	0.000000	
80.100000	-43.474157	-50.449813	0.000000	
80.150000	-43.440005	-50.442914	0.000000	
80.200000	-43.405910	-50.435949	0.000000	
80.250000	-43.371896	-50.428889	0.000000	
80.300000	-43.337963	-50.421738	0.000000	
80.350000	-43.304130	-50.414474	0.000000	
80.400000	-43.270378	-50.407117	0.000000	
80.450000	-43.236700	-50.399675	0.000000	
80.500000	-43.203109	-50.392136	0.000000	
80.550000	-43.169595	-50.384511	0.000000	
80.600000	-43.136156	-50.376801	0.000000	
80.650000	-43.102787	-50.369014	0.000000	
80.700000	-43.069490	-50.361143	0.000000	
80.750000	-43.036256	-50.353201	0.000000	
80.800000	-43.003060	-50.345214	0.000000	
80.850000	-42.969903	-50.337184	0.000000	
80.900000	-42.936810	-50.329081	0.000000	
80.950000	-42.903751	-50.320939	0.000000	
81.000000	-42.870724	-50.312761	0.000000	
81.050000	-42.837731	-50.304544	0.000000	
81.100000	-42.804766	-50.296296	0.000000	
81.150000	-42.771808	-50.288038	0.000000	
81.200000	-42.738831	-50.279802	0.000000	
81.250000	-42.705846	-50.271574	0.000000	
81.300000	-42.672826	-50.263384	0.000000	
81.350000	-42.639758	-50.255247	0.000000	
81.400000	-42.606624	-50.247182	0.000000	
81.450000	-42.573453	-50.239157	0.000000	
81.500000	-42.540264	-50.231149	0.000000	
81.550000	-42.507042	-50.223178	0.000000	
81.600000	-42.473786	-50.215243	0.000000	
81.650000	-42.440480	-50.207361	0.000000	
81.700000	-42.407131	-50.199526	0.000000	
81.750000	-42.373754	-50.191722	0.000000	
81.800000	-42.340374	-50.183919	0.000000	
81.850000	-42.307016	-50.176093	0.000000	
81.900000	-42.273667	-50.168257	0.000000	
81.950000	-42.240329	-50.160408	0.000000	
82.000000	-42.207032	-50.152517	0.000000	
82.050000	-42.173764	-50.144594	0.000000	
82.100000	-42.140525	-50.136640	0.000000	
82.150000	-42.107338	-50.128631	0.000000	
82.200000	-42.074201	-50.120568	0.000000	
82.250000	-42.041141	-50.112421	0.000000	
82.300000	-42.008161	-50.104189	0.000000	
82.350000	-41.975297	-50.095835	0.000000	
82.400000	-41.942598	-50.087313	0.000000	
82.450000	-41.910133	-50.078564	0.000000	
82.500000	-41.877974	-50.069538	0.000000	
82.550000	-41.846165	-50.060212	0.000000	
82.600000	-41.814785	-50.050535	0.000000	
82.650000	-41.783938	-50.040453	0.000000	
82.700000	-41.753710	-50.029916	0.000000	
82.750000	-41.724159	-50.018900	0.000000	
82.800000	-41.695368	-50.007377	0.000000	
82.850000	-41.667373	-49.995348	0.000000	
82.900000	-41.640213	-49.982810	0.000000	
82.950000	-41.613927	-49.969757	0.000000	
83.000000	-41.588508	-49.956199	0.000000	
83.050000	-41.563926	-49.942158	0.000000	
83.100000	-41.540217	-49.927613	0.000000	
83.150000	-41.517377	-49.912574	0.000000	
83.200000	-41.495375	-49.897056	0.000000	
83.250000	-41.474242	-49.881043	0.000000	
83.300000	-41.453969	-49.864544	0.000000	
83.350000	-41.434528	-49.847577	0.000000	
83.400000	-41.415905	-49.830167	0.000000	
83.450000	-41.398053	-49.812353	0.000000	
83.500000	-41.380883	-49.794198	0.000000	
83.550000	-41.364314	-49.775764	0.000000	
83.600000	-41.348272	-49.757097	0.000000	
83.650000	-41.332663	-49.738248	0.000000	
83.700000	-41.317406	-49.719269	0.000000	
83.750000	-41.302412	-49.700197	0.000000	
83.800000	-41.287606	-49.681061	0.000000	
83.850000	-41.272894	-49.661896	0.000000	
83.900000	-41.258242	-49.642713	0.000000	
83.950000	-41.243603	-49.623527	0.000000	
84.000000	-41.228941	-49.604346	0.000000	
84.050000	-41.214234	-49.585176	0.000000	
84.100000	-41.199504	-49.566012	0.000000	
84.150000	-41.184736	-49.546858	0.000000	
84.200000	-41.169924	-49.527714	0.000000	
84.250000	-41.155117	-49.508568	0.000000	
84.300000	-41.140285	-49.489428	0.000000	
84.350000	-41.125425	-49.470295	0.000000	
84.400000	-41.110539	-49.451169	0.000000	
84.450000	-41.095612	-49.432052	0.000000	
84.500000	-41.080641	-49.412946	0.000000	
84.550000	-41.065661	-49.393842	0.000000	
84.600000	-41.050676	-49.374739	0.000000	
84.650000	-41.035713	-49.355630	0.000000	
84.700000	-41.020769	-49.336515	0.000000	
84.750000	-41.005799	-49.317407	0.000000	
84.800000	-40.990841	-49.298294	0.000000	
84.850000	-40.975910	-49.279175	0.000000	
84.900000	-40.961017	-49.260045	0.000000	
84.950000	-40.946169	-49.240903	0.000000	
85.000000	-40.931343	-49.221755	0.000000	
85.050000	-40.916546	-49.202599	0.000000	
85.100000	-40.901789	-49.183433	0.000000	
85.150000	-40.887044	-49.164263	0.000000	
85.200000	-40.872328	-49.145084	0.000000	
85.250000	-40.857660	-49.125894	0.000000	
85.300000	-40.843041	-49.106692	0.000000	
85.350000	-40.828479	-49.087476	0.000000	
85.400000	-40.813998	-49.068242	0.000000	
85.450000	-40.799619	-49.048984	0.000000	
85.500000	-40.785327	-49.029705	0.000000	
85.550000	-40.771120	-49.010405	0.000000	
85.600000	-40.757005	-48.991084	0.000000	
85.650000	-40.743023	-48.971734	0.000000	
85.700000	-40.729217	-48.952351	0.000000	
85.750000	-40.715667	-48.932920	0.000000	
85.800000	-40.702465	-48.913432	0.000000	
85.850000	-40.689674	-48.893888	0.000000	
85.900000	-40.677372	-48.874286	0.000000	
85.950000	-40.665641	-48.854633	0.000000	
86.000000	-40.654534	-48.834943	0.000000	
86.050000	-40.644161	-48.815222	0.000000	
86.100000	-40.634569	-48.795486	0.000000	
86.150000	-40.625820	-48.775747	0.000000	
86.200000	-40.617954	-48.756003	0.000000	
86.250000	-40.610953	-48.736262	0.000000	
86.300000	-40.604799	-48.716530	0.000000	
86.350000	-40.599441	-48.696806	0.000000	
86.400000	-40.594866	-48.677088	0.000000	
86.450000	-40.591076	-48.657385	0.000000	
86.500000	-40.588068	-48.637701	0.000000	
86.550000	-40.585851	-48.618031	0.000000	
86.600000	-40.584413	-48.598368	0.000000	
86.650000	-40.583740	-48.578718	0.000000	
86.700000	-40.583771	-48.559086	0.000000	
86.750000	-40.584456	-48.539482	0.000000	
86.800000	-40.585707	-48.519909	0.000000	
86.850000	-40.587462	-48.500374	0.000000	
86.900000	-40.589650	-48.480884	0.000000	
86.950000	-40.592183	-48.461435	0.000000	
87.000000	-40.594983	-48.442026	0.000000	
87.050000	-40.597981	-48.422652	0.000000	
87.100000	-40.601086	-48.403299	0.000000	
87.150000	-40.604232	-48.383955	0.000000	
87.200000	-40.607372	-48.364609	0.000000	
87.250000	-40.610503	-48.345261	0.000000	
87.300000	-40.613615	-48.325909	0.000000	
87.350000	-40.616706	-48.306551	0.000000	
87.400000	-40.619812	-48.287198	0.000000	
87.450000	-40.622961	-48.267855	0.000000	
87.500000	-40.626119	-48.248513	0.000000	
87.550000	-40.629270	-48.229171	0.000000	
87.600000	-40.632437	-48.209833	0.000000	
87.650000	-40.635621	-48.190498	0.000000	
87.700000	-40.638799	-48.171163	0.000000	
87.750000	-40.641974	-48.151826	0.000000	
87.800000	-40.645119	-48.132484	0.000000	
87.850000	-40.648249	-48.113138	0.000000	
87.900000	-40.651351	-48.093786	0.000000	
87.950000	-40.654421	-48.074427	0.000000	
88.000000	-40.657472	-48.055065	0.000000	
88.050000	-40.660498	-48.035697	0.000000	
88.100000	-40.663464	-48.016316	0.000000	
88.150000	-40.666355	-47.996920	0.000000	
88.200000	-40.669192	-47.977512	0.000000	
88.250000	-40.671940	-47.958087	0.000000	
88.300000	-40.674566	-47.938636	0.000000	
88.350000	-40.677104	-47.919166	0.000000	
88.400000	-40.679574	-47.899681	0.000000	
88.450000	-40.682020	-47.880190	0.000000	
88.500000	-40.684494	-47.860707	0.000000	
88.550000	-40.687089	-47.841259	0.000000	
88.600000	-40.689919	-47.821886	0.000000	
88.650000	-40.693058	-47.802623	0.000000	
88.700000	-40.696593	-47.783507	0.000000	
88.750000	-40.700646	-47.764602	0.000000	
88.800000	-40.705310	-47.745962	0.000000	
88.850000	-40.710662	-47.727630	0.000000	
88.900000	-40.716753	-47.709642	0.000000	
88.950000	-40.723641	-47.692040	0.000000	
89.000000	-40.731313	-47.674820	0.000000	
89.050000	-40.739802	-47.658007	0.000000	
89.100000	-40.749106	-47.641605	0.000000	
89.150000	-40.759259	-47.625628	0.000000	
89.200000	-40.770294	-47.610087	0.000000	
89.250000	-40.782183	-47.594975	0.000000	
89.300000	-40.794939	-47.580284	0.000000	
89.350000	-40.808600	-47.566035	0.000000	
89.400000	-40.823154	-47.552240	0.000000	
89.450000	-40.838561	-47.538877	0.000000	
89.500000	-40.854755	-47.525925	0.000000	
89.550000	-40.871653	-47.513351	0.000000	
89.600000	-40.889166	-47.501124	0.000000	
89.650000	-40.907174	-47.489195	0.000000	
89.700000	-40.925595	-47.477531	0.000000	
89.750000	-40.944353	-47.466091	0.000000	
89.800000	-40.963332	-47.454809	0.000000	
89.850000	-40.982451	-47.443632	0.000000	
89.900000	-41.001672	-47.432536	0.000000	
89.950000	-41.020933	-47.421474	0.000000	
90.000000	-41.040173	-47.410392	0.000000	
90.050000	-41.059384	-47.399289	0.000000	
90.100000	-41.078549	-47.388145	0.000000	
90.150000	-41.097674	-47.376968	0.000000	
90.200000	-41.116738	-47.365738	0.000000	
90.250000	-41.135750	-47.354463	0.000000	
90.300000	-41.154699	-47.343133	0.000000	
90.350000	-41.173601	-47.331764	0.000000	
90.400000	-41.192454	-47.320351	0.000000	
90.450000	-41.211246	-47.308884	0.000000	
90.500000	-41.230014	-47.297395	0.000000	
90.550000	-41.248761	-47.285888	0.000000	
90.600000	-41.267494	-47.274369	0.000000	
90.650000	-41.286237	-47.262859	0.000000	
90.700000	-41.305019	-47.251383	0.000000	
90.750000	-41.323855	-47.239956	0.000000	
90.800000	-41.342769	-47.228599	0.000000	
90.850000	-41.361788	-47.217336	0.000000	
90.900000	-41.380908	-47.206166	0.000000	
90.950000	-41.400110	-47.195070	0.000000	
91.000000	-41.419397	-47.184051	0.000000	
91.050000	-41.438791	-47.173127	0.000000	
91.100000	-41.458282	-47.162287	0.000000	
91.150000	-41.477862	-47.151526	0.000000	
91.200000	-41.497518	-47.140833	0.000000	
91.250000	-41.517254	-47.130208	0.000000	
91.300000	-41.537039	-47.119628	0.000000	
91.350000	-41.556901	-47.109114	0.000000	
91.400000	-41.576819	-47.098649	0.000000	
91.450000	-41.596786	-47.088227	0.000000	
91.500000	-41.616818	-47.077863	0.000000	
91.550000	-41.636897	-47.067543	0.000000	
91.600000	-41.657045	-47.057285	0.000000	
91.650000	-41.677259	-47.047087	0.000000	
91.700000	-41.697533	-47.036944	0.000000	
91.750000	-41.717852	-47.026844	0.000000	
91.800000	-41.738184	-47.016755	0.000000	
91.850000	-41.758523	-47.006673	0.000000	
91.900000	-41.778860	-46.996590	0.000000	
91.950000	-41.799207	-46.986516	0.000000	
92.000000	-41.819560	-46.976448	0.000000	
92.050000	-41.839945	-46.966411	0.000000	
92.100000	-41.860382	-46.956428	0.000000	
92.150000	-41.880911	-46.946536	0.000000	
92.200000	-41.901586	-46.936798	0.000000	
92.250000	-41.922456	-46.927277	0.000000	
92.300000	-41.943601	-46.918076	0.000000	
92.350000	-41.965074	-46.909277	0.000000	
92.400000	-41.986920	-46.900964	0.000000	
92.450000	-42.009193	-46.893230	0.000000	
92.500000	-42.031915	-46.886146	0.000000	
92.550000	-42.055085	-46.879733	0.000000	
92.600000	-42.078703	-46.874002	0.000000	
92.650000	-42.102767	-46.868966	0.000000	
92.700000	-42.127298	-46.864668	0.000000	
92.750000	-42.152281	-46.861077	0.000000	
92.800000	-42.177715	-46.858198	0.000000	
92.850000	-42.203605	-46.856025	0.000000	
92.900000	-42.229940	-46.854542	0.000000	
92.950000	-42.256713	-46.853739	0.000000	
93.000000	-42.283902	-46.853583	0.000000	
93.050000	-42.311513	-46.854067	0.000000	
93.100000	-42.339528	-46.855171	0.000000	
93.150000	-42.367911	-46.856845	0.000000	
93.200000	-42.396649	-46.859088	0.000000	
93.250000	-42.425685	-46.861832	0.000000	
93.300000	-42.454969	-46.865020	0.000000	
93.350000	-42.484432	-46.868550	0.000000	
93.400000	-42.514036	-46.872372	0.000000	
93.450000	-42.543739	-46.876418	0.000000	
93.500000	-42.573510	-46.880631	0.000000	
93.550000	-42.603320	-46.884951	0.000000	
93.600000	-42.633156	-46.889343	0.000000	
93.650000	-42.663016	-46.893805	0.000000	
93.700000	-42.692886	-46.898294	0.000000	
93.750000	-42.722754	-46.902778	0.000000	
93.800000	-42.752622	-46.907261	0.000000	
93.850000	-42.782491	-46.911745	0.000000	
93.900000	-42.812370	-46.916260	0.000000	
93.950000	-42.842260	-46.920803	0.000000	
94.000000	-42.872169	-46.925401	0.000000	
94.050000	-42.902099	-46.930057	0.000000	
94.100000	-42.932059	-46.934793	0.000000	
94.150000	-42.962052	-46.939623	0.000000	
94.200000	-42.992091	-46.944580	0.000000	
94.250000	-43.022175	-46.949665	0.000000	
94.300000	-43.052312	-46.954905	0.000000	
94.350000	-43.082500	-46.960298	0.000000	
94.400000	-43.112741	-46.965844	0.000000	
94.450000	-43.143023	-46.971511	0.000000	
94.500000	-43.173330	-46.977252	0.000000	
94.550000	-43.203651	-46.983034	0.000000	
94.600000	-43.233985	-46.988851	0.000000	
94.650000	-43.264324	-46.994687	0.000000	
94.700000	-43.294666	-47.000528	0.000000	
94.750000	-43.325024	-47.006416	0.000000	
94.800000	-43.355392	-47.012332	0.000000	
94.850000	-43.385768	-47.018269	0.000000	
94.900000	-43.416156	-47.024242	0.000000	
94.950000	-43.446560	-47.030264	0.000000	
95.000000	-43.476988	-47.036360	0.000000	
95.050000	-43.507438	-47.042526	0.000000	
95.100000	-43.537930	-47.048840	0.000000	
95.150000	-43.568477	-47.055356	0.000000	
95.200000	-43.599089	-47.062145	0.000000	
95.250000	-43.629773	-47.069268	0.000000	
95.300000	-43.660526	-47.076764	0.000000	
95.350000	-43.691348	-47.084678	0.000000	
95.400000	-43.722236	-47.093059	0.000000	
95.450000	-43.753195	-47.101989	0.000000	
95.500000	-43.784223	-47.111539	0.000000	
95.550000	-43.815325	-47.121757	0.000000	
95.600000	-43.846503	-47.132682	0.000000	
95.650000	-43.877746	-47.144344	0.000000	
95.700000	-43.909058	-47.156757	0.000000	
95.750000	-43.940441	-47.169927	0.000000	
95.800000	-43.971885	-47.183832	0.000000	
95.850000	-44.003400	-47.198478	0.000000	
95.900000	-44.034991	-47.213900	0.000000	
95.950000	-44.066652	-47.230065	0.000000	
96.000000	-44.098377	-47.246923	0.000000	
96.050000	-44.130163	-47.264456	0.000000	
96.100000	-44.162004	-47.282649	0.000000	
96.150000	-44.193881	-47.301452	0.000000	
96.200000	-44.225782	-47.320835	0.000000	
96.250000	-44.257689	-47.340719	0.000000	
96.300000	-44.289594	-47.361014	0.000000	
96.350000	-44.321494	-47.381653	0.000000	
96.400000	-44.353382	-47.402573	0.000000	
96.450000	-44.385258	-47.423722	0.000000	
96.500000	-44.417123	-47.445023	0.000000	
96.550000	-44.448977	-47.466434	0.000000	
96.600000	-44.480818	-47.487951	0.000000	
96.650000	-44.512648	-47.509562	0.000000	
96.700000	-44.544468	-47.531243	0.000000	
96.750000	-44.576277	-47.552990	0.000000	
96.800000	-44.608079	-47.574782	0.000000	
96.850000	-44.639872	-47.596638	0.000000	
96.900000	-44.671651	-47.618585	0.000000	
96.950000	-44.703416	-47.640627	0.000000	
97.000000	-44.735168	-47.662749	0.000000	
97.050000	-44.766908	-47.684964	0.000000	
97.100000	-44.798636	-47.707264	0.000000	
97.150000	-44.830355	-47.729633	0.000000	
97.200000	-44.862068	-47.752047	0.000000	
97.250000	-44.893779	-47.774464	0.000000	
97.300000	-44.925487	-47.796897	0.000000	
97.350000	-44.957188	-47.819381	0.000000	
97.400000	-44.988878	-47.841942	0.000000	
97.450000	-45.020561	-47.864548	0.000000	
97.500000	-45.052238	-47.887198	0.000000	
97.550000	-45.083906	-47.909909	0.000000	
97.600000	-45.115572	-47.932636	0.000000	
97.650000	-45.147234	-47.955384	0.000000	
97.700000	-45.178892	-47.978150	0.000000	
97.750000	-45.210547	-48.000929	0.000000	
97.800000	-45.242197	-48.023738	0.000000	
97.850000	-45.273833	-48.046619	0.000000	
97.900000	-45.305455	-48.069569	0.000000	
97.950000	-45.337061	-48.092600	0.000000	
98.000000	-45.368645	-48.115730	0.000000	
98.050000	-45.400192	-48.139031	0.000000	
98.100000	-45.431683	-48.162571	0.000000	
98.150000	-45.463092	-48.186435	0.000000	
98.200000	-45.494404	-48.210674	0.000000	
98.250000	-45.525592	-48.235362	0.000000	
98.300000	-45.556625	-48.260582	0.000000	
98.350000	-45.587477	-48.286374	0.000000	
98.400000	-45.618116	-48.312784	0.000000	
98.450000	-45.648519	-48.339838	0.000000	
98.500000	-45.678661	-48.367596	0.000000	
98.550000	-45.708520	-48.396091	0.000000	
98.600000	-45.738084	-48.425333	0.000000	
98.650000	-45.767352	-48.455342	0.000000	
98.700000	-45.796329	-48.486088	0.000000	
98.750000	-45.825017	-48.517561	0.000000	
98.800000	-45.853405	-48.549759	0.000000	
98.850000	-45.881491	-48.582680	0.000000	
98.900000	-45.909279	-48.616297	0.000000	
98.950000	-45.936780	-48.650582	0.000000	
99.000000	-45.963986	-48.685527	0.000000	
99.050000	-45.990912	-48.721091	0.000000	
99.100000	-46.017571	-48.757225	0.000000	
99.150000	-46.043989	-48.793853	0.000000	
99.200000	-46.070202	-48.830887	0.000000	
99.250000	-46.096219	-48.868296	0.000000	
99.300000	-46.122077	-48.905996	0.000000	
99.350000	-46.147810	-48.943917	0.000000	
99.400000	-46.173442	-48.982008	0.000000	
99.450000	-46.199011	-49.020196	0.000000	
99.500000	-46.224550	-49.058431	0.000000	
99.550000	-46.250065	-49.096698	0.000000	
99.600000	-46.275576	-49.134970	0.000000	
99.650000	-46.301087	-49.173238	0.000000	
99.700000	-46.326587	-49.211521	0.000000	
99.750000	-46.352064	-49.249833	0.000000	
99.800000	-46.377518	-49.288178	0.000000	
99.850000	-46.402961	-49.326534	0.000000	
99.900000	-46.428385	-49.364915	0.000000	
99.950000	-46.453785	-49.403327	0.000000	
100.000000	-46.479140	-49.441797	0.000000	
100.050000	-46.504458	-49.480314	0.000000	
100.100000	-46.529730	-49.518891	0.000000	
100.150000	-46.554967	-49.557513	0.000000	
100.200000	-46.580167	-49.596184	0.000000	
100.250000	-46.605303	-49.634941	0.000000	
100.300000	-46.630396	-49.673756	0.000000	
100.350000	-46.655447	-49.712627	0.000000	
100.400000	-46.680447	-49.751570	0.000000	
100.450000	-46.705394	-49.790585	0.000000	
100.500000	-46.730279	-49.829685	0.000000	
100.550000	-46.755101	-49.868872	0.000000	
100.600000	-46.779882	-49.908115	0.000000	
100.650000	-46.804618	-49.947418	0.000000	
100.700000	-46.829311	-49.986779	0.000000	
100.750000	-46.853966	-50.026188	0.000000	
100.800000	-46.878581	-50.065648	0.000000	
100.850000	-46.903166	-50.105145	0.000000	
100.900000	-46.927709	-50.144694	0.000000	
100.950000	-46.952218	-50.184284	0.000000	
101.000000	-46.976691	-50.223919	0.000000	
101.050000	-47.001154	-50.263561	0.000000	
101.100000	-47.025615	-50.303202	0.000000	
101.150000	-47.050060	-50.342860	0.000000	
101.200000	-47.074456	-50.382575	0.000000	
101.250000	-47.098791	-50.422365	0.000000	
101.300000	-47.123040	-50.462255	0.000000	
101.350000	-47.147158	-50.502299	0.000000	
101.400000	-47.171100	-50.542548	0.000000	
101.450000	-47.194831	-50.583034	0.000000	
101.500000	-47.218312	-50.623794	0.000000	
101.550000	-47.241474	-50.664881	0.000000	
101.600000	-47.264266	-50.706339	0.000000	
101.650000	-47.286604	-50.748231	0.000000	
101.700000	-47.308459	-50.790573	0.000000	
101.750000	-47.329796	-50.833380	0.000000	
101.800000	-47.350577	-50.876671	0.000000	
101.850000	-47.370782	-50.920449	0.000000	
101.900000	-47.390401	-50.964725	0.000000	
101.950000	-47.409417	-51.009499	0.000000	
102.000000	-47.427860	-51.054752	0.000000	
102.050000	-47.445718	-51.100483	0.000000	
102.100000	-47.462995	-51.146702	0.000000	
102.150000	-47.479673	-51.193418	0.000000	
102.200000	-47.495760	-51.240619	0.000000	
102.250000	-47.511259	-51.288284	0.000000	
102.300000	-47.526162	-51.336414	0.000000	
102.350000	-47.540521	-51.384961	0.000000	
102.400000	-47.554361	-51.433889	0.000000	
102.450000	-47.567735	-51.483159	0.000000	
102.500000	-47.580694	-51.532723	0.000000	
102.550000	-47.593262	-51.582552	0.000000	
102.600000	-47.605518	-51.632580	0.000000	
102.650000	-47.617531	-51.682759	0.000000	
102.700000	-47.629384	-51.733032	0.000000	
102.750000	-47.641118	-51.783371	0.000000	
102.800000	-47.652764	-51.833758	0.000000	
102.850000	-47.664361	-51.884170	0.000000	
102.900000	-47.675920	-51.934598	0.000000	
102.950000	-47.687450	-51.985040	0.000000	
103.000000	-47.698995	-52.035472	0.000000	
103.050000	-47.710512	-52.085917	0.000000	
103.100000	-47.721997	-52.136376	0.000000	
103.150000	-47.733458	-52.186846	0.000000	
103.200000	-47.744895	-52.237326	0.000000	
103.250000	-47.756291	-52.287824	0.000000	
103.300000	-47.767649	-52.338339	0.000000	
103.350000	-47.778968	-52.388871	0.000000	
103.400000	-47.790245	-52.439422	0.000000	
103.450000	-47.801504	-52.489979	0.000000	
103.500000	-47.812733	-52.540549	0.000000	
103.550000	-47.823916	-52.591141	0.000000	
103.600000	-47.835053	-52.641753	0.000000	
103.650000	-47.846137	-52.692390	0.000000	
103.700000	-47.857130	-52.743070	0.000000	
103.750000	-47.868011	-52.793803	0.000000	
103.800000	-47.878765	-52.844596	0.000000	
103.850000	-47.889390	-52.895450	0.000000	
103.900000	-47.899888	-52.946362	0.000000	
103.950000	-47.910277	-52.997324	0.000000	
104.000000	-47.920566	-53.048332	0.000000	
104.050000	-47.930753	-53.099388	0.000000	
104.100000	-47.940866	-53.150478	0.000000	
104.150000	-47.950917	-53.201596	0.000000	
104.200000	-47.960847	-53.252769	0.000000	
104.250000	-47.970626	-53.304006	0.000000	
104.300000	-47.980223	-53.355318	0.000000	
104.350000	-47.989584	-53.406720	0.000000	
104.400000	-47.998671	-53.458220	0.000000	
104.450000	-48.007401	-53.509842	0.000000	
104.500000	-48.015700	-53.561606	0.000000	
104.550000	-48.023463	-53.613534	0.000000	
104.600000	-48.030628	-53.665630	0.000000	
104.650000	-48.037176	-53.717889	0.000000	
104.700000	-48.043075	-53.770314	0.000000	
104.750000	-48.048285	-53.822898	0.000000	
104.800000	-48.052806	-53.875635	0.000000	
104.850000	-48.056639	-53.928522	0.000000	
104.900000	-48.059804	-53.981552	0.000000	
104.950000	-48.062314	-54.034725	0.000000	
105.000000	-48.064190	-54.088039	0.000000	
105.050000	-48.065417	-54.141501	0.000000	
105.100000	-48.065962	-54.195119	0.000000	
105.150000	-48.065821	-54.248894	0.000000	
105.200000	-48.064983	-54.302824	0.000000	
105.250000	-48.063494	-54.356894	0.000000	
105.300000	-48.061388	-54.411084	0.000000	
105.350000	-48.058716	-54.465376	0.000000	
105.400000	-48.055534	-54.519745	0.000000	
105.450000	-48.051908	-54.574178	0.000000	
105.500000	-48.047923	-54.628654	0.000000	
105.550000	-48.043638	-54.683164	0.000000	
105.600000	-48.039130	-54.737690	0.000000	
105.650000	-48.034442	-54.792225	0.000000	
105.700000	-48.029616	-54.846765	0.000000	
105.750000	-48.024698	-54.901308	0.000000	
105.800000	-48.019723	-54.955850	0.000000	
105.850000	-48.014728	-55.010393	0.000000	
105.900000	-48.009713	-55.064935	0.000000	
105.950000	-48.004653	-55.119476	0.000000	
106.000000	-47.999517	-55.174017	0.000000	
106.050000	-47.994308	-55.228559	0.000000	
106.100000	-47.989044	-55.283101	0.000000	
106.150000	-47.983752	-55.337642	0.000000	
106.200000	-47.978453	-55.392183	0.000000	
106.250000	-47.973140	-55.446723	0.000000	
106.300000	-47.967824	-55.501262	0.000000	
106.350000	-47.962536	-55.555799	0.000000	
106.400000	-47.957290	-55.610334	0.000000	
106.450000	-47.952126	-55.664865	0.000000	
106.500000	-47.947041	-55.719391	0.000000	
106.550000	-47.942023	-55.773914	0.000000	
106.600000	-47.937043	-55.828434	0.000000	
106.650000	-47.932146	-55.882950	0.000000	
106.700000	-47.927333	-55.937461	0.000000	
106.750000	-47.922586	-55.991970	0.000000	
106.800000	-47.917836	-56.046479	0.000000	
106.850000	-47.913067	-56.100985	0.000000	
106.900000	-47.908175	-56.155489	0.000000	
106.950000	-47.903075	-56.209981	0.000000	
107.000000	-47.897726	-56.264455	0.000000	
107.050000	-47.892094	-56.318901	0.000000	
107.100000	-47.886102	-56.373310	0.000000	
107.150000	-47.879682	-56.427672	0.000000	
107.200000	-47.872761	-56.481970	0.000000	
107.250000	-47.865249	-56.536184	0.000000	
107.300000	-47.857123	-56.590298	0.000000	
107.350000	-47.848324	-56.644300	0.000000	
107.400000	-47.838823	-56.698185	0.000000	
107.450000	-47.828567	-56.751939	0.000000	
107.500000	-47.817547	-56.805570	0.000000	
107.550000	-47.805752	-56.859077	0.000000	
107.600000	-47.793171	-56.912457	0.000000	
107.650000	-47.779848	-56.965716	0.000000	
107.700000	-47.765733	-57.018847	0.000000	
107.750000	-47.750852	-57.071849	0.000000	
107.800000	-47.735240	-57.124731	0.000000	
107.850000	-47.718950	-57.177488	0.000000	
107.900000	-47.702034	-57.230127	0.000000	
107.950000	-47.684559	-57.282642	0.000000	
108.000000	-47.666626	-57.335048	0.000000	
108.050000	-47.648290	-57.387348	0.000000	
108.100000	-47.629602	-57.439549	0.000000	
108.150000	-47.610617	-57.491662	0.000000	
108.200000	-47.591396	-57.543704	0.000000	
108.250000	-47.572022	-57.595695	0.000000	
108.300000	-47.552558	-57.647657	0.000000	
108.350000	-47.533059	-57.699605	0.000000	
108.400000	-47.513544	-57.751548	0.000000	
108.450000	-47.494049	-57.803498	0.000000	
108.500000	-47.474600	-57.855467	0.000000	
108.550000	-47.455166	-57.907441	0.000000	
108.600000	-47.435738	-57.959418	0.000000	
108.650000	-47.416333	-58.011404	0.000000	
108.700000	-47.396934	-58.063393	0.000000	
108.750000	-47.377578	-58.115399	0.000000	
108.800000	-47.358275	-58.167425	0.000000	
108.850000	-47.339020	-58.219469	0.000000	
108.900000	-47.319830	-58.271537	0.000000	
108.950000	-47.300684	-58.323622	0.000000	
109.000000	-47.281589	-58.375725	0.000000	
109.050000	-47.262503	-58.427832	0.000000	
109.100000	-47.243399	-58.479933	0.000000	
109.150000	-47.224280	-58.532027	0.000000	
109.200000	-47.205127	-58.584108	0.000000	
109.250000	-47.185856	-58.636139	0.000000	
109.300000	-47.166378	-58.688080	0.000000	
109.350000	-47.146622	-58.739888	0.000000	
109.400000	-47.126527	-58.791530	0.000000	
109.450000	-47.106075	-58.842989	0.000000	
109.500000	-47.085206	-58.894230	0.000000	
109.550000	-47.063905	-58.945241	0.000000	
109.600000	-47.042160	-58.996004	0.000000	
109.650000	-47.019969	-59.046516	0.000000	
109.700000	-46.997305	-59.096757	0.000000	
109.750000	-46.974156	-59.146721	0.000000	
109.800000	-46.950514	-59.196406	0.000000	
109.850000	-46.926369	-59.245809	0.000000	
109.900000	-46.901703	-59.294922	0.000000	
109.950000	-46.876508	-59.343747	0.000000	
110.000000	-46.850775	-59.392271	0.000000	
110.050000	-46.824536	-59.440517	0.000000	
110.100000	-46.797827	-59.488499	0.000000	
110.150000	-46.770671	-59.536224	0.000000	
110.200000	-46.743085	-59.583703	0.000000	
110.250000	-46.715091	-59.630948	0.000000	
110.300000	-46.686776	-59.678000	0.000000	
110.350000	-46.658225	-59.724907	0.000000	
110.400000	-46.629514	-59.771709	0.000000	
110.450000	-46.600703	-59.818443	0.000000	
110.500000	-46.571796	-59.865111	0.000000	
110.550000	-46.542819	-59.911726	0.000000	
110.600000	-46.513790	-59.958304	0.000000	
110.650000	-46.484696	-60.004830	0.000000	
110.700000	-46.455507	-60.051279	0.000000	
110.750000	-46.426217	-60.097642	0.000000	
110.800000	-46.396788	-60.143881	0.000000	
110.850000	-46.367204	-60.189981	0.000000	
110.900000	-46.337455	-60.235934	0.000000	
110.950000	-46.307532	-60.281729	0.000000	
111.000000	-46.277393	-60.327324	0.000000	
111.050000	-46.247040	-60.372714	0.000000	
111.100000	-46.216453	-60.417884	0.000000	
111.150000	-46.185618	-60.462821	0.000000	
111.200000	-46.154544	-60.507532	0.000000	
111.250000	-46.123221	-60.552010	0.000000	
111.300000	-46.091652	-60.596262	0.000000	
111.350000	-46.059807	-60.640258	0.000000	
111.400000	-46.027664	-60.683979	0.000000	
111.450000	-45.995219	-60.727419	0.000000	
111.500000	-45.962449	-60.770556	0.000000	
111.550000	-45.929373	-60.813398	0.000000	
111.600000	-45.895999	-60.855946	0.000000	
111.650000	-45.862336	-60.898211	0.000000	
111.700000	-45.828439	-60.940242	0.000000	
111.750000	-45.794358	-60.982085	0.000000	
111.800000	-45.760128	-61.023774	0.000000	
111.850000	-45.725789	-61.065345	0.000000	
111.900000	-45.691333	-61.106787	0.000000	
111.950000	-45.656753	-61.148089	0.000000	
112.000000	-45.622048	-61.189247	0.000000	
112.050000	-45.587244	-61.230288	0.000000	
112.100000	-45.552326	-61.271186	0.000000	
112.150000	-45.517280	-61.311922	0.000000	
112.200000	-45.482096	-61.352483	0.000000	
112.250000	-45.446772	-61.392861	0.000000	
112.300000	-45.411294	-61.433038	0.000000	
112.350000	-45.375644	-61.472990	0.000000	
112.400000	-45.339829	-61.512724	0.000000	
112.450000	-45.303836	-61.552211	0.000000	
112.500000	-45.270720	-61.582960	0.000000	
112.550000	-45.237413	-61.613430	0.000000	
112.600000	-45.203909	-61.643604	0.000000	
112.650000	-45.170206	-61.673470	0.000000	
112.700000	-45.136284	-61.702994	0.000000	
112.750000	-45.102114	-61.732123	0.000000	
112.800000	-45.067686	-61.760844	0.000000	
112.850000	-45.032995	-61.789156	0.000000	
112.900000	-44.998053	-61.817076	0.000000	
112.950000	-44.962884	-61.844641	0.000000	
113.000000	-44.927495	-61.871849	0.000000	
113.050000	-44.891892	-61.898707	0.000000	
113.100000	-44.856083	-61.925220	0.000000	
113.150000	-44.820095	-61.951424	0.000000	
113.200000	-44.783940	-61.977332	0.000000	
113.250000	-44.747630	-62.002963	0.000000	
113.300000	-44.711168	-62.028319	0.000000	
113.350000	-44.674556	-62.053398	0.000000	
113.400000	-44.637804	-62.078214	0.000000	
113.450000	-44.600914	-62.102769	0.000000	
113.500000	-44.563905	-62.127087	0.000000	
113.550000	-44.526800	-62.151210	0.000000	
113.600000	-44.489602	-62.175141	0.000000	
113.650000	-44.452335	-62.198925	0.000000	
113.700000	-44.415011	-62.222587	0.000000	
113.750000	-44.377646	-62.246160	0.000000	
113.800000	-44.340260	-62.269688	0.000000	
113.850000	-44.302858	-62.293182	0.000000	
113.900000	-44.265438	-62.316636	0.000000	
113.950000	-44.227995	-62.340040	0.000000	
114.000000	-44.190509	-62.363349	0.000000	
114.050000	-44.152973	-62.386542	0.000000	
114.100000	-44.115374	-62.409579	0.000000	
114.150000	-44.077706	-62.432440	0.000000	
114.200000	-44.039954	-62.455075	0.000000	
114.250000	-44.002108	-62.477444	0.000000	
114.300000	-43.964160	-62.499516	0.000000	
114.350000	-43.926099	-62.521242	0.000000	
114.400000	-43.887925	-62.542588	0.000000	
114.450000	-43.849631	-62.563533	0.000000	
114.500000	-43.811222	-62.584086	0.000000	
114.550000	-43.772700	-62.604238	0.000000	
114.600000	-43.734061	-62.623967	0.000000	
114.650000	-43.695307	-62.643269	0.000000	
114.700000	-43.656432	-62.662119	0.000000	
114.750000	-43.617433	-62.680513	0.000000	
114.800000	-43.578312	-62.698466	0.000000	
114.850000	-43.539065	-62.715960	0.000000	
114.900000	-43.499686	-62.732986	0.000000	
114.950000	-43.460180	-62.749563	0.000000	
115.000000	-43.420544	-62.765682	0.000000	
115.050000	-43.380792	-62.781384	0.000000	
115.100000	-43.340945	-62.796731	0.000000	
115.150000	-43.301017	-62.811752	0.000000	
115.200000	-43.261016	-62.826467	0.000000	
115.250000	-43.220963	-62.840948	0.000000	
115.300000	-43.180872	-62.855258	0.000000	
115.350000	-43.140752	-62.869423	0.000000	
115.400000	-43.100617	-62.883512	0.000000	
115.450000	-43.060478	-62.897580	0.000000	
115.500000	-43.020333	-62.911619	0.000000	
115.550000	-42.980184	-62.925627	0.000000	
115.600000	-42.940029	-62.939606	0.000000	
115.650000	-42.899872	-62.953570	0.000000	
115.700000	-42.859710	-62.967498	0.000000	
115.750000	-42.819539	-62.981342	0.000000	
115.800000	-42.779356	-62.995083	0.000000	
115.850000	-42.739158	-63.008678	0.000000	
115.900000	-42.698945	-63.022117	0.000000	
115.950000	-42.658716	-63.035344	0.000000	
116.000000	-42.618468	-63.048292	0.000000	
116.050000	-42.578203	-63.060895	0.000000	
116.100000	-42.537924	-63.073096	0.000000	
116.150000	-42.497633	-63.084827	0.000000	
116.200000	-42.457337	-63.096063	0.000000	
116.250000	-42.417041	-63.106782	0.000000	
116.300000	-42.376746	-63.116953	0.000000	
116.350000	-42.336447	-63.126565	0.000000	
116.400000	-42.296146	-63.135625	0.000000	
116.450000	-42.255840	-63.144118	0.000000	
116.500000	-42.215527	-63.152048	0.000000	
116.550000	-42.175216	-63.159422	0.000000	
116.600000	-42.134903	-63.166262	0.000000	
116.650000	-42.094589	-63.172593	0.000000	
116.700000	-42.054280	-63.178402	0.000000	
116.750000	-42.013980	-63.183723	0.000000	
116.800000	-41.973695	-63.188619	0.000000	
116.850000	-41.933428	-63.193099	0.000000	
116.900000	-41.893177	-63.197213	0.000000	
116.950000	-41.852945	-63.200967	0.000000	
117.000000	-41.812737	-63.204397	0.000000	
117.050000	-41.772549	-63.207578	0.000000	
117.100000	-41.732379	-63.210580	0.000000	
117.150000	-41.692223	-63.213462	0.000000	
117.200000	-41.652075	-63.216269	0.000000	
117.250000	-41.611928	-63.219067	0.000000	
117.300000	-41.571782	-63.221861	0.000000	
117.350000	-41.531637	-63.224639	0.000000	
117.400000	-41.491497	-63.227385	0.000000	
117.450000	-41.451364	-63.230088	0.000000	
117.500000	-41.411233	-63.232774	0.000000	
117.550000	-41.371108	-63.235418	0.000000	
117.600000	-41.330989	-63.238021	0.000000	
117.650000	-41.290884	-63.240537	0.000000	
117.700000	-41.250791	-63.242981	0.000000	
117.750000	-41.210712	-63.245342	0.000000	
117.800000	-41.170653	-63.247596	0.000000	
117.850000	-41.130628	-63.249685	0.000000	
117.900000	-41.090648	-63.251570	0.000000	
117.950000	-41.050723	-63.253207	0.000000	
118.000000	-41.010857	-63.254587	0.000000	
118.050000	-40.971056	-63.255701	0.000000	
118.100000	-40.931335	-63.256492	0.000000	
118.150000	-40.891706	-63.256929	0.000000	
118.200000	-40.852185	-63.256962	0.000000	
118.250000	-40.812778	-63.256578	0.000000	
118.300000	-40.773500	-63.255728	0.000000	
118.350000	-40.734365	-63.254398	0.000000	
118.400000	-40.695379	-63.252590	0.000000	
118.450000	-40.656541	-63.250317	0.000000	
118.500000	-40.617862	-63.247557	0.000000	
118.550000	-40.579344	-63.244293	0.000000	
118.600000	-40.540992	-63.240524	0.000000	
118.650000	-40.502802	-63.236275	0.000000	
118.700000	-40.464762	-63.231580	0.000000	
118.750000	-40.426869	-63.226435	0.000000	
118.800000	-40.389117	-63.220870	0.000000	
118.850000	-40.351500	-63.214918	0.000000	
118.900000	-40.314016	-63.208605	0.000000	
118.950000	-40.276660	-63.201965	0.000000	
119.000000	-40.239440	-63.194995	0.000000	
119.050000	-40.202349	-63.187715	0.000000	
119.100000	-40.165387	-63.180136	0.000000	
119.150000	-40.128546	-63.172287	0.000000	
119.200000	-40.091807	-63.164212	0.000000	
119.250000	-40.055146	-63.155967	0.000000	
119.300000	-40.018553	-63.147575	0.000000	
119.350000	-39.982011	-63.139073	0.000000	
119.400000	-39.945506	-63.130494	0.000000	
119.450000	-39.909025	-63.121867	0.000000	
119.500000	-39.889198	-63.121845	0.000000	
119.550000	-39.869378	-63.121811	0.000000	
119.600000	-39.849568	-63.121754	0.000000	
119.650000	-39.829760	-63.121696	0.000000	
119.700000	-39.809956	-63.121629	0.000000	
119.750000	-39.790165	-63.121537	0.000000	
119.800000	-39.770401	-63.121392	0.000000	
119.850000	-39.750670	-63.121182	0.000000	
119.900000	-39.730983	-63.120886	0.000000	
119.950000	-39.711329	-63.120525	0.000000	
