0.000000	-57.650633	-20.955195	0.000000	
0.050000	-57.631966	-20.953416	0.000000	
0.100000	-57.613267	-20.951689	0.000000	
0.150000	-57.594548	-20.949992	0.000000	
0.200000	-57.575826	-20.948302	0.000000	
0.250000	-57.557117	-20.946592	0.000000	
0.300000	-57.538437	-20.944840	0.000000	
0.350000	-57.519782	-20.943052	0.000000	
0.400000	-57.501142	-20.941243	0.000000	
0.450000	-57.482528	-20.939398	0.000000	
0.500000	-57.463932	-20.937526	0.000000	
0.550000	-57.429727	-20.925270	0.000000	
0.600000	-57.395516	-20.913025	0.000000	
0.650000	-57.361309	-20.900776	0.000000	
0.700000	-57.327110	-20.888516	0.000000	
0.750000	-57.292921	-20.876243	0.000000	
0.800000	-57.258757	-20.863936	0.000000	
0.850000	-57.224603	-20.851614	0.000000	
0.900000	-57.190487	-20.839240	0.000000	
0.950000	-57.156423	-20.826789	0.000000	
1.000000	-57.122412	-20.814263	0.000000	
1.050000	-57.088476	-20.801631	0.000000	
1.100000	-57.054601	-20.788910	0.000000	
1.150000	-57.020786	-20.776100	0.000000	
1.200000	-56.987025	-20.763213	0.000000	
1.250000	-56.953301	-20.750271	0.000000	
1.300000	-56.919616	-20.737273	0.000000	
1.350000	-56.885947	-20.724253	0.000000	
1.400000	-56.852288	-20.711221	0.000000	
1.450000	-56.818654	-20.698153	0.000000	
1.500000	-56.785044	-20.685053	0.000000	
1.550000	-56.751458	-20.671919	0.000000	
1.600000	-56.717906	-20.658740	0.000000	
1.650000	-56.684408	-20.645486	0.000000	
1.700000	-56.650941	-20.632188	0.000000	
1.750000	-56.617502	-20.618851	0.000000	
1.800000	-56.584100	-20.605463	0.000000	
1.850000	-56.550731	-20.592030	0.000000	
1.900000	-56.517402	-20.578543	0.000000	
1.950000	-56.484110	-20.565007	0.000000	
2.000000	-56.450855	-20.551423	0.000000	
2.050000	-56.417621	-20.537809	0.000000	
2.100000	-56.384397	-20.524184	0.000000	
2.150000	-56.351182	-20.510547	0.000000	
2.200000	-56.317981	-20.496891	0.000000	
2.250000	-56.284792	-20.483219	0.000000	
2.300000	-56.251626	-20.469516	0.000000	
2.350000	-56.218481	-20.455784	0.000000	
2.400000	-56.185354	-20.442026	0.000000	
2.450000	-56.152263	-20.428219	0.000000	
2.500000	-56.119206	-20.414366	0.000000	
2.550000	-56.086174	-20.400478	0.000000	
2.600000	-56.053167	-20.386557	0.000000	
2.650000	-56.020162	-20.372635	0.000000	
2.700000	-55.987141	-20.358733	0.000000	
2.750000	-55.954113	-20.344841	0.000000	
2.800000	-55.921070	-20.330969	0.000000	
2.850000	-55.887992	-20.317147	0.000000	
2.900000	-55.854888	-20.303362	0.000000	
2.950000	-55.821757	-20.289613	0.000000	
3.000000	-55.788575	-20.275934	0.000000	
3.050000	-55.755331	-20.262341	0.000000	
3.100000	-55.722040	-20.248814	0.000000	
3.150000	-55.688718	-20.235330	0.000000	
3.200000	-55.655367	-20.221885	0.000000	
3.250000	-55.622003	-20.208459	0.000000	
3.300000	-55.588645	-20.195026	0.000000	
3.350000	-55.555271	-20.181614	0.000000	
3.400000	-55.521882	-20.168225	0.000000	
3.450000	-55.488486	-20.154846	0.000000	
3.500000	-55.455067	-20.141499	0.000000	
3.550000	-55.421617	-20.128193	0.000000	
3.600000	-55.388122	-20.114950	0.000000	
3.650000	-55.354577	-20.101779	0.000000	
3.700000	-55.320990	-20.088666	0.000000	
3.750000	-55.287375	-20.075592	0.000000	
3.800000	-55.253730	-20.062564	0.000000	
3.850000	-55.220073	-20.049551	0.000000	
3.900000	-55.186424	-20.036528	0.000000	
3.950000	-55.152765	-20.023520	0.000000	
4.000000	-55.119095	-20.010528	0.000000	
4.050000	-55.085443	-19.997511	0.000000	
4.100000	-55.051810	-19.984467	0.000000	
4.150000	-55.018192	-19.971401	0.000000	
4.200000	-54.984572	-19.958340	0.000000	
4.250000	-54.950965	-19.945261	0.000000	
4.300000	-54.917363	-19.932176	0.000000	
4.350000	-54.883767	-19.919082	0.000000	
4.400000	-54.850184	-19.905972	0.000000	
4.450000	-54.816594	-19.892871	0.000000	
4.500000	-54.782994	-19.879786	0.000000	
4.550000	-54.749390	-19.866705	0.000000	
4.600000	-54.715781	-19.853633	0.000000	
4.650000	-54.682188	-19.840539	0.000000	
4.700000	-54.648607	-19.827427	0.000000	
4.750000	-54.615051	-19.814280	0.000000	
4.800000	-54.581511	-19.801111	0.000000	
4.850000	-54.547995	-19.787906	0.000000	
4.900000	-54.514499	-19.774674	0.000000	
4.950000	-54.481012	-19.761428	0.000000	
5.000000	-54.447556	-19.748142	0.000000	
5.050000	-54.414128	-19.734814	0.000000	
5.100000	-54.380714	-19.721470	0.000000	
5.150000	-54.347316	-19.708103	0.000000	
5.200000	-54.313922	-19.694730	0.000000	
5.250000	-54.280555	-19.681322	0.000000	
5.300000	-54.247207	-19.667887	0.000000	
5.350000	-54.213875	-19.654432	0.000000	
5.400000	-54.180539	-19.640982	0.000000	
5.450000	-54.147218	-19.627513	0.000000	
5.500000	-54.113917	-19.614017	0.000000	
5.550000	-54.080629	-19.600502	0.000000	
5.600000	-54.047353	-19.586972	0.000000	
5.650000	-54.014084	-19.573433	0.000000	
5.700000	-53.980822	-19.559884	0.000000	
5.750000	-53.947589	-19.546297	0.000000	
5.800000	-53.914356	-19.532708	0.000000	
5.850000	-53.881143	-19.519094	0.000000	
5.900000	-53.847934	-19.505475	0.000000	
5.950000	-53.814733	-19.491846	0.000000	
6.000000	-53.781632	-19.478089	0.000000	
6.050000	-53.748865	-19.463987	0.000000	
6.100000	-53.716824	-19.449307	0.000000	
6.150000	-53.686028	-19.433908	0.000000	
6.200000	-53.657064	-19.417822	0.000000	
6.250000	-53.630459	-19.401241	0.000000	
6.300000	-53.606567	-19.384478	0.000000	
6.350000	-53.585617	-19.367842	0.000000	
6.400000	-53.567752	-19.351596	0.000000	
6.450000	-53.553048	-19.335931	0.000000	
6.500000	-53.541532	-19.321009	0.000000	
6.550000	-53.533223	-19.306947	0.000000	
6.600000	-53.528141	-19.293795	0.000000	
6.650000	-53.526288	-19.281605	0.000000	
6.700000	-53.527670	-19.270378	0.000000	
6.750000	-53.532279	-19.260130	0.000000	
6.800000	-53.540107	-19.250873	0.000000	
6.850000	-53.551168	-19.242563	0.000000	
6.900000	-53.565449	-19.235230	0.000000	
6.950000	-53.582965	-19.228828	0.000000	
7.000000	-53.603710	-19.223383	0.000000	
7.050000	-53.627594	-19.219016	0.000000	
7.100000	-53.654369	-19.215989	0.000000	
7.150000	-53.683639	-19.214520	0.000000	
7.200000	-53.714886	-19.214730	0.000000	
7.250000	-53.747524	-19.216565	0.000000	
7.300000	-53.781034	-19.219811	0.000000	
7.350000	-53.815046	-19.224181	0.000000	
7.400000	-53.849323	-19.229353	0.000000	
7.450000	-53.883726	-19.235042	0.000000	
7.500000	-53.918187	-19.241046	0.000000	
7.550000	-53.949706	-19.255719	0.000000	
7.600000	-53.981230	-19.270447	0.000000	
7.650000	-54.012753	-19.285160	0.000000	
7.700000	-54.044272	-19.299803	0.000000	
7.750000	-54.075783	-19.314345	0.000000	
7.800000	-54.107287	-19.328790	0.000000	
7.850000	-54.138785	-19.343137	0.000000	
7.900000	-54.170277	-19.357396	0.000000	
7.950000	-54.201762	-19.371571	0.000000	
8.000000	-54.233242	-19.385675	0.000000	
8.050000	-54.264717	-19.399710	0.000000	
8.100000	-54.296190	-19.413695	0.000000	
8.150000	-54.327658	-19.427606	0.000000	
8.200000	-54.359124	-19.441471	0.000000	
8.250000	-54.390588	-19.455323	0.000000	
8.300000	-54.422053	-19.469172	0.000000	
8.350000	-54.453516	-19.483015	0.000000	
8.400000	-54.484977	-19.496822	0.000000	
8.450000	-54.516436	-19.510602	0.000000	
8.500000	-54.547894	-19.524379	0.000000	
8.550000	-54.579354	-19.538181	0.000000	
8.600000	-54.610817	-19.552008	0.000000	
8.650000	-54.642279	-19.565836	0.000000	
8.700000	-54.673743	-19.579679	0.000000	
8.750000	-54.705208	-19.593532	0.000000	
8.800000	-54.736673	-19.607399	0.000000	
8.850000	-54.768139	-19.621259	0.000000	
8.900000	-54.799603	-19.635114	0.000000	
8.950000	-54.831067	-19.648956	0.000000	
9.000000	-54.862526	-19.662743	0.000000	
9.050000	-54.893979	-19.676481	0.000000	
9.100000	-54.925426	-19.690157	0.000000	
9.150000	-54.956864	-19.703732	0.000000	
9.200000	-54.988295	-19.717229	0.000000	
9.250000	-55.019719	-19.730646	0.000000	
9.300000	-55.051133	-19.743942	0.000000	
9.350000	-55.082535	-19.757118	0.000000	
9.400000	-55.113928	-19.770195	0.000000	
9.450000	-55.145311	-19.783181	0.000000	
9.500000	-55.176687	-19.796098	0.000000	
9.550000	-55.208056	-19.808943	0.000000	
9.600000	-55.239419	-19.821715	0.000000	
9.650000	-55.270776	-19.834416	0.000000	
9.700000	-55.302127	-19.847051	0.000000	
9.750000	-55.333471	-19.859606	0.000000	
9.800000	-55.364811	-19.872102	0.000000	
9.850000	-55.396145	-19.884543	0.000000	
9.900000	-55.427479	-19.896969	0.000000	
9.950000	-55.458810	-19.909364	0.000000	
10.000000	-55.490139	-19.921729	0.000000	
10.050000	-55.521468	-19.934093	0.000000	
10.100000	-55.552801	-19.946471	0.000000	
10.150000	-55.584135	-19.958856	0.000000	
10.200000	-55.615473	-19.971268	0.000000	
10.250000	-55.646812	-19.983669	0.000000	
10.300000	-55.678145	-19.996033	0.000000	
10.350000	-55.709476	-20.008368	0.000000	
10.400000	-55.740805	-20.020682	0.000000	
10.450000	-55.772130	-20.032966	0.000000	
10.500000	-55.803453	-20.045237	0.000000	
10.550000	-55.834772	-20.057474	0.000000	
10.600000	-55.866089	-20.069691	0.000000	
10.650000	-55.897398	-20.081845	0.000000	
10.700000	-55.928696	-20.093916	0.000000	
10.750000	-55.959985	-20.105917	0.000000	
10.800000	-55.991264	-20.117845	0.000000	
10.850000	-56.022533	-20.129693	0.000000	
10.900000	-56.053792	-20.141472	0.000000	
10.950000	-56.085039	-20.153162	0.000000	
11.000000	-56.116279	-20.164787	0.000000	
11.050000	-56.147508	-20.176339	0.000000	
11.100000	-56.178726	-20.187815	0.000000	
11.150000	-56.209928	-20.199186	0.000000	
11.200000	-56.241117	-20.210458	0.000000	
11.250000	-56.272294	-20.221642	0.000000	
11.300000	-56.303464	-20.232774	0.000000	
11.350000	-56.334629	-20.243870	0.000000	
11.400000	-56.365791	-20.254944	0.000000	
11.450000	-56.396953	-20.266010	0.000000	
11.500000	-56.428112	-20.277056	0.000000	
11.550000	-56.459270	-20.288088	0.000000	
11.600000	-56.490429	-20.299129	0.000000	
11.650000	-56.521584	-20.310142	0.000000	
11.700000	-56.552736	-20.321140	0.000000	
11.750000	-56.583889	-20.332135	0.000000	
11.800000	-56.615045	-20.343156	0.000000	
11.850000	-56.646207	-20.354213	0.000000	
11.900000	-56.677373	-20.365294	0.000000	
11.950000	-56.708544	-20.376408	0.000000	
12.000000	-56.739721	-20.387559	0.000000	
12.050000	-56.770900	-20.398720	0.000000	
12.100000	-56.802084	-20.409916	0.000000	
12.150000	-56.833271	-20.421128	0.000000	
12.200000	-56.864469	-20.432404	0.000000	
12.250000	-56.895675	-20.443734	0.000000	
12.300000	-56.926890	-20.455120	0.000000	
12.350000	-56.958108	-20.466529	0.000000	
12.400000	-56.989332	-20.477977	0.000000	
12.450000	-57.020564	-20.489487	0.000000	
12.500000	-57.051807	-20.501068	0.000000	
12.550000	-57.083060	-20.512734	0.000000	
12.600000	-57.114322	-20.524458	0.000000	
12.650000	-57.145591	-20.536229	0.000000	
12.700000	-57.176870	-20.548075	0.000000	
12.750000	-57.208163	-20.560023	0.000000	
12.800000	-57.239470	-20.572083	0.000000	
12.850000	-57.270788	-20.584233	0.000000	
12.900000	-57.302114	-20.596438	0.000000	
12.950000	-57.333447	-20.608708	0.000000	
13.000000	-57.364788	-20.621030	0.000000	
13.050000	-57.396133	-20.633392	0.000000	
13.100000	-57.427483	-20.645796	0.000000	
13.150000	-57.458837	-20.658221	0.000000	
13.200000	-57.490195	-20.670680	0.000000	
13.250000	-57.521556	-20.683169	0.000000	
13.300000	-57.552918	-20.695668	0.000000	
13.350000	-57.584276	-20.708139	0.000000	
13.400000	-57.615633	-20.720613	0.000000	
13.450000	-57.646992	-20.733101	0.000000	
13.500000	-57.678349	-20.745583	0.000000	
13.550000	-57.709699	-20.758021	0.000000	
13.600000	-57.741040	-20.770389	0.000000	
13.650000	-57.772371	-20.782699	0.000000	
13.700000	-57.803695	-20.794956	0.000000	
13.750000	-57.835012	-20.807164	0.000000	
13.800000	-57.866317	-20.819285	0.000000	
13.850000	-57.897611	-20.831320	0.000000	
13.900000	-57.928897	-20.843286	0.000000	
13.950000	-57.960180	-20.855233	0.000000	
14.000000	-57.991458	-20.867152	0.000000	
14.050000	-58.022731	-20.879035	0.000000	
14.100000	-58.053999	-20.890880	0.000000	
14.150000	-58.085260	-20.902678	0.000000	
14.200000	-58.116518	-20.914461	0.000000	
14.250000	-58.147776	-20.926254	0.000000	
14.300000	-58.179034	-20.938049	0.000000	
14.350000	-58.210297	-20.949886	0.000000	
14.400000	-58.241569	-20.961794	0.000000	
14.450000	-58.272845	-20.973747	0.000000	
14.500000	-58.304125	-20.985746	0.000000	
14.550000	-58.335410	-20.997791	0.000000	
14.600000	-58.366701	-21.009898	0.000000	
14.650000	-58.398003	-21.022112	0.000000	
14.700000	-58.429320	-21.034463	0.000000	
14.750000	-58.460649	-21.046920	0.000000	
14.800000	-58.491987	-21.059463	0.000000	
14.850000	-58.523335	-21.072099	0.000000	
14.900000	-58.554688	-21.084795	0.000000	
14.950000	-58.586047	-21.097543	0.000000	
15.000000	-58.617408	-21.110322	0.000000	
15.050000	-58.648770	-21.123127	0.000000	
15.100000	-58.680136	-21.135976	0.000000	
15.150000	-58.711505	-21.148859	0.000000	
15.200000	-58.742882	-21.161817	0.000000	
15.250000	-58.774265	-21.174830	0.000000	
15.300000	-58.805649	-21.187872	0.000000	
15.350000	-58.837032	-21.200916	0.000000	
15.400000	-58.868411	-21.213937	0.000000	
15.450000	-58.899786	-21.226949	0.000000	
15.500000	-58.931159	-21.239948	0.000000	
15.550000	-58.962532	-21.252974	0.000000	
15.600000	-58.993912	-21.266177	0.000000	
15.650000	-59.025286	-21.279784	0.000000	
15.700000	-59.056605	-21.294005	0.000000	
15.750000	-59.087782	-21.309073	0.000000	
15.800000	-59.118681	-21.325271	0.000000	
15.850000	-59.149136	-21.342825	0.000000	
15.900000	-59.178976	-21.361913	0.000000	
15.950000	-59.208028	-21.382684	0.000000	
16.000000	-59.236150	-21.405211	0.000000	
16.050000	-59.263210	-21.429561	0.000000	
16.100000	-59.289099	-21.455787	0.000000	
16.150000	-59.313774	-21.483902	0.000000	
16.200000	-59.337183	-21.513937	0.000000	
16.250000	-59.359338	-21.545871	0.000000	
16.300000	-59.380215	-21.579720	0.000000	
16.350000	-59.399809	-21.615495	0.000000	
16.400000	-59.418125	-21.653206	0.000000	
16.450000	-59.435145	-21.692868	0.000000	
16.500000	-59.450857	-21.734460	0.000000	
16.550000	-59.465238	-21.777999	0.000000	
16.600000	-59.478303	-21.823415	0.000000	
16.650000	-59.490044	-21.870557	0.000000	
16.700000	-59.500488	-21.919195	0.000000	
16.750000	-59.509661	-21.969102	0.000000	
16.800000	-59.517668	-22.020021	0.000000	
16.850000	-59.524639	-22.071697	0.000000	
16.900000	-59.530719	-22.123916	0.000000	
16.950000	-59.536082	-22.176508	0.000000	
17.000000	-59.540892	-22.229344	0.000000	
17.050000	-59.545265	-22.282345	0.000000	
17.100000	-59.549355	-22.335441	0.000000	
17.150000	-59.553278	-22.388588	0.000000	
17.200000	-59.557084	-22.441769	0.000000	
17.250000	-59.560840	-22.494962	0.000000	
17.300000	-59.564526	-22.548175	0.000000	
17.350000	-59.568191	-22.601392	0.000000	
17.400000	-59.571824	-22.654618	0.000000	
17.450000	-59.575434	-22.707850	0.000000	
17.500000	-59.579031	-22.761084	0.000000	
17.550000	-59.582604	-22.814323	0.000000	
17.600000	-59.586199	-22.867556	0.000000	
17.650000	-59.589805	-22.920785	0.000000	
17.700000	-59.593424	-22.974009	0.000000	
17.750000	-59.597069	-23.027225	0.000000	
17.800000	-59.600764	-23.080426	0.000000	
17.850000	-59.604503	-23.133613	0.000000	
17.900000	-59.608309	-23.186780	0.000000	
17.950000	-59.612208	-23.239919	0.000000	
18.000000	-59.616201	-23.293030	0.000000	
18.050000	-59.620314	-23.346105	0.000000	
18.100000	-59.624567	-23.399139	0.000000	
18.150000	-59.628935	-23.452140	0.000000	
18.200000	-59.633428	-23.505103	0.000000	
18.250000	-59.638032	-23.558032	0.000000	
18.300000	-59.642724	-23.610935	0.000000	
18.350000	-59.647489	-23.663815	0.000000	
18.400000	-59.652287	-23.716685	0.000000	
18.450000	-59.657159	-23.769533	0.000000	
18.500000	-59.662095	-23.822360	0.000000	
18.550000	-59.667127	-23.875157	0.000000	
18.600000	-59.672278	-23.927918	0.000000	
18.650000	-59.677501	-23.980658	0.000000	
18.700000	-59.682786	-24.033378	0.000000	
18.750000	-59.688117	-24.086083	0.000000	
18.800000	-59.693482	-24.138778	0.000000	
18.850000	-59.698861	-24.191467	0.000000	
18.900000	-59.704246	-24.244153	0.000000	
18.950000	-59.709639	-24.296837	0.000000	
19.000000	-59.715047	-24.349514	0.000000	
19.050000	-59.720443	-24.402194	0.000000	
19.100000	-59.725800	-24.454886	0.000000	
19.150000	-59.731105	-24.507592	0.000000	
19.200000	-59.736353	-24.560316	0.000000	
19.250000	-59.741503	-24.613068	0.000000	
19.300000	-59.746577	-24.665842	0.000000	
19.350000	-59.751584	-24.718636	0.000000	
19.400000	-59.756561	-24.771439	0.000000	
19.450000	-59.761545	-24.824239	0.000000	
19.500000	-59.766529	-24.877038	0.000000	
19.550000	-59.771491	-24.929843	0.000000	
19.600000	-59.776428	-24.982656	0.000000	
19.650000	-59.781338	-25.035477	0.000000	
19.700000	-59.786233	-25.088302	0.000000	
19.750000	-59.791108	-25.141132	0.000000	
19.800000	-59.795963	-25.193969	0.000000	
19.850000	-59.800766	-25.246820	0.000000	
19.900000	-59.805537	-25.299680	0.000000	
19.950000	-59.810279	-25.352548	0.000000	
20.000000	-59.814995	-25.405425	0.000000	
20.050000	-59.819677	-25.458311	0.000000	
20.100000	-59.824338	-25.511204	0.000000	
20.150000	-59.828971	-25.564104	0.000000	
20.200000	-59.833606	-25.617004	0.000000	
20.250000	-59.838247	-25.669901	0.000000	
20.300000	-59.842893	-25.722797	0.000000	
20.350000	-59.847524	-25.775697	0.000000	
20.400000	-59.852150	-25.828597	0.000000	
20.450000	-59.856781	-25.881496	0.000000	
20.500000	-59.861391	-25.934401	0.000000	
20.550000	-59.865968	-25.987315	0.000000	
20.600000	-59.870529	-26.040234	0.000000	
20.650000	-59.875071	-26.093158	0.000000	
20.700000	-59.879587	-26.146090	0.000000	
20.750000	-59.884089	-26.199026	0.000000	
20.800000	-59.888592	-26.251961	0.000000	
20.850000	-59.893119	-26.304888	0.000000	
20.900000	-59.897668	-26.357809	0.000000	
20.950000	-59.902231	-26.410725	0.000000	
21.000000	-59.906810	-26.463637	0.000000	
21.050000	-59.911374	-26.516552	0.000000	
21.100000	-59.915929	-26.569469	0.000000	
21.150000	-59.920480	-26.622388	0.000000	
21.200000	-59.925045	-26.675302	0.000000	
21.250000	-59.929596	-26.728219	0.000000	
21.300000	-59.934139	-26.781139	0.000000	
21.350000	-59.938703	-26.834052	0.000000	
21.400000	-59.943307	-26.886953	0.000000	
21.450000	-59.947951	-26.939841	0.000000	
21.500000	-59.952618	-26.992722	0.000000	
21.550000	-59.957306	-27.045595	0.000000	
21.600000	-59.962028	-27.098459	0.000000	
21.650000	-59.966802	-27.151305	0.000000	
21.700000	-59.971614	-27.204138	0.000000	
21.750000	-59.976448	-27.256965	0.000000	
21.800000	-59.981292	-27.309788	0.000000	
21.850000	-59.986147	-27.362607	0.000000	
21.900000	-59.991018	-27.415421	0.000000	
21.950000	-59.995910	-27.468227	0.000000	
22.000000	-60.000829	-27.521025	0.000000	
22.050000	-60.005786	-27.573810	0.000000	
22.100000	-60.010811	-27.626573	0.000000	
22.150000	-60.015912	-27.679310	0.000000	
22.200000	-60.021088	-27.732022	0.000000	
22.250000	-60.026326	-27.784715	0.000000	
22.300000	-60.031645	-27.837381	0.000000	
22.350000	-60.037021	-27.890029	0.000000	
22.400000	-60.042466	-27.942655	0.000000	
22.450000	-60.047979	-27.995258	0.000000	
22.500000	-60.053570	-28.047835	0.000000	
22.550000	-60.059244	-28.100384	0.000000	
22.600000	-60.065030	-28.152894	0.000000	
22.650000	-60.070907	-28.205372	0.000000	
22.700000	-60.076874	-28.257817	0.000000	
22.750000	-60.082946	-28.310223	0.000000	
22.800000	-60.089156	-28.362579	0.000000	
22.850000	-60.095471	-28.414899	0.000000	
22.900000	-60.101741	-28.467231	0.000000	
22.950000	-60.107779	-28.519621	0.000000	
23.000000	-60.113376	-28.572089	0.000000	
23.050000	-60.118274	-28.624632	0.000000	
23.100000	-60.122227	-28.677220	0.000000	
23.150000	-60.124991	-28.729794	0.000000	
23.200000	-60.126347	-28.782271	0.000000	
23.250000	-60.126139	-28.834556	0.000000	
23.300000	-60.124272	-28.886564	0.000000	
23.350000	-60.120668	-28.938238	0.000000	
23.400000	-60.115263	-28.989491	0.000000	
23.450000	-60.108018	-29.040304	0.000000	
23.500000	-60.098898	-29.090656	0.000000	
23.550000	-60.087893	-29.140569	0.000000	
23.600000	-60.074979	-29.190036	0.000000	
23.650000	-60.060136	-29.239060	0.000000	
23.700000	-60.043345	-29.287623	0.000000	
23.750000	-60.024591	-29.335731	0.000000	
23.800000	-60.003858	-29.383391	0.000000	
23.850000	-59.981126	-29.430595	0.000000	
23.900000	-59.956422	-29.477307	0.000000	
23.950000	-59.929884	-29.523478	0.000000	
24.000000	-59.901679	-29.569058	0.000000	
24.050000	-59.872021	-29.614015	0.000000	
24.100000	-59.841165	-29.658349	0.000000	
24.150000	-59.809335	-29.702096	0.000000	
24.200000	-59.776749	-29.745312	0.000000	
24.250000	-59.743596	-29.788071	0.000000	
24.300000	-59.710034	-29.830463	0.000000	
24.350000	-59.676174	-29.872566	0.000000	
24.400000	-59.642086	-29.914435	0.000000	
24.450000	-59.607857	-29.956152	0.000000	
24.500000	-59.573524	-29.997753	0.000000	
24.550000	-59.539104	-30.039258	0.000000	
24.600000	-59.504597	-30.080666	0.000000	
24.650000	-59.470009	-30.121984	0.000000	
24.700000	-59.435337	-30.163209	0.000000	
24.750000	-59.400583	-30.204340	0.000000	
24.800000	-59.365761	-30.245394	0.000000	
24.850000	-59.330859	-30.286355	0.000000	
24.900000	-59.295882	-30.327230	0.000000	
24.950000	-59.260857	-30.368049	0.000000	
25.000000	-59.225784	-30.408812	0.000000	
25.050000	-59.190672	-30.449531	0.000000	
25.100000	-59.155526	-30.490209	0.000000	
25.150000	-59.120358	-30.530863	0.000000	
25.200000	-59.085155	-30.571477	0.000000	
25.250000	-59.049940	-30.612077	0.000000	
25.300000	-59.014733	-30.652688	0.000000	
25.350000	-58.979546	-30.693326	0.000000	
25.400000	-58.944393	-30.734005	0.000000	
25.450000	-58.909267	-30.774718	0.000000	
25.500000	-58.874176	-30.815473	0.000000	
25.550000	-58.839127	-30.856280	0.000000	
25.600000	-58.804108	-30.897122	0.000000	
25.650000	-58.769108	-30.937988	0.000000	
25.700000	-58.734139	-30.978891	0.000000	
25.750000	-58.699216	-31.019851	0.000000	
25.800000	-58.664345	-31.060872	0.000000	
25.850000	-58.629498	-31.101925	0.000000	
25.900000	-58.594703	-31.143040	0.000000	
25.950000	-58.559971	-31.184231	0.000000	
26.000000	-58.525307	-31.225503	0.000000	
26.050000	-58.490720	-31.266865	0.000000	
26.100000	-58.456214	-31.308322	0.000000	
26.150000	-58.421786	-31.349871	0.000000	
26.200000	-58.387415	-31.391486	0.000000	
26.250000	-58.353108	-31.433180	0.000000	
26.300000	-58.318859	-31.474941	0.000000	
26.350000	-58.284656	-31.516757	0.000000	
26.400000	-58.250471	-31.558596	0.000000	
26.450000	-58.216280	-31.600429	0.000000	
26.500000	-58.182076	-31.642248	0.000000	
26.550000	-58.147849	-31.684042	0.000000	
26.600000	-58.113571	-31.725777	0.000000	
26.650000	-58.079259	-31.767474	0.000000	
26.700000	-58.044906	-31.809122	0.000000	
26.750000	-58.010501	-31.850711	0.000000	
26.800000	-57.976016	-31.892207	0.000000	
26.850000	-57.941480	-31.933642	0.000000	
26.900000	-57.906904	-31.975030	0.000000	
26.950000	-57.872280	-32.016364	0.000000	
27.000000	-57.837592	-32.057622	0.000000	
27.050000	-57.802816	-32.098777	0.000000	
27.100000	-57.767947	-32.139826	0.000000	
27.150000	-57.732964	-32.180741	0.000000	
27.200000	-57.697860	-32.221511	0.000000	
27.250000	-57.662637	-32.262136	0.000000	
27.300000	-57.627289	-32.302607	0.000000	
27.350000	-57.591811	-32.342918	0.000000	
27.400000	-57.556189	-32.383049	0.000000	
27.450000	-57.520452	-32.423035	0.000000	
27.500000	-57.484617	-32.462897	0.000000	
27.550000	-57.448716	-32.502675	0.000000	
27.600000	-57.412749	-32.542370	0.000000	
27.650000	-57.376725	-32.581993	0.000000	
27.700000	-57.340638	-32.621533	0.000000	
27.750000	-57.304481	-32.660982	0.000000	
27.800000	-57.268267	-32.700357	0.000000	
27.850000	-57.231998	-32.739658	0.000000	
27.900000	-57.195663	-32.778871	0.000000	
27.950000	-57.159262	-32.817998	0.000000	
28.000000	-57.122801	-32.857046	0.000000	
28.050000	-57.086282	-32.896016	0.000000	
28.100000	-57.049708	-32.934913	0.000000	
28.150000	-57.013074	-32.973728	0.000000	
28.200000	-56.976389	-33.012473	0.000000	
28.250000	-56.939677	-33.051181	0.000000	
28.300000	-56.902939	-33.089852	0.000000	
28.350000	-56.866180	-33.128491	0.000000	
28.400000	-56.829389	-33.167084	0.000000	
28.450000	-56.792576	-33.205643	0.000000	
28.500000	-56.755738	-33.244164	0.000000	
28.550000	-56.718861	-33.282630	0.000000	
28.600000	-56.681921	-33.321001	0.000000	
28.650000	-56.644920	-33.359284	0.000000	
28.700000	-56.607873	-33.397501	0.000000	
28.750000	-56.570771	-33.435638	0.000000	
28.800000	-56.533631	-33.473716	0.000000	
28.850000	-56.496443	-33.511726	0.000000	
28.900000	-56.459227	-33.549693	0.000000	
28.950000	-56.421972	-33.587600	0.000000	
29.000000	-56.384674	-33.625443	0.000000	
29.050000	-56.347312	-33.663192	0.000000	
29.100000	-56.309901	-33.700865	0.000000	
29.150000	-56.272455	-33.738487	0.000000	
29.200000	-56.234984	-33.776073	0.000000	
29.250000	-56.197498	-33.813633	0.000000	
29.300000	-56.159987	-33.851158	0.000000	
29.350000	-56.122461	-33.888659	0.000000	
29.400000	-56.084921	-33.926138	0.000000	
29.450000	-56.047387	-33.963627	0.000000	
29.500000	-56.009880	-34.001153	0.000000	
29.550000	-55.972382	-34.038693	0.000000	
29.600000	-55.934895	-34.076248	0.000000	
29.650000	-55.897436	-34.113844	0.000000	
29.700000	-55.860012	-34.151491	0.000000	
29.750000	-55.822623	-34.189188	0.000000	
29.800000	-55.785276	-34.226947	0.000000	
29.850000	-55.747956	-34.264745	0.000000	
29.900000	-55.710650	-34.302563	0.000000	
29.950000	-55.673354	-34.340396	0.000000	
30.000000	-55.636090	-34.378275	0.000000	
30.050000	-55.598870	-34.416220	0.000000	
30.100000	-55.561699	-34.454238	0.000000	
30.150000	-55.524562	-34.492305	0.000000	
30.200000	-55.487449	-34.530409	0.000000	
30.250000	-55.450367	-34.568556	0.000000	
30.300000	-55.413328	-34.606764	0.000000	
30.350000	-55.376339	-34.645042	0.000000	
30.400000	-55.339411	-34.683406	0.000000	
30.450000	-55.302529	-34.721836	0.000000	
30.500000	-55.265639	-34.760252	0.000000	
30.550000	-55.228639	-34.798490	0.000000	
30.600000	-55.191456	-34.836385	0.000000	
30.650000	-55.154033	-34.873759	0.000000	
30.700000	-55.116321	-34.910402	0.000000	
30.750000	-55.078287	-34.946071	0.000000	
30.800000	-55.039926	-34.980523	0.000000	
30.850000	-55.001275	-35.013580	0.000000	
30.900000	-54.962378	-35.045139	0.000000	
30.950000	-54.923290	-35.075075	0.000000	
31.000000	-54.884039	-35.103316	0.000000	
31.050000	-54.844649	-35.129767	0.000000	
31.100000	-54.805131	-35.154356	0.000000	
31.150000	-54.765505	-35.177077	0.000000	
31.200000	-54.725772	-35.197956	0.000000	
31.250000	-54.685929	-35.216988	0.000000	
31.300000	-54.645978	-35.234137	0.000000	
31.350000	-54.605898	-35.249387	0.000000	
31.400000	-54.565674	-35.262739	0.000000	
31.450000	-54.525282	-35.274203	0.000000	
31.500000	-54.484734	-35.283812	0.000000	
31.550000	-54.444070	-35.291645	0.000000	
31.600000	-54.403382	-35.297840	0.000000	
31.650000	-54.362740	-35.302593	0.000000	
31.700000	-54.322220	-35.306078	0.000000	
31.750000	-54.281877	-35.308471	0.000000	
31.800000	-54.241736	-35.309987	0.000000	
31.850000	-54.201791	-35.310852	0.000000	
31.900000	-54.162004	-35.311269	0.000000	
31.950000	-54.122353	-35.311345	0.000000	
32.000000	-54.082798	-35.311207	0.000000	
32.050000	-54.043313	-35.310927	0.000000	
32.100000	-54.003852	-35.310597	0.000000	
32.150000	-53.964393	-35.310262	0.000000	
32.200000	-53.924936	-35.309926	0.000000	
32.250000	-53.885500	-35.309551	0.000000	
32.300000	-53.846076	-35.309154	0.000000	
32.350000	-53.806652	-35.308757	0.000000	
32.400000	-53.767219	-35.308376	0.000000	
32.450000	-53.727783	-35.308002	0.000000	
32.500000	-53.688365	-35.307594	0.000000	
32.550000	-53.648965	-35.307153	0.000000	
32.600000	-53.609579	-35.306683	0.000000	
32.650000	-53.570212	-35.306176	0.000000	
32.700000	-53.530868	-35.305625	0.000000	
32.750000	-53.491536	-35.305052	0.000000	
32.800000	-53.452191	-35.304502	0.000000	
32.850000	-53.412832	-35.303981	0.000000	
32.900000	-53.373446	-35.303516	0.000000	
32.950000	-53.334034	-35.303105	0.000000	
33.000000	-53.294584	-35.302769	0.000000	
33.050000	-53.255082	-35.302542	0.000000	
33.100000	-53.215527	-35.302425	0.000000	
33.150000	-53.175920	-35.302415	0.000000	
33.200000	-53.136262	-35.302511	0.000000	
33.250000	-53.096539	-35.302741	0.000000	
33.300000	-53.056730	-35.303147	0.000000	
33.350000	-53.016855	-35.303690	0.000000	
33.400000	-52.976909	-35.304376	0.000000	
33.450000	-52.936896	-35.305208	0.000000	
33.500000	-52.896819	-35.306174	0.000000	
33.550000	-52.856666	-35.307302	0.000000	
33.600000	-52.816448	-35.308569	0.000000	
33.650000	-52.776166	-35.309974	0.000000	
33.700000	-52.735811	-35.311535	0.000000	
33.750000	-52.695384	-35.313255	0.000000	
33.800000	-52.654882	-35.315141	0.000000	
33.850000	-52.614317	-35.317170	0.000000	
33.900000	-52.573682	-35.319359	0.000000	
33.950000	-52.532990	-35.321681	0.000000	
34.000000	-52.492255	-35.324104	0.000000	
34.050000	-52.451483	-35.326611	0.000000	
34.100000	-52.410688	-35.329172	0.000000	
34.150000	-52.369865	-35.331800	0.000000	
34.200000	-52.329024	-35.334472	0.000000	
34.250000	-52.288158	-35.337203	0.000000	
34.300000	-52.247262	-35.340006	0.000000	
34.350000	-52.206354	-35.342839	0.000000	
34.400000	-52.165414	-35.345748	0.000000	
34.450000	-52.124441	-35.348740	0.000000	
34.500000	-52.083445	-35.351792	0.000000	
34.550000	-52.042416	-35.354924	0.000000	
34.600000	-52.001361	-35.358124	0.000000	
34.650000	-51.960279	-35.361392	0.000000	
34.700000	-51.919167	-35.364739	0.000000	
34.750000	-51.878018	-35.368185	0.000000	
34.800000	-51.836835	-35.371723	0.000000	
34.850000	-51.795623	-35.375342	0.000000	
34.900000	-51.754386	-35.379027	0.000000	
34.950000	-51.713133	-35.382758	0.000000	
35.000000	-51.671857	-35.386551	0.000000	
35.050000	-51.630547	-35.390440	0.000000	
35.100000	-51.589197	-35.394435	0.000000	
35.150000	-51.547797	-35.398567	0.000000	
35.200000	-51.506355	-35.402813	0.000000	
35.250000	-51.464861	-35.407204	0.000000	
35.300000	-51.423321	-35.411724	0.000000	
35.350000	-51.381749	-35.416329	0.000000	
35.400000	-51.340139	-35.421042	0.000000	
35.450000	-51.298490	-35.425860	0.000000	
35.500000	-51.256808	-35.430778	0.000000	
35.550000	-51.215096	-35.435780	0.000000	
35.600000	-51.173354	-35.440873	0.000000	
35.650000	-51.131582	-35.446053	0.000000	
35.700000	-51.089774	-35.451340	0.000000	
35.750000	-51.047946	-35.456686	0.000000	
35.800000	-51.006109	-35.462058	0.000000	
35.850000	-50.964270	-35.467434	0.000000	
35.900000	-50.922425	-35.472828	0.000000	
35.950000	-50.880569	-35.478254	0.000000	
36.000000	-50.838696	-35.483732	0.000000	
36.050000	-50.796816	-35.489229	0.000000	
36.100000	-50.754966	-35.494642	0.000000	
36.150000	-50.713202	-35.499842	0.000000	
36.200000	-50.671612	-35.504660	0.000000	
36.250000	-50.630315	-35.508926	0.000000	
36.300000	-50.589438	-35.512479	0.000000	
36.350000	-50.549102	-35.515216	0.000000	
36.400000	-50.509445	-35.517044	0.000000	
36.450000	-50.470624	-35.517861	0.000000	
36.500000	-50.432757	-35.517595	0.000000	
36.550000	-50.395939	-35.516198	0.000000	
36.600000	-50.360266	-35.513647	0.000000	
36.650000	-50.325805	-35.509900	0.000000	
36.700000	-50.292595	-35.504955	0.000000	
36.750000	-50.260649	-35.498799	0.000000	
36.800000	-50.229980	-35.491449	0.000000	
36.850000	-50.200573	-35.482920	0.000000	
36.900000	-50.172435	-35.473219	0.000000	
36.950000	-50.145569	-35.462334	0.000000	
37.000000	-50.119975	-35.450267	0.000000	
37.050000	-50.095638	-35.437011	0.000000	
37.100000	-50.072544	-35.422586	0.000000	
37.150000	-50.050657	-35.407079	0.000000	
37.200000	-50.029902	-35.390628	0.000000	
37.250000	-50.010171	-35.373388	0.000000	
37.300000	-49.991360	-35.355530	0.000000	
37.350000	-49.973333	-35.337197	0.000000	
37.400000	-49.955944	-35.318514	0.000000	
37.450000	-49.939031	-35.299597	0.000000	
37.500000	-49.922426	-35.280547	0.000000	
37.550000	-49.906035	-35.261414	0.000000	
37.600000	-49.889759	-35.242241	0.000000	
37.650000	-49.873487	-35.223066	0.000000	
37.700000	-49.857149	-35.203913	0.000000	
37.750000	-49.840691	-35.184795	0.000000	
37.800000	-49.824111	-35.165715	0.000000	
37.850000	-49.807385	-35.146677	0.000000	
37.900000	-49.790536	-35.127674	0.000000	
37.950000	-49.773541	-35.108715	0.000000	
38.000000	-49.756403	-35.089797	0.000000	
38.050000	-49.739123	-35.070921	0.000000	
38.100000	-49.721714	-35.052084	0.000000	
38.150000	-49.704157	-35.033292	0.000000	
38.200000	-49.686462	-35.014543	0.000000	
38.250000	-49.668671	-34.995824	0.000000	
38.300000	-49.650821	-34.977124	0.000000	
38.350000	-49.632912	-34.958442	0.000000	
38.400000	-49.614967	-34.939770	0.000000	
38.450000	-49.597020	-34.921100	0.000000	
38.500000	-49.579110	-34.902418	0.000000	
38.550000	-49.561244	-34.883723	0.000000	
38.600000	-49.543419	-34.865015	0.000000	
38.650000	-49.525640	-34.846294	0.000000	
38.700000	-49.507905	-34.827559	0.000000	
38.750000	-49.490224	-34.808807	0.000000	
38.800000	-49.472608	-34.790034	0.000000	
38.850000	-49.455032	-34.771248	0.000000	
38.900000	-49.437481	-34.752454	0.000000	
38.950000	-49.419957	-34.733652	0.000000	
39.000000	-49.402485	-34.714833	0.000000	
39.050000	-49.385044	-34.696004	0.000000	
39.100000	-49.367615	-34.677171	0.000000	
39.150000	-49.350209	-34.658331	0.000000	
39.200000	-49.332836	-34.639479	0.000000	
39.250000	-49.315491	-34.620618	0.000000	
39.300000	-49.298152	-34.601755	0.000000	
39.350000	-49.280786	-34.582901	0.000000	
39.400000	-49.263378	-34.564061	0.000000	
39.450000	-49.245935	-34.545233	0.000000	
39.500000	-49.228436	-34.526423	0.000000	
39.550000	-49.210875	-34.507633	0.000000	
39.600000	-49.193244	-34.488866	0.000000	
39.650000	-49.175528	-34.470126	0.000000	
39.700000	-49.157730	-34.451411	0.000000	
39.750000	-49.139879	-34.432714	0.000000	
39.800000	-49.121978	-34.414033	0.000000	
39.850000	-49.104032	-34.395366	0.000000	
39.900000	-49.086079	-34.376701	0.000000	
39.950000	-49.068121	-34.358038	0.000000	
40.000000	-49.050126	-34.339386	0.000000	
40.050000	-49.032110	-34.320741	0.000000	
40.100000	-49.014097	-34.302096	0.000000	
40.150000	-48.996081	-34.283451	0.000000	
40.200000	-48.978064	-34.264807	0.000000	
40.250000	-48.960071	-34.246155	0.000000	
40.300000	-48.942128	-34.227487	0.000000	
40.350000	-48.924215	-34.208809	0.000000	
40.400000	-48.906328	-34.190123	0.000000	
40.450000	-48.888450	-34.171434	0.000000	
40.500000	-48.870564	-34.152748	0.000000	
40.550000	-48.852658	-34.134069	0.000000	
40.600000	-48.834709	-34.115405	0.000000	
40.650000	-48.816711	-34.096760	0.000000	
40.700000	-48.798647	-34.078139	0.000000	
40.750000	-48.780516	-34.059542	0.000000	
40.800000	-48.762316	-34.040971	0.000000	
40.850000	-48.744048	-34.022424	0.000000	
40.900000	-48.725716	-34.003900	0.000000	
40.950000	-48.707299	-33.985405	0.000000	
41.000000	-48.688792	-33.966942	0.000000	
41.050000	-48.670216	-33.948505	0.000000	
41.100000	-48.651528	-33.930108	0.000000	
41.150000	-48.632733	-33.911749	0.000000	
41.200000	-48.613867	-33.893415	0.000000	
41.250000	-48.594931	-33.875106	0.000000	
41.300000	-48.575938	-33.856817	0.000000	
41.350000	-48.556943	-33.838529	0.000000	
41.400000	-48.538071	-33.820207	0.000000	
41.450000	-48.519483	-33.801816	0.000000	
41.500000	-48.501360	-33.783331	0.000000	
41.550000	-48.483905	-33.764751	0.000000	
41.600000	-48.467310	-33.746086	0.000000	
41.650000	-48.451745	-33.727361	0.000000	
41.700000	-48.437366	-33.708611	0.000000	
41.750000	-48.424316	-33.689872	0.000000	
41.800000	-48.412678	-33.671186	0.000000	
41.850000	-48.402496	-33.652585	0.000000	
41.900000	-48.393785	-33.634081	0.000000	
41.950000	-48.386561	-33.615692	0.000000	
42.000000	-48.380833	-33.597419	0.000000	
42.050000	-48.376626	-33.579257	0.000000	
42.100000	-48.373956	-33.561221	0.000000	
42.150000	-48.372859	-33.543311	0.000000	
42.200000	-48.373324	-33.525536	0.000000	
42.250000	-48.375354	-33.507910	0.000000	
42.300000	-48.378956	-33.490441	0.000000	
42.350000	-48.384082	-33.473124	0.000000	
42.400000	-48.390653	-33.455987	0.000000	
42.450000	-48.398551	-33.439049	0.000000	
42.500000	-48.407618	-33.422328	0.000000	
42.550000	-48.417708	-33.405849	0.000000	
42.600000	-48.428599	-33.389603	0.000000	
42.650000	-48.440123	-33.373578	0.000000	
42.700000	-48.452106	-33.357732	0.000000	
42.750000	-48.464420	-33.342034	0.000000	
42.800000	-48.476938	-33.326435	0.000000	
42.850000	-48.489572	-33.310896	0.000000	
42.900000	-48.502254	-33.295384	0.000000	
42.950000	-48.514957	-33.279883	0.000000	
43.000000	-48.527634	-33.264369	0.000000	
43.050000	-48.540282	-33.248838	0.000000	
43.100000	-48.552885	-33.233282	0.000000	
43.150000	-48.565402	-33.217681	0.000000	
43.200000	-48.577823	-33.202025	0.000000	
43.250000	-48.590147	-33.186316	0.000000	
43.300000	-48.602354	-33.170541	0.000000	
43.350000	-48.614431	-33.154692	0.000000	
43.400000	-48.626395	-33.138780	0.000000	
43.450000	-48.638267	-33.122818	0.000000	
43.500000	-48.650045	-33.106803	0.000000	
43.550000	-48.661734	-33.090740	0.000000	
43.600000	-48.673315	-33.074618	0.000000	
43.650000	-48.684798	-33.058445	0.000000	
43.700000	-48.696200	-33.042228	0.000000	
43.750000	-48.707542	-33.025979	0.000000	
43.800000	-48.718813	-33.009691	0.000000	
43.850000	-48.729997	-32.993356	0.000000	
43.900000	-48.741095	-32.976976	0.000000	
43.950000	-48.752123	-32.960559	0.000000	
44.000000	-48.763077	-32.944104	0.000000	
44.050000	-48.773981	-32.927622	0.000000	
44.100000	-48.784830	-32.911112	0.000000	
44.150000	-48.795620	-32.894573	0.000000	
44.200000	-48.806355	-32.878007	0.000000	
44.250000	-48.817008	-32.861401	0.000000	
44.300000	-48.827580	-32.844756	0.000000	
44.350000	-48.838065	-32.828068	0.000000	
44.400000	-48.848486	-32.811349	0.000000	
44.450000	-48.858852	-32.794604	0.000000	
44.500000	-48.869135	-32.777817	0.000000	
44.550000	-48.879372	-32.761008	0.000000	
44.600000	-48.889566	-32.744177	0.000000	
44.650000	-48.899731	-32.727333	0.000000	
44.700000	-48.909885	-32.710483	0.000000	
44.750000	-48.920012	-32.693619	0.000000	
44.800000	-48.930109	-32.676740	0.000000	
44.850000	-48.940183	-32.659850	0.000000	
44.900000	-48.950271	-32.642967	0.000000	
44.950000	-48.960350	-32.626078	0.000000	
45.000000	-48.970423	-32.609187	0.000000	
45.050000	-48.980518	-32.592306	0.000000	
45.100000	-48.990631	-32.575435	0.000000	
45.150000	-49.000786	-32.558584	0.000000	
45.200000	-49.011007	-32.541767	0.000000	
45.250000	-49.021315	-32.524994	0.000000	
45.300000	-49.031729	-32.508272	0.000000	
45.350000	-49.042262	-32.491610	0.000000	
45.400000	-49.052941	-32.475022	0.000000	
45.450000	-49.063753	-32.458501	0.000000	
45.500000	-49.074706	-32.442054	0.000000	
45.550000	-49.085826	-32.425695	0.000000	
45.600000	-49.097089	-32.409412	0.000000	
45.650000	-49.108486	-32.393198	0.000000	
45.700000	-49.120023	-32.377059	0.000000	
45.750000	-49.131700	-32.360994	0.000000	
45.800000	-49.143523	-32.345010	0.000000	
45.850000	-49.155493	-32.329105	0.000000	
45.900000	-49.167613	-32.313284	0.000000	
45.950000	-49.179870	-32.297539	0.000000	
46.000000	-49.192285	-32.281882	0.000000	
46.050000	-49.204855	-32.266312	0.000000	
46.100000	-49.217554	-32.250813	0.000000	
46.150000	-49.230389	-32.235391	0.000000	
46.200000	-49.243331	-32.220030	0.000000	
46.250000	-49.256348	-32.204711	0.000000	
46.300000	-49.269469	-32.189452	0.000000	
46.350000	-49.282750	-32.174289	0.000000	
46.400000	-49.296229	-32.159253	0.000000	
46.450000	-49.309975	-32.144399	0.000000	
46.500000	-49.324072	-32.129805	0.000000	
46.550000	-49.338598	-32.115557	0.000000	
46.600000	-49.353627	-32.101755	0.000000	
46.650000	-49.369240	-32.088511	0.000000	
46.700000	-49.385512	-32.075927	0.000000	
46.750000	-49.402466	-32.064064	0.000000	
46.800000	-49.420139	-32.053006	0.000000	
46.850000	-49.438530	-32.042784	0.000000	
46.900000	-49.457661	-32.033446	0.000000	
46.950000	-49.477517	-32.024982	0.000000	
47.000000	-49.498098	-32.017394	0.000000	
47.050000	-49.519406	-32.010687	0.000000	
47.100000	-49.541443	-32.004876	0.000000	
47.150000	-49.564217	-31.999956	0.000000	
47.200000	-49.587725	-31.995942	0.000000	
47.250000	-49.611979	-31.992846	0.000000	
47.300000	-49.637003	-31.990684	0.000000	
47.350000	-49.662758	-31.989418	0.000000	
47.400000	-49.689189	-31.989014	0.000000	
47.450000	-49.716243	-31.989442	0.000000	
47.500000	-49.743848	-31.990663	0.000000	
47.550000	-49.771917	-31.992610	0.000000	
47.600000	-49.800366	-31.995211	0.000000	
47.650000	-49.829099	-31.998345	0.000000	
47.700000	-49.858031	-32.001884	0.000000	
47.750000	-49.887110	-32.005748	0.000000	
47.800000	-49.916307	-32.009889	0.000000	
47.850000	-49.945585	-32.014244	0.000000	
47.900000	-49.974921	-32.018753	0.000000	
47.950000	-50.004297	-32.023368	0.000000	
48.000000	-50.033719	-32.028110	0.000000	
48.050000	-50.063179	-32.032956	0.000000	
48.100000	-50.092680	-32.037917	0.000000	
48.150000	-50.122217	-32.042976	0.000000	
48.200000	-50.151791	-32.048139	0.000000	
48.250000	-50.181394	-32.053379	0.000000	
48.300000	-50.211020	-32.058684	0.000000	
48.350000	-50.240666	-32.064042	0.000000	
48.400000	-50.270336	-32.069464	0.000000	
48.450000	-50.300034	-32.074963	0.000000	
48.500000	-50.329759	-32.080533	0.000000	
48.550000	-50.359495	-32.086135	0.000000	
48.600000	-50.389232	-32.091731	0.000000	
48.650000	-50.418954	-32.097279	0.000000	
48.700000	-50.448668	-32.102798	0.000000	
48.750000	-50.478386	-32.108322	0.000000	
48.800000	-50.508097	-32.113824	0.000000	
48.850000	-50.537792	-32.119272	0.000000	
48.900000	-50.567461	-32.124637	0.000000	
48.950000	-50.597116	-32.129952	0.000000	
49.000000	-50.626750	-32.135203	0.000000	
49.050000	-50.656351	-32.140350	0.000000	
49.100000	-50.685936	-32.145443	0.000000	
49.150000	-50.715504	-32.150481	0.000000	
49.200000	-50.745057	-32.155467	0.000000	
49.250000	-50.774594	-32.160396	0.000000	
49.300000	-50.804116	-32.165278	0.000000	
49.350000	-50.833628	-32.170127	0.000000	
49.400000	-50.863136	-32.174954	0.000000	
49.450000	-50.892648	-32.179791	0.000000	
49.500000	-50.922157	-32.184615	0.000000	
49.550000	-50.951667	-32.189439	0.000000	
49.600000	-50.981184	-32.194279	0.000000	
49.650000	-51.010708	-32.199137	0.000000	
49.700000	-51.040250	-32.204040	0.000000	
49.750000	-51.069811	-32.208999	0.000000	
49.800000	-51.099381	-32.213982	0.000000	
49.850000	-51.128970	-32.219016	0.000000	
49.900000	-51.158580	-32.224110	0.000000	
49.950000	-51.188211	-32.229264	0.000000	
50.000000	-51.217857	-32.234457	0.000000	
50.050000	-51.247521	-32.239697	0.000000	
50.100000	-51.277216	-32.245024	0.000000	
50.150000	-51.306932	-32.250413	0.000000	
50.200000	-51.336665	-32.255846	0.000000	
50.250000	-51.366411	-32.261312	0.000000	
50.300000	-51.396178	-32.266839	0.000000	
50.350000	-51.425970	-32.272440	0.000000	
50.400000	-51.455787	-32.278112	0.000000	
50.450000	-51.485619	-32.283828	0.000000	
50.500000	-51.515458	-32.289559	0.000000	
50.550000	-51.545304	-32.295304	0.000000	
50.600000	-51.575145	-32.301033	0.000000	
50.650000	-51.604983	-32.306746	0.000000	
50.700000	-51.634827	-32.312475	0.000000	
50.750000	-51.664672	-32.318200	0.000000	
50.800000	-51.694507	-32.323891	0.000000	
50.850000	-51.724343	-32.329583	0.000000	
50.900000	-51.754191	-32.335306	0.000000	
50.950000	-51.784067	-32.341126	0.000000	
51.000000	-51.813996	-32.347143	0.000000	
51.050000	-51.843996	-32.353469	0.000000	
51.100000	-51.874082	-32.360226	0.000000	
51.150000	-51.904250	-32.367499	0.000000	
51.200000	-51.934498	-32.375432	0.000000	
51.250000	-51.964811	-32.384142	0.000000	
51.300000	-51.995173	-32.393753	0.000000	
51.350000	-52.025560	-32.404329	0.000000	
51.400000	-52.055954	-32.415904	0.000000	
51.450000	-52.086335	-32.428536	0.000000	
51.500000	-52.116689	-32.442303	0.000000	
51.550000	-52.147011	-32.457235	0.000000	
51.600000	-52.177301	-32.473347	0.000000	
51.650000	-52.207563	-32.490651	0.000000	
51.700000	-52.237792	-32.509154	0.000000	
51.750000	-52.267983	-32.528857	0.000000	
51.800000	-52.298137	-32.549778	0.000000	
51.850000	-52.328249	-32.571945	0.000000	
51.900000	-52.358311	-32.595343	0.000000	
51.950000	-52.388302	-32.619955	0.000000	
52.000000	-52.418192	-32.645736	0.000000	
52.050000	-52.447960	-32.672595	0.000000	
52.100000	-52.477578	-32.700450	0.000000	
52.150000	-52.507023	-32.729207	0.000000	
52.200000	-52.536292	-32.758760	0.000000	
52.250000	-52.565398	-32.788945	0.000000	
52.300000	-52.594343	-32.819667	0.000000	
52.350000	-52.623148	-32.850806	0.000000	
52.400000	-52.651820	-32.882307	0.000000	
52.450000	-52.680371	-32.914120	0.000000	
52.500000	-52.708826	-32.946172	0.000000	
52.550000	-52.737201	-32.978416	0.000000	
52.600000	-52.765500	-33.010836	0.000000	
52.650000	-52.793720	-33.043438	0.000000	
52.700000	-52.821857	-33.076226	0.000000	
52.750000	-52.849910	-33.109203	0.000000	
52.800000	-52.877874	-33.142374	0.000000	
52.850000	-52.905751	-33.175733	0.000000	
52.900000	-52.933547	-33.209268	0.000000	
52.950000	-52.961255	-33.242988	0.000000	
53.000000	-52.988875	-33.276886	0.000000	
53.050000	-53.016407	-33.310960	0.000000	
53.100000	-53.043863	-33.345188	0.000000	
53.150000	-53.071253	-33.379546	0.000000	
53.200000	-53.098592	-33.414007	0.000000	
53.250000	-53.125887	-33.448556	0.000000	
53.300000	-53.153129	-33.483214	0.000000	
53.350000	-53.180324	-33.517967	0.000000	
53.400000	-53.207483	-33.552792	0.000000	
53.450000	-53.234626	-33.587655	0.000000	
53.500000	-53.261741	-33.622574	0.000000	
53.550000	-53.288819	-33.657566	0.000000	
53.600000	-53.315863	-33.692626	0.000000	
53.650000	-53.342881	-33.727741	0.000000	
53.700000	-53.369867	-33.762918	0.000000	
53.750000	-53.396814	-33.798171	0.000000	
53.800000	-53.423715	-33.833509	0.000000	
53.850000	-53.450580	-33.868915	0.000000	
53.900000	-53.477419	-33.904371	0.000000	
53.950000	-53.504241	-33.939862	0.000000	
54.000000	-53.531059	-33.975365	0.000000	
54.050000	-53.557871	-34.010882	0.000000	
54.100000	-53.584702	-34.046370	0.000000	
54.150000	-53.611537	-34.081854	0.000000	
54.200000	-53.638372	-34.117344	0.000000	
54.250000	-53.665192	-34.152862	0.000000	
54.300000	-53.692003	-34.188401	0.000000	
54.350000	-53.718803	-34.223964	0.000000	
54.400000	-53.745587	-34.259560	0.000000	
54.450000	-53.772338	-34.295219	0.000000	
54.500000	-53.799053	-34.330946	0.000000	
54.550000	-53.825731	-34.366745	0.000000	
54.600000	-53.852369	-34.402613	0.000000	
54.650000	-53.878964	-34.438560	0.000000	
54.700000	-53.905514	-34.474590	0.000000	
54.750000	-53.932039	-34.510665	0.000000	
54.800000	-53.958548	-34.546772	0.000000	
54.850000	-53.985060	-34.582878	0.000000	
54.900000	-54.011585	-34.618966	0.000000	
54.950000	-54.038102	-34.655072	0.000000	
55.000000	-54.064601	-34.691211	0.000000	
55.050000	-54.091091	-34.727372	0.000000	
55.100000	-54.117573	-34.763552	0.000000	
55.150000	-54.144036	-34.799768	0.000000	
55.200000	-54.170479	-34.836022	0.000000	
55.250000	-54.196914	-34.872295	0.000000	
55.300000	-54.223363	-34.908548	0.000000	
55.350000	-54.249816	-34.944797	0.000000	
55.400000	-54.276271	-34.981049	0.000000	
55.450000	-54.302747	-35.017267	0.000000	
55.500000	-54.329242	-35.053458	0.000000	
55.550000	-54.355747	-35.089634	0.000000	
55.600000	-54.382281	-35.125764	0.000000	
55.650000	-54.408842	-35.161854	0.000000	
55.700000	-54.435447	-35.197873	0.000000	
55.750000	-54.462104	-35.233804	0.000000	
55.800000	-54.488797	-35.269678	0.000000	
55.850000	-54.515517	-35.305507	0.000000	
55.900000	-54.542264	-35.341295	0.000000	
55.950000	-54.569031	-35.377050	0.000000	
56.000000	-54.595827	-35.412756	0.000000	
56.050000	-54.622660	-35.448403	0.000000	
56.100000	-54.649507	-35.484027	0.000000	
56.150000	-54.676383	-35.519604	0.000000	
56.200000	-54.703279	-35.555149	0.000000	
56.250000	-54.730197	-35.590659	0.000000	
56.300000	-54.757141	-35.626125	0.000000	
56.350000	-54.784098	-35.661571	0.000000	
56.400000	-54.811060	-35.697011	0.000000	
56.450000	-54.838034	-35.732434	0.000000	
56.500000	-54.865012	-35.767852	0.000000	
56.550000	-54.891994	-35.803265	0.000000	
56.600000	-54.918971	-35.838692	0.000000	
56.650000	-54.945912	-35.874184	0.000000	
56.700000	-54.972777	-35.909796	0.000000	
56.750000	-54.999480	-35.945654	0.000000	
56.800000	-55.025907	-35.981893	0.000000	
56.850000	-55.051955	-36.018606	0.000000	
56.900000	-55.077513	-36.055872	0.000000	
56.950000	-55.102443	-36.093790	0.000000	
57.000000	-55.126622	-36.132435	0.000000	
57.050000	-55.149937	-36.171860	0.000000	
57.100000	-55.172268	-36.212113	0.000000	
57.150000	-55.193536	-36.253205	0.000000	
57.200000	-55.213662	-36.295165	0.000000	
57.250000	-55.232604	-36.337997	0.000000	
57.300000	-55.250343	-36.381696	0.000000	
57.350000	-55.266877	-36.426284	0.000000	
57.400000	-55.282220	-36.471752	0.000000	
57.450000	-55.296364	-36.518098	0.000000	
57.500000	-55.309306	-36.565320	0.000000	
57.550000	-55.321040	-36.613428	0.000000	
57.600000	-55.331579	-36.662409	0.000000	
57.650000	-55.340948	-36.712233	0.000000	
57.700000	-55.349181	-36.762859	0.000000	
57.750000	-55.356336	-36.814214	0.000000	
57.800000	-55.362471	-36.866199	0.000000	
57.850000	-55.367677	-36.918699	0.000000	
57.900000	-55.372043	-36.971613	0.000000	
57.950000	-55.375707	-37.024840	0.000000	
58.000000	-55.378806	-37.078291	0.000000	
58.050000	-55.381434	-37.131904	0.000000	
58.100000	-55.383680	-37.185632	0.000000	
58.150000	-55.385664	-37.239429	0.000000	
58.200000	-55.387483	-37.293266	0.000000	
58.250000	-55.389232	-37.347120	0.000000	
58.300000	-55.390970	-37.400977	0.000000	
58.350000	-55.392696	-37.454839	0.000000	
58.400000	-55.394383	-37.508709	0.000000	
58.450000	-55.396002	-37.562594	0.000000	
58.500000	-55.397561	-37.616490	0.000000	
58.550000	-55.399068	-37.670398	0.000000	
58.600000	-55.400551	-37.724312	0.000000	
58.650000	-55.402023	-37.778228	0.000000	
58.700000	-55.403475	-37.832151	0.000000	
58.750000	-55.404887	-37.886082	0.000000	
58.800000	-55.406225	-37.940030	0.000000	
58.850000	-55.407514	-37.993988	0.000000	
58.900000	-55.408762	-38.047955	0.000000	
58.950000	-55.410002	-38.101925	0.000000	
59.000000	-55.411195	-38.155905	0.000000	
59.050000	-55.412348	-38.209893	0.000000	
59.100000	-55.413508	-38.263882	0.000000	
59.150000	-55.414683	-38.317869	0.000000	
59.200000	-55.415873	-38.371855	0.000000	
59.250000	-55.417074	-38.425840	0.000000	
59.300000	-55.418243	-38.479832	0.000000	
59.350000	-55.419346	-38.533837	0.000000	
59.400000	-55.420399	-38.587853	0.000000	
59.450000	-55.421395	-38.641878	0.000000	
59.500000	-55.422336	-38.695913	0.000000	
59.550000	-55.423216	-38.749958	0.000000	
59.600000	-55.424029	-38.804014	0.000000	
59.650000	-55.424770	-38.858082	0.000000	
59.700000	-55.425407	-38.912169	0.000000	
59.750000	-55.425956	-38.966272	0.000000	
59.800000	-55.426408	-39.020391	0.000000	
59.850000	-55.426767	-39.074525	0.000000	
59.900000	-55.427031	-39.128674	0.000000	
59.950000	-55.427229	-39.182835	0.000000	
60.000000	-55.427325	-39.237012	0.000000	
60.050000	-55.427317	-39.291205	0.000000	
60.100000	-55.427215	-39.345414	0.000000	
60.150000	-55.426999	-39.399641	0.000000	
60.200000	-55.426661	-39.453887	0.000000	
60.250000	-55.426175	-39.508155	0.000000	
60.300000	-55.425534	-39.562445	0.000000	
60.350000	-55.424762	-39.616754	0.000000	
60.400000	-55.423859	-39.671080	0.000000	
60.450000	-55.422812	-39.725423	0.000000	
60.500000	-55.421665	-39.779778	0.000000	
60.550000	-55.420433	-39.834142	0.000000	
60.600000	-55.419138	-39.888514	0.000000	
60.650000	-55.417758	-39.942896	0.000000	
60.700000	-55.416281	-39.997288	0.000000	
60.750000	-55.414703	-40.051692	0.000000	
60.800000	-55.413024	-40.106108	0.000000	
60.850000	-55.411284	-40.160532	0.000000	
60.900000	-55.409514	-40.214959	0.000000	
60.950000	-55.407731	-40.269389	0.000000	
61.000000	-55.405904	-40.323824	0.000000	
61.050000	-55.404035	-40.378265	0.000000	
61.100000	-55.402159	-40.432707	0.000000	
61.150000	-55.400283	-40.487149	0.000000	
61.200000	-55.398397	-40.541593	0.000000	
61.250000	-55.396510	-40.596038	0.000000	
61.300000	-55.394628	-40.650482	0.000000	
61.350000	-55.392747	-40.704927	0.000000	
61.400000	-55.390836	-40.759375	0.000000	
61.450000	-55.388897	-40.813825	0.000000	
61.500000	-55.386954	-40.868276	0.000000	
61.550000	-55.384967	-40.922730	0.000000	
61.600000	-55.382941	-40.977188	0.000000	
61.650000	-55.380844	-41.031650	0.000000	
61.700000	-55.378697	-41.086117	0.000000	
61.750000	-55.376470	-41.140588	0.000000	
61.800000	-55.374174	-41.195064	0.000000	
61.850000	-55.371788	-41.249546	0.000000	
61.900000	-55.369315	-41.304034	0.000000	
61.950000	-55.366733	-41.358530	0.000000	
62.000000	-55.364022	-41.413037	0.000000	
62.050000	-55.361175	-41.467554	0.000000	
62.100000	-55.358221	-41.522078	0.000000	
62.150000	-55.355119	-41.576613	0.000000	
62.200000	-55.351873	-41.631159	0.000000	
62.250000	-55.348463	-41.685718	0.000000	
62.300000	-55.344924	-41.740287	0.000000	
62.350000	-55.341299	-41.794862	0.000000	
62.400000	-55.337610	-41.849442	0.000000	
62.450000	-55.333907	-41.904024	0.000000	
62.500000	-55.330194	-41.958606	0.000000	
62.550000	-55.326466	-42.013190	0.000000	
62.600000	-55.322746	-42.067773	0.000000	
62.650000	-55.319004	-42.122357	0.000000	
62.700000	-55.315260	-42.176942	0.000000	
62.750000	-55.311471	-42.231529	0.000000	
62.800000	-55.307609	-42.286117	0.000000	
62.850000	-55.303588	-42.340704	0.000000	
62.900000	-55.299314	-42.395282	0.000000	
62.950000	-55.294622	-42.449831	0.000000	
63.000000	-55.289374	-42.504318	0.000000	
63.050000	-55.283439	-42.558699	0.000000	
63.100000	-55.276690	-42.612917	0.000000	
63.150000	-55.269020	-42.666922	0.000000	
63.200000	-55.260354	-42.720654	0.000000	
63.250000	-55.250573	-42.774051	0.000000	
63.300000	-55.239635	-42.827064	0.000000	
63.350000	-55.227495	-42.879672	0.000000	
63.400000	-55.214079	-42.931836	0.000000	
63.450000	-55.199373	-42.983556	0.000000	
63.500000	-55.183355	-43.034836	0.000000	
63.550000	-55.166060	-43.085688	0.000000	
63.600000	-55.147477	-43.136105	0.000000	
63.650000	-55.127605	-43.186088	0.000000	
63.700000	-55.106487	-43.235650	0.000000	
63.750000	-55.084128	-43.284798	0.000000	
63.800000	-55.060584	-43.333537	0.000000	
63.850000	-55.035902	-43.381866	0.000000	
63.900000	-55.010166	-43.429781	0.000000	
63.950000	-54.983455	-43.477274	0.000000	
64.000000	-54.955912	-43.524366	0.000000	
64.050000	-54.927688	-43.571097	0.000000	
64.100000	-54.898936	-43.617526	0.000000	
64.150000	-54.869775	-43.663694	0.000000	
64.200000	-54.840288	-43.709636	0.000000	
64.250000	-54.810592	-43.755424	0.000000	
64.300000	-54.780787	-43.801127	0.000000	
64.350000	-54.750918	-43.846776	0.000000	
64.400000	-54.721019	-43.892401	0.000000	
64.450000	-54.691158	-43.938057	0.000000	
64.500000	-54.661332	-43.983744	0.000000	
64.550000	-54.631547	-44.029466	0.000000	
64.600000	-54.601772	-44.075196	0.000000	
64.650000	-54.572004	-44.120932	0.000000	
64.700000	-54.542265	-44.166693	0.000000	
64.750000	-54.512525	-44.212452	0.000000	
64.800000	-54.482762	-44.258194	0.000000	
64.850000	-54.452981	-44.303919	0.000000	
64.900000	-54.423197	-44.349643	0.000000	
64.950000	-54.393415	-44.395368	0.000000	
65.000000	-54.363663	-44.441118	0.000000	
65.050000	-54.333940	-44.486894	0.000000	
65.100000	-54.304236	-44.532685	0.000000	
65.150000	-54.274520	-44.578466	0.000000	
65.200000	-54.244807	-44.624250	0.000000	
65.250000	-54.215132	-44.670067	0.000000	
65.300000	-54.185477	-44.715900	0.000000	
65.350000	-54.155848	-44.761755	0.000000	
65.400000	-54.126258	-44.807643	0.000000	
65.450000	-54.096701	-44.853559	0.000000	
65.500000	-54.067176	-44.899501	0.000000	
65.550000	-54.037692	-44.945476	0.000000	
65.600000	-54.008238	-44.991476	0.000000	
65.650000	-53.978844	-45.037524	0.000000	
65.700000	-53.949507	-45.083620	0.000000	
65.750000	-53.920198	-45.129738	0.000000	
65.800000	-53.890940	-45.175897	0.000000	
65.850000	-53.861739	-45.222104	0.000000	
65.900000	-53.832572	-45.268339	0.000000	
65.950000	-53.803407	-45.314575	0.000000	
66.000000	-53.774235	-45.360805	0.000000	
66.050000	-53.745051	-45.407025	0.000000	
66.100000	-53.715849	-45.453229	0.000000	
66.150000	-53.686625	-45.499415	0.000000	
66.200000	-53.657390	-45.545592	0.000000	
66.250000	-53.628152	-45.591765	0.000000	
66.300000	-53.598898	-45.637925	0.000000	
66.350000	-53.569619	-45.684062	0.000000	
66.400000	-53.540289	-45.730158	0.000000	
66.450000	-53.510913	-45.776212	0.000000	
66.500000	-53.481487	-45.822226	0.000000	
66.550000	-53.451998	-45.868185	0.000000	
66.600000	-53.422428	-45.914078	0.000000	
66.650000	-53.392791	-45.959915	0.000000	
66.700000	-53.363067	-46.005679	0.000000	
66.750000	-53.333282	-46.051393	0.000000	
66.800000	-53.303432	-46.097052	0.000000	
66.850000	-53.273511	-46.142651	0.000000	
66.900000	-53.243530	-46.188202	0.000000	
66.950000	-53.213521	-46.233729	0.000000	
67.000000	-53.183503	-46.279248	0.000000	
67.050000	-53.153476	-46.324759	0.000000	
67.100000	-53.123387	-46.370216	0.000000	
67.150000	-53.093163	-46.415545	0.000000	
67.200000	-53.062742	-46.460678	0.000000	
67.250000	-53.032062	-46.505536	0.000000	
67.300000	-53.001043	-46.550007	0.000000	
67.350000	-52.969616	-46.593983	0.000000	
67.400000	-52.937731	-46.637349	0.000000	
67.450000	-52.905365	-46.680037	0.000000	
67.500000	-52.872495	-46.721975	0.000000	
67.550000	-52.839095	-46.763086	0.000000	
67.600000	-52.805142	-46.803297	0.000000	
67.650000	-52.770640	-46.842591	0.000000	
67.700000	-52.735573	-46.880939	0.000000	
67.750000	-52.699954	-46.918364	0.000000	
67.800000	-52.663767	-46.954859	0.000000	
67.850000	-52.627028	-46.990435	0.000000	
67.900000	-52.589726	-47.025066	0.000000	
67.950000	-52.551847	-47.058724	0.000000	
68.000000	-52.513385	-47.091421	0.000000	
68.050000	-52.474326	-47.123132	0.000000	
68.100000	-52.434681	-47.153853	0.000000	
68.150000	-52.394500	-47.183625	0.000000	
68.200000	-52.353862	-47.212537	0.000000	
68.250000	-52.312833	-47.240652	0.000000	
68.300000	-52.271476	-47.268038	0.000000	
68.350000	-52.229867	-47.294805	0.000000	
68.400000	-52.188065	-47.321035	0.000000	
68.450000	-52.146135	-47.346867	0.000000	
68.500000	-52.104107	-47.372355	0.000000	
68.550000	-52.062005	-47.397558	0.000000	
68.600000	-52.019851	-47.422531	0.000000	
68.650000	-51.977666	-47.447353	0.000000	
68.700000	-51.935458	-47.472063	0.000000	
68.750000	-51.893230	-47.496669	0.000000	
68.800000	-51.850979	-47.521156	0.000000	
68.850000	-51.808699	-47.545502	0.000000	
68.900000	-51.766396	-47.569731	0.000000	
68.950000	-51.724078	-47.593887	0.000000	
69.000000	-51.681747	-47.617974	0.000000	
69.050000	-51.639402	-47.641992	0.000000	
69.100000	-51.597044	-47.665946	0.000000	
69.150000	-51.554677	-47.689846	0.000000	
69.200000	-51.512302	-47.713707	0.000000	
69.250000	-51.469913	-47.737488	0.000000	
69.300000	-51.427514	-47.761218	0.000000	
69.350000	-51.385106	-47.784892	0.000000	
69.400000	-51.342685	-47.808494	0.000000	
69.450000	-51.300256	-47.832053	0.000000	
69.500000	-51.257819	-47.855560	0.000000	
69.550000	-51.215378	-47.879046	0.000000	
69.600000	-51.172935	-47.902513	0.000000	
69.650000	-51.130490	-47.925965	0.000000	
69.700000	-51.088040	-47.949385	0.000000	
69.750000	-51.045587	-47.972780	0.000000	
69.800000	-51.003132	-47.996158	0.000000	
69.850000	-50.960670	-48.019496	0.000000	
69.900000	-50.918206	-48.042808	0.000000	
69.950000	-50.875736	-48.066083	0.000000	
70.000000	-50.833255	-48.089286	0.000000	
70.050000	-50.790764	-48.112418	0.000000	
70.100000	-50.748257	-48.135437	0.000000	
70.150000	-50.705739	-48.158381	0.000000	
70.200000	-50.663213	-48.181273	0.000000	
70.250000	-50.620676	-48.204081	0.000000	
70.300000	-50.578132	-48.226840	0.000000	
70.350000	-50.535579	-48.249537	0.000000	
70.400000	-50.493021	-48.272189	0.000000	
70.450000	-50.450461	-48.294825	0.000000	
70.500000	-50.407902	-48.317457	0.000000	
70.550000	-50.365342	-48.340070	0.000000	
70.600000	-50.322774	-48.362634	0.000000	
70.650000	-50.280208	-48.385192	0.000000	
70.700000	-50.237643	-48.407755	0.000000	
70.750000	-50.195080	-48.430324	0.000000	
70.800000	-50.152520	-48.452901	0.000000	
70.850000	-50.109968	-48.475515	0.000000	
70.900000	-50.067430	-48.498202	0.000000	
70.950000	-50.024902	-48.520949	0.000000	
71.000000	-49.982387	-48.543763	0.000000	
71.050000	-49.939889	-48.566668	0.000000	
71.100000	-49.897410	-48.589678	0.000000	
71.150000	-49.854953	-48.612819	0.000000	
71.200000	-49.812519	-48.636084	0.000000	
71.250000	-49.770102	-48.659436	0.000000	
71.300000	-49.727699	-48.682870	0.000000	
71.350000	-49.685313	-48.706396	0.000000	
71.400000	-49.642942	-48.730000	0.000000	
71.450000	-49.600585	-48.753684	0.000000	
71.500000	-49.558238	-48.777418	0.000000	
71.550000	-49.515896	-48.801173	0.000000	
71.600000	-49.473562	-48.824966	0.000000	
71.650000	-49.431231	-48.848774	0.000000	
71.700000	-49.388889	-48.872495	0.000000	
71.750000	-49.346531	-48.896045	0.000000	
71.800000	-49.304153	-48.919328	0.000000	
71.850000	-49.261757	-48.942191	0.000000	
71.900000	-49.219355	-48.964465	0.000000	
71.950000	-49.176965	-48.986028	0.000000	
72.000000	-49.134615	-49.006792	0.000000	
72.050000	-49.092332	-49.026641	0.000000	
72.100000	-49.050145	-49.045481	0.000000	
72.150000	-49.008081	-49.063250	0.000000	
72.200000	-48.966179	-49.079857	0.000000	
72.250000	-48.924464	-49.095229	0.000000	
72.300000	-48.882959	-49.109357	0.000000	
72.350000	-48.841671	-49.122256	0.000000	
72.400000	-48.800586	-49.133932	0.000000	
72.450000	-48.759703	-49.144395	0.000000	
72.500000	-48.719031	-49.153633	0.000000	
72.550000	-48.678563	-49.161675	0.000000	
72.600000	-48.638293	-49.168548	0.000000	
72.650000	-48.598218	-49.174246	0.000000	
72.700000	-48.558338	-49.178826	0.000000	
72.750000	-48.518657	-49.182376	0.000000	
72.800000	-48.479195	-49.184961	0.000000	
72.850000	-48.439962	-49.186672	0.000000	
72.900000	-48.400945	-49.187653	0.000000	
72.950000	-48.362138	-49.188031	0.000000	
73.000000	-48.323512	-49.187926	0.000000	
73.050000	-48.285052	-49.187422	0.000000	
73.100000	-48.246727	-49.186619	0.000000	
73.150000	-48.208502	-49.185606	0.000000	
73.200000	-48.170343	-49.184457	0.000000	
73.250000	-48.132203	-49.183271	0.000000	
73.300000	-48.094052	-49.182104	0.000000	
73.350000	-48.055876	-49.180980	0.000000	
73.400000	-48.017668	-49.179910	0.000000	
73.450000	-47.979446	-49.178864	0.000000	
73.500000	-47.941204	-49.177852	0.000000	
73.550000	-47.902928	-49.176902	0.000000	
73.600000	-47.864637	-49.175976	0.000000	
73.650000	-47.826334	-49.175071	0.000000	
73.700000	-47.788010	-49.174204	0.000000	
73.750000	-47.749672	-49.173363	0.000000	
73.800000	-47.711325	-49.172537	0.000000	
73.850000	-47.672947	-49.171770	0.000000	
73.900000	-47.634526	-49.171083	0.000000	
73.950000	-47.596071	-49.170460	0.000000	
74.000000	-47.557564	-49.169935	0.000000	
74.050000	-47.519018	-49.169485	0.000000	
74.100000	-47.480411	-49.169149	0.000000	
74.150000	-47.441742	-49.168931	0.000000	
74.200000	-47.403019	-49.168818	0.000000	
74.250000	-47.364236	-49.168823	0.000000	
74.300000	-47.325409	-49.168912	0.000000	
74.350000	-47.286547	-49.169072	0.000000	
74.400000	-47.247641	-49.169314	0.000000	
74.450000	-47.208690	-49.169646	0.000000	
74.500000	-47.169697	-49.170059	0.000000	
74.550000	-47.130669	-49.170537	0.000000	
74.600000	-47.091626	-49.171046	0.000000	
74.650000	-47.052565	-49.171586	0.000000	
74.700000	-47.013481	-49.172169	0.000000	
74.750000	-46.974397	-49.172753	0.000000	
74.800000	-46.935302	-49.173357	0.000000	
74.850000	-46.896196	-49.173982	0.000000	
74.900000	-46.857090	-49.174607	0.000000	
74.950000	-46.818002	-49.175197	0.000000	
75.000000	-46.778924	-49.175766	0.000000	
75.050000	-46.739860	-49.176310	0.000000	
75.100000	-46.700812	-49.176821	0.000000	
75.150000	-46.661804	-49.177253	0.000000	
75.200000	-46.622828	-49.177622	0.000000	
75.250000	-46.583892	-49.177911	0.000000	
75.300000	-46.545007	-49.178101	0.000000	
75.350000	-46.506166	-49.178202	0.000000	
75.400000	-46.467368	-49.178221	0.000000	
75.450000	-46.428633	-49.178123	0.000000	
75.500000	-46.390007	-49.177826	0.000000	
75.550000	-46.351519	-49.177295	0.000000	
75.600000	-46.313233	-49.176441	0.000000	
75.650000	-46.275214	-49.175198	0.000000	
75.700000	-46.237534	-49.173500	0.000000	
75.750000	-46.200294	-49.171243	0.000000	
75.800000	-46.163552	-49.168393	0.000000	
75.850000	-46.127384	-49.164883	0.000000	
75.900000	-46.091819	-49.160692	0.000000	
75.950000	-46.056885	-49.155803	0.000000	
76.000000	-46.022592	-49.150226	0.000000	
76.050000	-45.988937	-49.143956	0.000000	
76.100000	-45.955941	-49.136970	0.000000	
76.150000	-45.923575	-49.129300	0.000000	
76.200000	-45.891809	-49.120979	0.000000	
76.250000	-45.860661	-49.111985	0.000000	
76.300000	-45.830103	-49.102348	0.000000	
76.350000	-45.800123	-49.092075	0.000000	
76.400000	-45.770708	-49.081179	0.000000	
76.450000	-45.741857	-49.069665	0.000000	
76.500000	-45.713571	-49.057551	0.000000	
76.550000	-45.685811	-49.044906	0.000000	
76.600000	-45.658531	-49.031789	0.000000	
76.650000	-45.631642	-49.018306	0.000000	
76.700000	-45.605048	-49.004561	0.000000	
76.750000	-45.578671	-48.990637	0.000000	
76.800000	-45.552402	-48.976628	0.000000	
76.850000	-45.526188	-48.962580	0.000000	
76.900000	-45.499958	-48.948543	0.000000	
76.950000	-45.473685	-48.934537	0.000000	
77.000000	-45.447341	-48.920579	0.000000	
77.050000	-45.420905	-48.906684	0.000000	
77.100000	-45.394391	-48.892841	0.000000	
77.150000	-45.367778	-48.879064	0.000000	
77.200000	-45.341105	-48.865328	0.000000	
77.250000	-45.314375	-48.851630	0.000000	
77.300000	-45.287600	-48.837964	0.000000	
77.350000	-45.260787	-48.824323	0.000000	
77.400000	-45.233942	-48.810705	0.000000	
77.450000	-45.207096	-48.797089	0.000000	
77.500000	-45.180237	-48.783482	0.000000	
77.550000	-45.153351	-48.769893	0.000000	
77.600000	-45.126446	-48.756318	0.000000	
77.650000	-45.099552	-48.742736	0.000000	
77.700000	-45.072687	-48.729136	0.000000	
77.750000	-45.045885	-48.715494	0.000000	
77.800000	-45.019167	-48.701796	0.000000	
77.850000	-44.992546	-48.688033	0.000000	
77.900000	-44.965996	-48.674224	0.000000	
77.950000	-44.939530	-48.660358	0.000000	
78.000000	-44.913193	-48.646409	0.000000	
78.050000	-44.887010	-48.632362	0.000000	
78.100000	-44.861014	-48.618200	0.000000	
78.150000	-44.835236	-48.603907	0.000000	
78.200000	-44.809715	-48.589462	0.000000	
78.250000	-44.784497	-48.574848	0.000000	
78.300000	-44.759641	-48.560038	0.000000	
78.350000	-44.735161	-48.545033	0.000000	
78.400000	-44.711104	-48.529810	0.000000	
78.450000	-44.687553	-48.514341	0.000000	
78.500000	-44.664552	-48.498621	0.000000	
78.550000	-44.642131	-48.482639	0.000000	
78.600000	-44.620314	-48.466391	0.000000	
78.650000	-44.599104	-48.449882	0.000000	
78.700000	-44.578498	-48.433119	0.000000	
78.750000	-44.558487	-48.416104	0.000000	
78.800000	-44.539039	-48.398850	0.000000	
78.850000	-44.520129	-48.381373	0.000000	
78.900000	-44.501742	-48.363673	0.000000	
78.950000	-44.483895	-48.345742	0.000000	
79.000000	-44.466561	-48.327591	0.000000	
79.050000	-44.449681	-48.309251	0.000000	
79.100000	-44.433228	-48.290738	0.000000	
79.150000	-44.417193	-48.272064	0.000000	
79.200000	-44.401533	-48.253249	0.000000	
79.250000	-44.386230	-48.234306	0.000000	
79.300000	-44.371246	-48.215259	0.000000	
79.350000	-44.356548	-48.196125	0.000000	
79.400000	-44.342103	-48.176915	0.000000	
79.450000	-44.327892	-48.157640	0.000000	
79.500000	-44.313823	-48.138328	0.000000	
79.550000	-44.299814	-48.119001	0.000000	
79.600000	-44.285818	-48.099672	0.000000	
79.650000	-44.271778	-48.080353	0.000000	
79.700000	-44.257686	-48.061047	0.000000	
79.750000	-44.243551	-48.041751	0.000000	
79.800000	-44.229360	-48.022468	0.000000	
79.850000	-44.215121	-48.003197	0.000000	
79.900000	-44.200833	-47.983939	0.000000	
79.950000	-44.186535	-47.964684	0.000000	
80.000000	-44.172226	-47.945432	0.000000	
80.050000	-44.157975	-47.926166	0.000000	
80.100000	-44.143875	-47.906867	0.000000	
80.150000	-44.129961	-47.887531	0.000000	
80.200000	-44.116290	-47.868151	0.000000	
80.250000	-44.102929	-47.848723	0.000000	
80.300000	-44.089944	-47.829244	0.000000	
80.350000	-44.077341	-47.809722	0.000000	
80.400000	-44.065148	-47.790159	0.000000	
80.450000	-44.053393	-47.770555	0.000000	
80.500000	-44.042099	-47.750917	0.000000	
80.550000	-44.031293	-47.731242	0.000000	
80.600000	-44.021016	-47.711527	0.000000	
80.650000	-44.011303	-47.691766	0.000000	
80.700000	-44.002167	-47.671953	0.000000	
80.750000	-43.993584	-47.652087	0.000000	
80.800000	-43.985549	-47.632175	0.000000	
80.850000	-43.978089	-47.612211	0.000000	
80.900000	-43.971191	-47.592192	0.000000	
80.950000	-43.964868	-47.572116	0.000000	
81.000000	-43.959113	-47.551990	0.000000	
81.050000	-43.953924	-47.531815	0.000000	
81.100000	-43.949251	-47.511603	0.000000	
81.150000	-43.945016	-47.491371	0.000000	
81.200000	-43.941163	-47.471121	0.000000	
81.250000	-43.937629	-47.450866	0.000000	
81.300000	-43.934364	-47.430612	0.000000	
81.350000	-43.931294	-47.410364	0.000000	
81.400000	-43.928414	-47.390124	0.000000	
81.450000	-43.925656	-47.369891	0.000000	
81.500000	-43.922980	-47.349661	0.000000	
81.550000	-43.920327	-47.329433	0.000000	
81.600000	-43.917665	-47.309204	0.000000	
81.650000	-43.914980	-47.288974	0.000000	
81.700000	-43.912242	-47.268740	0.000000	
81.750000	-43.909479	-47.248504	0.000000	
81.800000	-43.906727	-47.228269	0.000000	
81.850000	-43.903970	-47.208033	0.000000	
81.900000	-43.901224	-47.187798	0.000000	
81.950000	-43.898552	-47.167569	0.000000	
82.000000	-43.895990	-47.147351	0.000000	
82.050000	-43.893586	-47.127152	0.000000	
82.100000	-43.891344	-47.106971	0.000000	
82.150000	-43.889318	-47.086821	0.000000	
82.200000	-43.887562	-47.066711	0.000000	
82.250000	-43.886142	-47.046656	0.000000	
82.300000	-43.885080	-47.026664	0.000000	
82.350000	-43.884380	-47.006739	0.000000	
82.400000	-43.884044	-46.986883	0.000000	
82.450000	-43.884080	-46.967106	0.000000	
82.500000	-43.884547	-46.947419	0.000000	
82.550000	-43.885497	-46.927838	0.000000	
82.600000	-43.886960	-46.908370	0.000000	
82.650000	-43.888983	-46.889026	0.000000	
82.700000	-43.891578	-46.869812	0.000000	
82.750000	-43.894756	-46.850728	0.000000	
82.800000	-43.898515	-46.831777	0.000000	
82.850000	-43.902818	-46.812951	0.000000	
82.900000	-43.907657	-46.794245	0.000000	
82.950000	-43.913002	-46.775656	0.000000	
83.000000	-43.918799	-46.757173	0.000000	
83.050000	-43.925021	-46.738800	0.000000	
83.100000	-43.931596	-46.720521	0.000000	
83.150000	-43.938537	-46.702345	0.000000	
83.200000	-43.945788	-46.684261	0.000000	
83.250000	-43.953318	-46.666266	0.000000	
83.300000	-43.961082	-46.648350	0.000000	
83.350000	-43.969023	-46.630494	0.000000	
83.400000	-43.977119	-46.612692	0.000000	
83.450000	-43.985376	-46.594948	0.000000	
83.500000	-43.993774	-46.577256	0.000000	
83.550000	-44.002256	-46.559595	0.000000	
83.600000	-44.010790	-46.541954	0.000000	
83.650000	-44.019376	-46.524334	0.000000	
83.700000	-44.027995	-46.506728	0.000000	
83.750000	-44.036638	-46.489132	0.000000	
83.800000	-44.045331	-46.471557	0.000000	
83.850000	-44.054058	-46.453997	0.000000	
83.900000	-44.062863	-46.436470	0.000000	
83.950000	-44.071746	-46.418977	0.000000	
84.000000	-44.080735	-46.401528	0.000000	
84.050000	-44.089842	-46.384130	0.000000	
84.100000	-44.099060	-46.366780	0.000000	
84.150000	-44.108438	-46.349500	0.000000	
84.200000	-44.117964	-46.332287	0.000000	
84.250000	-44.127648	-46.315147	0.000000	
84.300000	-44.137491	-46.298082	0.000000	
84.350000	-44.147548	-46.281123	0.000000	
84.400000	-44.157898	-46.264315	0.000000	
84.450000	-44.168593	-46.247690	0.000000	
84.500000	-44.179646	-46.231263	0.000000	
84.550000	-44.191056	-46.215038	0.000000	
84.600000	-44.202882	-46.199048	0.000000	
84.650000	-44.215138	-46.183310	0.000000	
84.700000	-44.227839	-46.167839	0.000000	
84.750000	-44.241009	-46.152660	0.000000	
84.800000	-44.254633	-46.137762	0.000000	
84.850000	-44.268699	-46.123145	0.000000	
84.900000	-44.283217	-46.108815	0.000000	
84.950000	-44.298177	-46.094772	0.000000	
85.000000	-44.313598	-46.081033	0.000000	
85.050000	-44.329481	-46.067604	0.000000	
85.100000	-44.345817	-46.054479	0.000000	
85.150000	-44.362596	-46.041652	0.000000	
85.200000	-44.379772	-46.029098	0.000000	
85.250000	-44.397344	-46.016817	0.000000	
85.300000	-44.415290	-46.004796	0.000000	
85.350000	-44.433573	-45.993009	0.000000	
85.400000	-44.452137	-45.981425	0.000000	
85.450000	-44.470913	-45.969999	0.000000	
85.500000	-44.489838	-45.958688	0.000000	
85.550000	-44.508879	-45.947467	0.000000	
85.600000	-44.528034	-45.936335	0.000000	
85.650000	-44.547268	-45.925268	0.000000	
85.700000	-44.566574	-45.914262	0.000000	
85.750000	-44.585913	-45.903283	0.000000	
85.800000	-44.605263	-45.892313	0.000000	
85.850000	-44.624628	-45.881357	0.000000	
85.900000	-44.644006	-45.870412	0.000000	
85.950000	-44.663387	-45.859469	0.000000	
86.000000	-44.682768	-45.848527	0.000000	
86.050000	-44.702151	-45.837586	0.000000	
86.100000	-44.721542	-45.826653	0.000000	
86.150000	-44.740979	-45.815763	0.000000	
86.200000	-44.760468	-45.804924	0.000000	
86.250000	-44.780051	-45.794175	0.000000	
86.300000	-44.799734	-45.783527	0.000000	
86.350000	-44.819567	-45.773029	0.000000	
86.400000	-44.839596	-45.762735	0.000000	
86.450000	-44.859855	-45.752685	0.000000	
86.500000	-44.880362	-45.742900	0.000000	
86.550000	-44.901142	-45.733405	0.000000	
86.600000	-44.922205	-45.724211	0.000000	
86.650000	-44.943555	-45.715332	0.000000	
86.700000	-44.965202	-45.706778	0.000000	
86.750000	-44.987143	-45.698554	0.000000	
86.800000	-45.009403	-45.690690	0.000000	
86.850000	-45.031987	-45.683202	0.000000	
86.900000	-45.054912	-45.676114	0.000000	
86.950000	-45.078165	-45.669405	0.000000	
87.000000	-45.101739	-45.663067	0.000000	
87.050000	-45.125631	-45.657100	0.000000	
87.100000	-45.149837	-45.651510	0.000000	
87.150000	-45.174338	-45.646277	0.000000	
87.200000	-45.199101	-45.641373	0.000000	
87.250000	-45.224119	-45.636788	0.000000	
87.300000	-45.249354	-45.632479	0.000000	
87.350000	-45.274787	-45.628425	0.000000	
87.400000	-45.300373	-45.624572	0.000000	
87.450000	-45.326086	-45.620890	0.000000	
87.500000	-45.351901	-45.617354	0.000000	
87.550000	-45.377817	-45.613964	0.000000	
87.600000	-45.403833	-45.610721	0.000000	
87.650000	-45.429951	-45.607628	0.000000	
87.700000	-45.456171	-45.604696	0.000000	
87.750000	-45.482501	-45.601936	0.000000	
87.800000	-45.508945	-45.599366	0.000000	
87.850000	-45.535488	-45.596962	0.000000	
87.900000	-45.562126	-45.594721	0.000000	
87.950000	-45.588852	-45.592638	0.000000	
88.000000	-45.615688	-45.590753	0.000000	
88.050000	-45.642655	-45.589104	0.000000	
88.100000	-45.669764	-45.587724	0.000000	
88.150000	-45.697016	-45.586625	0.000000	
88.200000	-45.724420	-45.585830	0.000000	
88.250000	-45.751983	-45.585356	0.000000	
88.300000	-45.779708	-45.585215	0.000000	
88.350000	-45.807606	-45.585424	0.000000	
88.400000	-45.835689	-45.586013	0.000000	
88.450000	-45.863957	-45.586974	0.000000	
88.500000	-45.892413	-45.588320	0.000000	
88.550000	-45.921048	-45.590046	0.000000	
88.600000	-45.949856	-45.592137	0.000000	
88.650000	-45.978836	-45.594604	0.000000	
88.700000	-46.007982	-45.597441	0.000000	
88.750000	-46.037275	-45.600613	0.000000	
88.800000	-46.066705	-45.604104	0.000000	
88.850000	-46.096245	-45.607858	0.000000	
88.900000	-46.125895	-45.611870	0.000000	
88.950000	-46.155643	-45.616117	0.000000	
89.000000	-46.185485	-45.620594	0.000000	
89.050000	-46.215407	-45.625271	0.000000	
89.100000	-46.245397	-45.630120	0.000000	
89.150000	-46.275439	-45.635109	0.000000	
89.200000	-46.305530	-45.640236	0.000000	
89.250000	-46.335659	-45.645470	0.000000	
89.300000	-46.365817	-45.650789	0.000000	
89.350000	-46.396007	-45.656204	0.000000	
89.400000	-46.426232	-45.661730	0.000000	
89.450000	-46.456497	-45.667382	0.000000	
89.500000	-46.486808	-45.673185	0.000000	
89.550000	-46.517159	-45.679117	0.000000	
89.600000	-46.547553	-45.685197	0.000000	
89.650000	-46.577998	-45.691461	0.000000	
89.700000	-46.608498	-45.697939	0.000000	
89.750000	-46.639056	-45.704645	0.000000	
89.800000	-46.669680	-45.711638	0.000000	
89.850000	-46.700373	-45.718942	0.000000	
89.900000	-46.731145	-45.726604	0.000000	
89.950000	-46.762001	-45.734657	0.000000	
90.000000	-46.792943	-45.743132	0.000000	
90.050000	-46.823969	-45.752014	0.000000	
90.100000	-46.855082	-45.761338	0.000000	
90.150000	-46.886281	-45.771100	0.000000	
90.200000	-46.917565	-45.781307	0.000000	
90.250000	-46.948928	-45.791961	0.000000	
90.300000	-46.980369	-45.803076	0.000000	
90.350000	-47.011893	-45.814678	0.000000	
90.400000	-47.043492	-45.826764	0.000000	
90.450000	-47.075161	-45.839339	0.000000	
90.500000	-47.106890	-45.852382	0.000000	
90.550000	-47.138678	-45.865880	0.000000	
90.600000	-47.170523	-45.879846	0.000000	
90.650000	-47.202418	-45.894254	0.000000	
90.700000	-47.234355	-45.909087	0.000000	
90.750000	-47.266322	-45.924290	0.000000	
90.800000	-47.298317	-45.939831	0.000000	
90.850000	-47.330330	-45.955653	0.000000	
90.900000	-47.362357	-45.971742	0.000000	
90.950000	-47.394394	-45.988053	0.000000	
91.000000	-47.426440	-46.004559	0.000000	
91.050000	-47.458491	-46.021217	0.000000	
91.100000	-47.490548	-46.038040	0.000000	
91.150000	-47.522609	-46.055015	0.000000	
91.200000	-47.554674	-46.072132	0.000000	
91.250000	-47.586741	-46.089400	0.000000	
91.300000	-47.618810	-46.106801	0.000000	
91.350000	-47.650879	-46.124317	0.000000	
91.400000	-47.682948	-46.141930	0.000000	
91.450000	-47.715017	-46.159628	0.000000	
91.500000	-47.747085	-46.177379	0.000000	
91.550000	-47.779152	-46.195188	0.000000	
91.600000	-47.811218	-46.213075	0.000000	
91.650000	-47.843281	-46.231049	0.000000	
91.700000	-47.875340	-46.249106	0.000000	
91.750000	-47.907395	-46.267254	0.000000	
91.800000	-47.939445	-46.285504	0.000000	
91.850000	-47.971489	-46.303886	0.000000	
91.900000	-48.003523	-46.322429	0.000000	
91.950000	-48.035539	-46.341185	0.000000	
92.000000	-48.067527	-46.360241	0.000000	
92.050000	-48.099477	-46.379644	0.000000	
92.100000	-48.131384	-46.399430	0.000000	
92.150000	-48.163241	-46.419627	0.000000	
92.200000	-48.195038	-46.440251	0.000000	
92.250000	-48.226761	-46.461367	0.000000	
92.300000	-48.258405	-46.482973	0.000000	
92.350000	-48.289960	-46.505088	0.000000	
92.400000	-48.321415	-46.527748	0.000000	
92.450000	-48.352761	-46.550979	0.000000	
92.500000	-48.384008	-46.574746	0.000000	
92.550000	-48.415159	-46.599047	0.000000	
92.600000	-48.446217	-46.623856	0.000000	
92.650000	-48.477179	-46.649168	0.000000	
92.700000	-48.508039	-46.674979	0.000000	
92.750000	-48.538788	-46.701313	0.000000	
92.800000	-48.569430	-46.728145	0.000000	
92.850000	-48.599956	-46.755484	0.000000	
92.900000	-48.630370	-46.783311	0.000000	
92.950000	-48.660670	-46.811610	0.000000	
93.000000	-48.690860	-46.840322	0.000000	
93.050000	-48.720943	-46.869398	0.000000	
93.100000	-48.750937	-46.898773	0.000000	
93.150000	-48.780845	-46.928427	0.000000	
93.200000	-48.810677	-46.958322	0.000000	
93.250000	-48.840432	-46.988446	0.000000	
93.300000	-48.870130	-47.018736	0.000000	
93.350000	-48.899777	-47.049170	0.000000	
93.400000	-48.929384	-47.079713	0.000000	
93.450000	-48.958972	-47.110311	0.000000	
93.500000	-48.988543	-47.140955	0.000000	
93.550000	-49.018083	-47.171681	0.000000	
93.600000	-49.047598	-47.202476	0.000000	
93.650000	-49.077089	-47.233340	0.000000	
93.700000	-49.106558	-47.264263	0.000000	
93.750000	-49.136020	-47.295210	0.000000	
93.800000	-49.165477	-47.326168	0.000000	
93.850000	-49.194937	-47.357117	0.000000	
93.900000	-49.224409	-47.388037	0.000000	
93.950000	-49.253882	-47.418958	0.000000	
94.000000	-49.283357	-47.449875	0.000000	
94.050000	-49.312835	-47.480787	0.000000	
94.100000	-49.342319	-47.511685	0.000000	
94.150000	-49.371782	-47.542637	0.000000	
94.200000	-49.401205	-47.573683	0.000000	
94.250000	-49.430564	-47.604870	0.000000	
94.300000	-49.459846	-47.636222	0.000000	
94.350000	-49.489020	-47.667795	0.000000	
94.400000	-49.518045	-47.699658	0.000000	
94.450000	-49.546880	-47.731871	0.000000	
94.500000	-49.575479	-47.764512	0.000000	
94.550000	-49.603826	-47.797592	0.000000	
94.600000	-49.631909	-47.831121	0.000000	
94.650000	-49.659680	-47.865170	0.000000	
94.700000	-49.687123	-47.899759	0.000000	
94.750000	-49.714215	-47.934917	0.000000	
94.800000	-49.740962	-47.970642	0.000000	
94.850000	-49.767355	-48.006940	0.000000	
94.900000	-49.793396	-48.043823	0.000000	
94.950000	-49.819086	-48.081285	0.000000	
95.000000	-49.844450	-48.119288	0.000000	
95.050000	-49.869481	-48.157832	0.000000	
95.100000	-49.894168	-48.196926	0.000000	
95.150000	-49.918519	-48.236553	0.000000	
95.200000	-49.942541	-48.276681	0.000000	
95.250000	-49.966239	-48.317283	0.000000	
95.300000	-49.989626	-48.358321	0.000000	
95.350000	-50.012725	-48.399751	0.000000	
95.400000	-50.035558	-48.441533	0.000000	
95.450000	-50.058180	-48.483582	0.000000	
95.500000	-50.080636	-48.525837	0.000000	
95.550000	-50.102970	-48.568236	0.000000	
95.600000	-50.125214	-48.610740	0.000000	
95.650000	-50.147399	-48.653313	0.000000	
95.700000	-50.169561	-48.695912	0.000000	
95.750000	-50.191714	-48.738519	0.000000	
95.800000	-50.213888	-48.781103	0.000000	
95.850000	-50.236058	-48.823691	0.000000	
95.900000	-50.258228	-48.866278	0.000000	
95.950000	-50.280390	-48.908874	0.000000	
96.000000	-50.302536	-48.951487	0.000000	
96.050000	-50.324639	-48.994146	0.000000	
96.100000	-50.346717	-49.036832	0.000000	
96.150000	-50.368785	-49.079529	0.000000	
96.200000	-50.390852	-49.122225	0.000000	
96.250000	-50.412913	-49.164927	0.000000	
96.300000	-50.434966	-49.207637	0.000000	
96.350000	-50.457026	-49.250340	0.000000	
96.400000	-50.479081	-49.293046	0.000000	
96.450000	-50.501145	-49.335742	0.000000	
96.500000	-50.523221	-49.378425	0.000000	
96.550000	-50.545292	-49.421114	0.000000	
96.600000	-50.567341	-49.463824	0.000000	
96.650000	-50.589347	-49.506579	0.000000	
96.700000	-50.611274	-49.549416	0.000000	
96.750000	-50.633088	-49.592367	0.000000	
96.800000	-50.654728	-49.635487	0.000000	
96.850000	-50.676126	-49.678831	0.000000	
96.900000	-50.697244	-49.722426	0.000000	
96.950000	-50.718039	-49.766295	0.000000	
97.000000	-50.738470	-49.810468	0.000000	
97.050000	-50.758503	-49.854961	0.000000	
97.100000	-50.778095	-49.899792	0.000000	
97.150000	-50.797195	-49.944994	0.000000	
97.200000	-50.815771	-49.990582	0.000000	
97.250000	-50.833812	-50.036570	0.000000	
97.300000	-50.851346	-50.082933	0.000000	
97.350000	-50.868401	-50.129648	0.000000	
97.400000	-50.884985	-50.176716	0.000000	
97.450000	-50.901097	-50.224128	0.000000	
97.500000	-50.916743	-50.271890	0.000000	
97.550000	-50.931912	-50.320014	0.000000	
97.600000	-50.946610	-50.368493	0.000000	
97.650000	-50.960850	-50.417313	0.000000	
97.700000	-50.974645	-50.466464	0.000000	
97.750000	-50.988037	-50.515912	0.000000	
97.800000	-51.001083	-50.565611	0.000000	
97.850000	-51.013825	-50.615518	0.000000	
97.900000	-51.026312	-50.665588	0.000000	
97.950000	-51.038585	-50.715790	0.000000	
98.000000	-51.050685	-50.766093	0.000000	
98.050000	-51.062661	-50.816466	0.000000	
98.100000	-51.074543	-50.866890	0.000000	
98.150000	-51.086377	-50.917338	0.000000	
98.200000	-51.098220	-50.967781	0.000000	
98.250000	-51.110122	-51.018194	0.000000	
98.300000	-51.122083	-51.068574	0.000000	
98.350000	-51.134112	-51.118919	0.000000	
98.400000	-51.146209	-51.169226	0.000000	
98.450000	-51.158337	-51.219516	0.000000	
98.500000	-51.170479	-51.269797	0.000000	
98.550000	-51.182559	-51.320109	0.000000	
98.600000	-51.194545	-51.370466	0.000000	
98.650000	-51.206402	-51.420882	0.000000	
98.700000	-51.218066	-51.471385	0.000000	
98.750000	-51.229467	-51.521999	0.000000	
98.800000	-51.240547	-51.572747	0.000000	
98.850000	-51.251216	-51.623662	0.000000	
98.900000	-51.261456	-51.674741	0.000000	
98.950000	-51.271223	-51.725991	0.000000	
99.000000	-51.280494	-51.777413	0.000000	
99.050000	-51.289248	-51.829008	0.000000	
99.100000	-51.297475	-51.880780	0.000000	
99.150000	-51.305178	-51.932726	0.000000	
99.200000	-51.312367	-51.984840	0.000000	
99.250000	-51.319024	-52.037130	0.000000	
99.300000	-51.325114	-52.089609	0.000000	
99.350000	-51.330638	-52.142277	0.000000	
99.400000	-51.335577	-52.195146	0.000000	
99.450000	-51.339920	-52.248219	0.000000	
99.500000	-51.343709	-52.301483	0.000000	
99.550000	-51.346949	-52.354926	0.000000	
99.600000	-51.349682	-52.408522	0.000000	
99.650000	-51.351939	-52.462256	0.000000	
99.700000	-51.353769	-52.516110	0.000000	
99.750000	-51.355251	-52.570058	0.000000	
99.800000	-51.356473	-52.624071	0.000000	
99.850000	-51.357491	-52.678133	0.000000	
99.900000	-51.358388	-52.732223	0.000000	
99.950000	-51.359203	-52.786330	0.000000	
100.000000	-51.360012	-52.840438	0.000000	
100.050000	-51.360846	-52.894540	0.000000	
100.100000	-51.361746	-52.948628	0.000000	
100.150000	-51.362699	-53.002705	0.000000	
100.200000	-51.363714	-53.056769	0.000000	
100.250000	-51.364787	-53.110822	0.000000	
100.300000	-51.365953	-53.164856	0.000000	
100.350000	-51.367221	-53.218870	0.000000	
100.400000	-51.368598	-53.272861	0.000000	
100.450000	-51.370096	-53.326828	0.000000	
100.500000	-51.371681	-53.380778	0.000000	
100.550000	-51.373313	-53.434718	0.000000	
100.600000	-51.374959	-53.488655	0.000000	
100.650000	-51.376584	-53.542593	0.000000	
100.700000	-51.378106	-53.596543	0.000000	
100.750000	-51.379469	-53.650510	0.000000	
100.800000	-51.380563	-53.704499	0.000000	
100.850000	-51.381314	-53.758514	0.000000	
100.900000	-51.381640	-53.812556	0.000000	
100.950000	-51.381459	-53.866623	0.000000	
101.000000	-51.380711	-53.920709	0.000000	
101.050000	-51.379314	-53.974810	0.000000	
101.100000	-51.377238	-54.028918	0.000000	
101.150000	-51.374474	-54.083038	0.000000	
101.200000	-51.371022	-54.137162	0.000000	
101.250000	-51.366885	-54.191293	0.000000	
101.300000	-51.362043	-54.245426	0.000000	
101.350000	-51.356482	-54.299570	0.000000	
101.400000	-51.350195	-54.353720	0.000000	
101.450000	-51.343192	-54.407884	0.000000	
101.500000	-51.335485	-54.462068	0.000000	
101.550000	-51.327132	-54.516269	0.000000	
101.600000	-51.318138	-54.570480	0.000000	
101.650000	-51.308552	-54.624689	0.000000	
101.700000	-51.298448	-54.678891	0.000000	
101.750000	-51.287885	-54.733075	0.000000	
101.800000	-51.276911	-54.787238	0.000000	
101.850000	-51.265615	-54.841374	0.000000	
101.900000	-51.254035	-54.895483	0.000000	
101.950000	-51.242209	-54.949561	0.000000	
102.000000	-51.230181	-55.003608	0.000000	
102.050000	-51.218009	-55.057631	0.000000	
102.100000	-51.205741	-55.111636	0.000000	
102.150000	-51.193395	-55.165625	0.000000	
102.200000	-51.180946	-55.219592	0.000000	
102.250000	-51.168429	-55.273545	0.000000	
102.300000	-51.155835	-55.327481	0.000000	
102.350000	-51.143163	-55.381401	0.000000	
102.400000	-51.130389	-55.435297	0.000000	
102.450000	-51.117545	-55.489178	0.000000	
102.500000	-51.104587	-55.543035	0.000000	
102.550000	-51.091517	-55.596868	0.000000	
102.600000	-51.078304	-55.650673	0.000000	
102.650000	-51.064960	-55.704451	0.000000	
102.700000	-51.051509	-55.758207	0.000000	
102.750000	-51.037945	-55.811942	0.000000	
102.800000	-51.024301	-55.865661	0.000000	
102.850000	-51.010593	-55.919368	0.000000	
102.900000	-50.996838	-55.973065	0.000000	
102.950000	-50.983041	-56.026755	0.000000	
103.000000	-50.969223	-56.080440	0.000000	
103.050000	-50.955398	-56.134123	0.000000	
103.100000	-50.941558	-56.187803	0.000000	
103.150000	-50.927712	-56.241481	0.000000	
103.200000	-50.913894	-56.295165	0.000000	
103.250000	-50.900148	-56.348864	0.000000	
103.300000	-50.886432	-56.402569	0.000000	
103.350000	-50.872728	-56.456277	0.000000	
103.400000	-50.859029	-56.509986	0.000000	
103.450000	-50.845308	-56.563689	0.000000	
103.500000	-50.831472	-56.617361	0.000000	
103.550000	-50.817458	-56.670979	0.000000	
103.600000	-50.803179	-56.724512	0.000000	
103.650000	-50.788553	-56.777923	0.000000	
103.700000	-50.773516	-56.831181	0.000000	
103.750000	-50.757992	-56.884247	0.000000	
103.800000	-50.741897	-56.937078	0.000000	
103.850000	-50.725175	-56.989643	0.000000	
103.900000	-50.707760	-57.041903	0.000000	
103.950000	-50.689614	-57.093839	0.000000	
104.000000	-50.670744	-57.145449	0.000000	
104.050000	-50.651131	-57.196718	0.000000	
104.100000	-50.630771	-57.247636	0.000000	
104.150000	-50.609677	-57.298209	0.000000	
104.200000	-50.587839	-57.348426	0.000000	
104.250000	-50.565232	-57.398278	0.000000	
104.300000	-50.541817	-57.447747	0.000000	
104.350000	-50.517612	-57.496833	0.000000	
104.400000	-50.492642	-57.545543	0.000000	
104.450000	-50.466949	-57.593897	0.000000	
104.500000	-50.440579	-57.641908	0.000000	
104.550000	-50.413616	-57.689608	0.000000	
104.600000	-50.386139	-57.737020	0.000000	
104.650000	-50.358219	-57.784172	0.000000	
104.700000	-50.329955	-57.831114	0.000000	
104.750000	-50.301420	-57.877883	0.000000	
104.800000	-50.272672	-57.924509	0.000000	
104.850000	-50.243771	-57.971028	0.000000	
104.900000	-50.214739	-58.017451	0.000000	
104.950000	-50.185617	-58.063806	0.000000	
105.000000	-50.156444	-58.110121	0.000000	
105.050000	-50.127230	-58.156407	0.000000	
105.100000	-50.098005	-58.202685	0.000000	
105.150000	-50.068777	-58.248961	0.000000	
105.200000	-50.039539	-58.295231	0.000000	
105.250000	-50.010302	-58.341502	0.000000	
105.300000	-49.981061	-58.387772	0.000000	
105.350000	-49.951839	-58.434059	0.000000	
105.400000	-49.922622	-58.480351	0.000000	
105.450000	-49.893415	-58.526652	0.000000	
105.500000	-49.864197	-58.572946	0.000000	
105.550000	-49.834983	-58.619244	0.000000	
105.600000	-49.805749	-58.665527	0.000000	
105.650000	-49.776510	-58.711807	0.000000	
105.700000	-49.747263	-58.758082	0.000000	
105.750000	-49.718016	-58.804357	0.000000	
105.800000	-49.688775	-58.850639	0.000000	
105.850000	-49.659538	-58.896924	0.000000	
105.900000	-49.630318	-58.943224	0.000000	
105.950000	-49.601140	-58.989557	0.000000	
106.000000	-49.572016	-59.035935	0.000000	
106.050000	-49.542927	-59.082341	0.000000	
106.100000	-49.513860	-59.128765	0.000000	
106.150000	-49.484797	-59.175194	0.000000	
106.200000	-49.455752	-59.221639	0.000000	
106.250000	-49.426729	-59.268101	0.000000	
106.300000	-49.397749	-59.314599	0.000000	
106.350000	-49.368800	-59.361122	0.000000	
106.400000	-49.339894	-59.407680	0.000000	
106.450000	-49.311035	-59.454278	0.000000	
106.500000	-49.282200	-59.500895	0.000000	
106.550000	-49.253359	-59.547510	0.000000	
106.600000	-49.224427	-59.594047	0.000000	
106.650000	-49.195349	-59.640453	0.000000	
106.700000	-49.166051	-59.686651	0.000000	
106.750000	-49.136454	-59.732546	0.000000	
106.800000	-49.106478	-59.778039	0.000000	
106.850000	-49.076050	-59.823026	0.000000	
106.900000	-49.045152	-59.867470	0.000000	
106.950000	-49.013755	-59.911324	0.000000	
107.000000	-48.981833	-59.954539	0.000000	
107.050000	-48.949361	-59.997072	0.000000	
107.100000	-48.916341	-60.038920	0.000000	
107.150000	-48.882786	-60.080105	0.000000	
107.200000	-48.848712	-60.120640	0.000000	
107.250000	-48.814108	-60.160516	0.000000	
107.300000	-48.778979	-60.199749	0.000000	
107.350000	-48.743299	-60.238306	0.000000	
107.400000	-48.707102	-60.276228	0.000000	
107.450000	-48.670364	-60.313484	0.000000	
107.500000	-48.633095	-60.350083	0.000000	
107.550000	-48.595307	-60.386021	0.000000	
107.600000	-48.557026	-60.421313	0.000000	
107.650000	-48.518313	-60.456003	0.000000	
107.700000	-48.479237	-60.490165	0.000000	
107.750000	-48.439870	-60.523882	0.000000	
107.800000	-48.400295	-60.557262	0.000000	
107.850000	-48.360563	-60.590366	0.000000	
107.900000	-48.320724	-60.623270	0.000000	
107.950000	-48.280804	-60.656017	0.000000	
108.000000	-48.240832	-60.688662	0.000000	
108.050000	-48.200829	-60.721250	0.000000	
108.100000	-48.160811	-60.753810	0.000000	
108.150000	-48.120781	-60.786352	0.000000	
108.200000	-48.080737	-60.818869	0.000000	
108.250000	-48.040674	-60.851352	0.000000	
108.300000	-48.000592	-60.883802	0.000000	
108.350000	-47.960490	-60.916212	0.000000	
108.400000	-47.920378	-60.948608	0.000000	
108.450000	-47.880244	-60.980966	0.000000	
108.500000	-47.840106	-61.013320	0.000000	
108.550000	-47.799975	-61.045694	0.000000	
108.600000	-47.759848	-61.078085	0.000000	
108.650000	-47.719725	-61.110490	0.000000	
108.700000	-47.679604	-61.142908	0.000000	
108.750000	-47.639479	-61.175321	0.000000	
108.800000	-47.599350	-61.207733	0.000000	
108.850000	-47.559213	-61.240132	0.000000	
108.900000	-47.519071	-61.272527	0.000000	
108.950000	-47.478923	-61.304916	0.000000	
109.000000	-47.438776	-61.337309	0.000000	
109.050000	-47.398613	-61.369675	0.000000	
109.100000	-47.358430	-61.402000	0.000000	
109.150000	-47.318227	-61.434282	0.000000	
109.200000	-47.278001	-61.466517	0.000000	
109.250000	-47.237750	-61.498701	0.000000	
109.300000	-47.197486	-61.530859	0.000000	
109.350000	-47.157209	-61.562992	0.000000	
109.400000	-47.116912	-61.595085	0.000000	
109.450000	-47.076601	-61.627149	0.000000	
109.500000	-47.036263	-61.659161	0.000000	
109.550000	-46.995881	-61.691073	0.000000	
109.600000	-46.955418	-61.722795	0.000000	
109.650000	-46.914858	-61.754270	0.000000	
109.700000	-46.874195	-61.785468	0.000000	
109.750000	-46.833420	-61.816333	0.000000	
109.800000	-46.792516	-61.846792	0.000000	
109.850000	-46.751468	-61.876759	0.000000	
109.900000	-46.710262	-61.906139	0.000000	
109.950000	-46.668902	-61.934893	0.000000	
110.000000	-46.627393	-61.962990	0.000000	
110.050000	-46.585730	-61.990384	0.000000	
110.100000	-46.543922	-62.017064	0.000000	
110.150000	-46.501975	-62.043004	0.000000	
110.200000	-46.459895	-62.068204	0.000000	
110.250000	-46.417681	-62.092673	0.000000	
110.300000	-46.375333	-62.116400	0.000000	
110.350000	-46.332840	-62.139360	0.000000	
110.400000	-46.290204	-62.161558	0.000000	
110.450000	-46.247427	-62.182974	0.000000	
110.500000	-46.204501	-62.203606	0.000000	
110.550000	-46.161437	-62.223465	0.000000	
110.600000	-46.118248	-62.242580	0.000000	
110.650000	-46.074959	-62.261020	0.000000	
110.700000	-46.031596	-62.278855	0.000000	
110.750000	-45.988171	-62.296154	0.000000	
110.800000	-45.944700	-62.312978	0.000000	
110.850000	-45.901201	-62.329408	0.000000	
110.900000	-45.857686	-62.345500	0.000000	
110.950000	-45.814163	-62.361370	0.000000	
111.000000	-45.770637	-62.377063	0.000000	
111.050000	-45.727109	-62.392646	0.000000	
111.100000	-45.683580	-62.408183	0.000000	
111.150000	-45.640049	-62.423708	0.000000	
111.200000	-45.596516	-62.439243	0.000000	
111.250000	-45.552980	-62.454805	0.000000	
111.300000	-45.509442	-62.470379	0.000000	
111.350000	-45.465902	-62.485999	0.000000	
111.400000	-45.422358	-62.501670	0.000000	
111.450000	-45.378812	-62.517394	0.000000	
111.500000	-45.335262	-62.533195	0.000000	
111.550000	-45.291709	-62.549058	0.000000	
111.600000	-45.248152	-62.565004	0.000000	
111.650000	-45.204592	-62.581035	0.000000	
111.700000	-45.161029	-62.597166	0.000000	
111.750000	-45.117462	-62.613395	0.000000	
111.800000	-45.073892	-62.629685	0.000000	
111.850000	-45.030319	-62.646074	0.000000	
111.900000	-44.986744	-62.662540	0.000000	
111.950000	-44.943165	-62.679096	0.000000	
112.000000	-44.899584	-62.695728	0.000000	
112.050000	-44.856000	-62.712455	0.000000	
112.100000	-44.812415	-62.729253	0.000000	
112.150000	-44.768828	-62.746067	0.000000	
112.200000	-44.725240	-62.762852	0.000000	
112.250000	-44.681655	-62.779559	0.000000	
112.300000	-44.638081	-62.796097	0.000000	
112.350000	-44.594525	-62.812403	0.000000	
112.400000	-44.551001	-62.828382	0.000000	
112.450000	-44.507534	-62.843926	0.000000	
112.500000	-44.467220	-62.850485	0.000000	
112.550000	-44.427004	-62.856462	0.000000	
112.600000	-44.386902	-62.861819	0.000000	
112.650000	-44.346930	-62.866504	0.000000	
112.700000	-44.307109	-62.870466	0.000000	
112.750000	-44.267461	-62.873644	0.000000	
112.800000	-44.228002	-62.876014	0.000000	
112.850000	-44.188720	-62.877611	0.000000	
112.900000	-44.149619	-62.878405	0.000000	
112.950000	-44.110702	-62.878401	0.000000	
113.000000	-44.071960	-62.877625	0.000000	
113.050000	-44.033382	-62.876088	0.000000	
113.100000	-43.994978	-62.873759	0.000000	
113.150000	-43.956740	-62.870659	0.000000	
113.200000	-43.918672	-62.866806	0.000000	
113.250000	-43.880787	-62.862218	0.000000	
113.300000	-43.843079	-62.856960	0.000000	
113.350000	-43.805551	-62.851104	0.000000	
113.400000	-43.768201	-62.844697	0.000000	
113.450000	-43.731022	-62.837803	0.000000	
113.500000	-43.693999	-62.830509	0.000000	
113.550000	-43.657100	-62.822916	0.000000	
113.600000	-43.620312	-62.815066	0.000000	
113.650000	-43.583613	-62.807015	0.000000	
113.700000	-43.546995	-62.798790	0.000000	
113.750000	-43.510446	-62.790426	0.000000	
113.800000	-43.473951	-62.781953	0.000000	
113.850000	-43.437507	-62.773385	0.000000	
113.900000	-43.401129	-62.764692	0.000000	
113.950000	-43.364801	-62.755904	0.000000	
114.000000	-43.328522	-62.747020	0.000000	
114.050000	-43.292299	-62.738028	0.000000	
114.100000	-43.256142	-62.728908	0.000000	
114.150000	-43.220036	-62.719687	0.000000	
114.200000	-43.184002	-62.710327	0.000000	
114.250000	-43.148046	-62.700821	0.000000	
114.300000	-43.112163	-62.691179	0.000000	
114.350000	-43.076366	-62.681384	0.000000	
114.400000	-43.040647	-62.671449	0.000000	
114.450000	-43.004998	-62.661392	0.000000	
114.500000	-42.969415	-62.651219	0.000000	
114.550000	-42.933887	-62.640949	0.000000	
114.600000	-42.898420	-62.630574	0.000000	
114.650000	-42.863007	-62.620104	0.000000	
114.700000	-42.827645	-62.609542	0.000000	
114.750000	-42.792325	-62.598906	0.000000	
114.800000	-42.757045	-62.588199	0.000000	
114.850000	-42.721805	-62.577424	0.000000	
114.900000	-42.686588	-62.566608	0.000000	
114.950000	-42.651399	-62.555746	0.000000	
115.000000	-42.616264	-62.544793	0.000000	
115.050000	-42.581165	-62.533777	0.000000	
115.100000	-42.546120	-62.522674	0.000000	
115.150000	-42.511135	-62.511470	0.000000	
115.200000	-42.476222	-62.500148	0.000000	
115.250000	-42.441369	-62.488728	0.000000	
115.300000	-42.406560	-62.477235	0.000000	
115.350000	-42.371793	-62.465677	0.000000	
115.400000	-42.337060	-62.454066	0.000000	
115.450000	-42.302362	-62.442400	0.000000	
115.500000	-42.267710	-62.430664	0.000000	
115.550000	-42.233094	-62.418871	0.000000	
115.600000	-42.198523	-62.407008	0.000000	
115.650000	-42.163993	-62.395082	0.000000	
115.700000	-42.129494	-62.383107	0.000000	
115.750000	-42.095024	-62.371083	0.000000	
115.800000	-42.060578	-62.359021	0.000000	
115.850000	-42.026148	-62.346931	0.000000	
115.900000	-41.991727	-62.334826	0.000000	
115.950000	-41.957325	-62.322690	0.000000	
116.000000	-41.922939	-62.310527	0.000000	
116.050000	-41.888588	-62.298311	0.000000	
116.100000	-41.854328	-62.285965	0.000000	
116.150000	-41.820190	-62.273450	0.000000	
116.200000	-41.786224	-62.260712	0.000000	
116.250000	-41.752499	-62.247684	0.000000	
116.300000	-41.719078	-62.234307	0.000000	
116.350000	-41.686030	-62.220520	0.000000	
116.400000	-41.653432	-62.206269	0.000000	
116.450000	-41.621345	-62.191513	0.000000	
116.500000	-41.589831	-62.176220	0.000000	
116.550000	-41.558901	-62.160389	0.000000	
116.600000	-41.528611	-62.143984	0.000000	
116.650000	-41.498956	-62.127014	0.000000	
116.700000	-41.469964	-62.109458	0.000000	
116.750000	-41.441660	-62.091291	0.000000	
116.800000	-41.414037	-62.072508	0.000000	
116.850000	-41.387108	-62.053091	0.000000	
116.900000	-41.360859	-62.033051	0.000000	
116.950000	-41.335298	-62.012383	0.000000	
117.000000	-41.310412	-61.991099	0.000000	
117.050000	-41.286213	-61.969198	0.000000	
117.100000	-41.262669	-61.946727	0.000000	
117.150000	-41.239762	-61.923733	0.000000	
117.200000	-41.217458	-61.900265	0.000000	
117.250000	-41.195712	-61.876385	0.000000	
117.300000	-41.174440	-61.852173	0.000000	
117.350000	-41.153599	-61.827679	0.000000	
117.400000	-41.133150	-61.802946	0.000000	
117.450000	-41.113031	-61.778026	0.000000	
117.500000	-41.093161	-61.752971	0.000000	
117.550000	-41.073473	-61.727822	0.000000	
117.600000	-41.053938	-61.702594	0.000000	
117.650000	-41.034501	-61.677318	0.000000	
117.700000	-41.015154	-61.651997	0.000000	
117.750000	-40.995887	-61.626637	0.000000	
117.800000	-40.976678	-61.601249	0.000000	
117.850000	-40.957541	-61.575826	0.000000	
117.900000	-40.938463	-61.550373	0.000000	
117.950000	-40.919469	-61.524880	0.000000	
118.000000	-40.900571	-61.499340	0.000000	
118.050000	-40.881780	-61.473748	0.000000	
118.100000	-40.863054	-61.448125	0.000000	
118.150000	-40.844389	-61.422471	0.000000	
118.200000	-40.825768	-61.396796	0.000000	
118.250000	-40.807172	-61.371109	0.000000	
118.300000	-40.788586	-61.345416	0.000000	
118.350000	-40.770008	-61.319719	0.000000	
118.400000	-40.751424	-61.294025	0.000000	
118.450000	-40.732813	-61.268343	0.000000	
118.500000	-40.714174	-61.242672	0.000000	
118.550000	-40.695522	-61.217007	0.000000	
118.600000	-40.676859	-61.191347	0.000000	
118.650000	-40.658179	-61.165693	0.000000	
118.700000	-40.639464	-61.140055	0.000000	
118.750000	-40.620726	-61.114428	0.000000	
118.800000	-40.601950	-61.088817	0.000000	
118.850000	-40.583132	-61.063225	0.000000	
118.900000	-40.564284	-61.037647	0.000000	
118.950000	-40.545400	-61.012086	0.000000	
119.000000	-40.526462	-60.986550	0.000000	
119.050000	-40.507443	-60.961052	0.000000	
119.100000	-40.488333	-60.935597	0.000000	
119.150000	-40.469158	-60.910172	0.000000	
119.200000	-40.449935	-60.884770	0.000000	
119.250000	-40.430641	-60.859401	0.000000	
119.300000	-40.411263	-60.834074	0.000000	
119.350000	-40.391818	-60.808779	0.000000	
119.400000	-40.372336	-60.783502	0.000000	
119.450000	-40.352784	-60.758259	0.000000	
119.500000	-40.341600	-60.749792	0.000000	
119.550000	-40.330375	-60.741344	0.000000	
119.600000	-40.319104	-60.732918	0.000000	
119.650000	-40.307778	-60.724518	0.000000	
119.700000	-40.296407	-60.716138	0.000000	
119.750000	-40.285013	-60.707770	0.000000	
119.800000	-40.273585	-60.699419	0.000000	
119.850000	-40.262123	-60.691085	0.000000	
119.900000	-40.250635	-60.682763	0.000000	
119.950000	-40.239101	-60.674465	0.000000	
